Source,Interaction,Target
http://smpdb.ca/pathways/#CompoundReference/PW_C000723,abstraction:ReactsWith,http://smpdb.ca/pathways/#CompoundReference/PW_C000414
http://smpdb.ca/pathways/#CompoundReference/PW_C057934,abstraction:ReactsWith,http://smpdb.ca/pathways/#CompoundReference/PW_C001065
http://smpdb.ca/pathways/#CompoundReference/PW_C040034,abstraction:ReactsWith,http://smpdb.ca/pathways/#CompoundReference/PW_C001034
http://smpdb.ca/pathways/#CompoundReference/PW_C001420,abstraction:ReactsWith,http://smpdb.ca/pathways/#CompoundReference/PW_C001019
http://smpdb.ca/pathways/#CompoundReference/PW_C043847,abstraction:ReactsWith,http://smpdb.ca/pathways/#CompoundReference/PW_C001420
http://smpdb.ca/pathways/#CompoundReference/PW_C000164,abstraction:ReactsWith,http://smpdb.ca/pathways/#CompoundReference/PW_C000769
http://smpdb.ca/pathways/#CompoundReference/PW_C000986,abstraction:ReactsWith,http://smpdb.ca/pathways/#CompoundReference/PW_C000978
http://smpdb.ca/pathways/#CompoundReference/PW_C043034,abstraction:ReactsWith,http://smpdb.ca/pathways/#CompoundReference/PW_C044597
http://smpdb.ca/pathways/#CompoundReference/PW_C001214,abstraction:ReactsWith,http://smpdb.ca/pathways/#CompoundReference/PW_C000414
http://smpdb.ca/pathways/#CompoundReference/PW_C000146,abstraction:ReactsWith,http://smpdb.ca/pathways/#CompoundReference/PW_C000821
http://smpdb.ca/pathways/#CompoundReference/PW_C000105,abstraction:ReactsWith,http://smpdb.ca/pathways/#CompoundReference/PW_C040034
http://smpdb.ca/pathways/#CompoundReference/PW_C040060,abstraction:ReactsWith,http://smpdb.ca/pathways/#CompoundReference/PW_C001420
http://smpdb.ca/pathways/#CompoundReference/PW_C001952,abstraction:ReactsWith,http://smpdb.ca/pathways/#CompoundReference/PW_C001420
http://smpdb.ca/pathways/#CompoundReference/PW_C001846,abstraction:ReactsWith,http://smpdb.ca/pathways/#CompoundReference/PW_C000414
http://smpdb.ca/pathways/#CompoundReference/PW_C040597,abstraction:ReactsWith,http://smpdb.ca/pathways/#CompoundReference/PW_C040034
http://smpdb.ca/pathways/#CompoundReference/PW_C040445,abstraction:ReactsWith,http://smpdb.ca/pathways/#CompoundReference/PW_C000414
http://smpdb.ca/pathways/#CompoundReference/PW_C042948,abstraction:ReactsWith,http://smpdb.ca/pathways/#CompoundReference/PW_C001065
http://smpdb.ca/pathways/#CompoundReference/PW_C000180,abstraction:ReactsWith,http://smpdb.ca/pathways/#CompoundReference/PW_C000883
http://smpdb.ca/pathways/#CompoundReference/PW_C000259,abstraction:ReactsWith,http://smpdb.ca/pathways/#CompoundReference/PW_C000414
http://smpdb.ca/pathways/#CompoundReference/PW_C000184,abstraction:ReactsWith,http://smpdb.ca/pathways/#CompoundReference/PW_C000414
http://smpdb.ca/pathways/#CompoundReference/PW_C000198,abstraction:ReactsWith,http://smpdb.ca/pathways/#CompoundReference/PW_C001420
http://smpdb.ca/pathways/#CompoundReference/PW_C000746,abstraction:ReactsWith,http://smpdb.ca/pathways/#CompoundReference/PW_C040648
http://smpdb.ca/pathways/#CompoundReference/PW_C057915,abstraction:ReactsWith,http://smpdb.ca/pathways/#CompoundReference/PW_C001065
http://smpdb.ca/pathways/#CompoundReference/PW_C104727,abstraction:ReactsWith,http://smpdb.ca/pathways/#CompoundReference/PW_C001420
http://smpdb.ca/pathways/#CompoundReference/PW_C000143,abstraction:ReactsWith,http://smpdb.ca/pathways/#CompoundReference/PW_C002989
http://smpdb.ca/pathways/#CompoundReference/PW_C000146,abstraction:ReactsWith,http://smpdb.ca/pathways/#CompoundReference/PW_C041003
http://smpdb.ca/pathways/#CompoundReference/PW_C001026,abstraction:ReactsWith,http://smpdb.ca/pathways/#CompoundReference/PW_C040034
http://smpdb.ca/pathways/#CompoundReference/PW_C040034,abstraction:ReactsWith,http://smpdb.ca/pathways/#CompoundReference/PW_C007724
http://smpdb.ca/pathways/#GenericCompoundReference/99,abstraction:ReactsWith,http://smpdb.ca/pathways/#CompoundReference/PW_C001034
http://smpdb.ca/pathways/#CompoundReference/PW_C001032,abstraction:ReactsWith,http://smpdb.ca/pathways/#CompoundReference/PW_C040034
http://smpdb.ca/pathways/#CompoundReference/PW_C040034,abstraction:ReactsWith,http://smpdb.ca/pathways/#CompoundReference/PW_C043173
http://smpdb.ca/pathways/#CompoundReference/PW_C000038,abstraction:ReactsWith,http://smpdb.ca/pathways/#CompoundReference/PW_C000746
http://smpdb.ca/pathways/#CompoundReference/PW_C000019,abstraction:ReactsWith,http://smpdb.ca/pathways/#CompoundReference/PW_C000741
http://smpdb.ca/pathways/#CompoundReference/PW_C000019,abstraction:ReactsWith,http://smpdb.ca/pathways/#CompoundReference/PW_C000143
http://smpdb.ca/pathways/#GenericCompoundReference/231,abstraction:ReactsWith,http://smpdb.ca/pathways/#CompoundReference/PW_C001009
http://smpdb.ca/pathways/#CompoundReference/PW_C042759,abstraction:ReactsWith,http://smpdb.ca/pathways/#GenericCompoundReference/40
http://smpdb.ca/pathways/#CompoundReference/PW_C001309,abstraction:ReactsWith,http://smpdb.ca/pathways/#CompoundReference/PW_C000721
http://smpdb.ca/pathways/#CompoundReference/PW_C040982,abstraction:ReactsWith,http://smpdb.ca/pathways/#CompoundReference/PW_C040985
http://smpdb.ca/pathways/#CompoundReference/PW_C000927,abstraction:ReactsWith,http://smpdb.ca/pathways/#CompoundReference/PW_C001034
http://smpdb.ca/pathways/#CompoundReference/PW_C000448,abstraction:ReactsWith,http://smpdb.ca/pathways/#GenericCompoundReference/237
http://smpdb.ca/pathways/#CompoundReference/PW_C000193,abstraction:ReactsWith,http://smpdb.ca/pathways/#CompoundReference/PW_C001420
http://smpdb.ca/pathways/#CompoundReference/PW_C001065,abstraction:ReactsWith,http://smpdb.ca/pathways/#CompoundReference/PW_C000204
http://smpdb.ca/pathways/#CompoundReference/PW_C000080,abstraction:ReactsWith,http://smpdb.ca/pathways/#CompoundReference/PW_C040627
http://smpdb.ca/pathways/#CompoundReference/PW_C001399,abstraction:ReactsWith,http://smpdb.ca/pathways/#CompoundReference/PW_C000176
http://smpdb.ca/pathways/#CompoundReference/PW_C000414,abstraction:ReactsWith,http://smpdb.ca/pathways/#CompoundReference/PW_C040744
http://smpdb.ca/pathways/#CompoundReference/PW_C000721,abstraction:ReactsWith,http://smpdb.ca/pathways/#CompoundReference/PW_C000967
http://smpdb.ca/pathways/#CompoundReference/PW_C000154,abstraction:ReactsWith,http://smpdb.ca/pathways/#CompoundReference/PW_C040034
http://smpdb.ca/pathways/#CompoundReference/PW_C000414,abstraction:ReactsWith,http://smpdb.ca/pathways/#CompoundReference/PW_C008951
http://smpdb.ca/pathways/#CompoundReference/PW_C001065,abstraction:ReactsWith,http://smpdb.ca/pathways/#CompoundReference/PW_C001216
http://smpdb.ca/pathways/#CompoundReference/PW_C001214,abstraction:ReactsWith,http://smpdb.ca/pathways/#CompoundReference/PW_C001420
http://smpdb.ca/pathways/#GenericCompoundReference/295,abstraction:ReactsWith,http://smpdb.ca/pathways/#CompoundReference/PW_C042663
http://smpdb.ca/pathways/#CompoundReference/PW_C000146,abstraction:ReactsWith,http://smpdb.ca/pathways/#CompoundReference/PW_C002704
http://smpdb.ca/pathways/#CompoundReference/PW_C000146,abstraction:ReactsWith,http://smpdb.ca/pathways/#CompoundReference/PW_C000824
http://smpdb.ca/pathways/#CompoundReference/PW_C000134,abstraction:ReactsWith,http://smpdb.ca/pathways/#GenericCompoundReference/102
http://smpdb.ca/pathways/#CompoundReference/PW_C001846,abstraction:ReactsWith,http://smpdb.ca/pathways/#CompoundReference/PW_C001420
http://smpdb.ca/pathways/#CompoundReference/PW_C001420,abstraction:ReactsWith,http://smpdb.ca/pathways/#CompoundReference/PW_C044560
http://smpdb.ca/pathways/#CompoundReference/PW_C001065,abstraction:ReactsWith,http://smpdb.ca/pathways/#CompoundReference/PW_C000273
http://smpdb.ca/pathways/#CompoundReference/PW_C000145,abstraction:ReactsWith,http://smpdb.ca/pathways/#CompoundReference/PW_C044594
http://smpdb.ca/pathways/#CompoundReference/PW_C012051,abstraction:ReactsWith,http://smpdb.ca/pathways/#CompoundReference/PW_C001065
http://smpdb.ca/pathways/#CompoundReference/PW_C000831,abstraction:ReactsWith,http://smpdb.ca/pathways/#CompoundReference/PW_C000143
http://smpdb.ca/pathways/#CompoundReference/PW_C001420,abstraction:ReactsWith,http://smpdb.ca/pathways/#CompoundReference/PW_C040034
http://smpdb.ca/pathways/#GenericCompoundReference/72,abstraction:ReactsWith,http://smpdb.ca/pathways/#CompoundReference/PW_C040034
http://smpdb.ca/pathways/#CompoundReference/PW_C041137,abstraction:ReactsWith,http://smpdb.ca/pathways/#CompoundReference/PW_C000921
http://smpdb.ca/pathways/#CompoundReference/PW_C040474,abstraction:ReactsWith,http://smpdb.ca/pathways/#CompoundReference/PW_C000746
http://smpdb.ca/pathways/#CompoundReference/PW_C000137,abstraction:ReactsWith,http://smpdb.ca/pathways/#GenericCompoundReference/142
http://smpdb.ca/pathways/#CompoundReference/PW_C001565,abstraction:ReactsWith,http://smpdb.ca/pathways/#CompoundReference/PW_C001420
http://smpdb.ca/pathways/#CompoundReference/PW_C002697,abstraction:ReactsWith,http://smpdb.ca/pathways/#CompoundReference/PW_C040034
http://smpdb.ca/pathways/#CompoundReference/PW_C002111,abstraction:ReactsWith,http://smpdb.ca/pathways/#CompoundReference/PW_C002151
http://smpdb.ca/pathways/#GenericCompoundReference/559,abstraction:ReactsWith,http://smpdb.ca/pathways/#CompoundReference/PW_C000921
http://smpdb.ca/pathways/#CompoundReference/PW_C001420,abstraction:ReactsWith,http://smpdb.ca/pathways/#CompoundReference/PW_C000023
http://smpdb.ca/pathways/#CompoundReference/PW_C007780,abstraction:ReactsWith,http://smpdb.ca/pathways/#CompoundReference/PW_C000721
http://smpdb.ca/pathways/#CompoundReference/PW_C008011,abstraction:ReactsWith,http://smpdb.ca/pathways/#CompoundReference/PW_C000414
http://smpdb.ca/pathways/#CompoundReference/PW_C043150,abstraction:ReactsWith,http://smpdb.ca/pathways/#CompoundReference/PW_C040736
http://smpdb.ca/pathways/#CompoundReference/PW_C001420,abstraction:ReactsWith,http://smpdb.ca/pathways/#CompoundReference/PW_C001148
http://smpdb.ca/pathways/#CompoundReference/PW_C057942,abstraction:ReactsWith,http://smpdb.ca/pathways/#CompoundReference/PW_C001065
http://smpdb.ca/pathways/#CompoundReference/PW_C000118,abstraction:ReactsWith,http://smpdb.ca/pathways/#CompoundReference/PW_C040034
http://smpdb.ca/pathways/#GenericCompoundReference/561,abstraction:ReactsWith,http://smpdb.ca/pathways/#CompoundReference/PW_C001316
http://smpdb.ca/pathways/#CompoundReference/PW_C007981,abstraction:ReactsWith,http://smpdb.ca/pathways/#CompoundReference/PW_C000721
http://smpdb.ca/pathways/#CompoundReference/PW_C000968,abstraction:ReactsWith,http://smpdb.ca/pathways/#CompoundReference/PW_C002926
http://smpdb.ca/pathways/#CompoundReference/PW_C044533,abstraction:ReactsWith,http://smpdb.ca/pathways/#CompoundReference/PW_C000143
http://smpdb.ca/pathways/#CompoundReference/PW_C040034,abstraction:ReactsWith,http://smpdb.ca/pathways/#CompoundReference/PW_C000831
http://smpdb.ca/pathways/#CompoundReference/PW_C001746,abstraction:ReactsWith,http://smpdb.ca/pathways/#CompoundReference/PW_C008509
http://smpdb.ca/pathways/#CompoundReference/PW_C003005,abstraction:ReactsWith,http://smpdb.ca/pathways/#CompoundReference/PW_C000414
http://smpdb.ca/pathways/#CompoundReference/PW_C000012,abstraction:ReactsWith,http://smpdb.ca/pathways/#CompoundReference/PW_C001420
http://smpdb.ca/pathways/#CompoundReference/PW_C001081,abstraction:ReactsWith,http://smpdb.ca/pathways/#CompoundReference/PW_C000048
http://smpdb.ca/pathways/#CompoundReference/PW_C002564,abstraction:ReactsWith,http://smpdb.ca/pathways/#CompoundReference/PW_C007837
http://smpdb.ca/pathways/#CompoundReference/PW_C001420,abstraction:ReactsWith,http://smpdb.ca/pathways/#CompoundReference/PW_C044529
http://smpdb.ca/pathways/#CompoundReference/PW_C044555,abstraction:ReactsWith,http://smpdb.ca/pathways/#CompoundReference/PW_C000146
http://smpdb.ca/pathways/#CompoundReference/PW_C000544,abstraction:ReactsWith,http://smpdb.ca/pathways/#CompoundReference/PW_C000994
http://smpdb.ca/pathways/#CompoundReference/PW_C001144,abstraction:ReactsWith,http://smpdb.ca/pathways/#CompoundReference/PW_C096950
http://smpdb.ca/pathways/#CompoundReference/PW_C001017,abstraction:ReactsWith,http://smpdb.ca/pathways/#CompoundReference/PW_C001420
http://smpdb.ca/pathways/#CompoundReference/PW_C000146,abstraction:ReactsWith,http://smpdb.ca/pathways/#CompoundReference/PW_C096925
http://smpdb.ca/pathways/#CompoundReference/PW_C002970,abstraction:ReactsWith,http://smpdb.ca/pathways/#CompoundReference/PW_C040034
http://smpdb.ca/pathways/#CompoundReference/PW_C000146,abstraction:ReactsWith,http://smpdb.ca/pathways/#CompoundReference/PW_C000094
http://smpdb.ca/pathways/#CompoundReference/PW_C040528,abstraction:ReactsWith,http://smpdb.ca/pathways/#CompoundReference/PW_C000721
http://smpdb.ca/pathways/#CompoundReference/PW_C000104,abstraction:ReactsWith,http://smpdb.ca/pathways/#CompoundReference/PW_C001065
http://smpdb.ca/pathways/#CompoundReference/PW_C007776,abstraction:ReactsWith,http://smpdb.ca/pathways/#CompoundReference/PW_C040034
http://smpdb.ca/pathways/#CompoundReference/PW_C040034,abstraction:ReactsWith,http://smpdb.ca/pathways/#CompoundReference/PW_C002763
http://smpdb.ca/pathways/#CompoundReference/PW_C001104,abstraction:ReactsWith,http://smpdb.ca/pathways/#CompoundReference/PW_C001106
http://smpdb.ca/pathways/#CompoundReference/PW_C000905,abstraction:ReactsWith,http://smpdb.ca/pathways/#CompoundReference/PW_C000080
http://smpdb.ca/pathways/#CompoundReference/PW_C040762,abstraction:ReactsWith,http://smpdb.ca/pathways/#CompoundReference/PW_C040034
http://smpdb.ca/pathways/#CompoundReference/PW_C000448,abstraction:ReactsWith,http://smpdb.ca/pathways/#CompoundReference/PW_C000095
http://smpdb.ca/pathways/#CompoundReference/PW_C008647,abstraction:ReactsWith,http://smpdb.ca/pathways/#CompoundReference/PW_C000746
http://smpdb.ca/pathways/#CompoundReference/PW_C001987,abstraction:ReactsWith,http://smpdb.ca/pathways/#CompoundReference/PW_C007739
http://smpdb.ca/pathways/#CompoundReference/PW_C001420,abstraction:ReactsWith,http://smpdb.ca/pathways/#GenericCompoundReference/235
http://smpdb.ca/pathways/#CompoundReference/PW_C000123,abstraction:ReactsWith,http://smpdb.ca/pathways/#CompoundReference/PW_C000414
http://smpdb.ca/pathways/#CompoundReference/PW_C042939,abstraction:ReactsWith,http://smpdb.ca/pathways/#CompoundReference/PW_C040034
http://smpdb.ca/pathways/#CompoundReference/PW_C001051,abstraction:ReactsWith,http://smpdb.ca/pathways/#CompoundReference/PW_C002371
http://smpdb.ca/pathways/#CompoundReference/PW_C007219,abstraction:ReactsWith,http://smpdb.ca/pathways/#CompoundReference/PW_C001420
http://smpdb.ca/pathways/#CompoundReference/PW_C040034,abstraction:ReactsWith,http://smpdb.ca/pathways/#GenericCompoundReference/217
http://smpdb.ca/pathways/#CompoundReference/PW_C002742,abstraction:ReactsWith,http://smpdb.ca/pathways/#GenericCompoundReference/69
http://smpdb.ca/pathways/#CompoundReference/PW_C001065,abstraction:ReactsWith,http://smpdb.ca/pathways/#CompoundReference/PW_C007243
http://smpdb.ca/pathways/#CompoundReference/PW_C040532,abstraction:ReactsWith,http://smpdb.ca/pathways/#CompoundReference/PW_C000721
http://smpdb.ca/pathways/#CompoundReference/PW_C001420,abstraction:ReactsWith,http://smpdb.ca/pathways/#CompoundReference/PW_C000002
http://smpdb.ca/pathways/#CompoundReference/PW_C000926,abstraction:ReactsWith,http://smpdb.ca/pathways/#CompoundReference/PW_C001144
http://smpdb.ca/pathways/#CompoundReference/PW_C000093,abstraction:ReactsWith,http://smpdb.ca/pathways/#CompoundReference/PW_C006717
http://smpdb.ca/pathways/#CompoundReference/PW_C001051,abstraction:ReactsWith,http://smpdb.ca/pathways/#CompoundReference/PW_C000974
http://smpdb.ca/pathways/#CompoundReference/PW_C001420,abstraction:ReactsWith,http://smpdb.ca/pathways/#CompoundReference/PW_C040458
http://smpdb.ca/pathways/#CompoundReference/PW_C001420,abstraction:ReactsWith,http://smpdb.ca/pathways/#CompoundReference/PW_C040477
http://smpdb.ca/pathways/#CompoundReference/PW_C000193,abstraction:ReactsWith,http://smpdb.ca/pathways/#CompoundReference/PW_C014812
http://smpdb.ca/pathways/#CompoundReference/PW_C000500,abstraction:ReactsWith,http://smpdb.ca/pathways/#CompoundReference/PW_C000479
http://smpdb.ca/pathways/#CompoundReference/PW_C001033,abstraction:ReactsWith,http://smpdb.ca/pathways/#CompoundReference/PW_C001420
http://smpdb.ca/pathways/#CompoundReference/PW_C000911,abstraction:ReactsWith,http://smpdb.ca/pathways/#CompoundReference/PW_C057954
http://smpdb.ca/pathways/#CompoundReference/PW_C001065,abstraction:ReactsWith,http://smpdb.ca/pathways/#CompoundReference/PW_C057891
http://smpdb.ca/pathways/#CompoundReference/PW_C000976,abstraction:ReactsWith,http://smpdb.ca/pathways/#CompoundReference/PW_C040034
http://smpdb.ca/pathways/#GenericCompoundReference/295,abstraction:ReactsWith,http://smpdb.ca/pathways/#CompoundReference/PW_C059092
http://smpdb.ca/pathways/#CompoundReference/PW_C002704,abstraction:ReactsWith,http://smpdb.ca/pathways/#CompoundReference/PW_C040034
http://smpdb.ca/pathways/#CompoundReference/PW_C001947,abstraction:ReactsWith,http://smpdb.ca/pathways/#CompoundReference/PW_C000721
http://smpdb.ca/pathways/#CompoundReference/PW_C001253,abstraction:ReactsWith,http://smpdb.ca/pathways/#CompoundReference/PW_C000146
http://smpdb.ca/pathways/#CompoundReference/PW_C001197,abstraction:ReactsWith,http://smpdb.ca/pathways/#CompoundReference/PW_C001065
http://smpdb.ca/pathways/#CompoundReference/PW_C001420,abstraction:ReactsWith,http://smpdb.ca/pathways/#CompoundReference/PW_C057933
http://smpdb.ca/pathways/#CompoundReference/PW_C000146,abstraction:ReactsWith,http://smpdb.ca/pathways/#CompoundReference/PW_C040566
http://smpdb.ca/pathways/#CompoundReference/PW_C000134,abstraction:ReactsWith,http://smpdb.ca/pathways/#CompoundReference/PW_C022608
http://smpdb.ca/pathways/#CompoundReference/PW_C001099,abstraction:ReactsWith,http://smpdb.ca/pathways/#GenericCompoundReference/114
http://smpdb.ca/pathways/#CompoundReference/PW_C040755,abstraction:ReactsWith,http://smpdb.ca/pathways/#CompoundReference/PW_C000414
http://smpdb.ca/pathways/#CompoundReference/PW_C001104,abstraction:ReactsWith,http://smpdb.ca/pathways/#CompoundReference/PW_C000940
http://smpdb.ca/pathways/#CompoundReference/PW_C044533,abstraction:ReactsWith,http://smpdb.ca/pathways/#CompoundReference/PW_C001420
http://smpdb.ca/pathways/#CompoundReference/PW_C040521,abstraction:ReactsWith,http://smpdb.ca/pathways/#CompoundReference/PW_C001065
http://smpdb.ca/pathways/#CompoundReference/PW_C002055,abstraction:ReactsWith,http://smpdb.ca/pathways/#CompoundReference/PW_C001420
http://smpdb.ca/pathways/#CompoundReference/PW_C002313,abstraction:ReactsWith,http://smpdb.ca/pathways/#CompoundReference/PW_C000193
http://smpdb.ca/pathways/#CompoundReference/PW_C000134,abstraction:ReactsWith,http://smpdb.ca/pathways/#CompoundReference/PW_C000448
http://smpdb.ca/pathways/#CompoundReference/PW_C000080,abstraction:ReactsWith,http://smpdb.ca/pathways/#CompoundReference/PW_C043312
http://smpdb.ca/pathways/#CompoundReference/PW_C000414,abstraction:ReactsWith,http://smpdb.ca/pathways/#CompoundReference/PW_C000077
http://smpdb.ca/pathways/#CompoundReference/PW_C008646,abstraction:ReactsWith,http://smpdb.ca/pathways/#CompoundReference/PW_C001420
http://smpdb.ca/pathways/#CompoundReference/PW_C009897,abstraction:ReactsWith,http://smpdb.ca/pathways/#CompoundReference/PW_C001065
http://smpdb.ca/pathways/#CompoundReference/PW_C000155,abstraction:ReactsWith,http://smpdb.ca/pathways/#CompoundReference/PW_C000057
http://smpdb.ca/pathways/#CompoundReference/PW_C001396,abstraction:ReactsWith,http://smpdb.ca/pathways/#CompoundReference/PW_C040034
http://smpdb.ca/pathways/#CompoundReference/PW_C000143,abstraction:ReactsWith,http://smpdb.ca/pathways/#CompoundReference/PW_C002703
http://smpdb.ca/pathways/#CompoundReference/PW_C002796,abstraction:ReactsWith,http://smpdb.ca/pathways/#CompoundReference/PW_C040034
http://smpdb.ca/pathways/#CompoundReference/PW_C000944,abstraction:ReactsWith,http://smpdb.ca/pathways/#CompoundReference/PW_C040034
http://smpdb.ca/pathways/#CompoundReference/PW_C040034,abstraction:ReactsWith,http://smpdb.ca/pathways/#CompoundReference/PW_C057928
http://smpdb.ca/pathways/#CompoundReference/PW_C001065,abstraction:ReactsWith,http://smpdb.ca/pathways/#CompoundReference/PW_C040614
http://smpdb.ca/pathways/#CompoundReference/PW_C000742,abstraction:ReactsWith,http://smpdb.ca/pathways/#CompoundReference/PW_C001144
http://smpdb.ca/pathways/#CompoundReference/PW_C000414,abstraction:ReactsWith,http://smpdb.ca/pathways/#CompoundReference/PW_C000190
http://smpdb.ca/pathways/#CompoundReference/PW_C001065,abstraction:ReactsWith,http://smpdb.ca/pathways/#CompoundReference/PW_C057890
http://smpdb.ca/pathways/#CompoundReference/PW_C040590,abstraction:ReactsWith,http://smpdb.ca/pathways/#CompoundReference/PW_C001144
http://smpdb.ca/pathways/#CompoundReference/PW_C040984,abstraction:ReactsWith,http://smpdb.ca/pathways/#CompoundReference/PW_C000057
http://smpdb.ca/pathways/#CompoundReference/PW_C000123,abstraction:ReactsWith,http://smpdb.ca/pathways/#CompoundReference/PW_C001420
http://smpdb.ca/pathways/#CompoundReference/PW_C000911,abstraction:ReactsWith,http://smpdb.ca/pathways/#CompoundReference/PW_C000146
http://smpdb.ca/pathways/#CompoundReference/PW_C000146,abstraction:ReactsWith,http://smpdb.ca/pathways/#CompoundReference/PW_C002907
http://smpdb.ca/pathways/#CompoundReference/PW_C041173,abstraction:ReactsWith,http://smpdb.ca/pathways/#CompoundReference/PW_C001420
http://smpdb.ca/pathways/#GenericCompoundReference/302,abstraction:ReactsWith,http://smpdb.ca/pathways/#CompoundReference/PW_C000959
http://smpdb.ca/pathways/#CompoundReference/PW_C001420,abstraction:ReactsWith,http://smpdb.ca/pathways/#CompoundReference/PW_C045262
http://smpdb.ca/pathways/#CompoundReference/PW_C000263,abstraction:ReactsWith,http://smpdb.ca/pathways/#CompoundReference/PW_C000721
http://smpdb.ca/pathways/#CompoundReference/PW_C040962,abstraction:ReactsWith,http://smpdb.ca/pathways/#CompoundReference/PW_C001420
http://smpdb.ca/pathways/#CompoundReference/PW_C000830,abstraction:ReactsWith,http://smpdb.ca/pathways/#CompoundReference/PW_C007678
http://smpdb.ca/pathways/#CompoundReference/PW_C001420,abstraction:ReactsWith,http://smpdb.ca/pathways/#CompoundReference/PW_C040505
http://smpdb.ca/pathways/#CompoundReference/PW_C000080,abstraction:ReactsWith,http://smpdb.ca/pathways/#CompoundReference/PW_C000448
http://smpdb.ca/pathways/#CompoundReference/PW_C040034,abstraction:ReactsWith,http://smpdb.ca/pathways/#CompoundReference/PW_C041126
http://smpdb.ca/pathways/#CompoundReference/PW_C001420,abstraction:ReactsWith,http://smpdb.ca/pathways/#CompoundReference/PW_C002082
http://smpdb.ca/pathways/#GenericCompoundReference/86,abstraction:ReactsWith,http://smpdb.ca/pathways/#CompoundReference/PW_C000366
http://smpdb.ca/pathways/#CompoundReference/PW_C104736,abstraction:ReactsWith,http://smpdb.ca/pathways/#CompoundReference/PW_C001420
http://smpdb.ca/pathways/#CompoundReference/PW_C001223,abstraction:ReactsWith,http://smpdb.ca/pathways/#CompoundReference/PW_C001144
http://smpdb.ca/pathways/#CompoundReference/PW_C001144,abstraction:ReactsWith,http://smpdb.ca/pathways/#CompoundReference/PW_C000437
http://smpdb.ca/pathways/#CompoundReference/PW_C000063,abstraction:ReactsWith,http://smpdb.ca/pathways/#CompoundReference/PW_C000414
http://smpdb.ca/pathways/#CompoundReference/PW_C002722,abstraction:ReactsWith,http://smpdb.ca/pathways/#CompoundReference/PW_C000936
http://smpdb.ca/pathways/#CompoundReference/PW_C001420,abstraction:ReactsWith,http://smpdb.ca/pathways/#CompoundReference/PW_C000926
http://smpdb.ca/pathways/#CompoundReference/PW_C000791,abstraction:ReactsWith,http://smpdb.ca/pathways/#CompoundReference/PW_C000414
http://smpdb.ca/pathways/#CompoundReference/PW_C000146,abstraction:ReactsWith,http://smpdb.ca/pathways/#CompoundReference/PW_C001420
http://smpdb.ca/pathways/#CompoundReference/PW_C000414,abstraction:ReactsWith,http://smpdb.ca/pathways/#CompoundReference/PW_C000548
http://smpdb.ca/pathways/#CompoundReference/PW_C000414,abstraction:ReactsWith,http://smpdb.ca/pathways/#CompoundReference/PW_C001090
http://smpdb.ca/pathways/#GenericCompoundReference/318,abstraction:ReactsWith,http://smpdb.ca/pathways/#GenericCompoundReference/320
http://smpdb.ca/pathways/#CompoundReference/PW_C001420,abstraction:ReactsWith,http://smpdb.ca/pathways/#CompoundReference/PW_C000185
http://smpdb.ca/pathways/#CompoundReference/PW_C000862,abstraction:ReactsWith,http://smpdb.ca/pathways/#CompoundReference/PW_C040034
http://smpdb.ca/pathways/#CompoundReference/PW_C000146,abstraction:ReactsWith,http://smpdb.ca/pathways/#CompoundReference/PW_C007729
http://smpdb.ca/pathways/#CompoundReference/PW_C001065,abstraction:ReactsWith,http://smpdb.ca/pathways/#CompoundReference/PW_C000178
http://smpdb.ca/pathways/#CompoundReference/PW_C000165,abstraction:ReactsWith,http://smpdb.ca/pathways/#CompoundReference/PW_C000414
http://smpdb.ca/pathways/#CompoundReference/PW_C010915,abstraction:ReactsWith,http://smpdb.ca/pathways/#CompoundReference/PW_C000146
http://smpdb.ca/pathways/#CompoundReference/PW_C001316,abstraction:ReactsWith,http://smpdb.ca/pathways/#CompoundReference/PW_C001065
http://smpdb.ca/pathways/#CompoundReference/PW_C000921,abstraction:ReactsWith,http://smpdb.ca/pathways/#CompoundReference/PW_C002949
http://smpdb.ca/pathways/#CompoundReference/PW_C000190,abstraction:ReactsWith,http://smpdb.ca/pathways/#CompoundReference/PW_C000198
http://smpdb.ca/pathways/#CompoundReference/PW_C000412,abstraction:ReactsWith,http://smpdb.ca/pathways/#CompoundReference/PW_C000543
http://smpdb.ca/pathways/#CompoundReference/PW_C001079,abstraction:ReactsWith,http://smpdb.ca/pathways/#CompoundReference/PW_C000590
http://smpdb.ca/pathways/#CompoundReference/PW_C041662,abstraction:ReactsWith,http://smpdb.ca/pathways/#CompoundReference/PW_C040034
http://smpdb.ca/pathways/#GenericCompoundReference/40,abstraction:ReactsWith,http://smpdb.ca/pathways/#CompoundReference/PW_C042759
http://smpdb.ca/pathways/#CompoundReference/PW_C003007,abstraction:ReactsWith,http://smpdb.ca/pathways/#CompoundReference/PW_C001065
http://smpdb.ca/pathways/#CompoundReference/PW_C000414,abstraction:ReactsWith,http://smpdb.ca/pathways/#CompoundReference/PW_C000463
http://smpdb.ca/pathways/#CompoundReference/PW_C000414,abstraction:ReactsWith,http://smpdb.ca/pathways/#CompoundReference/PW_C000482
http://smpdb.ca/pathways/#CompoundReference/PW_C001190,abstraction:ReactsWith,http://smpdb.ca/pathways/#CompoundReference/PW_C001065
http://smpdb.ca/pathways/#CompoundReference/PW_C001063,abstraction:ReactsWith,http://smpdb.ca/pathways/#CompoundReference/PW_C040034
http://smpdb.ca/pathways/#CompoundReference/PW_C001065,abstraction:ReactsWith,http://smpdb.ca/pathways/#CompoundReference/PW_C001951
http://smpdb.ca/pathways/#CompoundReference/PW_C000175,abstraction:ReactsWith,http://smpdb.ca/pathways/#CompoundReference/PW_C001065
http://smpdb.ca/pathways/#CompoundReference/PW_C001134,abstraction:ReactsWith,http://smpdb.ca/pathways/#CompoundReference/PW_C002111
http://smpdb.ca/pathways/#CompoundReference/PW_C041213,abstraction:ReactsWith,http://smpdb.ca/pathways/#CompoundReference/PW_C000143
http://smpdb.ca/pathways/#CompoundReference/PW_C043034,abstraction:ReactsWith,http://smpdb.ca/pathways/#GenericCompoundReference/295
http://smpdb.ca/pathways/#CompoundReference/PW_C001420,abstraction:ReactsWith,http://smpdb.ca/pathways/#CompoundReference/PW_C001511
http://smpdb.ca/pathways/#CompoundReference/PW_C000263,abstraction:ReactsWith,http://smpdb.ca/pathways/#CompoundReference/PW_C001065
http://smpdb.ca/pathways/#CompoundReference/PW_C000538,abstraction:ReactsWith,http://smpdb.ca/pathways/#CompoundReference/PW_C001065
http://smpdb.ca/pathways/#CompoundReference/PW_C000079,abstraction:ReactsWith,http://smpdb.ca/pathways/#CompoundReference/PW_C000869
http://smpdb.ca/pathways/#CompoundReference/PW_C040606,abstraction:ReactsWith,http://smpdb.ca/pathways/#CompoundReference/PW_C000414
http://smpdb.ca/pathways/#CompoundReference/PW_C000134,abstraction:ReactsWith,http://smpdb.ca/pathways/#CompoundReference/PW_C057891
http://smpdb.ca/pathways/#CompoundReference/PW_C001106,abstraction:ReactsWith,http://smpdb.ca/pathways/#CompoundReference/PW_C001104
http://smpdb.ca/pathways/#CompoundReference/PW_C001420,abstraction:ReactsWith,http://smpdb.ca/pathways/#CompoundReference/PW_C000067
http://smpdb.ca/pathways/#CompoundReference/PW_C001420,abstraction:ReactsWith,http://smpdb.ca/pathways/#CompoundReference/PW_C000198
http://smpdb.ca/pathways/#CompoundReference/PW_C002907,abstraction:ReactsWith,http://smpdb.ca/pathways/#CompoundReference/PW_C000146
http://smpdb.ca/pathways/#CompoundReference/PW_C000149,abstraction:ReactsWith,http://smpdb.ca/pathways/#CompoundReference/PW_C040034
http://smpdb.ca/pathways/#CompoundReference/PW_C000721,abstraction:ReactsWith,http://smpdb.ca/pathways/#CompoundReference/PW_C000784
http://smpdb.ca/pathways/#CompoundReference/PW_C000414,abstraction:ReactsWith,http://smpdb.ca/pathways/#CompoundReference/PW_C000412
http://smpdb.ca/pathways/#CompoundReference/PW_C044557,abstraction:ReactsWith,http://smpdb.ca/pathways/#CompoundReference/PW_C001077
http://smpdb.ca/pathways/#CompoundReference/PW_C000146,abstraction:ReactsWith,http://smpdb.ca/pathways/#CompoundReference/PW_C000768
http://smpdb.ca/pathways/#CompoundReference/PW_C000146,abstraction:ReactsWith,http://smpdb.ca/pathways/#CompoundReference/PW_C009432
http://smpdb.ca/pathways/#CompoundReference/PW_C002683,abstraction:ReactsWith,http://smpdb.ca/pathways/#CompoundReference/PW_C000721
http://smpdb.ca/pathways/#CompoundReference/PW_C040297,abstraction:ReactsWith,http://smpdb.ca/pathways/#CompoundReference/PW_C000414
http://smpdb.ca/pathways/#GenericCompoundReference/299,abstraction:ReactsWith,http://smpdb.ca/pathways/#CompoundReference/PW_C040034
http://smpdb.ca/pathways/#CompoundReference/PW_C001065,abstraction:ReactsWith,http://smpdb.ca/pathways/#CompoundReference/PW_C045257
http://smpdb.ca/pathways/#CompoundReference/PW_C104714,abstraction:ReactsWith,http://smpdb.ca/pathways/#GenericCompoundReference/553
http://smpdb.ca/pathways/#CompoundReference/PW_C043169,abstraction:ReactsWith,http://smpdb.ca/pathways/#CompoundReference/PW_C040034
http://smpdb.ca/pathways/#CompoundReference/PW_C000966,abstraction:ReactsWith,http://smpdb.ca/pathways/#GenericCompoundReference/302
http://smpdb.ca/pathways/#CompoundReference/PW_C001178,abstraction:ReactsWith,http://smpdb.ca/pathways/#CompoundReference/PW_C000143
http://smpdb.ca/pathways/#CompoundReference/PW_C000721,abstraction:ReactsWith,http://smpdb.ca/pathways/#CompoundReference/PW_C000991
http://smpdb.ca/pathways/#CompoundReference/PW_C040504,abstraction:ReactsWith,http://smpdb.ca/pathways/#CompoundReference/PW_C000414
http://smpdb.ca/pathways/#CompoundReference/PW_C001420,abstraction:ReactsWith,http://smpdb.ca/pathways/#CompoundReference/PW_C045277
http://smpdb.ca/pathways/#CompoundReference/PW_C041031,abstraction:ReactsWith,http://smpdb.ca/pathways/#CompoundReference/PW_C001420
http://smpdb.ca/pathways/#CompoundReference/PW_C000146,abstraction:ReactsWith,http://smpdb.ca/pathways/#CompoundReference/PW_C041674
http://smpdb.ca/pathways/#CompoundReference/PW_C000075,abstraction:ReactsWith,http://smpdb.ca/pathways/#CompoundReference/PW_C000105
http://smpdb.ca/pathways/#CompoundReference/PW_C001420,abstraction:ReactsWith,http://smpdb.ca/pathways/#CompoundReference/PW_C000127
http://smpdb.ca/pathways/#CompoundReference/PW_C007699,abstraction:ReactsWith,http://smpdb.ca/pathways/#CompoundReference/PW_C040034
http://smpdb.ca/pathways/#CompoundReference/PW_C040034,abstraction:ReactsWith,http://smpdb.ca/pathways/#CompoundReference/PW_C007706
http://smpdb.ca/pathways/#CompoundReference/PW_C040034,abstraction:ReactsWith,http://smpdb.ca/pathways/#CompoundReference/PW_C002111
http://smpdb.ca/pathways/#CompoundReference/PW_C000134,abstraction:ReactsWith,http://smpdb.ca/pathways/#CompoundReference/PW_C057890
http://smpdb.ca/pathways/#CompoundReference/PW_C000396,abstraction:ReactsWith,http://smpdb.ca/pathways/#CompoundReference/PW_C000808
http://smpdb.ca/pathways/#CompoundReference/PW_C002926,abstraction:ReactsWith,http://smpdb.ca/pathways/#CompoundReference/PW_C002040
http://smpdb.ca/pathways/#CompoundReference/PW_C040034,abstraction:ReactsWith,http://smpdb.ca/pathways/#CompoundReference/PW_C040974
http://smpdb.ca/pathways/#CompoundReference/PW_C001065,abstraction:ReactsWith,http://smpdb.ca/pathways/#CompoundReference/PW_C010760
http://smpdb.ca/pathways/#CompoundReference/PW_C000414,abstraction:ReactsWith,http://smpdb.ca/pathways/#CompoundReference/PW_C000063
http://smpdb.ca/pathways/#CompoundReference/PW_C040034,abstraction:ReactsWith,http://smpdb.ca/pathways/#CompoundReference/PW_C044576
http://smpdb.ca/pathways/#CompoundReference/PW_C008134,abstraction:ReactsWith,http://smpdb.ca/pathways/#CompoundReference/PW_C000184
http://smpdb.ca/pathways/#CompoundReference/PW_C000143,abstraction:ReactsWith,http://smpdb.ca/pathways/#CompoundReference/PW_C000861
http://smpdb.ca/pathways/#CompoundReference/PW_C001065,abstraction:ReactsWith,http://smpdb.ca/pathways/#CompoundReference/PW_C000002
http://smpdb.ca/pathways/#CompoundReference/PW_C040034,abstraction:ReactsWith,http://smpdb.ca/pathways/#CompoundReference/PW_C000057
http://smpdb.ca/pathways/#GenericCompoundReference/228,abstraction:ReactsWith,http://smpdb.ca/pathways/#CompoundReference/PW_C000414
http://smpdb.ca/pathways/#CompoundReference/PW_C000187,abstraction:ReactsWith,http://smpdb.ca/pathways/#CompoundReference/PW_C000414
http://smpdb.ca/pathways/#CompoundReference/PW_C000095,abstraction:ReactsWith,http://smpdb.ca/pathways/#CompoundReference/PW_C000170
http://smpdb.ca/pathways/#CompoundReference/PW_C009058,abstraction:ReactsWith,http://smpdb.ca/pathways/#CompoundReference/PW_C001144
http://smpdb.ca/pathways/#CompoundReference/PW_C041033,abstraction:ReactsWith,http://smpdb.ca/pathways/#CompoundReference/PW_C000517
http://smpdb.ca/pathways/#CompoundReference/PW_C007819,abstraction:ReactsWith,http://smpdb.ca/pathways/#CompoundReference/PW_C000500
http://smpdb.ca/pathways/#CompoundReference/PW_C001724,abstraction:ReactsWith,http://smpdb.ca/pathways/#GenericCompoundReference/218
http://smpdb.ca/pathways/#CompoundReference/PW_C000414,abstraction:ReactsWith,http://smpdb.ca/pathways/#CompoundReference/PW_C000095
http://smpdb.ca/pathways/#CompoundReference/PW_C000639,abstraction:ReactsWith,http://smpdb.ca/pathways/#CompoundReference/PW_C001099
http://smpdb.ca/pathways/#CompoundReference/PW_C001065,abstraction:ReactsWith,http://smpdb.ca/pathways/#CompoundReference/PW_C001414
http://smpdb.ca/pathways/#CompoundReference/PW_C002771,abstraction:ReactsWith,http://smpdb.ca/pathways/#CompoundReference/PW_C000095
http://smpdb.ca/pathways/#CompoundReference/PW_C000746,abstraction:ReactsWith,http://smpdb.ca/pathways/#CompoundReference/PW_C040590
http://smpdb.ca/pathways/#CompoundReference/PW_C040606,abstraction:ReactsWith,http://smpdb.ca/pathways/#CompoundReference/PW_C001420
http://smpdb.ca/pathways/#CompoundReference/PW_C001065,abstraction:ReactsWith,http://smpdb.ca/pathways/#CompoundReference/PW_C001632
http://smpdb.ca/pathways/#CompoundReference/PW_C001099,abstraction:ReactsWith,http://smpdb.ca/pathways/#CompoundReference/PW_C041016
http://smpdb.ca/pathways/#CompoundReference/PW_C000092,abstraction:ReactsWith,http://smpdb.ca/pathways/#CompoundReference/PW_C041100
http://smpdb.ca/pathways/#GenericCompoundReference/545,abstraction:ReactsWith,http://smpdb.ca/pathways/#CompoundReference/PW_C000064
http://smpdb.ca/pathways/#CompoundReference/PW_C000146,abstraction:ReactsWith,http://smpdb.ca/pathways/#CompoundReference/PW_C041187
http://smpdb.ca/pathways/#CompoundReference/PW_C040034,abstraction:ReactsWith,http://smpdb.ca/pathways/#CompoundReference/PW_C040926
http://smpdb.ca/pathways/#CompoundReference/PW_C000886,abstraction:ReactsWith,http://smpdb.ca/pathways/#CompoundReference/PW_C040492
http://smpdb.ca/pathways/#CompoundReference/PW_C000721,abstraction:ReactsWith,http://smpdb.ca/pathways/#CompoundReference/PW_C000004
http://smpdb.ca/pathways/#CompoundReference/PW_C040297,abstraction:ReactsWith,http://smpdb.ca/pathways/#CompoundReference/PW_C001420
http://smpdb.ca/pathways/#CompoundReference/PW_C000071,abstraction:ReactsWith,http://smpdb.ca/pathways/#CompoundReference/PW_C000134
http://smpdb.ca/pathways/#CompoundReference/PW_C045275,abstraction:ReactsWith,http://smpdb.ca/pathways/#CompoundReference/PW_C000414
http://smpdb.ca/pathways/#CompoundReference/PW_C001022,abstraction:ReactsWith,http://smpdb.ca/pathways/#CompoundReference/PW_C001065
http://smpdb.ca/pathways/#CompoundReference/PW_C001680,abstraction:ReactsWith,http://smpdb.ca/pathways/#CompoundReference/PW_C001065
http://smpdb.ca/pathways/#CompoundReference/PW_C040034,abstraction:ReactsWith,http://smpdb.ca/pathways/#CompoundReference/PW_C044582
http://smpdb.ca/pathways/#CompoundReference/PW_C001420,abstraction:ReactsWith,http://smpdb.ca/pathways/#CompoundReference/PW_C040540
http://smpdb.ca/pathways/#CompoundReference/PW_C040941,abstraction:ReactsWith,http://smpdb.ca/pathways/#CompoundReference/PW_C000500
http://smpdb.ca/pathways/#CompoundReference/PW_C000590,abstraction:ReactsWith,http://smpdb.ca/pathways/#CompoundReference/PW_C040924
http://smpdb.ca/pathways/#CompoundReference/PW_C002010,abstraction:ReactsWith,http://smpdb.ca/pathways/#CompoundReference/PW_C040034
http://smpdb.ca/pathways/#CompoundReference/PW_C000180,abstraction:ReactsWith,http://smpdb.ca/pathways/#CompoundReference/PW_C001420
http://smpdb.ca/pathways/#CompoundReference/PW_C000721,abstraction:ReactsWith,http://smpdb.ca/pathways/#CompoundReference/PW_C001309
http://smpdb.ca/pathways/#CompoundReference/PW_C000091,abstraction:ReactsWith,http://smpdb.ca/pathways/#CompoundReference/PW_C001420
http://smpdb.ca/pathways/#CompoundReference/PW_C040504,abstraction:ReactsWith,http://smpdb.ca/pathways/#CompoundReference/PW_C001420
http://smpdb.ca/pathways/#CompoundReference/PW_C040034,abstraction:ReactsWith,http://smpdb.ca/pathways/#CompoundReference/PW_C001202
http://smpdb.ca/pathways/#CompoundReference/PW_C000078,abstraction:ReactsWith,http://smpdb.ca/pathways/#CompoundReference/PW_C000164
http://smpdb.ca/pathways/#CompoundReference/PW_C040763,abstraction:ReactsWith,http://smpdb.ca/pathways/#CompoundReference/PW_C040990
http://smpdb.ca/pathways/#CompoundReference/PW_C000414,abstraction:ReactsWith,http://smpdb.ca/pathways/#CompoundReference/PW_C040297
http://smpdb.ca/pathways/#CompoundReference/PW_C000146,abstraction:ReactsWith,http://smpdb.ca/pathways/#CompoundReference/PW_C042631
http://smpdb.ca/pathways/#CompoundReference/PW_C003018,abstraction:ReactsWith,http://smpdb.ca/pathways/#CompoundReference/PW_C040034
http://smpdb.ca/pathways/#GenericCompoundReference/84,abstraction:ReactsWith,http://smpdb.ca/pathways/#CompoundReference/PW_C000940
http://smpdb.ca/pathways/#CompoundReference/PW_C000134,abstraction:ReactsWith,http://smpdb.ca/pathways/#CompoundReference/PW_C040034
http://smpdb.ca/pathways/#CompoundReference/PW_C001420,abstraction:ReactsWith,http://smpdb.ca/pathways/#CompoundReference/PW_C002937
http://smpdb.ca/pathways/#CompoundReference/PW_C000017,abstraction:ReactsWith,http://smpdb.ca/pathways/#CompoundReference/PW_C001420
http://smpdb.ca/pathways/#CompoundReference/PW_C001213,abstraction:ReactsWith,http://smpdb.ca/pathways/#CompoundReference/PW_C001144
http://smpdb.ca/pathways/#CompoundReference/PW_C000500,abstraction:ReactsWith,http://smpdb.ca/pathways/#CompoundReference/PW_C000869
http://smpdb.ca/pathways/#CompoundReference/PW_C001178,abstraction:ReactsWith,http://smpdb.ca/pathways/#CompoundReference/PW_C001420
http://smpdb.ca/pathways/#CompoundReference/PW_C040034,abstraction:ReactsWith,http://smpdb.ca/pathways/#CompoundReference/PW_C041173
http://smpdb.ca/pathways/#CompoundReference/PW_C057896,abstraction:ReactsWith,http://smpdb.ca/pathways/#CompoundReference/PW_C000805
http://smpdb.ca/pathways/#CompoundReference/PW_C104779,abstraction:ReactsWith,http://smpdb.ca/pathways/#CompoundReference/PW_C040034
http://smpdb.ca/pathways/#CompoundReference/PW_C002587,abstraction:ReactsWith,http://smpdb.ca/pathways/#CompoundReference/PW_C000721
http://smpdb.ca/pathways/#CompoundReference/PW_C000143,abstraction:ReactsWith,http://smpdb.ca/pathways/#CompoundReference/PW_C000774
http://smpdb.ca/pathways/#CompoundReference/PW_C040973,abstraction:ReactsWith,http://smpdb.ca/pathways/#CompoundReference/PW_C000414
http://smpdb.ca/pathways/#CompoundReference/PW_C000134,abstraction:ReactsWith,http://smpdb.ca/pathways/#CompoundReference/PW_C000071
http://smpdb.ca/pathways/#CompoundReference/PW_C000721,abstraction:ReactsWith,http://smpdb.ca/pathways/#CompoundReference/PW_C000095
http://smpdb.ca/pathways/#CompoundReference/PW_C040482,abstraction:ReactsWith,http://smpdb.ca/pathways/#CompoundReference/PW_C001420
http://smpdb.ca/pathways/#CompoundReference/PW_C000414,abstraction:ReactsWith,http://smpdb.ca/pathways/#CompoundReference/PW_C000040
http://smpdb.ca/pathways/#CompoundReference/PW_C044579,abstraction:ReactsWith,http://smpdb.ca/pathways/#CompoundReference/PW_C040034
http://smpdb.ca/pathways/#GenericCompoundReference/561,abstraction:ReactsWith,http://smpdb.ca/pathways/#CompoundReference/PW_C001065
http://smpdb.ca/pathways/#CompoundReference/PW_C000084,abstraction:ReactsWith,http://smpdb.ca/pathways/#CompoundReference/PW_C001065
http://smpdb.ca/pathways/#CompoundReference/PW_C007216,abstraction:ReactsWith,http://smpdb.ca/pathways/#CompoundReference/PW_C001420
http://smpdb.ca/pathways/#CompoundReference/PW_C042920,abstraction:ReactsWith,http://smpdb.ca/pathways/#CompoundReference/PW_C001420
http://smpdb.ca/pathways/#CompoundReference/PW_C000543,abstraction:ReactsWith,http://smpdb.ca/pathways/#CompoundReference/PW_C000643
http://smpdb.ca/pathways/#GenericCompoundReference/73,abstraction:ReactsWith,http://smpdb.ca/pathways/#CompoundReference/PW_C001034
http://smpdb.ca/pathways/#CompoundReference/PW_C001065,abstraction:ReactsWith,http://smpdb.ca/pathways/#CompoundReference/PW_C000544
http://smpdb.ca/pathways/#CompoundReference/PW_C040474,abstraction:ReactsWith,http://smpdb.ca/pathways/#CompoundReference/PW_C000414
http://smpdb.ca/pathways/#CompoundReference/PW_C042654,abstraction:ReactsWith,http://smpdb.ca/pathways/#CompoundReference/PW_C042941
http://smpdb.ca/pathways/#CompoundReference/PW_C040741,abstraction:ReactsWith,http://smpdb.ca/pathways/#CompoundReference/PW_C040034
http://smpdb.ca/pathways/#CompoundReference/PW_C001065,abstraction:ReactsWith,http://smpdb.ca/pathways/#CompoundReference/PW_C000926
http://smpdb.ca/pathways/#CompoundReference/PW_C001178,abstraction:ReactsWith,http://smpdb.ca/pathways/#CompoundReference/PW_C000078
http://smpdb.ca/pathways/#CompoundReference/PW_C104699,abstraction:ReactsWith,http://smpdb.ca/pathways/#CompoundReference/PW_C040034
http://smpdb.ca/pathways/#GenericCompoundReference/97,abstraction:ReactsWith,http://smpdb.ca/pathways/#CompoundReference/PW_C042939
http://smpdb.ca/pathways/#CompoundReference/PW_C001065,abstraction:ReactsWith,http://smpdb.ca/pathways/#CompoundReference/PW_C040534
http://smpdb.ca/pathways/#CompoundReference/PW_C000080,abstraction:ReactsWith,http://smpdb.ca/pathways/#CompoundReference/PW_C040034
http://smpdb.ca/pathways/#CompoundReference/PW_C002709,abstraction:ReactsWith,http://smpdb.ca/pathways/#CompoundReference/PW_C000480
http://smpdb.ca/pathways/#CompoundReference/PW_C045275,abstraction:ReactsWith,http://smpdb.ca/pathways/#CompoundReference/PW_C001420
http://smpdb.ca/pathways/#CompoundReference/PW_C001850,abstraction:ReactsWith,http://smpdb.ca/pathways/#CompoundReference/PW_C001420
http://smpdb.ca/pathways/#CompoundReference/PW_C002578,abstraction:ReactsWith,http://smpdb.ca/pathways/#CompoundReference/PW_C040034
http://smpdb.ca/pathways/#CompoundReference/PW_C000123,abstraction:ReactsWith,http://smpdb.ca/pathways/#CompoundReference/PW_C000035
http://smpdb.ca/pathways/#CompoundReference/PW_C000146,abstraction:ReactsWith,http://smpdb.ca/pathways/#CompoundReference/PW_C001284
http://smpdb.ca/pathways/#CompoundReference/PW_C001144,abstraction:ReactsWith,http://smpdb.ca/pathways/#CompoundReference/PW_C000718
http://smpdb.ca/pathways/#CompoundReference/PW_C001065,abstraction:ReactsWith,http://smpdb.ca/pathways/#CompoundReference/PW_C000031
http://smpdb.ca/pathways/#GenericCompoundReference/316,abstraction:ReactsWith,http://smpdb.ca/pathways/#CompoundReference/PW_C000146
http://smpdb.ca/pathways/#CompoundReference/PW_C002936,abstraction:ReactsWith,http://smpdb.ca/pathways/#CompoundReference/PW_C000095
http://smpdb.ca/pathways/#CompoundReference/PW_C001420,abstraction:ReactsWith,http://smpdb.ca/pathways/#CompoundReference/PW_C007744
http://smpdb.ca/pathways/#CompoundReference/PW_C000180,abstraction:ReactsWith,http://smpdb.ca/pathways/#CompoundReference/PW_C007308
http://smpdb.ca/pathways/#CompoundReference/PW_C057893,abstraction:ReactsWith,http://smpdb.ca/pathways/#CompoundReference/PW_C000057
http://smpdb.ca/pathways/#CompoundReference/PW_C000746,abstraction:ReactsWith,http://smpdb.ca/pathways/#CompoundReference/PW_C009457
http://smpdb.ca/pathways/#CompoundReference/PW_C000863,abstraction:ReactsWith,http://smpdb.ca/pathways/#CompoundReference/PW_C041683
http://smpdb.ca/pathways/#GenericCompoundReference/114,abstraction:ReactsWith,http://smpdb.ca/pathways/#CompoundReference/PW_C000414
http://smpdb.ca/pathways/#CompoundReference/PW_C000921,abstraction:ReactsWith,http://smpdb.ca/pathways/#GenericCompoundReference/147
http://smpdb.ca/pathways/#CompoundReference/PW_C000414,abstraction:ReactsWith,http://smpdb.ca/pathways/#CompoundReference/PW_C044600
http://smpdb.ca/pathways/#CompoundReference/PW_C007296,abstraction:ReactsWith,http://smpdb.ca/pathways/#CompoundReference/PW_C000414
http://smpdb.ca/pathways/#CompoundReference/PW_C000151,abstraction:ReactsWith,http://smpdb.ca/pathways/#CompoundReference/PW_C000190
http://smpdb.ca/pathways/#CompoundReference/PW_C044589,abstraction:ReactsWith,http://smpdb.ca/pathways/#CompoundReference/PW_C000414
http://smpdb.ca/pathways/#CompoundReference/PW_C096936,abstraction:ReactsWith,http://smpdb.ca/pathways/#CompoundReference/PW_C001420
http://smpdb.ca/pathways/#CompoundReference/PW_C002747,abstraction:ReactsWith,http://smpdb.ca/pathways/#CompoundReference/PW_C040034
http://smpdb.ca/pathways/#CompoundReference/PW_C001065,abstraction:ReactsWith,http://smpdb.ca/pathways/#CompoundReference/PW_C001190
http://smpdb.ca/pathways/#CompoundReference/PW_C000969,abstraction:ReactsWith,http://smpdb.ca/pathways/#CompoundReference/PW_C000940
http://smpdb.ca/pathways/#CompoundReference/PW_C000134,abstraction:ReactsWith,http://smpdb.ca/pathways/#CompoundReference/PW_C010760
http://smpdb.ca/pathways/#CompoundReference/PW_C000146,abstraction:ReactsWith,http://smpdb.ca/pathways/#CompoundReference/PW_C000035
http://smpdb.ca/pathways/#GenericCompoundReference/231,abstraction:ReactsWith,http://smpdb.ca/pathways/#CompoundReference/PW_C000081
http://smpdb.ca/pathways/#CompoundReference/PW_C000414,abstraction:ReactsWith,http://smpdb.ca/pathways/#CompoundReference/PW_C000152
http://smpdb.ca/pathways/#CompoundReference/PW_C001916,abstraction:ReactsWith,http://smpdb.ca/pathways/#CompoundReference/PW_C000500
http://smpdb.ca/pathways/#CompoundReference/PW_C057890,abstraction:ReactsWith,http://smpdb.ca/pathways/#CompoundReference/PW_C001065
http://smpdb.ca/pathways/#CompoundReference/PW_C000009,abstraction:ReactsWith,http://smpdb.ca/pathways/#CompoundReference/PW_C001144
http://smpdb.ca/pathways/#CompoundReference/PW_C000846,abstraction:ReactsWith,http://smpdb.ca/pathways/#CompoundReference/PW_C001144
http://smpdb.ca/pathways/#CompoundReference/PW_C040474,abstraction:ReactsWith,http://smpdb.ca/pathways/#CompoundReference/PW_C001420
http://smpdb.ca/pathways/#CompoundReference/PW_C000080,abstraction:ReactsWith,http://smpdb.ca/pathways/#CompoundReference/PW_C000930
http://smpdb.ca/pathways/#CompoundReference/PW_C000721,abstraction:ReactsWith,http://smpdb.ca/pathways/#CompoundReference/PW_C002683
http://smpdb.ca/pathways/#CompoundReference/PW_C001998,abstraction:ReactsWith,http://smpdb.ca/pathways/#CompoundReference/PW_C000721
http://smpdb.ca/pathways/#CompoundReference/PW_C000414,abstraction:ReactsWith,http://smpdb.ca/pathways/#CompoundReference/PW_C001214
http://smpdb.ca/pathways/#CompoundReference/PW_C009594,abstraction:ReactsWith,http://smpdb.ca/pathways/#CompoundReference/PW_C000146
http://smpdb.ca/pathways/#CompoundReference/PW_C001420,abstraction:ReactsWith,http://smpdb.ca/pathways/#CompoundReference/PW_C102459
http://smpdb.ca/pathways/#CompoundReference/PW_C000120,abstraction:ReactsWith,http://smpdb.ca/pathways/#GenericCompoundReference/74
http://smpdb.ca/pathways/#CompoundReference/PW_C057916,abstraction:ReactsWith,http://smpdb.ca/pathways/#CompoundReference/PW_C000146
http://smpdb.ca/pathways/#CompoundReference/PW_C001420,abstraction:ReactsWith,http://smpdb.ca/pathways/#CompoundReference/PW_C057928
http://smpdb.ca/pathways/#CompoundReference/PW_C001858,abstraction:ReactsWith,http://smpdb.ca/pathways/#CompoundReference/PW_C001420
http://smpdb.ca/pathways/#CompoundReference/PW_C040034,abstraction:ReactsWith,http://smpdb.ca/pathways/#CompoundReference/PW_C000869
http://smpdb.ca/pathways/#GenericCompoundReference/302,abstraction:ReactsWith,http://smpdb.ca/pathways/#CompoundReference/PW_C104780
http://smpdb.ca/pathways/#CompoundReference/PW_C000015,abstraction:ReactsWith,http://smpdb.ca/pathways/#CompoundReference/PW_C001420
http://smpdb.ca/pathways/#CompoundReference/PW_C000120,abstraction:ReactsWith,http://smpdb.ca/pathways/#CompoundReference/PW_C040918
http://smpdb.ca/pathways/#CompoundReference/PW_C000921,abstraction:ReactsWith,http://smpdb.ca/pathways/#CompoundReference/PW_C040831
http://smpdb.ca/pathways/#CompoundReference/PW_C001065,abstraction:ReactsWith,http://smpdb.ca/pathways/#CompoundReference/PW_C040583
http://smpdb.ca/pathways/#CompoundReference/PW_C000094,abstraction:ReactsWith,http://smpdb.ca/pathways/#CompoundReference/PW_C000746
http://smpdb.ca/pathways/#CompoundReference/PW_C001065,abstraction:ReactsWith,http://smpdb.ca/pathways/#CompoundReference/PW_C007724
http://smpdb.ca/pathways/#CompoundReference/PW_C000936,abstraction:ReactsWith,http://smpdb.ca/pathways/#CompoundReference/PW_C040034
http://smpdb.ca/pathways/#CompoundReference/PW_C000414,abstraction:ReactsWith,http://smpdb.ca/pathways/#CompoundReference/PW_C044523
http://smpdb.ca/pathways/#CompoundReference/PW_C000414,abstraction:ReactsWith,http://smpdb.ca/pathways/#CompoundReference/PW_C000112
http://smpdb.ca/pathways/#CompoundReference/PW_C000540,abstraction:ReactsWith,http://smpdb.ca/pathways/#CompoundReference/PW_C000414
http://smpdb.ca/pathways/#CompoundReference/PW_C040705,abstraction:ReactsWith,http://smpdb.ca/pathways/#CompoundReference/PW_C000047
http://smpdb.ca/pathways/#CompoundReference/PW_C001420,abstraction:ReactsWith,http://smpdb.ca/pathways/#CompoundReference/PW_C000056
http://smpdb.ca/pathways/#CompoundReference/PW_C001420,abstraction:ReactsWith,http://smpdb.ca/pathways/#CompoundReference/PW_C041126
http://smpdb.ca/pathways/#CompoundReference/PW_C000120,abstraction:ReactsWith,http://smpdb.ca/pathways/#CompoundReference/PW_C000414
http://smpdb.ca/pathways/#CompoundReference/PW_C001032,abstraction:ReactsWith,http://smpdb.ca/pathways/#CompoundReference/PW_C001104
http://smpdb.ca/pathways/#CompoundReference/PW_C040034,abstraction:ReactsWith,http://smpdb.ca/pathways/#CompoundReference/PW_C042937
http://smpdb.ca/pathways/#CompoundReference/PW_C000414,abstraction:ReactsWith,http://smpdb.ca/pathways/#CompoundReference/PW_C001059
http://smpdb.ca/pathways/#CompoundReference/PW_C000911,abstraction:ReactsWith,http://smpdb.ca/pathways/#CompoundReference/PW_C096925
http://smpdb.ca/pathways/#CompoundReference/PW_C041181,abstraction:ReactsWith,http://smpdb.ca/pathways/#CompoundReference/PW_C001420
http://smpdb.ca/pathways/#CompoundReference/PW_C002792,abstraction:ReactsWith,http://smpdb.ca/pathways/#GenericCompoundReference/302
http://smpdb.ca/pathways/#CompoundReference/PW_C000146,abstraction:ReactsWith,http://smpdb.ca/pathways/#CompoundReference/PW_C008794
http://smpdb.ca/pathways/#CompoundReference/PW_C000721,abstraction:ReactsWith,http://smpdb.ca/pathways/#CompoundReference/PW_C000070
http://smpdb.ca/pathways/#CompoundReference/PW_C001201,abstraction:ReactsWith,http://smpdb.ca/pathways/#CompoundReference/PW_C003149
http://smpdb.ca/pathways/#CompoundReference/PW_C045274,abstraction:ReactsWith,http://smpdb.ca/pathways/#CompoundReference/PW_C000414
http://smpdb.ca/pathways/#CompoundReference/PW_C040995,abstraction:ReactsWith,http://smpdb.ca/pathways/#CompoundReference/PW_C000193
http://smpdb.ca/pathways/#CompoundReference/PW_C000094,abstraction:ReactsWith,http://smpdb.ca/pathways/#CompoundReference/PW_C001144
http://smpdb.ca/pathways/#CompoundReference/PW_C040830,abstraction:ReactsWith,http://smpdb.ca/pathways/#CompoundReference/PW_C000921
http://smpdb.ca/pathways/#CompoundReference/PW_C009457,abstraction:ReactsWith,http://smpdb.ca/pathways/#CompoundReference/PW_C000414
http://smpdb.ca/pathways/#CompoundReference/PW_C040937,abstraction:ReactsWith,http://smpdb.ca/pathways/#CompoundReference/PW_C000180
http://smpdb.ca/pathways/#CompoundReference/PW_C000799,abstraction:ReactsWith,http://smpdb.ca/pathways/#CompoundReference/PW_C001065
http://smpdb.ca/pathways/#CompoundReference/PW_C041003,abstraction:ReactsWith,http://smpdb.ca/pathways/#CompoundReference/PW_C040034
http://smpdb.ca/pathways/#CompoundReference/PW_C045273,abstraction:ReactsWith,http://smpdb.ca/pathways/#CompoundReference/PW_C000921
http://smpdb.ca/pathways/#CompoundReference/PW_C000105,abstraction:ReactsWith,http://smpdb.ca/pathways/#CompoundReference/PW_C012810
http://smpdb.ca/pathways/#CompoundReference/PW_C000170,abstraction:ReactsWith,http://smpdb.ca/pathways/#CompoundReference/PW_C001196
http://smpdb.ca/pathways/#CompoundReference/PW_C041220,abstraction:ReactsWith,http://smpdb.ca/pathways/#CompoundReference/PW_C000721
http://smpdb.ca/pathways/#GenericCompoundReference/302,abstraction:ReactsWith,http://smpdb.ca/pathways/#CompoundReference/PW_C104778
http://smpdb.ca/pathways/#CompoundReference/PW_C040034,abstraction:ReactsWith,http://smpdb.ca/pathways/#CompoundReference/PW_C044571
http://smpdb.ca/pathways/#CompoundReference/PW_C000414,abstraction:ReactsWith,http://smpdb.ca/pathways/#GenericCompoundReference/114
http://smpdb.ca/pathways/#CompoundReference/PW_C000103,abstraction:ReactsWith,http://smpdb.ca/pathways/#CompoundReference/PW_C001065
http://smpdb.ca/pathways/#CompoundReference/PW_C000143,abstraction:ReactsWith,http://smpdb.ca/pathways/#CompoundReference/PW_C001178
http://smpdb.ca/pathways/#CompoundReference/PW_C057894,abstraction:ReactsWith,http://smpdb.ca/pathways/#CompoundReference/PW_C000805
http://smpdb.ca/pathways/#CompoundReference/PW_C000414,abstraction:ReactsWith,http://smpdb.ca/pathways/#CompoundReference/PW_C000882
http://smpdb.ca/pathways/#CompoundReference/PW_C000146,abstraction:ReactsWith,http://smpdb.ca/pathways/#CompoundReference/PW_C000175
http://smpdb.ca/pathways/#CompoundReference/PW_C002012,abstraction:ReactsWith,http://smpdb.ca/pathways/#CompoundReference/PW_C040034
http://smpdb.ca/pathways/#CompoundReference/PW_C000044,abstraction:ReactsWith,http://smpdb.ca/pathways/#CompoundReference/PW_C000940
http://smpdb.ca/pathways/#CompoundReference/PW_C000047,abstraction:ReactsWith,http://smpdb.ca/pathways/#CompoundReference/PW_C001065
http://smpdb.ca/pathways/#CompoundReference/PW_C041432,abstraction:ReactsWith,http://smpdb.ca/pathways/#CompoundReference/PW_C000414
http://smpdb.ca/pathways/#CompoundReference/PW_C012810,abstraction:ReactsWith,http://smpdb.ca/pathways/#CompoundReference/PW_C000095
http://smpdb.ca/pathways/#GenericCompoundReference/230,abstraction:ReactsWith,http://smpdb.ca/pathways/#CompoundReference/PW_C040034
http://smpdb.ca/pathways/#CompoundReference/PW_C000808,abstraction:ReactsWith,http://smpdb.ca/pathways/#CompoundReference/PW_C000078
http://smpdb.ca/pathways/#CompoundReference/PW_C000540,abstraction:ReactsWith,http://smpdb.ca/pathways/#CompoundReference/PW_C001420
http://smpdb.ca/pathways/#CompoundReference/PW_C002965,abstraction:ReactsWith,http://smpdb.ca/pathways/#CompoundReference/PW_C040034
http://smpdb.ca/pathways/#CompoundReference/PW_C040034,abstraction:ReactsWith,http://smpdb.ca/pathways/#CompoundReference/PW_C042903
http://smpdb.ca/pathways/#CompoundReference/PW_C001210,abstraction:ReactsWith,http://smpdb.ca/pathways/#CompoundReference/PW_C000414
http://smpdb.ca/pathways/#CompoundReference/PW_C000008,abstraction:ReactsWith,http://smpdb.ca/pathways/#CompoundReference/PW_C000414
http://smpdb.ca/pathways/#CompoundReference/PW_C001099,abstraction:ReactsWith,http://smpdb.ca/pathways/#CompoundReference/PW_C041558
http://smpdb.ca/pathways/#CompoundReference/PW_C006758,abstraction:ReactsWith,http://smpdb.ca/pathways/#CompoundReference/PW_C041090
http://smpdb.ca/pathways/#CompoundReference/PW_C000054,abstraction:ReactsWith,http://smpdb.ca/pathways/#CompoundReference/PW_C000721
http://smpdb.ca/pathways/#CompoundReference/PW_C045274,abstraction:ReactsWith,http://smpdb.ca/pathways/#CompoundReference/PW_C001420
http://smpdb.ca/pathways/#CompoundReference/PW_C001031,abstraction:ReactsWith,http://smpdb.ca/pathways/#CompoundReference/PW_C000120
http://smpdb.ca/pathways/#CompoundReference/PW_C001221,abstraction:ReactsWith,http://smpdb.ca/pathways/#CompoundReference/PW_C000120
http://smpdb.ca/pathways/#CompoundReference/PW_C001420,abstraction:ReactsWith,http://smpdb.ca/pathways/#CompoundReference/PW_C001378
http://smpdb.ca/pathways/#CompoundReference/PW_C009457,abstraction:ReactsWith,http://smpdb.ca/pathways/#CompoundReference/PW_C001420
http://smpdb.ca/pathways/#GenericCompoundReference/237,abstraction:ReactsWith,http://smpdb.ca/pathways/#CompoundReference/PW_C002040
http://smpdb.ca/pathways/#CompoundReference/PW_C040034,abstraction:ReactsWith,http://smpdb.ca/pathways/#CompoundReference/PW_C001031
http://smpdb.ca/pathways/#CompoundReference/PW_C000414,abstraction:ReactsWith,http://smpdb.ca/pathways/#CompoundReference/PW_C003004
http://smpdb.ca/pathways/#CompoundReference/PW_C040034,abstraction:ReactsWith,http://smpdb.ca/pathways/#CompoundReference/PW_C002578
http://smpdb.ca/pathways/#CompoundReference/PW_C008740,abstraction:ReactsWith,http://smpdb.ca/pathways/#CompoundReference/PW_C001065
http://smpdb.ca/pathways/#CompoundReference/PW_C000146,abstraction:ReactsWith,http://smpdb.ca/pathways/#CompoundReference/PW_C001989
http://smpdb.ca/pathways/#CompoundReference/PW_C001420,abstraction:ReactsWith,http://smpdb.ca/pathways/#CompoundReference/PW_C009230
http://smpdb.ca/pathways/#CompoundReference/PW_C040994,abstraction:ReactsWith,http://smpdb.ca/pathways/#CompoundReference/PW_C000193
http://smpdb.ca/pathways/#CompoundReference/PW_C000790,abstraction:ReactsWith,http://smpdb.ca/pathways/#CompoundReference/PW_C040034
http://smpdb.ca/pathways/#CompoundReference/PW_C001420,abstraction:ReactsWith,http://smpdb.ca/pathways/#CompoundReference/PW_C006709
http://smpdb.ca/pathways/#CompoundReference/PW_C000046,abstraction:ReactsWith,http://smpdb.ca/pathways/#CompoundReference/PW_C000414
http://smpdb.ca/pathways/#CompoundReference/PW_C000681,abstraction:ReactsWith,http://smpdb.ca/pathways/#CompoundReference/PW_C000414
http://smpdb.ca/pathways/#CompoundReference/PW_C001065,abstraction:ReactsWith,http://smpdb.ca/pathways/#CompoundReference/PW_C001125
http://smpdb.ca/pathways/#CompoundReference/PW_C000146,abstraction:ReactsWith,http://smpdb.ca/pathways/#CompoundReference/PW_C017616
http://smpdb.ca/pathways/#CompoundReference/PW_C000940,abstraction:ReactsWith,http://smpdb.ca/pathways/#CompoundReference/PW_C000971
http://smpdb.ca/pathways/#CompoundReference/PW_C000884,abstraction:ReactsWith,http://smpdb.ca/pathways/#CompoundReference/PW_C001134
http://smpdb.ca/pathways/#CompoundReference/PW_C008731,abstraction:ReactsWith,http://smpdb.ca/pathways/#CompoundReference/PW_C000746
http://smpdb.ca/pathways/#CompoundReference/PW_C041432,abstraction:ReactsWith,http://smpdb.ca/pathways/#CompoundReference/PW_C001420
http://smpdb.ca/pathways/#CompoundReference/PW_C000940,abstraction:ReactsWith,http://smpdb.ca/pathways/#CompoundReference/PW_C000414
http://smpdb.ca/pathways/#CompoundReference/PW_C001415,abstraction:ReactsWith,http://smpdb.ca/pathways/#CompoundReference/PW_C000721
http://smpdb.ca/pathways/#CompoundReference/PW_C000146,abstraction:ReactsWith,http://smpdb.ca/pathways/#CompoundReference/PW_C020316
http://smpdb.ca/pathways/#CompoundReference/PW_C000143,abstraction:ReactsWith,http://smpdb.ca/pathways/#CompoundReference/PW_C001906
http://smpdb.ca/pathways/#CompoundReference/PW_C001420,abstraction:ReactsWith,http://smpdb.ca/pathways/#CompoundReference/PW_C000057
http://smpdb.ca/pathways/#CompoundReference/PW_C001420,abstraction:ReactsWith,http://smpdb.ca/pathways/#CompoundReference/PW_C057925
http://smpdb.ca/pathways/#CompoundReference/PW_C040034,abstraction:ReactsWith,http://smpdb.ca/pathways/#CompoundReference/PW_C014903
http://smpdb.ca/pathways/#CompoundReference/PW_C001420,abstraction:ReactsWith,http://smpdb.ca/pathways/#CompoundReference/PW_C000993
http://smpdb.ca/pathways/#CompoundReference/PW_C000164,abstraction:ReactsWith,http://smpdb.ca/pathways/#CompoundReference/PW_C001144
http://smpdb.ca/pathways/#CompoundReference/PW_C009558,abstraction:ReactsWith,http://smpdb.ca/pathways/#CompoundReference/PW_C001144
http://smpdb.ca/pathways/#GenericCompoundReference/82,abstraction:ReactsWith,http://smpdb.ca/pathways/#CompoundReference/PW_C000414
http://smpdb.ca/pathways/#CompoundReference/PW_C000008,abstraction:ReactsWith,http://smpdb.ca/pathways/#CompoundReference/PW_C001420
http://smpdb.ca/pathways/#CompoundReference/PW_C007795,abstraction:ReactsWith,http://smpdb.ca/pathways/#CompoundReference/PW_C040034
http://smpdb.ca/pathways/#CompoundReference/PW_C001966,abstraction:ReactsWith,http://smpdb.ca/pathways/#CompoundReference/PW_C001144
http://smpdb.ca/pathways/#CompoundReference/PW_C044559,abstraction:ReactsWith,http://smpdb.ca/pathways/#CompoundReference/PW_C000721
http://smpdb.ca/pathways/#CompoundReference/PW_C044607,abstraction:ReactsWith,http://smpdb.ca/pathways/#CompoundReference/PW_C007684
http://smpdb.ca/pathways/#CompoundReference/PW_C002943,abstraction:ReactsWith,http://smpdb.ca/pathways/#CompoundReference/PW_C000414
http://smpdb.ca/pathways/#CompoundReference/PW_C040763,abstraction:ReactsWith,http://smpdb.ca/pathways/#CompoundReference/PW_C040740
http://smpdb.ca/pathways/#CompoundReference/PW_C001959,abstraction:ReactsWith,http://smpdb.ca/pathways/#CompoundReference/PW_C000146
http://smpdb.ca/pathways/#CompoundReference/PW_C010666,abstraction:ReactsWith,http://smpdb.ca/pathways/#CompoundReference/PW_C000448
http://smpdb.ca/pathways/#CompoundReference/PW_C040700,abstraction:ReactsWith,http://smpdb.ca/pathways/#CompoundReference/PW_C000921
http://smpdb.ca/pathways/#GenericCompoundReference/336,abstraction:ReactsWith,http://smpdb.ca/pathways/#CompoundReference/PW_C000921
http://smpdb.ca/pathways/#CompoundReference/PW_C000886,abstraction:ReactsWith,http://smpdb.ca/pathways/#CompoundReference/PW_C006717
http://smpdb.ca/pathways/#CompoundReference/PW_C001827,abstraction:ReactsWith,http://smpdb.ca/pathways/#CompoundReference/PW_C010666
http://smpdb.ca/pathways/#CompoundReference/PW_C001420,abstraction:ReactsWith,http://smpdb.ca/pathways/#CompoundReference/PW_C000017
http://smpdb.ca/pathways/#CompoundReference/PW_C012708,abstraction:ReactsWith,http://smpdb.ca/pathways/#CompoundReference/PW_C040034
http://smpdb.ca/pathways/#CompoundReference/PW_C040034,abstraction:ReactsWith,http://smpdb.ca/pathways/#CompoundReference/PW_C002974
http://smpdb.ca/pathways/#CompoundReference/PW_C001420,abstraction:ReactsWith,http://smpdb.ca/pathways/#CompoundReference/PW_C001202
http://smpdb.ca/pathways/#CompoundReference/PW_C000146,abstraction:ReactsWith,http://smpdb.ca/pathways/#CompoundReference/PW_C040699
http://smpdb.ca/pathways/#CompoundReference/PW_C000366,abstraction:ReactsWith,http://smpdb.ca/pathways/#CompoundReference/PW_C000414
http://smpdb.ca/pathways/#CompoundReference/PW_C000721,abstraction:ReactsWith,http://smpdb.ca/pathways/#CompoundReference/PW_C002000
http://smpdb.ca/pathways/#CompoundReference/PW_C002041,abstraction:ReactsWith,http://smpdb.ca/pathways/#CompoundReference/PW_C000143
http://smpdb.ca/pathways/#CompoundReference/PW_C002048,abstraction:ReactsWith,http://smpdb.ca/pathways/#CompoundReference/PW_C000146
http://smpdb.ca/pathways/#CompoundReference/PW_C000414,abstraction:ReactsWith,http://smpdb.ca/pathways/#CompoundReference/PW_C006078
http://smpdb.ca/pathways/#CompoundReference/PW_C040034,abstraction:ReactsWith,http://smpdb.ca/pathways/#CompoundReference/PW_C041287
http://smpdb.ca/pathways/#CompoundReference/PW_C006760,abstraction:ReactsWith,http://smpdb.ca/pathways/#GenericCompoundReference/8
http://smpdb.ca/pathways/#CompoundReference/PW_C000414,abstraction:ReactsWith,http://smpdb.ca/pathways/#CompoundReference/PW_C000092
http://smpdb.ca/pathways/#CompoundReference/PW_C041129,abstraction:ReactsWith,http://smpdb.ca/pathways/#CompoundReference/PW_C006749
http://smpdb.ca/pathways/#CompoundReference/PW_C001144,abstraction:ReactsWith,http://smpdb.ca/pathways/#CompoundReference/PW_C001045
http://smpdb.ca/pathways/#CompoundReference/PW_C000414,abstraction:ReactsWith,http://smpdb.ca/pathways/#CompoundReference/PW_C001491
http://smpdb.ca/pathways/#CompoundReference/PW_C042609,abstraction:ReactsWith,http://smpdb.ca/pathways/#CompoundReference/PW_C040034
http://smpdb.ca/pathways/#CompoundReference/PW_C001457,abstraction:ReactsWith,http://smpdb.ca/pathways/#CompoundReference/PW_C040034
http://smpdb.ca/pathways/#CompoundReference/PW_C096950,abstraction:ReactsWith,http://smpdb.ca/pathways/#CompoundReference/PW_C000146
http://smpdb.ca/pathways/#CompoundReference/PW_C001420,abstraction:ReactsWith,http://smpdb.ca/pathways/#CompoundReference/PW_C041173
http://smpdb.ca/pathways/#CompoundReference/PW_C000681,abstraction:ReactsWith,http://smpdb.ca/pathways/#CompoundReference/PW_C001420
http://smpdb.ca/pathways/#CompoundReference/PW_C000143,abstraction:ReactsWith,http://smpdb.ca/pathways/#GenericCompoundReference/524
http://smpdb.ca/pathways/#CompoundReference/PW_C007706,abstraction:ReactsWith,http://smpdb.ca/pathways/#CompoundReference/PW_C040034
http://smpdb.ca/pathways/#CompoundReference/PW_C040034,abstraction:ReactsWith,http://smpdb.ca/pathways/#CompoundReference/PW_C041213
http://smpdb.ca/pathways/#CompoundReference/PW_C040034,abstraction:ReactsWith,http://smpdb.ca/pathways/#CompoundReference/PW_C057918
http://smpdb.ca/pathways/#CompoundReference/PW_C000143,abstraction:ReactsWith,http://smpdb.ca/pathways/#CompoundReference/PW_C043174
http://smpdb.ca/pathways/#CompoundReference/PW_C000977,abstraction:ReactsWith,http://smpdb.ca/pathways/#CompoundReference/PW_C001420
http://smpdb.ca/pathways/#CompoundReference/PW_C040083,abstraction:ReactsWith,http://smpdb.ca/pathways/#CompoundReference/PW_C001034
http://smpdb.ca/pathways/#CompoundReference/PW_C001065,abstraction:ReactsWith,http://smpdb.ca/pathways/#CompoundReference/PW_C001234
http://smpdb.ca/pathways/#CompoundReference/PW_C043020,abstraction:ReactsWith,http://smpdb.ca/pathways/#CompoundReference/PW_C040034
http://smpdb.ca/pathways/#CompoundReference/PW_C008621,abstraction:ReactsWith,http://smpdb.ca/pathways/#CompoundReference/PW_C000146
http://smpdb.ca/pathways/#CompoundReference/PW_C000940,abstraction:ReactsWith,http://smpdb.ca/pathways/#CompoundReference/PW_C001420
http://smpdb.ca/pathways/#CompoundReference/PW_C044567,abstraction:ReactsWith,http://smpdb.ca/pathways/#CompoundReference/PW_C001144
http://smpdb.ca/pathways/#CompoundReference/PW_C012012,abstraction:ReactsWith,http://smpdb.ca/pathways/#CompoundReference/PW_C001065
http://smpdb.ca/pathways/#CompoundReference/PW_C001967,abstraction:ReactsWith,http://smpdb.ca/pathways/#CompoundReference/PW_C040034
http://smpdb.ca/pathways/#CompoundReference/PW_C000018,abstraction:ReactsWith,http://smpdb.ca/pathways/#CompoundReference/PW_C001420
http://smpdb.ca/pathways/#CompoundReference/PW_C000738,abstraction:ReactsWith,http://smpdb.ca/pathways/#CompoundReference/PW_C041100
http://smpdb.ca/pathways/#CompoundReference/PW_C001065,abstraction:ReactsWith,http://smpdb.ca/pathways/#CompoundReference/PW_C000853
http://smpdb.ca/pathways/#CompoundReference/PW_C000921,abstraction:ReactsWith,http://smpdb.ca/pathways/#CompoundReference/PW_C040504
http://smpdb.ca/pathways/#CompoundReference/PW_C044593,abstraction:ReactsWith,http://smpdb.ca/pathways/#CompoundReference/PW_C000064
http://smpdb.ca/pathways/#CompoundReference/PW_C000146,abstraction:ReactsWith,http://smpdb.ca/pathways/#CompoundReference/PW_C000990
http://smpdb.ca/pathways/#CompoundReference/PW_C000414,abstraction:ReactsWith,http://smpdb.ca/pathways/#CompoundReference/PW_C000988
http://smpdb.ca/pathways/#CompoundReference/PW_C000041,abstraction:ReactsWith,http://smpdb.ca/pathways/#CompoundReference/PW_C001420
http://smpdb.ca/pathways/#CompoundReference/PW_C000196,abstraction:ReactsWith,http://smpdb.ca/pathways/#CompoundReference/PW_C042617
http://smpdb.ca/pathways/#CompoundReference/PW_C000045,abstraction:ReactsWith,http://smpdb.ca/pathways/#CompoundReference/PW_C040034
http://smpdb.ca/pathways/#CompoundReference/PW_C104778,abstraction:ReactsWith,http://smpdb.ca/pathways/#GenericCompoundReference/302
http://smpdb.ca/pathways/#CompoundReference/PW_C000846,abstraction:ReactsWith,http://smpdb.ca/pathways/#CompoundReference/PW_C000964
http://smpdb.ca/pathways/#CompoundReference/PW_C000868,abstraction:ReactsWith,http://smpdb.ca/pathways/#CompoundReference/PW_C000940
http://smpdb.ca/pathways/#CompoundReference/PW_C040034,abstraction:ReactsWith,http://smpdb.ca/pathways/#CompoundReference/PW_C040492
http://smpdb.ca/pathways/#CompoundReference/PW_C040034,abstraction:ReactsWith,http://smpdb.ca/pathways/#CompoundReference/PW_C057930
http://smpdb.ca/pathways/#CompoundReference/PW_C040918,abstraction:ReactsWith,http://smpdb.ca/pathways/#CompoundReference/PW_C000062
http://smpdb.ca/pathways/#CompoundReference/PW_C002965,abstraction:ReactsWith,http://smpdb.ca/pathways/#CompoundReference/PW_C000544
http://smpdb.ca/pathways/#CompoundReference/PW_C042903,abstraction:ReactsWith,http://smpdb.ca/pathways/#CompoundReference/PW_C040034
http://smpdb.ca/pathways/#CompoundReference/PW_C000414,abstraction:ReactsWith,http://smpdb.ca/pathways/#CompoundReference/PW_C040841
http://smpdb.ca/pathways/#CompoundReference/PW_C001034,abstraction:ReactsWith,http://smpdb.ca/pathways/#CompoundReference/PW_C040476
http://smpdb.ca/pathways/#CompoundReference/PW_C000774,abstraction:ReactsWith,http://smpdb.ca/pathways/#CompoundReference/PW_C041668
http://smpdb.ca/pathways/#CompoundReference/PW_C000861,abstraction:ReactsWith,http://smpdb.ca/pathways/#CompoundReference/PW_C000143
http://smpdb.ca/pathways/#CompoundReference/PW_C001420,abstraction:ReactsWith,http://smpdb.ca/pathways/#CompoundReference/PW_C006388
http://smpdb.ca/pathways/#CompoundReference/PW_C040034,abstraction:ReactsWith,http://smpdb.ca/pathways/#CompoundReference/PW_C000809
http://smpdb.ca/pathways/#CompoundReference/PW_C001420,abstraction:ReactsWith,http://smpdb.ca/pathways/#CompoundReference/PW_C000186
http://smpdb.ca/pathways/#CompoundReference/PW_C044588,abstraction:ReactsWith,http://smpdb.ca/pathways/#CompoundReference/PW_C044585
http://smpdb.ca/pathways/#CompoundReference/PW_C057945,abstraction:ReactsWith,http://smpdb.ca/pathways/#CompoundReference/PW_C000134
http://smpdb.ca/pathways/#CompoundReference/PW_C001420,abstraction:ReactsWith,http://smpdb.ca/pathways/#CompoundReference/PW_C001222
http://smpdb.ca/pathways/#GenericCompoundReference/97,abstraction:ReactsWith,http://smpdb.ca/pathways/#CompoundReference/PW_C001059
http://smpdb.ca/pathways/#CompoundReference/PW_C040534,abstraction:ReactsWith,http://smpdb.ca/pathways/#CompoundReference/PW_C001065
http://smpdb.ca/pathways/#CompoundReference/PW_C000885,abstraction:ReactsWith,http://smpdb.ca/pathways/#CompoundReference/PW_C040034
http://smpdb.ca/pathways/#CompoundReference/PW_C000003,abstraction:ReactsWith,http://smpdb.ca/pathways/#CompoundReference/PW_C001099
http://smpdb.ca/pathways/#CompoundReference/PW_C001144,abstraction:ReactsWith,http://smpdb.ca/pathways/#CompoundReference/PW_C041004
http://smpdb.ca/pathways/#CompoundReference/PW_C000035,abstraction:ReactsWith,http://smpdb.ca/pathways/#CompoundReference/PW_C001316
http://smpdb.ca/pathways/#CompoundReference/PW_C000414,abstraction:ReactsWith,http://smpdb.ca/pathways/#GenericCompoundReference/47
http://smpdb.ca/pathways/#CompoundReference/PW_C002775,abstraction:ReactsWith,http://smpdb.ca/pathways/#CompoundReference/PW_C040034
http://smpdb.ca/pathways/#CompoundReference/PW_C000057,abstraction:ReactsWith,http://smpdb.ca/pathways/#CompoundReference/PW_C042609
http://smpdb.ca/pathways/#CompoundReference/PW_C002041,abstraction:ReactsWith,http://smpdb.ca/pathways/#CompoundReference/PW_C001420
http://smpdb.ca/pathways/#CompoundReference/PW_C040034,abstraction:ReactsWith,http://smpdb.ca/pathways/#CompoundReference/PW_C000156
http://smpdb.ca/pathways/#CompoundReference/PW_C040477,abstraction:ReactsWith,http://smpdb.ca/pathways/#CompoundReference/PW_C000080
http://smpdb.ca/pathways/#CompoundReference/PW_C007160,abstraction:ReactsWith,http://smpdb.ca/pathways/#CompoundReference/PW_C001420
http://smpdb.ca/pathways/#CompoundReference/PW_C000052,abstraction:ReactsWith,http://smpdb.ca/pathways/#CompoundReference/PW_C000031
http://smpdb.ca/pathways/#CompoundReference/PW_C059085,abstraction:ReactsWith,http://smpdb.ca/pathways/#GenericCompoundReference/40
http://smpdb.ca/pathways/#CompoundReference/PW_C000146,abstraction:ReactsWith,http://smpdb.ca/pathways/#CompoundReference/PW_C000908
http://smpdb.ca/pathways/#CompoundReference/PW_C000986,abstraction:ReactsWith,http://smpdb.ca/pathways/#CompoundReference/PW_C042903
http://smpdb.ca/pathways/#CompoundReference/PW_C000040,abstraction:ReactsWith,http://smpdb.ca/pathways/#CompoundReference/PW_C040973
http://smpdb.ca/pathways/#CompoundReference/PW_C001216,abstraction:ReactsWith,http://smpdb.ca/pathways/#CompoundReference/PW_C040034
http://smpdb.ca/pathways/#GenericCompoundReference/323,abstraction:ReactsWith,http://smpdb.ca/pathways/#CompoundReference/PW_C000008
http://smpdb.ca/pathways/#CompoundReference/PW_C000921,abstraction:ReactsWith,http://smpdb.ca/pathways/#CompoundReference/PW_C009464
http://smpdb.ca/pathways/#CompoundReference/PW_C040034,abstraction:ReactsWith,http://smpdb.ca/pathways/#CompoundReference/PW_C003018
http://smpdb.ca/pathways/#CompoundReference/PW_C000146,abstraction:ReactsWith,http://smpdb.ca/pathways/#CompoundReference/PW_C001847
http://smpdb.ca/pathways/#CompoundReference/PW_C040034,abstraction:ReactsWith,http://smpdb.ca/pathways/#GenericCompoundReference/162
http://smpdb.ca/pathways/#CompoundReference/PW_C000967,abstraction:ReactsWith,http://smpdb.ca/pathways/#CompoundReference/PW_C001420
http://smpdb.ca/pathways/#CompoundReference/PW_C001420,abstraction:ReactsWith,http://smpdb.ca/pathways/#CompoundReference/PW_C044522
http://smpdb.ca/pathways/#CompoundReference/PW_C000661,abstraction:ReactsWith,http://smpdb.ca/pathways/#CompoundReference/PW_C001099
http://smpdb.ca/pathways/#GenericCompoundReference/532,abstraction:ReactsWith,http://smpdb.ca/pathways/#CompoundReference/PW_C001420
http://smpdb.ca/pathways/#CompoundReference/PW_C000875,abstraction:ReactsWith,http://smpdb.ca/pathways/#CompoundReference/PW_C000180
http://smpdb.ca/pathways/#CompoundReference/PW_C000921,abstraction:ReactsWith,http://smpdb.ca/pathways/#CompoundReference/PW_C002947
http://smpdb.ca/pathways/#CompoundReference/PW_C000086,abstraction:ReactsWith,http://smpdb.ca/pathways/#CompoundReference/PW_C001420
http://smpdb.ca/pathways/#CompoundReference/PW_C040034,abstraction:ReactsWith,http://smpdb.ca/pathways/#CompoundReference/PW_C041140
http://smpdb.ca/pathways/#CompoundReference/PW_C057930,abstraction:ReactsWith,http://smpdb.ca/pathways/#CompoundReference/PW_C001420
http://smpdb.ca/pathways/#CompoundReference/PW_C042898,abstraction:ReactsWith,http://smpdb.ca/pathways/#CompoundReference/PW_C000192
http://smpdb.ca/pathways/#CompoundReference/PW_C000972,abstraction:ReactsWith,http://smpdb.ca/pathways/#CompoundReference/PW_C000146
http://smpdb.ca/pathways/#CompoundReference/PW_C000789,abstraction:ReactsWith,http://smpdb.ca/pathways/#CompoundReference/PW_C000134
http://smpdb.ca/pathways/#GenericCompoundReference/103,abstraction:ReactsWith,http://smpdb.ca/pathways/#CompoundReference/PW_C000808
http://smpdb.ca/pathways/#GenericCompoundReference/86,abstraction:ReactsWith,http://smpdb.ca/pathways/#CompoundReference/PW_C000911
http://smpdb.ca/pathways/#CompoundReference/PW_C001099,abstraction:ReactsWith,http://smpdb.ca/pathways/#CompoundReference/PW_C001249
http://smpdb.ca/pathways/#CompoundReference/PW_C001420,abstraction:ReactsWith,http://smpdb.ca/pathways/#CompoundReference/PW_C102457
http://smpdb.ca/pathways/#CompoundReference/PW_C001951,abstraction:ReactsWith,http://smpdb.ca/pathways/#CompoundReference/PW_C040034
http://smpdb.ca/pathways/#CompoundReference/PW_C000035,abstraction:ReactsWith,http://smpdb.ca/pathways/#CompoundReference/PW_C000123
http://smpdb.ca/pathways/#CompoundReference/PW_C042937,abstraction:ReactsWith,http://smpdb.ca/pathways/#CompoundReference/PW_C001034
http://smpdb.ca/pathways/#CompoundReference/PW_C001161,abstraction:ReactsWith,http://smpdb.ca/pathways/#CompoundReference/PW_C000414
http://smpdb.ca/pathways/#CompoundReference/PW_C044544,abstraction:ReactsWith,http://smpdb.ca/pathways/#CompoundReference/PW_C000146
http://smpdb.ca/pathways/#CompoundReference/PW_C040034,abstraction:ReactsWith,http://smpdb.ca/pathways/#CompoundReference/PW_C000986
http://smpdb.ca/pathways/#CompoundReference/PW_C000064,abstraction:ReactsWith,http://smpdb.ca/pathways/#CompoundReference/PW_C001420
http://smpdb.ca/pathways/#CompoundReference/PW_C001065,abstraction:ReactsWith,http://smpdb.ca/pathways/#CompoundReference/PW_C044576
http://smpdb.ca/pathways/#CompoundReference/PW_C001065,abstraction:ReactsWith,http://smpdb.ca/pathways/#CompoundReference/PW_C002089
http://smpdb.ca/pathways/#CompoundReference/PW_C000921,abstraction:ReactsWith,http://smpdb.ca/pathways/#CompoundReference/PW_C000956
http://smpdb.ca/pathways/#CompoundReference/PW_C001420,abstraction:ReactsWith,http://smpdb.ca/pathways/#CompoundReference/PW_C007216
http://smpdb.ca/pathways/#CompoundReference/PW_C001081,abstraction:ReactsWith,http://smpdb.ca/pathways/#CompoundReference/PW_C001240
http://smpdb.ca/pathways/#CompoundReference/PW_C000414,abstraction:ReactsWith,http://smpdb.ca/pathways/#CompoundReference/PW_C000500
http://smpdb.ca/pathways/#CompoundReference/PW_C000146,abstraction:ReactsWith,http://smpdb.ca/pathways/#CompoundReference/PW_C000103
http://smpdb.ca/pathways/#CompoundReference/PW_C003059,abstraction:ReactsWith,http://smpdb.ca/pathways/#CompoundReference/PW_C043034
http://smpdb.ca/pathways/#CompoundReference/PW_C001077,abstraction:ReactsWith,http://smpdb.ca/pathways/#CompoundReference/PW_C057875
http://smpdb.ca/pathways/#CompoundReference/PW_C000143,abstraction:ReactsWith,http://smpdb.ca/pathways/#CompoundReference/PW_C002924
http://smpdb.ca/pathways/#CompoundReference/PW_C000373,abstraction:ReactsWith,http://smpdb.ca/pathways/#CompoundReference/PW_C000095
http://smpdb.ca/pathways/#CompoundReference/PW_C002066,abstraction:ReactsWith,http://smpdb.ca/pathways/#CompoundReference/PW_C007732
http://smpdb.ca/pathways/#CompoundReference/PW_C041168,abstraction:ReactsWith,http://smpdb.ca/pathways/#CompoundReference/PW_C001420
http://smpdb.ca/pathways/#CompoundReference/PW_C001420,abstraction:ReactsWith,http://smpdb.ca/pathways/#CompoundReference/PW_C041316
http://smpdb.ca/pathways/#CompoundReference/PW_C000146,abstraction:ReactsWith,http://smpdb.ca/pathways/#CompoundReference/PW_C001139
http://smpdb.ca/pathways/#CompoundReference/PW_C001420,abstraction:ReactsWith,http://smpdb.ca/pathways/#CompoundReference/PW_C042924
http://smpdb.ca/pathways/#CompoundReference/PW_C001745,abstraction:ReactsWith,http://smpdb.ca/pathways/#CompoundReference/PW_C000143
http://smpdb.ca/pathways/#GenericCompoundReference/241,abstraction:ReactsWith,http://smpdb.ca/pathways/#GenericCompoundReference/242
http://smpdb.ca/pathways/#CompoundReference/PW_C001065,abstraction:ReactsWith,http://smpdb.ca/pathways/#CompoundReference/PW_C044582
http://smpdb.ca/pathways/#CompoundReference/PW_C000414,abstraction:ReactsWith,http://smpdb.ca/pathways/#CompoundReference/PW_C001191
http://smpdb.ca/pathways/#CompoundReference/PW_C044550,abstraction:ReactsWith,http://smpdb.ca/pathways/#CompoundReference/PW_C040034
http://smpdb.ca/pathways/#CompoundReference/PW_C012051,abstraction:ReactsWith,http://smpdb.ca/pathways/#CompoundReference/PW_C000134
http://smpdb.ca/pathways/#CompoundReference/PW_C001009,abstraction:ReactsWith,http://smpdb.ca/pathways/#CompoundReference/PW_C000414
http://smpdb.ca/pathways/#CompoundReference/PW_C002350,abstraction:ReactsWith,http://smpdb.ca/pathways/#CompoundReference/PW_C000746
http://smpdb.ca/pathways/#CompoundReference/PW_C012051,abstraction:ReactsWith,http://smpdb.ca/pathways/#GenericCompoundReference/302
http://smpdb.ca/pathways/#CompoundReference/PW_C000003,abstraction:ReactsWith,http://smpdb.ca/pathways/#CompoundReference/PW_C000721
http://smpdb.ca/pathways/#CompoundReference/PW_C017784,abstraction:ReactsWith,http://smpdb.ca/pathways/#CompoundReference/PW_C001065
http://smpdb.ca/pathways/#CompoundReference/PW_C000414,abstraction:ReactsWith,http://smpdb.ca/pathways/#CompoundReference/PW_C001463
http://smpdb.ca/pathways/#CompoundReference/PW_C044592,abstraction:ReactsWith,http://smpdb.ca/pathways/#CompoundReference/PW_C043034
http://smpdb.ca/pathways/#CompoundReference/PW_C001420,abstraction:ReactsWith,http://smpdb.ca/pathways/#CompoundReference/PW_C041302
http://smpdb.ca/pathways/#CompoundReference/PW_C000206,abstraction:ReactsWith,http://smpdb.ca/pathways/#CompoundReference/PW_C000861
http://smpdb.ca/pathways/#CompoundReference/PW_C001161,abstraction:ReactsWith,http://smpdb.ca/pathways/#CompoundReference/PW_C001420
http://smpdb.ca/pathways/#CompoundReference/PW_C000784,abstraction:ReactsWith,http://smpdb.ca/pathways/#CompoundReference/PW_C001144
http://smpdb.ca/pathways/#CompoundReference/PW_C000146,abstraction:ReactsWith,http://smpdb.ca/pathways/#CompoundReference/PW_C000976
http://smpdb.ca/pathways/#CompoundReference/PW_C002162,abstraction:ReactsWith,http://smpdb.ca/pathways/#CompoundReference/PW_C040034
http://smpdb.ca/pathways/#CompoundReference/PW_C000414,abstraction:ReactsWith,http://smpdb.ca/pathways/#CompoundReference/PW_C000834
http://smpdb.ca/pathways/#CompoundReference/PW_C009795,abstraction:ReactsWith,http://smpdb.ca/pathways/#CompoundReference/PW_C000414
http://smpdb.ca/pathways/#CompoundReference/PW_C001447,abstraction:ReactsWith,http://smpdb.ca/pathways/#CompoundReference/PW_C041590
http://smpdb.ca/pathways/#CompoundReference/PW_C000106,abstraction:ReactsWith,http://smpdb.ca/pathways/#CompoundReference/PW_C000721
http://smpdb.ca/pathways/#CompoundReference/PW_C001420,abstraction:ReactsWith,http://smpdb.ca/pathways/#CompoundReference/PW_C002677
http://smpdb.ca/pathways/#CompoundReference/PW_C057942,abstraction:ReactsWith,http://smpdb.ca/pathways/#CompoundReference/PW_C000134
http://smpdb.ca/pathways/#CompoundReference/PW_C001060,abstraction:ReactsWith,http://smpdb.ca/pathways/#CompoundReference/PW_C000414
http://smpdb.ca/pathways/#CompoundReference/PW_C000463,abstraction:ReactsWith,http://smpdb.ca/pathways/#CompoundReference/PW_C040034
http://smpdb.ca/pathways/#CompoundReference/PW_C000921,abstraction:ReactsWith,http://smpdb.ca/pathways/#CompoundReference/PW_C000062
http://smpdb.ca/pathways/#CompoundReference/PW_C040034,abstraction:ReactsWith,http://smpdb.ca/pathways/#CompoundReference/PW_C009209
http://smpdb.ca/pathways/#CompoundReference/PW_C001420,abstraction:ReactsWith,http://smpdb.ca/pathways/#CompoundReference/PW_C040457
http://smpdb.ca/pathways/#CompoundReference/PW_C104669,abstraction:ReactsWith,http://smpdb.ca/pathways/#CompoundReference/PW_C000721
http://smpdb.ca/pathways/#CompoundReference/PW_C000037,abstraction:ReactsWith,http://smpdb.ca/pathways/#CompoundReference/PW_C000146
http://smpdb.ca/pathways/#CompoundReference/PW_C042900,abstraction:ReactsWith,http://smpdb.ca/pathways/#CompoundReference/PW_C000774
http://smpdb.ca/pathways/#CompoundReference/PW_C040034,abstraction:ReactsWith,http://smpdb.ca/pathways/#CompoundReference/PW_C057892
http://smpdb.ca/pathways/#CompoundReference/PW_C003018,abstraction:ReactsWith,http://smpdb.ca/pathways/#CompoundReference/PW_C001144
http://smpdb.ca/pathways/#CompoundReference/PW_C000959,abstraction:ReactsWith,http://smpdb.ca/pathways/#GenericCompoundReference/302
http://smpdb.ca/pathways/#CompoundReference/PW_C001420,abstraction:ReactsWith,http://smpdb.ca/pathways/#CompoundReference/PW_C001031
http://smpdb.ca/pathways/#CompoundReference/PW_C044607,abstraction:ReactsWith,http://smpdb.ca/pathways/#CompoundReference/PW_C007682
http://smpdb.ca/pathways/#CompoundReference/PW_C000143,abstraction:ReactsWith,http://smpdb.ca/pathways/#CompoundReference/PW_C000125
http://smpdb.ca/pathways/#CompoundReference/PW_C000543,abstraction:ReactsWith,http://smpdb.ca/pathways/#CompoundReference/PW_C000029
http://smpdb.ca/pathways/#CompoundReference/PW_C000222,abstraction:ReactsWith,http://smpdb.ca/pathways/#CompoundReference/PW_C001081
http://smpdb.ca/pathways/#CompoundReference/PW_C000414,abstraction:ReactsWith,http://smpdb.ca/pathways/#CompoundReference/PW_C001120
http://smpdb.ca/pathways/#CompoundReference/PW_C000146,abstraction:ReactsWith,http://smpdb.ca/pathways/#CompoundReference/PW_C000162
http://smpdb.ca/pathways/#CompoundReference/PW_C001799,abstraction:ReactsWith,http://smpdb.ca/pathways/#CompoundReference/PW_C001065
http://smpdb.ca/pathways/#CompoundReference/PW_C096924,abstraction:ReactsWith,http://smpdb.ca/pathways/#CompoundReference/PW_C001065
http://smpdb.ca/pathways/#CompoundReference/PW_C042924,abstraction:ReactsWith,http://smpdb.ca/pathways/#CompoundReference/PW_C001783
http://smpdb.ca/pathways/#CompoundReference/PW_C000164,abstraction:ReactsWith,http://smpdb.ca/pathways/#CompoundReference/PW_C000003
http://smpdb.ca/pathways/#CompoundReference/PW_C001420,abstraction:ReactsWith,http://smpdb.ca/pathways/#CompoundReference/PW_C000053
http://smpdb.ca/pathways/#CompoundReference/PW_C000644,abstraction:ReactsWith,http://smpdb.ca/pathways/#CompoundReference/PW_C001034
http://smpdb.ca/pathways/#CompoundReference/PW_C001099,abstraction:ReactsWith,http://smpdb.ca/pathways/#CompoundReference/PW_C000135
http://smpdb.ca/pathways/#CompoundReference/PW_C000104,abstraction:ReactsWith,http://smpdb.ca/pathways/#CompoundReference/PW_C000134
http://smpdb.ca/pathways/#CompoundReference/PW_C040034,abstraction:ReactsWith,http://smpdb.ca/pathways/#CompoundReference/PW_C040756
http://smpdb.ca/pathways/#CompoundReference/PW_C044520,abstraction:ReactsWith,http://smpdb.ca/pathways/#CompoundReference/PW_C001144
http://smpdb.ca/pathways/#CompoundReference/PW_C009594,abstraction:ReactsWith,http://smpdb.ca/pathways/#CompoundReference/PW_C001420
http://smpdb.ca/pathways/#CompoundReference/PW_C104726,abstraction:ReactsWith,http://smpdb.ca/pathways/#CompoundReference/PW_C000721
http://smpdb.ca/pathways/#CompoundReference/PW_C000146,abstraction:ReactsWith,http://smpdb.ca/pathways/#CompoundReference/PW_C040550
http://smpdb.ca/pathways/#CompoundReference/PW_C001978,abstraction:ReactsWith,http://smpdb.ca/pathways/#CompoundReference/PW_C001420
http://smpdb.ca/pathways/#CompoundReference/PW_C001009,abstraction:ReactsWith,http://smpdb.ca/pathways/#CompoundReference/PW_C001420
http://smpdb.ca/pathways/#CompoundReference/PW_C040034,abstraction:ReactsWith,http://smpdb.ca/pathways/#CompoundReference/PW_C057929
http://smpdb.ca/pathways/#CompoundReference/PW_C001420,abstraction:ReactsWith,http://smpdb.ca/pathways/#CompoundReference/PW_C000373
http://smpdb.ca/pathways/#CompoundReference/PW_C000146,abstraction:ReactsWith,http://smpdb.ca/pathways/#CompoundReference/PW_C001063
http://smpdb.ca/pathways/#CompoundReference/PW_C000164,abstraction:ReactsWith,http://smpdb.ca/pathways/#CompoundReference/PW_C000741
http://smpdb.ca/pathways/#CompoundReference/PW_C001491,abstraction:ReactsWith,http://smpdb.ca/pathways/#CompoundReference/PW_C000414
http://smpdb.ca/pathways/#CompoundReference/PW_C001065,abstraction:ReactsWith,http://smpdb.ca/pathways/#CompoundReference/PW_C001222
http://smpdb.ca/pathways/#CompoundReference/PW_C040034,abstraction:ReactsWith,http://smpdb.ca/pathways/#CompoundReference/PW_C010915
http://smpdb.ca/pathways/#CompoundReference/PW_C000911,abstraction:ReactsWith,http://smpdb.ca/pathways/#CompoundReference/PW_C000871
http://smpdb.ca/pathways/#CompoundReference/PW_C001120,abstraction:ReactsWith,http://smpdb.ca/pathways/#CompoundReference/PW_C041026
http://smpdb.ca/pathways/#CompoundReference/PW_C000721,abstraction:ReactsWith,http://smpdb.ca/pathways/#CompoundReference/PW_C000101
http://smpdb.ca/pathways/#GenericCompoundReference/377,abstraction:ReactsWith,http://smpdb.ca/pathways/#CompoundReference/PW_C000057
http://smpdb.ca/pathways/#CompoundReference/PW_C001856,abstraction:ReactsWith,http://smpdb.ca/pathways/#CompoundReference/PW_C001420
http://smpdb.ca/pathways/#CompoundReference/PW_C009795,abstraction:ReactsWith,http://smpdb.ca/pathways/#CompoundReference/PW_C001420
http://smpdb.ca/pathways/#CompoundReference/PW_C001783,abstraction:ReactsWith,http://smpdb.ca/pathways/#CompoundReference/PW_C000080
http://smpdb.ca/pathways/#CompoundReference/PW_C000200,abstraction:ReactsWith,http://smpdb.ca/pathways/#CompoundReference/PW_C002698
http://smpdb.ca/pathways/#CompoundReference/PW_C001420,abstraction:ReactsWith,http://smpdb.ca/pathways/#CompoundReference/PW_C001415
http://smpdb.ca/pathways/#CompoundReference/PW_C001060,abstraction:ReactsWith,http://smpdb.ca/pathways/#CompoundReference/PW_C001420
http://smpdb.ca/pathways/#CompoundReference/PW_C000175,abstraction:ReactsWith,http://smpdb.ca/pathways/#CompoundReference/PW_C000891
http://smpdb.ca/pathways/#CompoundReference/PW_C000195,abstraction:ReactsWith,http://smpdb.ca/pathways/#CompoundReference/PW_C001065
http://smpdb.ca/pathways/#CompoundReference/PW_C001104,abstraction:ReactsWith,http://smpdb.ca/pathways/#CompoundReference/PW_C002943
http://smpdb.ca/pathways/#CompoundReference/PW_C000414,abstraction:ReactsWith,http://smpdb.ca/pathways/#CompoundReference/PW_C000613
http://smpdb.ca/pathways/#CompoundReference/PW_C000834,abstraction:ReactsWith,http://smpdb.ca/pathways/#CompoundReference/PW_C000414
http://smpdb.ca/pathways/#CompoundReference/PW_C000414,abstraction:ReactsWith,http://smpdb.ca/pathways/#CompoundReference/PW_C001887
http://smpdb.ca/pathways/#CompoundReference/PW_C000202,abstraction:ReactsWith,http://smpdb.ca/pathways/#CompoundReference/PW_C001104
http://smpdb.ca/pathways/#CompoundReference/PW_C000106,abstraction:ReactsWith,http://smpdb.ca/pathways/#CompoundReference/PW_C001065
http://smpdb.ca/pathways/#CompoundReference/PW_C000746,abstraction:ReactsWith,http://smpdb.ca/pathways/#CompoundReference/PW_C000824
http://smpdb.ca/pathways/#CompoundReference/PW_C043312,abstraction:ReactsWith,http://smpdb.ca/pathways/#CompoundReference/PW_C000080
http://smpdb.ca/pathways/#CompoundReference/PW_C040034,abstraction:ReactsWith,http://smpdb.ca/pathways/#CompoundReference/PW_C000034
http://smpdb.ca/pathways/#CompoundReference/PW_C041100,abstraction:ReactsWith,http://smpdb.ca/pathways/#CompoundReference/PW_C001065
http://smpdb.ca/pathways/#CompoundReference/PW_C000170,abstraction:ReactsWith,http://smpdb.ca/pathways/#CompoundReference/PW_C000885
http://smpdb.ca/pathways/#CompoundReference/PW_C000095,abstraction:ReactsWith,http://smpdb.ca/pathways/#CompoundReference/PW_C000164
http://smpdb.ca/pathways/#CompoundReference/PW_C000921,abstraction:ReactsWith,http://smpdb.ca/pathways/#CompoundReference/PW_C041546
http://smpdb.ca/pathways/#CompoundReference/PW_C104580,abstraction:ReactsWith,http://smpdb.ca/pathways/#CompoundReference/PW_C104581
http://smpdb.ca/pathways/#CompoundReference/PW_C040829,abstraction:ReactsWith,http://smpdb.ca/pathways/#CompoundReference/PW_C000414
http://smpdb.ca/pathways/#CompoundReference/PW_C042617,abstraction:ReactsWith,http://smpdb.ca/pathways/#CompoundReference/PW_C042921
http://smpdb.ca/pathways/#CompoundReference/PW_C003149,abstraction:ReactsWith,http://smpdb.ca/pathways/#CompoundReference/PW_C007160
http://smpdb.ca/pathways/#CompoundReference/PW_C000414,abstraction:ReactsWith,http://smpdb.ca/pathways/#CompoundReference/PW_C001210
http://smpdb.ca/pathways/#CompoundReference/PW_C000237,abstraction:ReactsWith,http://smpdb.ca/pathways/#CompoundReference/PW_C001144
http://smpdb.ca/pathways/#CompoundReference/PW_C001099,abstraction:ReactsWith,http://smpdb.ca/pathways/#CompoundReference/PW_C002775
http://smpdb.ca/pathways/#CompoundReference/PW_C009432,abstraction:ReactsWith,http://smpdb.ca/pathways/#CompoundReference/PW_C001144
http://smpdb.ca/pathways/#CompoundReference/PW_C000146,abstraction:ReactsWith,http://smpdb.ca/pathways/#CompoundReference/PW_C003011
http://smpdb.ca/pathways/#CompoundReference/PW_C000200,abstraction:ReactsWith,http://smpdb.ca/pathways/#CompoundReference/PW_C000414
http://smpdb.ca/pathways/#CompoundReference/PW_C001420,abstraction:ReactsWith,http://smpdb.ca/pathways/#CompoundReference/PW_C104727
http://smpdb.ca/pathways/#CompoundReference/PW_C001144,abstraction:ReactsWith,http://smpdb.ca/pathways/#CompoundReference/PW_C000079
http://smpdb.ca/pathways/#CompoundReference/PW_C040034,abstraction:ReactsWith,http://smpdb.ca/pathways/#CompoundReference/PW_C000116
http://smpdb.ca/pathways/#GenericCompoundReference/69,abstraction:ReactsWith,http://smpdb.ca/pathways/#CompoundReference/PW_C000871
http://smpdb.ca/pathways/#CompoundReference/PW_C000414,abstraction:ReactsWith,http://smpdb.ca/pathways/#CompoundReference/PW_C001087
http://smpdb.ca/pathways/#CompoundReference/PW_C001316,abstraction:ReactsWith,http://smpdb.ca/pathways/#CompoundReference/PW_C002089
http://smpdb.ca/pathways/#CompoundReference/PW_C000146,abstraction:ReactsWith,http://smpdb.ca/pathways/#CompoundReference/PW_C007733
http://smpdb.ca/pathways/#CompoundReference/PW_C001420,abstraction:ReactsWith,http://smpdb.ca/pathways/#CompoundReference/PW_C057918
http://smpdb.ca/pathways/#CompoundReference/PW_C000910,abstraction:ReactsWith,http://smpdb.ca/pathways/#CompoundReference/PW_C001104
http://smpdb.ca/pathways/#CompoundReference/PW_C001065,abstraction:ReactsWith,http://smpdb.ca/pathways/#CompoundReference/PW_C000296
http://smpdb.ca/pathways/#CompoundReference/PW_C002120,abstraction:ReactsWith,http://smpdb.ca/pathways/#CompoundReference/PW_C000057
http://smpdb.ca/pathways/#CompoundReference/PW_C001388,abstraction:ReactsWith,http://smpdb.ca/pathways/#CompoundReference/PW_C000143
http://smpdb.ca/pathways/#CompoundReference/PW_C000414,abstraction:ReactsWith,http://smpdb.ca/pathways/#CompoundReference/PW_C000118
http://smpdb.ca/pathways/#CompoundReference/PW_C042619,abstraction:ReactsWith,http://smpdb.ca/pathways/#CompoundReference/PW_C006749
http://smpdb.ca/pathways/#CompoundReference/PW_C000034,abstraction:ReactsWith,http://smpdb.ca/pathways/#CompoundReference/PW_C001420
http://smpdb.ca/pathways/#CompoundReference/PW_C001420,abstraction:ReactsWith,http://smpdb.ca/pathways/#CompoundReference/PW_C001040
http://smpdb.ca/pathways/#CompoundReference/PW_C002031,abstraction:ReactsWith,http://smpdb.ca/pathways/#CompoundReference/PW_C001065
http://smpdb.ca/pathways/#CompoundReference/PW_C001139,abstraction:ReactsWith,http://smpdb.ca/pathways/#CompoundReference/PW_C000146
http://smpdb.ca/pathways/#CompoundReference/PW_C102458,abstraction:ReactsWith,http://smpdb.ca/pathways/#CompoundReference/PW_C001420
http://smpdb.ca/pathways/#CompoundReference/PW_C000936,abstraction:ReactsWith,http://smpdb.ca/pathways/#CompoundReference/PW_C001104
http://smpdb.ca/pathways/#CompoundReference/PW_C040034,abstraction:ReactsWith,http://smpdb.ca/pathways/#CompoundReference/PW_C040860
http://smpdb.ca/pathways/#CompoundReference/PW_C000905,abstraction:ReactsWith,http://smpdb.ca/pathways/#CompoundReference/PW_C001420
http://smpdb.ca/pathways/#GenericCompoundReference/156,abstraction:ReactsWith,http://smpdb.ca/pathways/#GenericCompoundReference/142
http://smpdb.ca/pathways/#CompoundReference/PW_C000102,abstraction:ReactsWith,http://smpdb.ca/pathways/#CompoundReference/PW_C000721
http://smpdb.ca/pathways/#CompoundReference/PW_C000148,abstraction:ReactsWith,http://smpdb.ca/pathways/#CompoundReference/PW_C000940
http://smpdb.ca/pathways/#CompoundReference/PW_C000140,abstraction:ReactsWith,http://smpdb.ca/pathways/#CompoundReference/PW_C000862
http://smpdb.ca/pathways/#CompoundReference/PW_C002935,abstraction:ReactsWith,http://smpdb.ca/pathways/#CompoundReference/PW_C001420
http://smpdb.ca/pathways/#CompoundReference/PW_C040622,abstraction:ReactsWith,http://smpdb.ca/pathways/#CompoundReference/PW_C000414
http://smpdb.ca/pathways/#CompoundReference/PW_C001340,abstraction:ReactsWith,http://smpdb.ca/pathways/#CompoundReference/PW_C001099
http://smpdb.ca/pathways/#CompoundReference/PW_C000544,abstraction:ReactsWith,http://smpdb.ca/pathways/#CompoundReference/PW_C007726
http://smpdb.ca/pathways/#CompoundReference/PW_C002676,abstraction:ReactsWith,http://smpdb.ca/pathways/#CompoundReference/PW_C000414
http://smpdb.ca/pathways/#CompoundReference/PW_C000414,abstraction:ReactsWith,http://smpdb.ca/pathways/#CompoundReference/PW_C040981
http://smpdb.ca/pathways/#CompoundReference/PW_C057954,abstraction:ReactsWith,http://smpdb.ca/pathways/#CompoundReference/PW_C000911
http://smpdb.ca/pathways/#CompoundReference/PW_C044514,abstraction:ReactsWith,http://smpdb.ca/pathways/#CompoundReference/PW_C000196
http://smpdb.ca/pathways/#CompoundReference/PW_C000834,abstraction:ReactsWith,http://smpdb.ca/pathways/#CompoundReference/PW_C001420
http://smpdb.ca/pathways/#CompoundReference/PW_C000741,abstraction:ReactsWith,http://smpdb.ca/pathways/#CompoundReference/PW_C040034
http://smpdb.ca/pathways/#CompoundReference/PW_C000414,abstraction:ReactsWith,http://smpdb.ca/pathways/#CompoundReference/PW_C040474
http://smpdb.ca/pathways/#CompoundReference/PW_C001065,abstraction:ReactsWith,http://smpdb.ca/pathways/#CompoundReference/PW_C007216
http://smpdb.ca/pathways/#CompoundReference/PW_C057920,abstraction:ReactsWith,http://smpdb.ca/pathways/#GenericCompoundReference/300
http://smpdb.ca/pathways/#CompoundReference/PW_C040034,abstraction:ReactsWith,http://smpdb.ca/pathways/#CompoundReference/PW_C041662
http://smpdb.ca/pathways/#CompoundReference/PW_C001144,abstraction:ReactsWith,http://smpdb.ca/pathways/#CompoundReference/PW_C002350
http://smpdb.ca/pathways/#CompoundReference/PW_C007718,abstraction:ReactsWith,http://smpdb.ca/pathways/#CompoundReference/PW_C000134
http://smpdb.ca/pathways/#CompoundReference/PW_C040034,abstraction:ReactsWith,http://smpdb.ca/pathways/#CompoundReference/PW_C000109
http://smpdb.ca/pathways/#CompoundReference/PW_C000134,abstraction:ReactsWith,http://smpdb.ca/pathways/#CompoundReference/PW_C057943
http://smpdb.ca/pathways/#CompoundReference/PW_C000746,abstraction:ReactsWith,http://smpdb.ca/pathways/#CompoundReference/PW_C000094
http://smpdb.ca/pathways/#CompoundReference/PW_C040792,abstraction:ReactsWith,http://smpdb.ca/pathways/#CompoundReference/PW_C000120
http://smpdb.ca/pathways/#CompoundReference/PW_C040034,abstraction:ReactsWith,http://smpdb.ca/pathways/#CompoundReference/PW_C045258
http://smpdb.ca/pathways/#CompoundReference/PW_C001830,abstraction:ReactsWith,http://smpdb.ca/pathways/#CompoundReference/PW_C040034
http://smpdb.ca/pathways/#CompoundReference/PW_C001420,abstraction:ReactsWith,http://smpdb.ca/pathways/#CompoundReference/PW_C057930
http://smpdb.ca/pathways/#CompoundReference/PW_C041674,abstraction:ReactsWith,http://smpdb.ca/pathways/#CompoundReference/PW_C000146
http://smpdb.ca/pathways/#CompoundReference/PW_C042904,abstraction:ReactsWith,http://smpdb.ca/pathways/#CompoundReference/PW_C000146
http://smpdb.ca/pathways/#CompoundReference/PW_C001847,abstraction:ReactsWith,http://smpdb.ca/pathways/#CompoundReference/PW_C000146
http://smpdb.ca/pathways/#CompoundReference/PW_C000105,abstraction:ReactsWith,http://smpdb.ca/pathways/#CompoundReference/PW_C041115
http://smpdb.ca/pathways/#CompoundReference/PW_C040034,abstraction:ReactsWith,http://smpdb.ca/pathways/#CompoundReference/PW_C000704
http://smpdb.ca/pathways/#CompoundReference/PW_C002791,abstraction:ReactsWith,http://smpdb.ca/pathways/#CompoundReference/PW_C006780
http://smpdb.ca/pathways/#CompoundReference/PW_C001144,abstraction:ReactsWith,http://smpdb.ca/pathways/#CompoundReference/PW_C001316
http://smpdb.ca/pathways/#CompoundReference/PW_C001420,abstraction:ReactsWith,http://smpdb.ca/pathways/#CompoundReference/PW_C040488
http://smpdb.ca/pathways/#CompoundReference/PW_C001420,abstraction:ReactsWith,http://smpdb.ca/pathways/#CompoundReference/PW_C000825
http://smpdb.ca/pathways/#CompoundReference/PW_C040838,abstraction:ReactsWith,http://smpdb.ca/pathways/#CompoundReference/PW_C040034
http://smpdb.ca/pathways/#CompoundReference/PW_C003149,abstraction:ReactsWith,http://smpdb.ca/pathways/#CompoundReference/PW_C000057
http://smpdb.ca/pathways/#CompoundReference/PW_C096925,abstraction:ReactsWith,http://smpdb.ca/pathways/#CompoundReference/PW_C000911
http://smpdb.ca/pathways/#CompoundReference/PW_C001092,abstraction:ReactsWith,http://smpdb.ca/pathways/#CompoundReference/PW_C043019
http://smpdb.ca/pathways/#CompoundReference/PW_C041026,abstraction:ReactsWith,http://smpdb.ca/pathways/#CompoundReference/PW_C041114
http://smpdb.ca/pathways/#CompoundReference/PW_C040034,abstraction:ReactsWith,http://smpdb.ca/pathways/#CompoundReference/PW_C001065
http://smpdb.ca/pathways/#CompoundReference/PW_C001191,abstraction:ReactsWith,http://smpdb.ca/pathways/#CompoundReference/PW_C000691
http://smpdb.ca/pathways/#CompoundReference/PW_C000414,abstraction:ReactsWith,http://smpdb.ca/pathways/#CompoundReference/PW_C000724
http://smpdb.ca/pathways/#CompoundReference/PW_C001316,abstraction:ReactsWith,http://smpdb.ca/pathways/#CompoundReference/PW_C000134
http://smpdb.ca/pathways/#CompoundReference/PW_C000414,abstraction:ReactsWith,http://smpdb.ca/pathways/#CompoundReference/PW_C002676
http://smpdb.ca/pathways/#CompoundReference/PW_C040034,abstraction:ReactsWith,http://smpdb.ca/pathways/#CompoundReference/PW_C044537
http://smpdb.ca/pathways/#CompoundReference/PW_C040839,abstraction:ReactsWith,http://smpdb.ca/pathways/#CompoundReference/PW_C000808
http://smpdb.ca/pathways/#CompoundReference/PW_C000123,abstraction:ReactsWith,http://smpdb.ca/pathways/#CompoundReference/PW_C000862
http://smpdb.ca/pathways/#CompoundReference/PW_C000204,abstraction:ReactsWith,http://smpdb.ca/pathways/#CompoundReference/PW_C000143
http://smpdb.ca/pathways/#CompoundReference/PW_C001073,abstraction:ReactsWith,http://smpdb.ca/pathways/#CompoundReference/PW_C001065
http://smpdb.ca/pathways/#CompoundReference/PW_C001034,abstraction:ReactsWith,http://smpdb.ca/pathways/#CompoundReference/PW_C000192
http://smpdb.ca/pathways/#CompoundReference/PW_C002926,abstraction:ReactsWith,http://smpdb.ca/pathways/#CompoundReference/PW_C000968
http://smpdb.ca/pathways/#CompoundReference/PW_C001420,abstraction:ReactsWith,http://smpdb.ca/pathways/#CompoundReference/PW_C009523
http://smpdb.ca/pathways/#CompoundReference/PW_C042934,abstraction:ReactsWith,http://smpdb.ca/pathways/#CompoundReference/PW_C001420
http://smpdb.ca/pathways/#CompoundReference/PW_C057918,abstraction:ReactsWith,http://smpdb.ca/pathways/#CompoundReference/PW_C001420
http://smpdb.ca/pathways/#CompoundReference/PW_C040034,abstraction:ReactsWith,http://smpdb.ca/pathways/#CompoundReference/PW_C007214
http://smpdb.ca/pathways/#CompoundReference/PW_C000146,abstraction:ReactsWith,http://smpdb.ca/pathways/#CompoundReference/PW_C000165
http://smpdb.ca/pathways/#CompoundReference/PW_C045262,abstraction:ReactsWith,http://smpdb.ca/pathways/#CompoundReference/PW_C001420
http://smpdb.ca/pathways/#CompoundReference/PW_C000143,abstraction:ReactsWith,http://smpdb.ca/pathways/#CompoundReference/PW_C000047
http://smpdb.ca/pathways/#CompoundReference/PW_C000105,abstraction:ReactsWith,http://smpdb.ca/pathways/#CompoundReference/PW_C007296
http://smpdb.ca/pathways/#CompoundReference/PW_C001188,abstraction:ReactsWith,http://smpdb.ca/pathways/#CompoundReference/PW_C001065
http://smpdb.ca/pathways/#CompoundReference/PW_C057929,abstraction:ReactsWith,http://smpdb.ca/pathways/#CompoundReference/PW_C000964
http://smpdb.ca/pathways/#CompoundReference/PW_C043173,abstraction:ReactsWith,http://smpdb.ca/pathways/#CompoundReference/PW_C040034
http://smpdb.ca/pathways/#CompoundReference/PW_C040082,abstraction:ReactsWith,http://smpdb.ca/pathways/#CompoundReference/PW_C000414
http://smpdb.ca/pathways/#CompoundReference/PW_C040622,abstraction:ReactsWith,http://smpdb.ca/pathways/#CompoundReference/PW_C001420
http://smpdb.ca/pathways/#CompoundReference/PW_C001106,abstraction:ReactsWith,http://smpdb.ca/pathways/#CompoundReference/PW_C001065
http://smpdb.ca/pathways/#CompoundReference/PW_C000414,abstraction:ReactsWith,http://smpdb.ca/pathways/#CompoundReference/PW_C000158
http://smpdb.ca/pathways/#GenericCompoundReference/368,abstraction:ReactsWith,http://smpdb.ca/pathways/#CompoundReference/PW_C001420
http://smpdb.ca/pathways/#CompoundReference/PW_C002676,abstraction:ReactsWith,http://smpdb.ca/pathways/#CompoundReference/PW_C001420
http://smpdb.ca/pathways/#GenericCompoundReference/40,abstraction:ReactsWith,http://smpdb.ca/pathways/#CompoundReference/PW_C002030
http://smpdb.ca/pathways/#CompoundReference/PW_C000926,abstraction:ReactsWith,http://smpdb.ca/pathways/#CompoundReference/PW_C040034
http://smpdb.ca/pathways/#CompoundReference/PW_C000120,abstraction:ReactsWith,http://smpdb.ca/pathways/#CompoundReference/PW_C040792
http://smpdb.ca/pathways/#CompoundReference/PW_C010760,abstraction:ReactsWith,http://smpdb.ca/pathways/#CompoundReference/PW_C001065
http://smpdb.ca/pathways/#CompoundReference/PW_C000175,abstraction:ReactsWith,http://smpdb.ca/pathways/#GenericCompoundReference/302
http://smpdb.ca/pathways/#CompoundReference/PW_C000414,abstraction:ReactsWith,http://smpdb.ca/pathways/#CompoundReference/PW_C009655
http://smpdb.ca/pathways/#CompoundReference/PW_C000414,abstraction:ReactsWith,http://smpdb.ca/pathways/#CompoundReference/PW_C040828
http://smpdb.ca/pathways/#CompoundReference/PW_C000193,abstraction:ReactsWith,http://smpdb.ca/pathways/#CompoundReference/PW_C000746
http://smpdb.ca/pathways/#CompoundReference/PW_C000102,abstraction:ReactsWith,http://smpdb.ca/pathways/#CompoundReference/PW_C001065
http://smpdb.ca/pathways/#CompoundReference/PW_C044607,abstraction:ReactsWith,http://smpdb.ca/pathways/#CompoundReference/PW_C007683
http://smpdb.ca/pathways/#CompoundReference/PW_C104769,abstraction:ReactsWith,http://smpdb.ca/pathways/#CompoundReference/PW_C000146
http://smpdb.ca/pathways/#CompoundReference/PW_C040964,abstraction:ReactsWith,http://smpdb.ca/pathways/#CompoundReference/PW_C000414
http://smpdb.ca/pathways/#CompoundReference/PW_C000538,abstraction:ReactsWith,http://smpdb.ca/pathways/#CompoundReference/PW_C000134
http://smpdb.ca/pathways/#CompoundReference/PW_C000146,abstraction:ReactsWith,http://smpdb.ca/pathways/#CompoundReference/PW_C001003
http://smpdb.ca/pathways/#CompoundReference/PW_C040034,abstraction:ReactsWith,http://smpdb.ca/pathways/#CompoundReference/PW_C000022
http://smpdb.ca/pathways/#CompoundReference/PW_C001144,abstraction:ReactsWith,http://smpdb.ca/pathways/#CompoundReference/PW_C008696
http://smpdb.ca/pathways/#CompoundReference/PW_C001347,abstraction:ReactsWith,http://smpdb.ca/pathways/#CompoundReference/PW_C000081
http://smpdb.ca/pathways/#CompoundReference/PW_C040034,abstraction:ReactsWith,http://smpdb.ca/pathways/#CompoundReference/PW_C007757
http://smpdb.ca/pathways/#CompoundReference/PW_C000990,abstraction:ReactsWith,http://smpdb.ca/pathways/#CompoundReference/PW_C040034
http://smpdb.ca/pathways/#CompoundReference/PW_C001065,abstraction:ReactsWith,http://smpdb.ca/pathways/#CompoundReference/PW_C002578
http://smpdb.ca/pathways/#CompoundReference/PW_C000414,abstraction:ReactsWith,http://smpdb.ca/pathways/#CompoundReference/PW_C008843
http://smpdb.ca/pathways/#CompoundReference/PW_C057915,abstraction:ReactsWith,http://smpdb.ca/pathways/#GenericCompoundReference/561
http://smpdb.ca/pathways/#CompoundReference/PW_C001632,abstraction:ReactsWith,http://smpdb.ca/pathways/#CompoundReference/PW_C001065
http://smpdb.ca/pathways/#CompoundReference/PW_C001080,abstraction:ReactsWith,http://smpdb.ca/pathways/#CompoundReference/PW_C000414
http://smpdb.ca/pathways/#CompoundReference/PW_C000146,abstraction:ReactsWith,http://smpdb.ca/pathways/#CompoundReference/PW_C044543
http://smpdb.ca/pathways/#CompoundReference/PW_C040034,abstraction:ReactsWith,http://smpdb.ca/pathways/#CompoundReference/PW_C001680
http://smpdb.ca/pathways/#CompoundReference/PW_C104581,abstraction:ReactsWith,http://smpdb.ca/pathways/#CompoundReference/PW_C104580
http://smpdb.ca/pathways/#GenericCompoundReference/321,abstraction:ReactsWith,http://smpdb.ca/pathways/#GenericCompoundReference/318
http://smpdb.ca/pathways/#CompoundReference/PW_C040034,abstraction:ReactsWith,http://smpdb.ca/pathways/#CompoundReference/PW_C057912
http://smpdb.ca/pathways/#CompoundReference/PW_C001420,abstraction:ReactsWith,http://smpdb.ca/pathways/#CompoundReference/PW_C000986
http://smpdb.ca/pathways/#GenericCompoundReference/95,abstraction:ReactsWith,http://smpdb.ca/pathways/#CompoundReference/PW_C000105
http://smpdb.ca/pathways/#CompoundReference/PW_C000494,abstraction:ReactsWith,http://smpdb.ca/pathways/#CompoundReference/PW_C001420
http://smpdb.ca/pathways/#CompoundReference/PW_C000143,abstraction:ReactsWith,http://smpdb.ca/pathways/#CompoundReference/PW_C002912
http://smpdb.ca/pathways/#CompoundReference/PW_C000146,abstraction:ReactsWith,http://smpdb.ca/pathways/#CompoundReference/PW_C002162
http://smpdb.ca/pathways/#CompoundReference/PW_C001420,abstraction:ReactsWith,http://smpdb.ca/pathways/#CompoundReference/PW_C000033
http://smpdb.ca/pathways/#CompoundReference/PW_C041270,abstraction:ReactsWith,http://smpdb.ca/pathways/#CompoundReference/PW_C000196
http://smpdb.ca/pathways/#CompoundReference/PW_C008696,abstraction:ReactsWith,http://smpdb.ca/pathways/#CompoundReference/PW_C001065
http://smpdb.ca/pathways/#CompoundReference/PW_C000921,abstraction:ReactsWith,http://smpdb.ca/pathways/#GenericCompoundReference/336
http://smpdb.ca/pathways/#CompoundReference/PW_C040034,abstraction:ReactsWith,http://smpdb.ca/pathways/#CompoundReference/PW_C002374
http://smpdb.ca/pathways/#CompoundReference/PW_C001104,abstraction:ReactsWith,http://smpdb.ca/pathways/#CompoundReference/PW_C001032
http://smpdb.ca/pathways/#CompoundReference/PW_C001007,abstraction:ReactsWith,http://smpdb.ca/pathways/#CompoundReference/PW_C000414
http://smpdb.ca/pathways/#CompoundReference/PW_C000921,abstraction:ReactsWith,http://smpdb.ca/pathways/#CompoundReference/PW_C000693
http://smpdb.ca/pathways/#CompoundReference/PW_C001065,abstraction:ReactsWith,http://smpdb.ca/pathways/#CompoundReference/PW_C014903
http://smpdb.ca/pathways/#GenericCompoundReference/227,abstraction:ReactsWith,http://smpdb.ca/pathways/#CompoundReference/PW_C040034
http://smpdb.ca/pathways/#CompoundReference/PW_C057936,abstraction:ReactsWith,http://smpdb.ca/pathways/#CompoundReference/PW_C000146
http://smpdb.ca/pathways/#CompoundReference/PW_C040082,abstraction:ReactsWith,http://smpdb.ca/pathways/#CompoundReference/PW_C001420
http://smpdb.ca/pathways/#CompoundReference/PW_C009638,abstraction:ReactsWith,http://smpdb.ca/pathways/#CompoundReference/PW_C001144
http://smpdb.ca/pathways/#CompoundReference/PW_C000414,abstraction:ReactsWith,http://smpdb.ca/pathways/#CompoundReference/PW_C001589
http://smpdb.ca/pathways/#CompoundReference/PW_C000746,abstraction:ReactsWith,http://smpdb.ca/pathways/#CompoundReference/PW_C001420
http://smpdb.ca/pathways/#CompoundReference/PW_C001221,abstraction:ReactsWith,http://smpdb.ca/pathways/#CompoundReference/PW_C001556
http://smpdb.ca/pathways/#CompoundReference/PW_C000148,abstraction:ReactsWith,http://smpdb.ca/pathways/#CompoundReference/PW_C001144
http://smpdb.ca/pathways/#CompoundReference/PW_C001010,abstraction:ReactsWith,http://smpdb.ca/pathways/#CompoundReference/PW_C040779
http://smpdb.ca/pathways/#CompoundReference/PW_C044572,abstraction:ReactsWith,http://smpdb.ca/pathways/#CompoundReference/PW_C000201
http://smpdb.ca/pathways/#CompoundReference/PW_C001420,abstraction:ReactsWith,http://smpdb.ca/pathways/#CompoundReference/PW_C041554
http://smpdb.ca/pathways/#CompoundReference/PW_C044573,abstraction:ReactsWith,http://smpdb.ca/pathways/#CompoundReference/PW_C040034
http://smpdb.ca/pathways/#CompoundReference/PW_C000938,abstraction:ReactsWith,http://smpdb.ca/pathways/#CompoundReference/PW_C040034
http://smpdb.ca/pathways/#CompoundReference/PW_C000704,abstraction:ReactsWith,http://smpdb.ca/pathways/#CompoundReference/PW_C040034
http://smpdb.ca/pathways/#CompoundReference/PW_C000146,abstraction:ReactsWith,http://smpdb.ca/pathways/#CompoundReference/PW_C000184
http://smpdb.ca/pathways/#CompoundReference/PW_C000414,abstraction:ReactsWith,http://smpdb.ca/pathways/#CompoundReference/PW_C041432
http://smpdb.ca/pathways/#CompoundReference/PW_C007980,abstraction:ReactsWith,http://smpdb.ca/pathways/#CompoundReference/PW_C000146
http://smpdb.ca/pathways/#CompoundReference/PW_C000023,abstraction:ReactsWith,http://smpdb.ca/pathways/#CompoundReference/PW_C000921
http://smpdb.ca/pathways/#CompoundReference/PW_C000080,abstraction:ReactsWith,http://smpdb.ca/pathways/#CompoundReference/PW_C001783
http://smpdb.ca/pathways/#CompoundReference/PW_C001420,abstraction:ReactsWith,http://smpdb.ca/pathways/#CompoundReference/PW_C001099
http://smpdb.ca/pathways/#CompoundReference/PW_C001223,abstraction:ReactsWith,http://smpdb.ca/pathways/#CompoundReference/PW_C040034
http://smpdb.ca/pathways/#CompoundReference/PW_C002954,abstraction:ReactsWith,http://smpdb.ca/pathways/#CompoundReference/PW_C000095
http://smpdb.ca/pathways/#CompoundReference/PW_C040918,abstraction:ReactsWith,http://smpdb.ca/pathways/#CompoundReference/PW_C000185
http://smpdb.ca/pathways/#CompoundReference/PW_C040034,abstraction:ReactsWith,http://smpdb.ca/pathways/#CompoundReference/PW_C000105
http://smpdb.ca/pathways/#CompoundReference/PW_C040034,abstraction:ReactsWith,http://smpdb.ca/pathways/#CompoundReference/PW_C001938
http://smpdb.ca/pathways/#CompoundReference/PW_C000179,abstraction:ReactsWith,http://smpdb.ca/pathways/#CompoundReference/PW_C001042
http://smpdb.ca/pathways/#CompoundReference/PW_C001022,abstraction:ReactsWith,http://smpdb.ca/pathways/#CompoundReference/PW_C000134
http://smpdb.ca/pathways/#CompoundReference/PW_C007782,abstraction:ReactsWith,http://smpdb.ca/pathways/#CompoundReference/PW_C000095
http://smpdb.ca/pathways/#CompoundReference/PW_C001080,abstraction:ReactsWith,http://smpdb.ca/pathways/#CompoundReference/PW_C001420
http://smpdb.ca/pathways/#CompoundReference/PW_C001680,abstraction:ReactsWith,http://smpdb.ca/pathways/#CompoundReference/PW_C000134
http://smpdb.ca/pathways/#CompoundReference/PW_C000414,abstraction:ReactsWith,http://smpdb.ca/pathways/#CompoundReference/PW_C000182
http://smpdb.ca/pathways/#GenericCompoundReference/99,abstraction:ReactsWith,http://smpdb.ca/pathways/#CompoundReference/PW_C000936
http://smpdb.ca/pathways/#CompoundReference/PW_C001035,abstraction:ReactsWith,http://smpdb.ca/pathways/#CompoundReference/PW_C040949
http://smpdb.ca/pathways/#CompoundReference/PW_C040034,abstraction:ReactsWith,http://smpdb.ca/pathways/#CompoundReference/PW_C000774
http://smpdb.ca/pathways/#CompoundReference/PW_C000551,abstraction:ReactsWith,http://smpdb.ca/pathways/#CompoundReference/PW_C001065
http://smpdb.ca/pathways/#CompoundReference/PW_C000143,abstraction:ReactsWith,http://smpdb.ca/pathways/#CompoundReference/PW_C007794
http://smpdb.ca/pathways/#CompoundReference/PW_C001420,abstraction:ReactsWith,http://smpdb.ca/pathways/#CompoundReference/PW_C001947
http://smpdb.ca/pathways/#CompoundReference/PW_C000414,abstraction:ReactsWith,http://smpdb.ca/pathways/#GenericCompoundReference/298
http://smpdb.ca/pathways/#CompoundReference/PW_C000414,abstraction:ReactsWith,http://smpdb.ca/pathways/#CompoundReference/PW_C000096
http://smpdb.ca/pathways/#GenericCompoundReference/528,abstraction:ReactsWith,http://smpdb.ca/pathways/#CompoundReference/PW_C007319
http://smpdb.ca/pathways/#CompoundReference/PW_C001420,abstraction:ReactsWith,http://smpdb.ca/pathways/#CompoundReference/PW_C000048
http://smpdb.ca/pathways/#CompoundReference/PW_C001065,abstraction:ReactsWith,http://smpdb.ca/pathways/#CompoundReference/PW_C057918
http://smpdb.ca/pathways/#CompoundReference/PW_C000921,abstraction:ReactsWith,http://smpdb.ca/pathways/#CompoundReference/PW_C000103
http://smpdb.ca/pathways/#CompoundReference/PW_C001420,abstraction:ReactsWith,http://smpdb.ca/pathways/#CompoundReference/PW_C001080
http://smpdb.ca/pathways/#CompoundReference/PW_C000032,abstraction:ReactsWith,http://smpdb.ca/pathways/#CompoundReference/PW_C000988
http://smpdb.ca/pathways/#CompoundReference/PW_C000206,abstraction:ReactsWith,http://smpdb.ca/pathways/#CompoundReference/PW_C000077
http://smpdb.ca/pathways/#CompoundReference/PW_C000936,abstraction:ReactsWith,http://smpdb.ca/pathways/#GenericCompoundReference/99
http://smpdb.ca/pathways/#CompoundReference/PW_C044585,abstraction:ReactsWith,http://smpdb.ca/pathways/#CompoundReference/PW_C044588
http://smpdb.ca/pathways/#CompoundReference/PW_C000143,abstraction:ReactsWith,http://smpdb.ca/pathways/#CompoundReference/PW_C002666
http://smpdb.ca/pathways/#CompoundReference/PW_C001007,abstraction:ReactsWith,http://smpdb.ca/pathways/#CompoundReference/PW_C001420
http://smpdb.ca/pathways/#CompoundReference/PW_C000095,abstraction:ReactsWith,http://smpdb.ca/pathways/#CompoundReference/PW_C000146
http://smpdb.ca/pathways/#CompoundReference/PW_C059085,abstraction:ReactsWith,http://smpdb.ca/pathways/#CompoundReference/PW_C041100
http://smpdb.ca/pathways/#CompoundReference/PW_C000146,abstraction:ReactsWith,http://smpdb.ca/pathways/#CompoundReference/PW_C008621
http://smpdb.ca/pathways/#CompoundReference/PW_C000857,abstraction:ReactsWith,http://smpdb.ca/pathways/#CompoundReference/PW_C000414
http://smpdb.ca/pathways/#CompoundReference/PW_C000605,abstraction:ReactsWith,http://smpdb.ca/pathways/#CompoundReference/PW_C000193
http://smpdb.ca/pathways/#CompoundReference/PW_C040034,abstraction:ReactsWith,http://smpdb.ca/pathways/#GenericCompoundReference/72
http://smpdb.ca/pathways/#CompoundReference/PW_C001985,abstraction:ReactsWith,http://smpdb.ca/pathways/#CompoundReference/PW_C001099
http://smpdb.ca/pathways/#CompoundReference/PW_C040034,abstraction:ReactsWith,http://smpdb.ca/pathways/#CompoundReference/PW_C002916
http://smpdb.ca/pathways/#CompoundReference/PW_C001150,abstraction:ReactsWith,http://smpdb.ca/pathways/#CompoundReference/PW_C000414
http://smpdb.ca/pathways/#CompoundReference/PW_C000721,abstraction:ReactsWith,http://smpdb.ca/pathways/#CompoundReference/PW_C000170
http://smpdb.ca/pathways/#CompoundReference/PW_C001065,abstraction:ReactsWith,http://smpdb.ca/pathways/#CompoundReference/PW_C001137
http://smpdb.ca/pathways/#CompoundReference/PW_C040740,abstraction:ReactsWith,http://smpdb.ca/pathways/#CompoundReference/PW_C042606
http://smpdb.ca/pathways/#CompoundReference/PW_C000721,abstraction:ReactsWith,http://smpdb.ca/pathways/#CompoundReference/PW_C002047
http://smpdb.ca/pathways/#CompoundReference/PW_C001420,abstraction:ReactsWith,http://smpdb.ca/pathways/#CompoundReference/PW_C040681
http://smpdb.ca/pathways/#CompoundReference/PW_C001065,abstraction:ReactsWith,http://smpdb.ca/pathways/#CompoundReference/PW_C040492
http://smpdb.ca/pathways/#GenericCompoundReference/227,abstraction:ReactsWith,http://smpdb.ca/pathways/#CompoundReference/PW_C000518
http://smpdb.ca/pathways/#CompoundReference/PW_C000964,abstraction:ReactsWith,http://smpdb.ca/pathways/#CompoundReference/PW_C007752
http://smpdb.ca/pathways/#CompoundReference/PW_C008646,abstraction:ReactsWith,http://smpdb.ca/pathways/#CompoundReference/PW_C000746
http://smpdb.ca/pathways/#CompoundReference/PW_C001420,abstraction:ReactsWith,http://smpdb.ca/pathways/#CompoundReference/PW_C009184
http://smpdb.ca/pathways/#CompoundReference/PW_C001925,abstraction:ReactsWith,http://smpdb.ca/pathways/#CompoundReference/PW_C001420
http://smpdb.ca/pathways/#CompoundReference/PW_C000134,abstraction:ReactsWith,http://smpdb.ca/pathways/#CompoundReference/PW_C002578
http://smpdb.ca/pathways/#CompoundReference/PW_C001420,abstraction:ReactsWith,http://smpdb.ca/pathways/#CompoundReference/PW_C000886
http://smpdb.ca/pathways/#CompoundReference/PW_C040983,abstraction:ReactsWith,http://smpdb.ca/pathways/#CompoundReference/PW_C001420
http://smpdb.ca/pathways/#CompoundReference/PW_C041100,abstraction:ReactsWith,http://smpdb.ca/pathways/#GenericCompoundReference/163
http://smpdb.ca/pathways/#CompoundReference/PW_C001420,abstraction:ReactsWith,http://smpdb.ca/pathways/#CompoundReference/PW_C057929
http://smpdb.ca/pathways/#GenericCompoundReference/299,abstraction:ReactsWith,http://smpdb.ca/pathways/#CompoundReference/PW_C057918
http://smpdb.ca/pathways/#CompoundReference/PW_C001060,abstraction:ReactsWith,http://smpdb.ca/pathways/#CompoundReference/PW_C000547
http://smpdb.ca/pathways/#CompoundReference/PW_C000972,abstraction:ReactsWith,http://smpdb.ca/pathways/#CompoundReference/PW_C001420
http://smpdb.ca/pathways/#CompoundReference/PW_C043227,abstraction:ReactsWith,http://smpdb.ca/pathways/#CompoundReference/PW_C000080
http://smpdb.ca/pathways/#GenericCompoundReference/320,abstraction:ReactsWith,http://smpdb.ca/pathways/#GenericCompoundReference/318
http://smpdb.ca/pathways/#CompoundReference/PW_C000414,abstraction:ReactsWith,http://smpdb.ca/pathways/#CompoundReference/PW_C000517
http://smpdb.ca/pathways/#CompoundReference/PW_C002914,abstraction:ReactsWith,http://smpdb.ca/pathways/#CompoundReference/PW_C001065
http://smpdb.ca/pathways/#CompoundReference/PW_C040841,abstraction:ReactsWith,http://smpdb.ca/pathways/#CompoundReference/PW_C000414
http://smpdb.ca/pathways/#CompoundReference/PW_C001420,abstraction:ReactsWith,http://smpdb.ca/pathways/#GenericCompoundReference/309
http://smpdb.ca/pathways/#CompoundReference/PW_C000207,abstraction:ReactsWith,http://smpdb.ca/pathways/#CompoundReference/PW_C000146
http://smpdb.ca/pathways/#CompoundReference/PW_C000103,abstraction:ReactsWith,http://smpdb.ca/pathways/#CompoundReference/PW_C000921
http://smpdb.ca/pathways/#GenericCompoundReference/240,abstraction:ReactsWith,http://smpdb.ca/pathways/#CompoundReference/PW_C041127
http://smpdb.ca/pathways/#CompoundReference/PW_C044517,abstraction:ReactsWith,http://smpdb.ca/pathways/#CompoundReference/PW_C001420
http://smpdb.ca/pathways/#CompoundReference/PW_C000045,abstraction:ReactsWith,http://smpdb.ca/pathways/#CompoundReference/PW_C001144
http://smpdb.ca/pathways/#CompoundReference/PW_C040663,abstraction:ReactsWith,http://smpdb.ca/pathways/#CompoundReference/PW_C040682
http://smpdb.ca/pathways/#CompoundReference/PW_C104651,abstraction:ReactsWith,http://smpdb.ca/pathways/#CompoundReference/PW_C001065
http://smpdb.ca/pathways/#CompoundReference/PW_C002921,abstraction:ReactsWith,http://smpdb.ca/pathways/#CompoundReference/PW_C000143
http://smpdb.ca/pathways/#CompoundReference/PW_C001860,abstraction:ReactsWith,http://smpdb.ca/pathways/#CompoundReference/PW_C001134
http://smpdb.ca/pathways/#CompoundReference/PW_C000077,abstraction:ReactsWith,http://smpdb.ca/pathways/#CompoundReference/PW_C000206
http://smpdb.ca/pathways/#CompoundReference/PW_C001565,abstraction:ReactsWith,http://smpdb.ca/pathways/#CompoundReference/PW_C043019
http://smpdb.ca/pathways/#CompoundReference/PW_C000414,abstraction:ReactsWith,http://smpdb.ca/pathways/#CompoundReference/PW_C000950
http://smpdb.ca/pathways/#CompoundReference/PW_C001065,abstraction:ReactsWith,http://smpdb.ca/pathways/#CompoundReference/PW_C104651
http://smpdb.ca/pathways/#CompoundReference/PW_C000035,abstraction:ReactsWith,http://smpdb.ca/pathways/#CompoundReference/PW_C040034
http://smpdb.ca/pathways/#CompoundReference/PW_C001056,abstraction:ReactsWith,http://smpdb.ca/pathways/#CompoundReference/PW_C001399
http://smpdb.ca/pathways/#CompoundReference/PW_C041100,abstraction:ReactsWith,http://smpdb.ca/pathways/#GenericCompoundReference/330
http://smpdb.ca/pathways/#CompoundReference/PW_C000921,abstraction:ReactsWith,http://smpdb.ca/pathways/#CompoundReference/PW_C000609
http://smpdb.ca/pathways/#CompoundReference/PW_C000146,abstraction:ReactsWith,http://smpdb.ca/pathways/#CompoundReference/PW_C040972
http://smpdb.ca/pathways/#CompoundReference/PW_C040034,abstraction:ReactsWith,http://smpdb.ca/pathways/#CompoundReference/PW_C000149
http://smpdb.ca/pathways/#CompoundReference/PW_C000206,abstraction:ReactsWith,http://smpdb.ca/pathways/#CompoundReference/PW_C000193
http://smpdb.ca/pathways/#CompoundReference/PW_C000123,abstraction:ReactsWith,http://smpdb.ca/pathways/#CompoundReference/PW_C002699
http://smpdb.ca/pathways/#CompoundReference/PW_C001125,abstraction:ReactsWith,http://smpdb.ca/pathways/#CompoundReference/PW_C001065
http://smpdb.ca/pathways/#CompoundReference/PW_C001420,abstraction:ReactsWith,http://smpdb.ca/pathways/#CompoundReference/PW_C000721
http://smpdb.ca/pathways/#GenericCompoundReference/142,abstraction:ReactsWith,http://smpdb.ca/pathways/#GenericCompoundReference/156
http://smpdb.ca/pathways/#CompoundReference/PW_C001000,abstraction:ReactsWith,http://smpdb.ca/pathways/#CompoundReference/PW_C000414
http://smpdb.ca/pathways/#CompoundReference/PW_C000059,abstraction:ReactsWith,http://smpdb.ca/pathways/#CompoundReference/PW_C001420
http://smpdb.ca/pathways/#CompoundReference/PW_C000463,abstraction:ReactsWith,http://smpdb.ca/pathways/#CompoundReference/PW_C000940
http://smpdb.ca/pathways/#CompoundReference/PW_C000414,abstraction:ReactsWith,http://smpdb.ca/pathways/#CompoundReference/PW_C009795
http://smpdb.ca/pathways/#CompoundReference/PW_C057890,abstraction:ReactsWith,http://smpdb.ca/pathways/#CompoundReference/PW_C000134
http://smpdb.ca/pathways/#CompoundReference/PW_C009058,abstraction:ReactsWith,http://smpdb.ca/pathways/#CompoundReference/PW_C040034
http://smpdb.ca/pathways/#CompoundReference/PW_C000196,abstraction:ReactsWith,http://smpdb.ca/pathways/#CompoundReference/PW_C000201
http://smpdb.ca/pathways/#CompoundReference/PW_C001065,abstraction:ReactsWith,http://smpdb.ca/pathways/#CompoundReference/PW_C041140
http://smpdb.ca/pathways/#CompoundReference/PW_C040034,abstraction:ReactsWith,http://smpdb.ca/pathways/#CompoundReference/PW_C007728
http://smpdb.ca/pathways/#GenericCompoundReference/348,abstraction:ReactsWith,http://smpdb.ca/pathways/#GenericCompoundReference/210
http://smpdb.ca/pathways/#CompoundReference/PW_C000125,abstraction:ReactsWith,http://smpdb.ca/pathways/#CompoundReference/PW_C104618
http://smpdb.ca/pathways/#CompoundReference/PW_C001420,abstraction:ReactsWith,http://smpdb.ca/pathways/#CompoundReference/PW_C000116
http://smpdb.ca/pathways/#CompoundReference/PW_C001420,abstraction:ReactsWith,http://smpdb.ca/pathways/#CompoundReference/PW_C009064
http://smpdb.ca/pathways/#CompoundReference/PW_C000924,abstraction:ReactsWith,http://smpdb.ca/pathways/#CompoundReference/PW_C001420
http://smpdb.ca/pathways/#CompoundReference/PW_C002364,abstraction:ReactsWith,http://smpdb.ca/pathways/#CompoundReference/PW_C001065
http://smpdb.ca/pathways/#CompoundReference/PW_C104811,abstraction:ReactsWith,http://smpdb.ca/pathways/#CompoundReference/PW_C040034
http://smpdb.ca/pathways/#CompoundReference/PW_C040034,abstraction:ReactsWith,http://smpdb.ca/pathways/#CompoundReference/PW_C000061
http://smpdb.ca/pathways/#CompoundReference/PW_C001765,abstraction:ReactsWith,http://smpdb.ca/pathways/#CompoundReference/PW_C000143
http://smpdb.ca/pathways/#CompoundReference/PW_C001420,abstraction:ReactsWith,http://smpdb.ca/pathways/#CompoundReference/PW_C041168
http://smpdb.ca/pathways/#CompoundReference/PW_C000938,abstraction:ReactsWith,http://smpdb.ca/pathways/#CompoundReference/PW_C000544
http://smpdb.ca/pathways/#CompoundReference/PW_C000414,abstraction:ReactsWith,http://smpdb.ca/pathways/#CompoundReference/PW_C000135
http://smpdb.ca/pathways/#CompoundReference/PW_C042918,abstraction:ReactsWith,http://smpdb.ca/pathways/#CompoundReference/PW_C001420
http://smpdb.ca/pathways/#CompoundReference/PW_C003149,abstraction:ReactsWith,http://smpdb.ca/pathways/#CompoundReference/PW_C001031
http://smpdb.ca/pathways/#CompoundReference/PW_C040034,abstraction:ReactsWith,http://smpdb.ca/pathways/#GenericCompoundReference/163
http://smpdb.ca/pathways/#CompoundReference/PW_C001065,abstraction:ReactsWith,http://smpdb.ca/pathways/#GenericCompoundReference/313
http://smpdb.ca/pathways/#CompoundReference/PW_C001316,abstraction:ReactsWith,http://smpdb.ca/pathways/#CompoundReference/PW_C041031
http://smpdb.ca/pathways/#CompoundReference/PW_C001104,abstraction:ReactsWith,http://smpdb.ca/pathways/#CompoundReference/PW_C001851
http://smpdb.ca/pathways/#CompoundReference/PW_C001420,abstraction:ReactsWith,http://smpdb.ca/pathways/#CompoundReference/PW_C006015
http://smpdb.ca/pathways/#CompoundReference/PW_C003010,abstraction:ReactsWith,http://smpdb.ca/pathways/#CompoundReference/PW_C040034
http://smpdb.ca/pathways/#CompoundReference/PW_C000746,abstraction:ReactsWith,http://smpdb.ca/pathways/#CompoundReference/PW_C040652
http://smpdb.ca/pathways/#GenericCompoundReference/302,abstraction:ReactsWith,http://smpdb.ca/pathways/#CompoundReference/PW_C096925
http://smpdb.ca/pathways/#CompoundReference/PW_C040034,abstraction:ReactsWith,http://smpdb.ca/pathways/#CompoundReference/PW_C016363
http://smpdb.ca/pathways/#CompoundReference/PW_C001213,abstraction:ReactsWith,http://smpdb.ca/pathways/#CompoundReference/PW_C040034
http://smpdb.ca/pathways/#CompoundReference/PW_C001420,abstraction:ReactsWith,http://smpdb.ca/pathways/#CompoundReference/PW_C001905
http://smpdb.ca/pathways/#GenericCompoundReference/40,abstraction:ReactsWith,http://smpdb.ca/pathways/#CompoundReference/PW_C002029
http://smpdb.ca/pathways/#CompoundReference/PW_C001168,abstraction:ReactsWith,http://smpdb.ca/pathways/#CompoundReference/PW_C000170
http://smpdb.ca/pathways/#CompoundReference/PW_C040034,abstraction:ReactsWith,http://smpdb.ca/pathways/#CompoundReference/PW_C000154
http://smpdb.ca/pathways/#CompoundReference/PW_C041152,abstraction:ReactsWith,http://smpdb.ca/pathways/#CompoundReference/PW_C041102
http://smpdb.ca/pathways/#CompoundReference/PW_C000146,abstraction:ReactsWith,http://smpdb.ca/pathways/#CompoundReference/PW_C000972
http://smpdb.ca/pathways/#CompoundReference/PW_C001872,abstraction:ReactsWith,http://smpdb.ca/pathways/#CompoundReference/PW_C041033
http://smpdb.ca/pathways/#CompoundReference/PW_C040034,abstraction:ReactsWith,http://smpdb.ca/pathways/#CompoundReference/PW_C001178
http://smpdb.ca/pathways/#CompoundReference/PW_C000944,abstraction:ReactsWith,http://smpdb.ca/pathways/#CompoundReference/PW_C041634
http://smpdb.ca/pathways/#CompoundReference/PW_C001420,abstraction:ReactsWith,http://smpdb.ca/pathways/#CompoundReference/PW_C000704
http://smpdb.ca/pathways/#CompoundReference/PW_C001000,abstraction:ReactsWith,http://smpdb.ca/pathways/#CompoundReference/PW_C001420
http://smpdb.ca/pathways/#CompoundReference/PW_C040034,abstraction:ReactsWith,http://smpdb.ca/pathways/#CompoundReference/PW_C000037
http://smpdb.ca/pathways/#CompoundReference/PW_C000051,abstraction:ReactsWith,http://smpdb.ca/pathways/#CompoundReference/PW_C001420
http://smpdb.ca/pathways/#GenericCompoundReference/302,abstraction:ReactsWith,http://smpdb.ca/pathways/#CompoundReference/PW_C002571
http://smpdb.ca/pathways/#CompoundReference/PW_C000746,abstraction:ReactsWith,http://smpdb.ca/pathways/#CompoundReference/PW_C001284
http://smpdb.ca/pathways/#CompoundReference/PW_C001316,abstraction:ReactsWith,http://smpdb.ca/pathways/#GenericCompoundReference/561
http://smpdb.ca/pathways/#CompoundReference/PW_C040034,abstraction:ReactsWith,http://smpdb.ca/pathways/#GenericCompoundReference/330
http://smpdb.ca/pathways/#CompoundReference/PW_C000802,abstraction:ReactsWith,http://smpdb.ca/pathways/#CompoundReference/PW_C001420
http://smpdb.ca/pathways/#CompoundReference/PW_C001420,abstraction:ReactsWith,http://smpdb.ca/pathways/#CompoundReference/PW_C001065
http://smpdb.ca/pathways/#CompoundReference/PW_C001201,abstraction:ReactsWith,http://smpdb.ca/pathways/#GenericCompoundReference/533
http://smpdb.ca/pathways/#CompoundReference/PW_C000908,abstraction:ReactsWith,http://smpdb.ca/pathways/#CompoundReference/PW_C000146
http://smpdb.ca/pathways/#CompoundReference/PW_C000567,abstraction:ReactsWith,http://smpdb.ca/pathways/#CompoundReference/PW_C001065
http://smpdb.ca/pathways/#CompoundReference/PW_C040034,abstraction:ReactsWith,http://smpdb.ca/pathways/#CompoundReference/PW_C001026
http://smpdb.ca/pathways/#CompoundReference/PW_C096925,abstraction:ReactsWith,http://smpdb.ca/pathways/#GenericCompoundReference/302
http://smpdb.ca/pathways/#CompoundReference/PW_C000353,abstraction:ReactsWith,http://smpdb.ca/pathways/#CompoundReference/PW_C000414
http://smpdb.ca/pathways/#CompoundReference/PW_C000974,abstraction:ReactsWith,http://smpdb.ca/pathways/#CompoundReference/PW_C040034
http://smpdb.ca/pathways/#CompoundReference/PW_C000874,abstraction:ReactsWith,http://smpdb.ca/pathways/#GenericCompoundReference/306
http://smpdb.ca/pathways/#CompoundReference/PW_C000103,abstraction:ReactsWith,http://smpdb.ca/pathways/#CompoundReference/PW_C000134
http://smpdb.ca/pathways/#CompoundReference/PW_C057887,abstraction:ReactsWith,http://smpdb.ca/pathways/#CompoundReference/PW_C000721
http://smpdb.ca/pathways/#CompoundReference/PW_C040699,abstraction:ReactsWith,http://smpdb.ca/pathways/#CompoundReference/PW_C000746
http://smpdb.ca/pathways/#CompoundReference/PW_C041014,abstraction:ReactsWith,http://smpdb.ca/pathways/#CompoundReference/PW_C000414
http://smpdb.ca/pathways/#CompoundReference/PW_C000192,abstraction:ReactsWith,http://smpdb.ca/pathways/#CompoundReference/PW_C000414
http://smpdb.ca/pathways/#CompoundReference/PW_C001063,abstraction:ReactsWith,http://smpdb.ca/pathways/#CompoundReference/PW_C001099
http://smpdb.ca/pathways/#GenericCompoundReference/41,abstraction:ReactsWith,http://smpdb.ca/pathways/#CompoundReference/PW_C002029
http://smpdb.ca/pathways/#CompoundReference/PW_C000837,abstraction:ReactsWith,http://smpdb.ca/pathways/#CompoundReference/PW_C000914
http://smpdb.ca/pathways/#GenericCompoundReference/73,abstraction:ReactsWith,http://smpdb.ca/pathways/#CompoundReference/PW_C000886
http://smpdb.ca/pathways/#CompoundReference/PW_C040034,abstraction:ReactsWith,http://smpdb.ca/pathways/#CompoundReference/PW_C000995
http://smpdb.ca/pathways/#CompoundReference/PW_C001065,abstraction:ReactsWith,http://smpdb.ca/pathways/#CompoundReference/PW_C042759
http://smpdb.ca/pathways/#CompoundReference/PW_C102453,abstraction:ReactsWith,http://smpdb.ca/pathways/#CompoundReference/PW_C001065
http://smpdb.ca/pathways/#CompoundReference/PW_C040034,abstraction:ReactsWith,http://smpdb.ca/pathways/#CompoundReference/PW_C001213
http://smpdb.ca/pathways/#CompoundReference/PW_C041158,abstraction:ReactsWith,http://smpdb.ca/pathways/#CompoundReference/PW_C000080
http://smpdb.ca/pathways/#CompoundReference/PW_C000209,abstraction:ReactsWith,http://smpdb.ca/pathways/#CompoundReference/PW_C001420
http://smpdb.ca/pathways/#CompoundReference/PW_C040034,abstraction:ReactsWith,http://smpdb.ca/pathways/#CompoundReference/PW_C042904
http://smpdb.ca/pathways/#CompoundReference/PW_C000721,abstraction:ReactsWith,http://smpdb.ca/pathways/#CompoundReference/PW_C000168
http://smpdb.ca/pathways/#CompoundReference/PW_C000143,abstraction:ReactsWith,http://smpdb.ca/pathways/#CompoundReference/PW_C000045
http://smpdb.ca/pathways/#CompoundReference/PW_C000143,abstraction:ReactsWith,http://smpdb.ca/pathways/#CompoundReference/PW_C001745
http://smpdb.ca/pathways/#CompoundReference/PW_C000146,abstraction:ReactsWith,http://smpdb.ca/pathways/#CompoundReference/PW_C104658
http://smpdb.ca/pathways/#CompoundReference/PW_C002766,abstraction:ReactsWith,http://smpdb.ca/pathways/#CompoundReference/PW_C001065
http://smpdb.ca/pathways/#CompoundReference/PW_C001420,abstraction:ReactsWith,http://smpdb.ca/pathways/#CompoundReference/PW_C001009
http://smpdb.ca/pathways/#CompoundReference/PW_C000161,abstraction:ReactsWith,http://smpdb.ca/pathways/#CompoundReference/PW_C001104
http://smpdb.ca/pathways/#CompoundReference/PW_C040034,abstraction:ReactsWith,http://smpdb.ca/pathways/#CompoundReference/PW_C003010
http://smpdb.ca/pathways/#CompoundReference/PW_C000143,abstraction:ReactsWith,http://smpdb.ca/pathways/#CompoundReference/PW_C000114
http://smpdb.ca/pathways/#CompoundReference/PW_C016363,abstraction:ReactsWith,http://smpdb.ca/pathways/#CompoundReference/PW_C040034
http://smpdb.ca/pathways/#CompoundReference/PW_C000988,abstraction:ReactsWith,http://smpdb.ca/pathways/#CompoundReference/PW_C000414
http://smpdb.ca/pathways/#CompoundReference/PW_C001420,abstraction:ReactsWith,http://smpdb.ca/pathways/#CompoundReference/PW_C001858
http://smpdb.ca/pathways/#CompoundReference/PW_C000955,abstraction:ReactsWith,http://smpdb.ca/pathways/#CompoundReference/PW_C000414
http://smpdb.ca/pathways/#CompoundReference/PW_C000805,abstraction:ReactsWith,http://smpdb.ca/pathways/#CompoundReference/PW_C018836
http://smpdb.ca/pathways/#CompoundReference/PW_C001257,abstraction:ReactsWith,http://smpdb.ca/pathways/#CompoundReference/PW_C001065
http://smpdb.ca/pathways/#CompoundReference/PW_C040034,abstraction:ReactsWith,http://smpdb.ca/pathways/#CompoundReference/PW_C016115
http://smpdb.ca/pathways/#CompoundReference/PW_C001065,abstraction:ReactsWith,http://smpdb.ca/pathways/#CompoundReference/PW_C000567
http://smpdb.ca/pathways/#CompoundReference/PW_C006745,abstraction:ReactsWith,http://smpdb.ca/pathways/#CompoundReference/PW_C001065
http://smpdb.ca/pathways/#CompoundReference/PW_C000008,abstraction:ReactsWith,http://smpdb.ca/pathways/#GenericCompoundReference/323
http://smpdb.ca/pathways/#CompoundReference/PW_C001420,abstraction:ReactsWith,http://smpdb.ca/pathways/#CompoundReference/PW_C000866
http://smpdb.ca/pathways/#CompoundReference/PW_C001099,abstraction:ReactsWith,http://smpdb.ca/pathways/#CompoundReference/PW_C000164
http://smpdb.ca/pathways/#CompoundReference/PW_C000479,abstraction:ReactsWith,http://smpdb.ca/pathways/#CompoundReference/PW_C000414
http://smpdb.ca/pathways/#CompoundReference/PW_C000146,abstraction:ReactsWith,http://smpdb.ca/pathways/#CompoundReference/PW_C001045
http://smpdb.ca/pathways/#CompoundReference/PW_C000143,abstraction:ReactsWith,http://smpdb.ca/pathways/#CompoundReference/PW_C002041
http://smpdb.ca/pathways/#CompoundReference/PW_C001778,abstraction:ReactsWith,http://smpdb.ca/pathways/#CompoundReference/PW_C040034
http://smpdb.ca/pathways/#CompoundReference/PW_C002916,abstraction:ReactsWith,http://smpdb.ca/pathways/#CompoundReference/PW_C040034
http://smpdb.ca/pathways/#CompoundReference/PW_C007776,abstraction:ReactsWith,http://smpdb.ca/pathways/#CompoundReference/PW_C001065
http://smpdb.ca/pathways/#CompoundReference/PW_C020316,abstraction:ReactsWith,http://smpdb.ca/pathways/#CompoundReference/PW_C000146
http://smpdb.ca/pathways/#CompoundReference/PW_C001249,abstraction:ReactsWith,http://smpdb.ca/pathways/#CompoundReference/PW_C000146
http://smpdb.ca/pathways/#CompoundReference/PW_C002108,abstraction:ReactsWith,http://smpdb.ca/pathways/#CompoundReference/PW_C001034
http://smpdb.ca/pathways/#CompoundReference/PW_C000174,abstraction:ReactsWith,http://smpdb.ca/pathways/#CompoundReference/PW_C000846
http://smpdb.ca/pathways/#CompoundReference/PW_C040034,abstraction:ReactsWith,http://smpdb.ca/pathways/#CompoundReference/PW_C044541
http://smpdb.ca/pathways/#CompoundReference/PW_C007739,abstraction:ReactsWith,http://smpdb.ca/pathways/#CompoundReference/PW_C001987
http://smpdb.ca/pathways/#CompoundReference/PW_C001065,abstraction:ReactsWith,http://smpdb.ca/pathways/#CompoundReference/PW_C000161
http://smpdb.ca/pathways/#CompoundReference/PW_C001686,abstraction:ReactsWith,http://smpdb.ca/pathways/#CompoundReference/PW_C000146
http://smpdb.ca/pathways/#CompoundReference/PW_C000558,abstraction:ReactsWith,http://smpdb.ca/pathways/#CompoundReference/PW_C040034
http://smpdb.ca/pathways/#GenericCompoundReference/105,abstraction:ReactsWith,http://smpdb.ca/pathways/#CompoundReference/PW_C040034
http://smpdb.ca/pathways/#CompoundReference/PW_C000016,abstraction:ReactsWith,http://smpdb.ca/pathways/#CompoundReference/PW_C000721
http://smpdb.ca/pathways/#CompoundReference/PW_C000009,abstraction:ReactsWith,http://smpdb.ca/pathways/#CompoundReference/PW_C040034
http://smpdb.ca/pathways/#CompoundReference/PW_C000721,abstraction:ReactsWith,http://smpdb.ca/pathways/#CompoundReference/PW_C001889
http://smpdb.ca/pathways/#CompoundReference/PW_C001221,abstraction:ReactsWith,http://smpdb.ca/pathways/#CompoundReference/PW_C000078
http://smpdb.ca/pathways/#CompoundReference/PW_C001420,abstraction:ReactsWith,http://smpdb.ca/pathways/#CompoundReference/PW_C041582
http://smpdb.ca/pathways/#CompoundReference/PW_C001065,abstraction:ReactsWith,http://smpdb.ca/pathways/#CompoundReference/PW_C009184
http://smpdb.ca/pathways/#CompoundReference/PW_C000353,abstraction:ReactsWith,http://smpdb.ca/pathways/#CompoundReference/PW_C001420
http://smpdb.ca/pathways/#CompoundReference/PW_C001420,abstraction:ReactsWith,http://smpdb.ca/pathways/#CompoundReference/PW_C002667
http://smpdb.ca/pathways/#CompoundReference/PW_C001142,abstraction:ReactsWith,http://smpdb.ca/pathways/#CompoundReference/PW_C001420
http://smpdb.ca/pathways/#CompoundReference/PW_C000414,abstraction:ReactsWith,http://smpdb.ca/pathways/#CompoundReference/PW_C042917
http://smpdb.ca/pathways/#CompoundReference/PW_C008134,abstraction:ReactsWith,http://smpdb.ca/pathways/#CompoundReference/PW_C040034
http://smpdb.ca/pathways/#CompoundReference/PW_C041014,abstraction:ReactsWith,http://smpdb.ca/pathways/#CompoundReference/PW_C001420
http://smpdb.ca/pathways/#CompoundReference/PW_C000192,abstraction:ReactsWith,http://smpdb.ca/pathways/#CompoundReference/PW_C001420
http://smpdb.ca/pathways/#CompoundReference/PW_C001420,abstraction:ReactsWith,http://smpdb.ca/pathways/#CompoundReference/PW_C007786
http://smpdb.ca/pathways/#CompoundReference/PW_C005831,abstraction:ReactsWith,http://smpdb.ca/pathways/#CompoundReference/PW_C000414
http://smpdb.ca/pathways/#CompoundReference/PW_C041033,abstraction:ReactsWith,http://smpdb.ca/pathways/#CompoundReference/PW_C000192
http://smpdb.ca/pathways/#CompoundReference/PW_C001065,abstraction:ReactsWith,http://smpdb.ca/pathways/#CompoundReference/PW_C010915
http://smpdb.ca/pathways/#CompoundReference/PW_C001062,abstraction:ReactsWith,http://smpdb.ca/pathways/#CompoundReference/PW_C000170
http://smpdb.ca/pathways/#CompoundReference/PW_C044515,abstraction:ReactsWith,http://smpdb.ca/pathways/#CompoundReference/PW_C042654
http://smpdb.ca/pathways/#CompoundReference/PW_C000414,abstraction:ReactsWith,http://smpdb.ca/pathways/#CompoundReference/PW_C000857
http://smpdb.ca/pathways/#CompoundReference/PW_C057889,abstraction:ReactsWith,http://smpdb.ca/pathways/#CompoundReference/PW_C001420
http://smpdb.ca/pathways/#CompoundReference/PW_C000095,abstraction:ReactsWith,http://smpdb.ca/pathways/#CompoundReference/PW_C007782
http://smpdb.ca/pathways/#CompoundReference/PW_C040034,abstraction:ReactsWith,http://smpdb.ca/pathways/#CompoundReference/PW_C001830
http://smpdb.ca/pathways/#CompoundReference/PW_C001019,abstraction:ReactsWith,http://smpdb.ca/pathways/#CompoundReference/PW_C000721
http://smpdb.ca/pathways/#CompoundReference/PW_C040034,abstraction:ReactsWith,http://smpdb.ca/pathways/#CompoundReference/PW_C000190
http://smpdb.ca/pathways/#CompoundReference/PW_C000721,abstraction:ReactsWith,http://smpdb.ca/pathways/#CompoundReference/PW_C007780
http://smpdb.ca/pathways/#CompoundReference/PW_C001420,abstraction:ReactsWith,http://smpdb.ca/pathways/#CompoundReference/PW_C040628
http://smpdb.ca/pathways/#CompoundReference/PW_C041683,abstraction:ReactsWith,http://smpdb.ca/pathways/#CompoundReference/PW_C000863
http://smpdb.ca/pathways/#CompoundReference/PW_C002968,abstraction:ReactsWith,http://smpdb.ca/pathways/#CompoundReference/PW_C040778
http://smpdb.ca/pathways/#CompoundReference/PW_C009153,abstraction:ReactsWith,http://smpdb.ca/pathways/#CompoundReference/PW_C000746
http://smpdb.ca/pathways/#CompoundReference/PW_C002704,abstraction:ReactsWith,http://smpdb.ca/pathways/#CompoundReference/PW_C001065
http://smpdb.ca/pathways/#CompoundReference/PW_C040034,abstraction:ReactsWith,http://smpdb.ca/pathways/#CompoundReference/PW_C042939
http://smpdb.ca/pathways/#CompoundReference/PW_C001420,abstraction:ReactsWith,http://smpdb.ca/pathways/#CompoundReference/PW_C104775
http://smpdb.ca/pathways/#CompoundReference/PW_C001938,abstraction:ReactsWith,http://smpdb.ca/pathways/#CompoundReference/PW_C040034
http://smpdb.ca/pathways/#CompoundReference/PW_C001062,abstraction:ReactsWith,http://smpdb.ca/pathways/#CompoundReference/PW_C000171
http://smpdb.ca/pathways/#CompoundReference/PW_C040034,abstraction:ReactsWith,http://smpdb.ca/pathways/#CompoundReference/PW_C002012
http://smpdb.ca/pathways/#CompoundReference/PW_C042617,abstraction:ReactsWith,http://smpdb.ca/pathways/#CompoundReference/PW_C000196
http://smpdb.ca/pathways/#CompoundReference/PW_C000988,abstraction:ReactsWith,http://smpdb.ca/pathways/#CompoundReference/PW_C001420
http://smpdb.ca/pathways/#CompoundReference/PW_C000193,abstraction:ReactsWith,http://smpdb.ca/pathways/#CompoundReference/PW_C002564
http://smpdb.ca/pathways/#GenericCompoundReference/84,abstraction:ReactsWith,http://smpdb.ca/pathways/#CompoundReference/PW_C040034
http://smpdb.ca/pathways/#CompoundReference/PW_C001104,abstraction:ReactsWith,http://smpdb.ca/pathways/#CompoundReference/PW_C001034
http://smpdb.ca/pathways/#CompoundReference/PW_C000095,abstraction:ReactsWith,http://smpdb.ca/pathways/#CompoundReference/PW_C007810
http://smpdb.ca/pathways/#CompoundReference/PW_C000146,abstraction:ReactsWith,http://smpdb.ca/pathways/#CompoundReference/PW_C000678
http://smpdb.ca/pathways/#CompoundReference/PW_C000951,abstraction:ReactsWith,http://smpdb.ca/pathways/#CompoundReference/PW_C040034
http://smpdb.ca/pathways/#CompoundReference/PW_C001420,abstraction:ReactsWith,http://smpdb.ca/pathways/#CompoundReference/PW_C007227
http://smpdb.ca/pathways/#CompoundReference/PW_C000190,abstraction:ReactsWith,http://smpdb.ca/pathways/#CompoundReference/PW_C001145
http://smpdb.ca/pathways/#CompoundReference/PW_C000146,abstraction:ReactsWith,http://smpdb.ca/pathways/#CompoundReference/PW_C018131
http://smpdb.ca/pathways/#CompoundReference/PW_C001420,abstraction:ReactsWith,http://smpdb.ca/pathways/#CompoundReference/PW_C000774
http://smpdb.ca/pathways/#CompoundReference/PW_C001144,abstraction:ReactsWith,http://smpdb.ca/pathways/#CompoundReference/PW_C040614
http://smpdb.ca/pathways/#CompoundReference/PW_C000094,abstraction:ReactsWith,http://smpdb.ca/pathways/#CompoundReference/PW_C040034
http://smpdb.ca/pathways/#CompoundReference/PW_C040034,abstraction:ReactsWith,http://smpdb.ca/pathways/#CompoundReference/PW_C000548
http://smpdb.ca/pathways/#CompoundReference/PW_C040034,abstraction:ReactsWith,http://smpdb.ca/pathways/#CompoundReference/PW_C000784
http://smpdb.ca/pathways/#CompoundReference/PW_C000274,abstraction:ReactsWith,http://smpdb.ca/pathways/#CompoundReference/PW_C001144
http://smpdb.ca/pathways/#CompoundReference/PW_C000047,abstraction:ReactsWith,http://smpdb.ca/pathways/#CompoundReference/PW_C040705
http://smpdb.ca/pathways/#CompoundReference/PW_C000134,abstraction:ReactsWith,http://smpdb.ca/pathways/#CompoundReference/PW_C001099
http://smpdb.ca/pathways/#CompoundReference/PW_C000982,abstraction:ReactsWith,http://smpdb.ca/pathways/#CompoundReference/PW_C040034
http://smpdb.ca/pathways/#CompoundReference/PW_C009649,abstraction:ReactsWith,http://smpdb.ca/pathways/#CompoundReference/PW_C000146
http://smpdb.ca/pathways/#CompoundReference/PW_C000988,abstraction:ReactsWith,http://smpdb.ca/pathways/#CompoundReference/PW_C000174
http://smpdb.ca/pathways/#CompoundReference/PW_C000721,abstraction:ReactsWith,http://smpdb.ca/pathways/#CompoundReference/PW_C001441
http://smpdb.ca/pathways/#CompoundReference/PW_C001065,abstraction:ReactsWith,http://smpdb.ca/pathways/#CompoundReference/PW_C000223
http://smpdb.ca/pathways/#CompoundReference/PW_C001144,abstraction:ReactsWith,http://smpdb.ca/pathways/#CompoundReference/PW_C044520
http://smpdb.ca/pathways/#CompoundReference/PW_C000414,abstraction:ReactsWith,http://smpdb.ca/pathways/#CompoundReference/PW_C002021
http://smpdb.ca/pathways/#CompoundReference/PW_C040034,abstraction:ReactsWith,http://smpdb.ca/pathways/#GenericCompoundReference/237
http://smpdb.ca/pathways/#CompoundReference/PW_C001144,abstraction:ReactsWith,http://smpdb.ca/pathways/#CompoundReference/PW_C001924
http://smpdb.ca/pathways/#GenericCompoundReference/302,abstraction:ReactsWith,http://smpdb.ca/pathways/#CompoundReference/PW_C104779
http://smpdb.ca/pathways/#CompoundReference/PW_C000146,abstraction:ReactsWith,http://smpdb.ca/pathways/#CompoundReference/PW_C002970
http://smpdb.ca/pathways/#CompoundReference/PW_C040446,abstraction:ReactsWith,http://smpdb.ca/pathways/#CompoundReference/PW_C000414
http://smpdb.ca/pathways/#CompoundReference/PW_C001104,abstraction:ReactsWith,http://smpdb.ca/pathways/#CompoundReference/PW_C000127
http://smpdb.ca/pathways/#CompoundReference/PW_C001420,abstraction:ReactsWith,http://smpdb.ca/pathways/#CompoundReference/PW_C001145
http://smpdb.ca/pathways/#CompoundReference/PW_C104658,abstraction:ReactsWith,http://smpdb.ca/pathways/#CompoundReference/PW_C000146
http://smpdb.ca/pathways/#CompoundReference/PW_C040488,abstraction:ReactsWith,http://smpdb.ca/pathways/#CompoundReference/PW_C001420
http://smpdb.ca/pathways/#CompoundReference/PW_C001336,abstraction:ReactsWith,http://smpdb.ca/pathways/#CompoundReference/PW_C000146
http://smpdb.ca/pathways/#CompoundReference/PW_C059090,abstraction:ReactsWith,http://smpdb.ca/pathways/#GenericCompoundReference/295
http://smpdb.ca/pathways/#CompoundReference/PW_C008843,abstraction:ReactsWith,http://smpdb.ca/pathways/#CompoundReference/PW_C000414
http://smpdb.ca/pathways/#CompoundReference/PW_C041546,abstraction:ReactsWith,http://smpdb.ca/pathways/#CompoundReference/PW_C000921
http://smpdb.ca/pathways/#CompoundReference/PW_C000052,abstraction:ReactsWith,http://smpdb.ca/pathways/#CompoundReference/PW_C001081
http://smpdb.ca/pathways/#CompoundReference/PW_C012012,abstraction:ReactsWith,http://smpdb.ca/pathways/#CompoundReference/PW_C000134
http://smpdb.ca/pathways/#CompoundReference/PW_C000897,abstraction:ReactsWith,http://smpdb.ca/pathways/#CompoundReference/PW_C001099
http://smpdb.ca/pathways/#CompoundReference/PW_C001099,abstraction:ReactsWith,http://smpdb.ca/pathways/#CompoundReference/PW_C001340
http://smpdb.ca/pathways/#CompoundReference/PW_C000921,abstraction:ReactsWith,http://smpdb.ca/pathways/#GenericCompoundReference/157
http://smpdb.ca/pathways/#CompoundReference/PW_C011995,abstraction:ReactsWith,http://smpdb.ca/pathways/#CompoundReference/PW_C000146
http://smpdb.ca/pathways/#CompoundReference/PW_C000921,abstraction:ReactsWith,http://smpdb.ca/pathways/#CompoundReference/PW_C057893
http://smpdb.ca/pathways/#CompoundReference/PW_C000146,abstraction:ReactsWith,http://smpdb.ca/pathways/#CompoundReference/PW_C009153
http://smpdb.ca/pathways/#CompoundReference/PW_C000914,abstraction:ReactsWith,http://smpdb.ca/pathways/#CompoundReference/PW_C001420
http://smpdb.ca/pathways/#CompoundReference/PW_C002961,abstraction:ReactsWith,http://smpdb.ca/pathways/#CompoundReference/PW_C000146
http://smpdb.ca/pathways/#CompoundReference/PW_C000547,abstraction:ReactsWith,http://smpdb.ca/pathways/#CompoundReference/PW_C000095
http://smpdb.ca/pathways/#CompoundReference/PW_C040034,abstraction:ReactsWith,http://smpdb.ca/pathways/#CompoundReference/PW_C007824
http://smpdb.ca/pathways/#CompoundReference/PW_C000157,abstraction:ReactsWith,http://smpdb.ca/pathways/#CompoundReference/PW_C001065
http://smpdb.ca/pathways/#CompoundReference/PW_C044523,abstraction:ReactsWith,http://smpdb.ca/pathways/#CompoundReference/PW_C000414
http://smpdb.ca/pathways/#CompoundReference/PW_C007805,abstraction:ReactsWith,http://smpdb.ca/pathways/#CompoundReference/PW_C007807
http://smpdb.ca/pathways/#CompoundReference/PW_C001420,abstraction:ReactsWith,http://smpdb.ca/pathways/#CompoundReference/PW_C007846
http://smpdb.ca/pathways/#CompoundReference/PW_C040550,abstraction:ReactsWith,http://smpdb.ca/pathways/#CompoundReference/PW_C000146
http://smpdb.ca/pathways/#CompoundReference/PW_C001034,abstraction:ReactsWith,http://smpdb.ca/pathways/#GenericCompoundReference/73
http://smpdb.ca/pathways/#CompoundReference/PW_C000915,abstraction:ReactsWith,http://smpdb.ca/pathways/#CompoundReference/PW_C000414
http://smpdb.ca/pathways/#CompoundReference/PW_C040940,abstraction:ReactsWith,http://smpdb.ca/pathways/#CompoundReference/PW_C040034
http://smpdb.ca/pathways/#CompoundReference/PW_C041253,abstraction:ReactsWith,http://smpdb.ca/pathways/#CompoundReference/PW_C000721
http://smpdb.ca/pathways/#CompoundReference/PW_C000953,abstraction:ReactsWith,http://smpdb.ca/pathways/#CompoundReference/PW_C000146
http://smpdb.ca/pathways/#CompoundReference/PW_C040034,abstraction:ReactsWith,http://smpdb.ca/pathways/#CompoundReference/PW_C042940
http://smpdb.ca/pathways/#CompoundReference/PW_C001144,abstraction:ReactsWith,http://smpdb.ca/pathways/#CompoundReference/PW_C040034
http://smpdb.ca/pathways/#CompoundReference/PW_C000772,abstraction:ReactsWith,http://smpdb.ca/pathways/#CompoundReference/PW_C001420
http://smpdb.ca/pathways/#CompoundReference/PW_C040034,abstraction:ReactsWith,http://smpdb.ca/pathways/#CompoundReference/PW_C040838
http://smpdb.ca/pathways/#CompoundReference/PW_C000172,abstraction:ReactsWith,http://smpdb.ca/pathways/#CompoundReference/PW_C001104
http://smpdb.ca/pathways/#CompoundReference/PW_C000414,abstraction:ReactsWith,http://smpdb.ca/pathways/#CompoundReference/PW_C000937
http://smpdb.ca/pathways/#CompoundReference/PW_C001420,abstraction:ReactsWith,http://smpdb.ca/pathways/#CompoundReference/PW_C001083
http://smpdb.ca/pathways/#CompoundReference/PW_C000414,abstraction:ReactsWith,http://smpdb.ca/pathways/#CompoundReference/PW_C001188
http://smpdb.ca/pathways/#CompoundReference/PW_C000146,abstraction:ReactsWith,http://smpdb.ca/pathways/#CompoundReference/PW_C044550
http://smpdb.ca/pathways/#CompoundReference/PW_C040034,abstraction:ReactsWith,http://smpdb.ca/pathways/#CompoundReference/PW_C000911
http://smpdb.ca/pathways/#CompoundReference/PW_C000810,abstraction:ReactsWith,http://smpdb.ca/pathways/#CompoundReference/PW_C000095
http://smpdb.ca/pathways/#CompoundReference/PW_C040034,abstraction:ReactsWith,http://smpdb.ca/pathways/#CompoundReference/PW_C044588
http://smpdb.ca/pathways/#CompoundReference/PW_C001420,abstraction:ReactsWith,http://smpdb.ca/pathways/#CompoundReference/PW_C040683
http://smpdb.ca/pathways/#CompoundReference/PW_C001420,abstraction:ReactsWith,http://smpdb.ca/pathways/#CompoundReference/PW_C041456
http://smpdb.ca/pathways/#CompoundReference/PW_C002747,abstraction:ReactsWith,http://smpdb.ca/pathways/#CompoundReference/PW_C001099
http://smpdb.ca/pathways/#CompoundReference/PW_C000031,abstraction:ReactsWith,http://smpdb.ca/pathways/#CompoundReference/PW_C000052
http://smpdb.ca/pathways/#CompoundReference/PW_C016115,abstraction:ReactsWith,http://smpdb.ca/pathways/#CompoundReference/PW_C000146
http://smpdb.ca/pathways/#CompoundReference/PW_C000911,abstraction:ReactsWith,http://smpdb.ca/pathways/#CompoundReference/PW_C008122
http://smpdb.ca/pathways/#CompoundReference/PW_C000921,abstraction:ReactsWith,http://smpdb.ca/pathways/#CompoundReference/PW_C040811
http://smpdb.ca/pathways/#CompoundReference/PW_C001420,abstraction:ReactsWith,http://smpdb.ca/pathways/#CompoundReference/PW_C002944
http://smpdb.ca/pathways/#CompoundReference/PW_C040034,abstraction:ReactsWith,http://smpdb.ca/pathways/#CompoundReference/PW_C002010
http://smpdb.ca/pathways/#CompoundReference/PW_C000936,abstraction:ReactsWith,http://smpdb.ca/pathways/#CompoundReference/PW_C000986
http://smpdb.ca/pathways/#CompoundReference/PW_C040034,abstraction:ReactsWith,http://smpdb.ca/pathways/#CompoundReference/PW_C104769
http://smpdb.ca/pathways/#GenericCompoundReference/73,abstraction:ReactsWith,http://smpdb.ca/pathways/#CompoundReference/PW_C000936
http://smpdb.ca/pathways/#CompoundReference/PW_C000414,abstraction:ReactsWith,http://smpdb.ca/pathways/#GenericCompoundReference/228
http://smpdb.ca/pathways/#CompoundReference/PW_C040034,abstraction:ReactsWith,http://smpdb.ca/pathways/#CompoundReference/PW_C001922
http://smpdb.ca/pathways/#CompoundReference/PW_C000110,abstraction:ReactsWith,http://smpdb.ca/pathways/#CompoundReference/PW_C040034
http://smpdb.ca/pathways/#CompoundReference/PW_C008843,abstraction:ReactsWith,http://smpdb.ca/pathways/#CompoundReference/PW_C001420
http://smpdb.ca/pathways/#CompoundReference/PW_C040034,abstraction:ReactsWith,http://smpdb.ca/pathways/#CompoundReference/PW_C000951
http://smpdb.ca/pathways/#CompoundReference/PW_C000970,abstraction:ReactsWith,http://smpdb.ca/pathways/#CompoundReference/PW_C001420
http://smpdb.ca/pathways/#CompoundReference/PW_C000832,abstraction:ReactsWith,http://smpdb.ca/pathways/#CompoundReference/PW_C001420
http://smpdb.ca/pathways/#CompoundReference/PW_C000095,abstraction:ReactsWith,http://smpdb.ca/pathways/#CompoundReference/PW_C000414
http://smpdb.ca/pathways/#CompoundReference/PW_C001105,abstraction:ReactsWith,http://smpdb.ca/pathways/#CompoundReference/PW_C001065
http://smpdb.ca/pathways/#CompoundReference/PW_C040034,abstraction:ReactsWith,http://smpdb.ca/pathways/#CompoundReference/PW_C007723
http://smpdb.ca/pathways/#CompoundReference/PW_C044599,abstraction:ReactsWith,http://smpdb.ca/pathways/#CompoundReference/PW_C040034
http://smpdb.ca/pathways/#CompoundReference/PW_C002794,abstraction:ReactsWith,http://smpdb.ca/pathways/#CompoundReference/PW_C002151
http://smpdb.ca/pathways/#CompoundReference/PW_C007784,abstraction:ReactsWith,http://smpdb.ca/pathways/#CompoundReference/PW_C001783
http://smpdb.ca/pathways/#CompoundReference/PW_C001057,abstraction:ReactsWith,http://smpdb.ca/pathways/#CompoundReference/PW_C000721
http://smpdb.ca/pathways/#CompoundReference/PW_C000164,abstraction:ReactsWith,http://smpdb.ca/pathways/#CompoundReference/PW_C040034
http://smpdb.ca/pathways/#CompoundReference/PW_C001420,abstraction:ReactsWith,http://smpdb.ca/pathways/#CompoundReference/PW_C045275
http://smpdb.ca/pathways/#CompoundReference/PW_C009558,abstraction:ReactsWith,http://smpdb.ca/pathways/#CompoundReference/PW_C040034
http://smpdb.ca/pathways/#CompoundReference/PW_C007807,abstraction:ReactsWith,http://smpdb.ca/pathways/#CompoundReference/PW_C007805
http://smpdb.ca/pathways/#CompoundReference/PW_C000134,abstraction:ReactsWith,http://smpdb.ca/pathways/#CompoundReference/PW_C000390
http://smpdb.ca/pathways/#CompoundReference/PW_C040492,abstraction:ReactsWith,http://smpdb.ca/pathways/#CompoundReference/PW_C040034
http://smpdb.ca/pathways/#CompoundReference/PW_C001795,abstraction:ReactsWith,http://smpdb.ca/pathways/#CompoundReference/PW_C001099
http://smpdb.ca/pathways/#CompoundReference/PW_C001989,abstraction:ReactsWith,http://smpdb.ca/pathways/#CompoundReference/PW_C000143
http://smpdb.ca/pathways/#CompoundReference/PW_C001966,abstraction:ReactsWith,http://smpdb.ca/pathways/#CompoundReference/PW_C040034
http://smpdb.ca/pathways/#CompoundReference/PW_C040519,abstraction:ReactsWith,http://smpdb.ca/pathways/#CompoundReference/PW_C000921
http://smpdb.ca/pathways/#CompoundReference/PW_C000746,abstraction:ReactsWith,http://smpdb.ca/pathways/#CompoundReference/PW_C040699
http://smpdb.ca/pathways/#GenericCompoundReference/299,abstraction:ReactsWith,http://smpdb.ca/pathways/#CompoundReference/PW_C001065
http://smpdb.ca/pathways/#GenericCompoundReference/302,abstraction:ReactsWith,http://smpdb.ca/pathways/#CompoundReference/PW_C002792
http://smpdb.ca/pathways/#CompoundReference/PW_C000741,abstraction:ReactsWith,http://smpdb.ca/pathways/#CompoundReference/PW_C012810
http://smpdb.ca/pathways/#CompoundReference/PW_C000146,abstraction:ReactsWith,http://smpdb.ca/pathways/#CompoundReference/PW_C044555
http://smpdb.ca/pathways/#CompoundReference/PW_C002986,abstraction:ReactsWith,http://smpdb.ca/pathways/#CompoundReference/PW_C001099
http://smpdb.ca/pathways/#CompoundReference/PW_C000164,abstraction:ReactsWith,http://smpdb.ca/pathways/#CompoundReference/PW_C000071
http://smpdb.ca/pathways/#CompoundReference/PW_C008527,abstraction:ReactsWith,http://smpdb.ca/pathways/#CompoundReference/PW_C000721
http://smpdb.ca/pathways/#CompoundReference/PW_C002040,abstraction:ReactsWith,http://smpdb.ca/pathways/#CompoundReference/PW_C001065
http://smpdb.ca/pathways/#CompoundReference/PW_C001420,abstraction:ReactsWith,http://smpdb.ca/pathways/#CompoundReference/PW_C000061
http://smpdb.ca/pathways/#CompoundReference/PW_C000915,abstraction:ReactsWith,http://smpdb.ca/pathways/#CompoundReference/PW_C001420
http://smpdb.ca/pathways/#CompoundReference/PW_C000134,abstraction:ReactsWith,http://smpdb.ca/pathways/#CompoundReference/PW_C000721
http://smpdb.ca/pathways/#CompoundReference/PW_C008731,abstraction:ReactsWith,http://smpdb.ca/pathways/#CompoundReference/PW_C040034
http://smpdb.ca/pathways/#CompoundReference/PW_C001065,abstraction:ReactsWith,http://smpdb.ca/pathways/#CompoundReference/PW_C001680
http://smpdb.ca/pathways/#CompoundReference/PW_C000940,abstraction:ReactsWith,http://smpdb.ca/pathways/#CompoundReference/PW_C042942
http://smpdb.ca/pathways/#CompoundReference/PW_C000146,abstraction:ReactsWith,http://smpdb.ca/pathways/#CompoundReference/PW_C000946
http://smpdb.ca/pathways/#CompoundReference/PW_C000146,abstraction:ReactsWith,http://smpdb.ca/pathways/#CompoundReference/PW_C000741
http://smpdb.ca/pathways/#CompoundReference/PW_C040034,abstraction:ReactsWith,http://smpdb.ca/pathways/#CompoundReference/PW_C007722
http://smpdb.ca/pathways/#CompoundReference/PW_C000543,abstraction:ReactsWith,http://smpdb.ca/pathways/#CompoundReference/PW_C000028
http://smpdb.ca/pathways/#CompoundReference/PW_C007306,abstraction:ReactsWith,http://smpdb.ca/pathways/#CompoundReference/PW_C000146
http://smpdb.ca/pathways/#CompoundReference/PW_C044607,abstraction:ReactsWith,http://smpdb.ca/pathways/#CompoundReference/PW_C007685
http://smpdb.ca/pathways/#CompoundReference/PW_C001059,abstraction:ReactsWith,http://smpdb.ca/pathways/#CompoundReference/PW_C000414
http://smpdb.ca/pathways/#CompoundReference/PW_C000723,abstraction:ReactsWith,http://smpdb.ca/pathways/#CompoundReference/PW_C000123
http://smpdb.ca/pathways/#CompoundReference/PW_C104716,abstraction:ReactsWith,http://smpdb.ca/pathways/#CompoundReference/PW_C001420
http://smpdb.ca/pathways/#CompoundReference/PW_C104780,abstraction:ReactsWith,http://smpdb.ca/pathways/#CompoundReference/PW_C001065
http://smpdb.ca/pathways/#CompoundReference/PW_C000134,abstraction:ReactsWith,http://smpdb.ca/pathways/#CompoundReference/PW_C007219
http://smpdb.ca/pathways/#CompoundReference/PW_C002111,abstraction:ReactsWith,http://smpdb.ca/pathways/#CompoundReference/PW_C040034
http://smpdb.ca/pathways/#CompoundReference/PW_C000146,abstraction:ReactsWith,http://smpdb.ca/pathways/#CompoundReference/PW_C096924
http://smpdb.ca/pathways/#CompoundReference/PW_C001065,abstraction:ReactsWith,http://smpdb.ca/pathways/#CompoundReference/PW_C002374
http://smpdb.ca/pathways/#CompoundReference/PW_C001405,abstraction:ReactsWith,http://smpdb.ca/pathways/#CompoundReference/PW_C001420
http://smpdb.ca/pathways/#CompoundReference/PW_C001992,abstraction:ReactsWith,http://smpdb.ca/pathways/#CompoundReference/PW_C001420
http://smpdb.ca/pathways/#CompoundReference/PW_C002047,abstraction:ReactsWith,http://smpdb.ca/pathways/#CompoundReference/PW_C001420
http://smpdb.ca/pathways/#CompoundReference/PW_C000032,abstraction:ReactsWith,http://smpdb.ca/pathways/#CompoundReference/PW_C000170
http://smpdb.ca/pathways/#CompoundReference/PW_C000746,abstraction:ReactsWith,http://smpdb.ca/pathways/#CompoundReference/PW_C009240
http://smpdb.ca/pathways/#CompoundReference/PW_C001420,abstraction:ReactsWith,http://smpdb.ca/pathways/#CompoundReference/PW_C000154
http://smpdb.ca/pathways/#CompoundReference/PW_C000193,abstraction:ReactsWith,http://smpdb.ca/pathways/#CompoundReference/PW_C040994
http://smpdb.ca/pathways/#CompoundReference/PW_C001144,abstraction:ReactsWith,http://smpdb.ca/pathways/#CompoundReference/PW_C001257
http://smpdb.ca/pathways/#CompoundReference/PW_C009165,abstraction:ReactsWith,http://smpdb.ca/pathways/#CompoundReference/PW_C001420
http://smpdb.ca/pathways/#CompoundReference/PW_C001420,abstraction:ReactsWith,http://smpdb.ca/pathways/#CompoundReference/PW_C001178
http://smpdb.ca/pathways/#CompoundReference/PW_C019513,abstraction:ReactsWith,http://smpdb.ca/pathways/#CompoundReference/PW_C000590
http://smpdb.ca/pathways/#CompoundReference/PW_C044567,abstraction:ReactsWith,http://smpdb.ca/pathways/#CompoundReference/PW_C040034
http://smpdb.ca/pathways/#CompoundReference/PW_C000095,abstraction:ReactsWith,http://smpdb.ca/pathways/#CompoundReference/PW_C001420
http://smpdb.ca/pathways/#CompoundReference/PW_C000805,abstraction:ReactsWith,http://smpdb.ca/pathways/#CompoundReference/PW_C057894
http://smpdb.ca/pathways/#CompoundReference/PW_C002063,abstraction:ReactsWith,http://smpdb.ca/pathways/#CompoundReference/PW_C000414
http://smpdb.ca/pathways/#CompoundReference/PW_C002778,abstraction:ReactsWith,http://smpdb.ca/pathways/#CompoundReference/PW_C040034
http://smpdb.ca/pathways/#CompoundReference/PW_C001065,abstraction:ReactsWith,http://smpdb.ca/pathways/#CompoundReference/PW_C000010
http://smpdb.ca/pathways/#CompoundReference/PW_C040477,abstraction:ReactsWith,http://smpdb.ca/pathways/#CompoundReference/PW_C001420
http://smpdb.ca/pathways/#CompoundReference/PW_C000414,abstraction:ReactsWith,http://smpdb.ca/pathways/#CompoundReference/PW_C000915
http://smpdb.ca/pathways/#GenericCompoundReference/302,abstraction:ReactsWith,http://smpdb.ca/pathways/#CompoundReference/PW_C001429
http://smpdb.ca/pathways/#CompoundReference/PW_C009457,abstraction:ReactsWith,http://smpdb.ca/pathways/#CompoundReference/PW_C000746
http://smpdb.ca/pathways/#GenericCompoundReference/138,abstraction:ReactsWith,http://smpdb.ca/pathways/#GenericCompoundReference/161
http://smpdb.ca/pathways/#CompoundReference/PW_C017617,abstraction:ReactsWith,http://smpdb.ca/pathways/#CompoundReference/PW_C001065
http://smpdb.ca/pathways/#CompoundReference/PW_C000946,abstraction:ReactsWith,http://smpdb.ca/pathways/#CompoundReference/PW_C000146
http://smpdb.ca/pathways/#CompoundReference/PW_C000134,abstraction:ReactsWith,http://smpdb.ca/pathways/#CompoundReference/PW_C000704
http://smpdb.ca/pathways/#CompoundReference/PW_C000414,abstraction:ReactsWith,http://smpdb.ca/pathways/#CompoundReference/PW_C000120
http://smpdb.ca/pathways/#CompoundReference/PW_C000414,abstraction:ReactsWith,http://smpdb.ca/pathways/#CompoundReference/PW_C000793
http://smpdb.ca/pathways/#CompoundReference/PW_C040034,abstraction:ReactsWith,http://smpdb.ca/pathways/#CompoundReference/PW_C007306
http://smpdb.ca/pathways/#CompoundReference/PW_C001061,abstraction:ReactsWith,http://smpdb.ca/pathways/#CompoundReference/PW_C040034
http://smpdb.ca/pathways/#CompoundReference/PW_C000134,abstraction:ReactsWith,http://smpdb.ca/pathways/#CompoundReference/PW_C001065
http://smpdb.ca/pathways/#CompoundReference/PW_C001059,abstraction:ReactsWith,http://smpdb.ca/pathways/#CompoundReference/PW_C001420
http://smpdb.ca/pathways/#CompoundReference/PW_C045260,abstraction:ReactsWith,http://smpdb.ca/pathways/#CompoundReference/PW_C000143
http://smpdb.ca/pathways/#GenericCompoundReference/300,abstraction:ReactsWith,http://smpdb.ca/pathways/#CompoundReference/PW_C057920
http://smpdb.ca/pathways/#CompoundReference/PW_C001420,abstraction:ReactsWith,http://smpdb.ca/pathways/#CompoundReference/PW_C002900
http://smpdb.ca/pathways/#CompoundReference/PW_C000093,abstraction:ReactsWith,http://smpdb.ca/pathways/#CompoundReference/PW_C000168
http://smpdb.ca/pathways/#CompoundReference/PW_C000189,abstraction:ReactsWith,http://smpdb.ca/pathways/#CompoundReference/PW_C000721
http://smpdb.ca/pathways/#CompoundReference/PW_C000921,abstraction:ReactsWith,http://smpdb.ca/pathways/#CompoundReference/PW_C040519
http://smpdb.ca/pathways/#CompoundReference/PW_C017784,abstraction:ReactsWith,http://smpdb.ca/pathways/#CompoundReference/PW_C000134
http://smpdb.ca/pathways/#CompoundReference/PW_C000142,abstraction:ReactsWith,http://smpdb.ca/pathways/#CompoundReference/PW_C001420
http://smpdb.ca/pathways/#CompoundReference/PW_C104779,abstraction:ReactsWith,http://smpdb.ca/pathways/#CompoundReference/PW_C001065
http://smpdb.ca/pathways/#CompoundReference/PW_C001234,abstraction:ReactsWith,http://smpdb.ca/pathways/#CompoundReference/PW_C001420
http://smpdb.ca/pathways/#CompoundReference/PW_C000414,abstraction:ReactsWith,http://smpdb.ca/pathways/#CompoundReference/PW_C000008
http://smpdb.ca/pathways/#CompoundReference/PW_C001144,abstraction:ReactsWith,http://smpdb.ca/pathways/#CompoundReference/PW_C059077
http://smpdb.ca/pathways/#CompoundReference/PW_C009457,abstraction:ReactsWith,http://smpdb.ca/pathways/#CompoundReference/PW_C001144
http://smpdb.ca/pathways/#CompoundReference/PW_C002680,abstraction:ReactsWith,http://smpdb.ca/pathways/#CompoundReference/PW_C001144
http://smpdb.ca/pathways/#CompoundReference/PW_C000207,abstraction:ReactsWith,http://smpdb.ca/pathways/#CompoundReference/PW_C001420
http://smpdb.ca/pathways/#CompoundReference/PW_C000986,abstraction:ReactsWith,http://smpdb.ca/pathways/#GenericCompoundReference/237
http://smpdb.ca/pathways/#CompoundReference/PW_C002709,abstraction:ReactsWith,http://smpdb.ca/pathways/#CompoundReference/PW_C001099
http://smpdb.ca/pathways/#CompoundReference/PW_C000921,abstraction:ReactsWith,http://smpdb.ca/pathways/#CompoundReference/PW_C040506
http://smpdb.ca/pathways/#CompoundReference/PW_C001707,abstraction:ReactsWith,http://smpdb.ca/pathways/#CompoundReference/PW_C040034
http://smpdb.ca/pathways/#CompoundReference/PW_C000935,abstraction:ReactsWith,http://smpdb.ca/pathways/#CompoundReference/PW_C001420
http://smpdb.ca/pathways/#CompoundReference/PW_C041683,abstraction:ReactsWith,http://smpdb.ca/pathways/#CompoundReference/PW_C001144
http://smpdb.ca/pathways/#CompoundReference/PW_C002643,abstraction:ReactsWith,http://smpdb.ca/pathways/#CompoundReference/PW_C001065
http://smpdb.ca/pathways/#CompoundReference/PW_C001860,abstraction:ReactsWith,http://smpdb.ca/pathways/#CompoundReference/PW_C001009
http://smpdb.ca/pathways/#CompoundReference/PW_C000721,abstraction:ReactsWith,http://smpdb.ca/pathways/#CompoundReference/PW_C008203
http://smpdb.ca/pathways/#CompoundReference/PW_C001420,abstraction:ReactsWith,http://smpdb.ca/pathways/#CompoundReference/PW_C002113
http://smpdb.ca/pathways/#CompoundReference/PW_C000146,abstraction:ReactsWith,http://smpdb.ca/pathways/#CompoundReference/PW_C000953
http://smpdb.ca/pathways/#CompoundReference/PW_C001032,abstraction:ReactsWith,http://smpdb.ca/pathways/#CompoundReference/PW_C001034
http://smpdb.ca/pathways/#GenericCompoundReference/93,abstraction:ReactsWith,http://smpdb.ca/pathways/#CompoundReference/PW_C040034
http://smpdb.ca/pathways/#CompoundReference/PW_C000081,abstraction:ReactsWith,http://smpdb.ca/pathways/#CompoundReference/PW_C001420
http://smpdb.ca/pathways/#CompoundReference/PW_C000500,abstraction:ReactsWith,http://smpdb.ca/pathways/#CompoundReference/PW_C040941
http://smpdb.ca/pathways/#CompoundReference/PW_C040981,abstraction:ReactsWith,http://smpdb.ca/pathways/#CompoundReference/PW_C000414
http://smpdb.ca/pathways/#CompoundReference/PW_C001144,abstraction:ReactsWith,http://smpdb.ca/pathways/#CompoundReference/PW_C000926
http://smpdb.ca/pathways/#CompoundReference/PW_C001420,abstraction:ReactsWith,http://smpdb.ca/pathways/#CompoundReference/PW_C044593
http://smpdb.ca/pathways/#CompoundReference/PW_C000693,abstraction:ReactsWith,http://smpdb.ca/pathways/#CompoundReference/PW_C000921
http://smpdb.ca/pathways/#CompoundReference/PW_C000024,abstraction:ReactsWith,http://smpdb.ca/pathways/#CompoundReference/PW_C000190
http://smpdb.ca/pathways/#CompoundReference/PW_C000966,abstraction:ReactsWith,http://smpdb.ca/pathways/#CompoundReference/PW_C000146
http://smpdb.ca/pathways/#CompoundReference/PW_C001973,abstraction:ReactsWith,http://smpdb.ca/pathways/#CompoundReference/PW_C040034
http://smpdb.ca/pathways/#CompoundReference/PW_C001851,abstraction:ReactsWith,http://smpdb.ca/pathways/#CompoundReference/PW_C000414
http://smpdb.ca/pathways/#CompoundReference/PW_C000721,abstraction:ReactsWith,http://smpdb.ca/pathways/#CompoundReference/PW_C007713
http://smpdb.ca/pathways/#CompoundReference/PW_C001523,abstraction:ReactsWith,http://smpdb.ca/pathways/#CompoundReference/PW_C040034
http://smpdb.ca/pathways/#CompoundReference/PW_C001065,abstraction:ReactsWith,http://smpdb.ca/pathways/#CompoundReference/PW_C002916
http://smpdb.ca/pathways/#GenericCompoundReference/551,abstraction:ReactsWith,http://smpdb.ca/pathways/#GenericCompoundReference/550
http://smpdb.ca/pathways/#CompoundReference/PW_C001144,abstraction:ReactsWith,http://smpdb.ca/pathways/#CompoundReference/PW_C040534
http://smpdb.ca/pathways/#CompoundReference/PW_C002113,abstraction:ReactsWith,http://smpdb.ca/pathways/#CompoundReference/PW_C001420
http://smpdb.ca/pathways/#CompoundReference/PW_C000885,abstraction:ReactsWith,http://smpdb.ca/pathways/#CompoundReference/PW_C001316
http://smpdb.ca/pathways/#CompoundReference/PW_C000921,abstraction:ReactsWith,http://smpdb.ca/pathways/#CompoundReference/PW_C007804
http://smpdb.ca/pathways/#CompoundReference/PW_C002578,abstraction:ReactsWith,http://smpdb.ca/pathways/#CompoundReference/PW_C001065
http://smpdb.ca/pathways/#CompoundReference/PW_C042917,abstraction:ReactsWith,http://smpdb.ca/pathways/#CompoundReference/PW_C000414
http://smpdb.ca/pathways/#CompoundReference/PW_C000153,abstraction:ReactsWith,http://smpdb.ca/pathways/#CompoundReference/PW_C000886
http://smpdb.ca/pathways/#CompoundReference/PW_C040034,abstraction:ReactsWith,http://smpdb.ca/pathways/#CompoundReference/PW_C006753
http://smpdb.ca/pathways/#CompoundReference/PW_C000921,abstraction:ReactsWith,http://smpdb.ca/pathways/#GenericCompoundReference/84
http://smpdb.ca/pathways/#CompoundReference/PW_C001099,abstraction:ReactsWith,http://smpdb.ca/pathways/#CompoundReference/PW_C104744
http://smpdb.ca/pathways/#CompoundReference/PW_C040607,abstraction:ReactsWith,http://smpdb.ca/pathways/#CompoundReference/PW_C000414
http://smpdb.ca/pathways/#CompoundReference/PW_C040520,abstraction:ReactsWith,http://smpdb.ca/pathways/#CompoundReference/PW_C000414
http://smpdb.ca/pathways/#CompoundReference/PW_C000570,abstraction:ReactsWith,http://smpdb.ca/pathways/#CompoundReference/PW_C000940
http://smpdb.ca/pathways/#CompoundReference/PW_C000077,abstraction:ReactsWith,http://smpdb.ca/pathways/#CompoundReference/PW_C000414
http://smpdb.ca/pathways/#CompoundReference/PW_C000891,abstraction:ReactsWith,http://smpdb.ca/pathways/#CompoundReference/PW_C000966
http://smpdb.ca/pathways/#CompoundReference/PW_C040034,abstraction:ReactsWith,http://smpdb.ca/pathways/#CompoundReference/PW_C042898
http://smpdb.ca/pathways/#CompoundReference/PW_C040034,abstraction:ReactsWith,http://smpdb.ca/pathways/#CompoundReference/PW_C000921
http://smpdb.ca/pathways/#CompoundReference/PW_C000414,abstraction:ReactsWith,http://smpdb.ca/pathways/#CompoundReference/PW_C009036
http://smpdb.ca/pathways/#CompoundReference/PW_C000134,abstraction:ReactsWith,http://smpdb.ca/pathways/#CompoundReference/PW_C001680
http://smpdb.ca/pathways/#CompoundReference/PW_C001420,abstraction:ReactsWith,http://smpdb.ca/pathways/#CompoundReference/PW_C001034
http://smpdb.ca/pathways/#CompoundReference/PW_C000143,abstraction:ReactsWith,http://smpdb.ca/pathways/#CompoundReference/PW_C000066
http://smpdb.ca/pathways/#CompoundReference/PW_C008780,abstraction:ReactsWith,http://smpdb.ca/pathways/#CompoundReference/PW_C040034
http://smpdb.ca/pathways/#CompoundReference/PW_C000721,abstraction:ReactsWith,http://smpdb.ca/pathways/#CompoundReference/PW_C040528
http://smpdb.ca/pathways/#CompoundReference/PW_C002029,abstraction:ReactsWith,http://smpdb.ca/pathways/#GenericCompoundReference/41
http://smpdb.ca/pathways/#CompoundReference/PW_C001420,abstraction:ReactsWith,http://smpdb.ca/pathways/#CompoundReference/PW_C003933
http://smpdb.ca/pathways/#CompoundReference/PW_C000081,abstraction:ReactsWith,http://smpdb.ca/pathways/#GenericCompoundReference/210
http://smpdb.ca/pathways/#CompoundReference/PW_C001420,abstraction:ReactsWith,http://smpdb.ca/pathways/#CompoundReference/PW_C044524
http://smpdb.ca/pathways/#CompoundReference/PW_C001420,abstraction:ReactsWith,http://smpdb.ca/pathways/#CompoundReference/PW_C007097
http://smpdb.ca/pathways/#CompoundReference/PW_C001849,abstraction:ReactsWith,http://smpdb.ca/pathways/#CompoundReference/PW_C040828
http://smpdb.ca/pathways/#CompoundReference/PW_C000028,abstraction:ReactsWith,http://smpdb.ca/pathways/#CompoundReference/PW_C000414
http://smpdb.ca/pathways/#CompoundReference/PW_C001019,abstraction:ReactsWith,http://smpdb.ca/pathways/#CompoundReference/PW_C000691
http://smpdb.ca/pathways/#GenericCompoundReference/116,abstraction:ReactsWith,http://smpdb.ca/pathways/#CompoundReference/PW_C000721
http://smpdb.ca/pathways/#CompoundReference/PW_C000500,abstraction:ReactsWith,http://smpdb.ca/pathways/#CompoundReference/PW_C000134
http://smpdb.ca/pathways/#CompoundReference/PW_C001195,abstraction:ReactsWith,http://smpdb.ca/pathways/#CompoundReference/PW_C001420
http://smpdb.ca/pathways/#CompoundReference/PW_C057928,abstraction:ReactsWith,http://smpdb.ca/pathways/#CompoundReference/PW_C001420
http://smpdb.ca/pathways/#CompoundReference/PW_C000968,abstraction:ReactsWith,http://smpdb.ca/pathways/#CompoundReference/PW_C104696
http://smpdb.ca/pathways/#CompoundReference/PW_C001355,abstraction:ReactsWith,http://smpdb.ca/pathways/#CompoundReference/PW_C000774
http://smpdb.ca/pathways/#CompoundReference/PW_C001435,abstraction:ReactsWith,http://smpdb.ca/pathways/#CompoundReference/PW_C001065
http://smpdb.ca/pathways/#CompoundReference/PW_C000196,abstraction:ReactsWith,http://smpdb.ca/pathways/#CompoundReference/PW_C002733
http://smpdb.ca/pathways/#CompoundReference/PW_C002334,abstraction:ReactsWith,http://smpdb.ca/pathways/#CompoundReference/PW_C001420
http://smpdb.ca/pathways/#CompoundReference/PW_C057929,abstraction:ReactsWith,http://smpdb.ca/pathways/#CompoundReference/PW_C040034
http://smpdb.ca/pathways/#CompoundReference/PW_C001420,abstraction:ReactsWith,http://smpdb.ca/pathways/#CompoundReference/PW_C000808
http://smpdb.ca/pathways/#CompoundReference/PW_C040057,abstraction:ReactsWith,http://smpdb.ca/pathways/#CompoundReference/PW_C001420
http://smpdb.ca/pathways/#CompoundReference/PW_C000106,abstraction:ReactsWith,http://smpdb.ca/pathways/#CompoundReference/PW_C000134
http://smpdb.ca/pathways/#CompoundReference/PW_C041140,abstraction:ReactsWith,http://smpdb.ca/pathways/#CompoundReference/PW_C001065
http://smpdb.ca/pathways/#CompoundReference/PW_C044578,abstraction:ReactsWith,http://smpdb.ca/pathways/#CompoundReference/PW_C000143
http://smpdb.ca/pathways/#CompoundReference/PW_C000146,abstraction:ReactsWith,http://smpdb.ca/pathways/#CompoundReference/PW_C002778
http://smpdb.ca/pathways/#CompoundReference/PW_C000414,abstraction:ReactsWith,http://smpdb.ca/pathways/#CompoundReference/PW_C000888
http://smpdb.ca/pathways/#CompoundReference/PW_C000044,abstraction:ReactsWith,http://smpdb.ca/pathways/#CompoundReference/PW_C041457
http://smpdb.ca/pathways/#CompoundReference/PW_C000921,abstraction:ReactsWith,http://smpdb.ca/pathways/#CompoundReference/PW_C044580
http://smpdb.ca/pathways/#CompoundReference/PW_C000057,abstraction:ReactsWith,http://smpdb.ca/pathways/#CompoundReference/PW_C057926
http://smpdb.ca/pathways/#CompoundReference/PW_C001095,abstraction:ReactsWith,http://smpdb.ca/pathways/#CompoundReference/PW_C001065
http://smpdb.ca/pathways/#CompoundReference/PW_C000296,abstraction:ReactsWith,http://smpdb.ca/pathways/#CompoundReference/PW_C001065
http://smpdb.ca/pathways/#CompoundReference/PW_C001420,abstraction:ReactsWith,http://smpdb.ca/pathways/#CompoundReference/PW_C041181
http://smpdb.ca/pathways/#CompoundReference/PW_C001420,abstraction:ReactsWith,http://smpdb.ca/pathways/#CompoundReference/PW_C000548
http://smpdb.ca/pathways/#GenericCompoundReference/302,abstraction:ReactsWith,http://smpdb.ca/pathways/#CompoundReference/PW_C000175
http://smpdb.ca/pathways/#CompoundReference/PW_C001037,abstraction:ReactsWith,http://smpdb.ca/pathways/#CompoundReference/PW_C000721
http://smpdb.ca/pathways/#CompoundReference/PW_C001420,abstraction:ReactsWith,http://smpdb.ca/pathways/#CompoundReference/PW_C000784
http://smpdb.ca/pathways/#CompoundReference/PW_C042901,abstraction:ReactsWith,http://smpdb.ca/pathways/#CompoundReference/PW_C042617
http://smpdb.ca/pathways/#GenericCompoundReference/72,abstraction:ReactsWith,http://smpdb.ca/pathways/#CompoundReference/PW_C000548
http://smpdb.ca/pathways/#CompoundReference/PW_C044540,abstraction:ReactsWith,http://smpdb.ca/pathways/#CompoundReference/PW_C040034
http://smpdb.ca/pathways/#CompoundReference/PW_C000414,abstraction:ReactsWith,http://smpdb.ca/pathways/#CompoundReference/PW_C040945
http://smpdb.ca/pathways/#CompoundReference/PW_C001420,abstraction:ReactsWith,http://smpdb.ca/pathways/#CompoundReference/PW_C000814
http://smpdb.ca/pathways/#CompoundReference/PW_C000883,abstraction:ReactsWith,http://smpdb.ca/pathways/#CompoundReference/PW_C000180
http://smpdb.ca/pathways/#CompoundReference/PW_C000414,abstraction:ReactsWith,http://smpdb.ca/pathways/#CompoundReference/PW_C000164
http://smpdb.ca/pathways/#CompoundReference/PW_C000134,abstraction:ReactsWith,http://smpdb.ca/pathways/#CompoundReference/PW_C000105
http://smpdb.ca/pathways/#CompoundReference/PW_C001144,abstraction:ReactsWith,http://smpdb.ca/pathways/#CompoundReference/PW_C040583
http://smpdb.ca/pathways/#CompoundReference/PW_C000143,abstraction:ReactsWith,http://smpdb.ca/pathways/#CompoundReference/PW_C000168
http://smpdb.ca/pathways/#CompoundReference/PW_C040607,abstraction:ReactsWith,http://smpdb.ca/pathways/#CompoundReference/PW_C001420
http://smpdb.ca/pathways/#CompoundReference/PW_C000146,abstraction:ReactsWith,http://smpdb.ca/pathways/#CompoundReference/PW_C008780
http://smpdb.ca/pathways/#CompoundReference/PW_C042903,abstraction:ReactsWith,http://smpdb.ca/pathways/#CompoundReference/PW_C000986
http://smpdb.ca/pathways/#CompoundReference/PW_C041627,abstraction:ReactsWith,http://smpdb.ca/pathways/#CompoundReference/PW_C000721
http://smpdb.ca/pathways/#CompoundReference/PW_C001099,abstraction:ReactsWith,http://smpdb.ca/pathways/#CompoundReference/PW_C000635
http://smpdb.ca/pathways/#CompoundReference/PW_C001420,abstraction:ReactsWith,http://smpdb.ca/pathways/#CompoundReference/PW_C000991
http://smpdb.ca/pathways/#GenericCompoundReference/161,abstraction:ReactsWith,http://smpdb.ca/pathways/#CompoundReference/PW_C000073
http://smpdb.ca/pathways/#CompoundReference/PW_C007732,abstraction:ReactsWith,http://smpdb.ca/pathways/#CompoundReference/PW_C000590
http://smpdb.ca/pathways/#GenericCompoundReference/217,abstraction:ReactsWith,http://smpdb.ca/pathways/#CompoundReference/PW_C001144
http://smpdb.ca/pathways/#CompoundReference/PW_C001420,abstraction:ReactsWith,http://smpdb.ca/pathways/#CompoundReference/PW_C000193
http://smpdb.ca/pathways/#CompoundReference/PW_C001420,abstraction:ReactsWith,http://smpdb.ca/pathways/#CompoundReference/PW_C042556
http://smpdb.ca/pathways/#CompoundReference/PW_C000146,abstraction:ReactsWith,http://smpdb.ca/pathways/#CompoundReference/PW_C001336
http://smpdb.ca/pathways/#CompoundReference/PW_C000721,abstraction:ReactsWith,http://smpdb.ca/pathways/#CompoundReference/PW_C001388
http://smpdb.ca/pathways/#CompoundReference/PW_C040511,abstraction:ReactsWith,http://smpdb.ca/pathways/#CompoundReference/PW_C000414
http://smpdb.ca/pathways/#CompoundReference/PW_C000784,abstraction:ReactsWith,http://smpdb.ca/pathways/#CompoundReference/PW_C040034
http://smpdb.ca/pathways/#CompoundReference/PW_C042627,abstraction:ReactsWith,http://smpdb.ca/pathways/#CompoundReference/PW_C000721
http://smpdb.ca/pathways/#CompoundReference/PW_C000001,abstraction:ReactsWith,http://smpdb.ca/pathways/#CompoundReference/PW_C000040
http://smpdb.ca/pathways/#CompoundReference/PW_C000006,abstraction:ReactsWith,http://smpdb.ca/pathways/#CompoundReference/PW_C000721
http://smpdb.ca/pathways/#CompoundReference/PW_C001065,abstraction:ReactsWith,http://smpdb.ca/pathways/#CompoundReference/PW_C016363
http://smpdb.ca/pathways/#CompoundReference/PW_C002151,abstraction:ReactsWith,http://smpdb.ca/pathways/#CompoundReference/PW_C002751
http://smpdb.ca/pathways/#CompoundReference/PW_C104656,abstraction:ReactsWith,http://smpdb.ca/pathways/#CompoundReference/PW_C001065
http://smpdb.ca/pathways/#CompoundReference/PW_C001420,abstraction:ReactsWith,http://smpdb.ca/pathways/#CompoundReference/PW_C000767
http://smpdb.ca/pathways/#CompoundReference/PW_C001420,abstraction:ReactsWith,http://smpdb.ca/pathways/#CompoundReference/PW_C000081
http://smpdb.ca/pathways/#CompoundReference/PW_C040034,abstraction:ReactsWith,http://smpdb.ca/pathways/#CompoundReference/PW_C000540
http://smpdb.ca/pathways/#CompoundReference/PW_C001065,abstraction:ReactsWith,http://smpdb.ca/pathways/#CompoundReference/PW_C000037
http://smpdb.ca/pathways/#GenericCompoundReference/237,abstraction:ReactsWith,http://smpdb.ca/pathways/#GenericCompoundReference/307
http://smpdb.ca/pathways/#CompoundReference/PW_C000081,abstraction:ReactsWith,http://smpdb.ca/pathways/#CompoundReference/PW_C000846
http://smpdb.ca/pathways/#CompoundReference/PW_C000146,abstraction:ReactsWith,http://smpdb.ca/pathways/#CompoundReference/PW_C009558
http://smpdb.ca/pathways/#CompoundReference/PW_C001086,abstraction:ReactsWith,http://smpdb.ca/pathways/#CompoundReference/PW_C000914
http://smpdb.ca/pathways/#CompoundReference/PW_C001420,abstraction:ReactsWith,http://smpdb.ca/pathways/#CompoundReference/PW_C000352
http://smpdb.ca/pathways/#CompoundReference/PW_C057893,abstraction:ReactsWith,http://smpdb.ca/pathways/#CompoundReference/PW_C000921
http://smpdb.ca/pathways/#CompoundReference/PW_C000150,abstraction:ReactsWith,http://smpdb.ca/pathways/#CompoundReference/PW_C001099
http://smpdb.ca/pathways/#CompoundReference/PW_C040974,abstraction:ReactsWith,http://smpdb.ca/pathways/#CompoundReference/PW_C000414
http://smpdb.ca/pathways/#CompoundReference/PW_C000820,abstraction:ReactsWith,http://smpdb.ca/pathways/#GenericCompoundReference/69
http://smpdb.ca/pathways/#CompoundReference/PW_C000940,abstraction:ReactsWith,http://smpdb.ca/pathways/#GenericCompoundReference/84
http://smpdb.ca/pathways/#CompoundReference/PW_C040034,abstraction:ReactsWith,http://smpdb.ca/pathways/#CompoundReference/PW_C000047
http://smpdb.ca/pathways/#CompoundReference/PW_C000721,abstraction:ReactsWith,http://smpdb.ca/pathways/#CompoundReference/PW_C000164
http://smpdb.ca/pathways/#CompoundReference/PW_C000190,abstraction:ReactsWith,http://smpdb.ca/pathways/#CompoundReference/PW_C008876
http://smpdb.ca/pathways/#CompoundReference/PW_C044537,abstraction:ReactsWith,http://smpdb.ca/pathways/#CompoundReference/PW_C000146
http://smpdb.ca/pathways/#CompoundReference/PW_C040034,abstraction:ReactsWith,http://smpdb.ca/pathways/#CompoundReference/PW_C000134
http://smpdb.ca/pathways/#CompoundReference/PW_C001420,abstraction:ReactsWith,http://smpdb.ca/pathways/#CompoundReference/PW_C000829
http://smpdb.ca/pathways/#CompoundReference/PW_C000061,abstraction:ReactsWith,http://smpdb.ca/pathways/#CompoundReference/PW_C040034
http://smpdb.ca/pathways/#GenericCompoundReference/295,abstraction:ReactsWith,http://smpdb.ca/pathways/#CompoundReference/PW_C043034
http://smpdb.ca/pathways/#CompoundReference/PW_C002775,abstraction:ReactsWith,http://smpdb.ca/pathways/#CompoundReference/PW_C001099
http://smpdb.ca/pathways/#CompoundReference/PW_C040034,abstraction:ReactsWith,http://smpdb.ca/pathways/#GenericCompoundReference/302
http://smpdb.ca/pathways/#CompoundReference/PW_C001420,abstraction:ReactsWith,http://smpdb.ca/pathways/#CompoundReference/PW_C001309
http://smpdb.ca/pathways/#CompoundReference/PW_C000414,abstraction:ReactsWith,http://smpdb.ca/pathways/#CompoundReference/PW_C000136
http://smpdb.ca/pathways/#CompoundReference/PW_C000065,abstraction:ReactsWith,http://smpdb.ca/pathways/#GenericCompoundReference/41
http://smpdb.ca/pathways/#CompoundReference/PW_C000414,abstraction:ReactsWith,http://smpdb.ca/pathways/#CompoundReference/PW_C009027
http://smpdb.ca/pathways/#CompoundReference/PW_C040034,abstraction:ReactsWith,http://smpdb.ca/pathways/#CompoundReference/PW_C002965
http://smpdb.ca/pathways/#CompoundReference/PW_C001065,abstraction:ReactsWith,http://smpdb.ca/pathways/#CompoundReference/PW_C001213
http://smpdb.ca/pathways/#CompoundReference/PW_C044520,abstraction:ReactsWith,http://smpdb.ca/pathways/#CompoundReference/PW_C040034
http://smpdb.ca/pathways/#CompoundReference/PW_C002965,abstraction:ReactsWith,http://smpdb.ca/pathways/#CompoundReference/PW_C001065
http://smpdb.ca/pathways/#CompoundReference/PW_C000911,abstraction:ReactsWith,http://smpdb.ca/pathways/#CompoundReference/PW_C096923
http://smpdb.ca/pathways/#CompoundReference/PW_C001045,abstraction:ReactsWith,http://smpdb.ca/pathways/#CompoundReference/PW_C000146
http://smpdb.ca/pathways/#CompoundReference/PW_C000079,abstraction:ReactsWith,http://smpdb.ca/pathways/#CompoundReference/PW_C000500
http://smpdb.ca/pathways/#CompoundReference/PW_C000192,abstraction:ReactsWith,http://smpdb.ca/pathways/#CompoundReference/PW_C041033
http://smpdb.ca/pathways/#CompoundReference/PW_C000052,abstraction:ReactsWith,http://smpdb.ca/pathways/#CompoundReference/PW_C001065
http://smpdb.ca/pathways/#CompoundReference/PW_C001065,abstraction:ReactsWith,http://smpdb.ca/pathways/#GenericCompoundReference/40
http://smpdb.ca/pathways/#CompoundReference/PW_C000861,abstraction:ReactsWith,http://smpdb.ca/pathways/#CompoundReference/PW_C000746
http://smpdb.ca/pathways/#CompoundReference/PW_C000414,abstraction:ReactsWith,http://smpdb.ca/pathways/#CompoundReference/PW_C000987
http://smpdb.ca/pathways/#CompoundReference/PW_C000095,abstraction:ReactsWith,http://smpdb.ca/pathways/#CompoundReference/PW_C000035
http://smpdb.ca/pathways/#CompoundReference/PW_C000548,abstraction:ReactsWith,http://smpdb.ca/pathways/#CompoundReference/PW_C040034
http://smpdb.ca/pathways/#CompoundReference/PW_C000921,abstraction:ReactsWith,http://smpdb.ca/pathways/#CompoundReference/PW_C001086
http://smpdb.ca/pathways/#CompoundReference/PW_C001065,abstraction:ReactsWith,http://smpdb.ca/pathways/#CompoundReference/PW_C104657
http://smpdb.ca/pathways/#CompoundReference/PW_C010760,abstraction:ReactsWith,http://smpdb.ca/pathways/#CompoundReference/PW_C000134
http://smpdb.ca/pathways/#CompoundReference/PW_C001065,abstraction:ReactsWith,http://smpdb.ca/pathways/#CompoundReference/PW_C016115
http://smpdb.ca/pathways/#CompoundReference/PW_C000146,abstraction:ReactsWith,http://smpdb.ca/pathways/#CompoundReference/PW_C007980
http://smpdb.ca/pathways/#CompoundReference/PW_C041100,abstraction:ReactsWith,http://smpdb.ca/pathways/#CompoundReference/PW_C041683
http://smpdb.ca/pathways/#CompoundReference/PW_C001104,abstraction:ReactsWith,http://smpdb.ca/pathways/#CompoundReference/PW_C059073
http://smpdb.ca/pathways/#CompoundReference/PW_C000166,abstraction:ReactsWith,http://smpdb.ca/pathways/#CompoundReference/PW_C001420
http://smpdb.ca/pathways/#CompoundReference/PW_C040034,abstraction:ReactsWith,http://smpdb.ca/pathways/#CompoundReference/PW_C000104
http://smpdb.ca/pathways/#CompoundReference/PW_C000035,abstraction:ReactsWith,http://smpdb.ca/pathways/#CompoundReference/PW_C000131
http://smpdb.ca/pathways/#CompoundReference/PW_C000414,abstraction:ReactsWith,http://smpdb.ca/pathways/#CompoundReference/PW_C001340
http://smpdb.ca/pathways/#CompoundReference/PW_C002977,abstraction:ReactsWith,http://smpdb.ca/pathways/#CompoundReference/PW_C000769
http://smpdb.ca/pathways/#CompoundReference/PW_C042914,abstraction:ReactsWith,http://smpdb.ca/pathways/#CompoundReference/PW_C000146
http://smpdb.ca/pathways/#CompoundReference/PW_C001207,abstraction:ReactsWith,http://smpdb.ca/pathways/#CompoundReference/PW_C000983
http://smpdb.ca/pathways/#CompoundReference/PW_C000414,abstraction:ReactsWith,http://smpdb.ca/pathways/#CompoundReference/PW_C001849
http://smpdb.ca/pathways/#CompoundReference/PW_C000940,abstraction:ReactsWith,http://smpdb.ca/pathways/#CompoundReference/PW_C002665
http://smpdb.ca/pathways/#CompoundReference/PW_C001062,abstraction:ReactsWith,http://smpdb.ca/pathways/#CompoundReference/PW_C001918
http://smpdb.ca/pathways/#GenericCompoundReference/210,abstraction:ReactsWith,http://smpdb.ca/pathways/#GenericCompoundReference/348
http://smpdb.ca/pathways/#CompoundReference/PW_C001144,abstraction:ReactsWith,http://smpdb.ca/pathways/#GenericCompoundReference/217
http://smpdb.ca/pathways/#CompoundReference/PW_C000862,abstraction:ReactsWith,http://smpdb.ca/pathways/#CompoundReference/PW_C001034
http://smpdb.ca/pathways/#CompoundReference/PW_C000644,abstraction:ReactsWith,http://smpdb.ca/pathways/#CompoundReference/PW_C000721
http://smpdb.ca/pathways/#CompoundReference/PW_C000095,abstraction:ReactsWith,http://smpdb.ca/pathways/#CompoundReference/PW_C000547
http://smpdb.ca/pathways/#CompoundReference/PW_C000237,abstraction:ReactsWith,http://smpdb.ca/pathways/#CompoundReference/PW_C040034
http://smpdb.ca/pathways/#CompoundReference/PW_C000122,abstraction:ReactsWith,http://smpdb.ca/pathways/#CompoundReference/PW_C000721
http://smpdb.ca/pathways/#CompoundReference/PW_C002362,abstraction:ReactsWith,http://smpdb.ca/pathways/#CompoundReference/PW_C001065
http://smpdb.ca/pathways/#CompoundReference/PW_C041105,abstraction:ReactsWith,http://smpdb.ca/pathways/#CompoundReference/PW_C000146
http://smpdb.ca/pathways/#CompoundReference/PW_C000986,abstraction:ReactsWith,http://smpdb.ca/pathways/#CompoundReference/PW_C000921
http://smpdb.ca/pathways/#CompoundReference/PW_C040034,abstraction:ReactsWith,http://smpdb.ca/pathways/#CompoundReference/PW_C040597
http://smpdb.ca/pathways/#GenericCompoundReference/163,abstraction:ReactsWith,http://smpdb.ca/pathways/#CompoundReference/PW_C040034
http://smpdb.ca/pathways/#CompoundReference/PW_C040034,abstraction:ReactsWith,http://smpdb.ca/pathways/#CompoundReference/PW_C007727
http://smpdb.ca/pathways/#CompoundReference/PW_C104651,abstraction:ReactsWith,http://smpdb.ca/pathways/#CompoundReference/PW_C000891
http://smpdb.ca/pathways/#CompoundReference/PW_C040034,abstraction:ReactsWith,http://smpdb.ca/pathways/#CompoundReference/PW_C001491
http://smpdb.ca/pathways/#CompoundReference/PW_C000941,abstraction:ReactsWith,http://smpdb.ca/pathways/#CompoundReference/PW_C040034
http://smpdb.ca/pathways/#CompoundReference/PW_C001420,abstraction:ReactsWith,http://smpdb.ca/pathways/#CompoundReference/PW_C041451
http://smpdb.ca/pathways/#CompoundReference/PW_C040083,abstraction:ReactsWith,http://smpdb.ca/pathways/#CompoundReference/PW_C001957
http://smpdb.ca/pathways/#CompoundReference/PW_C000080,abstraction:ReactsWith,http://smpdb.ca/pathways/#CompoundReference/PW_C104774
http://smpdb.ca/pathways/#CompoundReference/PW_C008203,abstraction:ReactsWith,http://smpdb.ca/pathways/#CompoundReference/PW_C001420
http://smpdb.ca/pathways/#CompoundReference/PW_C001335,abstraction:ReactsWith,http://smpdb.ca/pathways/#CompoundReference/PW_C001065
http://smpdb.ca/pathways/#CompoundReference/PW_C040034,abstraction:ReactsWith,http://smpdb.ca/pathways/#CompoundReference/PW_C007794
http://smpdb.ca/pathways/#CompoundReference/PW_C002021,abstraction:ReactsWith,http://smpdb.ca/pathways/#CompoundReference/PW_C000869
http://smpdb.ca/pathways/#CompoundReference/PW_C042940,abstraction:ReactsWith,http://smpdb.ca/pathways/#CompoundReference/PW_C000146
http://smpdb.ca/pathways/#CompoundReference/PW_C043231,abstraction:ReactsWith,http://smpdb.ca/pathways/#CompoundReference/PW_C000414
http://smpdb.ca/pathways/#CompoundReference/PW_C040760,abstraction:ReactsWith,http://smpdb.ca/pathways/#CompoundReference/PW_C000414
http://smpdb.ca/pathways/#CompoundReference/PW_C000196,abstraction:ReactsWith,http://smpdb.ca/pathways/#CompoundReference/PW_C041270
http://smpdb.ca/pathways/#CompoundReference/PW_C001420,abstraction:ReactsWith,http://smpdb.ca/pathways/#CompoundReference/PW_C001234
http://smpdb.ca/pathways/#CompoundReference/PW_C001420,abstraction:ReactsWith,http://smpdb.ca/pathways/#CompoundReference/PW_C002683
http://smpdb.ca/pathways/#CompoundReference/PW_C000414,abstraction:ReactsWith,http://smpdb.ca/pathways/#CompoundReference/PW_C041111
http://smpdb.ca/pathways/#CompoundReference/PW_C001104,abstraction:ReactsWith,http://smpdb.ca/pathways/#CompoundReference/PW_C000869
http://smpdb.ca/pathways/#CompoundReference/PW_C001065,abstraction:ReactsWith,http://smpdb.ca/pathways/#CompoundReference/PW_C000548
http://smpdb.ca/pathways/#CompoundReference/PW_C040034,abstraction:ReactsWith,http://smpdb.ca/pathways/#CompoundReference/PW_C041683
http://smpdb.ca/pathways/#CompoundReference/PW_C000080,abstraction:ReactsWith,http://smpdb.ca/pathways/#CompoundReference/PW_C040477
http://smpdb.ca/pathways/#CompoundReference/PW_C001065,abstraction:ReactsWith,http://smpdb.ca/pathways/#CompoundReference/PW_C104734
http://smpdb.ca/pathways/#CompoundReference/PW_C001099,abstraction:ReactsWith,http://smpdb.ca/pathways/#CompoundReference/PW_C015054
http://smpdb.ca/pathways/#CompoundReference/PW_C000986,abstraction:ReactsWith,http://smpdb.ca/pathways/#GenericCompoundReference/97
http://smpdb.ca/pathways/#CompoundReference/PW_C001099,abstraction:ReactsWith,http://smpdb.ca/pathways/#CompoundReference/PW_C040826
http://smpdb.ca/pathways/#CompoundReference/PW_C000088,abstraction:ReactsWith,http://smpdb.ca/pathways/#CompoundReference/PW_C040034
http://smpdb.ca/pathways/#CompoundReference/PW_C040928,abstraction:ReactsWith,http://smpdb.ca/pathways/#CompoundReference/PW_C040034
http://smpdb.ca/pathways/#CompoundReference/PW_C001065,abstraction:ReactsWith,http://smpdb.ca/pathways/#GenericCompoundReference/237
http://smpdb.ca/pathways/#CompoundReference/PW_C000956,abstraction:ReactsWith,http://smpdb.ca/pathways/#CompoundReference/PW_C000921
http://smpdb.ca/pathways/#CompoundReference/PW_C000058,abstraction:ReactsWith,http://smpdb.ca/pathways/#CompoundReference/PW_C000414
http://smpdb.ca/pathways/#CompoundReference/PW_C000869,abstraction:ReactsWith,http://smpdb.ca/pathways/#CompoundReference/PW_C040759
http://smpdb.ca/pathways/#CompoundReference/PW_C000738,abstraction:ReactsWith,http://smpdb.ca/pathways/#CompoundReference/PW_C041590
http://smpdb.ca/pathways/#CompoundReference/PW_C043847,abstraction:ReactsWith,http://smpdb.ca/pathways/#CompoundReference/PW_C040034
http://smpdb.ca/pathways/#CompoundReference/PW_C001104,abstraction:ReactsWith,http://smpdb.ca/pathways/#CompoundReference/PW_C000050
http://smpdb.ca/pathways/#CompoundReference/PW_C000123,abstraction:ReactsWith,http://smpdb.ca/pathways/#CompoundReference/PW_C022608
http://smpdb.ca/pathways/#CompoundReference/PW_C104774,abstraction:ReactsWith,http://smpdb.ca/pathways/#CompoundReference/PW_C000080
http://smpdb.ca/pathways/#CompoundReference/PW_C001253,abstraction:ReactsWith,http://smpdb.ca/pathways/#CompoundReference/PW_C000414
http://smpdb.ca/pathways/#CompoundReference/PW_C040065,abstraction:ReactsWith,http://smpdb.ca/pathways/#CompoundReference/PW_C007805
http://smpdb.ca/pathways/#CompoundReference/PW_C001099,abstraction:ReactsWith,http://smpdb.ca/pathways/#CompoundReference/PW_C000414
http://smpdb.ca/pathways/#CompoundReference/PW_C000921,abstraction:ReactsWith,http://smpdb.ca/pathways/#CompoundReference/PW_C002564
http://smpdb.ca/pathways/#CompoundReference/PW_C022608,abstraction:ReactsWith,http://smpdb.ca/pathways/#CompoundReference/PW_C040034
http://smpdb.ca/pathways/#CompoundReference/PW_C001598,abstraction:ReactsWith,http://smpdb.ca/pathways/#CompoundReference/PW_C000084
http://smpdb.ca/pathways/#CompoundReference/PW_C000040,abstraction:ReactsWith,http://smpdb.ca/pathways/#CompoundReference/PW_C000001
http://smpdb.ca/pathways/#CompoundReference/PW_C000808,abstraction:ReactsWith,http://smpdb.ca/pathways/#CompoundReference/PW_C001420
http://smpdb.ca/pathways/#CompoundReference/PW_C000054,abstraction:ReactsWith,http://smpdb.ca/pathways/#CompoundReference/PW_C000886
http://smpdb.ca/pathways/#CompoundReference/PW_C009391,abstraction:ReactsWith,http://smpdb.ca/pathways/#CompoundReference/PW_C040034
http://smpdb.ca/pathways/#CompoundReference/PW_C000835,abstraction:ReactsWith,http://smpdb.ca/pathways/#CompoundReference/PW_C040034
http://smpdb.ca/pathways/#CompoundReference/PW_C000783,abstraction:ReactsWith,http://smpdb.ca/pathways/#CompoundReference/PW_C001092
http://smpdb.ca/pathways/#CompoundReference/PW_C000146,abstraction:ReactsWith,http://smpdb.ca/pathways/#CompoundReference/PW_C000949
http://smpdb.ca/pathways/#CompoundReference/PW_C041450,abstraction:ReactsWith,http://smpdb.ca/pathways/#CompoundReference/PW_C001420
http://smpdb.ca/pathways/#CompoundReference/PW_C000854,abstraction:ReactsWith,http://smpdb.ca/pathways/#CompoundReference/PW_C040034
http://smpdb.ca/pathways/#CompoundReference/PW_C001003,abstraction:ReactsWith,http://smpdb.ca/pathways/#CompoundReference/PW_C000146
http://smpdb.ca/pathways/#CompoundReference/PW_C040564,abstraction:ReactsWith,http://smpdb.ca/pathways/#CompoundReference/PW_C001420
http://smpdb.ca/pathways/#GenericCompoundReference/69,abstraction:ReactsWith,http://smpdb.ca/pathways/#CompoundReference/PW_C002742
http://smpdb.ca/pathways/#GenericCompoundReference/94,abstraction:ReactsWith,http://smpdb.ca/pathways/#CompoundReference/PW_C001420
http://smpdb.ca/pathways/#CompoundReference/PW_C000095,abstraction:ReactsWith,http://smpdb.ca/pathways/#CompoundReference/PW_C007823
http://smpdb.ca/pathways/#CompoundReference/PW_C001420,abstraction:ReactsWith,http://smpdb.ca/pathways/#CompoundReference/PW_C001500
http://smpdb.ca/pathways/#CompoundReference/PW_C041232,abstraction:ReactsWith,http://smpdb.ca/pathways/#CompoundReference/PW_C001900
http://smpdb.ca/pathways/#CompoundReference/PW_C042938,abstraction:ReactsWith,http://smpdb.ca/pathways/#CompoundReference/PW_C000064
http://smpdb.ca/pathways/#CompoundReference/PW_C001420,abstraction:ReactsWith,http://smpdb.ca/pathways/#CompoundReference/PW_C007160
http://smpdb.ca/pathways/#CompoundReference/PW_C040034,abstraction:ReactsWith,http://smpdb.ca/pathways/#CompoundReference/PW_C008731
http://smpdb.ca/pathways/#CompoundReference/PW_C040652,abstraction:ReactsWith,http://smpdb.ca/pathways/#CompoundReference/PW_C000746
http://smpdb.ca/pathways/#CompoundReference/PW_C041484,abstraction:ReactsWith,http://smpdb.ca/pathways/#CompoundReference/PW_C000940
http://smpdb.ca/pathways/#CompoundReference/PW_C002040,abstraction:ReactsWith,http://smpdb.ca/pathways/#GenericCompoundReference/237
http://smpdb.ca/pathways/#CompoundReference/PW_C003002,abstraction:ReactsWith,http://smpdb.ca/pathways/#CompoundReference/PW_C000146
http://smpdb.ca/pathways/#CompoundReference/PW_C040034,abstraction:ReactsWith,http://smpdb.ca/pathways/#CompoundReference/PW_C040962
http://smpdb.ca/pathways/#CompoundReference/PW_C041562,abstraction:ReactsWith,http://smpdb.ca/pathways/#CompoundReference/PW_C040034
http://smpdb.ca/pathways/#CompoundReference/PW_C040034,abstraction:ReactsWith,http://smpdb.ca/pathways/#CompoundReference/PW_C104713
http://smpdb.ca/pathways/#CompoundReference/PW_C007727,abstraction:ReactsWith,http://smpdb.ca/pathways/#CompoundReference/PW_C040034
http://smpdb.ca/pathways/#GenericCompoundReference/318,abstraction:ReactsWith,http://smpdb.ca/pathways/#CompoundReference/PW_C042663
http://smpdb.ca/pathways/#CompoundReference/PW_C102453,abstraction:ReactsWith,http://smpdb.ca/pathways/#CompoundReference/PW_C000891
http://smpdb.ca/pathways/#CompoundReference/PW_C002013,abstraction:ReactsWith,http://smpdb.ca/pathways/#CompoundReference/PW_C000146
http://smpdb.ca/pathways/#CompoundReference/PW_C000118,abstraction:ReactsWith,http://smpdb.ca/pathways/#CompoundReference/PW_C000921
http://smpdb.ca/pathways/#CompoundReference/PW_C001216,abstraction:ReactsWith,http://smpdb.ca/pathways/#CompoundReference/PW_C001065
http://smpdb.ca/pathways/#CompoundReference/PW_C102453,abstraction:ReactsWith,http://smpdb.ca/pathways/#CompoundReference/PW_C000921
http://smpdb.ca/pathways/#CompoundReference/PW_C000146,abstraction:ReactsWith,http://smpdb.ca/pathways/#CompoundReference/PW_C000396
http://smpdb.ca/pathways/#CompoundReference/PW_C001420,abstraction:ReactsWith,http://smpdb.ca/pathways/#CompoundReference/PW_C041226
http://smpdb.ca/pathways/#CompoundReference/PW_C000414,abstraction:ReactsWith,http://smpdb.ca/pathways/#CompoundReference/PW_C040082
http://smpdb.ca/pathways/#CompoundReference/PW_C000691,abstraction:ReactsWith,http://smpdb.ca/pathways/#CompoundReference/PW_C001019
http://smpdb.ca/pathways/#CompoundReference/PW_C001010,abstraction:ReactsWith,http://smpdb.ca/pathways/#CompoundReference/PW_C040034
http://smpdb.ca/pathways/#CompoundReference/PW_C040092,abstraction:ReactsWith,http://smpdb.ca/pathways/#CompoundReference/PW_C000143
http://smpdb.ca/pathways/#CompoundReference/PW_C001099,abstraction:ReactsWith,http://smpdb.ca/pathways/#CompoundReference/PW_C001420
http://smpdb.ca/pathways/#CompoundReference/PW_C001065,abstraction:ReactsWith,http://smpdb.ca/pathways/#CompoundReference/PW_C007723
http://smpdb.ca/pathways/#CompoundReference/PW_C040034,abstraction:ReactsWith,http://smpdb.ca/pathways/#CompoundReference/PW_C001253
http://smpdb.ca/pathways/#CompoundReference/PW_C001420,abstraction:ReactsWith,http://smpdb.ca/pathways/#CompoundReference/PW_C001059
http://smpdb.ca/pathways/#CompoundReference/PW_C001378,abstraction:ReactsWith,http://smpdb.ca/pathways/#CompoundReference/PW_C001420
http://smpdb.ca/pathways/#CompoundReference/PW_C001083,abstraction:ReactsWith,http://smpdb.ca/pathways/#CompoundReference/PW_C001420
http://smpdb.ca/pathways/#CompoundReference/PW_C001420,abstraction:ReactsWith,http://smpdb.ca/pathways/#CompoundReference/PW_C040765
http://smpdb.ca/pathways/#CompoundReference/PW_C000721,abstraction:ReactsWith,http://smpdb.ca/pathways/#CompoundReference/PW_C000146
http://smpdb.ca/pathways/#CompoundReference/PW_C000105,abstraction:ReactsWith,http://smpdb.ca/pathways/#CompoundReference/PW_C000134
http://smpdb.ca/pathways/#CompoundReference/PW_C040445,abstraction:ReactsWith,http://smpdb.ca/pathways/#CompoundReference/PW_C040034
http://smpdb.ca/pathways/#CompoundReference/PW_C000886,abstraction:ReactsWith,http://smpdb.ca/pathways/#CompoundReference/PW_C000153
http://smpdb.ca/pathways/#CompoundReference/PW_C007743,abstraction:ReactsWith,http://smpdb.ca/pathways/#GenericCompoundReference/105
http://smpdb.ca/pathways/#CompoundReference/PW_C000183,abstraction:ReactsWith,http://smpdb.ca/pathways/#CompoundReference/PW_C000143
http://smpdb.ca/pathways/#CompoundReference/PW_C000390,abstraction:ReactsWith,http://smpdb.ca/pathways/#CompoundReference/PW_C000134
http://smpdb.ca/pathways/#CompoundReference/PW_C000164,abstraction:ReactsWith,http://smpdb.ca/pathways/#CompoundReference/PW_C001104
http://smpdb.ca/pathways/#CompoundReference/PW_C040034,abstraction:ReactsWith,http://smpdb.ca/pathways/#CompoundReference/PW_C000500
http://smpdb.ca/pathways/#CompoundReference/PW_C040505,abstraction:ReactsWith,http://smpdb.ca/pathways/#CompoundReference/PW_C000414
http://smpdb.ca/pathways/#CompoundReference/PW_C000414,abstraction:ReactsWith,http://smpdb.ca/pathways/#CompoundReference/PW_C000883
http://smpdb.ca/pathways/#CompoundReference/PW_C000414,abstraction:ReactsWith,http://smpdb.ca/pathways/#CompoundReference/PW_C000395
http://smpdb.ca/pathways/#CompoundReference/PW_C000148,abstraction:ReactsWith,http://smpdb.ca/pathways/#CompoundReference/PW_C040034
http://smpdb.ca/pathways/#CompoundReference/PW_C000184,abstraction:ReactsWith,http://smpdb.ca/pathways/#CompoundReference/PW_C040034
http://smpdb.ca/pathways/#CompoundReference/PW_C007305,abstraction:ReactsWith,http://smpdb.ca/pathways/#CompoundReference/PW_C000146
http://smpdb.ca/pathways/#CompoundReference/PW_C009028,abstraction:ReactsWith,http://smpdb.ca/pathways/#CompoundReference/PW_C000146
http://smpdb.ca/pathways/#CompoundReference/PW_C043027,abstraction:ReactsWith,http://smpdb.ca/pathways/#CompoundReference/PW_C000080
http://smpdb.ca/pathways/#CompoundReference/PW_C040034,abstraction:ReactsWith,http://smpdb.ca/pathways/#CompoundReference/PW_C019423
http://smpdb.ca/pathways/#CompoundReference/PW_C001429,abstraction:ReactsWith,http://smpdb.ca/pathways/#CompoundReference/PW_C001065
http://smpdb.ca/pathways/#CompoundReference/PW_C000143,abstraction:ReactsWith,http://smpdb.ca/pathways/#CompoundReference/PW_C001765
http://smpdb.ca/pathways/#CompoundReference/PW_C040034,abstraction:ReactsWith,http://smpdb.ca/pathways/#CompoundReference/PW_C001932
http://smpdb.ca/pathways/#CompoundReference/PW_C006716,abstraction:ReactsWith,http://smpdb.ca/pathways/#CompoundReference/PW_C000093
http://smpdb.ca/pathways/#CompoundReference/PW_C001420,abstraction:ReactsWith,http://smpdb.ca/pathways/#GenericCompoundReference/97
http://smpdb.ca/pathways/#CompoundReference/PW_C000414,abstraction:ReactsWith,http://smpdb.ca/pathways/#CompoundReference/PW_C040943
http://smpdb.ca/pathways/#CompoundReference/PW_C001951,abstraction:ReactsWith,http://smpdb.ca/pathways/#CompoundReference/PW_C001065
http://smpdb.ca/pathways/#CompoundReference/PW_C001065,abstraction:ReactsWith,http://smpdb.ca/pathways/#CompoundReference/PW_C007722
http://smpdb.ca/pathways/#CompoundReference/PW_C000062,abstraction:ReactsWith,http://smpdb.ca/pathways/#CompoundReference/PW_C040918
http://smpdb.ca/pathways/#CompoundReference/PW_C000104,abstraction:ReactsWith,http://smpdb.ca/pathways/#CompoundReference/PW_C000164
http://smpdb.ca/pathways/#CompoundReference/PW_C000721,abstraction:ReactsWith,http://smpdb.ca/pathways/#CompoundReference/PW_C001233
http://smpdb.ca/pathways/#CompoundReference/PW_C007733,abstraction:ReactsWith,http://smpdb.ca/pathways/#CompoundReference/PW_C040034
http://smpdb.ca/pathways/#CompoundReference/PW_C001420,abstraction:ReactsWith,http://smpdb.ca/pathways/#CompoundReference/PW_C002975
http://smpdb.ca/pathways/#CompoundReference/PW_C045264,abstraction:ReactsWith,http://smpdb.ca/pathways/#CompoundReference/PW_C000193
http://smpdb.ca/pathways/#CompoundReference/PW_C002907,abstraction:ReactsWith,http://smpdb.ca/pathways/#CompoundReference/PW_C000143
http://smpdb.ca/pathways/#GenericCompoundReference/235,abstraction:ReactsWith,http://smpdb.ca/pathways/#CompoundReference/PW_C040076
http://smpdb.ca/pathways/#CompoundReference/PW_C007679,abstraction:ReactsWith,http://smpdb.ca/pathways/#CompoundReference/PW_C000901
http://smpdb.ca/pathways/#CompoundReference/PW_C000721,abstraction:ReactsWith,http://smpdb.ca/pathways/#CompoundReference/PW_C000263
http://smpdb.ca/pathways/#CompoundReference/PW_C000012,abstraction:ReactsWith,http://smpdb.ca/pathways/#CompoundReference/PW_C040034
http://smpdb.ca/pathways/#CompoundReference/PW_C040034,abstraction:ReactsWith,http://smpdb.ca/pathways/#CompoundReference/PW_C007795
http://smpdb.ca/pathways/#CompoundReference/PW_C008794,abstraction:ReactsWith,http://smpdb.ca/pathways/#CompoundReference/PW_C040034
http://smpdb.ca/pathways/#CompoundReference/PW_C042913,abstraction:ReactsWith,http://smpdb.ca/pathways/#CompoundReference/PW_C001420
http://smpdb.ca/pathways/#CompoundReference/PW_C001104,abstraction:ReactsWith,http://smpdb.ca/pathways/#CompoundReference/PW_C000172
http://smpdb.ca/pathways/#CompoundReference/PW_C001420,abstraction:ReactsWith,http://smpdb.ca/pathways/#CompoundReference/PW_C000540
http://smpdb.ca/pathways/#CompoundReference/PW_C001851,abstraction:ReactsWith,http://smpdb.ca/pathways/#CompoundReference/PW_C000093
http://smpdb.ca/pathways/#CompoundReference/PW_C044574,abstraction:ReactsWith,http://smpdb.ca/pathways/#CompoundReference/PW_C000146
http://smpdb.ca/pathways/#GenericCompoundReference/237,abstraction:ReactsWith,http://smpdb.ca/pathways/#CompoundReference/PW_C057901
http://smpdb.ca/pathways/#CompoundReference/PW_C040034,abstraction:ReactsWith,http://smpdb.ca/pathways/#CompoundReference/PW_C000558
http://smpdb.ca/pathways/#CompoundReference/PW_C040858,abstraction:ReactsWith,http://smpdb.ca/pathways/#CompoundReference/PW_C000143
http://smpdb.ca/pathways/#CompoundReference/PW_C001860,abstraction:ReactsWith,http://smpdb.ca/pathways/#CompoundReference/PW_C000081
http://smpdb.ca/pathways/#CompoundReference/PW_C001420,abstraction:ReactsWith,http://smpdb.ca/pathways/#CompoundReference/PW_C022597
http://smpdb.ca/pathways/#CompoundReference/PW_C000066,abstraction:ReactsWith,http://smpdb.ca/pathways/#CompoundReference/PW_C000143
http://smpdb.ca/pathways/#CompoundReference/PW_C040505,abstraction:ReactsWith,http://smpdb.ca/pathways/#CompoundReference/PW_C001420
http://smpdb.ca/pathways/#CompoundReference/PW_C000178,abstraction:ReactsWith,http://smpdb.ca/pathways/#CompoundReference/PW_C000146
http://smpdb.ca/pathways/#CompoundReference/PW_C001420,abstraction:ReactsWith,http://smpdb.ca/pathways/#CompoundReference/PW_C000134
http://smpdb.ca/pathways/#CompoundReference/PW_C040034,abstraction:ReactsWith,http://smpdb.ca/pathways/#CompoundReference/PW_C000045
http://smpdb.ca/pathways/#CompoundReference/PW_C001065,abstraction:ReactsWith,http://smpdb.ca/pathways/#CompoundReference/PW_C044574
http://smpdb.ca/pathways/#CompoundReference/PW_C000032,abstraction:ReactsWith,http://smpdb.ca/pathways/#CompoundReference/PW_C000180
http://smpdb.ca/pathways/#CompoundReference/PW_C042944,abstraction:ReactsWith,http://smpdb.ca/pathways/#CompoundReference/PW_C000921
http://smpdb.ca/pathways/#CompoundReference/PW_C002727,abstraction:ReactsWith,http://smpdb.ca/pathways/#CompoundReference/PW_C001420
http://smpdb.ca/pathways/#CompoundReference/PW_C001107,abstraction:ReactsWith,http://smpdb.ca/pathways/#CompoundReference/PW_C001420
http://smpdb.ca/pathways/#CompoundReference/PW_C002009,abstraction:ReactsWith,http://smpdb.ca/pathways/#CompoundReference/PW_C000146
http://smpdb.ca/pathways/#CompoundReference/PW_C000831,abstraction:ReactsWith,http://smpdb.ca/pathways/#CompoundReference/PW_C040034
http://smpdb.ca/pathways/#CompoundReference/PW_C001420,abstraction:ReactsWith,http://smpdb.ca/pathways/#CompoundReference/PW_C104739
http://smpdb.ca/pathways/#CompoundReference/PW_C000993,abstraction:ReactsWith,http://smpdb.ca/pathways/#CompoundReference/PW_C001420
http://smpdb.ca/pathways/#CompoundReference/PW_C042939,abstraction:ReactsWith,http://smpdb.ca/pathways/#GenericCompoundReference/97
http://smpdb.ca/pathways/#CompoundReference/PW_C000140,abstraction:ReactsWith,http://smpdb.ca/pathways/#CompoundReference/PW_C040034
http://smpdb.ca/pathways/#CompoundReference/PW_C001500,abstraction:ReactsWith,http://smpdb.ca/pathways/#CompoundReference/PW_C001099
http://smpdb.ca/pathways/#CompoundReference/PW_C001707,abstraction:ReactsWith,http://smpdb.ca/pathways/#GenericCompoundReference/299
http://smpdb.ca/pathways/#CompoundReference/PW_C000134,abstraction:ReactsWith,http://smpdb.ca/pathways/#CompoundReference/PW_C002937
http://smpdb.ca/pathways/#CompoundReference/PW_C040034,abstraction:ReactsWith,http://smpdb.ca/pathways/#CompoundReference/PW_C002013
http://smpdb.ca/pathways/#CompoundReference/PW_C000118,abstraction:ReactsWith,http://smpdb.ca/pathways/#CompoundReference/PW_C000134
http://smpdb.ca/pathways/#CompoundReference/PW_C000161,abstraction:ReactsWith,http://smpdb.ca/pathways/#CompoundReference/PW_C001065
http://smpdb.ca/pathways/#CompoundReference/PW_C001081,abstraction:ReactsWith,http://smpdb.ca/pathways/#CompoundReference/PW_C000052
http://smpdb.ca/pathways/#CompoundReference/PW_C000062,abstraction:ReactsWith,http://smpdb.ca/pathways/#CompoundReference/PW_C001420
http://smpdb.ca/pathways/#CompoundReference/PW_C000065,abstraction:ReactsWith,http://smpdb.ca/pathways/#CompoundReference/PW_C000414
http://smpdb.ca/pathways/#CompoundReference/PW_C001070,abstraction:ReactsWith,http://smpdb.ca/pathways/#CompoundReference/PW_C001034
http://smpdb.ca/pathways/#CompoundReference/PW_C000414,abstraction:ReactsWith,http://smpdb.ca/pathways/#CompoundReference/PW_C000635
http://smpdb.ca/pathways/#CompoundReference/PW_C044580,abstraction:ReactsWith,http://smpdb.ca/pathways/#CompoundReference/PW_C000921
http://smpdb.ca/pathways/#CompoundReference/PW_C009464,abstraction:ReactsWith,http://smpdb.ca/pathways/#CompoundReference/PW_C000721
http://smpdb.ca/pathways/#CompoundReference/PW_C000911,abstraction:ReactsWith,http://smpdb.ca/pathways/#CompoundReference/PW_C041674
http://smpdb.ca/pathways/#CompoundReference/PW_C001065,abstraction:ReactsWith,http://smpdb.ca/pathways/#CompoundReference/PW_C002030
http://smpdb.ca/pathways/#CompoundReference/PW_C000146,abstraction:ReactsWith,http://smpdb.ca/pathways/#CompoundReference/PW_C057890
http://smpdb.ca/pathways/#CompoundReference/PW_C001420,abstraction:ReactsWith,http://smpdb.ca/pathways/#CompoundReference/PW_C000104
http://smpdb.ca/pathways/#CompoundReference/PW_C000921,abstraction:ReactsWith,http://smpdb.ca/pathways/#GenericCompoundReference/14
http://smpdb.ca/pathways/#CompoundReference/PW_C000145,abstraction:ReactsWith,http://smpdb.ca/pathways/#CompoundReference/PW_C000414
http://smpdb.ca/pathways/#CompoundReference/PW_C000111,abstraction:ReactsWith,http://smpdb.ca/pathways/#CompoundReference/PW_C000093
http://smpdb.ca/pathways/#CompoundReference/PW_C040559,abstraction:ReactsWith,http://smpdb.ca/pathways/#CompoundReference/PW_C001420
http://smpdb.ca/pathways/#CompoundReference/PW_C000146,abstraction:ReactsWith,http://smpdb.ca/pathways/#CompoundReference/PW_C044520
http://smpdb.ca/pathways/#CompoundReference/PW_C000936,abstraction:ReactsWith,http://smpdb.ca/pathways/#CompoundReference/PW_C000808
http://smpdb.ca/pathways/#CompoundReference/PW_C001145,abstraction:ReactsWith,http://smpdb.ca/pathways/#CompoundReference/PW_C000414
http://smpdb.ca/pathways/#CompoundReference/PW_C000123,abstraction:ReactsWith,http://smpdb.ca/pathways/#CompoundReference/PW_C040034
http://smpdb.ca/pathways/#CompoundReference/PW_C001074,abstraction:ReactsWith,http://smpdb.ca/pathways/#CompoundReference/PW_C001065
http://smpdb.ca/pathways/#CompoundReference/PW_C040858,abstraction:ReactsWith,http://smpdb.ca/pathways/#CompoundReference/PW_C001420
http://smpdb.ca/pathways/#CompoundReference/PW_C001065,abstraction:ReactsWith,http://smpdb.ca/pathways/#CompoundReference/PW_C001500
http://smpdb.ca/pathways/#CompoundReference/PW_C041173,abstraction:ReactsWith,http://smpdb.ca/pathways/#CompoundReference/PW_C040034
http://smpdb.ca/pathways/#CompoundReference/PW_C001144,abstraction:ReactsWith,http://smpdb.ca/pathways/#CompoundReference/PW_C001222
http://smpdb.ca/pathways/#CompoundReference/PW_C000414,abstraction:ReactsWith,http://smpdb.ca/pathways/#CompoundReference/PW_C000107
http://smpdb.ca/pathways/#CompoundReference/PW_C000769,abstraction:ReactsWith,http://smpdb.ca/pathways/#CompoundReference/PW_C002976
http://smpdb.ca/pathways/#CompoundReference/PW_C044547,abstraction:ReactsWith,http://smpdb.ca/pathways/#CompoundReference/PW_C040034
http://smpdb.ca/pathways/#CompoundReference/PW_C001065,abstraction:ReactsWith,http://smpdb.ca/pathways/#CompoundReference/PW_C000891
http://smpdb.ca/pathways/#GenericCompoundReference/161,abstraction:ReactsWith,http://smpdb.ca/pathways/#GenericCompoundReference/138
http://smpdb.ca/pathways/#CompoundReference/PW_C000721,abstraction:ReactsWith,http://smpdb.ca/pathways/#CompoundReference/PW_C040532
http://smpdb.ca/pathways/#CompoundReference/PW_C001420,abstraction:ReactsWith,http://smpdb.ca/pathways/#CompoundReference/PW_C002679
http://smpdb.ca/pathways/#CompoundReference/PW_C040076,abstraction:ReactsWith,http://smpdb.ca/pathways/#CompoundReference/PW_C001420
http://smpdb.ca/pathways/#CompoundReference/PW_C040962,abstraction:ReactsWith,http://smpdb.ca/pathways/#CompoundReference/PW_C040034
http://smpdb.ca/pathways/#GenericCompoundReference/137,abstraction:ReactsWith,http://smpdb.ca/pathways/#GenericCompoundReference/210
http://smpdb.ca/pathways/#CompoundReference/PW_C000146,abstraction:ReactsWith,http://smpdb.ca/pathways/#CompoundReference/PW_C042914
http://smpdb.ca/pathways/#CompoundReference/PW_C041033,abstraction:ReactsWith,http://smpdb.ca/pathways/#CompoundReference/PW_C001035
http://smpdb.ca/pathways/#CompoundReference/PW_C000095,abstraction:ReactsWith,http://smpdb.ca/pathways/#CompoundReference/PW_C001092
http://smpdb.ca/pathways/#CompoundReference/PW_C001065,abstraction:ReactsWith,http://smpdb.ca/pathways/#CompoundReference/PW_C001799
http://smpdb.ca/pathways/#CompoundReference/PW_C040034,abstraction:ReactsWith,http://smpdb.ca/pathways/#CompoundReference/PW_C040856
http://smpdb.ca/pathways/#CompoundReference/PW_C040034,abstraction:ReactsWith,http://smpdb.ca/pathways/#CompoundReference/PW_C002031
http://smpdb.ca/pathways/#CompoundReference/PW_C000083,abstraction:ReactsWith,http://smpdb.ca/pathways/#CompoundReference/PW_C000921
http://smpdb.ca/pathways/#CompoundReference/PW_C040034,abstraction:ReactsWith,http://smpdb.ca/pathways/#CompoundReference/PW_C000118
http://smpdb.ca/pathways/#CompoundReference/PW_C104659,abstraction:ReactsWith,http://smpdb.ca/pathways/#CompoundReference/PW_C001065
http://smpdb.ca/pathways/#CompoundReference/PW_C040985,abstraction:ReactsWith,http://smpdb.ca/pathways/#CompoundReference/PW_C040986
http://smpdb.ca/pathways/#CompoundReference/PW_C001420,abstraction:ReactsWith,http://smpdb.ca/pathways/#CompoundReference/PW_C002029
http://smpdb.ca/pathways/#CompoundReference/PW_C000414,abstraction:ReactsWith,http://smpdb.ca/pathways/#CompoundReference/PW_C040483
http://smpdb.ca/pathways/#CompoundReference/PW_C000146,abstraction:ReactsWith,http://smpdb.ca/pathways/#CompoundReference/PW_C040034
http://smpdb.ca/pathways/#CompoundReference/PW_C000721,abstraction:ReactsWith,http://smpdb.ca/pathways/#CompoundReference/PW_C057887
http://smpdb.ca/pathways/#CompoundReference/PW_C000891,abstraction:ReactsWith,http://smpdb.ca/pathways/#CompoundReference/PW_C104651
http://smpdb.ca/pathways/#CompoundReference/PW_C043033,abstraction:ReactsWith,http://smpdb.ca/pathways/#CompoundReference/PW_C000721
http://smpdb.ca/pathways/#GenericCompoundReference/222,abstraction:ReactsWith,http://smpdb.ca/pathways/#CompoundReference/PW_C001065
http://smpdb.ca/pathways/#CompoundReference/PW_C000544,abstraction:ReactsWith,http://smpdb.ca/pathways/#CompoundReference/PW_C001051
http://smpdb.ca/pathways/#CompoundReference/PW_C001420,abstraction:ReactsWith,http://smpdb.ca/pathways/#CompoundReference/PW_C042919
http://smpdb.ca/pathways/#CompoundReference/PW_C001420,abstraction:ReactsWith,http://smpdb.ca/pathways/#CompoundReference/PW_C007691
http://smpdb.ca/pathways/#CompoundReference/PW_C040778,abstraction:ReactsWith,http://smpdb.ca/pathways/#CompoundReference/PW_C040034
http://smpdb.ca/pathways/#CompoundReference/PW_C104664,abstraction:ReactsWith,http://smpdb.ca/pathways/#CompoundReference/PW_C000146
http://smpdb.ca/pathways/#CompoundReference/PW_C000149,abstraction:ReactsWith,http://smpdb.ca/pathways/#CompoundReference/PW_C000921
http://smpdb.ca/pathways/#CompoundReference/PW_C044541,abstraction:ReactsWith,http://smpdb.ca/pathways/#CompoundReference/PW_C040034
http://smpdb.ca/pathways/#CompoundReference/PW_C001065,abstraction:ReactsWith,http://smpdb.ca/pathways/#CompoundReference/PW_C008740
http://smpdb.ca/pathways/#CompoundReference/PW_C001414,abstraction:ReactsWith,http://smpdb.ca/pathways/#CompoundReference/PW_C001065
http://smpdb.ca/pathways/#CompoundReference/PW_C000886,abstraction:ReactsWith,http://smpdb.ca/pathways/#CompoundReference/PW_C045265
http://smpdb.ca/pathways/#CompoundReference/PW_C044522,abstraction:ReactsWith,http://smpdb.ca/pathways/#CompoundReference/PW_C001420
http://smpdb.ca/pathways/#CompoundReference/PW_C040034,abstraction:ReactsWith,http://smpdb.ca/pathways/#CompoundReference/PW_C000148
http://smpdb.ca/pathways/#CompoundReference/PW_C104763,abstraction:ReactsWith,http://smpdb.ca/pathways/#CompoundReference/PW_C000134
http://smpdb.ca/pathways/#CompoundReference/PW_C001145,abstraction:ReactsWith,http://smpdb.ca/pathways/#CompoundReference/PW_C001420
http://smpdb.ca/pathways/#CompoundReference/PW_C001284,abstraction:ReactsWith,http://smpdb.ca/pathways/#CompoundReference/PW_C000746
http://smpdb.ca/pathways/#CompoundReference/PW_C045277,abstraction:ReactsWith,http://smpdb.ca/pathways/#CompoundReference/PW_C000414
http://smpdb.ca/pathways/#CompoundReference/PW_C000146,abstraction:ReactsWith,http://smpdb.ca/pathways/#CompoundReference/PW_C096950
http://smpdb.ca/pathways/#CompoundReference/PW_C000721,abstraction:ReactsWith,http://smpdb.ca/pathways/#CompoundReference/PW_C000016
http://smpdb.ca/pathways/#CompoundReference/PW_C001500,abstraction:ReactsWith,http://smpdb.ca/pathways/#CompoundReference/PW_C000721
http://smpdb.ca/pathways/#CompoundReference/PW_C000095,abstraction:ReactsWith,http://smpdb.ca/pathways/#CompoundReference/PW_C000976
http://smpdb.ca/pathways/#CompoundReference/PW_C001420,abstraction:ReactsWith,http://smpdb.ca/pathways/#CompoundReference/PW_C041038
http://smpdb.ca/pathways/#CompoundReference/PW_C000866,abstraction:ReactsWith,http://smpdb.ca/pathways/#CompoundReference/PW_C000721
http://smpdb.ca/pathways/#CompoundReference/PW_C000926,abstraction:ReactsWith,http://smpdb.ca/pathways/#CompoundReference/PW_C000721
http://smpdb.ca/pathways/#CompoundReference/PW_C040034,abstraction:ReactsWith,http://smpdb.ca/pathways/#CompoundReference/PW_C044544
http://smpdb.ca/pathways/#CompoundReference/PW_C042631,abstraction:ReactsWith,http://smpdb.ca/pathways/#CompoundReference/PW_C000146
http://smpdb.ca/pathways/#CompoundReference/PW_C040034,abstraction:ReactsWith,http://smpdb.ca/pathways/#CompoundReference/PW_C000742
http://smpdb.ca/pathways/#CompoundReference/PW_C040034,abstraction:ReactsWith,http://smpdb.ca/pathways/#CompoundReference/PW_C057913
http://smpdb.ca/pathways/#CompoundReference/PW_C000531,abstraction:ReactsWith,http://smpdb.ca/pathways/#CompoundReference/PW_C001420
http://smpdb.ca/pathways/#CompoundReference/PW_C002008,abstraction:ReactsWith,http://smpdb.ca/pathways/#CompoundReference/PW_C000146
http://smpdb.ca/pathways/#CompoundReference/PW_C040034,abstraction:ReactsWith,http://smpdb.ca/pathways/#CompoundReference/PW_C002968
http://smpdb.ca/pathways/#CompoundReference/PW_C000002,abstraction:ReactsWith,http://smpdb.ca/pathways/#CompoundReference/PW_C001065
http://smpdb.ca/pathways/#CompoundReference/PW_C042921,abstraction:ReactsWith,http://smpdb.ca/pathways/#CompoundReference/PW_C042617
http://smpdb.ca/pathways/#CompoundReference/PW_C001420,abstraction:ReactsWith,http://smpdb.ca/pathways/#CompoundReference/PW_C002417
http://smpdb.ca/pathways/#CompoundReference/PW_C000741,abstraction:ReactsWith,http://smpdb.ca/pathways/#CompoundReference/PW_C001065
http://smpdb.ca/pathways/#GenericCompoundReference/140,abstraction:ReactsWith,http://smpdb.ca/pathways/#CompoundReference/PW_C000940
http://smpdb.ca/pathways/#CompoundReference/PW_C000114,abstraction:ReactsWith,http://smpdb.ca/pathways/#CompoundReference/PW_C000123
http://smpdb.ca/pathways/#CompoundReference/PW_C000721,abstraction:ReactsWith,http://smpdb.ca/pathways/#CompoundReference/PW_C001992
http://smpdb.ca/pathways/#CompoundReference/PW_C000057,abstraction:ReactsWith,http://smpdb.ca/pathways/#GenericCompoundReference/230
http://smpdb.ca/pathways/#CompoundReference/PW_C000143,abstraction:ReactsWith,http://smpdb.ca/pathways/#CompoundReference/PW_C057940
http://smpdb.ca/pathways/#CompoundReference/PW_C001420,abstraction:ReactsWith,http://smpdb.ca/pathways/#GenericCompoundReference/297
http://smpdb.ca/pathways/#CompoundReference/PW_C001252,abstraction:ReactsWith,http://smpdb.ca/pathways/#CompoundReference/PW_C000143
http://smpdb.ca/pathways/#CompoundReference/PW_C000921,abstraction:ReactsWith,http://smpdb.ca/pathways/#CompoundReference/PW_C000854
http://smpdb.ca/pathways/#CompoundReference/PW_C000143,abstraction:ReactsWith,http://smpdb.ca/pathways/#CompoundReference/PW_C001252
http://smpdb.ca/pathways/#CompoundReference/PW_C000635,abstraction:ReactsWith,http://smpdb.ca/pathways/#CompoundReference/PW_C000414
http://smpdb.ca/pathways/#CompoundReference/PW_C000146,abstraction:ReactsWith,http://smpdb.ca/pathways/#CompoundReference/PW_C104811
http://smpdb.ca/pathways/#CompoundReference/PW_C000146,abstraction:ReactsWith,http://smpdb.ca/pathways/#CompoundReference/PW_C041114
http://smpdb.ca/pathways/#CompoundReference/PW_C000149,abstraction:ReactsWith,http://smpdb.ca/pathways/#CompoundReference/PW_C000057
http://smpdb.ca/pathways/#CompoundReference/PW_C000414,abstraction:ReactsWith,http://smpdb.ca/pathways/#CompoundReference/PW_C000192
http://smpdb.ca/pathways/#CompoundReference/PW_C000165,abstraction:ReactsWith,http://smpdb.ca/pathways/#CompoundReference/PW_C040034
http://smpdb.ca/pathways/#CompoundReference/PW_C000120,abstraction:ReactsWith,http://smpdb.ca/pathways/#CompoundReference/PW_C002066
http://smpdb.ca/pathways/#CompoundReference/PW_C001912,abstraction:ReactsWith,http://smpdb.ca/pathways/#CompoundReference/PW_C000414
http://smpdb.ca/pathways/#CompoundReference/PW_C000721,abstraction:ReactsWith,http://smpdb.ca/pathways/#CompoundReference/PW_C000905
http://smpdb.ca/pathways/#CompoundReference/PW_C000871,abstraction:ReactsWith,http://smpdb.ca/pathways/#CompoundReference/PW_C001420
http://smpdb.ca/pathways/#CompoundReference/PW_C040699,abstraction:ReactsWith,http://smpdb.ca/pathways/#CompoundReference/PW_C040034
http://smpdb.ca/pathways/#CompoundReference/PW_C001065,abstraction:ReactsWith,http://smpdb.ca/pathways/#CompoundReference/PW_C000047
http://smpdb.ca/pathways/#CompoundReference/PW_C000146,abstraction:ReactsWith,http://smpdb.ca/pathways/#CompoundReference/PW_C001414
http://smpdb.ca/pathways/#CompoundReference/PW_C000190,abstraction:ReactsWith,http://smpdb.ca/pathways/#CompoundReference/PW_C000500
http://smpdb.ca/pathways/#CompoundReference/PW_C000146,abstraction:ReactsWith,http://smpdb.ca/pathways/#CompoundReference/PW_C041105
http://smpdb.ca/pathways/#CompoundReference/PW_C001065,abstraction:ReactsWith,http://smpdb.ca/pathways/#CompoundReference/PW_C000134
http://smpdb.ca/pathways/#CompoundReference/PW_C045277,abstraction:ReactsWith,http://smpdb.ca/pathways/#CompoundReference/PW_C001420
http://smpdb.ca/pathways/#CompoundReference/PW_C001420,abstraction:ReactsWith,http://smpdb.ca/pathways/#CompoundReference/PW_C040962
http://smpdb.ca/pathways/#CompoundReference/PW_C001880,abstraction:ReactsWith,http://smpdb.ca/pathways/#CompoundReference/PW_C001420
http://smpdb.ca/pathways/#CompoundReference/PW_C043034,abstraction:ReactsWith,http://smpdb.ca/pathways/#CompoundReference/PW_C003059
http://smpdb.ca/pathways/#CompoundReference/PW_C001099,abstraction:ReactsWith,http://smpdb.ca/pathways/#CompoundReference/PW_C000547
http://smpdb.ca/pathways/#CompoundReference/PW_C001065,abstraction:ReactsWith,http://smpdb.ca/pathways/#GenericCompoundReference/302
http://smpdb.ca/pathways/#CompoundReference/PW_C000986,abstraction:ReactsWith,http://smpdb.ca/pathways/#CompoundReference/PW_C000114
http://smpdb.ca/pathways/#CompoundReference/PW_C000117,abstraction:ReactsWith,http://smpdb.ca/pathways/#CompoundReference/PW_C001065
http://smpdb.ca/pathways/#CompoundReference/PW_C001065,abstraction:ReactsWith,http://smpdb.ca/pathways/#CompoundReference/PW_C002965
http://smpdb.ca/pathways/#CompoundReference/PW_C009649,abstraction:ReactsWith,http://smpdb.ca/pathways/#CompoundReference/PW_C001051
http://smpdb.ca/pathways/#CompoundReference/PW_C000105,abstraction:ReactsWith,http://smpdb.ca/pathways/#CompoundReference/PW_C000558
http://smpdb.ca/pathways/#CompoundReference/PW_C000146,abstraction:ReactsWith,http://smpdb.ca/pathways/#CompoundReference/PW_C002961
http://smpdb.ca/pathways/#CompoundReference/PW_C040034,abstraction:ReactsWith,http://smpdb.ca/pathways/#CompoundReference/PW_C011995
http://smpdb.ca/pathways/#CompoundReference/PW_C001500,abstraction:ReactsWith,http://smpdb.ca/pathways/#CompoundReference/PW_C001065
http://smpdb.ca/pathways/#CompoundReference/PW_C002350,abstraction:ReactsWith,http://smpdb.ca/pathways/#CompoundReference/PW_C001144
http://smpdb.ca/pathways/#CompoundReference/PW_C000746,abstraction:ReactsWith,http://smpdb.ca/pathways/#CompoundReference/PW_C000038
http://smpdb.ca/pathways/#CompoundReference/PW_C001755,abstraction:ReactsWith,http://smpdb.ca/pathways/#CompoundReference/PW_C001827
http://smpdb.ca/pathways/#CompoundReference/PW_C000721,abstraction:ReactsWith,http://smpdb.ca/pathways/#CompoundReference/PW_C000504
http://smpdb.ca/pathways/#CompoundReference/PW_C000926,abstraction:ReactsWith,http://smpdb.ca/pathways/#CompoundReference/PW_C001065
http://smpdb.ca/pathways/#CompoundReference/PW_C000101,abstraction:ReactsWith,http://smpdb.ca/pathways/#CompoundReference/PW_C001860
http://smpdb.ca/pathways/#CompoundReference/PW_C000721,abstraction:ReactsWith,http://smpdb.ca/pathways/#CompoundReference/PW_C000122
http://smpdb.ca/pathways/#CompoundReference/PW_C001142,abstraction:ReactsWith,http://smpdb.ca/pathways/#CompoundReference/PW_C000940
http://smpdb.ca/pathways/#CompoundReference/PW_C000824,abstraction:ReactsWith,http://smpdb.ca/pathways/#CompoundReference/PW_C000746
http://smpdb.ca/pathways/#CompoundReference/PW_C001420,abstraction:ReactsWith,http://smpdb.ca/pathways/#CompoundReference/PW_C000500
http://smpdb.ca/pathways/#CompoundReference/PW_C000808,abstraction:ReactsWith,http://smpdb.ca/pathways/#CompoundReference/PW_C000396
http://smpdb.ca/pathways/#CompoundReference/PW_C041213,abstraction:ReactsWith,http://smpdb.ca/pathways/#CompoundReference/PW_C040034
http://smpdb.ca/pathways/#CompoundReference/PW_C000171,abstraction:ReactsWith,http://smpdb.ca/pathways/#CompoundReference/PW_C000414
http://smpdb.ca/pathways/#CompoundReference/PW_C000048,abstraction:ReactsWith,http://smpdb.ca/pathways/#CompoundReference/PW_C001420
http://smpdb.ca/pathways/#CompoundReference/PW_C001065,abstraction:ReactsWith,http://smpdb.ca/pathways/#CompoundReference/PW_C000104
http://smpdb.ca/pathways/#CompoundReference/PW_C001420,abstraction:ReactsWith,http://smpdb.ca/pathways/#CompoundReference/PW_C019423
http://smpdb.ca/pathways/#GenericCompoundReference/558,abstraction:ReactsWith,http://smpdb.ca/pathways/#CompoundReference/PW_C001420
http://smpdb.ca/pathways/#CompoundReference/PW_C040034,abstraction:ReactsWith,http://smpdb.ca/pathways/#CompoundReference/PW_C001532
http://smpdb.ca/pathways/#CompoundReference/PW_C002993,abstraction:ReactsWith,http://smpdb.ca/pathways/#CompoundReference/PW_C001099
http://smpdb.ca/pathways/#CompoundReference/PW_C001189,abstraction:ReactsWith,http://smpdb.ca/pathways/#CompoundReference/PW_C001034
http://smpdb.ca/pathways/#CompoundReference/PW_C040811,abstraction:ReactsWith,http://smpdb.ca/pathways/#CompoundReference/PW_C040034
http://smpdb.ca/pathways/#CompoundReference/PW_C000180,abstraction:ReactsWith,http://smpdb.ca/pathways/#CompoundReference/PW_C040034
http://smpdb.ca/pathways/#CompoundReference/PW_C000964,abstraction:ReactsWith,http://smpdb.ca/pathways/#CompoundReference/PW_C012438
http://smpdb.ca/pathways/#CompoundReference/PW_C001144,abstraction:ReactsWith,http://smpdb.ca/pathways/#CompoundReference/PW_C012708
http://smpdb.ca/pathways/#CompoundReference/PW_C001912,abstraction:ReactsWith,http://smpdb.ca/pathways/#CompoundReference/PW_C001420
http://smpdb.ca/pathways/#CompoundReference/PW_C001104,abstraction:ReactsWith,http://smpdb.ca/pathways/#CompoundReference/PW_C000161
http://smpdb.ca/pathways/#CompoundReference/PW_C000921,abstraction:ReactsWith,http://smpdb.ca/pathways/#CompoundReference/PW_C000083
http://smpdb.ca/pathways/#CompoundReference/PW_C001420,abstraction:ReactsWith,http://smpdb.ca/pathways/#CompoundReference/PW_C041034
http://smpdb.ca/pathways/#GenericCompoundReference/295,abstraction:ReactsWith,http://smpdb.ca/pathways/#CompoundReference/PW_C001201
http://smpdb.ca/pathways/#CompoundReference/PW_C000983,abstraction:ReactsWith,http://smpdb.ca/pathways/#CompoundReference/PW_C040034
http://smpdb.ca/pathways/#CompoundReference/PW_C044577,abstraction:ReactsWith,http://smpdb.ca/pathways/#CompoundReference/PW_C000146
http://smpdb.ca/pathways/#CompoundReference/PW_C000916,abstraction:ReactsWith,http://smpdb.ca/pathways/#CompoundReference/PW_C001420
http://smpdb.ca/pathways/#CompoundReference/PW_C001134,abstraction:ReactsWith,http://smpdb.ca/pathways/#CompoundReference/PW_C001860
http://smpdb.ca/pathways/#CompoundReference/PW_C000824,abstraction:ReactsWith,http://smpdb.ca/pathways/#CompoundReference/PW_C001144
http://smpdb.ca/pathways/#CompoundReference/PW_C040034,abstraction:ReactsWith,http://smpdb.ca/pathways/#CompoundReference/PW_C001967
http://smpdb.ca/pathways/#CompoundReference/PW_C001233,abstraction:ReactsWith,http://smpdb.ca/pathways/#CompoundReference/PW_C000886
http://smpdb.ca/pathways/#CompoundReference/PW_C001420,abstraction:ReactsWith,http://smpdb.ca/pathways/#CompoundReference/PW_C001151
http://smpdb.ca/pathways/#CompoundReference/PW_C000112,abstraction:ReactsWith,http://smpdb.ca/pathways/#CompoundReference/PW_C000414
http://smpdb.ca/pathways/#GenericCompoundReference/157,abstraction:ReactsWith,http://smpdb.ca/pathways/#CompoundReference/PW_C000921
http://smpdb.ca/pathways/#CompoundReference/PW_C001420,abstraction:ReactsWith,http://smpdb.ca/pathways/#CompoundReference/PW_C041031
http://smpdb.ca/pathways/#CompoundReference/PW_C001034,abstraction:ReactsWith,http://smpdb.ca/pathways/#CompoundReference/PW_C000927
http://smpdb.ca/pathways/#CompoundReference/PW_C000742,abstraction:ReactsWith,http://smpdb.ca/pathways/#CompoundReference/PW_C001065
http://smpdb.ca/pathways/#CompoundReference/PW_C009153,abstraction:ReactsWith,http://smpdb.ca/pathways/#CompoundReference/PW_C040034
http://smpdb.ca/pathways/#GenericCompoundReference/227,abstraction:ReactsWith,http://smpdb.ca/pathways/#CompoundReference/PW_C057885
http://smpdb.ca/pathways/#GenericCompoundReference/210,abstraction:ReactsWith,http://smpdb.ca/pathways/#CompoundReference/PW_C003904
http://smpdb.ca/pathways/#CompoundReference/PW_C001099,abstraction:ReactsWith,http://smpdb.ca/pathways/#CompoundReference/PW_C001142
http://smpdb.ca/pathways/#CompoundReference/PW_C001144,abstraction:ReactsWith,http://smpdb.ca/pathways/#CompoundReference/PW_C001134
http://smpdb.ca/pathways/#CompoundReference/PW_C040590,abstraction:ReactsWith,http://smpdb.ca/pathways/#CompoundReference/PW_C001065
http://smpdb.ca/pathways/#CompoundReference/PW_C000274,abstraction:ReactsWith,http://smpdb.ca/pathways/#CompoundReference/PW_C040034
http://smpdb.ca/pathways/#CompoundReference/PW_C000080,abstraction:ReactsWith,http://smpdb.ca/pathways/#CompoundReference/PW_C043227
http://smpdb.ca/pathways/#GenericCompoundReference/227,abstraction:ReactsWith,http://smpdb.ca/pathways/#CompoundReference/PW_C001065
http://smpdb.ca/pathways/#CompoundReference/PW_C001065,abstraction:ReactsWith,http://smpdb.ca/pathways/#CompoundReference/PW_C007727
http://smpdb.ca/pathways/#CompoundReference/PW_C002959,abstraction:ReactsWith,http://smpdb.ca/pathways/#CompoundReference/PW_C000414
http://smpdb.ca/pathways/#CompoundReference/PW_C001420,abstraction:ReactsWith,http://smpdb.ca/pathways/#CompoundReference/PW_C000834
http://smpdb.ca/pathways/#GenericCompoundReference/69,abstraction:ReactsWith,http://smpdb.ca/pathways/#CompoundReference/PW_C000856
http://smpdb.ca/pathways/#CompoundReference/PW_C000746,abstraction:ReactsWith,http://smpdb.ca/pathways/#CompoundReference/PW_C009153
http://smpdb.ca/pathways/#CompoundReference/PW_C000978,abstraction:ReactsWith,http://smpdb.ca/pathways/#CompoundReference/PW_C000986
http://smpdb.ca/pathways/#CompoundReference/PW_C000414,abstraction:ReactsWith,http://smpdb.ca/pathways/#CompoundReference/PW_C045274
http://smpdb.ca/pathways/#CompoundReference/PW_C014812,abstraction:ReactsWith,http://smpdb.ca/pathways/#CompoundReference/PW_C000193
http://smpdb.ca/pathways/#CompoundReference/PW_C007218,abstraction:ReactsWith,http://smpdb.ca/pathways/#CompoundReference/PW_C001420
http://smpdb.ca/pathways/#CompoundReference/PW_C000940,abstraction:ReactsWith,http://smpdb.ca/pathways/#CompoundReference/PW_C001195
http://smpdb.ca/pathways/#CompoundReference/PW_C096927,abstraction:ReactsWith,http://smpdb.ca/pathways/#CompoundReference/PW_C000143
http://smpdb.ca/pathways/#CompoundReference/PW_C000071,abstraction:ReactsWith,http://smpdb.ca/pathways/#CompoundReference/PW_C000075
http://smpdb.ca/pathways/#CompoundReference/PW_C000938,abstraction:ReactsWith,http://smpdb.ca/pathways/#CompoundReference/PW_C001065
http://smpdb.ca/pathways/#CompoundReference/PW_C001065,abstraction:ReactsWith,http://smpdb.ca/pathways/#CompoundReference/PW_C040521
http://smpdb.ca/pathways/#CompoundReference/PW_C000078,abstraction:ReactsWith,http://smpdb.ca/pathways/#CompoundReference/PW_C000414
http://smpdb.ca/pathways/#CompoundReference/PW_C001065,abstraction:ReactsWith,http://smpdb.ca/pathways/#CompoundReference/PW_C002029
http://smpdb.ca/pathways/#CompoundReference/PW_C001034,abstraction:ReactsWith,http://smpdb.ca/pathways/#CompoundReference/PW_C001912
http://smpdb.ca/pathways/#CompoundReference/PW_C000940,abstraction:ReactsWith,http://smpdb.ca/pathways/#CompoundReference/PW_C000209
http://smpdb.ca/pathways/#CompoundReference/PW_C001104,abstraction:ReactsWith,http://smpdb.ca/pathways/#CompoundReference/PW_C000034
http://smpdb.ca/pathways/#CompoundReference/PW_C009057,abstraction:ReactsWith,http://smpdb.ca/pathways/#CompoundReference/PW_C000414
http://smpdb.ca/pathways/#CompoundReference/PW_C007729,abstraction:ReactsWith,http://smpdb.ca/pathways/#CompoundReference/PW_C000146
http://smpdb.ca/pathways/#CompoundReference/PW_C000171,abstraction:ReactsWith,http://smpdb.ca/pathways/#CompoundReference/PW_C001420
http://smpdb.ca/pathways/#CompoundReference/PW_C040032,abstraction:ReactsWith,http://smpdb.ca/pathways/#CompoundReference/PW_C001420
http://smpdb.ca/pathways/#CompoundReference/PW_C001223,abstraction:ReactsWith,http://smpdb.ca/pathways/#CompoundReference/PW_C001065
http://smpdb.ca/pathways/#CompoundReference/PW_C000146,abstraction:ReactsWith,http://smpdb.ca/pathways/#CompoundReference/PW_C002749
http://smpdb.ca/pathways/#CompoundReference/PW_C007786,abstraction:ReactsWith,http://smpdb.ca/pathways/#CompoundReference/PW_C001420
http://smpdb.ca/pathways/#CompoundReference/PW_C000134,abstraction:ReactsWith,http://smpdb.ca/pathways/#CompoundReference/PW_C000540
http://smpdb.ca/pathways/#CompoundReference/PW_C000901,abstraction:ReactsWith,http://smpdb.ca/pathways/#CompoundReference/PW_C007800
http://smpdb.ca/pathways/#CompoundReference/PW_C001233,abstraction:ReactsWith,http://smpdb.ca/pathways/#CompoundReference/PW_C000721
http://smpdb.ca/pathways/#CompoundReference/PW_C000721,abstraction:ReactsWith,http://smpdb.ca/pathways/#CompoundReference/PW_C040495
http://smpdb.ca/pathways/#CompoundReference/PW_C022605,abstraction:ReactsWith,http://smpdb.ca/pathways/#CompoundReference/PW_C000721
http://smpdb.ca/pathways/#CompoundReference/PW_C000414,abstraction:ReactsWith,http://smpdb.ca/pathways/#CompoundReference/PW_C001044
http://smpdb.ca/pathways/#CompoundReference/PW_C001104,abstraction:ReactsWith,http://smpdb.ca/pathways/#CompoundReference/PW_C000721
http://smpdb.ca/pathways/#CompoundReference/PW_C001065,abstraction:ReactsWith,http://smpdb.ca/pathways/#CompoundReference/PW_C000117
http://smpdb.ca/pathways/#CompoundReference/PW_C001274,abstraction:ReactsWith,http://smpdb.ca/pathways/#CompoundReference/PW_C001051
http://smpdb.ca/pathways/#CompoundReference/PW_C001420,abstraction:ReactsWith,http://smpdb.ca/pathways/#CompoundReference/PW_C000114
http://smpdb.ca/pathways/#CompoundReference/PW_C040034,abstraction:ReactsWith,http://smpdb.ca/pathways/#CompoundReference/PW_C000075
http://smpdb.ca/pathways/#CompoundReference/PW_C000064,abstraction:ReactsWith,http://smpdb.ca/pathways/#GenericCompoundReference/545
http://smpdb.ca/pathways/#CompoundReference/PW_C001065,abstraction:ReactsWith,http://smpdb.ca/pathways/#CompoundReference/PW_C001074
http://smpdb.ca/pathways/#CompoundReference/PW_C000986,abstraction:ReactsWith,http://smpdb.ca/pathways/#CompoundReference/PW_C000148
http://smpdb.ca/pathways/#CompoundReference/PW_C000146,abstraction:ReactsWith,http://smpdb.ca/pathways/#CompoundReference/PW_C044577
http://smpdb.ca/pathways/#CompoundReference/PW_C001420,abstraction:ReactsWith,http://smpdb.ca/pathways/#CompoundReference/PW_C001838
http://smpdb.ca/pathways/#CompoundReference/PW_C000112,abstraction:ReactsWith,http://smpdb.ca/pathways/#CompoundReference/PW_C001420
http://smpdb.ca/pathways/#CompoundReference/PW_C001178,abstraction:ReactsWith,http://smpdb.ca/pathways/#CompoundReference/PW_C000012
http://smpdb.ca/pathways/#CompoundReference/PW_C000131,abstraction:ReactsWith,http://smpdb.ca/pathways/#CompoundReference/PW_C000095
http://smpdb.ca/pathways/#CompoundReference/PW_C002240,abstraction:ReactsWith,http://smpdb.ca/pathways/#CompoundReference/PW_C000201
http://smpdb.ca/pathways/#CompoundReference/PW_C040988,abstraction:ReactsWith,http://smpdb.ca/pathways/#CompoundReference/PW_C000193
http://smpdb.ca/pathways/#CompoundReference/PW_C000044,abstraction:ReactsWith,http://smpdb.ca/pathways/#CompoundReference/PW_C001031
http://smpdb.ca/pathways/#CompoundReference/PW_C000414,abstraction:ReactsWith,http://smpdb.ca/pathways/#CompoundReference/PW_C000471
http://smpdb.ca/pathways/#CompoundReference/PW_C041038,abstraction:ReactsWith,http://smpdb.ca/pathways/#CompoundReference/PW_C001420
http://smpdb.ca/pathways/#CompoundReference/PW_C000414,abstraction:ReactsWith,http://smpdb.ca/pathways/#CompoundReference/PW_C000078
http://smpdb.ca/pathways/#CompoundReference/PW_C000856,abstraction:ReactsWith,http://smpdb.ca/pathways/#CompoundReference/PW_C000940
http://smpdb.ca/pathways/#CompoundReference/PW_C000190,abstraction:ReactsWith,http://smpdb.ca/pathways/#CompoundReference/PW_C000156
http://smpdb.ca/pathways/#CompoundReference/PW_C000933,abstraction:ReactsWith,http://smpdb.ca/pathways/#CompoundReference/PW_C001420
http://smpdb.ca/pathways/#CompoundReference/PW_C000076,abstraction:ReactsWith,http://smpdb.ca/pathways/#CompoundReference/PW_C040034
http://smpdb.ca/pathways/#CompoundReference/PW_C000164,abstraction:ReactsWith,http://smpdb.ca/pathways/#GenericCompoundReference/253
http://smpdb.ca/pathways/#CompoundReference/PW_C000193,abstraction:ReactsWith,http://smpdb.ca/pathways/#CompoundReference/PW_C104742
http://smpdb.ca/pathways/#CompoundReference/PW_C000891,abstraction:ReactsWith,http://smpdb.ca/pathways/#CompoundReference/PW_C000204
http://smpdb.ca/pathways/#CompoundReference/PW_C002111,abstraction:ReactsWith,http://smpdb.ca/pathways/#CompoundReference/PW_C001134
http://smpdb.ca/pathways/#CompoundReference/PW_C001034,abstraction:ReactsWith,http://smpdb.ca/pathways/#CompoundReference/PW_C000188
http://smpdb.ca/pathways/#CompoundReference/PW_C000143,abstraction:ReactsWith,http://smpdb.ca/pathways/#CompoundReference/PW_C041100
http://smpdb.ca/pathways/#CompoundReference/PW_C001034,abstraction:ReactsWith,http://smpdb.ca/pathways/#CompoundReference/PW_C040083
http://smpdb.ca/pathways/#CompoundReference/PW_C000940,abstraction:ReactsWith,http://smpdb.ca/pathways/#CompoundReference/PW_C000782
http://smpdb.ca/pathways/#CompoundReference/PW_C000078,abstraction:ReactsWith,http://smpdb.ca/pathways/#CompoundReference/PW_C001420
http://smpdb.ca/pathways/#CompoundReference/PW_C001420,abstraction:ReactsWith,http://smpdb.ca/pathways/#CompoundReference/PW_C000975
http://smpdb.ca/pathways/#CompoundReference/PW_C104656,abstraction:ReactsWith,http://smpdb.ca/pathways/#CompoundReference/PW_C000891
http://smpdb.ca/pathways/#CompoundReference/PW_C001065,abstraction:ReactsWith,http://smpdb.ca/pathways/#CompoundReference/PW_C001902
http://smpdb.ca/pathways/#CompoundReference/PW_C001420,abstraction:ReactsWith,http://smpdb.ca/pathways/#CompoundReference/PW_C001952
http://smpdb.ca/pathways/#CompoundReference/PW_C000414,abstraction:ReactsWith,http://smpdb.ca/pathways/#CompoundReference/PW_C042563
http://smpdb.ca/pathways/#CompoundReference/PW_C002106,abstraction:ReactsWith,http://smpdb.ca/pathways/#CompoundReference/PW_C001065
http://smpdb.ca/pathways/#CompoundReference/PW_C040741,abstraction:ReactsWith,http://smpdb.ca/pathways/#CompoundReference/PW_C000134
http://smpdb.ca/pathways/#CompoundReference/PW_C000146,abstraction:ReactsWith,http://smpdb.ca/pathways/#CompoundReference/PW_C043173
http://smpdb.ca/pathways/#CompoundReference/PW_C000143,abstraction:ReactsWith,http://smpdb.ca/pathways/#CompoundReference/PW_C040858
http://smpdb.ca/pathways/#CompoundReference/PW_C000146,abstraction:ReactsWith,http://smpdb.ca/pathways/#CompoundReference/PW_C002009
http://smpdb.ca/pathways/#CompoundReference/PW_C000134,abstraction:ReactsWith,http://smpdb.ca/pathways/#CompoundReference/PW_C000104
http://smpdb.ca/pathways/#CompoundReference/PW_C000940,abstraction:ReactsWith,http://smpdb.ca/pathways/#CompoundReference/PW_C000868
http://smpdb.ca/pathways/#CompoundReference/PW_C043019,abstraction:ReactsWith,http://smpdb.ca/pathways/#CompoundReference/PW_C001092
http://smpdb.ca/pathways/#CompoundReference/PW_C096927,abstraction:ReactsWith,http://smpdb.ca/pathways/#CompoundReference/PW_C001420
http://smpdb.ca/pathways/#CompoundReference/PW_C000940,abstraction:ReactsWith,http://smpdb.ca/pathways/#CompoundReference/PW_C001719
http://smpdb.ca/pathways/#CompoundReference/PW_C012706,abstraction:ReactsWith,http://smpdb.ca/pathways/#CompoundReference/PW_C000080
http://smpdb.ca/pathways/#CompoundReference/PW_C040936,abstraction:ReactsWith,http://smpdb.ca/pathways/#CompoundReference/PW_C040034
http://smpdb.ca/pathways/#CompoundReference/PW_C000544,abstraction:ReactsWith,http://smpdb.ca/pathways/#CompoundReference/PW_C104659
http://smpdb.ca/pathways/#CompoundReference/PW_C002578,abstraction:ReactsWith,http://smpdb.ca/pathways/#CompoundReference/PW_C000134
http://smpdb.ca/pathways/#CompoundReference/PW_C002944,abstraction:ReactsWith,http://smpdb.ca/pathways/#CompoundReference/PW_C001420
http://smpdb.ca/pathways/#CompoundReference/PW_C000081,abstraction:ReactsWith,http://smpdb.ca/pathways/#CompoundReference/PW_C002009
http://smpdb.ca/pathways/#CompoundReference/PW_C001065,abstraction:ReactsWith,http://smpdb.ca/pathways/#CompoundReference/PW_C008731
http://smpdb.ca/pathways/#CompoundReference/PW_C009028,abstraction:ReactsWith,http://smpdb.ca/pathways/#CompoundReference/PW_C001420
http://smpdb.ca/pathways/#CompoundReference/PW_C000146,abstraction:ReactsWith,http://smpdb.ca/pathways/#CompoundReference/PW_C001824
http://smpdb.ca/pathways/#CompoundReference/PW_C007743,abstraction:ReactsWith,http://smpdb.ca/pathways/#GenericCompoundReference/539
http://smpdb.ca/pathways/#CompoundReference/PW_C000170,abstraction:ReactsWith,http://smpdb.ca/pathways/#CompoundReference/PW_C001104
http://smpdb.ca/pathways/#CompoundReference/PW_C044582,abstraction:ReactsWith,http://smpdb.ca/pathways/#CompoundReference/PW_C000146
http://smpdb.ca/pathways/#CompoundReference/PW_C001420,abstraction:ReactsWith,http://smpdb.ca/pathways/#CompoundReference/PW_C040856
http://smpdb.ca/pathways/#CompoundReference/PW_C041446,abstraction:ReactsWith,http://smpdb.ca/pathways/#GenericCompoundReference/237
http://smpdb.ca/pathways/#CompoundReference/PW_C000891,abstraction:ReactsWith,http://smpdb.ca/pathways/#CompoundReference/PW_C001065
http://smpdb.ca/pathways/#CompoundReference/PW_C001420,abstraction:ReactsWith,http://smpdb.ca/pathways/#CompoundReference/PW_C000118
http://smpdb.ca/pathways/#CompoundReference/PW_C000164,abstraction:ReactsWith,http://smpdb.ca/pathways/#CompoundReference/PW_C001316
http://smpdb.ca/pathways/#CompoundReference/PW_C000517,abstraction:ReactsWith,http://smpdb.ca/pathways/#CompoundReference/PW_C000414
http://smpdb.ca/pathways/#CompoundReference/PW_C000784,abstraction:ReactsWith,http://smpdb.ca/pathways/#CompoundReference/PW_C000869
http://smpdb.ca/pathways/#CompoundReference/PW_C000177,abstraction:ReactsWith,http://smpdb.ca/pathways/#CompoundReference/PW_C001420
http://smpdb.ca/pathways/#CompoundReference/PW_C006753,abstraction:ReactsWith,http://smpdb.ca/pathways/#CompoundReference/PW_C040034
http://smpdb.ca/pathways/#CompoundReference/PW_C000721,abstraction:ReactsWith,http://smpdb.ca/pathways/#CompoundReference/PW_C002680
http://smpdb.ca/pathways/#CompoundReference/PW_C001065,abstraction:ReactsWith,http://smpdb.ca/pathways/#CompoundReference/PW_C017783
http://smpdb.ca/pathways/#CompoundReference/PW_C001144,abstraction:ReactsWith,http://smpdb.ca/pathways/#CompoundReference/PW_C003018
http://smpdb.ca/pathways/#CompoundReference/PW_C041115,abstraction:ReactsWith,http://smpdb.ca/pathways/#CompoundReference/PW_C000414
http://smpdb.ca/pathways/#GenericCompoundReference/159,abstraction:ReactsWith,http://smpdb.ca/pathways/#CompoundReference/PW_C040034
http://smpdb.ca/pathways/#CompoundReference/PW_C001420,abstraction:ReactsWith,http://smpdb.ca/pathways/#CompoundReference/PW_C001030
http://smpdb.ca/pathways/#CompoundReference/PW_C000590,abstraction:ReactsWith,http://smpdb.ca/pathways/#CompoundReference/PW_C042907
http://smpdb.ca/pathways/#CompoundReference/PW_C000721,abstraction:ReactsWith,http://smpdb.ca/pathways/#CompoundReference/PW_C001448
http://smpdb.ca/pathways/#GenericCompoundReference/97,abstraction:ReactsWith,http://smpdb.ca/pathways/#CompoundReference/PW_C000192
http://smpdb.ca/pathways/#CompoundReference/PW_C000486,abstraction:ReactsWith,http://smpdb.ca/pathways/#CompoundReference/PW_C000414
http://smpdb.ca/pathways/#CompoundReference/PW_C000146,abstraction:ReactsWith,http://smpdb.ca/pathways/#CompoundReference/PW_C044573
http://smpdb.ca/pathways/#CompoundReference/PW_C001420,abstraction:ReactsWith,http://smpdb.ca/pathways/#CompoundReference/PW_C008912
http://smpdb.ca/pathways/#CompoundReference/PW_C040100,abstraction:ReactsWith,http://smpdb.ca/pathways/#CompoundReference/PW_C040034
http://smpdb.ca/pathways/#CompoundReference/PW_C001420,abstraction:ReactsWith,http://smpdb.ca/pathways/#CompoundReference/PW_C040474
http://smpdb.ca/pathways/#CompoundReference/PW_C009058,abstraction:ReactsWith,http://smpdb.ca/pathways/#CompoundReference/PW_C001065
http://smpdb.ca/pathways/#CompoundReference/PW_C040034,abstraction:ReactsWith,http://smpdb.ca/pathways/#CompoundReference/PW_C000032
http://smpdb.ca/pathways/#CompoundReference/PW_C000146,abstraction:ReactsWith,http://smpdb.ca/pathways/#CompoundReference/PW_C003002
http://smpdb.ca/pathways/#GenericCompoundReference/228,abstraction:ReactsWith,http://smpdb.ca/pathways/#CompoundReference/PW_C040072
http://smpdb.ca/pathways/#CompoundReference/PW_C000414,abstraction:ReactsWith,http://smpdb.ca/pathways/#CompoundReference/PW_C001000
http://smpdb.ca/pathways/#CompoundReference/PW_C001420,abstraction:ReactsWith,http://smpdb.ca/pathways/#CompoundReference/PW_C000148
http://smpdb.ca/pathways/#CompoundReference/PW_C000143,abstraction:ReactsWith,http://smpdb.ca/pathways/#CompoundReference/PW_C001246
http://smpdb.ca/pathways/#CompoundReference/PW_C000518,abstraction:ReactsWith,http://smpdb.ca/pathways/#GenericCompoundReference/227
http://smpdb.ca/pathways/#CompoundReference/PW_C001099,abstraction:ReactsWith,http://smpdb.ca/pathways/#CompoundReference/PW_C000029
http://smpdb.ca/pathways/#GenericCompoundReference/142,abstraction:ReactsWith,http://smpdb.ca/pathways/#CompoundReference/PW_C000081
http://smpdb.ca/pathways/#CompoundReference/PW_C104811,abstraction:ReactsWith,http://smpdb.ca/pathways/#CompoundReference/PW_C001065
http://smpdb.ca/pathways/#CompoundReference/PW_C042909,abstraction:ReactsWith,http://smpdb.ca/pathways/#CompoundReference/PW_C042915
http://smpdb.ca/pathways/#CompoundReference/PW_C004869,abstraction:ReactsWith,http://smpdb.ca/pathways/#CompoundReference/PW_C000921
http://smpdb.ca/pathways/#CompoundReference/PW_C040774,abstraction:ReactsWith,http://smpdb.ca/pathways/#CompoundReference/PW_C000414
http://smpdb.ca/pathways/#CompoundReference/PW_C002665,abstraction:ReactsWith,http://smpdb.ca/pathways/#CompoundReference/PW_C004838
http://smpdb.ca/pathways/#CompoundReference/PW_C040034,abstraction:ReactsWith,http://smpdb.ca/pathways/#CompoundReference/PW_C000936
http://smpdb.ca/pathways/#CompoundReference/PW_C002000,abstraction:ReactsWith,http://smpdb.ca/pathways/#CompoundReference/PW_C000721
http://smpdb.ca/pathways/#CompoundReference/PW_C044586,abstraction:ReactsWith,http://smpdb.ca/pathways/#GenericCompoundReference/227
http://smpdb.ca/pathways/#CompoundReference/PW_C000146,abstraction:ReactsWith,http://smpdb.ca/pathways/#CompoundReference/PW_C044599
http://smpdb.ca/pathways/#CompoundReference/PW_C000540,abstraction:ReactsWith,http://smpdb.ca/pathways/#CompoundReference/PW_C040034
http://smpdb.ca/pathways/#CompoundReference/PW_C045257,abstraction:ReactsWith,http://smpdb.ca/pathways/#CompoundReference/PW_C000146
http://smpdb.ca/pathways/#CompoundReference/PW_C000143,abstraction:ReactsWith,http://smpdb.ca/pathways/#CompoundReference/PW_C044575
http://smpdb.ca/pathways/#CompoundReference/PW_C001420,abstraction:ReactsWith,http://smpdb.ca/pathways/#CompoundReference/PW_C002676
http://smpdb.ca/pathways/#GenericCompoundReference/253,abstraction:ReactsWith,http://smpdb.ca/pathways/#CompoundReference/PW_C000164
http://smpdb.ca/pathways/#CompoundReference/PW_C000921,abstraction:ReactsWith,http://smpdb.ca/pathways/#CompoundReference/PW_C040034
http://smpdb.ca/pathways/#CompoundReference/PW_C000174,abstraction:ReactsWith,http://smpdb.ca/pathways/#CompoundReference/PW_C000964
http://smpdb.ca/pathways/#CompoundReference/PW_C040034,abstraction:ReactsWith,http://smpdb.ca/pathways/#CompoundReference/PW_C042760
http://smpdb.ca/pathways/#CompoundReference/PW_C040656,abstraction:ReactsWith,http://smpdb.ca/pathways/#CompoundReference/PW_C000721
http://smpdb.ca/pathways/#CompoundReference/PW_C001221,abstraction:ReactsWith,http://smpdb.ca/pathways/#CompoundReference/PW_C001007
http://smpdb.ca/pathways/#CompoundReference/PW_C000146,abstraction:ReactsWith,http://smpdb.ca/pathways/#CompoundReference/PW_C001959
http://smpdb.ca/pathways/#CompoundReference/PW_C000414,abstraction:ReactsWith,http://smpdb.ca/pathways/#CompoundReference/PW_C041014
http://smpdb.ca/pathways/#GenericCompoundReference/230,abstraction:ReactsWith,http://smpdb.ca/pathways/#CompoundReference/PW_C000057
http://smpdb.ca/pathways/#CompoundReference/PW_C000921,abstraction:ReactsWith,http://smpdb.ca/pathways/#CompoundReference/PW_C000023
http://smpdb.ca/pathways/#CompoundReference/PW_C000972,abstraction:ReactsWith,http://smpdb.ca/pathways/#CompoundReference/PW_C000143
http://smpdb.ca/pathways/#CompoundReference/PW_C042943,abstraction:ReactsWith,http://smpdb.ca/pathways/#CompoundReference/PW_C000921
http://smpdb.ca/pathways/#CompoundReference/PW_C001420,abstraction:ReactsWith,http://smpdb.ca/pathways/#CompoundReference/PW_C000998
http://smpdb.ca/pathways/#CompoundReference/PW_C000921,abstraction:ReactsWith,http://smpdb.ca/pathways/#CompoundReference/PW_C000142
http://smpdb.ca/pathways/#CompoundReference/PW_C042624,abstraction:ReactsWith,http://smpdb.ca/pathways/#CompoundReference/PW_C040034
http://smpdb.ca/pathways/#CompoundReference/PW_C000463,abstraction:ReactsWith,http://smpdb.ca/pathways/#CompoundReference/PW_C001150
http://smpdb.ca/pathways/#CompoundReference/PW_C001420,abstraction:ReactsWith,http://smpdb.ca/pathways/#CompoundReference/PW_C001033
http://smpdb.ca/pathways/#CompoundReference/PW_C002680,abstraction:ReactsWith,http://smpdb.ca/pathways/#CompoundReference/PW_C040034
http://smpdb.ca/pathways/#CompoundReference/PW_C001065,abstraction:ReactsWith,http://smpdb.ca/pathways/#CompoundReference/PW_C057883
http://smpdb.ca/pathways/#CompoundReference/PW_C041683,abstraction:ReactsWith,http://smpdb.ca/pathways/#CompoundReference/PW_C040034
http://smpdb.ca/pathways/#CompoundReference/PW_C000143,abstraction:ReactsWith,http://smpdb.ca/pathways/#CompoundReference/PW_C044533
http://smpdb.ca/pathways/#CompoundReference/PW_C000042,abstraction:ReactsWith,http://smpdb.ca/pathways/#CompoundReference/PW_C000808
http://smpdb.ca/pathways/#CompoundReference/PW_C001065,abstraction:ReactsWith,http://smpdb.ca/pathways/#CompoundReference/PW_C000558
http://smpdb.ca/pathways/#CompoundReference/PW_C002027,abstraction:ReactsWith,http://smpdb.ca/pathways/#CompoundReference/PW_C000721
http://smpdb.ca/pathways/#CompoundReference/PW_C000721,abstraction:ReactsWith,http://smpdb.ca/pathways/#CompoundReference/PW_C104732
http://smpdb.ca/pathways/#CompoundReference/PW_C000463,abstraction:ReactsWith,http://smpdb.ca/pathways/#CompoundReference/PW_C000955
http://smpdb.ca/pathways/#CompoundReference/PW_C000414,abstraction:ReactsWith,http://smpdb.ca/pathways/#CompoundReference/PW_C000171
http://smpdb.ca/pathways/#CompoundReference/PW_C001849,abstraction:ReactsWith,http://smpdb.ca/pathways/#CompoundReference/PW_C044523
http://smpdb.ca/pathways/#CompoundReference/PW_C001680,abstraction:ReactsWith,http://smpdb.ca/pathways/#GenericCompoundReference/302
http://smpdb.ca/pathways/#CompoundReference/PW_C040566,abstraction:ReactsWith,http://smpdb.ca/pathways/#CompoundReference/PW_C000146
http://smpdb.ca/pathways/#CompoundReference/PW_C001065,abstraction:ReactsWith,http://smpdb.ca/pathways/#GenericCompoundReference/561
http://smpdb.ca/pathways/#CompoundReference/PW_C040839,abstraction:ReactsWith,http://smpdb.ca/pathways/#CompoundReference/PW_C000095
http://smpdb.ca/pathways/#CompoundReference/PW_C001420,abstraction:ReactsWith,http://smpdb.ca/pathways/#CompoundReference/PW_C011457
http://smpdb.ca/pathways/#CompoundReference/PW_C001420,abstraction:ReactsWith,http://smpdb.ca/pathways/#CompoundReference/PW_C008843
http://smpdb.ca/pathways/#CompoundReference/PW_C002934,abstraction:ReactsWith,http://smpdb.ca/pathways/#CompoundReference/PW_C001420
http://smpdb.ca/pathways/#CompoundReference/PW_C000974,abstraction:ReactsWith,http://smpdb.ca/pathways/#CompoundReference/PW_C001065
http://smpdb.ca/pathways/#CompoundReference/PW_C001034,abstraction:ReactsWith,http://smpdb.ca/pathways/#CompoundReference/PW_C001420
http://smpdb.ca/pathways/#CompoundReference/PW_C001420,abstraction:ReactsWith,http://smpdb.ca/pathways/#CompoundReference/PW_C000776
http://smpdb.ca/pathways/#CompoundReference/PW_C000414,abstraction:ReactsWith,http://smpdb.ca/pathways/#CompoundReference/PW_C003149
http://smpdb.ca/pathways/#CompoundReference/PW_C001104,abstraction:ReactsWith,http://smpdb.ca/pathways/#CompoundReference/PW_C000774
http://smpdb.ca/pathways/#CompoundReference/PW_C006749,abstraction:ReactsWith,http://smpdb.ca/pathways/#CompoundReference/PW_C042619
http://smpdb.ca/pathways/#CompoundReference/PW_C000654,abstraction:ReactsWith,http://smpdb.ca/pathways/#CompoundReference/PW_C001065
http://smpdb.ca/pathways/#CompoundReference/PW_C001030,abstraction:ReactsWith,http://smpdb.ca/pathways/#CompoundReference/PW_C000080
http://smpdb.ca/pathways/#CompoundReference/PW_C000143,abstraction:ReactsWith,http://smpdb.ca/pathways/#CompoundReference/PW_C000160
http://smpdb.ca/pathways/#CompoundReference/PW_C057870,abstraction:ReactsWith,http://smpdb.ca/pathways/#CompoundReference/PW_C001420
http://smpdb.ca/pathways/#CompoundReference/PW_C000414,abstraction:ReactsWith,http://smpdb.ca/pathways/#CompoundReference/PW_C001249
http://smpdb.ca/pathways/#CompoundReference/PW_C000162,abstraction:ReactsWith,http://smpdb.ca/pathways/#CompoundReference/PW_C000146
http://smpdb.ca/pathways/#CompoundReference/PW_C001099,abstraction:ReactsWith,http://smpdb.ca/pathways/#CompoundReference/PW_C002993
http://smpdb.ca/pathways/#CompoundReference/PW_C001099,abstraction:ReactsWith,http://smpdb.ca/pathways/#CompoundReference/PW_C042596
http://smpdb.ca/pathways/#CompoundReference/PW_C016363,abstraction:ReactsWith,http://smpdb.ca/pathways/#CompoundReference/PW_C001065
http://smpdb.ca/pathways/#CompoundReference/PW_C000164,abstraction:ReactsWith,http://smpdb.ca/pathways/#CompoundReference/PW_C001099
http://smpdb.ca/pathways/#CompoundReference/PW_C000146,abstraction:ReactsWith,http://smpdb.ca/pathways/#CompoundReference/PW_C009594
http://smpdb.ca/pathways/#CompoundReference/PW_C041590,abstraction:ReactsWith,http://smpdb.ca/pathways/#CompoundReference/PW_C041100
http://smpdb.ca/pathways/#CompoundReference/PW_C000134,abstraction:ReactsWith,http://smpdb.ca/pathways/#CompoundReference/PW_C017783
http://smpdb.ca/pathways/#CompoundReference/PW_C002664,abstraction:ReactsWith,http://smpdb.ca/pathways/#CompoundReference/PW_C000080
http://smpdb.ca/pathways/#CompoundReference/PW_C001347,abstraction:ReactsWith,http://smpdb.ca/pathways/#CompoundReference/PW_C000406
http://smpdb.ca/pathways/#CompoundReference/PW_C042915,abstraction:ReactsWith,http://smpdb.ca/pathways/#CompoundReference/PW_C000092
http://smpdb.ca/pathways/#CompoundReference/PW_C002916,abstraction:ReactsWith,http://smpdb.ca/pathways/#CompoundReference/PW_C001065
http://smpdb.ca/pathways/#CompoundReference/PW_C002951,abstraction:ReactsWith,http://smpdb.ca/pathways/#CompoundReference/PW_C001420
http://smpdb.ca/pathways/#CompoundReference/PW_C007319,abstraction:ReactsWith,http://smpdb.ca/pathways/#GenericCompoundReference/528
http://smpdb.ca/pathways/#CompoundReference/PW_C000558,abstraction:ReactsWith,http://smpdb.ca/pathways/#CompoundReference/PW_C001065
http://smpdb.ca/pathways/#CompoundReference/PW_C000134,abstraction:ReactsWith,http://smpdb.ca/pathways/#CompoundReference/PW_C000500
http://smpdb.ca/pathways/#CompoundReference/PW_C000193,abstraction:ReactsWith,http://smpdb.ca/pathways/#CompoundReference/PW_C007854
http://smpdb.ca/pathways/#CompoundReference/PW_C007824,abstraction:ReactsWith,http://smpdb.ca/pathways/#CompoundReference/PW_C001086
http://smpdb.ca/pathways/#CompoundReference/PW_C001420,abstraction:ReactsWith,http://smpdb.ca/pathways/#CompoundReference/PW_C002047
http://smpdb.ca/pathways/#CompoundReference/PW_C000190,abstraction:ReactsWith,http://smpdb.ca/pathways/#CompoundReference/PW_C000151
http://smpdb.ca/pathways/#CompoundReference/PW_C000721,abstraction:ReactsWith,http://smpdb.ca/pathways/#CompoundReference/PW_C001249
http://smpdb.ca/pathways/#CompoundReference/PW_C008134,abstraction:ReactsWith,http://smpdb.ca/pathways/#CompoundReference/PW_C001065
http://smpdb.ca/pathways/#CompoundReference/PW_C001420,abstraction:ReactsWith,http://smpdb.ca/pathways/#CompoundReference/PW_C000182
http://smpdb.ca/pathways/#CompoundReference/PW_C040034,abstraction:ReactsWith,http://smpdb.ca/pathways/#GenericCompoundReference/521
http://smpdb.ca/pathways/#CompoundReference/PW_C000940,abstraction:ReactsWith,http://smpdb.ca/pathways/#CompoundReference/PW_C040034
http://smpdb.ca/pathways/#CompoundReference/PW_C001420,abstraction:ReactsWith,http://smpdb.ca/pathways/#CompoundReference/PW_C001565
http://smpdb.ca/pathways/#CompoundReference/PW_C041563,abstraction:ReactsWith,http://smpdb.ca/pathways/#CompoundReference/PW_C000414
http://smpdb.ca/pathways/#CompoundReference/PW_C001420,abstraction:ReactsWith,http://smpdb.ca/pathways/#CompoundReference/PW_C000034
http://smpdb.ca/pathways/#CompoundReference/PW_C042609,abstraction:ReactsWith,http://smpdb.ca/pathways/#CompoundReference/PW_C000057
http://smpdb.ca/pathways/#CompoundReference/PW_C000146,abstraction:ReactsWith,http://smpdb.ca/pathways/#CompoundReference/PW_C000966
http://smpdb.ca/pathways/#CompoundReference/PW_C104584,abstraction:ReactsWith,http://smpdb.ca/pathways/#CompoundReference/PW_C104583
http://smpdb.ca/pathways/#CompoundReference/PW_C000901,abstraction:ReactsWith,http://smpdb.ca/pathways/#CompoundReference/PW_C007679
http://smpdb.ca/pathways/#CompoundReference/PW_C006758,abstraction:ReactsWith,http://smpdb.ca/pathways/#CompoundReference/PW_C040034
http://smpdb.ca/pathways/#CompoundReference/PW_C001065,abstraction:ReactsWith,http://smpdb.ca/pathways/#CompoundReference/PW_C002031
http://smpdb.ca/pathways/#CompoundReference/PW_C001420,abstraction:ReactsWith,http://smpdb.ca/pathways/#CompoundReference/PW_C040659
http://smpdb.ca/pathways/#CompoundReference/PW_C000044,abstraction:ReactsWith,http://smpdb.ca/pathways/#CompoundReference/PW_C001099
http://smpdb.ca/pathways/#CompoundReference/PW_C041456,abstraction:ReactsWith,http://smpdb.ca/pathways/#CompoundReference/PW_C001420
http://smpdb.ca/pathways/#CompoundReference/PW_C040597,abstraction:ReactsWith,http://smpdb.ca/pathways/#CompoundReference/PW_C001065
http://smpdb.ca/pathways/#GenericCompoundReference/217,abstraction:ReactsWith,http://smpdb.ca/pathways/#CompoundReference/PW_C040034
http://smpdb.ca/pathways/#CompoundReference/PW_C041457,abstraction:ReactsWith,http://smpdb.ca/pathways/#CompoundReference/PW_C000044
http://smpdb.ca/pathways/#CompoundReference/PW_C041102,abstraction:ReactsWith,http://smpdb.ca/pathways/#CompoundReference/PW_C041152
http://smpdb.ca/pathways/#CompoundReference/PW_C001420,abstraction:ReactsWith,http://smpdb.ca/pathways/#GenericCompoundReference/310
http://smpdb.ca/pathways/#CompoundReference/PW_C104731,abstraction:ReactsWith,http://smpdb.ca/pathways/#CompoundReference/PW_C001420
http://smpdb.ca/pathways/#CompoundReference/PW_C003011,abstraction:ReactsWith,http://smpdb.ca/pathways/#CompoundReference/PW_C001144
http://smpdb.ca/pathways/#CompoundReference/PW_C000146,abstraction:ReactsWith,http://smpdb.ca/pathways/#CompoundReference/PW_C001690
http://smpdb.ca/pathways/#CompoundReference/PW_C040962,abstraction:ReactsWith,http://smpdb.ca/pathways/#CompoundReference/PW_C001144
http://smpdb.ca/pathways/#CompoundReference/PW_C057940,abstraction:ReactsWith,http://smpdb.ca/pathways/#CompoundReference/PW_C000143
http://smpdb.ca/pathways/#CompoundReference/PW_C000209,abstraction:ReactsWith,http://smpdb.ca/pathways/#CompoundReference/PW_C000143
http://smpdb.ca/pathways/#CompoundReference/PW_C001065,abstraction:ReactsWith,http://smpdb.ca/pathways/#CompoundReference/PW_C008912
http://smpdb.ca/pathways/#CompoundReference/PW_C096925,abstraction:ReactsWith,http://smpdb.ca/pathways/#CompoundReference/PW_C000146
http://smpdb.ca/pathways/#CompoundReference/PW_C002411,abstraction:ReactsWith,http://smpdb.ca/pathways/#CompoundReference/PW_C000721
http://smpdb.ca/pathways/#CompoundReference/PW_C009240,abstraction:ReactsWith,http://smpdb.ca/pathways/#CompoundReference/PW_C000414
http://smpdb.ca/pathways/#CompoundReference/PW_C001420,abstraction:ReactsWith,http://smpdb.ca/pathways/#CompoundReference/PW_C000207
http://smpdb.ca/pathways/#CompoundReference/PW_C001062,abstraction:ReactsWith,http://smpdb.ca/pathways/#CompoundReference/PW_C000078
http://smpdb.ca/pathways/#CompoundReference/PW_C001420,abstraction:ReactsWith,http://smpdb.ca/pathways/#CompoundReference/PW_C000075
http://smpdb.ca/pathways/#CompoundReference/PW_C000094,abstraction:ReactsWith,http://smpdb.ca/pathways/#CompoundReference/PW_C001065
http://smpdb.ca/pathways/#GenericCompoundReference/553,abstraction:ReactsWith,http://smpdb.ca/pathways/#CompoundReference/PW_C104714
http://smpdb.ca/pathways/#CompoundReference/PW_C018131,abstraction:ReactsWith,http://smpdb.ca/pathways/#CompoundReference/PW_C040034
http://smpdb.ca/pathways/#CompoundReference/PW_C001221,abstraction:ReactsWith,http://smpdb.ca/pathways/#CompoundReference/PW_C000143
http://smpdb.ca/pathways/#CompoundReference/PW_C040034,abstraction:ReactsWith,http://smpdb.ca/pathways/#CompoundReference/PW_C001038
http://smpdb.ca/pathways/#CompoundReference/PW_C001202,abstraction:ReactsWith,http://smpdb.ca/pathways/#CompoundReference/PW_C040660
http://smpdb.ca/pathways/#CompoundReference/PW_C001099,abstraction:ReactsWith,http://smpdb.ca/pathways/#CompoundReference/PW_C002979
http://smpdb.ca/pathways/#CompoundReference/PW_C001099,abstraction:ReactsWith,http://smpdb.ca/pathways/#CompoundReference/PW_C001063
http://smpdb.ca/pathways/#CompoundReference/PW_C001482,abstraction:ReactsWith,http://smpdb.ca/pathways/#CompoundReference/PW_C000146
http://smpdb.ca/pathways/#CompoundReference/PW_C001065,abstraction:ReactsWith,http://smpdb.ca/pathways/#CompoundReference/PW_C001095
http://smpdb.ca/pathways/#CompoundReference/PW_C000986,abstraction:ReactsWith,http://smpdb.ca/pathways/#CompoundReference/PW_C000936
http://smpdb.ca/pathways/#CompoundReference/PW_C000372,abstraction:ReactsWith,http://smpdb.ca/pathways/#CompoundReference/PW_C000746
http://smpdb.ca/pathways/#CompoundReference/PW_C001221,abstraction:ReactsWith,http://smpdb.ca/pathways/#CompoundReference/PW_C000414
http://smpdb.ca/pathways/#CompoundReference/PW_C001165,abstraction:ReactsWith,http://smpdb.ca/pathways/#CompoundReference/PW_C001420
http://smpdb.ca/pathways/#CompoundReference/PW_C040034,abstraction:ReactsWith,http://smpdb.ca/pathways/#CompoundReference/PW_C040940
http://smpdb.ca/pathways/#CompoundReference/PW_C001065,abstraction:ReactsWith,http://smpdb.ca/pathways/#CompoundReference/PW_C000742
http://smpdb.ca/pathways/#CompoundReference/PW_C000180,abstraction:ReactsWith,http://smpdb.ca/pathways/#CompoundReference/PW_C040937
http://smpdb.ca/pathways/#CompoundReference/PW_C008509,abstraction:ReactsWith,http://smpdb.ca/pathways/#CompoundReference/PW_C001746
http://smpdb.ca/pathways/#CompoundReference/PW_C000095,abstraction:ReactsWith,http://smpdb.ca/pathways/#CompoundReference/PW_C009057
http://smpdb.ca/pathways/#CompoundReference/PW_C002751,abstraction:ReactsWith,http://smpdb.ca/pathways/#CompoundReference/PW_C002151
http://smpdb.ca/pathways/#CompoundReference/PW_C000721,abstraction:ReactsWith,http://smpdb.ca/pathways/#CompoundReference/PW_C000547
http://smpdb.ca/pathways/#CompoundReference/PW_C000057,abstraction:ReactsWith,http://smpdb.ca/pathways/#CompoundReference/PW_C002120
http://smpdb.ca/pathways/#GenericCompoundReference/237,abstraction:ReactsWith,http://smpdb.ca/pathways/#CompoundReference/PW_C000968
http://smpdb.ca/pathways/#CompoundReference/PW_C000057,abstraction:ReactsWith,http://smpdb.ca/pathways/#CompoundReference/PW_C000155
http://smpdb.ca/pathways/#CompoundReference/PW_C000500,abstraction:ReactsWith,http://smpdb.ca/pathways/#CompoundReference/PW_C000190
http://smpdb.ca/pathways/#CompoundReference/PW_C001065,abstraction:ReactsWith,http://smpdb.ca/pathways/#CompoundReference/PW_C002968
http://smpdb.ca/pathways/#CompoundReference/PW_C000200,abstraction:ReactsWith,http://smpdb.ca/pathways/#CompoundReference/PW_C001916
http://smpdb.ca/pathways/#CompoundReference/PW_C006324,abstraction:ReactsWith,http://smpdb.ca/pathways/#CompoundReference/PW_C000414
http://smpdb.ca/pathways/#CompoundReference/PW_C040034,abstraction:ReactsWith,http://smpdb.ca/pathways/#CompoundReference/PW_C000983
http://smpdb.ca/pathways/#CompoundReference/PW_C000871,abstraction:ReactsWith,http://smpdb.ca/pathways/#CompoundReference/PW_C002151
http://smpdb.ca/pathways/#CompoundReference/PW_C000783,abstraction:ReactsWith,http://smpdb.ca/pathways/#CompoundReference/PW_C000971
http://smpdb.ca/pathways/#CompoundReference/PW_C000146,abstraction:ReactsWith,http://smpdb.ca/pathways/#CompoundReference/PW_C002796
http://smpdb.ca/pathways/#CompoundReference/PW_C057930,abstraction:ReactsWith,http://smpdb.ca/pathways/#CompoundReference/PW_C040034
http://smpdb.ca/pathways/#CompoundReference/PW_C000914,abstraction:ReactsWith,http://smpdb.ca/pathways/#CompoundReference/PW_C001086
http://smpdb.ca/pathways/#CompoundReference/PW_C001420,abstraction:ReactsWith,http://smpdb.ca/pathways/#CompoundReference/PW_C009640
http://smpdb.ca/pathways/#CompoundReference/PW_C000414,abstraction:ReactsWith,http://smpdb.ca/pathways/#CompoundReference/PW_C000093
http://smpdb.ca/pathways/#CompoundReference/PW_C000558,abstraction:ReactsWith,http://smpdb.ca/pathways/#CompoundReference/PW_C000105
http://smpdb.ca/pathways/#CompoundReference/PW_C000143,abstraction:ReactsWith,http://smpdb.ca/pathways/#CompoundReference/PW_C000101
http://smpdb.ca/pathways/#CompoundReference/PW_C044560,abstraction:ReactsWith,http://smpdb.ca/pathways/#CompoundReference/PW_C001420
http://smpdb.ca/pathways/#CompoundReference/PW_C000146,abstraction:ReactsWith,http://smpdb.ca/pathways/#CompoundReference/PW_C044548
http://smpdb.ca/pathways/#CompoundReference/PW_C001537,abstraction:ReactsWith,http://smpdb.ca/pathways/#CompoundReference/PW_C000146
http://smpdb.ca/pathways/#GenericCompoundReference/302,abstraction:ReactsWith,http://smpdb.ca/pathways/#CompoundReference/PW_C000741
http://smpdb.ca/pathways/#CompoundReference/PW_C000448,abstraction:ReactsWith,http://smpdb.ca/pathways/#CompoundReference/PW_C000080
http://smpdb.ca/pathways/#CompoundReference/PW_C000164,abstraction:ReactsWith,http://smpdb.ca/pathways/#CompoundReference/PW_C022608
http://smpdb.ca/pathways/#CompoundReference/PW_C000010,abstraction:ReactsWith,http://smpdb.ca/pathways/#CompoundReference/PW_C001051
http://smpdb.ca/pathways/#CompoundReference/PW_C009240,abstraction:ReactsWith,http://smpdb.ca/pathways/#CompoundReference/PW_C001420
http://smpdb.ca/pathways/#CompoundReference/PW_C001144,abstraction:ReactsWith,http://smpdb.ca/pathways/#CompoundReference/PW_C001065
http://smpdb.ca/pathways/#CompoundReference/PW_C000044,abstraction:ReactsWith,http://smpdb.ca/pathways/#CompoundReference/PW_C000129
http://smpdb.ca/pathways/#CompoundReference/PW_C000976,abstraction:ReactsWith,http://smpdb.ca/pathways/#CompoundReference/PW_C000721
http://smpdb.ca/pathways/#CompoundReference/PW_C040034,abstraction:ReactsWith,http://smpdb.ca/pathways/#CompoundReference/PW_C040936
http://smpdb.ca/pathways/#CompoundReference/PW_C001420,abstraction:ReactsWith,http://smpdb.ca/pathways/#CompoundReference/PW_C000196
http://smpdb.ca/pathways/#GenericCompoundReference/302,abstraction:ReactsWith,http://smpdb.ca/pathways/#CompoundReference/PW_C096924
http://smpdb.ca/pathways/#CompoundReference/PW_C000120,abstraction:ReactsWith,http://smpdb.ca/pathways/#CompoundReference/PW_C000587
http://smpdb.ca/pathways/#CompoundReference/PW_C042606,abstraction:ReactsWith,http://smpdb.ca/pathways/#CompoundReference/PW_C040740
http://smpdb.ca/pathways/#CompoundReference/PW_C003195,abstraction:ReactsWith,http://smpdb.ca/pathways/#CompoundReference/PW_C001935
http://smpdb.ca/pathways/#CompoundReference/PW_C001420,abstraction:ReactsWith,http://smpdb.ca/pathways/#CompoundReference/PW_C000837
http://smpdb.ca/pathways/#CompoundReference/PW_C000056,abstraction:ReactsWith,http://smpdb.ca/pathways/#CompoundReference/PW_C001420
http://smpdb.ca/pathways/#CompoundReference/PW_C000964,abstraction:ReactsWith,http://smpdb.ca/pathways/#CompoundReference/PW_C001420
http://smpdb.ca/pathways/#CompoundReference/PW_C002749,abstraction:ReactsWith,http://smpdb.ca/pathways/#CompoundReference/PW_C040034
http://smpdb.ca/pathways/#CompoundReference/PW_C040648,abstraction:ReactsWith,http://smpdb.ca/pathways/#CompoundReference/PW_C000746
http://smpdb.ca/pathways/#CompoundReference/PW_C001051,abstraction:ReactsWith,http://smpdb.ca/pathways/#CompoundReference/PW_C040034
http://smpdb.ca/pathways/#CompoundReference/PW_C001031,abstraction:ReactsWith,http://smpdb.ca/pathways/#CompoundReference/PW_C001420
http://smpdb.ca/pathways/#CompoundReference/PW_C000152,abstraction:ReactsWith,http://smpdb.ca/pathways/#CompoundReference/PW_C000414
http://smpdb.ca/pathways/#CompoundReference/PW_C040953,abstraction:ReactsWith,http://smpdb.ca/pathways/#CompoundReference/PW_C000414
http://smpdb.ca/pathways/#CompoundReference/PW_C000860,abstraction:ReactsWith,http://smpdb.ca/pathways/#CompoundReference/PW_C040747
http://smpdb.ca/pathways/#CompoundReference/PW_C000164,abstraction:ReactsWith,http://smpdb.ca/pathways/#CompoundReference/PW_C000704
http://smpdb.ca/pathways/#CompoundReference/PW_C001189,abstraction:ReactsWith,http://smpdb.ca/pathways/#GenericCompoundReference/99
http://smpdb.ca/pathways/#CompoundReference/PW_C000414,abstraction:ReactsWith,http://smpdb.ca/pathways/#CompoundReference/PW_C000065
http://smpdb.ca/pathways/#CompoundReference/PW_C001889,abstraction:ReactsWith,http://smpdb.ca/pathways/#CompoundReference/PW_C000721
http://smpdb.ca/pathways/#CompoundReference/PW_C001099,abstraction:ReactsWith,http://smpdb.ca/pathways/#CompoundReference/PW_C000145
http://smpdb.ca/pathways/#CompoundReference/PW_C000134,abstraction:ReactsWith,http://smpdb.ca/pathways/#CompoundReference/PW_C000118
http://smpdb.ca/pathways/#CompoundReference/PW_C000856,abstraction:ReactsWith,http://smpdb.ca/pathways/#GenericCompoundReference/69
http://smpdb.ca/pathways/#CompoundReference/PW_C009558,abstraction:ReactsWith,http://smpdb.ca/pathways/#CompoundReference/PW_C001065
http://smpdb.ca/pathways/#CompoundReference/PW_C001420,abstraction:ReactsWith,http://smpdb.ca/pathways/#CompoundReference/PW_C000440
http://smpdb.ca/pathways/#CompoundReference/PW_C040492,abstraction:ReactsWith,http://smpdb.ca/pathways/#CompoundReference/PW_C001065
http://smpdb.ca/pathways/#CompoundReference/PW_C007823,abstraction:ReactsWith,http://smpdb.ca/pathways/#CompoundReference/PW_C000143
http://smpdb.ca/pathways/#CompoundReference/PW_C000500,abstraction:ReactsWith,http://smpdb.ca/pathways/#CompoundReference/PW_C000463
http://smpdb.ca/pathways/#CompoundReference/PW_C001420,abstraction:ReactsWith,http://smpdb.ca/pathways/#CompoundReference/PW_C000032
http://smpdb.ca/pathways/#CompoundReference/PW_C000721,abstraction:ReactsWith,http://smpdb.ca/pathways/#CompoundReference/PW_C000093
http://smpdb.ca/pathways/#CompoundReference/PW_C002360,abstraction:ReactsWith,http://smpdb.ca/pathways/#CompoundReference/PW_C001065
http://smpdb.ca/pathways/#CompoundReference/PW_C040034,abstraction:ReactsWith,http://smpdb.ca/pathways/#CompoundReference/PW_C012682
http://smpdb.ca/pathways/#CompoundReference/PW_C040034,abstraction:ReactsWith,http://smpdb.ca/pathways/#CompoundReference/PW_C007726
http://smpdb.ca/pathways/#CompoundReference/PW_C002937,abstraction:ReactsWith,http://smpdb.ca/pathways/#CompoundReference/PW_C000721
http://smpdb.ca/pathways/#CompoundReference/PW_C000891,abstraction:ReactsWith,http://smpdb.ca/pathways/#CompoundReference/PW_C104657
http://smpdb.ca/pathways/#CompoundReference/PW_C001420,abstraction:ReactsWith,http://smpdb.ca/pathways/#CompoundReference/PW_C040529
http://smpdb.ca/pathways/#CompoundReference/PW_C000180,abstraction:ReactsWith,http://smpdb.ca/pathways/#CompoundReference/PW_C001104
http://smpdb.ca/pathways/#CompoundReference/PW_C002381,abstraction:ReactsWith,http://smpdb.ca/pathways/#CompoundReference/PW_C001420
http://smpdb.ca/pathways/#CompoundReference/PW_C008731,abstraction:ReactsWith,http://smpdb.ca/pathways/#CompoundReference/PW_C001065
http://smpdb.ca/pathways/#CompoundReference/PW_C001420,abstraction:ReactsWith,http://smpdb.ca/pathways/#CompoundReference/PW_C000936
http://smpdb.ca/pathways/#CompoundReference/PW_C000593,abstraction:ReactsWith,http://smpdb.ca/pathways/#CompoundReference/PW_C000414
http://smpdb.ca/pathways/#CompoundReference/PW_C001227,abstraction:ReactsWith,http://smpdb.ca/pathways/#GenericCompoundReference/40
http://smpdb.ca/pathways/#CompoundReference/PW_C002064,abstraction:ReactsWith,http://smpdb.ca/pathways/#CompoundReference/PW_C001420
http://smpdb.ca/pathways/#CompoundReference/PW_C000940,abstraction:ReactsWith,http://smpdb.ca/pathways/#CompoundReference/PW_C000044
http://smpdb.ca/pathways/#CompoundReference/PW_C002030,abstraction:ReactsWith,http://smpdb.ca/pathways/#CompoundReference/PW_C001065
http://smpdb.ca/pathways/#CompoundReference/PW_C000121,abstraction:ReactsWith,http://smpdb.ca/pathways/#CompoundReference/PW_C001420
http://smpdb.ca/pathways/#CompoundReference/PW_C040034,abstraction:ReactsWith,http://smpdb.ca/pathways/#CompoundReference/PW_C001055
http://smpdb.ca/pathways/#CompoundReference/PW_C001429,abstraction:ReactsWith,http://smpdb.ca/pathways/#GenericCompoundReference/302
http://smpdb.ca/pathways/#CompoundReference/PW_C041451,abstraction:ReactsWith,http://smpdb.ca/pathways/#CompoundReference/PW_C001420
http://smpdb.ca/pathways/#CompoundReference/PW_C001144,abstraction:ReactsWith,http://smpdb.ca/pathways/#CompoundReference/PW_C002374
http://smpdb.ca/pathways/#CompoundReference/PW_C001065,abstraction:ReactsWith,http://smpdb.ca/pathways/#CompoundReference/PW_C002047
http://smpdb.ca/pathways/#CompoundReference/PW_C012734,abstraction:ReactsWith,http://smpdb.ca/pathways/#CompoundReference/PW_C000146
http://smpdb.ca/pathways/#CompoundReference/PW_C001928,abstraction:ReactsWith,http://smpdb.ca/pathways/#CompoundReference/PW_C000940
http://smpdb.ca/pathways/#CompoundReference/PW_C008817,abstraction:ReactsWith,http://smpdb.ca/pathways/#CompoundReference/PW_C000146
http://smpdb.ca/pathways/#CompoundReference/PW_C000157,abstraction:ReactsWith,http://smpdb.ca/pathways/#CompoundReference/PW_C000721
http://smpdb.ca/pathways/#CompoundReference/PW_C001065,abstraction:ReactsWith,http://smpdb.ca/pathways/#CompoundReference/PW_C002687
http://smpdb.ca/pathways/#CompoundReference/PW_C040034,abstraction:ReactsWith,http://smpdb.ca/pathways/#CompoundReference/PW_C000120
http://smpdb.ca/pathways/#CompoundReference/PW_C001065,abstraction:ReactsWith,http://smpdb.ca/pathways/#CompoundReference/PW_C001565
http://smpdb.ca/pathways/#CompoundReference/PW_C007752,abstraction:ReactsWith,http://smpdb.ca/pathways/#CompoundReference/PW_C001420
http://smpdb.ca/pathways/#CompoundReference/PW_C000414,abstraction:ReactsWith,http://smpdb.ca/pathways/#CompoundReference/PW_C000085
http://smpdb.ca/pathways/#CompoundReference/PW_C000784,abstraction:ReactsWith,http://smpdb.ca/pathways/#CompoundReference/PW_C001099
http://smpdb.ca/pathways/#CompoundReference/PW_C040953,abstraction:ReactsWith,http://smpdb.ca/pathways/#CompoundReference/PW_C001420
http://smpdb.ca/pathways/#CompoundReference/PW_C001327,abstraction:ReactsWith,http://smpdb.ca/pathways/#CompoundReference/PW_C000414
http://smpdb.ca/pathways/#CompoundReference/PW_C000886,abstraction:ReactsWith,http://smpdb.ca/pathways/#CompoundReference/PW_C001233
http://smpdb.ca/pathways/#CompoundReference/PW_C000187,abstraction:ReactsWith,http://smpdb.ca/pathways/#CompoundReference/PW_C001104
http://smpdb.ca/pathways/#CompoundReference/PW_C040034,abstraction:ReactsWith,http://smpdb.ca/pathways/#CompoundReference/PW_C007805
http://smpdb.ca/pathways/#CompoundReference/PW_C001420,abstraction:ReactsWith,http://smpdb.ca/pathways/#CompoundReference/PW_C001938
http://smpdb.ca/pathways/#CompoundReference/PW_C000983,abstraction:ReactsWith,http://smpdb.ca/pathways/#CompoundReference/PW_C001144
http://smpdb.ca/pathways/#CompoundReference/PW_C001093,abstraction:ReactsWith,http://smpdb.ca/pathways/#CompoundReference/PW_C000414
http://smpdb.ca/pathways/#CompoundReference/PW_C007741,abstraction:ReactsWith,http://smpdb.ca/pathways/#CompoundReference/PW_C000382
http://smpdb.ca/pathways/#CompoundReference/PW_C002778,abstraction:ReactsWith,http://smpdb.ca/pathways/#CompoundReference/PW_C001065
http://smpdb.ca/pathways/#CompoundReference/PW_C000174,abstraction:ReactsWith,http://smpdb.ca/pathways/#CompoundReference/PW_C001099
http://smpdb.ca/pathways/#CompoundReference/PW_C000808,abstraction:ReactsWith,http://smpdb.ca/pathways/#CompoundReference/PW_C000184
http://smpdb.ca/pathways/#CompoundReference/PW_C040034,abstraction:ReactsWith,http://smpdb.ca/pathways/#CompoundReference/PW_C000180
http://smpdb.ca/pathways/#CompoundReference/PW_C001178,abstraction:ReactsWith,http://smpdb.ca/pathways/#CompoundReference/PW_C001144
http://smpdb.ca/pathways/#CompoundReference/PW_C104763,abstraction:ReactsWith,http://smpdb.ca/pathways/#CompoundReference/PW_C001065
http://smpdb.ca/pathways/#CompoundReference/PW_C001137,abstraction:ReactsWith,http://smpdb.ca/pathways/#CompoundReference/PW_C001065
http://smpdb.ca/pathways/#CompoundReference/PW_C000940,abstraction:ReactsWith,http://smpdb.ca/pathways/#CompoundReference/PW_C104802
http://smpdb.ca/pathways/#CompoundReference/PW_C041187,abstraction:ReactsWith,http://smpdb.ca/pathways/#CompoundReference/PW_C000146
http://smpdb.ca/pathways/#CompoundReference/PW_C000102,abstraction:ReactsWith,http://smpdb.ca/pathways/#CompoundReference/PW_C000190
http://smpdb.ca/pathways/#GenericCompoundReference/222,abstraction:ReactsWith,http://smpdb.ca/pathways/#CompoundReference/PW_C000891
http://smpdb.ca/pathways/#CompoundReference/PW_C000143,abstraction:ReactsWith,http://smpdb.ca/pathways/#CompoundReference/PW_C002908
http://smpdb.ca/pathways/#CompoundReference/PW_C001104,abstraction:ReactsWith,http://smpdb.ca/pathways/#CompoundReference/PW_C000808
http://smpdb.ca/pathways/#CompoundReference/PW_C041152,abstraction:ReactsWith,http://smpdb.ca/pathways/#CompoundReference/PW_C040034
http://smpdb.ca/pathways/#CompoundReference/PW_C040034,abstraction:ReactsWith,http://smpdb.ca/pathways/#CompoundReference/PW_C057936
http://smpdb.ca/pathways/#CompoundReference/PW_C001420,abstraction:ReactsWith,http://smpdb.ca/pathways/#GenericCompoundReference/558
http://smpdb.ca/pathways/#CompoundReference/PW_C009594,abstraction:ReactsWith,http://smpdb.ca/pathways/#CompoundReference/PW_C040034
http://smpdb.ca/pathways/#CompoundReference/PW_C009464,abstraction:ReactsWith,http://smpdb.ca/pathways/#CompoundReference/PW_C000921
http://smpdb.ca/pathways/#CompoundReference/PW_C000721,abstraction:ReactsWith,http://smpdb.ca/pathways/#CompoundReference/PW_C002004
http://smpdb.ca/pathways/#CompoundReference/PW_C001065,abstraction:ReactsWith,http://smpdb.ca/pathways/#CompoundReference/PW_C000207
http://smpdb.ca/pathways/#CompoundReference/PW_C000209,abstraction:ReactsWith,http://smpdb.ca/pathways/#CompoundReference/PW_C004838
http://smpdb.ca/pathways/#CompoundReference/PW_C040736,abstraction:ReactsWith,http://smpdb.ca/pathways/#CompoundReference/PW_C004971
http://smpdb.ca/pathways/#CompoundReference/PW_C000593,abstraction:ReactsWith,http://smpdb.ca/pathways/#CompoundReference/PW_C001420
http://smpdb.ca/pathways/#CompoundReference/PW_C041033,abstraction:ReactsWith,http://smpdb.ca/pathways/#CompoundReference/PW_C000414
http://smpdb.ca/pathways/#GenericCompoundReference/329,abstraction:ReactsWith,http://smpdb.ca/pathways/#CompoundReference/PW_C040034
http://smpdb.ca/pathways/#CompoundReference/PW_C000190,abstraction:ReactsWith,http://smpdb.ca/pathways/#CompoundReference/PW_C000024
http://smpdb.ca/pathways/#CompoundReference/PW_C000721,abstraction:ReactsWith,http://smpdb.ca/pathways/#CompoundReference/PW_C040770
http://smpdb.ca/pathways/#CompoundReference/PW_C000940,abstraction:ReactsWith,http://smpdb.ca/pathways/#CompoundReference/PW_C000042
http://smpdb.ca/pathways/#CompoundReference/PW_C044576,abstraction:ReactsWith,http://smpdb.ca/pathways/#CompoundReference/PW_C040034
http://smpdb.ca/pathways/#CompoundReference/PW_C000860,abstraction:ReactsWith,http://smpdb.ca/pathways/#CompoundReference/PW_C000382
http://smpdb.ca/pathways/#CompoundReference/PW_C002997,abstraction:ReactsWith,http://smpdb.ca/pathways/#CompoundReference/PW_C001420
http://smpdb.ca/pathways/#CompoundReference/PW_C000143,abstraction:ReactsWith,http://smpdb.ca/pathways/#CompoundReference/PW_C001448
http://smpdb.ca/pathways/#CompoundReference/PW_C040034,abstraction:ReactsWith,http://smpdb.ca/pathways/#CompoundReference/PW_C000538
http://smpdb.ca/pathways/#CompoundReference/PW_C001345,abstraction:ReactsWith,http://smpdb.ca/pathways/#CompoundReference/PW_C001420
http://smpdb.ca/pathways/#CompoundReference/PW_C040034,abstraction:ReactsWith,http://smpdb.ca/pathways/#CompoundReference/PW_C000463
http://smpdb.ca/pathways/#CompoundReference/PW_C000414,abstraction:ReactsWith,http://smpdb.ca/pathways/#CompoundReference/PW_C000029
http://smpdb.ca/pathways/#CompoundReference/PW_C017616,abstraction:ReactsWith,http://smpdb.ca/pathways/#CompoundReference/PW_C040034
http://smpdb.ca/pathways/#CompoundReference/PW_C001448,abstraction:ReactsWith,http://smpdb.ca/pathways/#CompoundReference/PW_C000721
http://smpdb.ca/pathways/#CompoundReference/PW_C040034,abstraction:ReactsWith,http://smpdb.ca/pathways/#CompoundReference/PW_C001396
http://smpdb.ca/pathways/#CompoundReference/PW_C000414,abstraction:ReactsWith,http://smpdb.ca/pathways/#CompoundReference/PW_C001093
http://smpdb.ca/pathways/#CompoundReference/PW_C000414,abstraction:ReactsWith,http://smpdb.ca/pathways/#CompoundReference/PW_C000457
http://smpdb.ca/pathways/#CompoundReference/PW_C002212,abstraction:ReactsWith,http://smpdb.ca/pathways/#CompoundReference/PW_C000886
http://smpdb.ca/pathways/#CompoundReference/PW_C001420,abstraction:ReactsWith,http://smpdb.ca/pathways/#CompoundReference/PW_C000967
http://smpdb.ca/pathways/#CompoundReference/PW_C000120,abstraction:ReactsWith,http://smpdb.ca/pathways/#CompoundReference/PW_C000940
http://smpdb.ca/pathways/#CompoundReference/PW_C002374,abstraction:ReactsWith,http://smpdb.ca/pathways/#CompoundReference/PW_C000146
http://smpdb.ca/pathways/#CompoundReference/PW_C000721,abstraction:ReactsWith,http://smpdb.ca/pathways/#CompoundReference/PW_C000904
http://smpdb.ca/pathways/#CompoundReference/PW_C001706,abstraction:ReactsWith,http://smpdb.ca/pathways/#CompoundReference/PW_C040778
http://smpdb.ca/pathways/#CompoundReference/PW_C000022,abstraction:ReactsWith,http://smpdb.ca/pathways/#CompoundReference/PW_C000146
http://smpdb.ca/pathways/#CompoundReference/PW_C002666,abstraction:ReactsWith,http://smpdb.ca/pathways/#CompoundReference/PW_C000143
http://smpdb.ca/pathways/#CompoundReference/PW_C057912,abstraction:ReactsWith,http://smpdb.ca/pathways/#CompoundReference/PW_C040034
http://smpdb.ca/pathways/#CompoundReference/PW_C000143,abstraction:ReactsWith,http://smpdb.ca/pathways/#CompoundReference/PW_C040092
http://smpdb.ca/pathways/#CompoundReference/PW_C000170,abstraction:ReactsWith,http://smpdb.ca/pathways/#CompoundReference/PW_C001316
http://smpdb.ca/pathways/#CompoundReference/PW_C000843,abstraction:ReactsWith,http://smpdb.ca/pathways/#CompoundReference/PW_C000414
http://smpdb.ca/pathways/#CompoundReference/PW_C000414,abstraction:ReactsWith,http://smpdb.ca/pathways/#CompoundReference/PW_C000046
http://smpdb.ca/pathways/#CompoundReference/PW_C000244,abstraction:ReactsWith,http://smpdb.ca/pathways/#CompoundReference/PW_C000921
http://smpdb.ca/pathways/#CompoundReference/PW_C000030,abstraction:ReactsWith,http://smpdb.ca/pathways/#CompoundReference/PW_C000590
http://smpdb.ca/pathways/#CompoundReference/PW_C000071,abstraction:ReactsWith,http://smpdb.ca/pathways/#CompoundReference/PW_C000164
http://smpdb.ca/pathways/#CompoundReference/PW_C040034,abstraction:ReactsWith,http://smpdb.ca/pathways/#CompoundReference/PW_C044567
http://smpdb.ca/pathways/#CompoundReference/PW_C001051,abstraction:ReactsWith,http://smpdb.ca/pathways/#CompoundReference/PW_C000544
http://smpdb.ca/pathways/#CompoundReference/PW_C002941,abstraction:ReactsWith,http://smpdb.ca/pathways/#CompoundReference/PW_C001887
http://smpdb.ca/pathways/#CompoundReference/PW_C007805,abstraction:ReactsWith,http://smpdb.ca/pathways/#CompoundReference/PW_C040065
http://smpdb.ca/pathways/#CompoundReference/PW_C001065,abstraction:ReactsWith,http://smpdb.ca/pathways/#CompoundReference/PW_C001049
http://smpdb.ca/pathways/#CompoundReference/PW_C000882,abstraction:ReactsWith,http://smpdb.ca/pathways/#CompoundReference/PW_C000095
http://smpdb.ca/pathways/#CompoundReference/PW_C040034,abstraction:ReactsWith,http://smpdb.ca/pathways/#CompoundReference/PW_C040949
http://smpdb.ca/pathways/#CompoundReference/PW_C000875,abstraction:ReactsWith,http://smpdb.ca/pathways/#CompoundReference/PW_C001420
http://smpdb.ca/pathways/#CompoundReference/PW_C000176,abstraction:ReactsWith,http://smpdb.ca/pathways/#CompoundReference/PW_C042989
http://smpdb.ca/pathways/#CompoundReference/PW_C000448,abstraction:ReactsWith,http://smpdb.ca/pathways/#CompoundReference/PW_C000804
http://smpdb.ca/pathways/#CompoundReference/PW_C022608,abstraction:ReactsWith,http://smpdb.ca/pathways/#CompoundReference/PW_C000123
http://smpdb.ca/pathways/#CompoundReference/PW_C000201,abstraction:ReactsWith,http://smpdb.ca/pathways/#CompoundReference/PW_C007187
http://smpdb.ca/pathways/#CompoundReference/PW_C000034,abstraction:ReactsWith,http://smpdb.ca/pathways/#CompoundReference/PW_C040034
http://smpdb.ca/pathways/#CompoundReference/PW_C000869,abstraction:ReactsWith,http://smpdb.ca/pathways/#CompoundReference/PW_C000079
http://smpdb.ca/pathways/#CompoundReference/PW_C007686,abstraction:ReactsWith,http://smpdb.ca/pathways/#CompoundReference/PW_C000830
http://smpdb.ca/pathways/#CompoundReference/PW_C008780,abstraction:ReactsWith,http://smpdb.ca/pathways/#CompoundReference/PW_C001065
http://smpdb.ca/pathways/#CompoundReference/PW_C000905,abstraction:ReactsWith,http://smpdb.ca/pathways/#CompoundReference/PW_C040034
http://smpdb.ca/pathways/#CompoundReference/PW_C001104,abstraction:ReactsWith,http://smpdb.ca/pathways/#CompoundReference/PW_C000911
http://smpdb.ca/pathways/#CompoundReference/PW_C000080,abstraction:ReactsWith,http://smpdb.ca/pathways/#CompoundReference/PW_C002664
http://smpdb.ca/pathways/#CompoundReference/PW_C000784,abstraction:ReactsWith,http://smpdb.ca/pathways/#CompoundReference/PW_C000721
http://smpdb.ca/pathways/#CompoundReference/PW_C040857,abstraction:ReactsWith,http://smpdb.ca/pathways/#CompoundReference/PW_C001420
http://smpdb.ca/pathways/#CompoundReference/PW_C040034,abstraction:ReactsWith,http://smpdb.ca/pathways/#CompoundReference/PW_C000164
http://smpdb.ca/pathways/#CompoundReference/PW_C000821,abstraction:ReactsWith,http://smpdb.ca/pathways/#CompoundReference/PW_C001065
http://smpdb.ca/pathways/#CompoundReference/PW_C001060,abstraction:ReactsWith,http://smpdb.ca/pathways/#CompoundReference/PW_C000012
http://smpdb.ca/pathways/#CompoundReference/PW_C040034,abstraction:ReactsWith,http://smpdb.ca/pathways/#CompoundReference/PW_C000872
http://smpdb.ca/pathways/#CompoundReference/PW_C040644,abstraction:ReactsWith,http://smpdb.ca/pathways/#CompoundReference/PW_C040642
http://smpdb.ca/pathways/#CompoundReference/PW_C001031,abstraction:ReactsWith,http://smpdb.ca/pathways/#CompoundReference/PW_C003149
http://smpdb.ca/pathways/#CompoundReference/PW_C000106,abstraction:ReactsWith,http://smpdb.ca/pathways/#CompoundReference/PW_C001347
http://smpdb.ca/pathways/#CompoundReference/PW_C001065,abstraction:ReactsWith,http://smpdb.ca/pathways/#CompoundReference/PW_C002180
http://smpdb.ca/pathways/#CompoundReference/PW_C000517,abstraction:ReactsWith,http://smpdb.ca/pathways/#CompoundReference/PW_C041033
http://smpdb.ca/pathways/#CompoundReference/PW_C001778,abstraction:ReactsWith,http://smpdb.ca/pathways/#CompoundReference/PW_C000031
http://smpdb.ca/pathways/#CompoundReference/PW_C040034,abstraction:ReactsWith,http://smpdb.ca/pathways/#CompoundReference/PW_C000095
http://smpdb.ca/pathways/#CompoundReference/PW_C040763,abstraction:ReactsWith,http://smpdb.ca/pathways/#CompoundReference/PW_C040987
http://smpdb.ca/pathways/#CompoundReference/PW_C001065,abstraction:ReactsWith,http://smpdb.ca/pathways/#CompoundReference/PW_C002048
http://smpdb.ca/pathways/#CompoundReference/PW_C000134,abstraction:ReactsWith,http://smpdb.ca/pathways/#CompoundReference/PW_C001455
http://smpdb.ca/pathways/#CompoundReference/PW_C001316,abstraction:ReactsWith,http://smpdb.ca/pathways/#CompoundReference/PW_C000170
http://smpdb.ca/pathways/#CompoundReference/PW_C000029,abstraction:ReactsWith,http://smpdb.ca/pathways/#CompoundReference/PW_C000414
http://smpdb.ca/pathways/#CompoundReference/PW_C042933,abstraction:ReactsWith,http://smpdb.ca/pathways/#CompoundReference/PW_C001034
http://smpdb.ca/pathways/#CompoundReference/PW_C002643,abstraction:ReactsWith,http://smpdb.ca/pathways/#CompoundReference/PW_C000721
http://smpdb.ca/pathways/#CompoundReference/PW_C000125,abstraction:ReactsWith,http://smpdb.ca/pathways/#CompoundReference/PW_C000721
http://smpdb.ca/pathways/#CompoundReference/PW_C000837,abstraction:ReactsWith,http://smpdb.ca/pathways/#CompoundReference/PW_C001420
http://smpdb.ca/pathways/#CompoundReference/PW_C002926,abstraction:ReactsWith,http://smpdb.ca/pathways/#CompoundReference/PW_C104696
http://smpdb.ca/pathways/#CompoundReference/PW_C001406,abstraction:ReactsWith,http://smpdb.ca/pathways/#CompoundReference/PW_C000414
http://smpdb.ca/pathways/#CompoundReference/PW_C040034,abstraction:ReactsWith,http://smpdb.ca/pathways/#CompoundReference/PW_C002963
http://smpdb.ca/pathways/#CompoundReference/PW_C000678,abstraction:ReactsWith,http://smpdb.ca/pathways/#CompoundReference/PW_C040034
http://smpdb.ca/pathways/#CompoundReference/PW_C040034,abstraction:ReactsWith,http://smpdb.ca/pathways/#CompoundReference/PW_C001778
http://smpdb.ca/pathways/#CompoundReference/PW_C001420,abstraction:ReactsWith,http://smpdb.ca/pathways/#CompoundReference/PW_C040940
http://smpdb.ca/pathways/#CompoundReference/PW_C001864,abstraction:ReactsWith,http://smpdb.ca/pathways/#CompoundReference/PW_C001420
http://smpdb.ca/pathways/#CompoundReference/PW_C001065,abstraction:ReactsWith,http://smpdb.ca/pathways/#CompoundReference/PW_C042760
http://smpdb.ca/pathways/#CompoundReference/PW_C000143,abstraction:ReactsWith,http://smpdb.ca/pathways/#CompoundReference/PW_C096927
http://smpdb.ca/pathways/#CompoundReference/PW_C017481,abstraction:ReactsWith,http://smpdb.ca/pathways/#CompoundReference/PW_C000921
http://smpdb.ca/pathways/#CompoundReference/PW_C022597,abstraction:ReactsWith,http://smpdb.ca/pathways/#CompoundReference/PW_C001420
http://smpdb.ca/pathways/#CompoundReference/PW_C001420,abstraction:ReactsWith,http://smpdb.ca/pathways/#GenericCompoundReference/532
http://smpdb.ca/pathways/#CompoundReference/PW_C001065,abstraction:ReactsWith,http://smpdb.ca/pathways/#CompoundReference/PW_C002364
http://smpdb.ca/pathways/#CompoundReference/PW_C040034,abstraction:ReactsWith,http://smpdb.ca/pathways/#CompoundReference/PW_C104652
http://smpdb.ca/pathways/#CompoundReference/PW_C000448,abstraction:ReactsWith,http://smpdb.ca/pathways/#CompoundReference/PW_C010666
http://smpdb.ca/pathways/#CompoundReference/PW_C000095,abstraction:ReactsWith,http://smpdb.ca/pathways/#CompoundReference/PW_C042899
http://smpdb.ca/pathways/#CompoundReference/PW_C040034,abstraction:ReactsWith,http://smpdb.ca/pathways/#CompoundReference/PW_C000944
http://smpdb.ca/pathways/#CompoundReference/PW_C000741,abstraction:ReactsWith,http://smpdb.ca/pathways/#CompoundReference/PW_C000134
http://smpdb.ca/pathways/#CompoundReference/PW_C040034,abstraction:ReactsWith,http://smpdb.ca/pathways/#CompoundReference/PW_C001686
http://smpdb.ca/pathways/#CompoundReference/PW_C001144,abstraction:ReactsWith,http://smpdb.ca/pathways/#CompoundReference/PW_C001178
http://smpdb.ca/pathways/#CompoundReference/PW_C040034,abstraction:ReactsWith,http://smpdb.ca/pathways/#CompoundReference/PW_C007699
http://smpdb.ca/pathways/#CompoundReference/PW_C000994,abstraction:ReactsWith,http://smpdb.ca/pathways/#CompoundReference/PW_C040034
http://smpdb.ca/pathways/#CompoundReference/PW_C001719,abstraction:ReactsWith,http://smpdb.ca/pathways/#GenericCompoundReference/69
http://smpdb.ca/pathways/#CompoundReference/PW_C001959,abstraction:ReactsWith,http://smpdb.ca/pathways/#CompoundReference/PW_C040034
http://smpdb.ca/pathways/#CompoundReference/PW_C000721,abstraction:ReactsWith,http://smpdb.ca/pathways/#CompoundReference/PW_C042596
http://smpdb.ca/pathways/#CompoundReference/PW_C000767,abstraction:ReactsWith,http://smpdb.ca/pathways/#CompoundReference/PW_C000414
http://smpdb.ca/pathways/#CompoundReference/PW_C000143,abstraction:ReactsWith,http://smpdb.ca/pathways/#CompoundReference/PW_C002120
http://smpdb.ca/pathways/#CompoundReference/PW_C040083,abstraction:ReactsWith,http://smpdb.ca/pathways/#CompoundReference/PW_C000170
http://smpdb.ca/pathways/#GenericCompoundReference/101,abstraction:ReactsWith,http://smpdb.ca/pathways/#CompoundReference/PW_C000448
http://smpdb.ca/pathways/#CompoundReference/PW_C000146,abstraction:ReactsWith,http://smpdb.ca/pathways/#CompoundReference/PW_C001134
http://smpdb.ca/pathways/#CompoundReference/PW_C040034,abstraction:ReactsWith,http://smpdb.ca/pathways/#CompoundReference/PW_C001347
http://smpdb.ca/pathways/#CompoundReference/PW_C001065,abstraction:ReactsWith,http://smpdb.ca/pathways/#CompoundReference/PW_C008794
http://smpdb.ca/pathways/#CompoundReference/PW_C002687,abstraction:ReactsWith,http://smpdb.ca/pathways/#CompoundReference/PW_C001065
http://smpdb.ca/pathways/#CompoundReference/PW_C000148,abstraction:ReactsWith,http://smpdb.ca/pathways/#CompoundReference/PW_C000986
http://smpdb.ca/pathways/#CompoundReference/PW_C000031,abstraction:ReactsWith,http://smpdb.ca/pathways/#CompoundReference/PW_C001778
http://smpdb.ca/pathways/#GenericCompoundReference/552,abstraction:ReactsWith,http://smpdb.ca/pathways/#CompoundReference/PW_C000548
http://smpdb.ca/pathways/#CompoundReference/PW_C000414,abstraction:ReactsWith,http://smpdb.ca/pathways/#CompoundReference/PW_C006326
http://smpdb.ca/pathways/#CompoundReference/PW_C002978,abstraction:ReactsWith,http://smpdb.ca/pathways/#CompoundReference/PW_C001099
http://smpdb.ca/pathways/#CompoundReference/PW_C000414,abstraction:ReactsWith,http://smpdb.ca/pathways/#CompoundReference/PW_C000106
http://smpdb.ca/pathways/#CompoundReference/PW_C001878,abstraction:ReactsWith,http://smpdb.ca/pathways/#CompoundReference/PW_C001420
http://smpdb.ca/pathways/#CompoundReference/PW_C001144,abstraction:ReactsWith,http://smpdb.ca/pathways/#CompoundReference/PW_C001213
http://smpdb.ca/pathways/#CompoundReference/PW_C040034,abstraction:ReactsWith,http://smpdb.ca/pathways/#CompoundReference/PW_C001707
http://smpdb.ca/pathways/#CompoundReference/PW_C000146,abstraction:ReactsWith,http://smpdb.ca/pathways/#CompoundReference/PW_C002974
http://smpdb.ca/pathways/#CompoundReference/PW_C000171,abstraction:ReactsWith,http://smpdb.ca/pathways/#CompoundReference/PW_C002709
http://smpdb.ca/pathways/#CompoundReference/PW_C042652,abstraction:ReactsWith,http://smpdb.ca/pathways/#CompoundReference/PW_C007838
http://smpdb.ca/pathways/#CompoundReference/PW_C040082,abstraction:ReactsWith,http://smpdb.ca/pathways/#CompoundReference/PW_C040034
http://smpdb.ca/pathways/#CompoundReference/PW_C000950,abstraction:ReactsWith,http://smpdb.ca/pathways/#CompoundReference/PW_C000414
http://smpdb.ca/pathways/#CompoundReference/PW_C001065,abstraction:ReactsWith,http://smpdb.ca/pathways/#CompoundReference/PW_C057945
http://smpdb.ca/pathways/#CompoundReference/PW_C000116,abstraction:ReactsWith,http://smpdb.ca/pathways/#CompoundReference/PW_C000921
http://smpdb.ca/pathways/#CompoundReference/PW_C000548,abstraction:ReactsWith,http://smpdb.ca/pathways/#CompoundReference/PW_C001065
http://smpdb.ca/pathways/#CompoundReference/PW_C000870,abstraction:ReactsWith,http://smpdb.ca/pathways/#GenericCompoundReference/69
http://smpdb.ca/pathways/#CompoundReference/PW_C040034,abstraction:ReactsWith,http://smpdb.ca/pathways/#CompoundReference/PW_C012051
http://smpdb.ca/pathways/#CompoundReference/PW_C000908,abstraction:ReactsWith,http://smpdb.ca/pathways/#CompoundReference/PW_C000143
http://smpdb.ca/pathways/#CompoundReference/PW_C001420,abstraction:ReactsWith,http://smpdb.ca/pathways/#CompoundReference/PW_C040544
http://smpdb.ca/pathways/#CompoundReference/PW_C041007,abstraction:ReactsWith,http://smpdb.ca/pathways/#CompoundReference/PW_C001144
http://smpdb.ca/pathways/#CompoundReference/PW_C040844,abstraction:ReactsWith,http://smpdb.ca/pathways/#CompoundReference/PW_C001221
http://smpdb.ca/pathways/#CompoundReference/PW_C000259,abstraction:ReactsWith,http://smpdb.ca/pathways/#CompoundReference/PW_C001099
http://smpdb.ca/pathways/#CompoundReference/PW_C000193,abstraction:ReactsWith,http://smpdb.ca/pathways/#CompoundReference/PW_C007697
http://smpdb.ca/pathways/#CompoundReference/PW_C000846,abstraction:ReactsWith,http://smpdb.ca/pathways/#CompoundReference/PW_C000081
http://smpdb.ca/pathways/#CompoundReference/PW_C000093,abstraction:ReactsWith,http://smpdb.ca/pathways/#CompoundReference/PW_C000137
http://smpdb.ca/pathways/#CompoundReference/PW_C042660,abstraction:ReactsWith,http://smpdb.ca/pathways/#CompoundReference/PW_C001420
http://smpdb.ca/pathways/#CompoundReference/PW_C001420,abstraction:ReactsWith,http://smpdb.ca/pathways/#CompoundReference/PW_C002334
http://smpdb.ca/pathways/#CompoundReference/PW_C000767,abstraction:ReactsWith,http://smpdb.ca/pathways/#CompoundReference/PW_C001420
http://smpdb.ca/pathways/#GenericCompoundReference/235,abstraction:ReactsWith,http://smpdb.ca/pathways/#CompoundReference/PW_C001420
http://smpdb.ca/pathways/#CompoundReference/PW_C096924,abstraction:ReactsWith,http://smpdb.ca/pathways/#GenericCompoundReference/302
http://smpdb.ca/pathways/#CompoundReference/PW_C041110,abstraction:ReactsWith,http://smpdb.ca/pathways/#CompoundReference/PW_C001420
http://smpdb.ca/pathways/#CompoundReference/PW_C000146,abstraction:ReactsWith,http://smpdb.ca/pathways/#CompoundReference/PW_C057916
http://smpdb.ca/pathways/#CompoundReference/PW_C000414,abstraction:ReactsWith,http://smpdb.ca/pathways/#CompoundReference/PW_C000058
http://smpdb.ca/pathways/#CompoundReference/PW_C001420,abstraction:ReactsWith,http://smpdb.ca/pathways/#CompoundReference/PW_C000190
http://smpdb.ca/pathways/#CompoundReference/PW_C000414,abstraction:ReactsWith,http://smpdb.ca/pathways/#CompoundReference/PW_C001061
http://smpdb.ca/pathways/#CompoundReference/PW_C000721,abstraction:ReactsWith,http://smpdb.ca/pathways/#CompoundReference/PW_C000106
http://smpdb.ca/pathways/#CompoundReference/PW_C000681,abstraction:ReactsWith,http://smpdb.ca/pathways/#CompoundReference/PW_C001104
http://smpdb.ca/pathways/#CompoundReference/PW_C001199,abstraction:ReactsWith,http://smpdb.ca/pathways/#CompoundReference/PW_C000414
http://smpdb.ca/pathways/#CompoundReference/PW_C001134,abstraction:ReactsWith,http://smpdb.ca/pathways/#CompoundReference/PW_C000146
http://smpdb.ca/pathways/#CompoundReference/PW_C000143,abstraction:ReactsWith,http://smpdb.ca/pathways/#CompoundReference/PW_C044579
http://smpdb.ca/pathways/#CompoundReference/PW_C000068,abstraction:ReactsWith,http://smpdb.ca/pathways/#CompoundReference/PW_C001420
http://smpdb.ca/pathways/#CompoundReference/PW_C000983,abstraction:ReactsWith,http://smpdb.ca/pathways/#CompoundReference/PW_C001207
http://smpdb.ca/pathways/#CompoundReference/PW_C000940,abstraction:ReactsWith,http://smpdb.ca/pathways/#CompoundReference/PW_C001104
http://smpdb.ca/pathways/#CompoundReference/PW_C000012,abstraction:ReactsWith,http://smpdb.ca/pathways/#CompoundReference/PW_C001099
http://smpdb.ca/pathways/#CompoundReference/PW_C000078,abstraction:ReactsWith,http://smpdb.ca/pathways/#CompoundReference/PW_C002709
http://smpdb.ca/pathways/#CompoundReference/PW_C000414,abstraction:ReactsWith,http://smpdb.ca/pathways/#CompoundReference/PW_C000200
http://smpdb.ca/pathways/#CompoundReference/PW_C002948,abstraction:ReactsWith,http://smpdb.ca/pathways/#CompoundReference/PW_C000146
http://smpdb.ca/pathways/#CompoundReference/PW_C000414,abstraction:ReactsWith,http://smpdb.ca/pathways/#CompoundReference/PW_C009457
http://smpdb.ca/pathways/#CompoundReference/PW_C001420,abstraction:ReactsWith,http://smpdb.ca/pathways/#CompoundReference/PW_C006759
http://smpdb.ca/pathways/#CompoundReference/PW_C040034,abstraction:ReactsWith,http://smpdb.ca/pathways/#CompoundReference/PW_C000112
http://smpdb.ca/pathways/#CompoundReference/PW_C040792,abstraction:ReactsWith,http://smpdb.ca/pathways/#CompoundReference/PW_C000414
http://smpdb.ca/pathways/#CompoundReference/PW_C042760,abstraction:ReactsWith,http://smpdb.ca/pathways/#CompoundReference/PW_C040034
http://smpdb.ca/pathways/#CompoundReference/PW_C000090,abstraction:ReactsWith,http://smpdb.ca/pathways/#CompoundReference/PW_C000143
http://smpdb.ca/pathways/#CompoundReference/PW_C096944,abstraction:ReactsWith,http://smpdb.ca/pathways/#CompoundReference/PW_C000143
http://smpdb.ca/pathways/#CompoundReference/PW_C000095,abstraction:ReactsWith,http://smpdb.ca/pathways/#CompoundReference/PW_C001199
http://smpdb.ca/pathways/#CompoundReference/PW_C000904,abstraction:ReactsWith,http://smpdb.ca/pathways/#CompoundReference/PW_C000143
http://smpdb.ca/pathways/#CompoundReference/PW_C040759,abstraction:ReactsWith,http://smpdb.ca/pathways/#CompoundReference/PW_C000869
http://smpdb.ca/pathways/#CompoundReference/PW_C000950,abstraction:ReactsWith,http://smpdb.ca/pathways/#CompoundReference/PW_C001420
http://smpdb.ca/pathways/#CompoundReference/PW_C009184,abstraction:ReactsWith,http://smpdb.ca/pathways/#CompoundReference/PW_C001065
http://smpdb.ca/pathways/#CompoundReference/PW_C002943,abstraction:ReactsWith,http://smpdb.ca/pathways/#CompoundReference/PW_C001104
http://smpdb.ca/pathways/#CompoundReference/PW_C041136,abstraction:ReactsWith,http://smpdb.ca/pathways/#CompoundReference/PW_C000921
http://smpdb.ca/pathways/#CompoundReference/PW_C001420,abstraction:ReactsWith,http://smpdb.ca/pathways/#CompoundReference/PW_C000180
http://smpdb.ca/pathways/#CompoundReference/PW_C000198,abstraction:ReactsWith,http://smpdb.ca/pathways/#CompoundReference/PW_C000721
http://smpdb.ca/pathways/#CompoundReference/PW_C001118,abstraction:ReactsWith,http://smpdb.ca/pathways/#CompoundReference/PW_C000414
http://smpdb.ca/pathways/#CompoundReference/PW_C000111,abstraction:ReactsWith,http://smpdb.ca/pathways/#CompoundReference/PW_C000414
http://smpdb.ca/pathways/#CompoundReference/PW_C041033,abstraction:ReactsWith,http://smpdb.ca/pathways/#CompoundReference/PW_C042663
http://smpdb.ca/pathways/#CompoundReference/PW_C001065,abstraction:ReactsWith,http://smpdb.ca/pathways/#CompoundReference/PW_C007728
http://smpdb.ca/pathways/#CompoundReference/PW_C001065,abstraction:ReactsWith,http://smpdb.ca/pathways/#CompoundReference/PW_C002018
http://smpdb.ca/pathways/#CompoundReference/PW_C001420,abstraction:ReactsWith,http://smpdb.ca/pathways/#CompoundReference/PW_C040970
http://smpdb.ca/pathways/#CompoundReference/PW_C000090,abstraction:ReactsWith,http://smpdb.ca/pathways/#CompoundReference/PW_C000414
http://smpdb.ca/pathways/#CompoundReference/PW_C006388,abstraction:ReactsWith,http://smpdb.ca/pathways/#CompoundReference/PW_C000414
http://smpdb.ca/pathways/#CompoundReference/PW_C000704,abstraction:ReactsWith,http://smpdb.ca/pathways/#CompoundReference/PW_C000134
http://smpdb.ca/pathways/#CompoundReference/PW_C040810,abstraction:ReactsWith,http://smpdb.ca/pathways/#CompoundReference/PW_C000414
http://smpdb.ca/pathways/#CompoundReference/PW_C002911,abstraction:ReactsWith,http://smpdb.ca/pathways/#CompoundReference/PW_C000143
http://smpdb.ca/pathways/#CompoundReference/PW_C000414,abstraction:ReactsWith,http://smpdb.ca/pathways/#CompoundReference/PW_C002360
http://smpdb.ca/pathways/#CompoundReference/PW_C001249,abstraction:ReactsWith,http://smpdb.ca/pathways/#CompoundReference/PW_C000414
http://smpdb.ca/pathways/#CompoundReference/PW_C009567,abstraction:ReactsWith,http://smpdb.ca/pathways/#CompoundReference/PW_C040034
http://smpdb.ca/pathways/#CompoundReference/PW_C044571,abstraction:ReactsWith,http://smpdb.ca/pathways/#CompoundReference/PW_C000146
http://smpdb.ca/pathways/#CompoundReference/PW_C001284,abstraction:ReactsWith,http://smpdb.ca/pathways/#CompoundReference/PW_C040034
http://smpdb.ca/pathways/#CompoundReference/PW_C001420,abstraction:ReactsWith,http://smpdb.ca/pathways/#CompoundReference/PW_C002997
http://smpdb.ca/pathways/#CompoundReference/PW_C001144,abstraction:ReactsWith,http://smpdb.ca/pathways/#CompoundReference/PW_C000784
http://smpdb.ca/pathways/#CompoundReference/PW_C001065,abstraction:ReactsWith,http://smpdb.ca/pathways/#CompoundReference/PW_C009649
http://smpdb.ca/pathways/#CompoundReference/PW_C002365,abstraction:ReactsWith,http://smpdb.ca/pathways/#CompoundReference/PW_C001051
http://smpdb.ca/pathways/#CompoundReference/PW_C000414,abstraction:ReactsWith,http://smpdb.ca/pathways/#CompoundReference/PW_C000087
http://smpdb.ca/pathways/#CompoundReference/PW_C000414,abstraction:ReactsWith,http://smpdb.ca/pathways/#CompoundReference/PW_C040608
http://smpdb.ca/pathways/#CompoundReference/PW_C001420,abstraction:ReactsWith,http://smpdb.ca/pathways/#CompoundReference/PW_C000052
http://smpdb.ca/pathways/#CompoundReference/PW_C000093,abstraction:ReactsWith,http://smpdb.ca/pathways/#CompoundReference/PW_C000085
http://smpdb.ca/pathways/#CompoundReference/PW_C000123,abstraction:ReactsWith,http://smpdb.ca/pathways/#CompoundReference/PW_C000986
http://smpdb.ca/pathways/#CompoundReference/PW_C001420,abstraction:ReactsWith,http://smpdb.ca/pathways/#CompoundReference/PW_C000463
http://smpdb.ca/pathways/#CompoundReference/PW_C000590,abstraction:ReactsWith,http://smpdb.ca/pathways/#CompoundReference/PW_C001079
http://smpdb.ca/pathways/#CompoundReference/PW_C040034,abstraction:ReactsWith,http://smpdb.ca/pathways/#CompoundReference/PW_C041100
http://smpdb.ca/pathways/#CompoundReference/PW_C000032,abstraction:ReactsWith,http://smpdb.ca/pathways/#CompoundReference/PW_C001142
http://smpdb.ca/pathways/#CompoundReference/PW_C044544,abstraction:ReactsWith,http://smpdb.ca/pathways/#CompoundReference/PW_C040034
http://smpdb.ca/pathways/#CompoundReference/PW_C001099,abstraction:ReactsWith,http://smpdb.ca/pathways/#CompoundReference/PW_C000028
http://smpdb.ca/pathways/#CompoundReference/PW_C040756,abstraction:ReactsWith,http://smpdb.ca/pathways/#CompoundReference/PW_C042574
http://smpdb.ca/pathways/#CompoundReference/PW_C000776,abstraction:ReactsWith,http://smpdb.ca/pathways/#CompoundReference/PW_C001420
http://smpdb.ca/pathways/#CompoundReference/PW_C000406,abstraction:ReactsWith,http://smpdb.ca/pathways/#CompoundReference/PW_C001347
http://smpdb.ca/pathways/#CompoundReference/PW_C096923,abstraction:ReactsWith,http://smpdb.ca/pathways/#CompoundReference/PW_C000911
http://smpdb.ca/pathways/#CompoundReference/PW_C007794,abstraction:ReactsWith,http://smpdb.ca/pathways/#CompoundReference/PW_C000164
http://smpdb.ca/pathways/#CompoundReference/PW_C001928,abstraction:ReactsWith,http://smpdb.ca/pathways/#GenericCompoundReference/69
http://smpdb.ca/pathways/#CompoundReference/PW_C012810,abstraction:ReactsWith,http://smpdb.ca/pathways/#CompoundReference/PW_C000103
http://smpdb.ca/pathways/#CompoundReference/PW_C001087,abstraction:ReactsWith,http://smpdb.ca/pathways/#CompoundReference/PW_C000414
http://smpdb.ca/pathways/#CompoundReference/PW_C001051,abstraction:ReactsWith,http://smpdb.ca/pathways/#CompoundReference/PW_C001274
http://smpdb.ca/pathways/#CompoundReference/PW_C000143,abstraction:ReactsWith,http://smpdb.ca/pathways/#CompoundReference/PW_C000179
http://smpdb.ca/pathways/#CompoundReference/PW_C000792,abstraction:ReactsWith,http://smpdb.ca/pathways/#CompoundReference/PW_C000414
http://smpdb.ca/pathways/#CompoundReference/PW_C000590,abstraction:ReactsWith,http://smpdb.ca/pathways/#CompoundReference/PW_C022608
http://smpdb.ca/pathways/#CompoundReference/PW_C015054,abstraction:ReactsWith,http://smpdb.ca/pathways/#CompoundReference/PW_C001099
http://smpdb.ca/pathways/#CompoundReference/PW_C007726,abstraction:ReactsWith,http://smpdb.ca/pathways/#CompoundReference/PW_C040034
http://smpdb.ca/pathways/#CompoundReference/PW_C000134,abstraction:ReactsWith,http://smpdb.ca/pathways/#CompoundReference/PW_C057945
http://smpdb.ca/pathways/#CompoundReference/PW_C000143,abstraction:ReactsWith,http://smpdb.ca/pathways/#CompoundReference/PW_C001015
http://smpdb.ca/pathways/#CompoundReference/PW_C007818,abstraction:ReactsWith,http://smpdb.ca/pathways/#CompoundReference/PW_C000500
http://smpdb.ca/pathways/#CompoundReference/PW_C009391,abstraction:ReactsWith,http://smpdb.ca/pathways/#CompoundReference/PW_C001065
http://smpdb.ca/pathways/#CompoundReference/PW_C041031,abstraction:ReactsWith,http://smpdb.ca/pathways/#CompoundReference/PW_C001316
http://smpdb.ca/pathways/#CompoundReference/PW_C040828,abstraction:ReactsWith,http://smpdb.ca/pathways/#CompoundReference/PW_C001849
http://smpdb.ca/pathways/#CompoundReference/PW_C013464,abstraction:ReactsWith,http://smpdb.ca/pathways/#CompoundReference/PW_C001065
http://smpdb.ca/pathways/#CompoundReference/PW_C000090,abstraction:ReactsWith,http://smpdb.ca/pathways/#CompoundReference/PW_C001420
http://smpdb.ca/pathways/#CompoundReference/PW_C040034,abstraction:ReactsWith,http://smpdb.ca/pathways/#CompoundReference/PW_C000790
http://smpdb.ca/pathways/#CompoundReference/PW_C006388,abstraction:ReactsWith,http://smpdb.ca/pathways/#CompoundReference/PW_C001420
http://smpdb.ca/pathways/#CompoundReference/PW_C044572,abstraction:ReactsWith,http://smpdb.ca/pathways/#CompoundReference/PW_C001851
http://smpdb.ca/pathways/#CompoundReference/PW_C000143,abstraction:ReactsWith,http://smpdb.ca/pathways/#CompoundReference/PW_C040700
http://smpdb.ca/pathways/#CompoundReference/PW_C001099,abstraction:ReactsWith,http://smpdb.ca/pathways/#CompoundReference/PW_C104728
http://smpdb.ca/pathways/#CompoundReference/PW_C041100,abstraction:ReactsWith,http://smpdb.ca/pathways/#CompoundReference/PW_C000092
http://smpdb.ca/pathways/#CompoundReference/PW_C000137,abstraction:ReactsWith,http://smpdb.ca/pathways/#CompoundReference/PW_C000093
http://smpdb.ca/pathways/#CompoundReference/PW_C040826,abstraction:ReactsWith,http://smpdb.ca/pathways/#CompoundReference/PW_C001099
http://smpdb.ca/pathways/#CompoundReference/PW_C009064,abstraction:ReactsWith,http://smpdb.ca/pathways/#CompoundReference/PW_C000414
http://smpdb.ca/pathways/#CompoundReference/PW_C000088,abstraction:ReactsWith,http://smpdb.ca/pathways/#GenericCompoundReference/218
http://smpdb.ca/pathways/#CompoundReference/PW_C042663,abstraction:ReactsWith,http://smpdb.ca/pathways/#GenericCompoundReference/318
http://smpdb.ca/pathways/#CompoundReference/PW_C002979,abstraction:ReactsWith,http://smpdb.ca/pathways/#CompoundReference/PW_C001099
http://smpdb.ca/pathways/#CompoundReference/PW_C001035,abstraction:ReactsWith,http://smpdb.ca/pathways/#CompoundReference/PW_C001420
http://smpdb.ca/pathways/#CompoundReference/PW_C000849,abstraction:ReactsWith,http://smpdb.ca/pathways/#CompoundReference/PW_C000721
http://smpdb.ca/pathways/#CompoundReference/PW_C042643,abstraction:ReactsWith,http://smpdb.ca/pathways/#CompoundReference/PW_C000143
http://smpdb.ca/pathways/#CompoundReference/PW_C040034,abstraction:ReactsWith,http://smpdb.ca/pathways/#CompoundReference/PW_C042609
http://smpdb.ca/pathways/#CompoundReference/PW_C001918,abstraction:ReactsWith,http://smpdb.ca/pathways/#CompoundReference/PW_C001062
http://smpdb.ca/pathways/#CompoundReference/PW_C000548,abstraction:ReactsWith,http://smpdb.ca/pathways/#GenericCompoundReference/72
http://smpdb.ca/pathways/#CompoundReference/PW_C002961,abstraction:ReactsWith,http://smpdb.ca/pathways/#CompoundReference/PW_C000143
http://smpdb.ca/pathways/#CompoundReference/PW_C001420,abstraction:ReactsWith,http://smpdb.ca/pathways/#CompoundReference/PW_C000068
http://smpdb.ca/pathways/#CompoundReference/PW_C006078,abstraction:ReactsWith,http://smpdb.ca/pathways/#CompoundReference/PW_C000414
http://smpdb.ca/pathways/#CompoundReference/PW_C001420,abstraction:ReactsWith,http://smpdb.ca/pathways/#CompoundReference/PW_C040549
http://smpdb.ca/pathways/#CompoundReference/PW_C001104,abstraction:ReactsWith,http://smpdb.ca/pathways/#CompoundReference/PW_C000605
http://smpdb.ca/pathways/#CompoundReference/PW_C001932,abstraction:ReactsWith,http://smpdb.ca/pathways/#CompoundReference/PW_C040811
http://smpdb.ca/pathways/#CompoundReference/PW_C018857,abstraction:ReactsWith,http://smpdb.ca/pathways/#CompoundReference/PW_C000805
http://smpdb.ca/pathways/#CompoundReference/PW_C044583,abstraction:ReactsWith,http://smpdb.ca/pathways/#CompoundReference/PW_C040034
http://smpdb.ca/pathways/#CompoundReference/PW_C000035,abstraction:ReactsWith,http://smpdb.ca/pathways/#CompoundReference/PW_C000134
http://smpdb.ca/pathways/#CompoundReference/PW_C001420,abstraction:ReactsWith,http://smpdb.ca/pathways/#CompoundReference/PW_C002935
http://smpdb.ca/pathways/#CompoundReference/PW_C000414,abstraction:ReactsWith,http://smpdb.ca/pathways/#CompoundReference/PW_C000202
http://smpdb.ca/pathways/#CompoundReference/PW_C000824,abstraction:ReactsWith,http://smpdb.ca/pathways/#CompoundReference/PW_C040034
http://smpdb.ca/pathways/#CompoundReference/PW_C057891,abstraction:ReactsWith,http://smpdb.ca/pathways/#CompoundReference/PW_C040034
http://smpdb.ca/pathways/#CompoundReference/PW_C040034,abstraction:ReactsWith,http://smpdb.ca/pathways/#GenericCompoundReference/93
http://smpdb.ca/pathways/#CompoundReference/PW_C001420,abstraction:ReactsWith,http://smpdb.ca/pathways/#CompoundReference/PW_C000095
http://smpdb.ca/pathways/#CompoundReference/PW_C010760,abstraction:ReactsWith,http://smpdb.ca/pathways/#GenericCompoundReference/302
http://smpdb.ca/pathways/#CompoundReference/PW_C001420,abstraction:ReactsWith,http://smpdb.ca/pathways/#CompoundReference/PW_C057902
http://smpdb.ca/pathways/#CompoundReference/PW_C001144,abstraction:ReactsWith,http://smpdb.ca/pathways/#CompoundReference/PW_C002763
http://smpdb.ca/pathways/#CompoundReference/PW_C008912,abstraction:ReactsWith,http://smpdb.ca/pathways/#CompoundReference/PW_C001420
http://smpdb.ca/pathways/#CompoundReference/PW_C001065,abstraction:ReactsWith,http://smpdb.ca/pathways/#CompoundReference/PW_C040544
http://smpdb.ca/pathways/#CompoundReference/PW_C000193,abstraction:ReactsWith,http://smpdb.ca/pathways/#CompoundReference/PW_C002733
http://smpdb.ca/pathways/#CompoundReference/PW_C009638,abstraction:ReactsWith,http://smpdb.ca/pathways/#CompoundReference/PW_C001065
http://smpdb.ca/pathways/#CompoundReference/PW_C000087,abstraction:ReactsWith,http://smpdb.ca/pathways/#CompoundReference/PW_C000414
http://smpdb.ca/pathways/#CompoundReference/PW_C000184,abstraction:ReactsWith,http://smpdb.ca/pathways/#CompoundReference/PW_C001065
http://smpdb.ca/pathways/#CompoundReference/PW_C001081,abstraction:ReactsWith,http://smpdb.ca/pathways/#CompoundReference/PW_C001029
http://smpdb.ca/pathways/#CompoundReference/PW_C001565,abstraction:ReactsWith,http://smpdb.ca/pathways/#CompoundReference/PW_C001065
http://smpdb.ca/pathways/#CompoundReference/PW_C000057,abstraction:ReactsWith,http://smpdb.ca/pathways/#CompoundReference/PW_C000804
http://smpdb.ca/pathways/#CompoundReference/PW_C040621,abstraction:ReactsWith,http://smpdb.ca/pathways/#CompoundReference/PW_C000414
http://smpdb.ca/pathways/#CompoundReference/PW_C001420,abstraction:ReactsWith,http://smpdb.ca/pathways/#CompoundReference/PW_C000091
http://smpdb.ca/pathways/#CompoundReference/PW_C041103,abstraction:ReactsWith,http://smpdb.ca/pathways/#CompoundReference/PW_C000146
http://smpdb.ca/pathways/#CompoundReference/PW_C001420,abstraction:ReactsWith,http://smpdb.ca/pathways/#CompoundReference/PW_C000984
http://smpdb.ca/pathways/#CompoundReference/PW_C001420,abstraction:ReactsWith,http://smpdb.ca/pathways/#CompoundReference/PW_C040297
http://smpdb.ca/pathways/#CompoundReference/PW_C040476,abstraction:ReactsWith,http://smpdb.ca/pathways/#CompoundReference/PW_C000414
http://smpdb.ca/pathways/#CompoundReference/PW_C000921,abstraction:ReactsWith,http://smpdb.ca/pathways/#CompoundReference/PW_C057909
http://smpdb.ca/pathways/#CompoundReference/PW_C001161,abstraction:ReactsWith,http://smpdb.ca/pathways/#CompoundReference/PW_C001104
http://smpdb.ca/pathways/#CompoundReference/PW_C040034,abstraction:ReactsWith,http://smpdb.ca/pathways/#CompoundReference/PW_C000092
http://smpdb.ca/pathways/#CompoundReference/PW_C040034,abstraction:ReactsWith,http://smpdb.ca/pathways/#CompoundReference/PW_C009391
http://smpdb.ca/pathways/#CompoundReference/PW_C001019,abstraction:ReactsWith,http://smpdb.ca/pathways/#CompoundReference/PW_C000180
http://smpdb.ca/pathways/#CompoundReference/PW_C000915,abstraction:ReactsWith,http://smpdb.ca/pathways/#CompoundReference/PW_C022608
http://smpdb.ca/pathways/#CompoundReference/PW_C002111,abstraction:ReactsWith,http://smpdb.ca/pathways/#CompoundReference/PW_C000911
http://smpdb.ca/pathways/#CompoundReference/PW_C041034,abstraction:ReactsWith,http://smpdb.ca/pathways/#CompoundReference/PW_C001420
http://smpdb.ca/pathways/#CompoundReference/PW_C000921,abstraction:ReactsWith,http://smpdb.ca/pathways/#CompoundReference/PW_C041137
http://smpdb.ca/pathways/#CompoundReference/PW_C000717,abstraction:ReactsWith,http://smpdb.ca/pathways/#CompoundReference/PW_C001420
http://smpdb.ca/pathways/#CompoundReference/PW_C000143,abstraction:ReactsWith,http://smpdb.ca/pathways/#CompoundReference/PW_C000904
http://smpdb.ca/pathways/#CompoundReference/PW_C001679,abstraction:ReactsWith,http://smpdb.ca/pathways/#CompoundReference/PW_C000414
http://smpdb.ca/pathways/#CompoundReference/PW_C000063,abstraction:ReactsWith,http://smpdb.ca/pathways/#CompoundReference/PW_C001099
http://smpdb.ca/pathways/#CompoundReference/PW_C000940,abstraction:ReactsWith,http://smpdb.ca/pathways/#GenericCompoundReference/86
http://smpdb.ca/pathways/#CompoundReference/PW_C000774,abstraction:ReactsWith,http://smpdb.ca/pathways/#CompoundReference/PW_C042900
http://smpdb.ca/pathways/#CompoundReference/PW_C042643,abstraction:ReactsWith,http://smpdb.ca/pathways/#CompoundReference/PW_C001420
http://smpdb.ca/pathways/#CompoundReference/PW_C002170,abstraction:ReactsWith,http://smpdb.ca/pathways/#CompoundReference/PW_C001420
http://smpdb.ca/pathways/#CompoundReference/PW_C000414,abstraction:ReactsWith,http://smpdb.ca/pathways/#CompoundReference/PW_C000885
http://smpdb.ca/pathways/#CompoundReference/PW_C000458,abstraction:ReactsWith,http://smpdb.ca/pathways/#CompoundReference/PW_C000457
http://smpdb.ca/pathways/#CompoundReference/PW_C000196,abstraction:ReactsWith,http://smpdb.ca/pathways/#CompoundReference/PW_C044514
http://smpdb.ca/pathways/#CompoundReference/PW_C007691,abstraction:ReactsWith,http://smpdb.ca/pathways/#CompoundReference/PW_C001420
http://smpdb.ca/pathways/#CompoundReference/PW_C000019,abstraction:ReactsWith,http://smpdb.ca/pathways/#CompoundReference/PW_C001065
http://smpdb.ca/pathways/#CompoundReference/PW_C040034,abstraction:ReactsWith,http://smpdb.ca/pathways/#GenericCompoundReference/230
http://smpdb.ca/pathways/#CompoundReference/PW_C000150,abstraction:ReactsWith,http://smpdb.ca/pathways/#CompoundReference/PW_C000721
http://smpdb.ca/pathways/#CompoundReference/PW_C001017,abstraction:ReactsWith,http://smpdb.ca/pathways/#CompoundReference/PW_C001065
http://smpdb.ca/pathways/#CompoundReference/PW_C002665,abstraction:ReactsWith,http://smpdb.ca/pathways/#CompoundReference/PW_C000940
http://smpdb.ca/pathways/#CompoundReference/PW_C007824,abstraction:ReactsWith,http://smpdb.ca/pathways/#CompoundReference/PW_C040034
http://smpdb.ca/pathways/#CompoundReference/PW_C001065,abstraction:ReactsWith,http://smpdb.ca/pathways/#CompoundReference/PW_C057939
http://smpdb.ca/pathways/#GenericCompoundReference/84,abstraction:ReactsWith,http://smpdb.ca/pathways/#CompoundReference/PW_C000921
http://smpdb.ca/pathways/#CompoundReference/PW_C001420,abstraction:ReactsWith,http://smpdb.ca/pathways/#CompoundReference/PW_C040746
http://smpdb.ca/pathways/#CompoundReference/PW_C041104,abstraction:ReactsWith,http://smpdb.ca/pathways/#CompoundReference/PW_C000146
http://smpdb.ca/pathways/#CompoundReference/PW_C041668,abstraction:ReactsWith,http://smpdb.ca/pathways/#CompoundReference/PW_C000774
http://smpdb.ca/pathways/#CompoundReference/PW_C001104,abstraction:ReactsWith,http://smpdb.ca/pathways/#CompoundReference/PW_C007794
http://smpdb.ca/pathways/#CompoundReference/PW_C001065,abstraction:ReactsWith,http://smpdb.ca/pathways/#CompoundReference/PW_C057936
http://smpdb.ca/pathways/#CompoundReference/PW_C041314,abstraction:ReactsWith,http://smpdb.ca/pathways/#CompoundReference/PW_C001420
http://smpdb.ca/pathways/#CompoundReference/PW_C001099,abstraction:ReactsWith,http://smpdb.ca/pathways/#GenericCompoundReference/254
http://smpdb.ca/pathways/#CompoundReference/PW_C040621,abstraction:ReactsWith,http://smpdb.ca/pathways/#CompoundReference/PW_C001420
http://smpdb.ca/pathways/#CompoundReference/PW_C001144,abstraction:ReactsWith,http://smpdb.ca/pathways/#CompoundReference/PW_C001234
http://smpdb.ca/pathways/#CompoundReference/PW_C040034,abstraction:ReactsWith,http://smpdb.ca/pathways/#CompoundReference/PW_C000994
http://smpdb.ca/pathways/#CompoundReference/PW_C040034,abstraction:ReactsWith,http://smpdb.ca/pathways/#CompoundReference/PW_C040841
http://smpdb.ca/pathways/#CompoundReference/PW_C001099,abstraction:ReactsWith,http://smpdb.ca/pathways/#CompoundReference/PW_C000143
http://smpdb.ca/pathways/#CompoundReference/PW_C000489,abstraction:ReactsWith,http://smpdb.ca/pathways/#CompoundReference/PW_C000886
http://smpdb.ca/pathways/#CompoundReference/PW_C001104,abstraction:ReactsWith,http://smpdb.ca/pathways/#CompoundReference/PW_C000988
http://smpdb.ca/pathways/#CompoundReference/PW_C040506,abstraction:ReactsWith,http://smpdb.ca/pathways/#CompoundReference/PW_C000414
http://smpdb.ca/pathways/#CompoundReference/PW_C000976,abstraction:ReactsWith,http://smpdb.ca/pathways/#CompoundReference/PW_C000095
http://smpdb.ca/pathways/#CompoundReference/PW_C000366,abstraction:ReactsWith,http://smpdb.ca/pathways/#GenericCompoundReference/86
http://smpdb.ca/pathways/#CompoundReference/PW_C000078,abstraction:ReactsWith,http://smpdb.ca/pathways/#CompoundReference/PW_C000940
http://smpdb.ca/pathways/#CompoundReference/PW_C001420,abstraction:ReactsWith,http://smpdb.ca/pathways/#GenericCompoundReference/560
http://smpdb.ca/pathways/#CompoundReference/PW_C040476,abstraction:ReactsWith,http://smpdb.ca/pathways/#CompoundReference/PW_C001420
http://smpdb.ca/pathways/#CompoundReference/PW_C001924,abstraction:ReactsWith,http://smpdb.ca/pathways/#CompoundReference/PW_C000146
http://smpdb.ca/pathways/#CompoundReference/PW_C007726,abstraction:ReactsWith,http://smpdb.ca/pathways/#CompoundReference/PW_C000544
http://smpdb.ca/pathways/#CompoundReference/PW_C001065,abstraction:ReactsWith,http://smpdb.ca/pathways/#CompoundReference/PW_C000052
http://smpdb.ca/pathways/#CompoundReference/PW_C002968,abstraction:ReactsWith,http://smpdb.ca/pathways/#CompoundReference/PW_C040034
http://smpdb.ca/pathways/#CompoundReference/PW_C000135,abstraction:ReactsWith,http://smpdb.ca/pathways/#CompoundReference/PW_C000414
http://smpdb.ca/pathways/#CompoundReference/PW_C001065,abstraction:ReactsWith,http://smpdb.ca/pathways/#CompoundReference/PW_C102453
http://smpdb.ca/pathways/#GenericCompoundReference/302,abstraction:ReactsWith,http://smpdb.ca/pathways/#CompoundReference/PW_C040034
http://smpdb.ca/pathways/#CompoundReference/PW_C000721,abstraction:ReactsWith,http://smpdb.ca/pathways/#CompoundReference/PW_C000189
http://smpdb.ca/pathways/#CompoundReference/PW_C001679,abstraction:ReactsWith,http://smpdb.ca/pathways/#CompoundReference/PW_C001420
http://smpdb.ca/pathways/#CompoundReference/PW_C000044,abstraction:ReactsWith,http://smpdb.ca/pathways/#CompoundReference/PW_C007198
http://smpdb.ca/pathways/#CompoundReference/PW_C000414,abstraction:ReactsWith,http://smpdb.ca/pathways/#CompoundReference/PW_C040459
http://smpdb.ca/pathways/#CompoundReference/PW_C000414,abstraction:ReactsWith,http://smpdb.ca/pathways/#CompoundReference/PW_C040476
http://smpdb.ca/pathways/#CompoundReference/PW_C000911,abstraction:ReactsWith,http://smpdb.ca/pathways/#CompoundReference/PW_C044547
http://smpdb.ca/pathways/#CompoundReference/PW_C001207,abstraction:ReactsWith,http://smpdb.ca/pathways/#CompoundReference/PW_C001035
http://smpdb.ca/pathways/#CompoundReference/PW_C041162,abstraction:ReactsWith,http://smpdb.ca/pathways/#CompoundReference/PW_C000080
http://smpdb.ca/pathways/#CompoundReference/PW_C001532,abstraction:ReactsWith,http://smpdb.ca/pathways/#CompoundReference/PW_C000146
http://smpdb.ca/pathways/#CompoundReference/PW_C000911,abstraction:ReactsWith,http://smpdb.ca/pathways/#CompoundReference/PW_C057949
http://smpdb.ca/pathways/#CompoundReference/PW_C001120,abstraction:ReactsWith,http://smpdb.ca/pathways/#CompoundReference/PW_C000078
http://smpdb.ca/pathways/#CompoundReference/PW_C007837,abstraction:ReactsWith,http://smpdb.ca/pathways/#CompoundReference/PW_C002571
http://smpdb.ca/pathways/#CompoundReference/PW_C000414,abstraction:ReactsWith,http://smpdb.ca/pathways/#CompoundReference/PW_C000090
http://smpdb.ca/pathways/#CompoundReference/PW_C008646,abstraction:ReactsWith,http://smpdb.ca/pathways/#CompoundReference/PW_C001065
http://smpdb.ca/pathways/#GenericCompoundReference/69,abstraction:ReactsWith,http://smpdb.ca/pathways/#CompoundReference/PW_C000870
http://smpdb.ca/pathways/#CompoundReference/PW_C001420,abstraction:ReactsWith,http://smpdb.ca/pathways/#CompoundReference/PW_C001214
http://smpdb.ca/pathways/#CompoundReference/PW_C000414,abstraction:ReactsWith,http://smpdb.ca/pathways/#CompoundReference/PW_C000892
http://smpdb.ca/pathways/#CompoundReference/PW_C001420,abstraction:ReactsWith,http://smpdb.ca/pathways/#CompoundReference/PW_C000969
http://smpdb.ca/pathways/#CompoundReference/PW_C000146,abstraction:ReactsWith,http://smpdb.ca/pathways/#CompoundReference/PW_C022608
http://smpdb.ca/pathways/#CompoundReference/PW_C004971,abstraction:ReactsWith,http://smpdb.ca/pathways/#CompoundReference/PW_C040736
http://smpdb.ca/pathways/#CompoundReference/PW_C001065,abstraction:ReactsWith,http://smpdb.ca/pathways/#CompoundReference/PW_C104656
http://smpdb.ca/pathways/#CompoundReference/PW_C040747,abstraction:ReactsWith,http://smpdb.ca/pathways/#CompoundReference/PW_C043020
http://smpdb.ca/pathways/#CompoundReference/PW_C001916,abstraction:ReactsWith,http://smpdb.ca/pathways/#CompoundReference/PW_C000414
http://smpdb.ca/pathways/#CompoundReference/PW_C000146,abstraction:ReactsWith,http://smpdb.ca/pathways/#CompoundReference/PW_C001216
http://smpdb.ca/pathways/#CompoundReference/PW_C000123,abstraction:ReactsWith,http://smpdb.ca/pathways/#CompoundReference/PW_C001065
http://smpdb.ca/pathways/#CompoundReference/PW_C000968,abstraction:ReactsWith,http://smpdb.ca/pathways/#CompoundReference/PW_C001065
http://smpdb.ca/pathways/#CompoundReference/PW_C000680,abstraction:ReactsWith,http://smpdb.ca/pathways/#CompoundReference/PW_C001221
http://smpdb.ca/pathways/#CompoundReference/PW_C001420,abstraction:ReactsWith,http://smpdb.ca/pathways/#CompoundReference/PW_C041131
http://smpdb.ca/pathways/#CompoundReference/PW_C000746,abstraction:ReactsWith,http://smpdb.ca/pathways/#CompoundReference/PW_C008649
http://smpdb.ca/pathways/#GenericCompoundReference/227,abstraction:ReactsWith,http://smpdb.ca/pathways/#CompoundReference/PW_C057883
http://smpdb.ca/pathways/#CompoundReference/PW_C001034,abstraction:ReactsWith,http://smpdb.ca/pathways/#CompoundReference/PW_C000862
http://smpdb.ca/pathways/#CompoundReference/PW_C040506,abstraction:ReactsWith,http://smpdb.ca/pathways/#CompoundReference/PW_C001420
http://smpdb.ca/pathways/#CompoundReference/PW_C000021,abstraction:ReactsWith,http://smpdb.ca/pathways/#CompoundReference/PW_C000746
http://smpdb.ca/pathways/#CompoundReference/PW_C004838,abstraction:ReactsWith,http://smpdb.ca/pathways/#CompoundReference/PW_C002665
http://smpdb.ca/pathways/#CompoundReference/PW_C000921,abstraction:ReactsWith,http://smpdb.ca/pathways/#CompoundReference/PW_C000838
http://smpdb.ca/pathways/#CompoundReference/PW_C007794,abstraction:ReactsWith,http://smpdb.ca/pathways/#CompoundReference/PW_C000146
http://smpdb.ca/pathways/#CompoundReference/PW_C001447,abstraction:ReactsWith,http://smpdb.ca/pathways/#CompoundReference/PW_C040034
http://smpdb.ca/pathways/#CompoundReference/PW_C000034,abstraction:ReactsWith,http://smpdb.ca/pathways/#CompoundReference/PW_C001104
http://smpdb.ca/pathways/#CompoundReference/PW_C001420,abstraction:ReactsWith,http://smpdb.ca/pathways/#CompoundReference/PW_C096932
http://smpdb.ca/pathways/#CompoundReference/PW_C001420,abstraction:ReactsWith,http://smpdb.ca/pathways/#CompoundReference/PW_C000112
http://smpdb.ca/pathways/#CompoundReference/PW_C000109,abstraction:ReactsWith,http://smpdb.ca/pathways/#CompoundReference/PW_C000414
http://smpdb.ca/pathways/#CompoundReference/PW_C040034,abstraction:ReactsWith,http://smpdb.ca/pathways/#CompoundReference/PW_C001223
http://smpdb.ca/pathways/#CompoundReference/PW_C040034,abstraction:ReactsWith,http://smpdb.ca/pathways/#CompoundReference/PW_C000905
http://smpdb.ca/pathways/#CompoundReference/PW_C057911,abstraction:ReactsWith,http://smpdb.ca/pathways/#CompoundReference/PW_C000146
http://smpdb.ca/pathways/#CompoundReference/PW_C000721,abstraction:ReactsWith,http://smpdb.ca/pathways/#GenericCompoundReference/104
http://smpdb.ca/pathways/#CompoundReference/PW_C007805,abstraction:ReactsWith,http://smpdb.ca/pathways/#CompoundReference/PW_C040034
http://smpdb.ca/pathways/#CompoundReference/PW_C002733,abstraction:ReactsWith,http://smpdb.ca/pathways/#CompoundReference/PW_C000193
http://smpdb.ca/pathways/#CompoundReference/PW_C000146,abstraction:ReactsWith,http://smpdb.ca/pathways/#CompoundReference/PW_C001065
http://smpdb.ca/pathways/#GenericCompoundReference/302,abstraction:ReactsWith,http://smpdb.ca/pathways/#CompoundReference/PW_C010760
http://smpdb.ca/pathways/#CompoundReference/PW_C002021,abstraction:ReactsWith,http://smpdb.ca/pathways/#CompoundReference/PW_C000500
http://smpdb.ca/pathways/#CompoundReference/PW_C000544,abstraction:ReactsWith,http://smpdb.ca/pathways/#CompoundReference/PW_C104653
http://smpdb.ca/pathways/#CompoundReference/PW_C041604,abstraction:ReactsWith,http://smpdb.ca/pathways/#CompoundReference/PW_C040034
http://smpdb.ca/pathways/#CompoundReference/PW_C040924,abstraction:ReactsWith,http://smpdb.ca/pathways/#CompoundReference/PW_C000590
http://smpdb.ca/pathways/#CompoundReference/PW_C001086,abstraction:ReactsWith,http://smpdb.ca/pathways/#CompoundReference/PW_C001420
http://smpdb.ca/pathways/#CompoundReference/PW_C001420,abstraction:ReactsWith,http://smpdb.ca/pathways/#CompoundReference/PW_C045263
http://smpdb.ca/pathways/#CompoundReference/PW_C000201,abstraction:ReactsWith,http://smpdb.ca/pathways/#CompoundReference/PW_C001034
http://smpdb.ca/pathways/#CompoundReference/PW_C040778,abstraction:ReactsWith,http://smpdb.ca/pathways/#CompoundReference/PW_C001065
http://smpdb.ca/pathways/#CompoundReference/PW_C001144,abstraction:ReactsWith,http://smpdb.ca/pathways/#CompoundReference/PW_C008740
http://smpdb.ca/pathways/#CompoundReference/PW_C000414,abstraction:ReactsWith,http://smpdb.ca/pathways/#CompoundReference/PW_C040607
http://smpdb.ca/pathways/#CompoundReference/PW_C040034,abstraction:ReactsWith,http://smpdb.ca/pathways/#CompoundReference/PW_C007752
http://smpdb.ca/pathways/#CompoundReference/PW_C000146,abstraction:ReactsWith,http://smpdb.ca/pathways/#CompoundReference/PW_C016137
http://smpdb.ca/pathways/#CompoundReference/PW_C040034,abstraction:ReactsWith,http://smpdb.ca/pathways/#CompoundReference/PW_C007776
http://smpdb.ca/pathways/#CompoundReference/PW_C000134,abstraction:ReactsWith,http://smpdb.ca/pathways/#CompoundReference/PW_C057939
http://smpdb.ca/pathways/#GenericCompoundReference/530,abstraction:ReactsWith,http://smpdb.ca/pathways/#CompoundReference/PW_C000146
http://smpdb.ca/pathways/#CompoundReference/PW_C000414,abstraction:ReactsWith,http://smpdb.ca/pathways/#CompoundReference/PW_C040506
http://smpdb.ca/pathways/#CompoundReference/PW_C001916,abstraction:ReactsWith,http://smpdb.ca/pathways/#CompoundReference/PW_C001420
http://smpdb.ca/pathways/#GenericCompoundReference/74,abstraction:ReactsWith,http://smpdb.ca/pathways/#CompoundReference/PW_C000120
http://smpdb.ca/pathways/#CompoundReference/PW_C001420,abstraction:ReactsWith,http://smpdb.ca/pathways/#CompoundReference/PW_C040680
http://smpdb.ca/pathways/#CompoundReference/PW_C040996,abstraction:ReactsWith,http://smpdb.ca/pathways/#CompoundReference/PW_C040763
http://smpdb.ca/pathways/#CompoundReference/PW_C001015,abstraction:ReactsWith,http://smpdb.ca/pathways/#CompoundReference/PW_C000143
http://smpdb.ca/pathways/#CompoundReference/PW_C059077,abstraction:ReactsWith,http://smpdb.ca/pathways/#CompoundReference/PW_C001144
http://smpdb.ca/pathways/#CompoundReference/PW_C001099,abstraction:ReactsWith,http://smpdb.ca/pathways/#CompoundReference/PW_C000174
http://smpdb.ca/pathways/#CompoundReference/PW_C000869,abstraction:ReactsWith,http://smpdb.ca/pathways/#CompoundReference/PW_C040034
http://smpdb.ca/pathways/#GenericCompoundReference/238,abstraction:ReactsWith,http://smpdb.ca/pathways/#CompoundReference/PW_C000944
http://smpdb.ca/pathways/#CompoundReference/PW_C000146,abstraction:ReactsWith,http://smpdb.ca/pathways/#CompoundReference/PW_C002145
http://smpdb.ca/pathways/#CompoundReference/PW_C007097,abstraction:ReactsWith,http://smpdb.ca/pathways/#CompoundReference/PW_C000414
http://smpdb.ca/pathways/#CompoundReference/PW_C001034,abstraction:ReactsWith,http://smpdb.ca/pathways/#CompoundReference/PW_C000644
http://smpdb.ca/pathways/#CompoundReference/PW_C000035,abstraction:ReactsWith,http://smpdb.ca/pathways/#CompoundReference/PW_C000500
http://smpdb.ca/pathways/#CompoundReference/PW_C001065,abstraction:ReactsWith,http://smpdb.ca/pathways/#CompoundReference/PW_C002963
http://smpdb.ca/pathways/#CompoundReference/PW_C044543,abstraction:ReactsWith,http://smpdb.ca/pathways/#CompoundReference/PW_C040034
http://smpdb.ca/pathways/#CompoundReference/PW_C040034,abstraction:ReactsWith,http://smpdb.ca/pathways/#CompoundReference/PW_C007305
http://smpdb.ca/pathways/#CompoundReference/PW_C040034,abstraction:ReactsWith,http://smpdb.ca/pathways/#CompoundReference/PW_C057870
http://smpdb.ca/pathways/#CompoundReference/PW_C001420,abstraction:ReactsWith,http://smpdb.ca/pathways/#CompoundReference/PW_C001452
http://smpdb.ca/pathways/#CompoundReference/PW_C001065,abstraction:ReactsWith,http://smpdb.ca/pathways/#CompoundReference/PW_C057940
http://smpdb.ca/pathways/#CompoundReference/PW_C001420,abstraction:ReactsWith,http://smpdb.ca/pathways/#CompoundReference/PW_C001925
http://smpdb.ca/pathways/#CompoundReference/PW_C000396,abstraction:ReactsWith,http://smpdb.ca/pathways/#CompoundReference/PW_C000146
http://smpdb.ca/pathways/#CompoundReference/PW_C057930,abstraction:ReactsWith,http://smpdb.ca/pathways/#CompoundReference/PW_C000964
http://smpdb.ca/pathways/#CompoundReference/PW_C002029,abstraction:ReactsWith,http://smpdb.ca/pathways/#CompoundReference/PW_C001420
http://smpdb.ca/pathways/#CompoundReference/PW_C000414,abstraction:ReactsWith,http://smpdb.ca/pathways/#CompoundReference/PW_C042615
http://smpdb.ca/pathways/#CompoundReference/PW_C041508,abstraction:ReactsWith,http://smpdb.ca/pathways/#CompoundReference/PW_C001420
http://smpdb.ca/pathways/#CompoundReference/PW_C001146,abstraction:ReactsWith,http://smpdb.ca/pathways/#CompoundReference/PW_C000024
http://smpdb.ca/pathways/#CompoundReference/PW_C001007,abstraction:ReactsWith,http://smpdb.ca/pathways/#CompoundReference/PW_C001221
http://smpdb.ca/pathways/#CompoundReference/PW_C040827,abstraction:ReactsWith,http://smpdb.ca/pathways/#CompoundReference/PW_C001420
http://smpdb.ca/pathways/#CompoundReference/PW_C000146,abstraction:ReactsWith,http://smpdb.ca/pathways/#CompoundReference/PW_C001680
http://smpdb.ca/pathways/#CompoundReference/PW_C001420,abstraction:ReactsWith,http://smpdb.ca/pathways/#CompoundReference/PW_C000833
http://smpdb.ca/pathways/#CompoundReference/PW_C040034,abstraction:ReactsWith,http://smpdb.ca/pathways/#CompoundReference/PW_C043020
http://smpdb.ca/pathways/#CompoundReference/PW_C000098,abstraction:ReactsWith,http://smpdb.ca/pathways/#CompoundReference/PW_C000146
http://smpdb.ca/pathways/#CompoundReference/PW_C001420,abstraction:ReactsWith,http://smpdb.ca/pathways/#CompoundReference/PW_C000790
http://smpdb.ca/pathways/#CompoundReference/PW_C009523,abstraction:ReactsWith,http://smpdb.ca/pathways/#CompoundReference/PW_C001420
http://smpdb.ca/pathways/#CompoundReference/PW_C000095,abstraction:ReactsWith,http://smpdb.ca/pathways/#CompoundReference/PW_C002954
http://smpdb.ca/pathways/#CompoundReference/PW_C002066,abstraction:ReactsWith,http://smpdb.ca/pathways/#CompoundReference/PW_C000120
http://smpdb.ca/pathways/#CompoundReference/PW_C042594,abstraction:ReactsWith,http://smpdb.ca/pathways/#CompoundReference/PW_C001420
http://smpdb.ca/pathways/#CompoundReference/PW_C059074,abstraction:ReactsWith,http://smpdb.ca/pathways/#CompoundReference/PW_C001420
http://smpdb.ca/pathways/#CompoundReference/PW_C000096,abstraction:ReactsWith,http://smpdb.ca/pathways/#CompoundReference/PW_C000414
http://smpdb.ca/pathways/#CompoundReference/PW_C001420,abstraction:ReactsWith,http://smpdb.ca/pathways/#CompoundReference/PW_C003004
http://smpdb.ca/pathways/#CompoundReference/PW_C000892,abstraction:ReactsWith,http://smpdb.ca/pathways/#CompoundReference/PW_C000414
http://smpdb.ca/pathways/#CompoundReference/PW_C000414,abstraction:ReactsWith,http://smpdb.ca/pathways/#CompoundReference/PW_C009057
http://smpdb.ca/pathways/#CompoundReference/PW_C001420,abstraction:ReactsWith,http://smpdb.ca/pathways/#CompoundReference/PW_C001935
http://smpdb.ca/pathways/#GenericCompoundReference/254,abstraction:ReactsWith,http://smpdb.ca/pathways/#CompoundReference/PW_C001099
http://smpdb.ca/pathways/#CompoundReference/PW_C001144,abstraction:ReactsWith,http://smpdb.ca/pathways/#CompoundReference/PW_C000047
http://smpdb.ca/pathways/#CompoundReference/PW_C000768,abstraction:ReactsWith,http://smpdb.ca/pathways/#CompoundReference/PW_C000146
http://smpdb.ca/pathways/#CompoundReference/PW_C040683,abstraction:ReactsWith,http://smpdb.ca/pathways/#CompoundReference/PW_C000414
http://smpdb.ca/pathways/#CompoundReference/PW_C007743,abstraction:ReactsWith,http://smpdb.ca/pathways/#CompoundReference/PW_C040034
http://smpdb.ca/pathways/#CompoundReference/PW_C001144,abstraction:ReactsWith,http://smpdb.ca/pathways/#CompoundReference/PW_C000134
http://smpdb.ca/pathways/#CompoundReference/PW_C006749,abstraction:ReactsWith,http://smpdb.ca/pathways/#CompoundReference/PW_C041129
http://smpdb.ca/pathways/#CompoundReference/PW_C000921,abstraction:ReactsWith,http://smpdb.ca/pathways/#CompoundReference/PW_C045267
http://smpdb.ca/pathways/#CompoundReference/PW_C007097,abstraction:ReactsWith,http://smpdb.ca/pathways/#CompoundReference/PW_C001420
http://smpdb.ca/pathways/#CompoundReference/PW_C000448,abstraction:ReactsWith,http://smpdb.ca/pathways/#CompoundReference/PW_C000414
http://smpdb.ca/pathways/#CompoundReference/PW_C000092,abstraction:ReactsWith,http://smpdb.ca/pathways/#CompoundReference/PW_C000414
http://smpdb.ca/pathways/#CompoundReference/PW_C000146,abstraction:ReactsWith,http://smpdb.ca/pathways/#CompoundReference/PW_C002008
http://smpdb.ca/pathways/#CompoundReference/PW_C000721,abstraction:ReactsWith,http://smpdb.ca/pathways/#CompoundReference/PW_C008527
http://smpdb.ca/pathways/#CompoundReference/PW_C001065,abstraction:ReactsWith,http://smpdb.ca/pathways/#CompoundReference/PW_C001707
http://smpdb.ca/pathways/#CompoundReference/PW_C057934,abstraction:ReactsWith,http://smpdb.ca/pathways/#CompoundReference/PW_C000146
http://smpdb.ca/pathways/#CompoundReference/PW_C000988,abstraction:ReactsWith,http://smpdb.ca/pathways/#CompoundReference/PW_C000044
http://smpdb.ca/pathways/#CompoundReference/PW_C006753,abstraction:ReactsWith,http://smpdb.ca/pathways/#CompoundReference/PW_C001099
http://smpdb.ca/pathways/#CompoundReference/PW_C000159,abstraction:ReactsWith,http://smpdb.ca/pathways/#CompoundReference/PW_C000414
http://smpdb.ca/pathways/#CompoundReference/PW_C000035,abstraction:ReactsWith,http://smpdb.ca/pathways/#CompoundReference/PW_C000114
http://smpdb.ca/pathways/#CompoundReference/PW_C000921,abstraction:ReactsWith,http://smpdb.ca/pathways/#CompoundReference/PW_C000986
http://smpdb.ca/pathways/#CompoundReference/PW_C001420,abstraction:ReactsWith,http://smpdb.ca/pathways/#CompoundReference/PW_C042912
http://smpdb.ca/pathways/#CompoundReference/PW_C001065,abstraction:ReactsWith,http://smpdb.ca/pathways/#CompoundReference/PW_C012051
http://smpdb.ca/pathways/#CompoundReference/PW_C001151,abstraction:ReactsWith,http://smpdb.ca/pathways/#CompoundReference/PW_C001420
http://smpdb.ca/pathways/#CompoundReference/PW_C000871,abstraction:ReactsWith,http://smpdb.ca/pathways/#GenericCompoundReference/69
http://smpdb.ca/pathways/#CompoundReference/PW_C002974,abstraction:ReactsWith,http://smpdb.ca/pathways/#CompoundReference/PW_C040034
http://smpdb.ca/pathways/#CompoundReference/PW_C000146,abstraction:ReactsWith,http://smpdb.ca/pathways/#CompoundReference/PW_C001924
http://smpdb.ca/pathways/#CompoundReference/PW_C001065,abstraction:ReactsWith,http://smpdb.ca/pathways/#CompoundReference/PW_C000070
http://smpdb.ca/pathways/#CompoundReference/PW_C000414,abstraction:ReactsWith,http://smpdb.ca/pathways/#CompoundReference/PW_C000028
http://smpdb.ca/pathways/#GenericCompoundReference/228,abstraction:ReactsWith,http://smpdb.ca/pathways/#CompoundReference/PW_C040836
http://smpdb.ca/pathways/#CompoundReference/PW_C007727,abstraction:ReactsWith,http://smpdb.ca/pathways/#CompoundReference/PW_C000544
http://smpdb.ca/pathways/#CompoundReference/PW_C096950,abstraction:ReactsWith,http://smpdb.ca/pathways/#CompoundReference/PW_C001144
http://smpdb.ca/pathways/#CompoundReference/PW_C000892,abstraction:ReactsWith,http://smpdb.ca/pathways/#CompoundReference/PW_C001420
http://smpdb.ca/pathways/#CompoundReference/PW_C042624,abstraction:ReactsWith,http://smpdb.ca/pathways/#CompoundReference/PW_C000986
http://smpdb.ca/pathways/#CompoundReference/PW_C000414,abstraction:ReactsWith,http://smpdb.ca/pathways/#CompoundReference/PW_C001007
http://smpdb.ca/pathways/#CompoundReference/PW_C000886,abstraction:ReactsWith,http://smpdb.ca/pathways/#GenericCompoundReference/73
http://smpdb.ca/pathways/#CompoundReference/PW_C001420,abstraction:ReactsWith,http://smpdb.ca/pathways/#CompoundReference/PW_C001864
http://smpdb.ca/pathways/#CompoundReference/PW_C008834,abstraction:ReactsWith,http://smpdb.ca/pathways/#CompoundReference/PW_C000414
http://smpdb.ca/pathways/#CompoundReference/PW_C001989,abstraction:ReactsWith,http://smpdb.ca/pathways/#CompoundReference/PW_C040034
http://smpdb.ca/pathways/#CompoundReference/PW_C000143,abstraction:ReactsWith,http://smpdb.ca/pathways/#CompoundReference/PW_C001388
http://smpdb.ca/pathways/#CompoundReference/PW_C040683,abstraction:ReactsWith,http://smpdb.ca/pathways/#CompoundReference/PW_C001420
http://smpdb.ca/pathways/#CompoundReference/PW_C001420,abstraction:ReactsWith,http://smpdb.ca/pathways/#CompoundReference/PW_C006078
http://smpdb.ca/pathways/#CompoundReference/PW_C003011,abstraction:ReactsWith,http://smpdb.ca/pathways/#CompoundReference/PW_C040034
http://smpdb.ca/pathways/#CompoundReference/PW_C000143,abstraction:ReactsWith,http://smpdb.ca/pathways/#CompoundReference/PW_C000098
http://smpdb.ca/pathways/#GenericCompoundReference/299,abstraction:ReactsWith,http://smpdb.ca/pathways/#CompoundReference/PW_C001707
http://smpdb.ca/pathways/#CompoundReference/PW_C000721,abstraction:ReactsWith,http://smpdb.ca/pathways/#CompoundReference/PW_C014766
http://smpdb.ca/pathways/#CompoundReference/PW_C001316,abstraction:ReactsWith,http://smpdb.ca/pathways/#CompoundReference/PW_C000164
http://smpdb.ca/pathways/#CompoundReference/PW_C000146,abstraction:ReactsWith,http://smpdb.ca/pathways/#GenericCompoundReference/72
http://smpdb.ca/pathways/#CompoundReference/PW_C001047,abstraction:ReactsWith,http://smpdb.ca/pathways/#CompoundReference/PW_C000721
http://smpdb.ca/pathways/#CompoundReference/PW_C000721,abstraction:ReactsWith,http://smpdb.ca/pathways/#CompoundReference/PW_C041627
http://smpdb.ca/pathways/#CompoundReference/PW_C001598,abstraction:ReactsWith,http://smpdb.ca/pathways/#CompoundReference/PW_C040034
http://smpdb.ca/pathways/#CompoundReference/PW_C001065,abstraction:ReactsWith,http://smpdb.ca/pathways/#CompoundReference/PW_C007694
http://smpdb.ca/pathways/#CompoundReference/PW_C000448,abstraction:ReactsWith,http://smpdb.ca/pathways/#CompoundReference/PW_C001420
http://smpdb.ca/pathways/#CompoundReference/PW_C000146,abstraction:ReactsWith,http://smpdb.ca/pathways/#CompoundReference/PW_C000178
http://smpdb.ca/pathways/#CompoundReference/PW_C009153,abstraction:ReactsWith,http://smpdb.ca/pathways/#CompoundReference/PW_C001065
http://smpdb.ca/pathways/#CompoundReference/PW_C000190,abstraction:ReactsWith,http://smpdb.ca/pathways/#CompoundReference/PW_C000877
http://smpdb.ca/pathways/#CompoundReference/PW_C000721,abstraction:ReactsWith,http://smpdb.ca/pathways/#CompoundReference/PW_C040032
http://smpdb.ca/pathways/#CompoundReference/PW_C001065,abstraction:ReactsWith,http://smpdb.ca/pathways/#CompoundReference/PW_C104650
http://smpdb.ca/pathways/#CompoundReference/PW_C000170,abstraction:ReactsWith,http://smpdb.ca/pathways/#CompoundReference/PW_C001034
http://smpdb.ca/pathways/#CompoundReference/PW_C000721,abstraction:ReactsWith,http://smpdb.ca/pathways/#CompoundReference/PW_C001037
http://smpdb.ca/pathways/#CompoundReference/PW_C000414,abstraction:ReactsWith,http://smpdb.ca/pathways/#CompoundReference/PW_C001912
http://smpdb.ca/pathways/#CompoundReference/PW_C001420,abstraction:ReactsWith,http://smpdb.ca/pathways/#GenericCompoundReference/230
http://smpdb.ca/pathways/#CompoundReference/PW_C007216,abstraction:ReactsWith,http://smpdb.ca/pathways/#CompoundReference/PW_C001065
http://smpdb.ca/pathways/#CompoundReference/PW_C000134,abstraction:ReactsWith,http://smpdb.ca/pathways/#CompoundReference/PW_C057940
http://smpdb.ca/pathways/#CompoundReference/PW_C001099,abstraction:ReactsWith,http://smpdb.ca/pathways/#CompoundReference/PW_C104738
http://smpdb.ca/pathways/#CompoundReference/PW_C044588,abstraction:ReactsWith,http://smpdb.ca/pathways/#CompoundReference/PW_C040034
http://smpdb.ca/pathways/#CompoundReference/PW_C001207,abstraction:ReactsWith,http://smpdb.ca/pathways/#CompoundReference/PW_C000206
http://smpdb.ca/pathways/#CompoundReference/PW_C000095,abstraction:ReactsWith,http://smpdb.ca/pathways/#CompoundReference/PW_C000012
http://smpdb.ca/pathways/#CompoundReference/PW_C000830,abstraction:ReactsWith,http://smpdb.ca/pathways/#CompoundReference/PW_C007778
http://smpdb.ca/pathways/#CompoundReference/PW_C001420,abstraction:ReactsWith,http://smpdb.ca/pathways/#CompoundReference/PW_C000988
http://smpdb.ca/pathways/#CompoundReference/PW_C002389,abstraction:ReactsWith,http://smpdb.ca/pathways/#CompoundReference/PW_C001065
http://smpdb.ca/pathways/#CompoundReference/PW_C012051,abstraction:ReactsWith,http://smpdb.ca/pathways/#CompoundReference/PW_C000146
http://smpdb.ca/pathways/#CompoundReference/PW_C000544,abstraction:ReactsWith,http://smpdb.ca/pathways/#CompoundReference/PW_C000163
http://smpdb.ca/pathways/#CompoundReference/PW_C000134,abstraction:ReactsWith,http://smpdb.ca/pathways/#CompoundReference/PW_C000040
http://smpdb.ca/pathways/#CompoundReference/PW_C001420,abstraction:ReactsWith,http://smpdb.ca/pathways/#GenericCompoundReference/53
http://smpdb.ca/pathways/#CompoundReference/PW_C040034,abstraction:ReactsWith,http://smpdb.ca/pathways/#CompoundReference/PW_C002680
http://smpdb.ca/pathways/#CompoundReference/PW_C002043,abstraction:ReactsWith,http://smpdb.ca/pathways/#CompoundReference/PW_C001420
http://smpdb.ca/pathways/#CompoundReference/PW_C000627,abstraction:ReactsWith,http://smpdb.ca/pathways/#CompoundReference/PW_C000103
http://smpdb.ca/pathways/#CompoundReference/PW_C040034,abstraction:ReactsWith,http://smpdb.ca/pathways/#CompoundReference/PW_C001706
http://smpdb.ca/pathways/#CompoundReference/PW_C001221,abstraction:ReactsWith,http://smpdb.ca/pathways/#CompoundReference/PW_C000680
http://smpdb.ca/pathways/#CompoundReference/PW_C000414,abstraction:ReactsWith,http://smpdb.ca/pathways/#CompoundReference/PW_C001060
http://smpdb.ca/pathways/#CompoundReference/PW_C040034,abstraction:ReactsWith,http://smpdb.ca/pathways/#CompoundReference/PW_C002783
http://smpdb.ca/pathways/#CompoundReference/PW_C000414,abstraction:ReactsWith,http://smpdb.ca/pathways/#CompoundReference/PW_C040606
http://smpdb.ca/pathways/#CompoundReference/PW_C001144,abstraction:ReactsWith,http://smpdb.ca/pathways/#CompoundReference/PW_C041683
http://smpdb.ca/pathways/#CompoundReference/PW_C000774,abstraction:ReactsWith,http://smpdb.ca/pathways/#CompoundReference/PW_C001007
http://smpdb.ca/pathways/#GenericCompoundReference/550,abstraction:ReactsWith,http://smpdb.ca/pathways/#GenericCompoundReference/551
http://smpdb.ca/pathways/#CompoundReference/PW_C002667,abstraction:ReactsWith,http://smpdb.ca/pathways/#CompoundReference/PW_C001420
http://smpdb.ca/pathways/#CompoundReference/PW_C000414,abstraction:ReactsWith,http://smpdb.ca/pathways/#CompoundReference/PW_C040511
http://smpdb.ca/pathways/#CompoundReference/PW_C041195,abstraction:ReactsWith,http://smpdb.ca/pathways/#CompoundReference/PW_C000080
http://smpdb.ca/pathways/#CompoundReference/PW_C000146,abstraction:ReactsWith,http://smpdb.ca/pathways/#GenericCompoundReference/530
http://smpdb.ca/pathways/#CompoundReference/PW_C002971,abstraction:ReactsWith,http://smpdb.ca/pathways/#CompoundReference/PW_C040034
http://smpdb.ca/pathways/#CompoundReference/PW_C001099,abstraction:ReactsWith,http://smpdb.ca/pathways/#CompoundReference/PW_C001985
http://smpdb.ca/pathways/#CompoundReference/PW_C001035,abstraction:ReactsWith,http://smpdb.ca/pathways/#CompoundReference/PW_C041033
http://smpdb.ca/pathways/#CompoundReference/PW_C000146,abstraction:ReactsWith,http://smpdb.ca/pathways/#CompoundReference/PW_C045257
http://smpdb.ca/pathways/#CompoundReference/PW_C002937,abstraction:ReactsWith,http://smpdb.ca/pathways/#CompoundReference/PW_C000134
http://smpdb.ca/pathways/#CompoundReference/PW_C000749,abstraction:ReactsWith,http://smpdb.ca/pathways/#CompoundReference/PW_C001420
http://smpdb.ca/pathways/#CompoundReference/PW_C001065,abstraction:ReactsWith,http://smpdb.ca/pathways/#CompoundReference/PW_C041100
http://smpdb.ca/pathways/#CompoundReference/PW_C001045,abstraction:ReactsWith,http://smpdb.ca/pathways/#CompoundReference/PW_C001420
http://smpdb.ca/pathways/#CompoundReference/PW_C000180,abstraction:ReactsWith,http://smpdb.ca/pathways/#CompoundReference/PW_C001019
http://smpdb.ca/pathways/#CompoundReference/PW_C000414,abstraction:ReactsWith,http://smpdb.ca/pathways/#CompoundReference/PW_C040083
http://smpdb.ca/pathways/#CompoundReference/PW_C000164,abstraction:ReactsWith,http://smpdb.ca/pathways/#CompoundReference/PW_C000869
http://smpdb.ca/pathways/#CompoundReference/PW_C002147,abstraction:ReactsWith,http://smpdb.ca/pathways/#CompoundReference/PW_C000414
http://smpdb.ca/pathways/#CompoundReference/PW_C007816,abstraction:ReactsWith,http://smpdb.ca/pathways/#CompoundReference/PW_C001065
http://smpdb.ca/pathways/#CompoundReference/PW_C040034,abstraction:ReactsWith,http://smpdb.ca/pathways/#CompoundReference/PW_C041604
http://smpdb.ca/pathways/#CompoundReference/PW_C040544,abstraction:ReactsWith,http://smpdb.ca/pathways/#CompoundReference/PW_C001420
http://smpdb.ca/pathways/#CompoundReference/PW_C040828,abstraction:ReactsWith,http://smpdb.ca/pathways/#CompoundReference/PW_C000414
http://smpdb.ca/pathways/#CompoundReference/PW_C000209,abstraction:ReactsWith,http://smpdb.ca/pathways/#CompoundReference/PW_C000940
http://smpdb.ca/pathways/#CompoundReference/PW_C002180,abstraction:ReactsWith,http://smpdb.ca/pathways/#CompoundReference/PW_C001065
http://smpdb.ca/pathways/#CompoundReference/PW_C000146,abstraction:ReactsWith,http://smpdb.ca/pathways/#CompoundReference/PW_C044540
http://smpdb.ca/pathways/#CompoundReference/PW_C000273,abstraction:ReactsWith,http://smpdb.ca/pathways/#CompoundReference/PW_C001065
http://smpdb.ca/pathways/#CompoundReference/PW_C040034,abstraction:ReactsWith,http://smpdb.ca/pathways/#CompoundReference/PW_C041152
http://smpdb.ca/pathways/#CompoundReference/PW_C000721,abstraction:ReactsWith,http://smpdb.ca/pathways/#CompoundReference/PW_C002006
http://smpdb.ca/pathways/#CompoundReference/PW_C000414,abstraction:ReactsWith,http://smpdb.ca/pathways/#CompoundReference/PW_C040762
http://smpdb.ca/pathways/#CompoundReference/PW_C040736,abstraction:ReactsWith,http://smpdb.ca/pathways/#CompoundReference/PW_C043150
http://smpdb.ca/pathways/#CompoundReference/PW_C057892,abstraction:ReactsWith,http://smpdb.ca/pathways/#CompoundReference/PW_C040034
http://smpdb.ca/pathways/#CompoundReference/PW_C022608,abstraction:ReactsWith,http://smpdb.ca/pathways/#CompoundReference/PW_C041563
http://smpdb.ca/pathways/#CompoundReference/PW_C044548,abstraction:ReactsWith,http://smpdb.ca/pathways/#CompoundReference/PW_C040034
http://smpdb.ca/pathways/#CompoundReference/PW_C000040,abstraction:ReactsWith,http://smpdb.ca/pathways/#CompoundReference/PW_C000134
http://smpdb.ca/pathways/#CompoundReference/PW_C000015,abstraction:ReactsWith,http://smpdb.ca/pathways/#CompoundReference/PW_C001065
http://smpdb.ca/pathways/#CompoundReference/PW_C000808,abstraction:ReactsWith,http://smpdb.ca/pathways/#CompoundReference/PW_C000782
http://smpdb.ca/pathways/#CompoundReference/PW_C000114,abstraction:ReactsWith,http://smpdb.ca/pathways/#CompoundReference/PW_C000986
http://smpdb.ca/pathways/#CompoundReference/PW_C006717,abstraction:ReactsWith,http://smpdb.ca/pathways/#CompoundReference/PW_C000886
http://smpdb.ca/pathways/#CompoundReference/PW_C000126,abstraction:ReactsWith,http://smpdb.ca/pathways/#CompoundReference/PW_C001420
http://smpdb.ca/pathways/#CompoundReference/PW_C000721,abstraction:ReactsWith,http://smpdb.ca/pathways/#CompoundReference/PW_C000173
http://smpdb.ca/pathways/#CompoundReference/PW_C006709,abstraction:ReactsWith,http://smpdb.ca/pathways/#CompoundReference/PW_C001420
http://smpdb.ca/pathways/#CompoundReference/PW_C001144,abstraction:ReactsWith,http://smpdb.ca/pathways/#CompoundReference/PW_C040962
http://smpdb.ca/pathways/#CompoundReference/PW_C000414,abstraction:ReactsWith,http://smpdb.ca/pathways/#CompoundReference/PW_C002019
http://smpdb.ca/pathways/#CompoundReference/PW_C042908,abstraction:ReactsWith,http://smpdb.ca/pathways/#CompoundReference/PW_C001087
http://smpdb.ca/pathways/#CompoundReference/PW_C001148,abstraction:ReactsWith,http://smpdb.ca/pathways/#CompoundReference/PW_C001420
http://smpdb.ca/pathways/#CompoundReference/PW_C000146,abstraction:ReactsWith,http://smpdb.ca/pathways/#CompoundReference/PW_C000037
http://smpdb.ca/pathways/#CompoundReference/PW_C000882,abstraction:ReactsWith,http://smpdb.ca/pathways/#CompoundReference/PW_C000170
http://smpdb.ca/pathways/#CompoundReference/PW_C000544,abstraction:ReactsWith,http://smpdb.ca/pathways/#CompoundReference/PW_C000908
http://smpdb.ca/pathways/#CompoundReference/PW_C000921,abstraction:ReactsWith,http://smpdb.ca/pathways/#CompoundReference/PW_C000116
http://smpdb.ca/pathways/#CompoundReference/PW_C000106,abstraction:ReactsWith,http://smpdb.ca/pathways/#CompoundReference/PW_C001860
http://smpdb.ca/pathways/#CompoundReference/PW_C000414,abstraction:ReactsWith,http://smpdb.ca/pathways/#CompoundReference/PW_C000741
http://smpdb.ca/pathways/#CompoundReference/PW_C007800,abstraction:ReactsWith,http://smpdb.ca/pathways/#CompoundReference/PW_C000901
http://smpdb.ca/pathways/#CompoundReference/PW_C002680,abstraction:ReactsWith,http://smpdb.ca/pathways/#CompoundReference/PW_C000721
http://smpdb.ca/pathways/#CompoundReference/PW_C000134,abstraction:ReactsWith,http://smpdb.ca/pathways/#CompoundReference/PW_C000112
http://smpdb.ca/pathways/#CompoundReference/PW_C000795,abstraction:ReactsWith,http://smpdb.ca/pathways/#CompoundReference/PW_C000143
http://smpdb.ca/pathways/#CompoundReference/PW_C104650,abstraction:ReactsWith,http://smpdb.ca/pathways/#CompoundReference/PW_C001065
http://smpdb.ca/pathways/#CompoundReference/PW_C001216,abstraction:ReactsWith,http://smpdb.ca/pathways/#GenericCompoundReference/40
http://smpdb.ca/pathways/#CompoundReference/PW_C001420,abstraction:ReactsWith,http://smpdb.ca/pathways/#CompoundReference/PW_C007752
http://smpdb.ca/pathways/#CompoundReference/PW_C001783,abstraction:ReactsWith,http://smpdb.ca/pathways/#CompoundReference/PW_C040034
http://smpdb.ca/pathways/#CompoundReference/PW_C001051,abstraction:ReactsWith,http://smpdb.ca/pathways/#CompoundReference/PW_C002365
http://smpdb.ca/pathways/#CompoundReference/PW_C040713,abstraction:ReactsWith,http://smpdb.ca/pathways/#CompoundReference/PW_C000721
http://smpdb.ca/pathways/#CompoundReference/PW_C001420,abstraction:ReactsWith,http://smpdb.ca/pathways/#CompoundReference/PW_C007776
http://smpdb.ca/pathways/#CompoundReference/PW_C000993,abstraction:ReactsWith,http://smpdb.ca/pathways/#CompoundReference/PW_C001039
http://smpdb.ca/pathways/#CompoundReference/PW_C001144,abstraction:ReactsWith,http://smpdb.ca/pathways/#CompoundReference/PW_C000500
http://smpdb.ca/pathways/#CompoundReference/PW_C001000,abstraction:ReactsWith,http://smpdb.ca/pathways/#CompoundReference/PW_C001104
http://smpdb.ca/pathways/#CompoundReference/PW_C001099,abstraction:ReactsWith,http://smpdb.ca/pathways/#CompoundReference/PW_C002978
http://smpdb.ca/pathways/#CompoundReference/PW_C000095,abstraction:ReactsWith,http://smpdb.ca/pathways/#CompoundReference/PW_C042658
http://smpdb.ca/pathways/#CompoundReference/PW_C040841,abstraction:ReactsWith,http://smpdb.ca/pathways/#CompoundReference/PW_C040829
http://smpdb.ca/pathways/#CompoundReference/PW_C000146,abstraction:ReactsWith,http://smpdb.ca/pathways/#CompoundReference/PW_C003010
http://smpdb.ca/pathways/#CompoundReference/PW_C009240,abstraction:ReactsWith,http://smpdb.ca/pathways/#CompoundReference/PW_C000746
http://smpdb.ca/pathways/#CompoundReference/PW_C001065,abstraction:ReactsWith,http://smpdb.ca/pathways/#CompoundReference/PW_C001864
http://smpdb.ca/pathways/#CompoundReference/PW_C000414,abstraction:ReactsWith,http://smpdb.ca/pathways/#CompoundReference/PW_C002063
http://smpdb.ca/pathways/#CompoundReference/PW_C001969,abstraction:ReactsWith,http://smpdb.ca/pathways/#CompoundReference/PW_C000721
http://smpdb.ca/pathways/#CompoundReference/PW_C001178,abstraction:ReactsWith,http://smpdb.ca/pathways/#CompoundReference/PW_C040034
http://smpdb.ca/pathways/#CompoundReference/PW_C044524,abstraction:ReactsWith,http://smpdb.ca/pathways/#CompoundReference/PW_C001420
http://smpdb.ca/pathways/#CompoundReference/PW_C001686,abstraction:ReactsWith,http://smpdb.ca/pathways/#CompoundReference/PW_C040034
http://smpdb.ca/pathways/#CompoundReference/PW_C001144,abstraction:ReactsWith,http://smpdb.ca/pathways/#CompoundReference/PW_C014903
http://smpdb.ca/pathways/#CompoundReference/PW_C008122,abstraction:ReactsWith,http://smpdb.ca/pathways/#CompoundReference/PW_C002151
http://smpdb.ca/pathways/#CompoundReference/PW_C001065,abstraction:ReactsWith,http://smpdb.ca/pathways/#CompoundReference/PW_C040597
http://smpdb.ca/pathways/#CompoundReference/PW_C000921,abstraction:ReactsWith,http://smpdb.ca/pathways/#CompoundReference/PW_C045272
http://smpdb.ca/pathways/#CompoundReference/PW_C002727,abstraction:ReactsWith,http://smpdb.ca/pathways/#CompoundReference/PW_C040920
http://smpdb.ca/pathways/#CompoundReference/PW_C001420,abstraction:ReactsWith,http://smpdb.ca/pathways/#CompoundReference/PW_C057870
http://smpdb.ca/pathways/#CompoundReference/PW_C001034,abstraction:ReactsWith,http://smpdb.ca/pathways/#CompoundReference/PW_C001070
http://smpdb.ca/pathways/#CompoundReference/PW_C104780,abstraction:ReactsWith,http://smpdb.ca/pathways/#GenericCompoundReference/302
http://smpdb.ca/pathways/#CompoundReference/PW_C000057,abstraction:ReactsWith,http://smpdb.ca/pathways/#CompoundReference/PW_C044506
http://smpdb.ca/pathways/#CompoundReference/PW_C000414,abstraction:ReactsWith,http://smpdb.ca/pathways/#CompoundReference/PW_C000923
http://smpdb.ca/pathways/#CompoundReference/PW_C000164,abstraction:ReactsWith,http://smpdb.ca/pathways/#CompoundReference/PW_C000590
http://smpdb.ca/pathways/#CompoundReference/PW_C001065,abstraction:ReactsWith,http://smpdb.ca/pathways/#CompoundReference/PW_C009391
http://smpdb.ca/pathways/#CompoundReference/PW_C006774,abstraction:ReactsWith,http://smpdb.ca/pathways/#CompoundReference/PW_C000080
http://smpdb.ca/pathways/#CompoundReference/PW_C008639,abstraction:ReactsWith,http://smpdb.ca/pathways/#CompoundReference/PW_C001099
http://smpdb.ca/pathways/#CompoundReference/PW_C044573,abstraction:ReactsWith,http://smpdb.ca/pathways/#CompoundReference/PW_C001065
http://smpdb.ca/pathways/#CompoundReference/PW_C000590,abstraction:ReactsWith,http://smpdb.ca/pathways/#CompoundReference/PW_C007732
http://smpdb.ca/pathways/#CompoundReference/PW_C041546,abstraction:ReactsWith,http://smpdb.ca/pathways/#CompoundReference/PW_C001051
http://smpdb.ca/pathways/#CompoundReference/PW_C040034,abstraction:ReactsWith,http://smpdb.ca/pathways/#CompoundReference/PW_C000982
http://smpdb.ca/pathways/#CompoundReference/PW_C000808,abstraction:ReactsWith,http://smpdb.ca/pathways/#CompoundReference/PW_C040839
http://smpdb.ca/pathways/#CompoundReference/PW_C042673,abstraction:ReactsWith,http://smpdb.ca/pathways/#CompoundReference/PW_C040034
http://smpdb.ca/pathways/#GenericCompoundReference/256,abstraction:ReactsWith,http://smpdb.ca/pathways/#GenericCompoundReference/147
http://smpdb.ca/pathways/#CompoundReference/PW_C040034,abstraction:ReactsWith,http://smpdb.ca/pathways/#CompoundReference/PW_C001249
http://smpdb.ca/pathways/#CompoundReference/PW_C000774,abstraction:ReactsWith,http://smpdb.ca/pathways/#CompoundReference/PW_C000143
http://smpdb.ca/pathways/#CompoundReference/PW_C009457,abstraction:ReactsWith,http://smpdb.ca/pathways/#CompoundReference/PW_C001065
http://smpdb.ca/pathways/#CompoundReference/PW_C041554,abstraction:ReactsWith,http://smpdb.ca/pathways/#CompoundReference/PW_C001420
http://smpdb.ca/pathways/#CompoundReference/PW_C000721,abstraction:ReactsWith,http://smpdb.ca/pathways/#CompoundReference/PW_C000414
http://smpdb.ca/pathways/#CompoundReference/PW_C000143,abstraction:ReactsWith,http://smpdb.ca/pathways/#CompoundReference/PW_C000183
http://smpdb.ca/pathways/#CompoundReference/PW_C000414,abstraction:ReactsWith,http://smpdb.ca/pathways/#CompoundReference/PW_C001420
http://smpdb.ca/pathways/#CompoundReference/PW_C001316,abstraction:ReactsWith,http://smpdb.ca/pathways/#CompoundReference/PW_C057915
http://smpdb.ca/pathways/#CompoundReference/PW_C040034,abstraction:ReactsWith,http://smpdb.ca/pathways/#CompoundReference/PW_C009058
http://smpdb.ca/pathways/#CompoundReference/PW_C000144,abstraction:ReactsWith,http://smpdb.ca/pathways/#CompoundReference/PW_C040034
http://smpdb.ca/pathways/#CompoundReference/PW_C000414,abstraction:ReactsWith,http://smpdb.ca/pathways/#CompoundReference/PW_C000176
http://smpdb.ca/pathways/#CompoundReference/PW_C000193,abstraction:ReactsWith,http://smpdb.ca/pathways/#CompoundReference/PW_C002313
http://smpdb.ca/pathways/#CompoundReference/PW_C040974,abstraction:ReactsWith,http://smpdb.ca/pathways/#CompoundReference/PW_C040034
http://smpdb.ca/pathways/#CompoundReference/PW_C000414,abstraction:ReactsWith,http://smpdb.ca/pathways/#CompoundReference/PW_C000353
http://smpdb.ca/pathways/#CompoundReference/PW_C000949,abstraction:ReactsWith,http://smpdb.ca/pathways/#CompoundReference/PW_C000146
http://smpdb.ca/pathways/#CompoundReference/PW_C001935,abstraction:ReactsWith,http://smpdb.ca/pathways/#CompoundReference/PW_C003195
http://smpdb.ca/pathways/#CompoundReference/PW_C001003,abstraction:ReactsWith,http://smpdb.ca/pathways/#CompoundReference/PW_C001420
http://smpdb.ca/pathways/#CompoundReference/PW_C000795,abstraction:ReactsWith,http://smpdb.ca/pathways/#CompoundReference/PW_C001420
http://smpdb.ca/pathways/#CompoundReference/PW_C000721,abstraction:ReactsWith,http://smpdb.ca/pathways/#CompoundReference/PW_C104669
http://smpdb.ca/pathways/#CompoundReference/PW_C001144,abstraction:ReactsWith,http://smpdb.ca/pathways/#CompoundReference/PW_C000045
http://smpdb.ca/pathways/#CompoundReference/PW_C001065,abstraction:ReactsWith,http://smpdb.ca/pathways/#CompoundReference/PW_C000994
http://smpdb.ca/pathways/#CompoundReference/PW_C007296,abstraction:ReactsWith,http://smpdb.ca/pathways/#CompoundReference/PW_C000105
http://smpdb.ca/pathways/#CompoundReference/PW_C002662,abstraction:ReactsWith,http://smpdb.ca/pathways/#CompoundReference/PW_C000414
http://smpdb.ca/pathways/#CompoundReference/PW_C001420,abstraction:ReactsWith,http://smpdb.ca/pathways/#CompoundReference/PW_C002041
http://smpdb.ca/pathways/#CompoundReference/PW_C000210,abstraction:ReactsWith,http://smpdb.ca/pathways/#CompoundReference/PW_C001420
http://smpdb.ca/pathways/#GenericCompoundReference/302,abstraction:ReactsWith,http://smpdb.ca/pathways/#CompoundReference/PW_C000966
http://smpdb.ca/pathways/#CompoundReference/PW_C040034,abstraction:ReactsWith,http://smpdb.ca/pathways/#CompoundReference/PW_C057942
http://smpdb.ca/pathways/#CompoundReference/PW_C000175,abstraction:ReactsWith,http://smpdb.ca/pathways/#CompoundReference/PW_C000146
http://smpdb.ca/pathways/#CompoundReference/PW_C001085,abstraction:ReactsWith,http://smpdb.ca/pathways/#CompoundReference/PW_C001420
http://smpdb.ca/pathways/#CompoundReference/PW_C001420,abstraction:ReactsWith,http://smpdb.ca/pathways/#CompoundReference/PW_C007817
http://smpdb.ca/pathways/#CompoundReference/PW_C041248,abstraction:ReactsWith,http://smpdb.ca/pathways/#GenericCompoundReference/250
http://smpdb.ca/pathways/#CompoundReference/PW_C001714,abstraction:ReactsWith,http://smpdb.ca/pathways/#CompoundReference/PW_C001420
http://smpdb.ca/pathways/#CompoundReference/PW_C000968,abstraction:ReactsWith,http://smpdb.ca/pathways/#GenericCompoundReference/237
http://smpdb.ca/pathways/#CompoundReference/PW_C040990,abstraction:ReactsWith,http://smpdb.ca/pathways/#CompoundReference/PW_C040763
http://smpdb.ca/pathways/#CompoundReference/PW_C000883,abstraction:ReactsWith,http://smpdb.ca/pathways/#CompoundReference/PW_C000414
http://smpdb.ca/pathways/#CompoundReference/PW_C104779,abstraction:ReactsWith,http://smpdb.ca/pathways/#GenericCompoundReference/302
http://smpdb.ca/pathways/#CompoundReference/PW_C000263,abstraction:ReactsWith,http://smpdb.ca/pathways/#CompoundReference/PW_C000146
http://smpdb.ca/pathways/#CompoundReference/PW_C000538,abstraction:ReactsWith,http://smpdb.ca/pathways/#CompoundReference/PW_C000146
http://smpdb.ca/pathways/#CompoundReference/PW_C000143,abstraction:ReactsWith,http://smpdb.ca/pathways/#CompoundReference/PW_C000090
http://smpdb.ca/pathways/#CompoundReference/PW_C001347,abstraction:ReactsWith,http://smpdb.ca/pathways/#CompoundReference/PW_C000106
http://smpdb.ca/pathways/#CompoundReference/PW_C104658,abstraction:ReactsWith,http://smpdb.ca/pathways/#CompoundReference/PW_C040034
http://smpdb.ca/pathways/#CompoundReference/PW_C001420,abstraction:ReactsWith,http://smpdb.ca/pathways/#CompoundReference/PW_C001887
http://smpdb.ca/pathways/#CompoundReference/PW_C001092,abstraction:ReactsWith,http://smpdb.ca/pathways/#CompoundReference/PW_C000134
http://smpdb.ca/pathways/#GenericCompoundReference/142,abstraction:ReactsWith,http://smpdb.ca/pathways/#CompoundReference/PW_C000120
http://smpdb.ca/pathways/#CompoundReference/PW_C000988,abstraction:ReactsWith,http://smpdb.ca/pathways/#CompoundReference/PW_C001104
http://smpdb.ca/pathways/#CompoundReference/PW_C002381,abstraction:ReactsWith,http://smpdb.ca/pathways/#CompoundReference/PW_C001144
http://smpdb.ca/pathways/#GenericCompoundReference/69,abstraction:ReactsWith,http://smpdb.ca/pathways/#CompoundReference/PW_C001719
http://smpdb.ca/pathways/#CompoundReference/PW_C000114,abstraction:ReactsWith,http://smpdb.ca/pathways/#CompoundReference/PW_C000721
http://smpdb.ca/pathways/#CompoundReference/PW_C000721,abstraction:ReactsWith,http://smpdb.ca/pathways/#CompoundReference/PW_C001420
http://smpdb.ca/pathways/#CompoundReference/PW_C001420,abstraction:ReactsWith,http://smpdb.ca/pathways/#CompoundReference/PW_C000121
http://smpdb.ca/pathways/#CompoundReference/PW_C000143,abstraction:ReactsWith,http://smpdb.ca/pathways/#CompoundReference/PW_C007721
http://smpdb.ca/pathways/#CompoundReference/PW_C000808,abstraction:ReactsWith,http://smpdb.ca/pathways/#GenericCompoundReference/103
http://smpdb.ca/pathways/#CompoundReference/PW_C000095,abstraction:ReactsWith,http://smpdb.ca/pathways/#CompoundReference/PW_C002936
http://smpdb.ca/pathways/#CompoundReference/PW_C000414,abstraction:ReactsWith,http://smpdb.ca/pathways/#CompoundReference/PW_C009432
http://smpdb.ca/pathways/#CompoundReference/PW_C001420,abstraction:ReactsWith,http://smpdb.ca/pathways/#CompoundReference/PW_C104777
http://smpdb.ca/pathways/#CompoundReference/PW_C000782,abstraction:ReactsWith,http://smpdb.ca/pathways/#CompoundReference/PW_C000940
http://smpdb.ca/pathways/#CompoundReference/PW_C000774,abstraction:ReactsWith,http://smpdb.ca/pathways/#CompoundReference/PW_C001420
http://smpdb.ca/pathways/#CompoundReference/PW_C002967,abstraction:ReactsWith,http://smpdb.ca/pathways/#CompoundReference/PW_C000921
http://smpdb.ca/pathways/#CompoundReference/PW_C002995,abstraction:ReactsWith,http://smpdb.ca/pathways/#CompoundReference/PW_C001065
http://smpdb.ca/pathways/#CompoundReference/PW_C040034,abstraction:ReactsWith,http://smpdb.ca/pathways/#CompoundReference/PW_C000871
http://smpdb.ca/pathways/#CompoundReference/PW_C000070,abstraction:ReactsWith,http://smpdb.ca/pathways/#CompoundReference/PW_C001783
http://smpdb.ca/pathways/#CompoundReference/PW_C001420,abstraction:ReactsWith,http://smpdb.ca/pathways/#CompoundReference/PW_C000018
http://smpdb.ca/pathways/#CompoundReference/PW_C000414,abstraction:ReactsWith,http://smpdb.ca/pathways/#CompoundReference/PW_C006752
http://smpdb.ca/pathways/#CompoundReference/PW_C000414,abstraction:ReactsWith,http://smpdb.ca/pathways/#CompoundReference/PW_C001155
http://smpdb.ca/pathways/#CompoundReference/PW_C000092,abstraction:ReactsWith,http://smpdb.ca/pathways/#CompoundReference/PW_C042915
http://smpdb.ca/pathways/#CompoundReference/PW_C042574,abstraction:ReactsWith,http://smpdb.ca/pathways/#CompoundReference/PW_C040034
http://smpdb.ca/pathways/#CompoundReference/PW_C001065,abstraction:ReactsWith,http://smpdb.ca/pathways/#CompoundReference/PW_C001223
http://smpdb.ca/pathways/#CompoundReference/PW_C001996,abstraction:ReactsWith,http://smpdb.ca/pathways/#CompoundReference/PW_C000721
http://smpdb.ca/pathways/#CompoundReference/PW_C000201,abstraction:ReactsWith,http://smpdb.ca/pathways/#GenericCompoundReference/99
http://smpdb.ca/pathways/#CompoundReference/PW_C000883,abstraction:ReactsWith,http://smpdb.ca/pathways/#CompoundReference/PW_C001420
http://smpdb.ca/pathways/#CompoundReference/PW_C000146,abstraction:ReactsWith,http://smpdb.ca/pathways/#CompoundReference/PW_C042940
http://smpdb.ca/pathways/#CompoundReference/PW_C000937,abstraction:ReactsWith,http://smpdb.ca/pathways/#CompoundReference/PW_C000414
http://smpdb.ca/pathways/#CompoundReference/PW_C001420,abstraction:ReactsWith,http://smpdb.ca/pathways/#CompoundReference/PW_C000958
http://smpdb.ca/pathways/#CompoundReference/PW_C001420,abstraction:ReactsWith,http://smpdb.ca/pathways/#CompoundReference/PW_C000471
http://smpdb.ca/pathways/#CompoundReference/PW_C044555,abstraction:ReactsWith,http://smpdb.ca/pathways/#CompoundReference/PW_C040034
http://smpdb.ca/pathways/#CompoundReference/PW_C040919,abstraction:ReactsWith,http://smpdb.ca/pathways/#CompoundReference/PW_C001420
http://smpdb.ca/pathways/#CompoundReference/PW_C000914,abstraction:ReactsWith,http://smpdb.ca/pathways/#CompoundReference/PW_C001104
http://smpdb.ca/pathways/#CompoundReference/PW_C002145,abstraction:ReactsWith,http://smpdb.ca/pathways/#CompoundReference/PW_C000146
http://smpdb.ca/pathways/#CompoundReference/PW_C000150,abstraction:ReactsWith,http://smpdb.ca/pathways/#CompoundReference/PW_C000095
http://smpdb.ca/pathways/#CompoundReference/PW_C007854,abstraction:ReactsWith,http://smpdb.ca/pathways/#CompoundReference/PW_C000193
http://smpdb.ca/pathways/#CompoundReference/PW_C001680,abstraction:ReactsWith,http://smpdb.ca/pathways/#CompoundReference/PW_C000146
http://smpdb.ca/pathways/#CompoundReference/PW_C001420,abstraction:ReactsWith,http://smpdb.ca/pathways/#CompoundReference/PW_C002680
http://smpdb.ca/pathways/#CompoundReference/PW_C000146,abstraction:ReactsWith,http://smpdb.ca/pathways/#CompoundReference/PW_C000831
http://smpdb.ca/pathways/#CompoundReference/PW_C004838,abstraction:ReactsWith,http://smpdb.ca/pathways/#CompoundReference/PW_C000209
http://smpdb.ca/pathways/#CompoundReference/PW_C000414,abstraction:ReactsWith,http://smpdb.ca/pathways/#CompoundReference/PW_C001199
http://smpdb.ca/pathways/#CompoundReference/PW_C001034,abstraction:ReactsWith,http://smpdb.ca/pathways/#CompoundReference/PW_C000201
http://smpdb.ca/pathways/#CompoundReference/PW_C001065,abstraction:ReactsWith,http://smpdb.ca/pathways/#CompoundReference/PW_C007776
http://smpdb.ca/pathways/#GenericCompoundReference/83,abstraction:ReactsWith,http://smpdb.ca/pathways/#CompoundReference/PW_C000095
http://smpdb.ca/pathways/#CompoundReference/PW_C000095,abstraction:ReactsWith,http://smpdb.ca/pathways/#CompoundReference/PW_C000940
http://smpdb.ca/pathways/#CompoundReference/PW_C000095,abstraction:ReactsWith,http://smpdb.ca/pathways/#CompoundReference/PW_C001856
http://smpdb.ca/pathways/#CompoundReference/PW_C000414,abstraction:ReactsWith,http://smpdb.ca/pathways/#CompoundReference/PW_C040504
http://smpdb.ca/pathways/#CompoundReference/PW_C000143,abstraction:ReactsWith,http://smpdb.ca/pathways/#CompoundReference/PW_C104744
http://smpdb.ca/pathways/#CompoundReference/PW_C057925,abstraction:ReactsWith,http://smpdb.ca/pathways/#CompoundReference/PW_C000180
http://smpdb.ca/pathways/#CompoundReference/PW_C001104,abstraction:ReactsWith,http://smpdb.ca/pathways/#CompoundReference/PW_C000032
http://smpdb.ca/pathways/#CompoundReference/PW_C007778,abstraction:ReactsWith,http://smpdb.ca/pathways/#CompoundReference/PW_C000830
http://smpdb.ca/pathways/#CompoundReference/PW_C018131,abstraction:ReactsWith,http://smpdb.ca/pathways/#CompoundReference/PW_C001065
http://smpdb.ca/pathways/#CompoundReference/PW_C001144,abstraction:ReactsWith,http://smpdb.ca/pathways/#CompoundReference/PW_C000148
http://smpdb.ca/pathways/#CompoundReference/PW_C008829,abstraction:ReactsWith,http://smpdb.ca/pathways/#CompoundReference/PW_C000746
http://smpdb.ca/pathways/#CompoundReference/PW_C000921,abstraction:ReactsWith,http://smpdb.ca/pathways/#CompoundReference/PW_C000178
http://smpdb.ca/pathways/#CompoundReference/PW_C000396,abstraction:ReactsWith,http://smpdb.ca/pathways/#CompoundReference/PW_C000078
http://smpdb.ca/pathways/#CompoundReference/PW_C000869,abstraction:ReactsWith,http://smpdb.ca/pathways/#CompoundReference/PW_C000479
http://smpdb.ca/pathways/#CompoundReference/PW_C000921,abstraction:ReactsWith,http://smpdb.ca/pathways/#CompoundReference/PW_C096922
http://smpdb.ca/pathways/#CompoundReference/PW_C001420,abstraction:ReactsWith,http://smpdb.ca/pathways/#CompoundReference/PW_C000724
http://smpdb.ca/pathways/#CompoundReference/PW_C000057,abstraction:ReactsWith,http://smpdb.ca/pathways/#CompoundReference/PW_C001420
http://smpdb.ca/pathways/#CompoundReference/PW_C000120,abstraction:ReactsWith,http://smpdb.ca/pathways/#CompoundReference/PW_C040034
http://smpdb.ca/pathways/#CompoundReference/PW_C001420,abstraction:ReactsWith,http://smpdb.ca/pathways/#CompoundReference/PW_C002057
http://smpdb.ca/pathways/#CompoundReference/PW_C012810,abstraction:ReactsWith,http://smpdb.ca/pathways/#CompoundReference/PW_C000741
http://smpdb.ca/pathways/#CompoundReference/PW_C000869,abstraction:ReactsWith,http://smpdb.ca/pathways/#CompoundReference/PW_C001104
http://smpdb.ca/pathways/#CompoundReference/PW_C000768,abstraction:ReactsWith,http://smpdb.ca/pathways/#CompoundReference/PW_C001420
http://smpdb.ca/pathways/#CompoundReference/PW_C011888,abstraction:ReactsWith,http://smpdb.ca/pathways/#CompoundReference/PW_C000805
http://smpdb.ca/pathways/#CompoundReference/PW_C000180,abstraction:ReactsWith,http://smpdb.ca/pathways/#CompoundReference/PW_C001034
http://smpdb.ca/pathways/#CompoundReference/PW_C104744,abstraction:ReactsWith,http://smpdb.ca/pathways/#CompoundReference/PW_C000143
http://smpdb.ca/pathways/#CompoundReference/PW_C001706,abstraction:ReactsWith,http://smpdb.ca/pathways/#CompoundReference/PW_C001144
http://smpdb.ca/pathways/#CompoundReference/PW_C001104,abstraction:ReactsWith,http://smpdb.ca/pathways/#CompoundReference/PW_C000936
http://smpdb.ca/pathways/#CompoundReference/PW_C040034,abstraction:ReactsWith,http://smpdb.ca/pathways/#CompoundReference/PW_C001603
http://smpdb.ca/pathways/#CompoundReference/PW_C000592,abstraction:ReactsWith,http://smpdb.ca/pathways/#CompoundReference/PW_C000721
http://smpdb.ca/pathways/#CompoundReference/PW_C001144,abstraction:ReactsWith,http://smpdb.ca/pathways/#CompoundReference/PW_C000742
http://smpdb.ca/pathways/#GenericCompoundReference/561,abstraction:ReactsWith,http://smpdb.ca/pathways/#CompoundReference/PW_C057915
http://smpdb.ca/pathways/#GenericCompoundReference/219,abstraction:ReactsWith,http://smpdb.ca/pathways/#CompoundReference/PW_C001420
http://smpdb.ca/pathways/#CompoundReference/PW_C001213,abstraction:ReactsWith,http://smpdb.ca/pathways/#CompoundReference/PW_C001065
http://smpdb.ca/pathways/#GenericCompoundReference/97,abstraction:ReactsWith,http://smpdb.ca/pathways/#CompoundReference/PW_C000414
http://smpdb.ca/pathways/#CompoundReference/PW_C040034,abstraction:ReactsWith,http://smpdb.ca/pathways/#CompoundReference/PW_C002775
http://smpdb.ca/pathways/#CompoundReference/PW_C000983,abstraction:ReactsWith,http://smpdb.ca/pathways/#CompoundReference/PW_C001034
http://smpdb.ca/pathways/#CompoundReference/PW_C000176,abstraction:ReactsWith,http://smpdb.ca/pathways/#CompoundReference/PW_C001755
http://smpdb.ca/pathways/#CompoundReference/PW_C001253,abstraction:ReactsWith,http://smpdb.ca/pathways/#CompoundReference/PW_C040034
http://smpdb.ca/pathways/#CompoundReference/PW_C000146,abstraction:ReactsWith,http://smpdb.ca/pathways/#CompoundReference/PW_C001125
http://smpdb.ca/pathways/#CompoundReference/PW_C000937,abstraction:ReactsWith,http://smpdb.ca/pathways/#CompoundReference/PW_C001420
http://smpdb.ca/pathways/#CompoundReference/PW_C001420,abstraction:ReactsWith,http://smpdb.ca/pathways/#CompoundReference/PW_C009655
http://smpdb.ca/pathways/#CompoundReference/PW_C001234,abstraction:ReactsWith,http://smpdb.ca/pathways/#CompoundReference/PW_C000940
http://smpdb.ca/pathways/#CompoundReference/PW_C000143,abstraction:ReactsWith,http://smpdb.ca/pathways/#CompoundReference/PW_C000917
http://smpdb.ca/pathways/#CompoundReference/PW_C040768,abstraction:ReactsWith,http://smpdb.ca/pathways/#CompoundReference/PW_C001420
http://smpdb.ca/pathways/#CompoundReference/PW_C000414,abstraction:ReactsWith,http://smpdb.ca/pathways/#CompoundReference/PW_C040755
http://smpdb.ca/pathways/#CompoundReference/PW_C022608,abstraction:ReactsWith,http://smpdb.ca/pathways/#CompoundReference/PW_C000134
http://smpdb.ca/pathways/#CompoundReference/PW_C040034,abstraction:ReactsWith,http://smpdb.ca/pathways/#CompoundReference/PW_C012734
http://smpdb.ca/pathways/#CompoundReference/PW_C040034,abstraction:ReactsWith,http://smpdb.ca/pathways/#CompoundReference/PW_C002722
http://smpdb.ca/pathways/#CompoundReference/PW_C000500,abstraction:ReactsWith,http://smpdb.ca/pathways/#CompoundReference/PW_C002021
http://smpdb.ca/pathways/#CompoundReference/PW_C001905,abstraction:ReactsWith,http://smpdb.ca/pathways/#CompoundReference/PW_C001420
http://smpdb.ca/pathways/#CompoundReference/PW_C013464,abstraction:ReactsWith,http://smpdb.ca/pathways/#CompoundReference/PW_C000134
http://smpdb.ca/pathways/#CompoundReference/PW_C000721,abstraction:ReactsWith,http://smpdb.ca/pathways/#CompoundReference/PW_C040504
http://smpdb.ca/pathways/#CompoundReference/PW_C002912,abstraction:ReactsWith,http://smpdb.ca/pathways/#CompoundReference/PW_C000143
http://smpdb.ca/pathways/#CompoundReference/PW_C000746,abstraction:ReactsWith,http://smpdb.ca/pathways/#CompoundReference/PW_C002350
http://smpdb.ca/pathways/#CompoundReference/PW_C000094,abstraction:ReactsWith,http://smpdb.ca/pathways/#CompoundReference/PW_C000886
http://smpdb.ca/pathways/#CompoundReference/PW_C001065,abstraction:ReactsWith,http://smpdb.ca/pathways/#CompoundReference/PW_C002962
http://smpdb.ca/pathways/#CompoundReference/PW_C000921,abstraction:ReactsWith,http://smpdb.ca/pathways/#CompoundReference/PW_C000149
http://smpdb.ca/pathways/#CompoundReference/PW_C041033,abstraction:ReactsWith,http://smpdb.ca/pathways/#CompoundReference/PW_C001872
http://smpdb.ca/pathways/#CompoundReference/PW_C041114,abstraction:ReactsWith,http://smpdb.ca/pathways/#CompoundReference/PW_C041026
http://smpdb.ca/pathways/#CompoundReference/PW_C009464,abstraction:ReactsWith,http://smpdb.ca/pathways/#CompoundReference/PW_C000190
http://smpdb.ca/pathways/#CompoundReference/PW_C001099,abstraction:ReactsWith,http://smpdb.ca/pathways/#CompoundReference/PW_C008639
http://smpdb.ca/pathways/#GenericCompoundReference/104,abstraction:ReactsWith,http://smpdb.ca/pathways/#CompoundReference/PW_C000721
http://smpdb.ca/pathways/#CompoundReference/PW_C041007,abstraction:ReactsWith,http://smpdb.ca/pathways/#CompoundReference/PW_C040034
http://smpdb.ca/pathways/#GenericCompoundReference/296,abstraction:ReactsWith,http://smpdb.ca/pathways/#CompoundReference/PW_C000414
http://smpdb.ca/pathways/#CompoundReference/PW_C000911,abstraction:ReactsWith,http://smpdb.ca/pathways/#CompoundReference/PW_C040034
http://smpdb.ca/pathways/#CompoundReference/PW_C000008,abstraction:ReactsWith,http://smpdb.ca/pathways/#CompoundReference/PW_C040034
http://smpdb.ca/pathways/#CompoundReference/PW_C000946,abstraction:ReactsWith,http://smpdb.ca/pathways/#CompoundReference/PW_C040034
http://smpdb.ca/pathways/#CompoundReference/PW_C057878,abstraction:ReactsWith,http://smpdb.ca/pathways/#CompoundReference/PW_C000448
http://smpdb.ca/pathways/#CompoundReference/PW_C040034,abstraction:ReactsWith,http://smpdb.ca/pathways/#CompoundReference/PW_C001051
http://smpdb.ca/pathways/#CompoundReference/PW_C040034,abstraction:ReactsWith,http://smpdb.ca/pathways/#CompoundReference/PW_C041104
http://smpdb.ca/pathways/#CompoundReference/PW_C001051,abstraction:ReactsWith,http://smpdb.ca/pathways/#CompoundReference/PW_C001065
http://smpdb.ca/pathways/#CompoundReference/PW_C001207,abstraction:ReactsWith,http://smpdb.ca/pathways/#CompoundReference/PW_C000192
http://smpdb.ca/pathways/#CompoundReference/PW_C001420,abstraction:ReactsWith,http://smpdb.ca/pathways/#GenericCompoundReference/231
http://smpdb.ca/pathways/#CompoundReference/PW_C001065,abstraction:ReactsWith,http://smpdb.ca/pathways/#CompoundReference/PW_C002919
http://smpdb.ca/pathways/#GenericCompoundReference/97,abstraction:ReactsWith,http://smpdb.ca/pathways/#CompoundReference/PW_C001420
http://smpdb.ca/pathways/#GenericCompoundReference/302,abstraction:ReactsWith,http://smpdb.ca/pathways/#CompoundReference/PW_C018131
http://smpdb.ca/pathways/#CompoundReference/PW_C000105,abstraction:ReactsWith,http://smpdb.ca/pathways/#CompoundReference/PW_C000075
http://smpdb.ca/pathways/#CompoundReference/PW_C003004,abstraction:ReactsWith,http://smpdb.ca/pathways/#CompoundReference/PW_C000414
http://smpdb.ca/pathways/#CompoundReference/PW_C000587,abstraction:ReactsWith,http://smpdb.ca/pathways/#CompoundReference/PW_C000120
http://smpdb.ca/pathways/#CompoundReference/PW_C000414,abstraction:ReactsWith,http://smpdb.ca/pathways/#CompoundReference/PW_C001985
http://smpdb.ca/pathways/#CompoundReference/PW_C057890,abstraction:ReactsWith,http://smpdb.ca/pathways/#CompoundReference/PW_C000146
http://smpdb.ca/pathways/#CompoundReference/PW_C000146,abstraction:ReactsWith,http://smpdb.ca/pathways/#CompoundReference/PW_C044574
http://smpdb.ca/pathways/#CompoundReference/PW_C001099,abstraction:ReactsWith,http://smpdb.ca/pathways/#CompoundReference/PW_C000012
http://smpdb.ca/pathways/#CompoundReference/PW_C040034,abstraction:ReactsWith,http://smpdb.ca/pathways/#CompoundReference/PW_C002697
http://smpdb.ca/pathways/#CompoundReference/PW_C000414,abstraction:ReactsWith,http://smpdb.ca/pathways/#CompoundReference/PW_C000035
http://smpdb.ca/pathways/#CompoundReference/PW_C043034,abstraction:ReactsWith,http://smpdb.ca/pathways/#CompoundReference/PW_C003149
http://smpdb.ca/pathways/#CompoundReference/PW_C001420,abstraction:ReactsWith,http://smpdb.ca/pathways/#CompoundReference/PW_C041014
http://smpdb.ca/pathways/#CompoundReference/PW_C000901,abstraction:ReactsWith,http://smpdb.ca/pathways/#CompoundReference/PW_C007680
http://smpdb.ca/pathways/#CompoundReference/PW_C001420,abstraction:ReactsWith,http://smpdb.ca/pathways/#CompoundReference/PW_C001085
http://smpdb.ca/pathways/#CompoundReference/PW_C001420,abstraction:ReactsWith,http://smpdb.ca/pathways/#CompoundReference/PW_C002766
http://smpdb.ca/pathways/#CompoundReference/PW_C001420,abstraction:ReactsWith,http://smpdb.ca/pathways/#CompoundReference/PW_C007709
http://smpdb.ca/pathways/#CompoundReference/PW_C001420,abstraction:ReactsWith,http://smpdb.ca/pathways/#CompoundReference/PW_C041432
http://smpdb.ca/pathways/#CompoundReference/PW_C001195,abstraction:ReactsWith,http://smpdb.ca/pathways/#CompoundReference/PW_C000940
http://smpdb.ca/pathways/#CompoundReference/PW_C000122,abstraction:ReactsWith,http://smpdb.ca/pathways/#CompoundReference/PW_C017005
http://smpdb.ca/pathways/#CompoundReference/PW_C040608,abstraction:ReactsWith,http://smpdb.ca/pathways/#CompoundReference/PW_C000414
http://smpdb.ca/pathways/#CompoundReference/PW_C000009,abstraction:ReactsWith,http://smpdb.ca/pathways/#CompoundReference/PW_C001065
http://smpdb.ca/pathways/#CompoundReference/PW_C000721,abstraction:ReactsWith,http://smpdb.ca/pathways/#CompoundReference/PW_C009464
http://smpdb.ca/pathways/#CompoundReference/PW_C000104,abstraction:ReactsWith,http://smpdb.ca/pathways/#CompoundReference/PW_C000414
http://smpdb.ca/pathways/#CompoundReference/PW_C000146,abstraction:ReactsWith,http://smpdb.ca/pathways/#CompoundReference/PW_C000853
http://smpdb.ca/pathways/#CompoundReference/PW_C001106,abstraction:ReactsWith,http://smpdb.ca/pathways/#CompoundReference/PW_C001441
http://smpdb.ca/pathways/#CompoundReference/PW_C010915,abstraction:ReactsWith,http://smpdb.ca/pathways/#CompoundReference/PW_C040034
http://smpdb.ca/pathways/#CompoundReference/PW_C000940,abstraction:ReactsWith,http://smpdb.ca/pathways/#CompoundReference/PW_C000178
http://smpdb.ca/pathways/#CompoundReference/PW_C044505,abstraction:ReactsWith,http://smpdb.ca/pathways/#CompoundReference/PW_C001420
http://smpdb.ca/pathways/#CompoundReference/PW_C001031,abstraction:ReactsWith,http://smpdb.ca/pathways/#GenericCompoundReference/69
http://smpdb.ca/pathways/#CompoundReference/PW_C000721,abstraction:ReactsWith,http://smpdb.ca/pathways/#CompoundReference/PW_C000763
http://smpdb.ca/pathways/#CompoundReference/PW_C000103,abstraction:ReactsWith,http://smpdb.ca/pathways/#CompoundReference/PW_C000627
http://smpdb.ca/pathways/#CompoundReference/PW_C001420,abstraction:ReactsWith,http://smpdb.ca/pathways/#CompoundReference/PW_C042677
http://smpdb.ca/pathways/#CompoundReference/PW_C000414,abstraction:ReactsWith,http://smpdb.ca/pathways/#CompoundReference/PW_C040610
http://smpdb.ca/pathways/#CompoundReference/PW_C012438,abstraction:ReactsWith,http://smpdb.ca/pathways/#CompoundReference/PW_C001144
http://smpdb.ca/pathways/#CompoundReference/PW_C104732,abstraction:ReactsWith,http://smpdb.ca/pathways/#CompoundReference/PW_C000721
http://smpdb.ca/pathways/#CompoundReference/PW_C000414,abstraction:ReactsWith,http://smpdb.ca/pathways/#CompoundReference/PW_C001170
http://smpdb.ca/pathways/#CompoundReference/PW_C001420,abstraction:ReactsWith,http://smpdb.ca/pathways/#CompoundReference/PW_C002953
http://smpdb.ca/pathways/#CompoundReference/PW_C000944,abstraction:ReactsWith,http://smpdb.ca/pathways/#CompoundReference/PW_C000270
http://smpdb.ca/pathways/#CompoundReference/PW_C001420,abstraction:ReactsWith,http://smpdb.ca/pathways/#CompoundReference/PW_C001714
http://smpdb.ca/pathways/#CompoundReference/PW_C000482,abstraction:ReactsWith,http://smpdb.ca/pathways/#CompoundReference/PW_C000414
http://smpdb.ca/pathways/#CompoundReference/PW_C001719,abstraction:ReactsWith,http://smpdb.ca/pathways/#CompoundReference/PW_C000940
http://smpdb.ca/pathways/#CompoundReference/PW_C040034,abstraction:ReactsWith,http://smpdb.ca/pathways/#CompoundReference/PW_C008817
http://smpdb.ca/pathways/#CompoundReference/PW_C000129,abstraction:ReactsWith,http://smpdb.ca/pathways/#CompoundReference/PW_C000044
http://smpdb.ca/pathways/#CompoundReference/PW_C040034,abstraction:ReactsWith,http://smpdb.ca/pathways/#CompoundReference/PW_C041103
http://smpdb.ca/pathways/#CompoundReference/PW_C001099,abstraction:ReactsWith,http://smpdb.ca/pathways/#CompoundReference/PW_C002747
http://smpdb.ca/pathways/#CompoundReference/PW_C002695,abstraction:ReactsWith,http://smpdb.ca/pathways/#CompoundReference/PW_C001420
http://smpdb.ca/pathways/#CompoundReference/PW_C040034,abstraction:ReactsWith,http://smpdb.ca/pathways/#CompoundReference/PW_C044585
http://smpdb.ca/pathways/#CompoundReference/PW_C000721,abstraction:ReactsWith,http://smpdb.ca/pathways/#CompoundReference/PW_C001153
http://smpdb.ca/pathways/#CompoundReference/PW_C041004,abstraction:ReactsWith,http://smpdb.ca/pathways/#CompoundReference/PW_C001144
http://smpdb.ca/pathways/#CompoundReference/PW_C000093,abstraction:ReactsWith,http://smpdb.ca/pathways/#CompoundReference/PW_C000414
http://smpdb.ca/pathways/#CompoundReference/PW_C000721,abstraction:ReactsWith,http://smpdb.ca/pathways/#CompoundReference/PW_C007981
http://smpdb.ca/pathways/#CompoundReference/PW_C000414,abstraction:ReactsWith,http://smpdb.ca/pathways/#CompoundReference/PW_C001916
http://smpdb.ca/pathways/#CompoundReference/PW_C003004,abstraction:ReactsWith,http://smpdb.ca/pathways/#CompoundReference/PW_C001420
http://smpdb.ca/pathways/#CompoundReference/PW_C002151,abstraction:ReactsWith,http://smpdb.ca/pathways/#CompoundReference/PW_C002111
http://smpdb.ca/pathways/#CompoundReference/PW_C000146,abstraction:ReactsWith,http://smpdb.ca/pathways/#CompoundReference/PW_C006753
http://smpdb.ca/pathways/#CompoundReference/PW_C040492,abstraction:ReactsWith,http://smpdb.ca/pathways/#CompoundReference/PW_C000886
http://smpdb.ca/pathways/#CompoundReference/PW_C040034,abstraction:ReactsWith,http://smpdb.ca/pathways/#CompoundReference/PW_C000029
http://smpdb.ca/pathways/#CompoundReference/PW_C022608,abstraction:ReactsWith,http://smpdb.ca/pathways/#CompoundReference/PW_C000050
http://smpdb.ca/pathways/#CompoundReference/PW_C001420,abstraction:ReactsWith,http://smpdb.ca/pathways/#CompoundReference/PW_C001860
http://smpdb.ca/pathways/#CompoundReference/PW_C000414,abstraction:ReactsWith,http://smpdb.ca/pathways/#CompoundReference/PW_C057873
http://smpdb.ca/pathways/#CompoundReference/PW_C001234,abstraction:ReactsWith,http://smpdb.ca/pathways/#CompoundReference/PW_C001144
http://smpdb.ca/pathways/#CompoundReference/PW_C000414,abstraction:ReactsWith,http://smpdb.ca/pathways/#CompoundReference/PW_C042915
http://smpdb.ca/pathways/#CompoundReference/PW_C000095,abstraction:ReactsWith,http://smpdb.ca/pathways/#CompoundReference/PW_C012810
http://smpdb.ca/pathways/#CompoundReference/PW_C008977,abstraction:ReactsWith,http://smpdb.ca/pathways/#CompoundReference/PW_C001144
http://smpdb.ca/pathways/#CompoundReference/PW_C040608,abstraction:ReactsWith,http://smpdb.ca/pathways/#CompoundReference/PW_C001420
http://smpdb.ca/pathways/#GenericCompoundReference/210,abstraction:ReactsWith,http://smpdb.ca/pathways/#GenericCompoundReference/137
http://smpdb.ca/pathways/#CompoundReference/PW_C000921,abstraction:ReactsWith,http://smpdb.ca/pathways/#CompoundReference/PW_C000244
http://smpdb.ca/pathways/#CompoundReference/PW_C040540,abstraction:ReactsWith,http://smpdb.ca/pathways/#CompoundReference/PW_C000143
http://smpdb.ca/pathways/#CompoundReference/PW_C000104,abstraction:ReactsWith,http://smpdb.ca/pathways/#CompoundReference/PW_C001420
http://smpdb.ca/pathways/#CompoundReference/PW_C000103,abstraction:ReactsWith,http://smpdb.ca/pathways/#CompoundReference/PW_C000146
http://smpdb.ca/pathways/#GenericCompoundReference/40,abstraction:ReactsWith,http://smpdb.ca/pathways/#CompoundReference/PW_C001227
http://smpdb.ca/pathways/#CompoundReference/PW_C040715,abstraction:ReactsWith,http://smpdb.ca/pathways/#CompoundReference/PW_C001420
http://smpdb.ca/pathways/#CompoundReference/PW_C042989,abstraction:ReactsWith,http://smpdb.ca/pathways/#CompoundReference/PW_C000176
http://smpdb.ca/pathways/#CompoundReference/PW_C001099,abstraction:ReactsWith,http://smpdb.ca/pathways/#CompoundReference/PW_C002709
http://smpdb.ca/pathways/#CompoundReference/PW_C000047,abstraction:ReactsWith,http://smpdb.ca/pathways/#CompoundReference/PW_C000146
http://smpdb.ca/pathways/#CompoundReference/PW_C000352,abstraction:ReactsWith,http://smpdb.ca/pathways/#CompoundReference/PW_C001420
http://smpdb.ca/pathways/#CompoundReference/PW_C000373,abstraction:ReactsWith,http://smpdb.ca/pathways/#CompoundReference/PW_C001060
http://smpdb.ca/pathways/#CompoundReference/PW_C000721,abstraction:ReactsWith,http://smpdb.ca/pathways/#CompoundReference/PW_C000157
http://smpdb.ca/pathways/#CompoundReference/PW_C000057,abstraction:ReactsWith,http://smpdb.ca/pathways/#CompoundReference/PW_C040984
http://smpdb.ca/pathways/#CompoundReference/PW_C016137,abstraction:ReactsWith,http://smpdb.ca/pathways/#CompoundReference/PW_C000146
http://smpdb.ca/pathways/#CompoundReference/PW_C007752,abstraction:ReactsWith,http://smpdb.ca/pathways/#CompoundReference/PW_C000964
http://smpdb.ca/pathways/#CompoundReference/PW_C001420,abstraction:ReactsWith,http://smpdb.ca/pathways/#CompoundReference/PW_C001197
http://smpdb.ca/pathways/#CompoundReference/PW_C000804,abstraction:ReactsWith,http://smpdb.ca/pathways/#CompoundReference/PW_C000448
http://smpdb.ca/pathways/#CompoundReference/PW_C044576,abstraction:ReactsWith,http://smpdb.ca/pathways/#CompoundReference/PW_C001065
http://smpdb.ca/pathways/#CompoundReference/PW_C040034,abstraction:ReactsWith,http://smpdb.ca/pathways/#CompoundReference/PW_C001010
http://smpdb.ca/pathways/#CompoundReference/PW_C007219,abstraction:ReactsWith,http://smpdb.ca/pathways/#CompoundReference/PW_C000134
http://smpdb.ca/pathways/#CompoundReference/PW_C000173,abstraction:ReactsWith,http://smpdb.ca/pathways/#CompoundReference/PW_C000721
http://smpdb.ca/pathways/#CompoundReference/PW_C001420,abstraction:ReactsWith,http://smpdb.ca/pathways/#CompoundReference/PW_C104736
http://smpdb.ca/pathways/#CompoundReference/PW_C000164,abstraction:ReactsWith,http://smpdb.ca/pathways/#CompoundReference/PW_C000721
http://smpdb.ca/pathways/#CompoundReference/PW_C000057,abstraction:ReactsWith,http://smpdb.ca/pathways/#CompoundReference/PW_C003149
http://smpdb.ca/pathways/#CompoundReference/PW_C044590,abstraction:ReactsWith,http://smpdb.ca/pathways/#CompoundReference/PW_C001420
http://smpdb.ca/pathways/#CompoundReference/PW_C000192,abstraction:ReactsWith,http://smpdb.ca/pathways/#CompoundReference/PW_C001207
http://smpdb.ca/pathways/#CompoundReference/PW_C000500,abstraction:ReactsWith,http://smpdb.ca/pathways/#CompoundReference/PW_C000915
http://smpdb.ca/pathways/#CompoundReference/PW_C040034,abstraction:ReactsWith,http://smpdb.ca/pathways/#CompoundReference/PW_C002915
http://smpdb.ca/pathways/#CompoundReference/PW_C000140,abstraction:ReactsWith,http://smpdb.ca/pathways/#CompoundReference/PW_C000134
http://smpdb.ca/pathways/#CompoundReference/PW_C001420,abstraction:ReactsWith,http://smpdb.ca/pathways/#CompoundReference/PW_C041110
http://smpdb.ca/pathways/#CompoundReference/PW_C001420,abstraction:ReactsWith,http://smpdb.ca/pathways/#CompoundReference/PW_C000802
http://smpdb.ca/pathways/#CompoundReference/PW_C017616,abstraction:ReactsWith,http://smpdb.ca/pathways/#CompoundReference/PW_C001065
http://smpdb.ca/pathways/#CompoundReference/PW_C001420,abstraction:ReactsWith,http://smpdb.ca/pathways/#CompoundReference/PW_C000950
http://smpdb.ca/pathways/#CompoundReference/PW_C000808,abstraction:ReactsWith,http://smpdb.ca/pathways/#CompoundReference/PW_C000042
http://smpdb.ca/pathways/#CompoundReference/PW_C006759,abstraction:ReactsWith,http://smpdb.ca/pathways/#CompoundReference/PW_C001420
http://smpdb.ca/pathways/#CompoundReference/PW_C001420,abstraction:ReactsWith,http://smpdb.ca/pathways/#CompoundReference/PW_C002381
http://smpdb.ca/pathways/#CompoundReference/PW_C000934,abstraction:ReactsWith,http://smpdb.ca/pathways/#CompoundReference/PW_C000134
http://smpdb.ca/pathways/#CompoundReference/PW_C000146,abstraction:ReactsWith,http://smpdb.ca/pathways/#CompoundReference/PW_C044576
http://smpdb.ca/pathways/#CompoundReference/PW_C000458,abstraction:ReactsWith,http://smpdb.ca/pathways/#CompoundReference/PW_C000414
http://smpdb.ca/pathways/#CompoundReference/PW_C000544,abstraction:ReactsWith,http://smpdb.ca/pathways/#CompoundReference/PW_C000938
http://smpdb.ca/pathways/#CompoundReference/PW_C040034,abstraction:ReactsWith,http://smpdb.ca/pathways/#CompoundReference/PW_C000080
http://smpdb.ca/pathways/#CompoundReference/PW_C001196,abstraction:ReactsWith,http://smpdb.ca/pathways/#CompoundReference/PW_C000500
http://smpdb.ca/pathways/#CompoundReference/PW_C001420,abstraction:ReactsWith,http://smpdb.ca/pathways/#CompoundReference/PW_C009795
http://smpdb.ca/pathways/#CompoundReference/PW_C001420,abstraction:ReactsWith,http://smpdb.ca/pathways/#CompoundReference/PW_C000875
http://smpdb.ca/pathways/#CompoundReference/PW_C001851,abstraction:ReactsWith,http://smpdb.ca/pathways/#CompoundReference/PW_C001104
http://smpdb.ca/pathways/#CompoundReference/PW_C000414,abstraction:ReactsWith,http://smpdb.ca/pathways/#CompoundReference/PW_C040446
http://smpdb.ca/pathways/#CompoundReference/PW_C040034,abstraction:ReactsWith,http://smpdb.ca/pathways/#CompoundReference/PW_C009028
http://smpdb.ca/pathways/#CompoundReference/PW_C001420,abstraction:ReactsWith,http://smpdb.ca/pathways/#CompoundReference/PW_C006191
http://smpdb.ca/pathways/#GenericCompoundReference/40,abstraction:ReactsWith,http://smpdb.ca/pathways/#GenericCompoundReference/534
http://smpdb.ca/pathways/#CompoundReference/PW_C000986,abstraction:ReactsWith,http://smpdb.ca/pathways/#CompoundReference/PW_C002722
http://smpdb.ca/pathways/#CompoundReference/PW_C001065,abstraction:ReactsWith,http://smpdb.ca/pathways/#CompoundReference/PW_C017784
http://smpdb.ca/pathways/#CompoundReference/PW_C001420,abstraction:ReactsWith,http://smpdb.ca/pathways/#CompoundReference/PW_C000871
http://smpdb.ca/pathways/#CompoundReference/PW_C007243,abstraction:ReactsWith,http://smpdb.ca/pathways/#CompoundReference/PW_C001065
http://smpdb.ca/pathways/#CompoundReference/PW_C000123,abstraction:ReactsWith,http://smpdb.ca/pathways/#CompoundReference/PW_C000134
http://smpdb.ca/pathways/#CompoundReference/PW_C001104,abstraction:ReactsWith,http://smpdb.ca/pathways/#CompoundReference/PW_C040484
http://smpdb.ca/pathways/#CompoundReference/PW_C001420,abstraction:ReactsWith,http://smpdb.ca/pathways/#CompoundReference/PW_C000772
http://smpdb.ca/pathways/#CompoundReference/PW_C001535,abstraction:ReactsWith,http://smpdb.ca/pathways/#CompoundReference/PW_C000148
http://smpdb.ca/pathways/#CompoundReference/PW_C000838,abstraction:ReactsWith,http://smpdb.ca/pathways/#CompoundReference/PW_C000921
http://smpdb.ca/pathways/#CompoundReference/PW_C022608,abstraction:ReactsWith,http://smpdb.ca/pathways/#CompoundReference/PW_C000590
http://smpdb.ca/pathways/#CompoundReference/PW_C001388,abstraction:ReactsWith,http://smpdb.ca/pathways/#CompoundReference/PW_C000721
http://smpdb.ca/pathways/#CompoundReference/PW_C041590,abstraction:ReactsWith,http://smpdb.ca/pathways/#CompoundReference/PW_C001447
http://smpdb.ca/pathways/#CompoundReference/PW_C040540,abstraction:ReactsWith,http://smpdb.ca/pathways/#CompoundReference/PW_C001420
http://smpdb.ca/pathways/#CompoundReference/PW_C000146,abstraction:ReactsWith,http://smpdb.ca/pathways/#CompoundReference/PW_C044582
http://smpdb.ca/pathways/#CompoundReference/PW_C001039,abstraction:ReactsWith,http://smpdb.ca/pathways/#CompoundReference/PW_C000768
http://smpdb.ca/pathways/#CompoundReference/PW_C040529,abstraction:ReactsWith,http://smpdb.ca/pathways/#CompoundReference/PW_C001420
http://smpdb.ca/pathways/#CompoundReference/PW_C000075,abstraction:ReactsWith,http://smpdb.ca/pathways/#CompoundReference/PW_C001420
http://smpdb.ca/pathways/#CompoundReference/PW_C007838,abstraction:ReactsWith,http://smpdb.ca/pathways/#CompoundReference/PW_C042652
http://smpdb.ca/pathways/#CompoundReference/PW_C040076,abstraction:ReactsWith,http://smpdb.ca/pathways/#GenericCompoundReference/235
http://smpdb.ca/pathways/#CompoundReference/PW_C000414,abstraction:ReactsWith,http://smpdb.ca/pathways/#CompoundReference/PW_C000194
http://smpdb.ca/pathways/#CompoundReference/PW_C001916,abstraction:ReactsWith,http://smpdb.ca/pathways/#CompoundReference/PW_C000200
http://smpdb.ca/pathways/#CompoundReference/PW_C000414,abstraction:ReactsWith,http://smpdb.ca/pathways/#CompoundReference/PW_C005831
http://smpdb.ca/pathways/#CompoundReference/PW_C000032,abstraction:ReactsWith,http://smpdb.ca/pathways/#CompoundReference/PW_C000414
http://smpdb.ca/pathways/#CompoundReference/PW_C000173,abstraction:ReactsWith,http://smpdb.ca/pathways/#CompoundReference/PW_C001065
http://smpdb.ca/pathways/#CompoundReference/PW_C001034,abstraction:ReactsWith,http://smpdb.ca/pathways/#CompoundReference/PW_C001039
http://smpdb.ca/pathways/#CompoundReference/PW_C000078,abstraction:ReactsWith,http://smpdb.ca/pathways/#CompoundReference/PW_C000396
http://smpdb.ca/pathways/#CompoundReference/PW_C000146,abstraction:ReactsWith,http://smpdb.ca/pathways/#CompoundReference/PW_C000134
http://smpdb.ca/pathways/#CompoundReference/PW_C000964,abstraction:ReactsWith,http://smpdb.ca/pathways/#CompoundReference/PW_C000174
http://smpdb.ca/pathways/#CompoundReference/PW_C000458,abstraction:ReactsWith,http://smpdb.ca/pathways/#CompoundReference/PW_C001420
http://smpdb.ca/pathways/#CompoundReference/PW_C040034,abstraction:ReactsWith,http://smpdb.ca/pathways/#CompoundReference/PW_C000009
http://smpdb.ca/pathways/#CompoundReference/PW_C000174,abstraction:ReactsWith,http://smpdb.ca/pathways/#CompoundReference/PW_C000986
http://smpdb.ca/pathways/#CompoundReference/PW_C001947,abstraction:ReactsWith,http://smpdb.ca/pathways/#CompoundReference/PW_C001420
http://smpdb.ca/pathways/#CompoundReference/PW_C000095,abstraction:ReactsWith,http://smpdb.ca/pathways/#CompoundReference/PW_C000150
http://smpdb.ca/pathways/#CompoundReference/PW_C000146,abstraction:ReactsWith,http://smpdb.ca/pathways/#CompoundReference/PW_C002965
http://smpdb.ca/pathways/#CompoundReference/PW_C000921,abstraction:ReactsWith,http://smpdb.ca/pathways/#CompoundReference/PW_C000955
http://smpdb.ca/pathways/#CompoundReference/PW_C000170,abstraction:ReactsWith,http://smpdb.ca/pathways/#CompoundReference/PW_C001168
http://smpdb.ca/pathways/#CompoundReference/PW_C001065,abstraction:ReactsWith,http://smpdb.ca/pathways/#CompoundReference/PW_C002766
http://smpdb.ca/pathways/#CompoundReference/PW_C000414,abstraction:ReactsWith,http://smpdb.ca/pathways/#CompoundReference/PW_C041033
http://smpdb.ca/pathways/#CompoundReference/PW_C001420,abstraction:ReactsWith,http://smpdb.ca/pathways/#CompoundReference/PW_C008646
http://smpdb.ca/pathways/#CompoundReference/PW_C000871,abstraction:ReactsWith,http://smpdb.ca/pathways/#CompoundReference/PW_C040034
http://smpdb.ca/pathways/#CompoundReference/PW_C000143,abstraction:ReactsWith,http://smpdb.ca/pathways/#CompoundReference/PW_C002907
http://smpdb.ca/pathways/#CompoundReference/PW_C000471,abstraction:ReactsWith,http://smpdb.ca/pathways/#CompoundReference/PW_C000414
http://smpdb.ca/pathways/#CompoundReference/PW_C001249,abstraction:ReactsWith,http://smpdb.ca/pathways/#CompoundReference/PW_C000746
http://smpdb.ca/pathways/#GenericCompoundReference/86,abstraction:ReactsWith,http://smpdb.ca/pathways/#CompoundReference/PW_C000414
http://smpdb.ca/pathways/#CompoundReference/PW_C001500,abstraction:ReactsWith,http://smpdb.ca/pathways/#CompoundReference/PW_C000095
http://smpdb.ca/pathways/#CompoundReference/PW_C000721,abstraction:ReactsWith,http://smpdb.ca/pathways/#CompoundReference/PW_C007823
http://smpdb.ca/pathways/#CompoundReference/PW_C001042,abstraction:ReactsWith,http://smpdb.ca/pathways/#CompoundReference/PW_C000179
http://smpdb.ca/pathways/#CompoundReference/PW_C043298,abstraction:ReactsWith,http://smpdb.ca/pathways/#CompoundReference/PW_C040034
http://smpdb.ca/pathways/#CompoundReference/PW_C057937,abstraction:ReactsWith,http://smpdb.ca/pathways/#CompoundReference/PW_C001065
http://smpdb.ca/pathways/#CompoundReference/PW_C000678,abstraction:ReactsWith,http://smpdb.ca/pathways/#CompoundReference/PW_C001065
http://smpdb.ca/pathways/#CompoundReference/PW_C042654,abstraction:ReactsWith,http://smpdb.ca/pathways/#CompoundReference/PW_C044515
http://smpdb.ca/pathways/#CompoundReference/PW_C000721,abstraction:ReactsWith,http://smpdb.ca/pathways/#CompoundReference/PW_C000795
http://smpdb.ca/pathways/#CompoundReference/PW_C040034,abstraction:ReactsWith,http://smpdb.ca/pathways/#CompoundReference/PW_C001035
http://smpdb.ca/pathways/#CompoundReference/PW_C000097,abstraction:ReactsWith,http://smpdb.ca/pathways/#CompoundReference/PW_C001420
http://smpdb.ca/pathways/#CompoundReference/PW_C000080,abstraction:ReactsWith,http://smpdb.ca/pathways/#CompoundReference/PW_C001030
http://smpdb.ca/pathways/#CompoundReference/PW_C001420,abstraction:ReactsWith,http://smpdb.ca/pathways/#CompoundReference/PW_C002955
http://smpdb.ca/pathways/#CompoundReference/PW_C000090,abstraction:ReactsWith,http://smpdb.ca/pathways/#CompoundReference/PW_C001144
http://smpdb.ca/pathways/#CompoundReference/PW_C000143,abstraction:ReactsWith,http://smpdb.ca/pathways/#CompoundReference/PW_C001420
http://smpdb.ca/pathways/#CompoundReference/PW_C000032,abstraction:ReactsWith,http://smpdb.ca/pathways/#CompoundReference/PW_C001420
http://smpdb.ca/pathways/#CompoundReference/PW_C040034,abstraction:ReactsWith,http://smpdb.ca/pathways/#CompoundReference/PW_C000008
http://smpdb.ca/pathways/#CompoundReference/PW_C001065,abstraction:ReactsWith,http://smpdb.ca/pathways/#CompoundReference/PW_C001714
http://smpdb.ca/pathways/#CompoundReference/PW_C104696,abstraction:ReactsWith,http://smpdb.ca/pathways/#CompoundReference/PW_C002040
http://smpdb.ca/pathways/#CompoundReference/PW_C001420,abstraction:ReactsWith,http://smpdb.ca/pathways/#CompoundReference/PW_C007780
http://smpdb.ca/pathways/#CompoundReference/PW_C001420,abstraction:ReactsWith,http://smpdb.ca/pathways/#CompoundReference/PW_C057917
http://smpdb.ca/pathways/#CompoundReference/PW_C040034,abstraction:ReactsWith,http://smpdb.ca/pathways/#CompoundReference/PW_C000106
http://smpdb.ca/pathways/#CompoundReference/PW_C000003,abstraction:ReactsWith,http://smpdb.ca/pathways/#CompoundReference/PW_C000164
http://smpdb.ca/pathways/#GenericCompoundReference/40,abstraction:ReactsWith,http://smpdb.ca/pathways/#CompoundReference/PW_C000173
http://smpdb.ca/pathways/#CompoundReference/PW_C041683,abstraction:ReactsWith,http://smpdb.ca/pathways/#CompoundReference/PW_C000081
http://smpdb.ca/pathways/#CompoundReference/PW_C000805,abstraction:ReactsWith,http://smpdb.ca/pathways/#CompoundReference/PW_C011888
http://smpdb.ca/pathways/#CompoundReference/PW_C040034,abstraction:ReactsWith,http://smpdb.ca/pathways/#CompoundReference/PW_C104659
http://smpdb.ca/pathways/#CompoundReference/PW_C001932,abstraction:ReactsWith,http://smpdb.ca/pathways/#CompoundReference/PW_C040034
http://smpdb.ca/pathways/#CompoundReference/PW_C001065,abstraction:ReactsWith,http://smpdb.ca/pathways/#CompoundReference/PW_C001249
http://smpdb.ca/pathways/#CompoundReference/PW_C000538,abstraction:ReactsWith,http://smpdb.ca/pathways/#CompoundReference/PW_C001420
http://smpdb.ca/pathways/#CompoundReference/PW_C042898,abstraction:ReactsWith,http://smpdb.ca/pathways/#CompoundReference/PW_C040034
http://smpdb.ca/pathways/#CompoundReference/PW_C000040,abstraction:ReactsWith,http://smpdb.ca/pathways/#CompoundReference/PW_C000116
http://smpdb.ca/pathways/#CompoundReference/PW_C000414,abstraction:ReactsWith,http://smpdb.ca/pathways/#CompoundReference/PW_C009240
http://smpdb.ca/pathways/#CompoundReference/PW_C104777,abstraction:ReactsWith,http://smpdb.ca/pathways/#CompoundReference/PW_C001420
http://smpdb.ca/pathways/#CompoundReference/PW_C009036,abstraction:ReactsWith,http://smpdb.ca/pathways/#CompoundReference/PW_C000414
http://smpdb.ca/pathways/#CompoundReference/PW_C001420,abstraction:ReactsWith,http://smpdb.ca/pathways/#CompoundReference/PW_C042920
http://smpdb.ca/pathways/#CompoundReference/PW_C001065,abstraction:ReactsWith,http://smpdb.ca/pathways/#CompoundReference/PW_C009058
http://smpdb.ca/pathways/#CompoundReference/PW_C057916,abstraction:ReactsWith,http://smpdb.ca/pathways/#CompoundReference/PW_C040034
http://smpdb.ca/pathways/#CompoundReference/PW_C000414,abstraction:ReactsWith,http://smpdb.ca/pathways/#CompoundReference/PW_C000187
http://smpdb.ca/pathways/#CompoundReference/PW_C008912,abstraction:ReactsWith,http://smpdb.ca/pathways/#CompoundReference/PW_C000746
http://smpdb.ca/pathways/#CompoundReference/PW_C001104,abstraction:ReactsWith,http://smpdb.ca/pathways/#CompoundReference/PW_C000180
http://smpdb.ca/pathways/#CompoundReference/PW_C000373,abstraction:ReactsWith,http://smpdb.ca/pathways/#CompoundReference/PW_C001420
http://smpdb.ca/pathways/#CompoundReference/PW_C040034,abstraction:ReactsWith,http://smpdb.ca/pathways/#CompoundReference/PW_C009567
http://smpdb.ca/pathways/#CompoundReference/PW_C002699,abstraction:ReactsWith,http://smpdb.ca/pathways/#CompoundReference/PW_C000414
http://smpdb.ca/pathways/#GenericCompoundReference/310,abstraction:ReactsWith,http://smpdb.ca/pathways/#CompoundReference/PW_C001420
http://smpdb.ca/pathways/#CompoundReference/PW_C000414,abstraction:ReactsWith,http://smpdb.ca/pathways/#CompoundReference/PW_C040792
http://smpdb.ca/pathways/#CompoundReference/PW_C001065,abstraction:ReactsWith,http://smpdb.ca/pathways/#CompoundReference/PW_C000959
http://smpdb.ca/pathways/#CompoundReference/PW_C001589,abstraction:ReactsWith,http://smpdb.ca/pathways/#CompoundReference/PW_C001099
http://smpdb.ca/pathways/#CompoundReference/PW_C000471,abstraction:ReactsWith,http://smpdb.ca/pathways/#CompoundReference/PW_C001420
http://smpdb.ca/pathways/#CompoundReference/PW_C102459,abstraction:ReactsWith,http://smpdb.ca/pathways/#CompoundReference/PW_C000921
http://smpdb.ca/pathways/#CompoundReference/PW_C040034,abstraction:ReactsWith,http://smpdb.ca/pathways/#CompoundReference/PW_C000835
http://smpdb.ca/pathways/#GenericCompoundReference/115,abstraction:ReactsWith,http://smpdb.ca/pathways/#CompoundReference/PW_C000921
http://smpdb.ca/pathways/#CompoundReference/PW_C000763,abstraction:ReactsWith,http://smpdb.ca/pathways/#CompoundReference/PW_C000721
http://smpdb.ca/pathways/#CompoundReference/PW_C000180,abstraction:ReactsWith,http://smpdb.ca/pathways/#CompoundReference/PW_C057925
http://smpdb.ca/pathways/#CompoundReference/PW_C000134,abstraction:ReactsWith,http://smpdb.ca/pathways/#CompoundReference/PW_C017784
http://smpdb.ca/pathways/#CompoundReference/PW_C000143,abstraction:ReactsWith,http://smpdb.ca/pathways/#CompoundReference/PW_C002083
http://smpdb.ca/pathways/#CompoundReference/PW_C057933,abstraction:ReactsWith,http://smpdb.ca/pathways/#CompoundReference/PW_C001420
http://smpdb.ca/pathways/#CompoundReference/PW_C001065,abstraction:ReactsWith,http://smpdb.ca/pathways/#CompoundReference/PW_C057942
http://smpdb.ca/pathways/#CompoundReference/PW_C000146,abstraction:ReactsWith,http://smpdb.ca/pathways/#CompoundReference/PW_C001537
http://smpdb.ca/pathways/#CompoundReference/PW_C001707,abstraction:ReactsWith,http://smpdb.ca/pathways/#CompoundReference/PW_C001065
http://smpdb.ca/pathways/#CompoundReference/PW_C040773,abstraction:ReactsWith,http://smpdb.ca/pathways/#CompoundReference/PW_C001077
http://smpdb.ca/pathways/#CompoundReference/PW_C001065,abstraction:ReactsWith,http://smpdb.ca/pathways/#CompoundReference/PW_C001197
http://smpdb.ca/pathways/#CompoundReference/PW_C000120,abstraction:ReactsWith,http://smpdb.ca/pathways/#CompoundReference/PW_C001221
http://smpdb.ca/pathways/#CompoundReference/PW_C000964,abstraction:ReactsWith,http://smpdb.ca/pathways/#CompoundReference/PW_C000846
http://smpdb.ca/pathways/#CompoundReference/PW_C000168,abstraction:ReactsWith,http://smpdb.ca/pathways/#CompoundReference/PW_C000093
http://smpdb.ca/pathways/#CompoundReference/PW_C040034,abstraction:ReactsWith,http://smpdb.ca/pathways/#CompoundReference/PW_C001061
http://smpdb.ca/pathways/#CompoundReference/PW_C000204,abstraction:ReactsWith,http://smpdb.ca/pathways/#CompoundReference/PW_C001065
http://smpdb.ca/pathways/#CompoundReference/PW_C000869,abstraction:ReactsWith,http://smpdb.ca/pathways/#CompoundReference/PW_C001134
http://smpdb.ca/pathways/#CompoundReference/PW_C000414,abstraction:ReactsWith,http://smpdb.ca/pathways/#CompoundReference/PW_C001196
http://smpdb.ca/pathways/#CompoundReference/PW_C001420,abstraction:ReactsWith,http://smpdb.ca/pathways/#CompoundReference/PW_C002991
http://smpdb.ca/pathways/#CompoundReference/PW_C001031,abstraction:ReactsWith,http://smpdb.ca/pathways/#CompoundReference/PW_C042631
http://smpdb.ca/pathways/#CompoundReference/PW_C001065,abstraction:ReactsWith,http://smpdb.ca/pathways/#CompoundReference/PW_C002040
http://smpdb.ca/pathways/#CompoundReference/PW_C006780,abstraction:ReactsWith,http://smpdb.ca/pathways/#CompoundReference/PW_C002791
http://smpdb.ca/pathways/#GenericCompoundReference/47,abstraction:ReactsWith,http://smpdb.ca/pathways/#CompoundReference/PW_C000414
http://smpdb.ca/pathways/#CompoundReference/PW_C001065,abstraction:ReactsWith,http://smpdb.ca/pathways/#CompoundReference/PW_C002381
http://smpdb.ca/pathways/#CompoundReference/PW_C001535,abstraction:ReactsWith,http://smpdb.ca/pathways/#CompoundReference/PW_C000721
http://smpdb.ca/pathways/#CompoundReference/PW_C040034,abstraction:ReactsWith,http://smpdb.ca/pathways/#CompoundReference/PW_C000098
http://smpdb.ca/pathways/#CompoundReference/PW_C009649,abstraction:ReactsWith,http://smpdb.ca/pathways/#CompoundReference/PW_C001144
http://smpdb.ca/pathways/#CompoundReference/PW_C041100,abstraction:ReactsWith,http://smpdb.ca/pathways/#CompoundReference/PW_C041590
http://smpdb.ca/pathways/#CompoundReference/PW_C009036,abstraction:ReactsWith,http://smpdb.ca/pathways/#CompoundReference/PW_C001420
http://smpdb.ca/pathways/#CompoundReference/PW_C042937,abstraction:ReactsWith,http://smpdb.ca/pathways/#CompoundReference/PW_C000414
http://smpdb.ca/pathways/#GenericCompoundReference/140,abstraction:ReactsWith,http://smpdb.ca/pathways/#CompoundReference/PW_C001099
http://smpdb.ca/pathways/#CompoundReference/PW_C042677,abstraction:ReactsWith,http://smpdb.ca/pathways/#CompoundReference/PW_C001420
http://smpdb.ca/pathways/#CompoundReference/PW_C001491,abstraction:ReactsWith,http://smpdb.ca/pathways/#CompoundReference/PW_C040034
http://smpdb.ca/pathways/#CompoundReference/PW_C000070,abstraction:ReactsWith,http://smpdb.ca/pathways/#CompoundReference/PW_C000721
http://smpdb.ca/pathways/#CompoundReference/PW_C040765,abstraction:ReactsWith,http://smpdb.ca/pathways/#CompoundReference/PW_C000414
http://smpdb.ca/pathways/#CompoundReference/PW_C040034,abstraction:ReactsWith,http://smpdb.ca/pathways/#CompoundReference/PW_C002948
http://smpdb.ca/pathways/#CompoundReference/PW_C000921,abstraction:ReactsWith,http://smpdb.ca/pathways/#CompoundReference/PW_C102459
http://smpdb.ca/pathways/#CompoundReference/PW_C001420,abstraction:ReactsWith,http://smpdb.ca/pathways/#CompoundReference/PW_C057317
http://smpdb.ca/pathways/#CompoundReference/PW_C040949,abstraction:ReactsWith,http://smpdb.ca/pathways/#CompoundReference/PW_C001035
http://smpdb.ca/pathways/#CompoundReference/PW_C040034,abstraction:ReactsWith,http://smpdb.ca/pathways/#CompoundReference/PW_C044583
http://smpdb.ca/pathways/#CompoundReference/PW_C000112,abstraction:ReactsWith,http://smpdb.ca/pathways/#CompoundReference/PW_C040034
http://smpdb.ca/pathways/#CompoundReference/PW_C001202,abstraction:ReactsWith,http://smpdb.ca/pathways/#CompoundReference/PW_C001420
http://smpdb.ca/pathways/#CompoundReference/PW_C001420,abstraction:ReactsWith,http://smpdb.ca/pathways/#CompoundReference/PW_C096936
http://smpdb.ca/pathways/#CompoundReference/PW_C000414,abstraction:ReactsWith,http://smpdb.ca/pathways/#CompoundReference/PW_C001146
http://smpdb.ca/pathways/#CompoundReference/PW_C000923,abstraction:ReactsWith,http://smpdb.ca/pathways/#CompoundReference/PW_C000414
http://smpdb.ca/pathways/#CompoundReference/PW_C000655,abstraction:ReactsWith,http://smpdb.ca/pathways/#CompoundReference/PW_C000886
http://smpdb.ca/pathways/#CompoundReference/PW_C000746,abstraction:ReactsWith,http://smpdb.ca/pathways/#CompoundReference/PW_C008829
http://smpdb.ca/pathways/#CompoundReference/PW_C000146,abstraction:ReactsWith,http://smpdb.ca/pathways/#CompoundReference/PW_C044571
http://smpdb.ca/pathways/#CompoundReference/PW_C000570,abstraction:ReactsWith,http://smpdb.ca/pathways/#CompoundReference/PW_C000808
http://smpdb.ca/pathways/#CompoundReference/PW_C059077,abstraction:ReactsWith,http://smpdb.ca/pathways/#CompoundReference/PW_C040034
http://smpdb.ca/pathways/#CompoundReference/PW_C003002,abstraction:ReactsWith,http://smpdb.ca/pathways/#CompoundReference/PW_C040034
http://smpdb.ca/pathways/#CompoundReference/PW_C042760,abstraction:ReactsWith,http://smpdb.ca/pathways/#CompoundReference/PW_C001065
http://smpdb.ca/pathways/#CompoundReference/PW_C008648,abstraction:ReactsWith,http://smpdb.ca/pathways/#CompoundReference/PW_C000746
http://smpdb.ca/pathways/#CompoundReference/PW_C001420,abstraction:ReactsWith,http://smpdb.ca/pathways/#CompoundReference/PW_C044590
http://smpdb.ca/pathways/#CompoundReference/PW_C057939,abstraction:ReactsWith,http://smpdb.ca/pathways/#CompoundReference/PW_C001065
http://smpdb.ca/pathways/#CompoundReference/PW_C000414,abstraction:ReactsWith,http://smpdb.ca/pathways/#CompoundReference/PW_C001092
http://smpdb.ca/pathways/#CompoundReference/PW_C001104,abstraction:ReactsWith,http://smpdb.ca/pathways/#CompoundReference/PW_C000164
http://smpdb.ca/pathways/#CompoundReference/PW_C040034,abstraction:ReactsWith,http://smpdb.ca/pathways/#CompoundReference/PW_C008134
http://smpdb.ca/pathways/#CompoundReference/PW_C001099,abstraction:ReactsWith,http://smpdb.ca/pathways/#CompoundReference/PW_C000897
http://smpdb.ca/pathways/#CompoundReference/PW_C000414,abstraction:ReactsWith,http://smpdb.ca/pathways/#CompoundReference/PW_C000103
http://smpdb.ca/pathways/#CompoundReference/PW_C001849,abstraction:ReactsWith,http://smpdb.ca/pathways/#CompoundReference/PW_C000414
http://smpdb.ca/pathways/#CompoundReference/PW_C001104,abstraction:ReactsWith,http://smpdb.ca/pathways/#CompoundReference/PW_C000068
http://smpdb.ca/pathways/#CompoundReference/PW_C000808,abstraction:ReactsWith,http://smpdb.ca/pathways/#CompoundReference/PW_C001104
http://smpdb.ca/pathways/#CompoundReference/PW_C001420,abstraction:ReactsWith,http://smpdb.ca/pathways/#CompoundReference/PW_C042902
http://smpdb.ca/pathways/#CompoundReference/PW_C000078,abstraction:ReactsWith,http://smpdb.ca/pathways/#CompoundReference/PW_C040034
http://smpdb.ca/pathways/#CompoundReference/PW_C104650,abstraction:ReactsWith,http://smpdb.ca/pathways/#CompoundReference/PW_C000891
http://smpdb.ca/pathways/#CompoundReference/PW_C006761,abstraction:ReactsWith,http://smpdb.ca/pathways/#CompoundReference/PW_C000080
http://smpdb.ca/pathways/#CompoundReference/PW_C001420,abstraction:ReactsWith,http://smpdb.ca/pathways/#CompoundReference/PW_C040060
http://smpdb.ca/pathways/#CompoundReference/PW_C000414,abstraction:ReactsWith,http://smpdb.ca/pathways/#CompoundReference/PW_C001161
http://smpdb.ca/pathways/#CompoundReference/PW_C000871,abstraction:ReactsWith,http://smpdb.ca/pathways/#CompoundReference/PW_C000044
http://smpdb.ca/pathways/#CompoundReference/PW_C001155,abstraction:ReactsWith,http://smpdb.ca/pathways/#CompoundReference/PW_C000414
http://smpdb.ca/pathways/#CompoundReference/PW_C009567,abstraction:ReactsWith,http://smpdb.ca/pathways/#CompoundReference/PW_C001065
http://smpdb.ca/pathways/#GenericCompoundReference/102,abstraction:ReactsWith,http://smpdb.ca/pathways/#CompoundReference/PW_C040034
http://smpdb.ca/pathways/#GenericCompoundReference/330,abstraction:ReactsWith,http://smpdb.ca/pathways/#CompoundReference/PW_C040034
http://smpdb.ca/pathways/#CompoundReference/PW_C001010,abstraction:ReactsWith,http://smpdb.ca/pathways/#GenericCompoundReference/162
http://smpdb.ca/pathways/#CompoundReference/PW_C000116,abstraction:ReactsWith,http://smpdb.ca/pathways/#CompoundReference/PW_C000040
http://smpdb.ca/pathways/#CompoundReference/PW_C001142,abstraction:ReactsWith,http://smpdb.ca/pathways/#CompoundReference/PW_C001099
http://smpdb.ca/pathways/#CompoundReference/PW_C057918,abstraction:ReactsWith,http://smpdb.ca/pathways/#CompoundReference/PW_C040034
http://smpdb.ca/pathways/#CompoundReference/PW_C001144,abstraction:ReactsWith,http://smpdb.ca/pathways/#CompoundReference/PW_C009649
http://smpdb.ca/pathways/#CompoundReference/PW_C009028,abstraction:ReactsWith,http://smpdb.ca/pathways/#CompoundReference/PW_C040034
http://smpdb.ca/pathways/#CompoundReference/PW_C000035,abstraction:ReactsWith,http://smpdb.ca/pathways/#CompoundReference/PW_C000095
http://smpdb.ca/pathways/#CompoundReference/PW_C001065,abstraction:ReactsWith,http://smpdb.ca/pathways/#CompoundReference/PW_C008646
http://smpdb.ca/pathways/#CompoundReference/PW_C057928,abstraction:ReactsWith,http://smpdb.ca/pathways/#CompoundReference/PW_C000964
http://smpdb.ca/pathways/#CompoundReference/PW_C001420,abstraction:ReactsWith,http://smpdb.ca/pathways/#CompoundReference/PW_C000937
http://smpdb.ca/pathways/#CompoundReference/PW_C007209,abstraction:ReactsWith,http://smpdb.ca/pathways/#CompoundReference/PW_C000921
http://smpdb.ca/pathways/#CompoundReference/PW_C096967,abstraction:ReactsWith,http://smpdb.ca/pathways/#CompoundReference/PW_C104744
http://smpdb.ca/pathways/#CompoundReference/PW_C040765,abstraction:ReactsWith,http://smpdb.ca/pathways/#CompoundReference/PW_C001420
http://smpdb.ca/pathways/#CompoundReference/PW_C001420,abstraction:ReactsWith,http://smpdb.ca/pathways/#CompoundReference/PW_C001188
http://smpdb.ca/pathways/#CompoundReference/PW_C000463,abstraction:ReactsWith,http://smpdb.ca/pathways/#CompoundReference/PW_C000988
http://smpdb.ca/pathways/#CompoundReference/PW_C000146,abstraction:ReactsWith,http://smpdb.ca/pathways/#CompoundReference/PW_C002578
http://smpdb.ca/pathways/#CompoundReference/PW_C040034,abstraction:ReactsWith,http://smpdb.ca/pathways/#CompoundReference/PW_C041590
http://smpdb.ca/pathways/#CompoundReference/PW_C040034,abstraction:ReactsWith,http://smpdb.ca/pathways/#GenericCompoundReference/161
http://smpdb.ca/pathways/#CompoundReference/PW_C000070,abstraction:ReactsWith,http://smpdb.ca/pathways/#CompoundReference/PW_C001065
http://smpdb.ca/pathways/#CompoundReference/PW_C000081,abstraction:ReactsWith,http://smpdb.ca/pathways/#CompoundReference/PW_C001031
http://smpdb.ca/pathways/#CompoundReference/PW_C040034,abstraction:ReactsWith,http://smpdb.ca/pathways/#CompoundReference/PW_C041562
http://smpdb.ca/pathways/#CompoundReference/PW_C002924,abstraction:ReactsWith,http://smpdb.ca/pathways/#CompoundReference/PW_C000143
http://smpdb.ca/pathways/#CompoundReference/PW_C002733,abstraction:ReactsWith,http://smpdb.ca/pathways/#CompoundReference/PW_C000196
http://smpdb.ca/pathways/#CompoundReference/PW_C000923,abstraction:ReactsWith,http://smpdb.ca/pathways/#CompoundReference/PW_C001420
http://smpdb.ca/pathways/#CompoundReference/PW_C057943,abstraction:ReactsWith,http://smpdb.ca/pathways/#CompoundReference/PW_C000134
http://smpdb.ca/pathways/#CompoundReference/PW_C000414,abstraction:ReactsWith,http://smpdb.ca/pathways/#CompoundReference/PW_C000486
http://smpdb.ca/pathways/#CompoundReference/PW_C057913,abstraction:ReactsWith,http://smpdb.ca/pathways/#CompoundReference/PW_C006758
http://smpdb.ca/pathways/#CompoundReference/PW_C014903,abstraction:ReactsWith,http://smpdb.ca/pathways/#CompoundReference/PW_C001144
http://smpdb.ca/pathways/#CompoundReference/PW_C000058,abstraction:ReactsWith,http://smpdb.ca/pathways/#CompoundReference/PW_C001104
http://smpdb.ca/pathways/#CompoundReference/PW_C000162,abstraction:ReactsWith,http://smpdb.ca/pathways/#CompoundReference/PW_C001420
http://smpdb.ca/pathways/#CompoundReference/PW_C040034,abstraction:ReactsWith,http://smpdb.ca/pathways/#CompoundReference/PW_C002362
http://smpdb.ca/pathways/#CompoundReference/PW_C000741,abstraction:ReactsWith,http://smpdb.ca/pathways/#GenericCompoundReference/302
http://smpdb.ca/pathways/#CompoundReference/PW_C040034,abstraction:ReactsWith,http://smpdb.ca/pathways/#CompoundReference/PW_C040747
http://smpdb.ca/pathways/#CompoundReference/PW_C040034,abstraction:ReactsWith,http://smpdb.ca/pathways/#CompoundReference/PW_C057934
http://smpdb.ca/pathways/#CompoundReference/PW_C007726,abstraction:ReactsWith,http://smpdb.ca/pathways/#CompoundReference/PW_C001065
http://smpdb.ca/pathways/#CompoundReference/PW_C001144,abstraction:ReactsWith,http://smpdb.ca/pathways/#CompoundReference/PW_C000983
http://smpdb.ca/pathways/#GenericCompoundReference/41,abstraction:ReactsWith,http://smpdb.ca/pathways/#CompoundReference/PW_C001420
http://smpdb.ca/pathways/#CompoundReference/PW_C000023,abstraction:ReactsWith,http://smpdb.ca/pathways/#CompoundReference/PW_C001420
http://smpdb.ca/pathways/#CompoundReference/PW_C000861,abstraction:ReactsWith,http://smpdb.ca/pathways/#CompoundReference/PW_C000193
http://smpdb.ca/pathways/#CompoundReference/PW_C002703,abstraction:ReactsWith,http://smpdb.ca/pathways/#CompoundReference/PW_C000143
http://smpdb.ca/pathways/#CompoundReference/PW_C001420,abstraction:ReactsWith,http://smpdb.ca/pathways/#CompoundReference/PW_C009028
http://smpdb.ca/pathways/#CompoundReference/PW_C001603,abstraction:ReactsWith,http://smpdb.ca/pathways/#CompoundReference/PW_C000146
http://smpdb.ca/pathways/#CompoundReference/PW_C002350,abstraction:ReactsWith,http://smpdb.ca/pathways/#CompoundReference/PW_C001065
http://smpdb.ca/pathways/#CompoundReference/PW_C096924,abstraction:ReactsWith,http://smpdb.ca/pathways/#CompoundReference/PW_C000146
http://smpdb.ca/pathways/#CompoundReference/PW_C000845,abstraction:ReactsWith,http://smpdb.ca/pathways/#CompoundReference/PW_C000940
http://smpdb.ca/pathways/#CompoundReference/PW_C000721,abstraction:ReactsWith,http://smpdb.ca/pathways/#CompoundReference/PW_C000102
http://smpdb.ca/pathways/#CompoundReference/PW_C000057,abstraction:ReactsWith,http://smpdb.ca/pathways/#GenericCompoundReference/377
http://smpdb.ca/pathways/#CompoundReference/PW_C001316,abstraction:ReactsWith,http://smpdb.ca/pathways/#CompoundReference/PW_C000035
http://smpdb.ca/pathways/#CompoundReference/PW_C001155,abstraction:ReactsWith,http://smpdb.ca/pathways/#CompoundReference/PW_C001420
http://smpdb.ca/pathways/#CompoundReference/PW_C001420,abstraction:ReactsWith,http://smpdb.ca/pathways/#CompoundReference/PW_C104731
http://smpdb.ca/pathways/#CompoundReference/PW_C001420,abstraction:ReactsWith,http://smpdb.ca/pathways/#CompoundReference/PW_C057923
http://smpdb.ca/pathways/#CompoundReference/PW_C001065,abstraction:ReactsWith,http://smpdb.ca/pathways/#CompoundReference/PW_C002995
http://smpdb.ca/pathways/#CompoundReference/PW_C000134,abstraction:ReactsWith,http://smpdb.ca/pathways/#CompoundReference/PW_C001049
http://smpdb.ca/pathways/#CompoundReference/PW_C000146,abstraction:ReactsWith,http://smpdb.ca/pathways/#CompoundReference/PW_C007795
http://smpdb.ca/pathways/#CompoundReference/PW_C042663,abstraction:ReactsWith,http://smpdb.ca/pathways/#GenericCompoundReference/295
http://smpdb.ca/pathways/#CompoundReference/PW_C000414,abstraction:ReactsWith,http://smpdb.ca/pathways/#CompoundReference/PW_C000792
http://smpdb.ca/pathways/#CompoundReference/PW_C041602,abstraction:ReactsWith,http://smpdb.ca/pathways/#CompoundReference/PW_C001420
http://smpdb.ca/pathways/#CompoundReference/PW_C000103,abstraction:ReactsWith,http://smpdb.ca/pathways/#CompoundReference/PW_C000414
http://smpdb.ca/pathways/#CompoundReference/PW_C000721,abstraction:ReactsWith,http://smpdb.ca/pathways/#CompoundReference/PW_C001998
http://smpdb.ca/pathways/#CompoundReference/PW_C096950,abstraction:ReactsWith,http://smpdb.ca/pathways/#CompoundReference/PW_C040034
http://smpdb.ca/pathways/#CompoundReference/PW_C040034,abstraction:ReactsWith,http://smpdb.ca/pathways/#CompoundReference/PW_C008122
http://smpdb.ca/pathways/#CompoundReference/PW_C000123,abstraction:ReactsWith,http://smpdb.ca/pathways/#CompoundReference/PW_C000114
http://smpdb.ca/pathways/#CompoundReference/PW_C000911,abstraction:ReactsWith,http://smpdb.ca/pathways/#CompoundReference/PW_C001104
http://smpdb.ca/pathways/#CompoundReference/PW_C000142,abstraction:ReactsWith,http://smpdb.ca/pathways/#CompoundReference/PW_C001081
http://smpdb.ca/pathways/#CompoundReference/PW_C000500,abstraction:ReactsWith,http://smpdb.ca/pathways/#CompoundReference/PW_C000146
http://smpdb.ca/pathways/#CompoundReference/PW_C008621,abstraction:ReactsWith,http://smpdb.ca/pathways/#CompoundReference/PW_C040034
http://smpdb.ca/pathways/#CompoundReference/PW_C000738,abstraction:ReactsWith,http://smpdb.ca/pathways/#CompoundReference/PW_C040034
http://smpdb.ca/pathways/#CompoundReference/PW_C001065,abstraction:ReactsWith,http://smpdb.ca/pathways/#CompoundReference/PW_C001051
http://smpdb.ca/pathways/#CompoundReference/PW_C000143,abstraction:ReactsWith,http://smpdb.ca/pathways/#CompoundReference/PW_C000035
http://smpdb.ca/pathways/#CompoundReference/PW_C000170,abstraction:ReactsWith,http://smpdb.ca/pathways/#CompoundReference/PW_C001080
http://smpdb.ca/pathways/#CompoundReference/PW_C000940,abstraction:ReactsWith,http://smpdb.ca/pathways/#CompoundReference/PW_C001234
http://smpdb.ca/pathways/#CompoundReference/PW_C002750,abstraction:ReactsWith,http://smpdb.ca/pathways/#CompoundReference/PW_C000721
http://smpdb.ca/pathways/#CompoundReference/PW_C000721,abstraction:ReactsWith,http://smpdb.ca/pathways/#CompoundReference/PW_C000976
http://smpdb.ca/pathways/#CompoundReference/PW_C002009,abstraction:ReactsWith,http://smpdb.ca/pathways/#CompoundReference/PW_C040034
http://smpdb.ca/pathways/#CompoundReference/PW_C044546,abstraction:ReactsWith,http://smpdb.ca/pathways/#CompoundReference/PW_C000146
http://smpdb.ca/pathways/#CompoundReference/PW_C000414,abstraction:ReactsWith,http://smpdb.ca/pathways/#CompoundReference/PW_C002709
http://smpdb.ca/pathways/#CompoundReference/PW_C000721,abstraction:ReactsWith,http://smpdb.ca/pathways/#CompoundReference/PW_C001535
http://smpdb.ca/pathways/#CompoundReference/PW_C000146,abstraction:ReactsWith,http://smpdb.ca/pathways/#CompoundReference/PW_C041287
http://smpdb.ca/pathways/#CompoundReference/PW_C000824,abstraction:ReactsWith,http://smpdb.ca/pathways/#CompoundReference/PW_C001065
http://smpdb.ca/pathways/#CompoundReference/PW_C000366,abstraction:ReactsWith,http://smpdb.ca/pathways/#CompoundReference/PW_C000543
http://smpdb.ca/pathways/#CompoundReference/PW_C001783,abstraction:ReactsWith,http://smpdb.ca/pathways/#CompoundReference/PW_C042924
http://smpdb.ca/pathways/#CompoundReference/PW_C057891,abstraction:ReactsWith,http://smpdb.ca/pathways/#CompoundReference/PW_C001065
http://smpdb.ca/pathways/#CompoundReference/PW_C007694,abstraction:ReactsWith,http://smpdb.ca/pathways/#CompoundReference/PW_C001065
http://smpdb.ca/pathways/#CompoundReference/PW_C000414,abstraction:ReactsWith,http://smpdb.ca/pathways/#CompoundReference/PW_C000110
http://smpdb.ca/pathways/#CompoundReference/PW_C001420,abstraction:ReactsWith,http://smpdb.ca/pathways/#CompoundReference/PW_C008203
http://smpdb.ca/pathways/#CompoundReference/PW_C044600,abstraction:ReactsWith,http://smpdb.ca/pathways/#CompoundReference/PW_C000414
http://smpdb.ca/pathways/#CompoundReference/PW_C000143,abstraction:ReactsWith,http://smpdb.ca/pathways/#CompoundReference/PW_C044519
http://smpdb.ca/pathways/#CompoundReference/PW_C040034,abstraction:ReactsWith,http://smpdb.ca/pathways/#CompoundReference/PW_C001966
http://smpdb.ca/pathways/#CompoundReference/PW_C001785,abstraction:ReactsWith,http://smpdb.ca/pathways/#CompoundReference/PW_C001420
http://smpdb.ca/pathways/#CompoundReference/PW_C001420,abstraction:ReactsWith,http://smpdb.ca/pathways/#CompoundReference/PW_C000055
http://smpdb.ca/pathways/#CompoundReference/PW_C001420,abstraction:ReactsWith,http://smpdb.ca/pathways/#CompoundReference/PW_C000915
http://smpdb.ca/pathways/#CompoundReference/PW_C001099,abstraction:ReactsWith,http://smpdb.ca/pathways/#CompoundReference/PW_C000301
http://smpdb.ca/pathways/#CompoundReference/PW_C000080,abstraction:ReactsWith,http://smpdb.ca/pathways/#CompoundReference/PW_C040694
http://smpdb.ca/pathways/#CompoundReference/PW_C001144,abstraction:ReactsWith,http://smpdb.ca/pathways/#CompoundReference/PW_C012682
http://smpdb.ca/pathways/#CompoundReference/PW_C001038,abstraction:ReactsWith,http://smpdb.ca/pathways/#CompoundReference/PW_C000146
http://smpdb.ca/pathways/#CompoundReference/PW_C000463,abstraction:ReactsWith,http://smpdb.ca/pathways/#CompoundReference/PW_C000500
http://smpdb.ca/pathways/#CompoundReference/PW_C001034,abstraction:ReactsWith,http://smpdb.ca/pathways/#CompoundReference/PW_C040034
http://smpdb.ca/pathways/#CompoundReference/PW_C000779,abstraction:ReactsWith,http://smpdb.ca/pathways/#CompoundReference/PW_C001420
http://smpdb.ca/pathways/#CompoundReference/PW_C000544,abstraction:ReactsWith,http://smpdb.ca/pathways/#CompoundReference/PW_C000946
http://smpdb.ca/pathways/#CompoundReference/PW_C057882,abstraction:ReactsWith,http://smpdb.ca/pathways/#CompoundReference/PW_C001065
http://smpdb.ca/pathways/#CompoundReference/PW_C002954,abstraction:ReactsWith,http://smpdb.ca/pathways/#CompoundReference/PW_C000414
http://smpdb.ca/pathways/#CompoundReference/PW_C040744,abstraction:ReactsWith,http://smpdb.ca/pathways/#CompoundReference/PW_C000414
http://smpdb.ca/pathways/#CompoundReference/PW_C041287,abstraction:ReactsWith,http://smpdb.ca/pathways/#CompoundReference/PW_C000146
http://smpdb.ca/pathways/#CompoundReference/PW_C001420,abstraction:ReactsWith,http://smpdb.ca/pathways/#CompoundReference/PW_C001035
http://smpdb.ca/pathways/#CompoundReference/PW_C000103,abstraction:ReactsWith,http://smpdb.ca/pathways/#CompoundReference/PW_C001420
http://smpdb.ca/pathways/#CompoundReference/PW_C001420,abstraction:ReactsWith,http://smpdb.ca/pathways/#CompoundReference/PW_C040758
http://smpdb.ca/pathways/#CompoundReference/PW_C104797,abstraction:ReactsWith,http://smpdb.ca/pathways/#CompoundReference/PW_C040034
http://smpdb.ca/pathways/#CompoundReference/PW_C002151,abstraction:ReactsWith,http://smpdb.ca/pathways/#CompoundReference/PW_C002794
http://smpdb.ca/pathways/#CompoundReference/PW_C059092,abstraction:ReactsWith,http://smpdb.ca/pathways/#GenericCompoundReference/295
http://smpdb.ca/pathways/#CompoundReference/PW_C000886,abstraction:ReactsWith,http://smpdb.ca/pathways/#CompoundReference/PW_C000094
http://smpdb.ca/pathways/#CompoundReference/PW_C000146,abstraction:ReactsWith,http://smpdb.ca/pathways/#CompoundReference/PW_C040492
http://smpdb.ca/pathways/#CompoundReference/PW_C000156,abstraction:ReactsWith,http://smpdb.ca/pathways/#CompoundReference/PW_C040034
http://smpdb.ca/pathways/#CompoundReference/PW_C000971,abstraction:ReactsWith,http://smpdb.ca/pathways/#CompoundReference/PW_C000783
http://smpdb.ca/pathways/#CompoundReference/PW_C000540,abstraction:ReactsWith,http://smpdb.ca/pathways/#CompoundReference/PW_C000134
http://smpdb.ca/pathways/#CompoundReference/PW_C002030,abstraction:ReactsWith,http://smpdb.ca/pathways/#GenericCompoundReference/40
http://smpdb.ca/pathways/#CompoundReference/PW_C040483,abstraction:ReactsWith,http://smpdb.ca/pathways/#CompoundReference/PW_C000414
http://smpdb.ca/pathways/#CompoundReference/PW_C001420,abstraction:ReactsWith,http://smpdb.ca/pathways/#CompoundReference/PW_C000008
http://smpdb.ca/pathways/#CompoundReference/PW_C001420,abstraction:ReactsWith,http://smpdb.ca/pathways/#CompoundReference/PW_C000106
http://smpdb.ca/pathways/#CompoundReference/PW_C040034,abstraction:ReactsWith,http://smpdb.ca/pathways/#CompoundReference/PW_C007743
http://smpdb.ca/pathways/#CompoundReference/PW_C000146,abstraction:ReactsWith,http://smpdb.ca/pathways/#CompoundReference/PW_C000809
http://smpdb.ca/pathways/#CompoundReference/PW_C001918,abstraction:ReactsWith,http://smpdb.ca/pathways/#CompoundReference/PW_C000170
http://smpdb.ca/pathways/#CompoundReference/PW_C000196,abstraction:ReactsWith,http://smpdb.ca/pathways/#CompoundReference/PW_C001858
http://smpdb.ca/pathways/#CompoundReference/PW_C002371,abstraction:ReactsWith,http://smpdb.ca/pathways/#CompoundReference/PW_C001051
http://smpdb.ca/pathways/#CompoundReference/PW_C001420,abstraction:ReactsWith,http://smpdb.ca/pathways/#CompoundReference/PW_C002055
http://smpdb.ca/pathways/#CompoundReference/PW_C000874,abstraction:ReactsWith,http://smpdb.ca/pathways/#CompoundReference/PW_C001039
http://smpdb.ca/pathways/#CompoundReference/PW_C000558,abstraction:ReactsWith,http://smpdb.ca/pathways/#CompoundReference/PW_C000095
http://smpdb.ca/pathways/#CompoundReference/PW_C040859,abstraction:ReactsWith,http://smpdb.ca/pathways/#CompoundReference/PW_C001420
http://smpdb.ca/pathways/#CompoundReference/PW_C001428,abstraction:ReactsWith,http://smpdb.ca/pathways/#CompoundReference/PW_C001065
http://smpdb.ca/pathways/#CompoundReference/PW_C000170,abstraction:ReactsWith,http://smpdb.ca/pathways/#CompoundReference/PW_C000721
http://smpdb.ca/pathways/#CompoundReference/PW_C001065,abstraction:ReactsWith,http://smpdb.ca/pathways/#CompoundReference/PW_C104780
http://smpdb.ca/pathways/#CompoundReference/PW_C040034,abstraction:ReactsWith,http://smpdb.ca/pathways/#CompoundReference/PW_C012438
http://smpdb.ca/pathways/#CompoundReference/PW_C000972,abstraction:ReactsWith,http://smpdb.ca/pathways/#CompoundReference/PW_C040034
http://smpdb.ca/pathways/#CompoundReference/PW_C000414,abstraction:ReactsWith,http://smpdb.ca/pathways/#CompoundReference/PW_C000145
http://smpdb.ca/pathways/#CompoundReference/PW_C041114,abstraction:ReactsWith,http://smpdb.ca/pathways/#CompoundReference/PW_C000146
http://smpdb.ca/pathways/#CompoundReference/PW_C040034,abstraction:ReactsWith,http://smpdb.ca/pathways/#CompoundReference/PW_C000146
http://smpdb.ca/pathways/#CompoundReference/PW_C000080,abstraction:ReactsWith,http://smpdb.ca/pathways/#CompoundReference/PW_C012706
http://smpdb.ca/pathways/#CompoundReference/PW_C000193,abstraction:ReactsWith,http://smpdb.ca/pathways/#CompoundReference/PW_C000721
http://smpdb.ca/pathways/#CompoundReference/PW_C001420,abstraction:ReactsWith,http://smpdb.ca/pathways/#CompoundReference/PW_C000538
http://smpdb.ca/pathways/#CompoundReference/PW_C000047,abstraction:ReactsWith,http://smpdb.ca/pathways/#GenericCompoundReference/210
http://smpdb.ca/pathways/#CompoundReference/PW_C040488,abstraction:ReactsWith,http://smpdb.ca/pathways/#CompoundReference/PW_C000721
http://smpdb.ca/pathways/#CompoundReference/PW_C000994,abstraction:ReactsWith,http://smpdb.ca/pathways/#CompoundReference/PW_C000544
http://smpdb.ca/pathways/#CompoundReference/PW_C000497,abstraction:ReactsWith,http://smpdb.ca/pathways/#CompoundReference/PW_C000414
http://smpdb.ca/pathways/#CompoundReference/PW_C001104,abstraction:ReactsWith,http://smpdb.ca/pathways/#CompoundReference/PW_C000910
http://smpdb.ca/pathways/#CompoundReference/PW_C000886,abstraction:ReactsWith,http://smpdb.ca/pathways/#CompoundReference/PW_C000655
http://smpdb.ca/pathways/#CompoundReference/PW_C000146,abstraction:ReactsWith,http://smpdb.ca/pathways/#CompoundReference/PW_C041140
http://smpdb.ca/pathways/#CompoundReference/PW_C001420,abstraction:ReactsWith,http://smpdb.ca/pathways/#CompoundReference/PW_C009036
http://smpdb.ca/pathways/#CompoundReference/PW_C044553,abstraction:ReactsWith,http://smpdb.ca/pathways/#CompoundReference/PW_C044554
http://smpdb.ca/pathways/#CompoundReference/PW_C001065,abstraction:ReactsWith,http://smpdb.ca/pathways/#CompoundReference/PW_C001188
http://smpdb.ca/pathways/#CompoundReference/PW_C002968,abstraction:ReactsWith,http://smpdb.ca/pathways/#CompoundReference/PW_C001065
http://smpdb.ca/pathways/#CompoundReference/PW_C001420,abstraction:ReactsWith,http://smpdb.ca/pathways/#CompoundReference/PW_C001061
http://smpdb.ca/pathways/#CompoundReference/PW_C001065,abstraction:ReactsWith,http://smpdb.ca/pathways/#CompoundReference/PW_C002915
http://smpdb.ca/pathways/#CompoundReference/PW_C000886,abstraction:ReactsWith,http://smpdb.ca/pathways/#CompoundReference/PW_C002564
http://smpdb.ca/pathways/#CompoundReference/PW_C000414,abstraction:ReactsWith,http://smpdb.ca/pathways/#CompoundReference/PW_C001679
http://smpdb.ca/pathways/#CompoundReference/PW_C040839,abstraction:ReactsWith,http://smpdb.ca/pathways/#CompoundReference/PW_C001420
http://smpdb.ca/pathways/#CompoundReference/PW_C000414,abstraction:ReactsWith,http://smpdb.ca/pathways/#CompoundReference/PW_C000165
http://smpdb.ca/pathways/#CompoundReference/PW_C001420,abstraction:ReactsWith,http://smpdb.ca/pathways/#CompoundReference/PW_C040559
http://smpdb.ca/pathways/#CompoundReference/PW_C007824,abstraction:ReactsWith,http://smpdb.ca/pathways/#CompoundReference/PW_C007757
http://smpdb.ca/pathways/#CompoundReference/PW_C001420,abstraction:ReactsWith,http://smpdb.ca/pathways/#GenericCompoundReference/312
http://smpdb.ca/pathways/#CompoundReference/PW_C001118,abstraction:ReactsWith,http://smpdb.ca/pathways/#CompoundReference/PW_C001420
http://smpdb.ca/pathways/#GenericCompoundReference/521,abstraction:ReactsWith,http://smpdb.ca/pathways/#CompoundReference/PW_C000146
http://smpdb.ca/pathways/#CompoundReference/PW_C017005,abstraction:ReactsWith,http://smpdb.ca/pathways/#CompoundReference/PW_C000122
http://smpdb.ca/pathways/#CompoundReference/PW_C002008,abstraction:ReactsWith,http://smpdb.ca/pathways/#CompoundReference/PW_C040034
http://smpdb.ca/pathways/#CompoundReference/PW_C001065,abstraction:ReactsWith,http://smpdb.ca/pathways/#CompoundReference/PW_C104778
http://smpdb.ca/pathways/#CompoundReference/PW_C040034,abstraction:ReactsWith,http://smpdb.ca/pathways/#CompoundReference/PW_C000263
http://smpdb.ca/pathways/#CompoundReference/PW_C040034,abstraction:ReactsWith,http://smpdb.ca/pathways/#CompoundReference/PW_C040082
http://smpdb.ca/pathways/#CompoundReference/PW_C040034,abstraction:ReactsWith,http://smpdb.ca/pathways/#CompoundReference/PW_C000076
http://smpdb.ca/pathways/#CompoundReference/PW_C040972,abstraction:ReactsWith,http://smpdb.ca/pathways/#CompoundReference/PW_C000146
http://smpdb.ca/pathways/#CompoundReference/PW_C000143,abstraction:ReactsWith,http://smpdb.ca/pathways/#CompoundReference/PW_C001989
http://smpdb.ca/pathways/#CompoundReference/PW_C000143,abstraction:ReactsWith,http://smpdb.ca/pathways/#CompoundReference/PW_C007823
http://smpdb.ca/pathways/#CompoundReference/PW_C001099,abstraction:ReactsWith,http://smpdb.ca/pathways/#CompoundReference/PW_C000150
http://smpdb.ca/pathways/#CompoundReference/PW_C001065,abstraction:ReactsWith,http://smpdb.ca/pathways/#CompoundReference/PW_C009028
http://smpdb.ca/pathways/#CompoundReference/PW_C044506,abstraction:ReactsWith,http://smpdb.ca/pathways/#CompoundReference/PW_C040034
http://smpdb.ca/pathways/#CompoundReference/PW_C000414,abstraction:ReactsWith,http://smpdb.ca/pathways/#CompoundReference/PW_C001846
http://smpdb.ca/pathways/#CompoundReference/PW_C000869,abstraction:ReactsWith,http://smpdb.ca/pathways/#CompoundReference/PW_C000721
http://smpdb.ca/pathways/#CompoundReference/PW_C001222,abstraction:ReactsWith,http://smpdb.ca/pathways/#CompoundReference/PW_C001420
http://smpdb.ca/pathways/#CompoundReference/PW_C001144,abstraction:ReactsWith,http://smpdb.ca/pathways/#CompoundReference/PW_C044567
http://smpdb.ca/pathways/#CompoundReference/PW_C000414,abstraction:ReactsWith,http://smpdb.ca/pathways/#CompoundReference/PW_C044589
http://smpdb.ca/pathways/#GenericCompoundReference/158,abstraction:ReactsWith,http://smpdb.ca/pathways/#CompoundReference/PW_C001420
http://smpdb.ca/pathways/#CompoundReference/PW_C040841,abstraction:ReactsWith,http://smpdb.ca/pathways/#CompoundReference/PW_C040034
http://smpdb.ca/pathways/#CompoundReference/PW_C040986,abstraction:ReactsWith,http://smpdb.ca/pathways/#CompoundReference/PW_C040985
http://smpdb.ca/pathways/#CompoundReference/PW_C000853,abstraction:ReactsWith,http://smpdb.ca/pathways/#CompoundReference/PW_C001065
http://smpdb.ca/pathways/#CompoundReference/PW_C000012,abstraction:ReactsWith,http://smpdb.ca/pathways/#CompoundReference/PW_C000721
http://smpdb.ca/pathways/#CompoundReference/PW_C001420,abstraction:ReactsWith,http://smpdb.ca/pathways/#CompoundReference/PW_C002360
http://smpdb.ca/pathways/#CompoundReference/PW_C000974,abstraction:ReactsWith,http://smpdb.ca/pathways/#CompoundReference/PW_C000921
http://smpdb.ca/pathways/#CompoundReference/PW_C001065,abstraction:ReactsWith,http://smpdb.ca/pathways/#CompoundReference/PW_C001022
http://smpdb.ca/pathways/#CompoundReference/PW_C000084,abstraction:ReactsWith,http://smpdb.ca/pathways/#CompoundReference/PW_C001598
http://smpdb.ca/pathways/#CompoundReference/PW_C002724,abstraction:ReactsWith,http://smpdb.ca/pathways/#CompoundReference/PW_C000414
http://smpdb.ca/pathways/#CompoundReference/PW_C000886,abstraction:ReactsWith,http://smpdb.ca/pathways/#CompoundReference/PW_C001420
http://smpdb.ca/pathways/#CompoundReference/PW_C001420,abstraction:ReactsWith,http://smpdb.ca/pathways/#CompoundReference/PW_C000164
http://smpdb.ca/pathways/#CompoundReference/PW_C001065,abstraction:ReactsWith,http://smpdb.ca/pathways/#CompoundReference/PW_C008954
http://smpdb.ca/pathways/#CompoundReference/PW_C007727,abstraction:ReactsWith,http://smpdb.ca/pathways/#CompoundReference/PW_C001065
http://smpdb.ca/pathways/#CompoundReference/PW_C000944,abstraction:ReactsWith,http://smpdb.ca/pathways/#GenericCompoundReference/238
http://smpdb.ca/pathways/#CompoundReference/PW_C000921,abstraction:ReactsWith,http://smpdb.ca/pathways/#CompoundReference/PW_C004869
http://smpdb.ca/pathways/#CompoundReference/PW_C040778,abstraction:ReactsWith,http://smpdb.ca/pathways/#CompoundReference/PW_C002968
http://smpdb.ca/pathways/#CompoundReference/PW_C000911,abstraction:ReactsWith,http://smpdb.ca/pathways/#GenericCompoundReference/86
http://smpdb.ca/pathways/#GenericCompoundReference/210,abstraction:ReactsWith,http://smpdb.ca/pathways/#GenericCompoundReference/295
http://smpdb.ca/pathways/#CompoundReference/PW_C000940,abstraction:ReactsWith,http://smpdb.ca/pathways/#CompoundReference/PW_C000134
http://smpdb.ca/pathways/#CompoundReference/PW_C001420,abstraction:ReactsWith,http://smpdb.ca/pathways/#CompoundReference/PW_C000531
http://smpdb.ca/pathways/#CompoundReference/PW_C044502,abstraction:ReactsWith,http://smpdb.ca/pathways/#CompoundReference/PW_C000143
http://smpdb.ca/pathways/#CompoundReference/PW_C045267,abstraction:ReactsWith,http://smpdb.ca/pathways/#CompoundReference/PW_C000921
http://smpdb.ca/pathways/#CompoundReference/PW_C002722,abstraction:ReactsWith,http://smpdb.ca/pathways/#CompoundReference/PW_C040034
http://smpdb.ca/pathways/#CompoundReference/PW_C000037,abstraction:ReactsWith,http://smpdb.ca/pathways/#CompoundReference/PW_C040034
http://smpdb.ca/pathways/#CompoundReference/PW_C000500,abstraction:ReactsWith,http://smpdb.ca/pathways/#CompoundReference/PW_C001007
http://smpdb.ca/pathways/#CompoundReference/PW_C000414,abstraction:ReactsWith,http://smpdb.ca/pathways/#CompoundReference/PW_C001106
http://smpdb.ca/pathways/#CompoundReference/PW_C041100,abstraction:ReactsWith,http://smpdb.ca/pathways/#CompoundReference/PW_C001447
http://smpdb.ca/pathways/#CompoundReference/PW_C000131,abstraction:ReactsWith,http://smpdb.ca/pathways/#CompoundReference/PW_C000035
http://smpdb.ca/pathways/#CompoundReference/PW_C040066,abstraction:ReactsWith,http://smpdb.ca/pathways/#CompoundReference/PW_C000143
http://smpdb.ca/pathways/#CompoundReference/PW_C000940,abstraction:ReactsWith,http://smpdb.ca/pathways/#CompoundReference/PW_C000570
http://smpdb.ca/pathways/#CompoundReference/PW_C000721,abstraction:ReactsWith,http://smpdb.ca/pathways/#CompoundReference/PW_C001003
http://smpdb.ca/pathways/#CompoundReference/PW_C001065,abstraction:ReactsWith,http://smpdb.ca/pathways/#CompoundReference/PW_C007726
http://smpdb.ca/pathways/#CompoundReference/PW_C000031,abstraction:ReactsWith,http://smpdb.ca/pathways/#CompoundReference/PW_C057906
http://smpdb.ca/pathways/#CompoundReference/PW_C000991,abstraction:ReactsWith,http://smpdb.ca/pathways/#CompoundReference/PW_C001420
http://smpdb.ca/pathways/#CompoundReference/PW_C000143,abstraction:ReactsWith,http://smpdb.ca/pathways/#CompoundReference/PW_C042643
http://smpdb.ca/pathways/#CompoundReference/PW_C000414,abstraction:ReactsWith,http://smpdb.ca/pathways/#CompoundReference/PW_C000184
http://smpdb.ca/pathways/#CompoundReference/PW_C001065,abstraction:ReactsWith,http://smpdb.ca/pathways/#CompoundReference/PW_C000009
http://smpdb.ca/pathways/#CompoundReference/PW_C000921,abstraction:ReactsWith,http://smpdb.ca/pathways/#GenericCompoundReference/257
http://smpdb.ca/pathways/#CompoundReference/PW_C000414,abstraction:ReactsWith,http://smpdb.ca/pathways/#CompoundReference/PW_C000644
http://smpdb.ca/pathways/#CompoundReference/PW_C009064,abstraction:ReactsWith,http://smpdb.ca/pathways/#CompoundReference/PW_C001420
http://smpdb.ca/pathways/#CompoundReference/PW_C000170,abstraction:ReactsWith,http://smpdb.ca/pathways/#CompoundReference/PW_C000032
http://smpdb.ca/pathways/#CompoundReference/PW_C000143,abstraction:ReactsWith,http://smpdb.ca/pathways/#CompoundReference/PW_C000085
http://smpdb.ca/pathways/#CompoundReference/PW_C040066,abstraction:ReactsWith,http://smpdb.ca/pathways/#CompoundReference/PW_C000414
http://smpdb.ca/pathways/#CompoundReference/PW_C001034,abstraction:ReactsWith,http://smpdb.ca/pathways/#CompoundReference/PW_C001189
http://smpdb.ca/pathways/#CompoundReference/PW_C001065,abstraction:ReactsWith,http://smpdb.ca/pathways/#CompoundReference/PW_C002389
http://smpdb.ca/pathways/#CompoundReference/PW_C040092,abstraction:ReactsWith,http://smpdb.ca/pathways/#GenericCompoundReference/227
http://smpdb.ca/pathways/#CompoundReference/PW_C000146,abstraction:ReactsWith,http://smpdb.ca/pathways/#CompoundReference/PW_C011995
http://smpdb.ca/pathways/#CompoundReference/PW_C001045,abstraction:ReactsWith,http://smpdb.ca/pathways/#CompoundReference/PW_C001144
http://smpdb.ca/pathways/#CompoundReference/PW_C001455,abstraction:ReactsWith,http://smpdb.ca/pathways/#CompoundReference/PW_C000134
http://smpdb.ca/pathways/#CompoundReference/PW_C001120,abstraction:ReactsWith,http://smpdb.ca/pathways/#CompoundReference/PW_C000414
http://smpdb.ca/pathways/#CompoundReference/PW_C040941,abstraction:ReactsWith,http://smpdb.ca/pathways/#CompoundReference/PW_C000414
http://smpdb.ca/pathways/#CompoundReference/PW_C001396,abstraction:ReactsWith,http://smpdb.ca/pathways/#CompoundReference/PW_C000463
http://smpdb.ca/pathways/#CompoundReference/PW_C040697,abstraction:ReactsWith,http://smpdb.ca/pathways/#CompoundReference/PW_C001420
http://smpdb.ca/pathways/#GenericCompoundReference/210,abstraction:ReactsWith,http://smpdb.ca/pathways/#CompoundReference/PW_C000081
http://smpdb.ca/pathways/#CompoundReference/PW_C001420,abstraction:ReactsWith,http://smpdb.ca/pathways/#CompoundReference/PW_C000881
http://smpdb.ca/pathways/#CompoundReference/PW_C040761,abstraction:ReactsWith,http://smpdb.ca/pathways/#CompoundReference/PW_C001420
http://smpdb.ca/pathways/#CompoundReference/PW_C000885,abstraction:ReactsWith,http://smpdb.ca/pathways/#CompoundReference/PW_C000170
http://smpdb.ca/pathways/#CompoundReference/PW_C000964,abstraction:ReactsWith,http://smpdb.ca/pathways/#CompoundReference/PW_C040034
http://smpdb.ca/pathways/#CompoundReference/PW_C000193,abstraction:ReactsWith,http://smpdb.ca/pathways/#CompoundReference/PW_C000861
http://smpdb.ca/pathways/#CompoundReference/PW_C000414,abstraction:ReactsWith,http://smpdb.ca/pathways/#CompoundReference/PW_C000940
http://smpdb.ca/pathways/#CompoundReference/PW_C006078,abstraction:ReactsWith,http://smpdb.ca/pathways/#CompoundReference/PW_C001420
http://smpdb.ca/pathways/#CompoundReference/PW_C001191,abstraction:ReactsWith,http://smpdb.ca/pathways/#CompoundReference/PW_C000414
http://smpdb.ca/pathways/#CompoundReference/PW_C001420,abstraction:ReactsWith,http://smpdb.ca/pathways/#CompoundReference/PW_C009027
http://smpdb.ca/pathways/#CompoundReference/PW_C000164,abstraction:ReactsWith,http://smpdb.ca/pathways/#CompoundReference/PW_C000095
http://smpdb.ca/pathways/#CompoundReference/PW_C008794,abstraction:ReactsWith,http://smpdb.ca/pathways/#CompoundReference/PW_C001065
http://smpdb.ca/pathways/#CompoundReference/PW_C001055,abstraction:ReactsWith,http://smpdb.ca/pathways/#CompoundReference/PW_C000192
http://smpdb.ca/pathways/#CompoundReference/PW_C001420,abstraction:ReactsWith,http://smpdb.ca/pathways/#CompoundReference/PW_C042580
http://smpdb.ca/pathways/#CompoundReference/PW_C002809,abstraction:ReactsWith,http://smpdb.ca/pathways/#CompoundReference/PW_C001872
http://smpdb.ca/pathways/#CompoundReference/PW_C002942,abstraction:ReactsWith,http://smpdb.ca/pathways/#CompoundReference/PW_C001420
http://smpdb.ca/pathways/#CompoundReference/PW_C040690,abstraction:ReactsWith,http://smpdb.ca/pathways/#CompoundReference/PW_C001420
http://smpdb.ca/pathways/#CompoundReference/PW_C001420,abstraction:ReactsWith,http://smpdb.ca/pathways/#CompoundReference/PW_C000987
http://smpdb.ca/pathways/#CompoundReference/PW_C000414,abstraction:ReactsWith,http://smpdb.ca/pathways/#CompoundReference/PW_C000791
http://smpdb.ca/pathways/#CompoundReference/PW_C001900,abstraction:ReactsWith,http://smpdb.ca/pathways/#CompoundReference/PW_C000414
http://smpdb.ca/pathways/#CompoundReference/PW_C001065,abstraction:ReactsWith,http://smpdb.ca/pathways/#CompoundReference/PW_C000106
http://smpdb.ca/pathways/#CompoundReference/PW_C104582,abstraction:ReactsWith,http://smpdb.ca/pathways/#CompoundReference/PW_C104581
http://smpdb.ca/pathways/#CompoundReference/PW_C001065,abstraction:ReactsWith,http://smpdb.ca/pathways/#CompoundReference/PW_C104659
http://smpdb.ca/pathways/#CompoundReference/PW_C001420,abstraction:ReactsWith,http://smpdb.ca/pathways/#CompoundReference/PW_C059074
http://smpdb.ca/pathways/#CompoundReference/PW_C001099,abstraction:ReactsWith,http://smpdb.ca/pathways/#CompoundReference/PW_C000003
http://smpdb.ca/pathways/#CompoundReference/PW_C044575,abstraction:ReactsWith,http://smpdb.ca/pathways/#CompoundReference/PW_C000143
http://smpdb.ca/pathways/#CompoundReference/PW_C000146,abstraction:ReactsWith,http://smpdb.ca/pathways/#CompoundReference/PW_C010915
http://smpdb.ca/pathways/#CompoundReference/PW_C040034,abstraction:ReactsWith,http://smpdb.ca/pathways/#CompoundReference/PW_C043169
http://smpdb.ca/pathways/#CompoundReference/PW_C000079,abstraction:ReactsWith,http://smpdb.ca/pathways/#CompoundReference/PW_C000414
http://smpdb.ca/pathways/#CompoundReference/PW_C000721,abstraction:ReactsWith,http://smpdb.ca/pathways/#CompoundReference/PW_C002643
http://smpdb.ca/pathways/#CompoundReference/PW_C040034,abstraction:ReactsWith,http://smpdb.ca/pathways/#CompoundReference/PW_C057911
http://smpdb.ca/pathways/#CompoundReference/PW_C104652,abstraction:ReactsWith,http://smpdb.ca/pathways/#CompoundReference/PW_C000146
http://smpdb.ca/pathways/#CompoundReference/PW_C044553,abstraction:ReactsWith,http://smpdb.ca/pathways/#CompoundReference/PW_C042631
http://smpdb.ca/pathways/#CompoundReference/PW_C000721,abstraction:ReactsWith,http://smpdb.ca/pathways/#CompoundReference/PW_C000644
http://smpdb.ca/pathways/#CompoundReference/PW_C000078,abstraction:ReactsWith,http://smpdb.ca/pathways/#CompoundReference/PW_C001221
http://smpdb.ca/pathways/#CompoundReference/PW_C000095,abstraction:ReactsWith,http://smpdb.ca/pathways/#CompoundReference/PW_C022608
http://smpdb.ca/pathways/#CompoundReference/PW_C040962,abstraction:ReactsWith,http://smpdb.ca/pathways/#CompoundReference/PW_C000721
http://smpdb.ca/pathways/#CompoundReference/PW_C000746,abstraction:ReactsWith,http://smpdb.ca/pathways/#CompoundReference/PW_C000193
http://smpdb.ca/pathways/#CompoundReference/PW_C000120,abstraction:ReactsWith,http://smpdb.ca/pathways/#CompoundReference/PW_C001031
http://smpdb.ca/pathways/#CompoundReference/PW_C007729,abstraction:ReactsWith,http://smpdb.ca/pathways/#CompoundReference/PW_C040034
http://smpdb.ca/pathways/#CompoundReference/PW_C001144,abstraction:ReactsWith,http://smpdb.ca/pathways/#CompoundReference/PW_C001347
http://smpdb.ca/pathways/#CompoundReference/PW_C040034,abstraction:ReactsWith,http://smpdb.ca/pathways/#CompoundReference/PW_C001447
http://smpdb.ca/pathways/#CompoundReference/PW_C000120,abstraction:ReactsWith,http://smpdb.ca/pathways/#CompoundReference/PW_C000590
http://smpdb.ca/pathways/#CompoundReference/PW_C001065,abstraction:ReactsWith,http://smpdb.ca/pathways/#CompoundReference/PW_C009567
http://smpdb.ca/pathways/#CompoundReference/PW_C000095,abstraction:ReactsWith,http://smpdb.ca/pathways/#CompoundReference/PW_C000448
http://smpdb.ca/pathways/#CompoundReference/PW_C000921,abstraction:ReactsWith,http://smpdb.ca/pathways/#CompoundReference/PW_C000590
http://smpdb.ca/pathways/#CompoundReference/PW_C000192,abstraction:ReactsWith,http://smpdb.ca/pathways/#CompoundReference/PW_C040034
http://smpdb.ca/pathways/#CompoundReference/PW_C000067,abstraction:ReactsWith,http://smpdb.ca/pathways/#CompoundReference/PW_C001420
http://smpdb.ca/pathways/#CompoundReference/PW_C000547,abstraction:ReactsWith,http://smpdb.ca/pathways/#CompoundReference/PW_C001060
http://smpdb.ca/pathways/#CompoundReference/PW_C000414,abstraction:ReactsWith,http://smpdb.ca/pathways/#CompoundReference/PW_C040445
http://smpdb.ca/pathways/#CompoundReference/PW_C000825,abstraction:ReactsWith,http://smpdb.ca/pathways/#CompoundReference/PW_C001420
http://smpdb.ca/pathways/#CompoundReference/PW_C000146,abstraction:ReactsWith,http://smpdb.ca/pathways/#CompoundReference/PW_C000721
http://smpdb.ca/pathways/#CompoundReference/PW_C040756,abstraction:ReactsWith,http://smpdb.ca/pathways/#CompoundReference/PW_C040034
http://smpdb.ca/pathways/#CompoundReference/PW_C001065,abstraction:ReactsWith,http://smpdb.ca/pathways/#CompoundReference/PW_C000538
http://smpdb.ca/pathways/#CompoundReference/PW_C000080,abstraction:ReactsWith,http://smpdb.ca/pathways/#CompoundReference/PW_C007803
http://smpdb.ca/pathways/#CompoundReference/PW_C000134,abstraction:ReactsWith,http://smpdb.ca/pathways/#CompoundReference/PW_C001022
http://smpdb.ca/pathways/#CompoundReference/PW_C000143,abstraction:ReactsWith,http://smpdb.ca/pathways/#CompoundReference/PW_C000908
http://smpdb.ca/pathways/#CompoundReference/PW_C001139,abstraction:ReactsWith,http://smpdb.ca/pathways/#CompoundReference/PW_C040034
http://smpdb.ca/pathways/#CompoundReference/PW_C001823,abstraction:ReactsWith,http://smpdb.ca/pathways/#CompoundReference/PW_C000143
http://smpdb.ca/pathways/#CompoundReference/PW_C000081,abstraction:ReactsWith,http://smpdb.ca/pathways/#CompoundReference/PW_C000721
http://smpdb.ca/pathways/#CompoundReference/PW_C007752,abstraction:ReactsWith,http://smpdb.ca/pathways/#CompoundReference/PW_C040034
http://smpdb.ca/pathways/#CompoundReference/PW_C001104,abstraction:ReactsWith,http://smpdb.ca/pathways/#CompoundReference/PW_C000914
http://smpdb.ca/pathways/#CompoundReference/PW_C000921,abstraction:ReactsWith,http://smpdb.ca/pathways/#CompoundReference/PW_C001932
http://smpdb.ca/pathways/#CompoundReference/PW_C000193,abstraction:ReactsWith,http://smpdb.ca/pathways/#CompoundReference/PW_C045264
http://smpdb.ca/pathways/#CompoundReference/PW_C002047,abstraction:ReactsWith,http://smpdb.ca/pathways/#CompoundReference/PW_C001065
http://smpdb.ca/pathways/#CompoundReference/PW_C000007,abstraction:ReactsWith,http://smpdb.ca/pathways/#CompoundReference/PW_C000414
http://smpdb.ca/pathways/#CompoundReference/PW_C000500,abstraction:ReactsWith,http://smpdb.ca/pathways/#CompoundReference/PW_C000192
http://smpdb.ca/pathways/#CompoundReference/PW_C001051,abstraction:ReactsWith,http://smpdb.ca/pathways/#CompoundReference/PW_C000134
http://smpdb.ca/pathways/#CompoundReference/PW_C040034,abstraction:ReactsWith,http://smpdb.ca/pathways/#CompoundReference/PW_C041003
http://smpdb.ca/pathways/#CompoundReference/PW_C041226,abstraction:ReactsWith,http://smpdb.ca/pathways/#CompoundReference/PW_C001420
http://smpdb.ca/pathways/#CompoundReference/PW_C001125,abstraction:ReactsWith,http://smpdb.ca/pathways/#CompoundReference/PW_C000146
http://smpdb.ca/pathways/#CompoundReference/PW_C000940,abstraction:ReactsWith,http://smpdb.ca/pathways/#CompoundReference/PW_C001171
http://smpdb.ca/pathways/#CompoundReference/PW_C001065,abstraction:ReactsWith,http://smpdb.ca/pathways/#CompoundReference/PW_C006774
http://smpdb.ca/pathways/#CompoundReference/PW_C001065,abstraction:ReactsWith,http://smpdb.ca/pathways/#CompoundReference/PW_C040559
http://smpdb.ca/pathways/#CompoundReference/PW_C041674,abstraction:ReactsWith,http://smpdb.ca/pathways/#CompoundReference/PW_C040034
http://smpdb.ca/pathways/#CompoundReference/PW_C042904,abstraction:ReactsWith,http://smpdb.ca/pathways/#CompoundReference/PW_C040034
http://smpdb.ca/pathways/#CompoundReference/PW_C001847,abstraction:ReactsWith,http://smpdb.ca/pathways/#CompoundReference/PW_C040034
http://smpdb.ca/pathways/#CompoundReference/PW_C000921,abstraction:ReactsWith,http://smpdb.ca/pathways/#CompoundReference/PW_C045273
http://smpdb.ca/pathways/#CompoundReference/PW_C001065,abstraction:ReactsWith,http://smpdb.ca/pathways/#CompoundReference/PW_C000098
http://smpdb.ca/pathways/#CompoundReference/PW_C007713,abstraction:ReactsWith,http://smpdb.ca/pathways/#CompoundReference/PW_C000721
http://smpdb.ca/pathways/#CompoundReference/PW_C000964,abstraction:ReactsWith,http://smpdb.ca/pathways/#CompoundReference/PW_C057933
http://smpdb.ca/pathways/#CompoundReference/PW_C000805,abstraction:ReactsWith,http://smpdb.ca/pathways/#CompoundReference/PW_C018857
http://smpdb.ca/pathways/#CompoundReference/PW_C001511,abstraction:ReactsWith,http://smpdb.ca/pathways/#CompoundReference/PW_C001420
http://smpdb.ca/pathways/#CompoundReference/PW_C007823,abstraction:ReactsWith,http://smpdb.ca/pathways/#CompoundReference/PW_C040034
http://smpdb.ca/pathways/#CompoundReference/PW_C001065,abstraction:ReactsWith,http://smpdb.ca/pathways/#CompoundReference/PW_C002914
http://smpdb.ca/pathways/#CompoundReference/PW_C007687,abstraction:ReactsWith,http://smpdb.ca/pathways/#CompoundReference/PW_C000901
http://smpdb.ca/pathways/#GenericCompoundReference/302,abstraction:ReactsWith,http://smpdb.ca/pathways/#CompoundReference/PW_C045257
http://smpdb.ca/pathways/#CompoundReference/PW_C043034,abstraction:ReactsWith,http://smpdb.ca/pathways/#GenericCompoundReference/533
http://smpdb.ca/pathways/#CompoundReference/PW_C000845,abstraction:ReactsWith,http://smpdb.ca/pathways/#GenericCompoundReference/69
http://smpdb.ca/pathways/#CompoundReference/PW_C104657,abstraction:ReactsWith,http://smpdb.ca/pathways/#CompoundReference/PW_C001065
http://smpdb.ca/pathways/#CompoundReference/PW_C041090,abstraction:ReactsWith,http://smpdb.ca/pathways/#CompoundReference/PW_C006758
http://smpdb.ca/pathways/#CompoundReference/PW_C001065,abstraction:ReactsWith,http://smpdb.ca/pathways/#CompoundReference/PW_C002948
http://smpdb.ca/pathways/#CompoundReference/PW_C040034,abstraction:ReactsWith,http://smpdb.ca/pathways/#CompoundReference/PW_C002704
http://smpdb.ca/pathways/#CompoundReference/PW_C001399,abstraction:ReactsWith,http://smpdb.ca/pathways/#CompoundReference/PW_C001056
http://smpdb.ca/pathways/#CompoundReference/PW_C096934,abstraction:ReactsWith,http://smpdb.ca/pathways/#CompoundReference/PW_C000207
http://smpdb.ca/pathways/#CompoundReference/PW_C001420,abstraction:ReactsWith,http://smpdb.ca/pathways/#GenericCompoundReference/94
http://smpdb.ca/pathways/#CompoundReference/PW_C000142,abstraction:ReactsWith,http://smpdb.ca/pathways/#CompoundReference/PW_C001065
http://smpdb.ca/pathways/#CompoundReference/PW_C044502,abstraction:ReactsWith,http://smpdb.ca/pathways/#CompoundReference/PW_C041674
http://smpdb.ca/pathways/#CompoundReference/PW_C001065,abstraction:ReactsWith,http://smpdb.ca/pathways/#CompoundReference/PW_C002360
http://smpdb.ca/pathways/#GenericCompoundReference/41,abstraction:ReactsWith,http://smpdb.ca/pathways/#CompoundReference/PW_C000065
http://smpdb.ca/pathways/#CompoundReference/PW_C000101,abstraction:ReactsWith,http://smpdb.ca/pathways/#CompoundReference/PW_C000143
http://smpdb.ca/pathways/#CompoundReference/PW_C044597,abstraction:ReactsWith,http://smpdb.ca/pathways/#CompoundReference/PW_C043034
http://smpdb.ca/pathways/#CompoundReference/PW_C040034,abstraction:ReactsWith,http://smpdb.ca/pathways/#CompoundReference/PW_C044506
http://smpdb.ca/pathways/#CompoundReference/PW_C000057,abstraction:ReactsWith,http://smpdb.ca/pathways/#CompoundReference/PW_C057893
http://smpdb.ca/pathways/#CompoundReference/PW_C000095,abstraction:ReactsWith,http://smpdb.ca/pathways/#CompoundReference/PW_C040839
http://smpdb.ca/pathways/#CompoundReference/PW_C000414,abstraction:ReactsWith,http://smpdb.ca/pathways/#CompoundReference/PW_C002699
http://smpdb.ca/pathways/#CompoundReference/PW_C000877,abstraction:ReactsWith,http://smpdb.ca/pathways/#CompoundReference/PW_C000190
http://smpdb.ca/pathways/#CompoundReference/PW_C000270,abstraction:ReactsWith,http://smpdb.ca/pathways/#CompoundReference/PW_C000944
http://smpdb.ca/pathways/#CompoundReference/PW_C040494,abstraction:ReactsWith,http://smpdb.ca/pathways/#CompoundReference/PW_C000746
http://smpdb.ca/pathways/#CompoundReference/PW_C000414,abstraction:ReactsWith,http://smpdb.ca/pathways/#CompoundReference/PW_C040973
http://smpdb.ca/pathways/#CompoundReference/PW_C001030,abstraction:ReactsWith,http://smpdb.ca/pathways/#CompoundReference/PW_C001420
http://smpdb.ca/pathways/#CompoundReference/PW_C041100,abstraction:ReactsWith,http://smpdb.ca/pathways/#CompoundReference/PW_C000143
http://smpdb.ca/pathways/#CompoundReference/PW_C007837,abstraction:ReactsWith,http://smpdb.ca/pathways/#CompoundReference/PW_C002564
http://smpdb.ca/pathways/#CompoundReference/PW_C008951,abstraction:ReactsWith,http://smpdb.ca/pathways/#CompoundReference/PW_C000414
http://smpdb.ca/pathways/#CompoundReference/PW_C000178,abstraction:ReactsWith,http://smpdb.ca/pathways/#CompoundReference/PW_C000940
http://smpdb.ca/pathways/#CompoundReference/PW_C003904,abstraction:ReactsWith,http://smpdb.ca/pathways/#CompoundReference/PW_C000145
http://smpdb.ca/pathways/#CompoundReference/PW_C000193,abstraction:ReactsWith,http://smpdb.ca/pathways/#CompoundReference/PW_C001083
http://smpdb.ca/pathways/#CompoundReference/PW_C000721,abstraction:ReactsWith,http://smpdb.ca/pathways/#CompoundReference/PW_C001431
http://smpdb.ca/pathways/#CompoundReference/PW_C000146,abstraction:ReactsWith,http://smpdb.ca/pathways/#CompoundReference/PW_C044537
http://smpdb.ca/pathways/#CompoundReference/PW_C001706,abstraction:ReactsWith,http://smpdb.ca/pathways/#CompoundReference/PW_C040034
http://smpdb.ca/pathways/#CompoundReference/PW_C001065,abstraction:ReactsWith,http://smpdb.ca/pathways/#CompoundReference/PW_C008134
http://smpdb.ca/pathways/#CompoundReference/PW_C000414,abstraction:ReactsWith,http://smpdb.ca/pathways/#CompoundReference/PW_C001863
http://smpdb.ca/pathways/#CompoundReference/PW_C001084,abstraction:ReactsWith,http://smpdb.ca/pathways/#CompoundReference/PW_C000146
http://smpdb.ca/pathways/#CompoundReference/PW_C104769,abstraction:ReactsWith,http://smpdb.ca/pathways/#CompoundReference/PW_C040034
http://smpdb.ca/pathways/#CompoundReference/PW_C000106,abstraction:ReactsWith,http://smpdb.ca/pathways/#CompoundReference/PW_C000414
http://smpdb.ca/pathways/#CompoundReference/PW_C000721,abstraction:ReactsWith,http://smpdb.ca/pathways/#CompoundReference/PW_C000849
http://smpdb.ca/pathways/#CompoundReference/PW_C001420,abstraction:ReactsWith,http://smpdb.ca/pathways/#CompoundReference/PW_C042918
http://smpdb.ca/pathways/#CompoundReference/PW_C000134,abstraction:ReactsWith,http://smpdb.ca/pathways/#CompoundReference/PW_C000106
http://smpdb.ca/pathways/#CompoundReference/PW_C001420,abstraction:ReactsWith,http://smpdb.ca/pathways/#CompoundReference/PW_C007718
http://smpdb.ca/pathways/#CompoundReference/PW_C001420,abstraction:ReactsWith,http://smpdb.ca/pathways/#CompoundReference/PW_C040476
http://smpdb.ca/pathways/#CompoundReference/PW_C001420,abstraction:ReactsWith,http://smpdb.ca/pathways/#CompoundReference/PW_C000146
http://smpdb.ca/pathways/#CompoundReference/PW_C000721,abstraction:ReactsWith,http://smpdb.ca/pathways/#CompoundReference/PW_C000746
http://smpdb.ca/pathways/#GenericCompoundReference/72,abstraction:ReactsWith,http://smpdb.ca/pathways/#CompoundReference/PW_C000146
http://smpdb.ca/pathways/#CompoundReference/PW_C002016,abstraction:ReactsWith,http://smpdb.ca/pathways/#CompoundReference/PW_C001065
http://smpdb.ca/pathways/#CompoundReference/PW_C057918,abstraction:ReactsWith,http://smpdb.ca/pathways/#GenericCompoundReference/299
http://smpdb.ca/pathways/#CompoundReference/PW_C000146,abstraction:ReactsWith,http://smpdb.ca/pathways/#CompoundReference/PW_C000022
http://smpdb.ca/pathways/#CompoundReference/PW_C040034,abstraction:ReactsWith,http://smpdb.ca/pathways/#CompoundReference/PW_C040762
http://smpdb.ca/pathways/#CompoundReference/PW_C040034,abstraction:ReactsWith,http://smpdb.ca/pathways/#CompoundReference/PW_C000192
http://smpdb.ca/pathways/#CompoundReference/PW_C041033,abstraction:ReactsWith,http://smpdb.ca/pathways/#CompoundReference/PW_C040034
http://smpdb.ca/pathways/#CompoundReference/PW_C040034,abstraction:ReactsWith,http://smpdb.ca/pathways/#CompoundReference/PW_C041090
http://smpdb.ca/pathways/#CompoundReference/PW_C040034,abstraction:ReactsWith,http://smpdb.ca/pathways/#CompoundReference/PW_C104580
http://smpdb.ca/pathways/#CompoundReference/PW_C000118,abstraction:ReactsWith,http://smpdb.ca/pathways/#CompoundReference/PW_C000146
http://smpdb.ca/pathways/#CompoundReference/PW_C002971,abstraction:ReactsWith,http://smpdb.ca/pathways/#CompoundReference/PW_C001065
http://smpdb.ca/pathways/#CompoundReference/PW_C040034,abstraction:ReactsWith,http://smpdb.ca/pathways/#CompoundReference/PW_C096925
http://smpdb.ca/pathways/#CompoundReference/PW_C001420,abstraction:ReactsWith,http://smpdb.ca/pathways/#CompoundReference/PW_C040858
http://smpdb.ca/pathways/#CompoundReference/PW_C007722,abstraction:ReactsWith,http://smpdb.ca/pathways/#CompoundReference/PW_C040034
http://smpdb.ca/pathways/#CompoundReference/PW_C040034,abstraction:ReactsWith,http://smpdb.ca/pathways/#CompoundReference/PW_C000094
http://smpdb.ca/pathways/#CompoundReference/PW_C000146,abstraction:ReactsWith,http://smpdb.ca/pathways/#CompoundReference/PW_C002048
http://smpdb.ca/pathways/#CompoundReference/PW_C000201,abstraction:ReactsWith,http://smpdb.ca/pathways/#CompoundReference/PW_C002240
http://smpdb.ca/pathways/#CompoundReference/PW_C040034,abstraction:ReactsWith,http://smpdb.ca/pathways/#CompoundReference/PW_C041007
http://smpdb.ca/pathways/#CompoundReference/PW_C000940,abstraction:ReactsWith,http://smpdb.ca/pathways/#CompoundReference/PW_C000373
http://smpdb.ca/pathways/#CompoundReference/PW_C000134,abstraction:ReactsWith,http://smpdb.ca/pathways/#CompoundReference/PW_C000538
http://smpdb.ca/pathways/#CompoundReference/PW_C014766,abstraction:ReactsWith,http://smpdb.ca/pathways/#CompoundReference/PW_C000721
http://smpdb.ca/pathways/#CompoundReference/PW_C000414,abstraction:ReactsWith,http://smpdb.ca/pathways/#CompoundReference/PW_C000822
http://smpdb.ca/pathways/#CompoundReference/PW_C000414,abstraction:ReactsWith,http://smpdb.ca/pathways/#CompoundReference/PW_C040621
http://smpdb.ca/pathways/#CompoundReference/PW_C045257,abstraction:ReactsWith,http://smpdb.ca/pathways/#CompoundReference/PW_C040034
http://smpdb.ca/pathways/#CompoundReference/PW_C057936,abstraction:ReactsWith,http://smpdb.ca/pathways/#CompoundReference/PW_C040034
http://smpdb.ca/pathways/#CompoundReference/PW_C001558,abstraction:ReactsWith,http://smpdb.ca/pathways/#GenericCompoundReference/69
http://smpdb.ca/pathways/#CompoundReference/PW_C000146,abstraction:ReactsWith,http://smpdb.ca/pathways/#CompoundReference/PW_C057912
http://smpdb.ca/pathways/#CompoundReference/PW_C007748,abstraction:ReactsWith,http://smpdb.ca/pathways/#CompoundReference/PW_C000500
http://smpdb.ca/pathways/#CompoundReference/PW_C000882,abstraction:ReactsWith,http://smpdb.ca/pathways/#CompoundReference/PW_C000414
http://smpdb.ca/pathways/#CompoundReference/PW_C104733,abstraction:ReactsWith,http://smpdb.ca/pathways/#CompoundReference/PW_C001099
http://smpdb.ca/pathways/#CompoundReference/PW_C000107,abstraction:ReactsWith,http://smpdb.ca/pathways/#CompoundReference/PW_C000975
http://smpdb.ca/pathways/#CompoundReference/PW_C040504,abstraction:ReactsWith,http://smpdb.ca/pathways/#CompoundReference/PW_C000721
http://smpdb.ca/pathways/#CompoundReference/PW_C001065,abstraction:ReactsWith,http://smpdb.ca/pathways/#CompoundReference/PW_C002362
http://smpdb.ca/pathways/#GenericCompoundReference/237,abstraction:ReactsWith,http://smpdb.ca/pathways/#CompoundReference/PW_C000448
http://smpdb.ca/pathways/#CompoundReference/PW_C001420,abstraction:ReactsWith,http://smpdb.ca/pathways/#CompoundReference/PW_C040082
http://smpdb.ca/pathways/#CompoundReference/PW_C009027,abstraction:ReactsWith,http://smpdb.ca/pathways/#CompoundReference/PW_C000414
http://smpdb.ca/pathways/#CompoundReference/PW_C002970,abstraction:ReactsWith,http://smpdb.ca/pathways/#CompoundReference/PW_C000146
http://smpdb.ca/pathways/#CompoundReference/PW_C000146,abstraction:ReactsWith,http://smpdb.ca/pathways/#CompoundReference/PW_C002374
http://smpdb.ca/pathways/#CompoundReference/PW_C000078,abstraction:ReactsWith,http://smpdb.ca/pathways/#CompoundReference/PW_C000826
http://smpdb.ca/pathways/#CompoundReference/PW_C001065,abstraction:ReactsWith,http://smpdb.ca/pathways/#CompoundReference/PW_C057934
http://smpdb.ca/pathways/#CompoundReference/PW_C000106,abstraction:ReactsWith,http://smpdb.ca/pathways/#CompoundReference/PW_C001420
http://smpdb.ca/pathways/#GenericCompoundReference/228,abstraction:ReactsWith,http://smpdb.ca/pathways/#CompoundReference/PW_C000366
http://smpdb.ca/pathways/#CompoundReference/PW_C000721,abstraction:ReactsWith,http://smpdb.ca/pathways/#CompoundReference/PW_C000972
http://smpdb.ca/pathways/#CompoundReference/PW_C040034,abstraction:ReactsWith,http://smpdb.ca/pathways/#CompoundReference/PW_C000143
http://smpdb.ca/pathways/#CompoundReference/PW_C001090,abstraction:ReactsWith,http://smpdb.ca/pathways/#CompoundReference/PW_C000095
http://smpdb.ca/pathways/#CompoundReference/PW_C001420,abstraction:ReactsWith,http://smpdb.ca/pathways/#GenericCompoundReference/41
http://smpdb.ca/pathways/#CompoundReference/PW_C000123,abstraction:ReactsWith,http://smpdb.ca/pathways/#CompoundReference/PW_C000723
http://smpdb.ca/pathways/#CompoundReference/PW_C040699,abstraction:ReactsWith,http://smpdb.ca/pathways/#CompoundReference/PW_C001065
http://smpdb.ca/pathways/#GenericCompoundReference/114,abstraction:ReactsWith,http://smpdb.ca/pathways/#CompoundReference/PW_C001099
http://smpdb.ca/pathways/#CompoundReference/PW_C001420,abstraction:ReactsWith,http://smpdb.ca/pathways/#CompoundReference/PW_C000883
http://smpdb.ca/pathways/#CompoundReference/PW_C000098,abstraction:ReactsWith,http://smpdb.ca/pathways/#CompoundReference/PW_C000746
http://smpdb.ca/pathways/#CompoundReference/PW_C001420,abstraction:ReactsWith,http://smpdb.ca/pathways/#CompoundReference/PW_C040607
http://smpdb.ca/pathways/#CompoundReference/PW_C000998,abstraction:ReactsWith,http://smpdb.ca/pathways/#CompoundReference/PW_C001420
http://smpdb.ca/pathways/#CompoundReference/PW_C040034,abstraction:ReactsWith,http://smpdb.ca/pathways/#CompoundReference/PW_C000414
http://smpdb.ca/pathways/#CompoundReference/PW_C040034,abstraction:ReactsWith,http://smpdb.ca/pathways/#CompoundReference/PW_C040566
http://smpdb.ca/pathways/#CompoundReference/PW_C040770,abstraction:ReactsWith,http://smpdb.ca/pathways/#CompoundReference/PW_C000721
http://smpdb.ca/pathways/#CompoundReference/PW_C040034,abstraction:ReactsWith,http://smpdb.ca/pathways/#CompoundReference/PW_C040741
http://smpdb.ca/pathways/#CompoundReference/PW_C000721,abstraction:ReactsWith,http://smpdb.ca/pathways/#CompoundReference/PW_C042627
http://smpdb.ca/pathways/#CompoundReference/PW_C007198,abstraction:ReactsWith,http://smpdb.ca/pathways/#CompoundReference/PW_C000044
http://smpdb.ca/pathways/#CompoundReference/PW_C000976,abstraction:ReactsWith,http://smpdb.ca/pathways/#CompoundReference/PW_C000146
http://smpdb.ca/pathways/#CompoundReference/PW_C000921,abstraction:ReactsWith,http://smpdb.ca/pathways/#CompoundReference/PW_C057914
http://smpdb.ca/pathways/#CompoundReference/PW_C000721,abstraction:ReactsWith,http://smpdb.ca/pathways/#CompoundReference/PW_C008612
http://smpdb.ca/pathways/#CompoundReference/PW_C012438,abstraction:ReactsWith,http://smpdb.ca/pathways/#CompoundReference/PW_C040034
http://smpdb.ca/pathways/#CompoundReference/PW_C000095,abstraction:ReactsWith,http://smpdb.ca/pathways/#CompoundReference/PW_C040034
http://smpdb.ca/pathways/#CompoundReference/PW_C040034,abstraction:ReactsWith,http://smpdb.ca/pathways/#CompoundReference/PW_C104669
http://smpdb.ca/pathways/#CompoundReference/PW_C002704,abstraction:ReactsWith,http://smpdb.ca/pathways/#CompoundReference/PW_C000146
http://smpdb.ca/pathways/#CompoundReference/PW_C000080,abstraction:ReactsWith,http://smpdb.ca/pathways/#CompoundReference/PW_C006774
http://smpdb.ca/pathways/#CompoundReference/PW_C041186,abstraction:ReactsWith,http://smpdb.ca/pathways/#CompoundReference/PW_C000721
http://smpdb.ca/pathways/#CompoundReference/PW_C000437,abstraction:ReactsWith,http://smpdb.ca/pathways/#CompoundReference/PW_C001144
http://smpdb.ca/pathways/#CompoundReference/PW_C001188,abstraction:ReactsWith,http://smpdb.ca/pathways/#CompoundReference/PW_C000414
http://smpdb.ca/pathways/#CompoundReference/PW_C001850,abstraction:ReactsWith,http://smpdb.ca/pathways/#CompoundReference/PW_C000721
http://smpdb.ca/pathways/#CompoundReference/PW_C000192,abstraction:ReactsWith,http://smpdb.ca/pathways/#CompoundReference/PW_C001034
http://smpdb.ca/pathways/#CompoundReference/PW_C000414,abstraction:ReactsWith,http://smpdb.ca/pathways/#CompoundReference/PW_C040991
http://smpdb.ca/pathways/#CompoundReference/PW_C001099,abstraction:ReactsWith,http://smpdb.ca/pathways/#CompoundReference/PW_C040066
http://smpdb.ca/pathways/#CompoundReference/PW_C000414,abstraction:ReactsWith,http://smpdb.ca/pathways/#CompoundReference/PW_C040774
http://smpdb.ca/pathways/#CompoundReference/PW_C000204,abstraction:ReactsWith,http://smpdb.ca/pathways/#CompoundReference/PW_C000891
http://smpdb.ca/pathways/#CompoundReference/PW_C000693,abstraction:ReactsWith,http://smpdb.ca/pathways/#CompoundReference/PW_C001420
http://smpdb.ca/pathways/#CompoundReference/PW_C000186,abstraction:ReactsWith,http://smpdb.ca/pathways/#CompoundReference/PW_C001420
http://smpdb.ca/pathways/#CompoundReference/PW_C000414,abstraction:ReactsWith,http://smpdb.ca/pathways/#CompoundReference/PW_C045278
http://smpdb.ca/pathways/#CompoundReference/PW_C001420,abstraction:ReactsWith,http://smpdb.ca/pathways/#CompoundReference/PW_C000800
http://smpdb.ca/pathways/#CompoundReference/PW_C040034,abstraction:ReactsWith,http://smpdb.ca/pathways/#GenericCompoundReference/159
http://smpdb.ca/pathways/#CompoundReference/PW_C002949,abstraction:ReactsWith,http://smpdb.ca/pathways/#CompoundReference/PW_C000921
http://smpdb.ca/pathways/#CompoundReference/PW_C000143,abstraction:ReactsWith,http://smpdb.ca/pathways/#CompoundReference/PW_C000019
http://smpdb.ca/pathways/#CompoundReference/PW_C057946,abstraction:ReactsWith,http://smpdb.ca/pathways/#CompoundReference/PW_C001065
http://smpdb.ca/pathways/#CompoundReference/PW_C000768,abstraction:ReactsWith,http://smpdb.ca/pathways/#CompoundReference/PW_C001144
http://smpdb.ca/pathways/#CompoundReference/PW_C002796,abstraction:ReactsWith,http://smpdb.ca/pathways/#CompoundReference/PW_C000146
http://smpdb.ca/pathways/#CompoundReference/PW_C057938,abstraction:ReactsWith,http://smpdb.ca/pathways/#CompoundReference/PW_C001065
http://smpdb.ca/pathways/#CompoundReference/PW_C041004,abstraction:ReactsWith,http://smpdb.ca/pathways/#CompoundReference/PW_C040034
http://smpdb.ca/pathways/#CompoundReference/PW_C001420,abstraction:ReactsWith,http://smpdb.ca/pathways/#CompoundReference/PW_C000717
http://smpdb.ca/pathways/#CompoundReference/PW_C000301,abstraction:ReactsWith,http://smpdb.ca/pathways/#CompoundReference/PW_C001099
http://smpdb.ca/pathways/#CompoundReference/PW_C006772,abstraction:ReactsWith,http://smpdb.ca/pathways/#CompoundReference/PW_C001584
http://smpdb.ca/pathways/#CompoundReference/PW_C000193,abstraction:ReactsWith,http://smpdb.ca/pathways/#CompoundReference/PW_C016115
http://smpdb.ca/pathways/#CompoundReference/PW_C001065,abstraction:ReactsWith,http://smpdb.ca/pathways/#CompoundReference/PW_C000899
http://smpdb.ca/pathways/#GenericCompoundReference/550,abstraction:ReactsWith,http://smpdb.ca/pathways/#CompoundReference/PW_C000940
http://smpdb.ca/pathways/#CompoundReference/PW_C000793,abstraction:ReactsWith,http://smpdb.ca/pathways/#CompoundReference/PW_C000414
http://smpdb.ca/pathways/#CompoundReference/PW_C000029,abstraction:ReactsWith,http://smpdb.ca/pathways/#CompoundReference/PW_C040034
http://smpdb.ca/pathways/#CompoundReference/PW_C000012,abstraction:ReactsWith,http://smpdb.ca/pathways/#CompoundReference/PW_C001178
http://smpdb.ca/pathways/#CompoundReference/PW_C041164,abstraction:ReactsWith,http://smpdb.ca/pathways/#CompoundReference/PW_C040034
http://smpdb.ca/pathways/#CompoundReference/PW_C000882,abstraction:ReactsWith,http://smpdb.ca/pathways/#CompoundReference/PW_C000078
http://smpdb.ca/pathways/#CompoundReference/PW_C040484,abstraction:ReactsWith,http://smpdb.ca/pathways/#CompoundReference/PW_C001104
http://smpdb.ca/pathways/#CompoundReference/PW_C001065,abstraction:ReactsWith,http://smpdb.ca/pathways/#CompoundReference/PW_C000627
http://smpdb.ca/pathways/#CompoundReference/PW_C000198,abstraction:ReactsWith,http://smpdb.ca/pathways/#CompoundReference/PW_C000190
http://smpdb.ca/pathways/#CompoundReference/PW_C001363,abstraction:ReactsWith,http://smpdb.ca/pathways/#CompoundReference/PW_C001420
http://smpdb.ca/pathways/#CompoundReference/PW_C001034,abstraction:ReactsWith,http://smpdb.ca/pathways/#CompoundReference/PW_C001104
http://smpdb.ca/pathways/#CompoundReference/PW_C040034,abstraction:ReactsWith,http://smpdb.ca/pathways/#CompoundReference/PW_C001420
http://smpdb.ca/pathways/#CompoundReference/PW_C001420,abstraction:ReactsWith,http://smpdb.ca/pathways/#CompoundReference/PW_C044533
http://smpdb.ca/pathways/#CompoundReference/PW_C001092,abstraction:ReactsWith,http://smpdb.ca/pathways/#CompoundReference/PW_C000095
http://smpdb.ca/pathways/#CompoundReference/PW_C040034,abstraction:ReactsWith,http://smpdb.ca/pathways/#CompoundReference/PW_C040778
http://smpdb.ca/pathways/#CompoundReference/PW_C000382,abstraction:ReactsWith,http://smpdb.ca/pathways/#CompoundReference/PW_C000860
http://smpdb.ca/pathways/#CompoundReference/PW_C000274,abstraction:ReactsWith,http://smpdb.ca/pathways/#CompoundReference/PW_C001065
http://smpdb.ca/pathways/#CompoundReference/PW_C000164,abstraction:ReactsWith,http://smpdb.ca/pathways/#CompoundReference/PW_C000104
http://smpdb.ca/pathways/#CompoundReference/PW_C001420,abstraction:ReactsWith,http://smpdb.ca/pathways/#CompoundReference/PW_C000551
http://smpdb.ca/pathways/#GenericCompoundReference/210,abstraction:ReactsWith,http://smpdb.ca/pathways/#CompoundReference/PW_C000047
http://smpdb.ca/pathways/#CompoundReference/PW_C042574,abstraction:ReactsWith,http://smpdb.ca/pathways/#CompoundReference/PW_C040756
http://smpdb.ca/pathways/#CompoundReference/PW_C057937,abstraction:ReactsWith,http://smpdb.ca/pathways/#CompoundReference/PW_C000134
http://smpdb.ca/pathways/#CompoundReference/PW_C001420,abstraction:ReactsWith,http://smpdb.ca/pathways/#CompoundReference/PW_C002170
http://smpdb.ca/pathways/#CompoundReference/PW_C000412,abstraction:ReactsWith,http://smpdb.ca/pathways/#CompoundReference/PW_C000414
http://smpdb.ca/pathways/#CompoundReference/PW_C001420,abstraction:ReactsWith,http://smpdb.ca/pathways/#CompoundReference/PW_C001345
http://smpdb.ca/pathways/#CompoundReference/PW_C040034,abstraction:ReactsWith,http://smpdb.ca/pathways/#CompoundReference/PW_C007729
http://smpdb.ca/pathways/#CompoundReference/PW_C057917,abstraction:ReactsWith,http://smpdb.ca/pathways/#CompoundReference/PW_C001420
http://smpdb.ca/pathways/#CompoundReference/PW_C001144,abstraction:ReactsWith,http://smpdb.ca/pathways/#CompoundReference/PW_C040521
http://smpdb.ca/pathways/#CompoundReference/PW_C001188,abstraction:ReactsWith,http://smpdb.ca/pathways/#CompoundReference/PW_C001420
http://smpdb.ca/pathways/#GenericCompoundReference/41,abstraction:ReactsWith,http://smpdb.ca/pathways/#CompoundReference/PW_C002993
http://smpdb.ca/pathways/#CompoundReference/PW_C040034,abstraction:ReactsWith,http://smpdb.ca/pathways/#CompoundReference/PW_C042673
http://smpdb.ca/pathways/#CompoundReference/PW_C001065,abstraction:ReactsWith,http://smpdb.ca/pathways/#CompoundReference/PW_C009897
http://smpdb.ca/pathways/#CompoundReference/PW_C040034,abstraction:ReactsWith,http://smpdb.ca/pathways/#GenericCompoundReference/85
http://smpdb.ca/pathways/#CompoundReference/PW_C040034,abstraction:ReactsWith,http://smpdb.ca/pathways/#CompoundReference/PW_C000078
http://smpdb.ca/pathways/#CompoundReference/PW_C001420,abstraction:ReactsWith,http://smpdb.ca/pathways/#CompoundReference/PW_C040032
http://smpdb.ca/pathways/#CompoundReference/PW_C041590,abstraction:ReactsWith,http://smpdb.ca/pathways/#CompoundReference/PW_C000738
http://smpdb.ca/pathways/#CompoundReference/PW_C000414,abstraction:ReactsWith,http://smpdb.ca/pathways/#CompoundReference/PW_C040622
http://smpdb.ca/pathways/#CompoundReference/PW_C001420,abstraction:ReactsWith,http://smpdb.ca/pathways/#CompoundReference/PW_C002738
http://smpdb.ca/pathways/#CompoundReference/PW_C001134,abstraction:ReactsWith,http://smpdb.ca/pathways/#CompoundReference/PW_C000884
http://smpdb.ca/pathways/#CompoundReference/PW_C000095,abstraction:ReactsWith,http://smpdb.ca/pathways/#GenericCompoundReference/304
http://smpdb.ca/pathways/#CompoundReference/PW_C001420,abstraction:ReactsWith,http://smpdb.ca/pathways/#CompoundReference/PW_C001037
http://smpdb.ca/pathways/#CompoundReference/PW_C000414,abstraction:ReactsWith,http://smpdb.ca/pathways/#CompoundReference/PW_C008011
http://smpdb.ca/pathways/#CompoundReference/PW_C000921,abstraction:ReactsWith,http://smpdb.ca/pathways/#CompoundReference/PW_C057892
http://smpdb.ca/pathways/#CompoundReference/PW_C000721,abstraction:ReactsWith,http://smpdb.ca/pathways/#GenericCompoundReference/116
http://smpdb.ca/pathways/#CompoundReference/PW_C042556,abstraction:ReactsWith,http://smpdb.ca/pathways/#CompoundReference/PW_C001420
http://smpdb.ca/pathways/#CompoundReference/PW_C057883,abstraction:ReactsWith,http://smpdb.ca/pathways/#GenericCompoundReference/227
http://smpdb.ca/pathways/#CompoundReference/PW_C000500,abstraction:ReactsWith,http://smpdb.ca/pathways/#CompoundReference/PW_C007748
http://smpdb.ca/pathways/#CompoundReference/PW_C000047,abstraction:ReactsWith,http://smpdb.ca/pathways/#GenericCompoundReference/55
http://smpdb.ca/pathways/#CompoundReference/PW_C001065,abstraction:ReactsWith,http://smpdb.ca/pathways/#CompoundReference/PW_C057915
http://smpdb.ca/pathways/#CompoundReference/PW_C007214,abstraction:ReactsWith,http://smpdb.ca/pathways/#CompoundReference/PW_C040034
http://smpdb.ca/pathways/#CompoundReference/PW_C006191,abstraction:ReactsWith,http://smpdb.ca/pathways/#CompoundReference/PW_C001420
http://smpdb.ca/pathways/#CompoundReference/PW_C001065,abstraction:ReactsWith,http://smpdb.ca/pathways/#CompoundReference/PW_C000146
http://smpdb.ca/pathways/#CompoundReference/PW_C001420,abstraction:ReactsWith,http://smpdb.ca/pathways/#CompoundReference/PW_C000914
http://smpdb.ca/pathways/#CompoundReference/PW_C040034,abstraction:ReactsWith,http://smpdb.ca/pathways/#CompoundReference/PW_C104779
http://smpdb.ca/pathways/#CompoundReference/PW_C000927,abstraction:ReactsWith,http://smpdb.ca/pathways/#CompoundReference/PW_C001420
http://smpdb.ca/pathways/#CompoundReference/PW_C001065,abstraction:ReactsWith,http://smpdb.ca/pathways/#CompoundReference/PW_C104725
http://smpdb.ca/pathways/#CompoundReference/PW_C001420,abstraction:ReactsWith,http://smpdb.ca/pathways/#CompoundReference/PW_C001007
http://smpdb.ca/pathways/#CompoundReference/PW_C057943,abstraction:ReactsWith,http://smpdb.ca/pathways/#CompoundReference/PW_C001065
http://smpdb.ca/pathways/#CompoundReference/PW_C006753,abstraction:ReactsWith,http://smpdb.ca/pathways/#CompoundReference/PW_C000721
http://smpdb.ca/pathways/#CompoundReference/PW_C000721,abstraction:ReactsWith,http://smpdb.ca/pathways/#CompoundReference/PW_C000150
http://smpdb.ca/pathways/#CompoundReference/PW_C000721,abstraction:ReactsWith,http://smpdb.ca/pathways/#CompoundReference/PW_C001850
http://smpdb.ca/pathways/#CompoundReference/PW_C001452,abstraction:ReactsWith,http://smpdb.ca/pathways/#CompoundReference/PW_C001420
http://smpdb.ca/pathways/#GenericCompoundReference/257,abstraction:ReactsWith,http://smpdb.ca/pathways/#CompoundReference/PW_C000921
http://smpdb.ca/pathways/#CompoundReference/PW_C001063,abstraction:ReactsWith,http://smpdb.ca/pathways/#CompoundReference/PW_C000146
http://smpdb.ca/pathways/#CompoundReference/PW_C001420,abstraction:ReactsWith,http://smpdb.ca/pathways/#CompoundReference/PW_C043849
http://smpdb.ca/pathways/#CompoundReference/PW_C040034,abstraction:ReactsWith,http://smpdb.ca/pathways/#CompoundReference/PW_C000768
http://smpdb.ca/pathways/#CompoundReference/PW_C001420,abstraction:ReactsWith,http://smpdb.ca/pathways/#CompoundReference/PW_C000107
http://smpdb.ca/pathways/#CompoundReference/PW_C041316,abstraction:ReactsWith,http://smpdb.ca/pathways/#CompoundReference/PW_C001420
http://smpdb.ca/pathways/#CompoundReference/PW_C002313,abstraction:ReactsWith,http://smpdb.ca/pathways/#CompoundReference/PW_C000414
http://smpdb.ca/pathways/#CompoundReference/PW_C000164,abstraction:ReactsWith,http://smpdb.ca/pathways/#CompoundReference/PW_C007794
http://smpdb.ca/pathways/#CompoundReference/PW_C000940,abstraction:ReactsWith,http://smpdb.ca/pathways/#CompoundReference/PW_C000148
http://smpdb.ca/pathways/#CompoundReference/PW_C057928,abstraction:ReactsWith,http://smpdb.ca/pathways/#CompoundReference/PW_C040034
http://smpdb.ca/pathways/#CompoundReference/PW_C000170,abstraction:ReactsWith,http://smpdb.ca/pathways/#CompoundReference/PW_C000193
http://smpdb.ca/pathways/#CompoundReference/PW_C001201,abstraction:ReactsWith,http://smpdb.ca/pathways/#CompoundReference/PW_C044597
http://smpdb.ca/pathways/#CompoundReference/PW_C000921,abstraction:ReactsWith,http://smpdb.ca/pathways/#CompoundReference/PW_C017481
http://smpdb.ca/pathways/#CompoundReference/PW_C000414,abstraction:ReactsWith,http://smpdb.ca/pathways/#CompoundReference/PW_C002147
http://smpdb.ca/pathways/#CompoundReference/PW_C008696,abstraction:ReactsWith,http://smpdb.ca/pathways/#CompoundReference/PW_C001420
http://smpdb.ca/pathways/#CompoundReference/PW_C001420,abstraction:ReactsWith,http://smpdb.ca/pathways/#CompoundReference/PW_C002064
http://smpdb.ca/pathways/#CompoundReference/PW_C000184,abstraction:ReactsWith,http://smpdb.ca/pathways/#CompoundReference/PW_C000808
http://smpdb.ca/pathways/#CompoundReference/PW_C045263,abstraction:ReactsWith,http://smpdb.ca/pathways/#CompoundReference/PW_C001420
http://smpdb.ca/pathways/#CompoundReference/PW_C040034,abstraction:ReactsWith,http://smpdb.ca/pathways/#CompoundReference/PW_C000144
http://smpdb.ca/pathways/#CompoundReference/PW_C040034,abstraction:ReactsWith,http://smpdb.ca/pathways/#CompoundReference/PW_C041674
http://smpdb.ca/pathways/#CompoundReference/PW_C009230,abstraction:ReactsWith,http://smpdb.ca/pathways/#CompoundReference/PW_C000414
http://smpdb.ca/pathways/#CompoundReference/PW_C000041,abstraction:ReactsWith,http://smpdb.ca/pathways/#CompoundReference/PW_C000986
http://smpdb.ca/pathways/#CompoundReference/PW_C000134,abstraction:ReactsWith,http://smpdb.ca/pathways/#CompoundReference/PW_C012051
http://smpdb.ca/pathways/#CompoundReference/PW_C007709,abstraction:ReactsWith,http://smpdb.ca/pathways/#CompoundReference/PW_C001420
http://smpdb.ca/pathways/#CompoundReference/PW_C001420,abstraction:ReactsWith,http://smpdb.ca/pathways/#CompoundReference/PW_C040978
http://smpdb.ca/pathways/#CompoundReference/PW_C001420,abstraction:ReactsWith,http://smpdb.ca/pathways/#CompoundReference/PW_C001912
http://smpdb.ca/pathways/#CompoundReference/PW_C001065,abstraction:ReactsWith,http://smpdb.ca/pathways/#CompoundReference/PW_C000263
http://smpdb.ca/pathways/#CompoundReference/PW_C001420,abstraction:ReactsWith,http://smpdb.ca/pathways/#CompoundReference/PW_C001992
http://smpdb.ca/pathways/#CompoundReference/PW_C001420,abstraction:ReactsWith,http://smpdb.ca/pathways/#CompoundReference/PW_C000649
http://smpdb.ca/pathways/#CompoundReference/PW_C001065,abstraction:ReactsWith,http://smpdb.ca/pathways/#CompoundReference/PW_C104664
http://smpdb.ca/pathways/#CompoundReference/PW_C043169,abstraction:ReactsWith,http://smpdb.ca/pathways/#CompoundReference/PW_C000146
http://smpdb.ca/pathways/#CompoundReference/PW_C006758,abstraction:ReactsWith,http://smpdb.ca/pathways/#CompoundReference/PW_C057913
http://smpdb.ca/pathways/#CompoundReference/PW_C000001,abstraction:ReactsWith,http://smpdb.ca/pathways/#CompoundReference/PW_C000414
http://smpdb.ca/pathways/#CompoundReference/PW_C000161,abstraction:ReactsWith,http://smpdb.ca/pathways/#CompoundReference/PW_C001441
http://smpdb.ca/pathways/#CompoundReference/PW_C000146,abstraction:ReactsWith,http://smpdb.ca/pathways/#GenericCompoundReference/208
http://smpdb.ca/pathways/#CompoundReference/PW_C000908,abstraction:ReactsWith,http://smpdb.ca/pathways/#CompoundReference/PW_C040034
http://smpdb.ca/pathways/#CompoundReference/PW_C040034,abstraction:ReactsWith,http://smpdb.ca/pathways/#CompoundReference/PW_C001523
http://smpdb.ca/pathways/#CompoundReference/PW_C000146,abstraction:ReactsWith,http://smpdb.ca/pathways/#CompoundReference/PW_C016363
http://smpdb.ca/pathways/#CompoundReference/PW_C040751,abstraction:ReactsWith,http://smpdb.ca/pathways/#CompoundReference/PW_C001065
http://smpdb.ca/pathways/#CompoundReference/PW_C001099,abstraction:ReactsWith,http://smpdb.ca/pathways/#CompoundReference/PW_C096967
http://smpdb.ca/pathways/#CompoundReference/PW_C007699,abstraction:ReactsWith,http://smpdb.ca/pathways/#CompoundReference/PW_C000146
http://smpdb.ca/pathways/#GenericCompoundReference/237,abstraction:ReactsWith,http://smpdb.ca/pathways/#CompoundReference/PW_C040034
http://smpdb.ca/pathways/#CompoundReference/PW_C000134,abstraction:ReactsWith,http://smpdb.ca/pathways/#CompoundReference/PW_C000899
http://smpdb.ca/pathways/#CompoundReference/PW_C040860,abstraction:ReactsWith,http://smpdb.ca/pathways/#CompoundReference/PW_C040034
http://smpdb.ca/pathways/#CompoundReference/PW_C042631,abstraction:ReactsWith,http://smpdb.ca/pathways/#CompoundReference/PW_C001144
http://smpdb.ca/pathways/#GenericCompoundReference/161,abstraction:ReactsWith,http://smpdb.ca/pathways/#CompoundReference/PW_C040034
http://smpdb.ca/pathways/#CompoundReference/PW_C008635,abstraction:ReactsWith,http://smpdb.ca/pathways/#CompoundReference/PW_C001144
http://smpdb.ca/pathways/#CompoundReference/PW_C001420,abstraction:ReactsWith,http://smpdb.ca/pathways/#CompoundReference/PW_C000905
http://smpdb.ca/pathways/#CompoundReference/PW_C000146,abstraction:ReactsWith,http://smpdb.ca/pathways/#CompoundReference/PW_C001178
http://smpdb.ca/pathways/#CompoundReference/PW_C000869,abstraction:ReactsWith,http://smpdb.ca/pathways/#CompoundReference/PW_C000784
http://smpdb.ca/pathways/#CompoundReference/PW_C000551,abstraction:ReactsWith,http://smpdb.ca/pathways/#CompoundReference/PW_C001420
http://smpdb.ca/pathways/#CompoundReference/PW_C040034,abstraction:ReactsWith,http://smpdb.ca/pathways/#CompoundReference/PW_C041187
http://smpdb.ca/pathways/#CompoundReference/PW_C001420,abstraction:ReactsWith,http://smpdb.ca/pathways/#CompoundReference/PW_C001060
http://smpdb.ca/pathways/#CompoundReference/PW_C000080,abstraction:ReactsWith,http://smpdb.ca/pathways/#CompoundReference/PW_C041195
http://smpdb.ca/pathways/#CompoundReference/PW_C022608,abstraction:ReactsWith,http://smpdb.ca/pathways/#CompoundReference/PW_C000095
http://smpdb.ca/pathways/#CompoundReference/PW_C001887,abstraction:ReactsWith,http://smpdb.ca/pathways/#CompoundReference/PW_C000414
http://smpdb.ca/pathways/#CompoundReference/PW_C000146,abstraction:ReactsWith,http://smpdb.ca/pathways/#CompoundReference/PW_C000983
http://smpdb.ca/pathways/#CompoundReference/PW_C001144,abstraction:ReactsWith,http://smpdb.ca/pathways/#CompoundReference/PW_C001223
http://smpdb.ca/pathways/#CompoundReference/PW_C002313,abstraction:ReactsWith,http://smpdb.ca/pathways/#CompoundReference/PW_C001420
http://smpdb.ca/pathways/#CompoundReference/PW_C000500,abstraction:ReactsWith,http://smpdb.ca/pathways/#CompoundReference/PW_C000035
http://smpdb.ca/pathways/#CompoundReference/PW_C001420,abstraction:ReactsWith,http://smpdb.ca/pathways/#CompoundReference/PW_C001477
http://smpdb.ca/pathways/#CompoundReference/PW_C040792,abstraction:ReactsWith,http://smpdb.ca/pathways/#CompoundReference/PW_C040034
http://smpdb.ca/pathways/#CompoundReference/PW_C001104,abstraction:ReactsWith,http://smpdb.ca/pathways/#CompoundReference/PW_C001000
http://smpdb.ca/pathways/#CompoundReference/PW_C002955,abstraction:ReactsWith,http://smpdb.ca/pathways/#CompoundReference/PW_C001420
http://smpdb.ca/pathways/#CompoundReference/PW_C043030,abstraction:ReactsWith,http://smpdb.ca/pathways/#CompoundReference/PW_C000143
http://smpdb.ca/pathways/#CompoundReference/PW_C000044,abstraction:ReactsWith,http://smpdb.ca/pathways/#CompoundReference/PW_C000988
http://smpdb.ca/pathways/#CompoundReference/PW_C001060,abstraction:ReactsWith,http://smpdb.ca/pathways/#CompoundReference/PW_C000373
http://smpdb.ca/pathways/#CompoundReference/PW_C000940,abstraction:ReactsWith,http://smpdb.ca/pathways/#GenericCompoundReference/140
http://smpdb.ca/pathways/#CompoundReference/PW_C096928,abstraction:ReactsWith,http://smpdb.ca/pathways/#CompoundReference/PW_C042618
http://smpdb.ca/pathways/#CompoundReference/PW_C000544,abstraction:ReactsWith,http://smpdb.ca/pathways/#CompoundReference/PW_C040034
http://smpdb.ca/pathways/#CompoundReference/PW_C000414,abstraction:ReactsWith,http://smpdb.ca/pathways/#CompoundReference/PW_C000201
http://smpdb.ca/pathways/#CompoundReference/PW_C057939,abstraction:ReactsWith,http://smpdb.ca/pathways/#CompoundReference/PW_C000134
http://smpdb.ca/pathways/#CompoundReference/PW_C009230,abstraction:ReactsWith,http://smpdb.ca/pathways/#CompoundReference/PW_C001420
http://smpdb.ca/pathways/#CompoundReference/PW_C040034,abstraction:ReactsWith,http://smpdb.ca/pathways/#CompoundReference/PW_C042631
http://smpdb.ca/pathways/#CompoundReference/PW_C001316,abstraction:ReactsWith,http://smpdb.ca/pathways/#CompoundReference/PW_C000885
http://smpdb.ca/pathways/#CompoundReference/PW_C001477,abstraction:ReactsWith,http://smpdb.ca/pathways/#CompoundReference/PW_C001420
http://smpdb.ca/pathways/#CompoundReference/PW_C000090,abstraction:ReactsWith,http://smpdb.ca/pathways/#CompoundReference/PW_C040034
http://smpdb.ca/pathways/#CompoundReference/PW_C000390,abstraction:ReactsWith,http://smpdb.ca/pathways/#CompoundReference/PW_C000414
http://smpdb.ca/pathways/#CompoundReference/PW_C000170,abstraction:ReactsWith,http://smpdb.ca/pathways/#CompoundReference/PW_C000095
http://smpdb.ca/pathways/#CompoundReference/PW_C000146,abstraction:ReactsWith,http://smpdb.ca/pathways/#CompoundReference/PW_C042904
http://smpdb.ca/pathways/#CompoundReference/PW_C017617,abstraction:ReactsWith,http://smpdb.ca/pathways/#CompoundReference/PW_C000146
http://smpdb.ca/pathways/#CompoundReference/PW_C001420,abstraction:ReactsWith,http://smpdb.ca/pathways/#CompoundReference/PW_C000924
http://smpdb.ca/pathways/#CompoundReference/PW_C002010,abstraction:ReactsWith,http://smpdb.ca/pathways/#CompoundReference/PW_C000146
http://smpdb.ca/pathways/#CompoundReference/PW_C002021,abstraction:ReactsWith,http://smpdb.ca/pathways/#CompoundReference/PW_C000170
http://smpdb.ca/pathways/#CompoundReference/PW_C001249,abstraction:ReactsWith,http://smpdb.ca/pathways/#CompoundReference/PW_C040034
http://smpdb.ca/pathways/#CompoundReference/PW_C000064,abstraction:ReactsWith,http://smpdb.ca/pathways/#CompoundReference/PW_C042938
http://smpdb.ca/pathways/#CompoundReference/PW_C007794,abstraction:ReactsWith,http://smpdb.ca/pathways/#CompoundReference/PW_C000143
http://smpdb.ca/pathways/#CompoundReference/PW_C000032,abstraction:ReactsWith,http://smpdb.ca/pathways/#CompoundReference/PW_C000940
http://smpdb.ca/pathways/#CompoundReference/PW_C000721,abstraction:ReactsWith,http://smpdb.ca/pathways/#CompoundReference/PW_C000003
http://smpdb.ca/pathways/#CompoundReference/PW_C000414,abstraction:ReactsWith,http://smpdb.ca/pathways/#CompoundReference/PW_C000681
http://smpdb.ca/pathways/#CompoundReference/PW_C001420,abstraction:ReactsWith,http://smpdb.ca/pathways/#CompoundReference/PW_C000192
http://smpdb.ca/pathways/#CompoundReference/PW_C001065,abstraction:ReactsWith,http://smpdb.ca/pathways/#CompoundReference/PW_C000717
http://smpdb.ca/pathways/#CompoundReference/PW_C001420,abstraction:ReactsWith,http://smpdb.ca/pathways/#CompoundReference/PW_C104580
http://smpdb.ca/pathways/#CompoundReference/PW_C000146,abstraction:ReactsWith,http://smpdb.ca/pathways/#CompoundReference/PW_C016115
http://smpdb.ca/pathways/#CompoundReference/PW_C001035,abstraction:ReactsWith,http://smpdb.ca/pathways/#CompoundReference/PW_C040034
http://smpdb.ca/pathways/#CompoundReference/PW_C000649,abstraction:ReactsWith,http://smpdb.ca/pathways/#CompoundReference/PW_C001420
http://smpdb.ca/pathways/#CompoundReference/PW_C000995,abstraction:ReactsWith,http://smpdb.ca/pathways/#CompoundReference/PW_C040034
http://smpdb.ca/pathways/#CompoundReference/PW_C000984,abstraction:ReactsWith,http://smpdb.ca/pathways/#CompoundReference/PW_C001420
http://smpdb.ca/pathways/#CompoundReference/PW_C000134,abstraction:ReactsWith,http://smpdb.ca/pathways/#CompoundReference/PW_C000146
http://smpdb.ca/pathways/#CompoundReference/PW_C001104,abstraction:ReactsWith,http://smpdb.ca/pathways/#CompoundReference/PW_C000170
http://smpdb.ca/pathways/#CompoundReference/PW_C000797,abstraction:ReactsWith,http://smpdb.ca/pathways/#CompoundReference/PW_C000721
http://smpdb.ca/pathways/#CompoundReference/PW_C001034,abstraction:ReactsWith,http://smpdb.ca/pathways/#GenericCompoundReference/99
http://smpdb.ca/pathways/#CompoundReference/PW_C000940,abstraction:ReactsWith,http://smpdb.ca/pathways/#CompoundReference/PW_C000845
http://smpdb.ca/pathways/#CompoundReference/PW_C000414,abstraction:ReactsWith,http://smpdb.ca/pathways/#CompoundReference/PW_C008884
http://smpdb.ca/pathways/#CompoundReference/PW_C000095,abstraction:ReactsWith,http://smpdb.ca/pathways/#CompoundReference/PW_C000810
http://smpdb.ca/pathways/#CompoundReference/PW_C000986,abstraction:ReactsWith,http://smpdb.ca/pathways/#CompoundReference/PW_C001420
http://smpdb.ca/pathways/#CompoundReference/PW_C044506,abstraction:ReactsWith,http://smpdb.ca/pathways/#CompoundReference/PW_C000057
http://smpdb.ca/pathways/#CompoundReference/PW_C001104,abstraction:ReactsWith,http://smpdb.ca/pathways/#CompoundReference/PW_C042677
http://smpdb.ca/pathways/#CompoundReference/PW_C000146,abstraction:ReactsWith,http://smpdb.ca/pathways/#CompoundReference/PW_C044541
http://smpdb.ca/pathways/#CompoundReference/PW_C001887,abstraction:ReactsWith,http://smpdb.ca/pathways/#CompoundReference/PW_C001420
http://smpdb.ca/pathways/#CompoundReference/PW_C000083,abstraction:ReactsWith,http://smpdb.ca/pathways/#CompoundReference/PW_C000749
http://smpdb.ca/pathways/#CompoundReference/PW_C000373,abstraction:ReactsWith,http://smpdb.ca/pathways/#CompoundReference/PW_C000940
http://smpdb.ca/pathways/#CompoundReference/PW_C001420,abstraction:ReactsWith,http://smpdb.ca/pathways/#CompoundReference/PW_C000126
http://smpdb.ca/pathways/#CompoundReference/PW_C001051,abstraction:ReactsWith,http://smpdb.ca/pathways/#CompoundReference/PW_C000148
http://smpdb.ca/pathways/#CompoundReference/PW_C001065,abstraction:ReactsWith,http://smpdb.ca/pathways/#CompoundReference/PW_C000551
http://smpdb.ca/pathways/#CompoundReference/PW_C000190,abstraction:ReactsWith,http://smpdb.ca/pathways/#CompoundReference/PW_C000414
http://smpdb.ca/pathways/#CompoundReference/PW_C009240,abstraction:ReactsWith,http://smpdb.ca/pathways/#CompoundReference/PW_C001144
http://smpdb.ca/pathways/#CompoundReference/PW_C044579,abstraction:ReactsWith,http://smpdb.ca/pathways/#CompoundReference/PW_C000146
http://smpdb.ca/pathways/#GenericCompoundReference/83,abstraction:ReactsWith,http://smpdb.ca/pathways/#CompoundReference/PW_C000120
http://smpdb.ca/pathways/#CompoundReference/PW_C001420,abstraction:ReactsWith,http://smpdb.ca/pathways/#GenericCompoundReference/74
http://smpdb.ca/pathways/#CompoundReference/PW_C040034,abstraction:ReactsWith,http://smpdb.ca/pathways/#CompoundReference/PW_C001284
http://smpdb.ca/pathways/#CompoundReference/PW_C000414,abstraction:ReactsWith,http://smpdb.ca/pathways/#CompoundReference/PW_C000007
http://smpdb.ca/pathways/#CompoundReference/PW_C000746,abstraction:ReactsWith,http://smpdb.ca/pathways/#CompoundReference/PW_C008648
http://smpdb.ca/pathways/#CompoundReference/PW_C000148,abstraction:ReactsWith,http://smpdb.ca/pathways/#CompoundReference/PW_C000095
http://smpdb.ca/pathways/#CompoundReference/PW_C000841,abstraction:ReactsWith,http://smpdb.ca/pathways/#CompoundReference/PW_C001420
http://smpdb.ca/pathways/#CompoundReference/PW_C000940,abstraction:ReactsWith,http://smpdb.ca/pathways/#CompoundReference/PW_C001928
http://smpdb.ca/pathways/#CompoundReference/PW_C040034,abstraction:ReactsWith,http://smpdb.ca/pathways/#CompoundReference/PW_C000237
http://smpdb.ca/pathways/#CompoundReference/PW_C001420,abstraction:ReactsWith,http://smpdb.ca/pathways/#CompoundReference/PW_C000143
http://smpdb.ca/pathways/#CompoundReference/PW_C007757,abstraction:ReactsWith,http://smpdb.ca/pathways/#CompoundReference/PW_C040034
http://smpdb.ca/pathways/#CompoundReference/PW_C000414,abstraction:ReactsWith,http://smpdb.ca/pathways/#CompoundReference/PW_C000079
http://smpdb.ca/pathways/#CompoundReference/PW_C002578,abstraction:ReactsWith,http://smpdb.ca/pathways/#CompoundReference/PW_C000146
http://smpdb.ca/pathways/#CompoundReference/PW_C000146,abstraction:ReactsWith,http://smpdb.ca/pathways/#CompoundReference/PW_C002012
http://smpdb.ca/pathways/#CompoundReference/PW_C040034,abstraction:ReactsWith,http://smpdb.ca/pathways/#CompoundReference/PW_C000035
http://smpdb.ca/pathways/#CompoundReference/PW_C001420,abstraction:ReactsWith,http://smpdb.ca/pathways/#CompoundReference/PW_C000414
http://smpdb.ca/pathways/#CompoundReference/PW_C001042,abstraction:ReactsWith,http://smpdb.ca/pathways/#CompoundReference/PW_C000414
http://smpdb.ca/pathways/#CompoundReference/PW_C001420,abstraction:ReactsWith,http://smpdb.ca/pathways/#CompoundReference/PW_C000878
http://smpdb.ca/pathways/#CompoundReference/PW_C000012,abstraction:ReactsWith,http://smpdb.ca/pathways/#CompoundReference/PW_C000095
http://smpdb.ca/pathways/#CompoundReference/PW_C001065,abstraction:ReactsWith,http://smpdb.ca/pathways/#CompoundReference/PW_C000821
http://smpdb.ca/pathways/#CompoundReference/PW_C001420,abstraction:ReactsWith,http://smpdb.ca/pathways/#CompoundReference/PW_C040741
http://smpdb.ca/pathways/#CompoundReference/PW_C000382,abstraction:ReactsWith,http://smpdb.ca/pathways/#CompoundReference/PW_C007741
http://smpdb.ca/pathways/#CompoundReference/PW_C002992,abstraction:ReactsWith,http://smpdb.ca/pathways/#CompoundReference/PW_C000721
http://smpdb.ca/pathways/#CompoundReference/PW_C041127,abstraction:ReactsWith,http://smpdb.ca/pathways/#GenericCompoundReference/240
http://smpdb.ca/pathways/#CompoundReference/PW_C000119,abstraction:ReactsWith,http://smpdb.ca/pathways/#CompoundReference/PW_C001420
http://smpdb.ca/pathways/#CompoundReference/PW_C002778,abstraction:ReactsWith,http://smpdb.ca/pathways/#CompoundReference/PW_C000500
http://smpdb.ca/pathways/#CompoundReference/PW_C000981,abstraction:ReactsWith,http://smpdb.ca/pathways/#CompoundReference/PW_C001420
http://smpdb.ca/pathways/#CompoundReference/PW_C000448,abstraction:ReactsWith,http://smpdb.ca/pathways/#CompoundReference/PW_C040920
http://smpdb.ca/pathways/#CompoundReference/PW_C001420,abstraction:ReactsWith,http://smpdb.ca/pathways/#CompoundReference/PW_C104669
http://smpdb.ca/pathways/#CompoundReference/PW_C000160,abstraction:ReactsWith,http://smpdb.ca/pathways/#CompoundReference/PW_C000146
http://smpdb.ca/pathways/#CompoundReference/PW_C000098,abstraction:ReactsWith,http://smpdb.ca/pathways/#CompoundReference/PW_C000143
http://smpdb.ca/pathways/#CompoundReference/PW_C000396,abstraction:ReactsWith,http://smpdb.ca/pathways/#CompoundReference/PW_C000414
http://smpdb.ca/pathways/#CompoundReference/PW_C008122,abstraction:ReactsWith,http://smpdb.ca/pathways/#CompoundReference/PW_C040034
http://smpdb.ca/pathways/#CompoundReference/PW_C040945,abstraction:ReactsWith,http://smpdb.ca/pathways/#CompoundReference/PW_C000414
http://smpdb.ca/pathways/#CompoundReference/PW_C000149,abstraction:ReactsWith,http://smpdb.ca/pathways/#CompoundReference/PW_C040660
http://smpdb.ca/pathways/#CompoundReference/PW_C000190,abstraction:ReactsWith,http://smpdb.ca/pathways/#CompoundReference/PW_C001420
http://smpdb.ca/pathways/#CompoundReference/PW_C040034,abstraction:ReactsWith,http://smpdb.ca/pathways/#CompoundReference/PW_C001170
http://smpdb.ca/pathways/#CompoundReference/PW_C007810,abstraction:ReactsWith,http://smpdb.ca/pathways/#CompoundReference/PW_C000095
http://smpdb.ca/pathways/#CompoundReference/PW_C011995,abstraction:ReactsWith,http://smpdb.ca/pathways/#CompoundReference/PW_C040034
http://smpdb.ca/pathways/#CompoundReference/PW_C000908,abstraction:ReactsWith,http://smpdb.ca/pathways/#CompoundReference/PW_C000544
http://smpdb.ca/pathways/#CompoundReference/PW_C040034,abstraction:ReactsWith,http://smpdb.ca/pathways/#CompoundReference/PW_C001598
http://smpdb.ca/pathways/#CompoundReference/PW_C000721,abstraction:ReactsWith,http://smpdb.ca/pathways/#CompoundReference/PW_C041186
http://smpdb.ca/pathways/#CompoundReference/PW_C096932,abstraction:ReactsWith,http://smpdb.ca/pathways/#CompoundReference/PW_C001420
http://smpdb.ca/pathways/#CompoundReference/PW_C001420,abstraction:ReactsWith,http://smpdb.ca/pathways/#CompoundReference/PW_C000015
http://smpdb.ca/pathways/#CompoundReference/PW_C041140,abstraction:ReactsWith,http://smpdb.ca/pathways/#CompoundReference/PW_C000146
http://smpdb.ca/pathways/#GenericCompoundReference/163,abstraction:ReactsWith,http://smpdb.ca/pathways/#CompoundReference/PW_C041100
http://smpdb.ca/pathways/#CompoundReference/PW_C001420,abstraction:ReactsWith,http://smpdb.ca/pathways/#CompoundReference/PW_C045274
http://smpdb.ca/pathways/#CompoundReference/PW_C002961,abstraction:ReactsWith,http://smpdb.ca/pathways/#CompoundReference/PW_C040034
http://smpdb.ca/pathways/#CompoundReference/PW_C057891,abstraction:ReactsWith,http://smpdb.ca/pathways/#CompoundReference/PW_C000134
http://smpdb.ca/pathways/#CompoundReference/PW_C001099,abstraction:ReactsWith,http://smpdb.ca/pathways/#CompoundReference/PW_C000159
http://smpdb.ca/pathways/#CompoundReference/PW_C040034,abstraction:ReactsWith,http://smpdb.ca/pathways/#CompoundReference/PW_C000547
http://smpdb.ca/pathways/#CompoundReference/PW_C040034,abstraction:ReactsWith,http://smpdb.ca/pathways/#CompoundReference/PW_C044579
http://smpdb.ca/pathways/#CompoundReference/PW_C001420,abstraction:ReactsWith,http://smpdb.ca/pathways/#CompoundReference/PW_C041450
http://smpdb.ca/pathways/#CompoundReference/PW_C040993,abstraction:ReactsWith,http://smpdb.ca/pathways/#CompoundReference/PW_C040992
http://smpdb.ca/pathways/#CompoundReference/PW_C040831,abstraction:ReactsWith,http://smpdb.ca/pathways/#CompoundReference/PW_C000921
http://smpdb.ca/pathways/#CompoundReference/PW_C001095,abstraction:ReactsWith,http://smpdb.ca/pathways/#CompoundReference/PW_C000146
http://smpdb.ca/pathways/#CompoundReference/PW_C000854,abstraction:ReactsWith,http://smpdb.ca/pathways/#CompoundReference/PW_C000921
http://smpdb.ca/pathways/#CompoundReference/PW_C040550,abstraction:ReactsWith,http://smpdb.ca/pathways/#CompoundReference/PW_C040034
http://smpdb.ca/pathways/#CompoundReference/PW_C010915,abstraction:ReactsWith,http://smpdb.ca/pathways/#CompoundReference/PW_C001065
http://smpdb.ca/pathways/#CompoundReference/PW_C001065,abstraction:ReactsWith,http://smpdb.ca/pathways/#CompoundReference/PW_C104767
http://smpdb.ca/pathways/#CompoundReference/PW_C040034,abstraction:ReactsWith,http://smpdb.ca/pathways/#CompoundReference/PW_C008794
http://smpdb.ca/pathways/#CompoundReference/PW_C040700,abstraction:ReactsWith,http://smpdb.ca/pathways/#CompoundReference/PW_C000143
http://smpdb.ca/pathways/#CompoundReference/PW_C000168,abstraction:ReactsWith,http://smpdb.ca/pathways/#CompoundReference/PW_C000143
http://smpdb.ca/pathways/#GenericCompoundReference/318,abstraction:ReactsWith,http://smpdb.ca/pathways/#GenericCompoundReference/321
http://smpdb.ca/pathways/#CompoundReference/PW_C000143,abstraction:ReactsWith,http://smpdb.ca/pathways/#CompoundReference/PW_C001144
http://smpdb.ca/pathways/#CompoundReference/PW_C007744,abstraction:ReactsWith,http://smpdb.ca/pathways/#CompoundReference/PW_C000414
http://smpdb.ca/pathways/#CompoundReference/PW_C044547,abstraction:ReactsWith,http://smpdb.ca/pathways/#CompoundReference/PW_C000911
http://smpdb.ca/pathways/#CompoundReference/PW_C001420,abstraction:ReactsWith,http://smpdb.ca/pathways/#CompoundReference/PW_C000353
http://smpdb.ca/pathways/#CompoundReference/PW_C001065,abstraction:ReactsWith,http://smpdb.ca/pathways/#CompoundReference/PW_C002704
http://smpdb.ca/pathways/#CompoundReference/PW_C000967,abstraction:ReactsWith,http://smpdb.ca/pathways/#CompoundReference/PW_C000721
http://smpdb.ca/pathways/#CompoundReference/PW_C016115,abstraction:ReactsWith,http://smpdb.ca/pathways/#CompoundReference/PW_C040034
http://smpdb.ca/pathways/#GenericCompoundReference/53,abstraction:ReactsWith,http://smpdb.ca/pathways/#CompoundReference/PW_C001420
http://smpdb.ca/pathways/#CompoundReference/PW_C000721,abstraction:ReactsWith,http://smpdb.ca/pathways/#CompoundReference/PW_C002750
http://smpdb.ca/pathways/#CompoundReference/PW_C040072,abstraction:ReactsWith,http://smpdb.ca/pathways/#GenericCompoundReference/228
http://smpdb.ca/pathways/#CompoundReference/PW_C000414,abstraction:ReactsWith,http://smpdb.ca/pathways/#CompoundReference/PW_C000123
http://smpdb.ca/pathways/#CompoundReference/PW_C000396,abstraction:ReactsWith,http://smpdb.ca/pathways/#CompoundReference/PW_C001420
http://smpdb.ca/pathways/#CompoundReference/PW_C040034,abstraction:ReactsWith,http://smpdb.ca/pathways/#CompoundReference/PW_C000084
http://smpdb.ca/pathways/#CompoundReference/PW_C000146,abstraction:ReactsWith,http://smpdb.ca/pathways/#CompoundReference/PW_C040838
http://smpdb.ca/pathways/#CompoundReference/PW_C001783,abstraction:ReactsWith,http://smpdb.ca/pathways/#CompoundReference/PW_C000031
http://smpdb.ca/pathways/#CompoundReference/PW_C000143,abstraction:ReactsWith,http://smpdb.ca/pathways/#CompoundReference/PW_C000972
http://smpdb.ca/pathways/#CompoundReference/PW_C001420,abstraction:ReactsWith,http://smpdb.ca/pathways/#CompoundReference/PW_C000078
http://smpdb.ca/pathways/#CompoundReference/PW_C000721,abstraction:ReactsWith,http://smpdb.ca/pathways/#CompoundReference/PW_C002002
http://smpdb.ca/pathways/#CompoundReference/PW_C000146,abstraction:ReactsWith,http://smpdb.ca/pathways/#CompoundReference/PW_C000911
http://smpdb.ca/pathways/#CompoundReference/PW_C000095,abstraction:ReactsWith,http://smpdb.ca/pathways/#CompoundReference/PW_C001221
http://smpdb.ca/pathways/#CompoundReference/PW_C000174,abstraction:ReactsWith,http://smpdb.ca/pathways/#CompoundReference/PW_C000988
http://smpdb.ca/pathways/#CompoundReference/PW_C001065,abstraction:ReactsWith,http://smpdb.ca/pathways/#CompoundReference/PW_C000173
http://smpdb.ca/pathways/#CompoundReference/PW_C041003,abstraction:ReactsWith,http://smpdb.ca/pathways/#CompoundReference/PW_C000146
http://smpdb.ca/pathways/#CompoundReference/PW_C000635,abstraction:ReactsWith,http://smpdb.ca/pathways/#CompoundReference/PW_C001099
http://smpdb.ca/pathways/#CompoundReference/PW_C000146,abstraction:ReactsWith,http://smpdb.ca/pathways/#CompoundReference/PW_C002010
http://smpdb.ca/pathways/#CompoundReference/PW_C040559,abstraction:ReactsWith,http://smpdb.ca/pathways/#CompoundReference/PW_C001065
http://smpdb.ca/pathways/#CompoundReference/PW_C001908,abstraction:ReactsWith,http://smpdb.ca/pathways/#CompoundReference/PW_C000414
http://smpdb.ca/pathways/#CompoundReference/PW_C014903,abstraction:ReactsWith,http://smpdb.ca/pathways/#CompoundReference/PW_C040034
http://smpdb.ca/pathways/#CompoundReference/PW_C001039,abstraction:ReactsWith,http://smpdb.ca/pathways/#CompoundReference/PW_C000874
http://smpdb.ca/pathways/#CompoundReference/PW_C006745,abstraction:ReactsWith,http://smpdb.ca/pathways/#CompoundReference/PW_C001420
http://smpdb.ca/pathways/#CompoundReference/PW_C000146,abstraction:ReactsWith,http://smpdb.ca/pathways/#CompoundReference/PW_C104769
http://smpdb.ca/pathways/#CompoundReference/PW_C001420,abstraction:ReactsWith,http://smpdb.ca/pathways/#CompoundReference/PW_C040482
http://smpdb.ca/pathways/#CompoundReference/PW_C001144,abstraction:ReactsWith,http://smpdb.ca/pathways/#CompoundReference/PW_C002680
http://smpdb.ca/pathways/#CompoundReference/PW_C009640,abstraction:ReactsWith,http://smpdb.ca/pathways/#CompoundReference/PW_C000414
http://smpdb.ca/pathways/#GenericCompoundReference/69,abstraction:ReactsWith,http://smpdb.ca/pathways/#CompoundReference/PW_C001032
http://smpdb.ca/pathways/#CompoundReference/PW_C043020,abstraction:ReactsWith,http://smpdb.ca/pathways/#CompoundReference/PW_C040747
http://smpdb.ca/pathways/#CompoundReference/PW_C104738,abstraction:ReactsWith,http://smpdb.ca/pathways/#CompoundReference/PW_C001099
http://smpdb.ca/pathways/#CompoundReference/PW_C000146,abstraction:ReactsWith,http://smpdb.ca/pathways/#CompoundReference/PW_C000951
http://smpdb.ca/pathways/#CompoundReference/PW_C000414,abstraction:ReactsWith,http://smpdb.ca/pathways/#CompoundReference/PW_C040066
http://smpdb.ca/pathways/#CompoundReference/PW_C000463,abstraction:ReactsWith,http://smpdb.ca/pathways/#CompoundReference/PW_C000180
http://smpdb.ca/pathways/#CompoundReference/PW_C001144,abstraction:ReactsWith,http://smpdb.ca/pathways/#CompoundReference/PW_C001706
http://smpdb.ca/pathways/#CompoundReference/PW_C001012,abstraction:ReactsWith,http://smpdb.ca/pathways/#CompoundReference/PW_C001420
http://smpdb.ca/pathways/#CompoundReference/PW_C040034,abstraction:ReactsWith,http://smpdb.ca/pathways/#CompoundReference/PW_C041557
http://smpdb.ca/pathways/#CompoundReference/PW_C001144,abstraction:ReactsWith,http://smpdb.ca/pathways/#CompoundReference/PW_C002783
http://smpdb.ca/pathways/#CompoundReference/PW_C001170,abstraction:ReactsWith,http://smpdb.ca/pathways/#CompoundReference/PW_C000414
http://smpdb.ca/pathways/#CompoundReference/PW_C040034,abstraction:ReactsWith,http://smpdb.ca/pathways/#CompoundReference/PW_C040100
http://smpdb.ca/pathways/#CompoundReference/PW_C000940,abstraction:ReactsWith,http://smpdb.ca/pathways/#CompoundReference/PW_C000032
http://smpdb.ca/pathways/#CompoundReference/PW_C001420,abstraction:ReactsWith,http://smpdb.ca/pathways/#CompoundReference/PW_C009432
http://smpdb.ca/pathways/#CompoundReference/PW_C040034,abstraction:ReactsWith,http://smpdb.ca/pathways/#CompoundReference/PW_C000274
http://smpdb.ca/pathways/#CompoundReference/PW_C007769,abstraction:ReactsWith,http://smpdb.ca/pathways/#CompoundReference/PW_C007838
http://smpdb.ca/pathways/#CompoundReference/PW_C007306,abstraction:ReactsWith,http://smpdb.ca/pathways/#CompoundReference/PW_C040034
http://smpdb.ca/pathways/#CompoundReference/PW_C001420,abstraction:ReactsWith,http://smpdb.ca/pathways/#CompoundReference/PW_C007308
http://smpdb.ca/pathways/#CompoundReference/PW_C000940,abstraction:ReactsWith,http://smpdb.ca/pathways/#CompoundReference/PW_C041484
http://smpdb.ca/pathways/#CompoundReference/PW_C044597,abstraction:ReactsWith,http://smpdb.ca/pathways/#CompoundReference/PW_C001201
http://smpdb.ca/pathways/#CompoundReference/PW_C007744,abstraction:ReactsWith,http://smpdb.ca/pathways/#CompoundReference/PW_C001420
http://smpdb.ca/pathways/#CompoundReference/PW_C002965,abstraction:ReactsWith,http://smpdb.ca/pathways/#CompoundReference/PW_C000146
http://smpdb.ca/pathways/#CompoundReference/PW_C001201,abstraction:ReactsWith,http://smpdb.ca/pathways/#GenericCompoundReference/295
http://smpdb.ca/pathways/#CompoundReference/PW_C000543,abstraction:ReactsWith,http://smpdb.ca/pathways/#CompoundReference/PW_C000497
http://smpdb.ca/pathways/#CompoundReference/PW_C001065,abstraction:ReactsWith,http://smpdb.ca/pathways/#CompoundReference/PW_C096925
http://smpdb.ca/pathways/#CompoundReference/PW_C000146,abstraction:ReactsWith,http://smpdb.ca/pathways/#CompoundReference/PW_C000095
http://smpdb.ca/pathways/#CompoundReference/PW_C040034,abstraction:ReactsWith,http://smpdb.ca/pathways/#CompoundReference/PW_C042574
http://smpdb.ca/pathways/#CompoundReference/PW_C001065,abstraction:ReactsWith,http://smpdb.ca/pathways/#CompoundReference/PW_C000094
http://smpdb.ca/pathways/#CompoundReference/PW_C000170,abstraction:ReactsWith,http://smpdb.ca/pathways/#CompoundReference/PW_C000882
http://smpdb.ca/pathways/#CompoundReference/PW_C040034,abstraction:ReactsWith,http://smpdb.ca/pathways/#CompoundReference/PW_C001989
http://smpdb.ca/pathways/#CompoundReference/PW_C001769,abstraction:ReactsWith,http://smpdb.ca/pathways/#CompoundReference/PW_C000414
http://smpdb.ca/pathways/#CompoundReference/PW_C040034,abstraction:ReactsWith,http://smpdb.ca/pathways/#CompoundReference/PW_C041546
http://smpdb.ca/pathways/#CompoundReference/PW_C040034,abstraction:ReactsWith,http://smpdb.ca/pathways/#CompoundReference/PW_C042935
http://smpdb.ca/pathways/#CompoundReference/PW_C001065,abstraction:ReactsWith,http://smpdb.ca/pathways/#CompoundReference/PW_C104763
http://smpdb.ca/pathways/#CompoundReference/PW_C040034,abstraction:ReactsWith,http://smpdb.ca/pathways/#CompoundReference/PW_C007823
http://smpdb.ca/pathways/#CompoundReference/PW_C042942,abstraction:ReactsWith,http://smpdb.ca/pathways/#CompoundReference/PW_C000940
http://smpdb.ca/pathways/#CompoundReference/PW_C001065,abstraction:ReactsWith,http://smpdb.ca/pathways/#CompoundReference/PW_C002571
http://smpdb.ca/pathways/#CompoundReference/PW_C001799,abstraction:ReactsWith,http://smpdb.ca/pathways/#GenericCompoundReference/55
http://smpdb.ca/pathways/#CompoundReference/PW_C040034,abstraction:ReactsWith,http://smpdb.ca/pathways/#CompoundReference/PW_C017616
http://smpdb.ca/pathways/#CompoundReference/PW_C000544,abstraction:ReactsWith,http://smpdb.ca/pathways/#CompoundReference/PW_C007724
http://smpdb.ca/pathways/#CompoundReference/PW_C000463,abstraction:ReactsWith,http://smpdb.ca/pathways/#CompoundReference/PW_C001396
http://smpdb.ca/pathways/#CompoundReference/PW_C040034,abstraction:ReactsWith,http://smpdb.ca/pathways/#CompoundReference/PW_C000065
http://smpdb.ca/pathways/#CompoundReference/PW_C001463,abstraction:ReactsWith,http://smpdb.ca/pathways/#CompoundReference/PW_C000414
http://smpdb.ca/pathways/#GenericCompoundReference/231,abstraction:ReactsWith,http://smpdb.ca/pathways/#CompoundReference/PW_C001420
http://smpdb.ca/pathways/#CompoundReference/PW_C007227,abstraction:ReactsWith,http://smpdb.ca/pathways/#CompoundReference/PW_C001420
http://smpdb.ca/pathways/#CompoundReference/PW_C001908,abstraction:ReactsWith,http://smpdb.ca/pathways/#CompoundReference/PW_C001420
http://smpdb.ca/pathways/#CompoundReference/PW_C001065,abstraction:ReactsWith,http://smpdb.ca/pathways/#CompoundReference/PW_C000143
http://smpdb.ca/pathways/#CompoundReference/PW_C040034,abstraction:ReactsWith,http://smpdb.ca/pathways/#CompoundReference/PW_C041102
http://smpdb.ca/pathways/#CompoundReference/PW_C000911,abstraction:ReactsWith,http://smpdb.ca/pathways/#CompoundReference/PW_C096922
http://smpdb.ca/pathways/#CompoundReference/PW_C000414,abstraction:ReactsWith,http://smpdb.ca/pathways/#CompoundReference/PW_C043850
http://smpdb.ca/pathways/#CompoundReference/PW_C000273,abstraction:ReactsWith,http://smpdb.ca/pathways/#GenericCompoundReference/40
http://smpdb.ca/pathways/#CompoundReference/PW_C009640,abstraction:ReactsWith,http://smpdb.ca/pathways/#CompoundReference/PW_C001420
http://smpdb.ca/pathways/#CompoundReference/PW_C000749,abstraction:ReactsWith,http://smpdb.ca/pathways/#CompoundReference/PW_C000083
http://smpdb.ca/pathways/#CompoundReference/PW_C001420,abstraction:ReactsWith,http://smpdb.ca/pathways/#CompoundReference/PW_C001000
http://smpdb.ca/pathways/#CompoundReference/PW_C000448,abstraction:ReactsWith,http://smpdb.ca/pathways/#GenericCompoundReference/100
http://smpdb.ca/pathways/#CompoundReference/PW_C001170,abstraction:ReactsWith,http://smpdb.ca/pathways/#CompoundReference/PW_C001420
http://smpdb.ca/pathways/#CompoundReference/PW_C040445,abstraction:ReactsWith,http://smpdb.ca/pathways/#CompoundReference/PW_C041100
http://smpdb.ca/pathways/#CompoundReference/PW_C040034,abstraction:ReactsWith,http://smpdb.ca/pathways/#GenericCompoundReference/138
http://smpdb.ca/pathways/#CompoundReference/PW_C042935,abstraction:ReactsWith,http://smpdb.ca/pathways/#CompoundReference/PW_C040034
http://smpdb.ca/pathways/#CompoundReference/PW_C000134,abstraction:ReactsWith,http://smpdb.ca/pathways/#CompoundReference/PW_C104767
http://smpdb.ca/pathways/#CompoundReference/PW_C000746,abstraction:ReactsWith,http://smpdb.ca/pathways/#CompoundReference/PW_C040492
http://smpdb.ca/pathways/#CompoundReference/PW_C002362,abstraction:ReactsWith,http://smpdb.ca/pathways/#CompoundReference/PW_C000146
http://smpdb.ca/pathways/#CompoundReference/PW_C041655,abstraction:ReactsWith,http://smpdb.ca/pathways/#CompoundReference/PW_C000414
http://smpdb.ca/pathways/#CompoundReference/PW_C001065,abstraction:ReactsWith,http://smpdb.ca/pathways/#CompoundReference/PW_C040566
http://smpdb.ca/pathways/#CompoundReference/PW_C000414,abstraction:ReactsWith,http://smpdb.ca/pathways/#CompoundReference/PW_C000593
http://smpdb.ca/pathways/#CompoundReference/PW_C040918,abstraction:ReactsWith,http://smpdb.ca/pathways/#CompoundReference/PW_C000120
http://smpdb.ca/pathways/#CompoundReference/PW_C000146,abstraction:ReactsWith,http://smpdb.ca/pathways/#CompoundReference/PW_C007699
http://smpdb.ca/pathways/#CompoundReference/PW_C040034,abstraction:ReactsWith,http://smpdb.ca/pathways/#CompoundReference/PW_C041033
http://smpdb.ca/pathways/#CompoundReference/PW_C000109,abstraction:ReactsWith,http://smpdb.ca/pathways/#CompoundReference/PW_C040034
http://smpdb.ca/pathways/#CompoundReference/PW_C007795,abstraction:ReactsWith,http://smpdb.ca/pathways/#CompoundReference/PW_C000146
http://smpdb.ca/pathways/#CompoundReference/PW_C102455,abstraction:ReactsWith,http://smpdb.ca/pathways/#CompoundReference/PW_C001065
http://smpdb.ca/pathways/#CompoundReference/PW_C000569,abstraction:ReactsWith,http://smpdb.ca/pathways/#CompoundReference/PW_C000095
http://smpdb.ca/pathways/#CompoundReference/PW_C001065,abstraction:ReactsWith,http://smpdb.ca/pathways/#CompoundReference/PW_C057946
http://smpdb.ca/pathways/#CompoundReference/PW_C040034,abstraction:ReactsWith,http://smpdb.ca/pathways/#CompoundReference/PW_C009120
http://smpdb.ca/pathways/#CompoundReference/PW_C040746,abstraction:ReactsWith,http://smpdb.ca/pathways/#CompoundReference/PW_C001420
http://smpdb.ca/pathways/#CompoundReference/PW_C041100,abstraction:ReactsWith,http://smpdb.ca/pathways/#GenericCompoundReference/300
http://smpdb.ca/pathways/#CompoundReference/PW_C000127,abstraction:ReactsWith,http://smpdb.ca/pathways/#CompoundReference/PW_C000414
http://smpdb.ca/pathways/#CompoundReference/PW_C002977,abstraction:ReactsWith,http://smpdb.ca/pathways/#CompoundReference/PW_C002976
http://smpdb.ca/pathways/#CompoundReference/PW_C042899,abstraction:ReactsWith,http://smpdb.ca/pathways/#CompoundReference/PW_C000095
http://smpdb.ca/pathways/#CompoundReference/PW_C040979,abstraction:ReactsWith,http://smpdb.ca/pathways/#CompoundReference/PW_C040978
http://smpdb.ca/pathways/#CompoundReference/PW_C000146,abstraction:ReactsWith,http://smpdb.ca/pathways/#CompoundReference/PW_C007306
http://smpdb.ca/pathways/#CompoundReference/PW_C001065,abstraction:ReactsWith,http://smpdb.ca/pathways/#CompoundReference/PW_C008635
http://smpdb.ca/pathways/#CompoundReference/PW_C000193,abstraction:ReactsWith,http://smpdb.ca/pathways/#CompoundReference/PW_C000605
http://smpdb.ca/pathways/#CompoundReference/PW_C000190,abstraction:ReactsWith,http://smpdb.ca/pathways/#CompoundReference/PW_C009464
http://smpdb.ca/pathways/#CompoundReference/PW_C040566,abstraction:ReactsWith,http://smpdb.ca/pathways/#CompoundReference/PW_C001144
http://smpdb.ca/pathways/#CompoundReference/PW_C001420,abstraction:ReactsWith,http://smpdb.ca/pathways/#CompoundReference/PW_C040513
http://smpdb.ca/pathways/#CompoundReference/PW_C000035,abstraction:ReactsWith,http://smpdb.ca/pathways/#CompoundReference/PW_C001051
http://smpdb.ca/pathways/#CompoundReference/PW_C000899,abstraction:ReactsWith,http://smpdb.ca/pathways/#CompoundReference/PW_C001065
http://smpdb.ca/pathways/#CompoundReference/PW_C001065,abstraction:ReactsWith,http://smpdb.ca/pathways/#CompoundReference/PW_C000015
http://smpdb.ca/pathways/#CompoundReference/PW_C010666,abstraction:ReactsWith,http://smpdb.ca/pathways/#CompoundReference/PW_C001829
http://smpdb.ca/pathways/#CompoundReference/PW_C001019,abstraction:ReactsWith,http://smpdb.ca/pathways/#CompoundReference/PW_C001420
http://smpdb.ca/pathways/#CompoundReference/PW_C001420,abstraction:ReactsWith,http://smpdb.ca/pathways/#CompoundReference/PW_C000841
http://smpdb.ca/pathways/#CompoundReference/PW_C000966,abstraction:ReactsWith,http://smpdb.ca/pathways/#CompoundReference/PW_C040034
http://smpdb.ca/pathways/#CompoundReference/PW_C000916,abstraction:ReactsWith,http://smpdb.ca/pathways/#CompoundReference/PW_C000721
http://smpdb.ca/pathways/#CompoundReference/PW_C001420,abstraction:ReactsWith,http://smpdb.ca/pathways/#CompoundReference/PW_C096927
http://smpdb.ca/pathways/#CompoundReference/PW_C001420,abstraction:ReactsWith,http://smpdb.ca/pathways/#CompoundReference/PW_C000166
http://smpdb.ca/pathways/#CompoundReference/PW_C000414,abstraction:ReactsWith,http://smpdb.ca/pathways/#CompoundReference/PW_C040997
http://smpdb.ca/pathways/#CompoundReference/PW_C001420,abstraction:ReactsWith,http://smpdb.ca/pathways/#CompoundReference/PW_C000171
http://smpdb.ca/pathways/#CompoundReference/PW_C000414,abstraction:ReactsWith,http://smpdb.ca/pathways/#GenericCompoundReference/296
http://smpdb.ca/pathways/#CompoundReference/PW_C041111,abstraction:ReactsWith,http://smpdb.ca/pathways/#CompoundReference/PW_C000414
http://smpdb.ca/pathways/#CompoundReference/PW_C001144,abstraction:ReactsWith,http://smpdb.ca/pathways/#CompoundReference/PW_C001967
http://smpdb.ca/pathways/#CompoundReference/PW_C000080,abstraction:ReactsWith,http://smpdb.ca/pathways/#CompoundReference/PW_C000905
http://smpdb.ca/pathways/#CompoundReference/PW_C008649,abstraction:ReactsWith,http://smpdb.ca/pathways/#CompoundReference/PW_C000746
http://smpdb.ca/pathways/#CompoundReference/PW_C000414,abstraction:ReactsWith,http://smpdb.ca/pathways/#CompoundReference/PW_C002943
http://smpdb.ca/pathways/#CompoundReference/PW_C001201,abstraction:ReactsWith,http://smpdb.ca/pathways/#CompoundReference/PW_C040486
http://smpdb.ca/pathways/#CompoundReference/PW_C002417,abstraction:ReactsWith,http://smpdb.ca/pathways/#CompoundReference/PW_C001420
http://smpdb.ca/pathways/#CompoundReference/PW_C057886,abstraction:ReactsWith,http://smpdb.ca/pathways/#CompoundReference/PW_C001065
http://smpdb.ca/pathways/#CompoundReference/PW_C040034,abstraction:ReactsWith,http://smpdb.ca/pathways/#CompoundReference/PW_C000990
http://smpdb.ca/pathways/#CompoundReference/PW_C001420,abstraction:ReactsWith,http://smpdb.ca/pathways/#CompoundReference/PW_C003149
http://smpdb.ca/pathways/#CompoundReference/PW_C001065,abstraction:ReactsWith,http://smpdb.ca/pathways/#CompoundReference/PW_C001420
http://smpdb.ca/pathways/#CompoundReference/PW_C040985,abstraction:ReactsWith,http://smpdb.ca/pathways/#CompoundReference/PW_C040982
http://smpdb.ca/pathways/#CompoundReference/PW_C041655,abstraction:ReactsWith,http://smpdb.ca/pathways/#CompoundReference/PW_C001420
http://smpdb.ca/pathways/#CompoundReference/PW_C001031,abstraction:ReactsWith,http://smpdb.ca/pathways/#CompoundReference/PW_C003904
http://smpdb.ca/pathways/#CompoundReference/PW_C001065,abstraction:ReactsWith,http://smpdb.ca/pathways/#CompoundReference/PW_C040778
http://smpdb.ca/pathways/#CompoundReference/PW_C000414,abstraction:ReactsWith,http://smpdb.ca/pathways/#CompoundReference/PW_C040810
http://smpdb.ca/pathways/#CompoundReference/PW_C007266,abstraction:ReactsWith,http://smpdb.ca/pathways/#CompoundReference/PW_C000414
http://smpdb.ca/pathways/#CompoundReference/PW_C040034,abstraction:ReactsWith,http://smpdb.ca/pathways/#CompoundReference/PW_C040792
http://smpdb.ca/pathways/#CompoundReference/PW_C001860,abstraction:ReactsWith,http://smpdb.ca/pathways/#CompoundReference/PW_C000101
http://smpdb.ca/pathways/#CompoundReference/PW_C000142,abstraction:ReactsWith,http://smpdb.ca/pathways/#CompoundReference/PW_C000921
http://smpdb.ca/pathways/#CompoundReference/PW_C001750,abstraction:ReactsWith,http://smpdb.ca/pathways/#CompoundReference/PW_C001065
http://smpdb.ca/pathways/#CompoundReference/PW_C040659,abstraction:ReactsWith,http://smpdb.ca/pathways/#CompoundReference/PW_C000414
http://smpdb.ca/pathways/#CompoundReference/PW_C000479,abstraction:ReactsWith,http://smpdb.ca/pathways/#CompoundReference/PW_C000869
http://smpdb.ca/pathways/#CompoundReference/PW_C040920,abstraction:ReactsWith,http://smpdb.ca/pathways/#CompoundReference/PW_C002727
http://smpdb.ca/pathways/#CompoundReference/PW_C000127,abstraction:ReactsWith,http://smpdb.ca/pathways/#CompoundReference/PW_C001420
http://smpdb.ca/pathways/#CompoundReference/PW_C001309,abstraction:ReactsWith,http://smpdb.ca/pathways/#CompoundReference/PW_C001420
http://smpdb.ca/pathways/#CompoundReference/PW_C000800,abstraction:ReactsWith,http://smpdb.ca/pathways/#CompoundReference/PW_C001420
http://smpdb.ca/pathways/#CompoundReference/PW_C000146,abstraction:ReactsWith,http://smpdb.ca/pathways/#CompoundReference/PW_C000921
http://smpdb.ca/pathways/#CompoundReference/PW_C000134,abstraction:ReactsWith,http://smpdb.ca/pathways/#CompoundReference/PW_C104763
http://smpdb.ca/pathways/#CompoundReference/PW_C000207,abstraction:ReactsWith,http://smpdb.ca/pathways/#CompoundReference/PW_C096934
http://smpdb.ca/pathways/#CompoundReference/PW_C001420,abstraction:ReactsWith,http://smpdb.ca/pathways/#CompoundReference/PW_C000981
http://smpdb.ca/pathways/#CompoundReference/PW_C001065,abstraction:ReactsWith,http://smpdb.ca/pathways/#GenericCompoundReference/307
http://smpdb.ca/pathways/#CompoundReference/PW_C002357,abstraction:ReactsWith,http://smpdb.ca/pathways/#CompoundReference/PW_C040034
http://smpdb.ca/pathways/#CompoundReference/PW_C009594,abstraction:ReactsWith,http://smpdb.ca/pathways/#CompoundReference/PW_C001065
http://smpdb.ca/pathways/#CompoundReference/PW_C001144,abstraction:ReactsWith,http://smpdb.ca/pathways/#CompoundReference/PW_C009058
http://smpdb.ca/pathways/#CompoundReference/PW_C040034,abstraction:ReactsWith,http://smpdb.ca/pathways/#CompoundReference/PW_C000457
http://smpdb.ca/pathways/#GenericCompoundReference/237,abstraction:ReactsWith,http://smpdb.ca/pathways/#CompoundReference/PW_C057878
http://smpdb.ca/pathways/#CompoundReference/PW_C001051,abstraction:ReactsWith,http://smpdb.ca/pathways/#CompoundReference/PW_C000010
http://smpdb.ca/pathways/#CompoundReference/PW_C001420,abstraction:ReactsWith,http://smpdb.ca/pathways/#CompoundReference/PW_C000035
http://smpdb.ca/pathways/#CompoundReference/PW_C000170,abstraction:ReactsWith,http://smpdb.ca/pathways/#CompoundReference/PW_C000988
http://smpdb.ca/pathways/#CompoundReference/PW_C000905,abstraction:ReactsWith,http://smpdb.ca/pathways/#CompoundReference/PW_C000721
http://smpdb.ca/pathways/#CompoundReference/PW_C001769,abstraction:ReactsWith,http://smpdb.ca/pathways/#CompoundReference/PW_C041674
http://smpdb.ca/pathways/#CompoundReference/PW_C000808,abstraction:ReactsWith,http://smpdb.ca/pathways/#CompoundReference/PW_C001034
http://smpdb.ca/pathways/#CompoundReference/PW_C041100,abstraction:ReactsWith,http://smpdb.ca/pathways/#CompoundReference/PW_C000738
http://smpdb.ca/pathways/#CompoundReference/PW_C003904,abstraction:ReactsWith,http://smpdb.ca/pathways/#GenericCompoundReference/210
http://smpdb.ca/pathways/#CompoundReference/PW_C001065,abstraction:ReactsWith,http://smpdb.ca/pathways/#CompoundReference/PW_C104779
http://smpdb.ca/pathways/#CompoundReference/PW_C000414,abstraction:ReactsWith,http://smpdb.ca/pathways/#CompoundReference/PW_C000458
http://smpdb.ca/pathways/#CompoundReference/PW_C040034,abstraction:ReactsWith,http://smpdb.ca/pathways/#CompoundReference/PW_C001847
http://smpdb.ca/pathways/#CompoundReference/PW_C044571,abstraction:ReactsWith,http://smpdb.ca/pathways/#CompoundReference/PW_C040034
http://smpdb.ca/pathways/#CompoundReference/PW_C000721,abstraction:ReactsWith,http://smpdb.ca/pathways/#CompoundReference/PW_C000209
http://smpdb.ca/pathways/#CompoundReference/PW_C000414,abstraction:ReactsWith,http://smpdb.ca/pathways/#CompoundReference/PW_C022608
http://smpdb.ca/pathways/#CompoundReference/PW_C000448,abstraction:ReactsWith,http://smpdb.ca/pathways/#CompoundReference/PW_C040034
http://smpdb.ca/pathways/#CompoundReference/PW_C000092,abstraction:ReactsWith,http://smpdb.ca/pathways/#CompoundReference/PW_C040034
http://smpdb.ca/pathways/#CompoundReference/PW_C000065,abstraction:ReactsWith,http://smpdb.ca/pathways/#CompoundReference/PW_C040034
http://smpdb.ca/pathways/#CompoundReference/PW_C001099,abstraction:ReactsWith,http://smpdb.ca/pathways/#CompoundReference/PW_C000044
http://smpdb.ca/pathways/#CompoundReference/PW_C001420,abstraction:ReactsWith,http://smpdb.ca/pathways/#CompoundReference/PW_C044519
http://smpdb.ca/pathways/#CompoundReference/PW_C000414,abstraction:ReactsWith,http://smpdb.ca/pathways/#CompoundReference/PW_C040836
http://smpdb.ca/pathways/#CompoundReference/PW_C001207,abstraction:ReactsWith,http://smpdb.ca/pathways/#CompoundReference/PW_C001420
http://smpdb.ca/pathways/#CompoundReference/PW_C001059,abstraction:ReactsWith,http://smpdb.ca/pathways/#GenericCompoundReference/97
http://smpdb.ca/pathways/#CompoundReference/PW_C000068,abstraction:ReactsWith,http://smpdb.ca/pathways/#CompoundReference/PW_C001104
http://smpdb.ca/pathways/#CompoundReference/PW_C000414,abstraction:ReactsWith,http://smpdb.ca/pathways/#CompoundReference/PW_C000448
http://smpdb.ca/pathways/#CompoundReference/PW_C007780,abstraction:ReactsWith,http://smpdb.ca/pathways/#CompoundReference/PW_C001420
http://smpdb.ca/pathways/#CompoundReference/PW_C001420,abstraction:ReactsWith,http://smpdb.ca/pathways/#CompoundReference/PW_C040761
http://smpdb.ca/pathways/#CompoundReference/PW_C001216,abstraction:ReactsWith,http://smpdb.ca/pathways/#CompoundReference/PW_C000146
http://smpdb.ca/pathways/#CompoundReference/PW_C001420,abstraction:ReactsWith,http://smpdb.ca/pathways/#CompoundReference/PW_C001170
http://smpdb.ca/pathways/#CompoundReference/PW_C002120,abstraction:ReactsWith,http://smpdb.ca/pathways/#CompoundReference/PW_C000143
http://smpdb.ca/pathways/#GenericCompoundReference/138,abstraction:ReactsWith,http://smpdb.ca/pathways/#CompoundReference/PW_C040034
http://smpdb.ca/pathways/#CompoundReference/PW_C001197,abstraction:ReactsWith,http://smpdb.ca/pathways/#CompoundReference/PW_C001420
http://smpdb.ca/pathways/#CompoundReference/PW_C000134,abstraction:ReactsWith,http://smpdb.ca/pathways/#CompoundReference/PW_C057946
http://smpdb.ca/pathways/#CompoundReference/PW_C002783,abstraction:ReactsWith,http://smpdb.ca/pathways/#CompoundReference/PW_C001144
http://smpdb.ca/pathways/#CompoundReference/PW_C040034,abstraction:ReactsWith,http://smpdb.ca/pathways/#CompoundReference/PW_C104699
http://smpdb.ca/pathways/#CompoundReference/PW_C042563,abstraction:ReactsWith,http://smpdb.ca/pathways/#CompoundReference/PW_C000414
http://smpdb.ca/pathways/#CompoundReference/PW_C000946,abstraction:ReactsWith,http://smpdb.ca/pathways/#CompoundReference/PW_C000544
http://smpdb.ca/pathways/#CompoundReference/PW_C001827,abstraction:ReactsWith,http://smpdb.ca/pathways/#CompoundReference/PW_C001755
http://smpdb.ca/pathways/#CompoundReference/PW_C000148,abstraction:ReactsWith,http://smpdb.ca/pathways/#CompoundReference/PW_C000988
http://smpdb.ca/pathways/#CompoundReference/PW_C000414,abstraction:ReactsWith,http://smpdb.ca/pathways/#CompoundReference/PW_C000396
http://smpdb.ca/pathways/#CompoundReference/PW_C001144,abstraction:ReactsWith,http://smpdb.ca/pathways/#CompoundReference/PW_C002381
http://smpdb.ca/pathways/#GenericCompoundReference/162,abstraction:ReactsWith,http://smpdb.ca/pathways/#CompoundReference/PW_C001010
http://smpdb.ca/pathways/#CompoundReference/PW_C000768,abstraction:ReactsWith,http://smpdb.ca/pathways/#CompoundReference/PW_C001039
http://smpdb.ca/pathways/#CompoundReference/PW_C000171,abstraction:ReactsWith,http://smpdb.ca/pathways/#CompoundReference/PW_C001065
http://smpdb.ca/pathways/#CompoundReference/PW_C040978,abstraction:ReactsWith,http://smpdb.ca/pathways/#CompoundReference/PW_C001420
http://smpdb.ca/pathways/#CompoundReference/PW_C000741,abstraction:ReactsWith,http://smpdb.ca/pathways/#CompoundReference/PW_C000164
http://smpdb.ca/pathways/#CompoundReference/PW_C000095,abstraction:ReactsWith,http://smpdb.ca/pathways/#CompoundReference/PW_C000131
http://smpdb.ca/pathways/#CompoundReference/PW_C001316,abstraction:ReactsWith,http://smpdb.ca/pathways/#CompoundReference/PW_C000414
http://smpdb.ca/pathways/#CompoundReference/PW_C001190,abstraction:ReactsWith,http://smpdb.ca/pathways/#CompoundReference/PW_C000143
http://smpdb.ca/pathways/#CompoundReference/PW_C040034,abstraction:ReactsWith,http://smpdb.ca/pathways/#CompoundReference/PW_C000103
http://smpdb.ca/pathways/#CompoundReference/PW_C001057,abstraction:ReactsWith,http://smpdb.ca/pathways/#CompoundReference/PW_C001420
http://smpdb.ca/pathways/#CompoundReference/PW_C057892,abstraction:ReactsWith,http://smpdb.ca/pathways/#CompoundReference/PW_C000921
http://smpdb.ca/pathways/#CompoundReference/PW_C040034,abstraction:ReactsWith,http://smpdb.ca/pathways/#CompoundReference/PW_C042596
http://smpdb.ca/pathways/#CompoundReference/PW_C000093,abstraction:ReactsWith,http://smpdb.ca/pathways/#CompoundReference/PW_C006716
http://smpdb.ca/pathways/#CompoundReference/PW_C000414,abstraction:ReactsWith,http://smpdb.ca/pathways/#CompoundReference/PW_C000480
http://smpdb.ca/pathways/#CompoundReference/PW_C001065,abstraction:ReactsWith,http://smpdb.ca/pathways/#GenericCompoundReference/222
http://smpdb.ca/pathways/#CompoundReference/PW_C001104,abstraction:ReactsWith,http://smpdb.ca/pathways/#CompoundReference/PW_C000203
http://smpdb.ca/pathways/#CompoundReference/PW_C044537,abstraction:ReactsWith,http://smpdb.ca/pathways/#CompoundReference/PW_C040034
http://smpdb.ca/pathways/#GenericCompoundReference/297,abstraction:ReactsWith,http://smpdb.ca/pathways/#CompoundReference/PW_C001420
http://smpdb.ca/pathways/#CompoundReference/PW_C001420,abstraction:ReactsWith,http://smpdb.ca/pathways/#CompoundReference/PW_C002043
http://smpdb.ca/pathways/#CompoundReference/PW_C000721,abstraction:ReactsWith,http://smpdb.ca/pathways/#CompoundReference/PW_C000782
http://smpdb.ca/pathways/#CompoundReference/PW_C000414,abstraction:ReactsWith,http://smpdb.ca/pathways/#CompoundReference/PW_C001042
http://smpdb.ca/pathways/#CompoundReference/PW_C041634,abstraction:ReactsWith,http://smpdb.ca/pathways/#GenericCompoundReference/238
http://smpdb.ca/pathways/#CompoundReference/PW_C040034,abstraction:ReactsWith,http://smpdb.ca/pathways/#CompoundReference/PW_C000738
http://smpdb.ca/pathways/#CompoundReference/PW_C000019,abstraction:ReactsWith,http://smpdb.ca/pathways/#CompoundReference/PW_C000117
http://smpdb.ca/pathways/#CompoundReference/PW_C000869,abstraction:ReactsWith,http://smpdb.ca/pathways/#CompoundReference/PW_C000843
http://smpdb.ca/pathways/#CompoundReference/PW_C000146,abstraction:ReactsWith,http://smpdb.ca/pathways/#CompoundReference/PW_C000047
http://smpdb.ca/pathways/#CompoundReference/PW_C008954,abstraction:ReactsWith,http://smpdb.ca/pathways/#CompoundReference/PW_C001144
http://smpdb.ca/pathways/#CompoundReference/PW_C000911,abstraction:ReactsWith,http://smpdb.ca/pathways/#CompoundReference/PW_C001034
http://smpdb.ca/pathways/#CompoundReference/PW_C007718,abstraction:ReactsWith,http://smpdb.ca/pathways/#CompoundReference/PW_C001420
http://smpdb.ca/pathways/#CompoundReference/PW_C001065,abstraction:ReactsWith,http://smpdb.ca/pathways/#CompoundReference/PW_C102455
http://smpdb.ca/pathways/#CompoundReference/PW_C000921,abstraction:ReactsWith,http://smpdb.ca/pathways/#GenericCompoundReference/237
http://smpdb.ca/pathways/#CompoundReference/PW_C000020,abstraction:ReactsWith,http://smpdb.ca/pathways/#CompoundReference/PW_C000414
http://smpdb.ca/pathways/#CompoundReference/PW_C001065,abstraction:ReactsWith,http://smpdb.ca/pathways/#CompoundReference/PW_C002792
http://smpdb.ca/pathways/#CompoundReference/PW_C003149,abstraction:ReactsWith,http://smpdb.ca/pathways/#CompoundReference/PW_C000414
http://smpdb.ca/pathways/#CompoundReference/PW_C000921,abstraction:ReactsWith,http://smpdb.ca/pathways/#CompoundReference/PW_C102453
http://smpdb.ca/pathways/#CompoundReference/PW_C002145,abstraction:ReactsWith,http://smpdb.ca/pathways/#CompoundReference/PW_C041090
http://smpdb.ca/pathways/#CompoundReference/PW_C001420,abstraction:ReactsWith,http://smpdb.ca/pathways/#CompoundReference/PW_C001142
http://smpdb.ca/pathways/#CompoundReference/PW_C040034,abstraction:ReactsWith,http://smpdb.ca/pathways/#CompoundReference/PW_C000976
http://smpdb.ca/pathways/#GenericCompoundReference/74,abstraction:ReactsWith,http://smpdb.ca/pathways/#CompoundReference/PW_C001420
http://smpdb.ca/pathways/#CompoundReference/PW_C000414,abstraction:ReactsWith,http://smpdb.ca/pathways/#CompoundReference/PW_C002724
http://smpdb.ca/pathways/#CompoundReference/PW_C040741,abstraction:ReactsWith,http://smpdb.ca/pathways/#CompoundReference/PW_C001420
http://smpdb.ca/pathways/#CompoundReference/PW_C040083,abstraction:ReactsWith,http://smpdb.ca/pathways/#CompoundReference/PW_C000414
http://smpdb.ca/pathways/#CompoundReference/PW_C044550,abstraction:ReactsWith,http://smpdb.ca/pathways/#CompoundReference/PW_C000146
http://smpdb.ca/pathways/#CompoundReference/PW_C104737,abstraction:ReactsWith,http://smpdb.ca/pathways/#CompoundReference/PW_C000721
http://smpdb.ca/pathways/#CompoundReference/PW_C040811,abstraction:ReactsWith,http://smpdb.ca/pathways/#CompoundReference/PW_C000921
http://smpdb.ca/pathways/#CompoundReference/PW_C001316,abstraction:ReactsWith,http://smpdb.ca/pathways/#CompoundReference/PW_C001420
http://smpdb.ca/pathways/#GenericCompoundReference/218,abstraction:ReactsWith,http://smpdb.ca/pathways/#CompoundReference/PW_C000088
http://smpdb.ca/pathways/#CompoundReference/PW_C040504,abstraction:ReactsWith,http://smpdb.ca/pathways/#CompoundReference/PW_C000921
http://smpdb.ca/pathways/#CompoundReference/PW_C001092,abstraction:ReactsWith,http://smpdb.ca/pathways/#CompoundReference/PW_C000783
http://smpdb.ca/pathways/#CompoundReference/PW_C042914,abstraction:ReactsWith,http://smpdb.ca/pathways/#CompoundReference/PW_C040034
http://smpdb.ca/pathways/#CompoundReference/PW_C057918,abstraction:ReactsWith,http://smpdb.ca/pathways/#CompoundReference/PW_C001065
http://smpdb.ca/pathways/#CompoundReference/PW_C001083,abstraction:ReactsWith,http://smpdb.ca/pathways/#CompoundReference/PW_C000193
http://smpdb.ca/pathways/#CompoundReference/PW_C040973,abstraction:ReactsWith,http://smpdb.ca/pathways/#CompoundReference/PW_C000040
http://smpdb.ca/pathways/#CompoundReference/PW_C057892,abstraction:ReactsWith,http://smpdb.ca/pathways/#CompoundReference/PW_C000057
http://smpdb.ca/pathways/#CompoundReference/PW_C000414,abstraction:ReactsWith,http://smpdb.ca/pathways/#CompoundReference/PW_C000159
http://smpdb.ca/pathways/#CompoundReference/PW_C044594,abstraction:ReactsWith,http://smpdb.ca/pathways/#CompoundReference/PW_C000145
http://smpdb.ca/pathways/#CompoundReference/PW_C001065,abstraction:ReactsWith,http://smpdb.ca/pathways/#CompoundReference/PW_C000171
http://smpdb.ca/pathways/#CompoundReference/PW_C000964,abstraction:ReactsWith,http://smpdb.ca/pathways/#CompoundReference/PW_C057930
http://smpdb.ca/pathways/#CompoundReference/PW_C000746,abstraction:ReactsWith,http://smpdb.ca/pathways/#CompoundReference/PW_C000721
http://smpdb.ca/pathways/#CompoundReference/PW_C002162,abstraction:ReactsWith,http://smpdb.ca/pathways/#CompoundReference/PW_C000146
http://smpdb.ca/pathways/#CompoundReference/PW_C001420,abstraction:ReactsWith,http://smpdb.ca/pathways/#CompoundReference/PW_C007811
http://smpdb.ca/pathways/#CompoundReference/PW_C007807,abstraction:ReactsWith,http://smpdb.ca/pathways/#CompoundReference/PW_C040034
http://smpdb.ca/pathways/#GenericCompoundReference/157,abstraction:ReactsWith,http://smpdb.ca/pathways/#CompoundReference/PW_C001420
http://smpdb.ca/pathways/#CompoundReference/PW_C041105,abstraction:ReactsWith,http://smpdb.ca/pathways/#CompoundReference/PW_C040034
http://smpdb.ca/pathways/#CompoundReference/PW_C001189,abstraction:ReactsWith,http://smpdb.ca/pathways/#GenericCompoundReference/53
http://smpdb.ca/pathways/#CompoundReference/PW_C000721,abstraction:ReactsWith,http://smpdb.ca/pathways/#CompoundReference/PW_C001969
http://smpdb.ca/pathways/#CompoundReference/PW_C001420,abstraction:ReactsWith,http://smpdb.ca/pathways/#CompoundReference/PW_C040076
http://smpdb.ca/pathways/#CompoundReference/PW_C001144,abstraction:ReactsWith,http://smpdb.ca/pathways/#CompoundReference/PW_C002364
http://smpdb.ca/pathways/#GenericCompoundReference/83,abstraction:ReactsWith,http://smpdb.ca/pathways/#CompoundReference/PW_C000092
http://smpdb.ca/pathways/#CompoundReference/PW_C040034,abstraction:ReactsWith,http://smpdb.ca/pathways/#CompoundReference/PW_C000162
http://smpdb.ca/pathways/#CompoundReference/PW_C042915,abstraction:ReactsWith,http://smpdb.ca/pathways/#CompoundReference/PW_C000414
http://smpdb.ca/pathways/#CompoundReference/PW_C045272,abstraction:ReactsWith,http://smpdb.ca/pathways/#CompoundReference/PW_C000921
http://smpdb.ca/pathways/#CompoundReference/PW_C040034,abstraction:ReactsWith,http://smpdb.ca/pathways/#CompoundReference/PW_C002357
http://smpdb.ca/pathways/#CompoundReference/PW_C001065,abstraction:ReactsWith,http://smpdb.ca/pathways/#CompoundReference/PW_C001429
http://smpdb.ca/pathways/#CompoundReference/PW_C001222,abstraction:ReactsWith,http://smpdb.ca/pathways/#CompoundReference/PW_C001144
http://smpdb.ca/pathways/#CompoundReference/PW_C000994,abstraction:ReactsWith,http://smpdb.ca/pathways/#CompoundReference/PW_C001065
http://smpdb.ca/pathways/#CompoundReference/PW_C040034,abstraction:ReactsWith,http://smpdb.ca/pathways/#CompoundReference/PW_C040550
http://smpdb.ca/pathways/#CompoundReference/PW_C104581,abstraction:ReactsWith,http://smpdb.ca/pathways/#CompoundReference/PW_C104582
http://smpdb.ca/pathways/#CompoundReference/PW_C040034,abstraction:ReactsWith,http://smpdb.ca/pathways/#CompoundReference/PW_C000437
http://smpdb.ca/pathways/#CompoundReference/PW_C001973,abstraction:ReactsWith,http://smpdb.ca/pathways/#CompoundReference/PW_C001860
http://smpdb.ca/pathways/#GenericCompoundReference/545,abstraction:ReactsWith,http://smpdb.ca/pathways/#CompoundReference/PW_C001420
http://smpdb.ca/pathways/#CompoundReference/PW_C000057,abstraction:ReactsWith,http://smpdb.ca/pathways/#CompoundReference/PW_C000448
http://smpdb.ca/pathways/#CompoundReference/PW_C000940,abstraction:ReactsWith,http://smpdb.ca/pathways/#CompoundReference/PW_C000120
http://smpdb.ca/pathways/#CompoundReference/PW_C003149,abstraction:ReactsWith,http://smpdb.ca/pathways/#CompoundReference/PW_C001420
http://smpdb.ca/pathways/#CompoundReference/PW_C040034,abstraction:ReactsWith,http://smpdb.ca/pathways/#CompoundReference/PW_C001063
http://smpdb.ca/pathways/#CompoundReference/PW_C000721,abstraction:ReactsWith,http://smpdb.ca/pathways/#CompoundReference/PW_C002027
http://smpdb.ca/pathways/#CompoundReference/PW_C000146,abstraction:ReactsWith,http://smpdb.ca/pathways/#CompoundReference/PW_C040597
http://smpdb.ca/pathways/#CompoundReference/PW_C040976,abstraction:ReactsWith,http://smpdb.ca/pathways/#CompoundReference/PW_C001420
http://smpdb.ca/pathways/#CompoundReference/PW_C000044,abstraction:ReactsWith,http://smpdb.ca/pathways/#CompoundReference/PW_C000871
http://smpdb.ca/pathways/#CompoundReference/PW_C000414,abstraction:ReactsWith,http://smpdb.ca/pathways/#CompoundReference/PW_C002954
http://smpdb.ca/pathways/#CompoundReference/PW_C000869,abstraction:ReactsWith,http://smpdb.ca/pathways/#CompoundReference/PW_C000500
http://smpdb.ca/pathways/#GenericCompoundReference/295,abstraction:ReactsWith,http://smpdb.ca/pathways/#CompoundReference/PW_C059090
http://smpdb.ca/pathways/#CompoundReference/PW_C040083,abstraction:ReactsWith,http://smpdb.ca/pathways/#CompoundReference/PW_C001420
http://smpdb.ca/pathways/#CompoundReference/PW_C000704,abstraction:ReactsWith,http://smpdb.ca/pathways/#CompoundReference/PW_C000164
http://smpdb.ca/pathways/#CompoundReference/PW_C000414,abstraction:ReactsWith,http://smpdb.ca/pathways/#CompoundReference/PW_C003015
http://smpdb.ca/pathways/#CompoundReference/PW_C042940,abstraction:ReactsWith,http://smpdb.ca/pathways/#CompoundReference/PW_C040034
http://smpdb.ca/pathways/#CompoundReference/PW_C040034,abstraction:ReactsWith,http://smpdb.ca/pathways/#GenericCompoundReference/329
http://smpdb.ca/pathways/#CompoundReference/PW_C002048,abstraction:ReactsWith,http://smpdb.ca/pathways/#CompoundReference/PW_C001065
http://smpdb.ca/pathways/#CompoundReference/PW_C040034,abstraction:ReactsWith,http://smpdb.ca/pathways/#CompoundReference/PW_C000110
http://smpdb.ca/pathways/#CompoundReference/PW_C001420,abstraction:ReactsWith,http://smpdb.ca/pathways/#CompoundReference/PW_C000195
http://smpdb.ca/pathways/#CompoundReference/PW_C012438,abstraction:ReactsWith,http://smpdb.ca/pathways/#CompoundReference/PW_C000964
http://smpdb.ca/pathways/#CompoundReference/PW_C008817,abstraction:ReactsWith,http://smpdb.ca/pathways/#CompoundReference/PW_C001144
http://smpdb.ca/pathways/#CompoundReference/PW_C001420,abstraction:ReactsWith,http://smpdb.ca/pathways/#CompoundReference/PW_C002727
http://smpdb.ca/pathways/#CompoundReference/PW_C000170,abstraction:ReactsWith,http://smpdb.ca/pathways/#CompoundReference/PW_C000114
http://smpdb.ca/pathways/#CompoundReference/PW_C001420,abstraction:ReactsWith,http://smpdb.ca/pathways/#CompoundReference/PW_C044586
http://smpdb.ca/pathways/#CompoundReference/PW_C001065,abstraction:ReactsWith,http://smpdb.ca/pathways/#CompoundReference/PW_C057882
http://smpdb.ca/pathways/#CompoundReference/PW_C104744,abstraction:ReactsWith,http://smpdb.ca/pathways/#CompoundReference/PW_C096967
http://smpdb.ca/pathways/#CompoundReference/PW_C000146,abstraction:ReactsWith,http://smpdb.ca/pathways/#CompoundReference/PW_C007794
http://smpdb.ca/pathways/#CompoundReference/PW_C002941,abstraction:ReactsWith,http://smpdb.ca/pathways/#CompoundReference/PW_C000414
http://smpdb.ca/pathways/#CompoundReference/PW_C008621,abstraction:ReactsWith,http://smpdb.ca/pathways/#CompoundReference/PW_C001065
http://smpdb.ca/pathways/#CompoundReference/PW_C000987,abstraction:ReactsWith,http://smpdb.ca/pathways/#CompoundReference/PW_C000414
http://smpdb.ca/pathways/#CompoundReference/PW_C000721,abstraction:ReactsWith,http://smpdb.ca/pathways/#CompoundReference/PW_C001019
http://smpdb.ca/pathways/#CompoundReference/PW_C001924,abstraction:ReactsWith,http://smpdb.ca/pathways/#CompoundReference/PW_C040034
http://smpdb.ca/pathways/#CompoundReference/PW_C040034,abstraction:ReactsWith,http://smpdb.ca/pathways/#CompoundReference/PW_C003011
http://smpdb.ca/pathways/#CompoundReference/PW_C003149,abstraction:ReactsWith,http://smpdb.ca/pathways/#GenericCompoundReference/210
http://smpdb.ca/pathways/#CompoundReference/PW_C000891,abstraction:ReactsWith,http://smpdb.ca/pathways/#CompoundReference/PW_C102453
http://smpdb.ca/pathways/#CompoundReference/PW_C000878,abstraction:ReactsWith,http://smpdb.ca/pathways/#CompoundReference/PW_C001420
http://smpdb.ca/pathways/#CompoundReference/PW_C001065,abstraction:ReactsWith,http://smpdb.ca/pathways/#CompoundReference/PW_C000157
http://smpdb.ca/pathways/#CompoundReference/PW_C000746,abstraction:ReactsWith,http://smpdb.ca/pathways/#CompoundReference/PW_C040494
http://smpdb.ca/pathways/#CompoundReference/PW_C001104,abstraction:ReactsWith,http://smpdb.ca/pathways/#CompoundReference/PW_C000058
http://smpdb.ca/pathways/#CompoundReference/PW_C001065,abstraction:ReactsWith,http://smpdb.ca/pathways/#CompoundReference/PW_C016026
http://smpdb.ca/pathways/#CompoundReference/PW_C040034,abstraction:ReactsWith,http://smpdb.ca/pathways/#CompoundReference/PW_C007733
http://smpdb.ca/pathways/#CompoundReference/PW_C000081,abstraction:ReactsWith,http://smpdb.ca/pathways/#CompoundReference/PW_C041683
http://smpdb.ca/pathways/#CompoundReference/PW_C000940,abstraction:ReactsWith,http://smpdb.ca/pathways/#CompoundReference/PW_C000463
http://smpdb.ca/pathways/#CompoundReference/PW_C000972,abstraction:ReactsWith,http://smpdb.ca/pathways/#CompoundReference/PW_C000721
http://smpdb.ca/pathways/#CompoundReference/PW_C001099,abstraction:ReactsWith,http://smpdb.ca/pathways/#CompoundReference/PW_C000661
http://smpdb.ca/pathways/#CompoundReference/PW_C000721,abstraction:ReactsWith,http://smpdb.ca/pathways/#CompoundReference/PW_C104737
http://smpdb.ca/pathways/#CompoundReference/PW_C000414,abstraction:ReactsWith,http://smpdb.ca/pathways/#CompoundReference/PW_C040034
http://smpdb.ca/pathways/#CompoundReference/PW_C040614,abstraction:ReactsWith,http://smpdb.ca/pathways/#CompoundReference/PW_C001144
http://smpdb.ca/pathways/#CompoundReference/PW_C000590,abstraction:ReactsWith,http://smpdb.ca/pathways/#CompoundReference/PW_C000030
http://smpdb.ca/pathways/#CompoundReference/PW_C001420,abstraction:ReactsWith,http://smpdb.ca/pathways/#CompoundReference/PW_C040764
http://smpdb.ca/pathways/#CompoundReference/PW_C001414,abstraction:ReactsWith,http://smpdb.ca/pathways/#CompoundReference/PW_C000146
http://smpdb.ca/pathways/#CompoundReference/PW_C000086,abstraction:ReactsWith,http://smpdb.ca/pathways/#CompoundReference/PW_C000190
http://smpdb.ca/pathways/#CompoundReference/PW_C040034,abstraction:ReactsWith,http://smpdb.ca/pathways/#CompoundReference/PW_C000974
http://smpdb.ca/pathways/#CompoundReference/PW_C000064,abstraction:ReactsWith,http://smpdb.ca/pathways/#CompoundReference/PW_C044593
http://smpdb.ca/pathways/#CompoundReference/PW_C002683,abstraction:ReactsWith,http://smpdb.ca/pathways/#CompoundReference/PW_C001420
http://smpdb.ca/pathways/#CompoundReference/PW_C001420,abstraction:ReactsWith,http://smpdb.ca/pathways/#CompoundReference/PW_C000059
http://smpdb.ca/pathways/#CompoundReference/PW_C000087,abstraction:ReactsWith,http://smpdb.ca/pathways/#CompoundReference/PW_C001104
http://smpdb.ca/pathways/#CompoundReference/PW_C000795,abstraction:ReactsWith,http://smpdb.ca/pathways/#CompoundReference/PW_C040034
http://smpdb.ca/pathways/#CompoundReference/PW_C001003,abstraction:ReactsWith,http://smpdb.ca/pathways/#CompoundReference/PW_C040034
http://smpdb.ca/pathways/#CompoundReference/PW_C057946,abstraction:ReactsWith,http://smpdb.ca/pathways/#CompoundReference/PW_C000134
http://smpdb.ca/pathways/#CompoundReference/PW_C057938,abstraction:ReactsWith,http://smpdb.ca/pathways/#CompoundReference/PW_C000134
http://smpdb.ca/pathways/#CompoundReference/PW_C001420,abstraction:ReactsWith,http://smpdb.ca/pathways/#CompoundReference/PW_C042660
http://smpdb.ca/pathways/#CompoundReference/PW_C001420,abstraction:ReactsWith,http://smpdb.ca/pathways/#CompoundReference/PW_C009240
http://smpdb.ca/pathways/#CompoundReference/PW_C042912,abstraction:ReactsWith,http://smpdb.ca/pathways/#CompoundReference/PW_C001420
http://smpdb.ca/pathways/#CompoundReference/PW_C000570,abstraction:ReactsWith,http://smpdb.ca/pathways/#CompoundReference/PW_C000120
http://smpdb.ca/pathways/#CompoundReference/PW_C040681,abstraction:ReactsWith,http://smpdb.ca/pathways/#CompoundReference/PW_C000414
http://smpdb.ca/pathways/#GenericCompoundReference/227,abstraction:ReactsWith,http://smpdb.ca/pathways/#CompoundReference/PW_C040747
http://smpdb.ca/pathways/#CompoundReference/PW_C044519,abstraction:ReactsWith,http://smpdb.ca/pathways/#CompoundReference/PW_C001420
http://smpdb.ca/pathways/#CompoundReference/PW_C000691,abstraction:ReactsWith,http://smpdb.ca/pathways/#CompoundReference/PW_C001191
http://smpdb.ca/pathways/#CompoundReference/PW_C001034,abstraction:ReactsWith,http://smpdb.ca/pathways/#CompoundReference/PW_C042933
http://smpdb.ca/pathways/#CompoundReference/PW_C000891,abstraction:ReactsWith,http://smpdb.ca/pathways/#CompoundReference/PW_C104656
http://smpdb.ca/pathways/#GenericCompoundReference/40,abstraction:ReactsWith,http://smpdb.ca/pathways/#CompoundReference/PW_C059085
http://smpdb.ca/pathways/#CompoundReference/PW_C000185,abstraction:ReactsWith,http://smpdb.ca/pathways/#CompoundReference/PW_C040918
http://smpdb.ca/pathways/#CompoundReference/PW_C000749,abstraction:ReactsWith,http://smpdb.ca/pathways/#CompoundReference/PW_C000185
http://smpdb.ca/pathways/#CompoundReference/PW_C000081,abstraction:ReactsWith,http://smpdb.ca/pathways/#CompoundReference/PW_C044553
http://smpdb.ca/pathways/#CompoundReference/PW_C001420,abstraction:ReactsWith,http://smpdb.ca/pathways/#CompoundReference/PW_C040697
http://smpdb.ca/pathways/#CompoundReference/PW_C045278,abstraction:ReactsWith,http://smpdb.ca/pathways/#CompoundReference/PW_C000414
http://smpdb.ca/pathways/#CompoundReference/PW_C001065,abstraction:ReactsWith,http://smpdb.ca/pathways/#CompoundReference/PW_C002043
http://smpdb.ca/pathways/#CompoundReference/PW_C000104,abstraction:ReactsWith,http://smpdb.ca/pathways/#CompoundReference/PW_C001195
http://smpdb.ca/pathways/#GenericCompoundReference/534,abstraction:ReactsWith,http://smpdb.ca/pathways/#CompoundReference/PW_C001065
http://smpdb.ca/pathways/#CompoundReference/PW_C001037,abstraction:ReactsWith,http://smpdb.ca/pathways/#CompoundReference/PW_C001420
http://smpdb.ca/pathways/#CompoundReference/PW_C000746,abstraction:ReactsWith,http://smpdb.ca/pathways/#CompoundReference/PW_C000861
http://smpdb.ca/pathways/#CompoundReference/PW_C000134,abstraction:ReactsWith,http://smpdb.ca/pathways/#CompoundReference/PW_C000171
http://smpdb.ca/pathways/#CompoundReference/PW_C104802,abstraction:ReactsWith,http://smpdb.ca/pathways/#CompoundReference/PW_C000940
http://smpdb.ca/pathways/#CompoundReference/PW_C000414,abstraction:ReactsWith,http://smpdb.ca/pathways/#CompoundReference/PW_C000111
http://smpdb.ca/pathways/#CompoundReference/PW_C000414,abstraction:ReactsWith,http://smpdb.ca/pathways/#CompoundReference/PW_C000113
http://smpdb.ca/pathways/#CompoundReference/PW_C007680,abstraction:ReactsWith,http://smpdb.ca/pathways/#CompoundReference/PW_C000901
http://smpdb.ca/pathways/#CompoundReference/PW_C000987,abstraction:ReactsWith,http://smpdb.ca/pathways/#CompoundReference/PW_C001420
http://smpdb.ca/pathways/#CompoundReference/PW_C002374,abstraction:ReactsWith,http://smpdb.ca/pathways/#CompoundReference/PW_C001144
http://smpdb.ca/pathways/#CompoundReference/PW_C000721,abstraction:ReactsWith,http://smpdb.ca/pathways/#CompoundReference/PW_C001047
http://smpdb.ca/pathways/#CompoundReference/PW_C002013,abstraction:ReactsWith,http://smpdb.ca/pathways/#CompoundReference/PW_C040034
http://smpdb.ca/pathways/#CompoundReference/PW_C000206,abstraction:ReactsWith,http://smpdb.ca/pathways/#CompoundReference/PW_C000746
http://smpdb.ca/pathways/#CompoundReference/PW_C000721,abstraction:ReactsWith,http://smpdb.ca/pathways/#CompoundReference/PW_C002992
http://smpdb.ca/pathways/#CompoundReference/PW_C000888,abstraction:ReactsWith,http://smpdb.ca/pathways/#CompoundReference/PW_C000414
http://smpdb.ca/pathways/#CompoundReference/PW_C040034,abstraction:ReactsWith,http://smpdb.ca/pathways/#CompoundReference/PW_C000088
http://smpdb.ca/pathways/#CompoundReference/PW_C001065,abstraction:ReactsWith,http://smpdb.ca/pathways/#CompoundReference/PW_C000084
http://smpdb.ca/pathways/#CompoundReference/PW_C000741,abstraction:ReactsWith,http://smpdb.ca/pathways/#CompoundReference/PW_C000146
http://smpdb.ca/pathways/#CompoundReference/PW_C000146,abstraction:ReactsWith,http://smpdb.ca/pathways/#CompoundReference/PW_C008731
http://smpdb.ca/pathways/#CompoundReference/PW_C041634,abstraction:ReactsWith,http://smpdb.ca/pathways/#CompoundReference/PW_C000944
http://smpdb.ca/pathways/#GenericCompoundReference/147,abstraction:ReactsWith,http://smpdb.ca/pathways/#GenericCompoundReference/256
http://smpdb.ca/pathways/#CompoundReference/PW_C000052,abstraction:ReactsWith,http://smpdb.ca/pathways/#CompoundReference/PW_C001420
http://smpdb.ca/pathways/#CompoundReference/PW_C104730,abstraction:ReactsWith,http://smpdb.ca/pathways/#CompoundReference/PW_C001065
http://smpdb.ca/pathways/#CompoundReference/PW_C000988,abstraction:ReactsWith,http://smpdb.ca/pathways/#CompoundReference/PW_C000148
http://smpdb.ca/pathways/#CompoundReference/PW_C001065,abstraction:ReactsWith,http://smpdb.ca/pathways/#CompoundReference/PW_C000175
http://smpdb.ca/pathways/#CompoundReference/PW_C001420,abstraction:ReactsWith,http://smpdb.ca/pathways/#CompoundReference/PW_C000097
http://smpdb.ca/pathways/#CompoundReference/PW_C000123,abstraction:ReactsWith,http://smpdb.ca/pathways/#CompoundReference/PW_C000500
http://smpdb.ca/pathways/#CompoundReference/PW_C000095,abstraction:ReactsWith,http://smpdb.ca/pathways/#CompoundReference/PW_C000373
http://smpdb.ca/pathways/#CompoundReference/PW_C001146,abstraction:ReactsWith,http://smpdb.ca/pathways/#CompoundReference/PW_C000414
http://smpdb.ca/pathways/#CompoundReference/PW_C001420,abstraction:ReactsWith,http://smpdb.ca/pathways/#CompoundReference/PW_C000457
http://smpdb.ca/pathways/#CompoundReference/PW_C104583,abstraction:ReactsWith,http://smpdb.ca/pathways/#CompoundReference/PW_C104584
http://smpdb.ca/pathways/#CompoundReference/PW_C001284,abstraction:ReactsWith,http://smpdb.ca/pathways/#CompoundReference/PW_C001065
http://smpdb.ca/pathways/#CompoundReference/PW_C001420,abstraction:ReactsWith,http://smpdb.ca/pathways/#CompoundReference/PW_C001196
http://smpdb.ca/pathways/#CompoundReference/PW_C000414,abstraction:ReactsWith,http://smpdb.ca/pathways/#CompoundReference/PW_C001908
http://smpdb.ca/pathways/#CompoundReference/PW_C040034,abstraction:ReactsWith,http://smpdb.ca/pathways/#CompoundReference/PW_C000165
http://smpdb.ca/pathways/#GenericCompoundReference/250,abstraction:ReactsWith,http://smpdb.ca/pathways/#CompoundReference/PW_C041248
http://smpdb.ca/pathways/#CompoundReference/PW_C000201,abstraction:ReactsWith,http://smpdb.ca/pathways/#CompoundReference/PW_C040659
http://smpdb.ca/pathways/#CompoundReference/PW_C000721,abstraction:ReactsWith,http://smpdb.ca/pathways/#CompoundReference/PW_C000592
http://smpdb.ca/pathways/#CompoundReference/PW_C007305,abstraction:ReactsWith,http://smpdb.ca/pathways/#CompoundReference/PW_C040034
http://smpdb.ca/pathways/#CompoundReference/PW_C040034,abstraction:ReactsWith,http://smpdb.ca/pathways/#CompoundReference/PW_C000140
http://smpdb.ca/pathways/#CompoundReference/PW_C000940,abstraction:ReactsWith,http://smpdb.ca/pathways/#CompoundReference/PW_C000095
http://smpdb.ca/pathways/#CompoundReference/PW_C001420,abstraction:ReactsWith,http://smpdb.ca/pathways/#CompoundReference/PW_C000693
http://smpdb.ca/pathways/#CompoundReference/PW_C001034,abstraction:ReactsWith,http://smpdb.ca/pathways/#CompoundReference/PW_C001032
http://smpdb.ca/pathways/#CompoundReference/PW_C000774,abstraction:ReactsWith,http://smpdb.ca/pathways/#CompoundReference/PW_C040034
http://smpdb.ca/pathways/#CompoundReference/PW_C000146,abstraction:ReactsWith,http://smpdb.ca/pathways/#CompoundReference/PW_C001253
http://smpdb.ca/pathways/#CompoundReference/PW_C000414,abstraction:ReactsWith,http://smpdb.ca/pathways/#GenericCompoundReference/304
http://smpdb.ca/pathways/#CompoundReference/PW_C040681,abstraction:ReactsWith,http://smpdb.ca/pathways/#CompoundReference/PW_C001420
http://smpdb.ca/pathways/#CompoundReference/PW_C002709,abstraction:ReactsWith,http://smpdb.ca/pathways/#CompoundReference/PW_C000078
http://smpdb.ca/pathways/#CompoundReference/PW_C040034,abstraction:ReactsWith,http://smpdb.ca/pathways/#CompoundReference/PW_C001003
http://smpdb.ca/pathways/#CompoundReference/PW_C000414,abstraction:ReactsWith,http://smpdb.ca/pathways/#CompoundReference/PW_C040458
http://smpdb.ca/pathways/#CompoundReference/PW_C001065,abstraction:ReactsWith,http://smpdb.ca/pathways/#CompoundReference/PW_C000274
http://smpdb.ca/pathways/#CompoundReference/PW_C000134,abstraction:ReactsWith,http://smpdb.ca/pathways/#CompoundReference/PW_C000035
http://smpdb.ca/pathways/#CompoundReference/PW_C007130,abstraction:ReactsWith,http://smpdb.ca/pathways/#CompoundReference/PW_C001420
http://smpdb.ca/pathways/#CompoundReference/PW_C000146,abstraction:ReactsWith,http://smpdb.ca/pathways/#CompoundReference/PW_C000500
http://smpdb.ca/pathways/#CompoundReference/PW_C040660,abstraction:ReactsWith,http://smpdb.ca/pathways/#CompoundReference/PW_C001202
http://smpdb.ca/pathways/#CompoundReference/PW_C001065,abstraction:ReactsWith,http://smpdb.ca/pathways/#CompoundReference/PW_C000137
http://smpdb.ca/pathways/#CompoundReference/PW_C000134,abstraction:ReactsWith,http://smpdb.ca/pathways/#CompoundReference/PW_C057942
http://smpdb.ca/pathways/#CompoundReference/PW_C045258,abstraction:ReactsWith,http://smpdb.ca/pathways/#CompoundReference/PW_C040034
http://smpdb.ca/pathways/#CompoundReference/PW_C042919,abstraction:ReactsWith,http://smpdb.ca/pathways/#CompoundReference/PW_C001420
http://smpdb.ca/pathways/#CompoundReference/PW_C045278,abstraction:ReactsWith,http://smpdb.ca/pathways/#CompoundReference/PW_C001420
http://smpdb.ca/pathways/#CompoundReference/PW_C018836,abstraction:ReactsWith,http://smpdb.ca/pathways/#CompoundReference/PW_C000805
http://smpdb.ca/pathways/#CompoundReference/PW_C043173,abstraction:ReactsWith,http://smpdb.ca/pathways/#CompoundReference/PW_C000146
http://smpdb.ca/pathways/#CompoundReference/PW_C000964,abstraction:ReactsWith,http://smpdb.ca/pathways/#CompoundReference/PW_C057929
http://smpdb.ca/pathways/#CompoundReference/PW_C000079,abstraction:ReactsWith,http://smpdb.ca/pathways/#CompoundReference/PW_C001144
http://smpdb.ca/pathways/#CompoundReference/PW_C000185,abstraction:ReactsWith,http://smpdb.ca/pathways/#CompoundReference/PW_C001420
http://smpdb.ca/pathways/#CompoundReference/PW_C040856,abstraction:ReactsWith,http://smpdb.ca/pathways/#CompoundReference/PW_C001420
http://smpdb.ca/pathways/#CompoundReference/PW_C040034,abstraction:ReactsWith,http://smpdb.ca/pathways/#CompoundReference/PW_C044543
http://smpdb.ca/pathways/#CompoundReference/PW_C001420,abstraction:ReactsWith,http://smpdb.ca/pathways/#CompoundReference/PW_C041508
http://smpdb.ca/pathways/#CompoundReference/PW_C000644,abstraction:ReactsWith,http://smpdb.ca/pathways/#CompoundReference/PW_C000414
http://smpdb.ca/pathways/#CompoundReference/PW_C000639,abstraction:ReactsWith,http://smpdb.ca/pathways/#CompoundReference/PW_C000414
http://smpdb.ca/pathways/#CompoundReference/PW_C040458,abstraction:ReactsWith,http://smpdb.ca/pathways/#CompoundReference/PW_C000414
http://smpdb.ca/pathways/#CompoundReference/PW_C041563,abstraction:ReactsWith,http://smpdb.ca/pathways/#CompoundReference/PW_C022608
http://smpdb.ca/pathways/#CompoundReference/PW_C002919,abstraction:ReactsWith,http://smpdb.ca/pathways/#CompoundReference/PW_C001065
http://smpdb.ca/pathways/#CompoundReference/PW_C000190,abstraction:ReactsWith,http://smpdb.ca/pathways/#CompoundReference/PW_C000102
http://smpdb.ca/pathways/#CompoundReference/PW_C000146,abstraction:ReactsWith,http://smpdb.ca/pathways/#CompoundReference/PW_C001084
http://smpdb.ca/pathways/#CompoundReference/PW_C001065,abstraction:ReactsWith,http://smpdb.ca/pathways/#CompoundReference/PW_C017616
http://smpdb.ca/pathways/#CompoundReference/PW_C000986,abstraction:ReactsWith,http://smpdb.ca/pathways/#CompoundReference/PW_C000041
http://smpdb.ca/pathways/#CompoundReference/PW_C000134,abstraction:ReactsWith,http://smpdb.ca/pathways/#CompoundReference/PW_C016026
http://smpdb.ca/pathways/#CompoundReference/PW_C000990,abstraction:ReactsWith,http://smpdb.ca/pathways/#CompoundReference/PW_C000146
http://smpdb.ca/pathways/#CompoundReference/PW_C001065,abstraction:ReactsWith,http://smpdb.ca/pathways/#CompoundReference/PW_C000065
http://smpdb.ca/pathways/#CompoundReference/PW_C000721,abstraction:ReactsWith,http://smpdb.ca/pathways/#CompoundReference/PW_C000012
http://smpdb.ca/pathways/#CompoundReference/PW_C000437,abstraction:ReactsWith,http://smpdb.ca/pathways/#CompoundReference/PW_C040034
http://smpdb.ca/pathways/#CompoundReference/PW_C000047,abstraction:ReactsWith,http://smpdb.ca/pathways/#CompoundReference/PW_C000143
http://smpdb.ca/pathways/#CompoundReference/PW_C001086,abstraction:ReactsWith,http://smpdb.ca/pathways/#CompoundReference/PW_C001104
http://smpdb.ca/pathways/#CompoundReference/PW_C000141,abstraction:ReactsWith,http://smpdb.ca/pathways/#CompoundReference/PW_C000414
http://smpdb.ca/pathways/#CompoundReference/PW_C001065,abstraction:ReactsWith,http://smpdb.ca/pathways/#CompoundReference/PW_C020316
http://smpdb.ca/pathways/#CompoundReference/PW_C001420,abstraction:ReactsWith,http://smpdb.ca/pathways/#CompoundReference/PW_C000103
http://smpdb.ca/pathways/#CompoundReference/PW_C001420,abstraction:ReactsWith,http://smpdb.ca/pathways/#CompoundReference/PW_C002993
http://smpdb.ca/pathways/#CompoundReference/PW_C000209,abstraction:ReactsWith,http://smpdb.ca/pathways/#CompoundReference/PW_C000721
http://smpdb.ca/pathways/#CompoundReference/PW_C044507,abstraction:ReactsWith,http://smpdb.ca/pathways/#CompoundReference/PW_C040969
http://smpdb.ca/pathways/#CompoundReference/PW_C040513,abstraction:ReactsWith,http://smpdb.ca/pathways/#CompoundReference/PW_C001420
http://smpdb.ca/pathways/#CompoundReference/PW_C002571,abstraction:ReactsWith,http://smpdb.ca/pathways/#CompoundReference/PW_C001065
http://smpdb.ca/pathways/#CompoundReference/PW_C001196,abstraction:ReactsWith,http://smpdb.ca/pathways/#CompoundReference/PW_C000170
http://smpdb.ca/pathways/#CompoundReference/PW_C001104,abstraction:ReactsWith,http://smpdb.ca/pathways/#CompoundReference/PW_C000202
http://smpdb.ca/pathways/#CompoundReference/PW_C000921,abstraction:ReactsWith,http://smpdb.ca/pathways/#CompoundReference/PW_C041136
http://smpdb.ca/pathways/#CompoundReference/PW_C040034,abstraction:ReactsWith,http://smpdb.ca/pathways/#CompoundReference/PW_C044546
http://smpdb.ca/pathways/#CompoundReference/PW_C007720,abstraction:ReactsWith,http://smpdb.ca/pathways/#CompoundReference/PW_C000143
http://smpdb.ca/pathways/#CompoundReference/PW_C000057,abstraction:ReactsWith,http://smpdb.ca/pathways/#CompoundReference/PW_C040034
http://smpdb.ca/pathways/#CompoundReference/PW_C001065,abstraction:ReactsWith,http://smpdb.ca/pathways/#GenericCompoundReference/138
http://smpdb.ca/pathways/#CompoundReference/PW_C001144,abstraction:ReactsWith,http://smpdb.ca/pathways/#CompoundReference/PW_C008954
http://smpdb.ca/pathways/#CompoundReference/PW_C040034,abstraction:ReactsWith,http://smpdb.ca/pathways/#CompoundReference/PW_C000718
http://smpdb.ca/pathways/#CompoundReference/PW_C042617,abstraction:ReactsWith,http://smpdb.ca/pathways/#CompoundReference/PW_C043200
http://smpdb.ca/pathways/#CompoundReference/PW_C000768,abstraction:ReactsWith,http://smpdb.ca/pathways/#CompoundReference/PW_C040034
http://smpdb.ca/pathways/#CompoundReference/PW_C001065,abstraction:ReactsWith,http://smpdb.ca/pathways/#CompoundReference/PW_C000195
http://smpdb.ca/pathways/#CompoundReference/PW_C040034,abstraction:ReactsWith,http://smpdb.ca/pathways/#CompoundReference/PW_C000184
http://smpdb.ca/pathways/#CompoundReference/PW_C001420,abstraction:ReactsWith,http://smpdb.ca/pathways/#CompoundReference/PW_C000102
http://smpdb.ca/pathways/#CompoundReference/PW_C001007,abstraction:ReactsWith,http://smpdb.ca/pathways/#CompoundReference/PW_C000774
http://smpdb.ca/pathways/#CompoundReference/PW_C000414,abstraction:ReactsWith,http://smpdb.ca/pathways/#CompoundReference/PW_C040505
http://smpdb.ca/pathways/#CompoundReference/PW_C019423,abstraction:ReactsWith,http://smpdb.ca/pathways/#CompoundReference/PW_C001420
http://smpdb.ca/pathways/#CompoundReference/PW_C001441,abstraction:ReactsWith,http://smpdb.ca/pathways/#CompoundReference/PW_C001106
http://smpdb.ca/pathways/#CompoundReference/PW_C000414,abstraction:ReactsWith,http://smpdb.ca/pathways/#CompoundReference/PW_C001036
http://smpdb.ca/pathways/#CompoundReference/PW_C007243,abstraction:ReactsWith,http://smpdb.ca/pathways/#GenericCompoundReference/40
http://smpdb.ca/pathways/#CompoundReference/PW_C040034,abstraction:ReactsWith,http://smpdb.ca/pathways/#CompoundReference/PW_C043847
http://smpdb.ca/pathways/#CompoundReference/PW_C000078,abstraction:ReactsWith,http://smpdb.ca/pathways/#CompoundReference/PW_C001178
http://smpdb.ca/pathways/#CompoundReference/PW_C000092,abstraction:ReactsWith,http://smpdb.ca/pathways/#CompoundReference/PW_C001221
http://smpdb.ca/pathways/#CompoundReference/PW_C000201,abstraction:ReactsWith,http://smpdb.ca/pathways/#CompoundReference/PW_C000196
http://smpdb.ca/pathways/#CompoundReference/PW_C002908,abstraction:ReactsWith,http://smpdb.ca/pathways/#CompoundReference/PW_C000143
http://smpdb.ca/pathways/#GenericCompoundReference/299,abstraction:ReactsWith,http://smpdb.ca/pathways/#CompoundReference/PW_C000065
http://smpdb.ca/pathways/#CompoundReference/PW_C000037,abstraction:ReactsWith,http://smpdb.ca/pathways/#CompoundReference/PW_C001065
http://smpdb.ca/pathways/#CompoundReference/PW_C000182,abstraction:ReactsWith,http://smpdb.ca/pathways/#CompoundReference/PW_C000414
http://smpdb.ca/pathways/#CompoundReference/PW_C040458,abstraction:ReactsWith,http://smpdb.ca/pathways/#CompoundReference/PW_C001420
http://smpdb.ca/pathways/#CompoundReference/PW_C044565,abstraction:ReactsWith,http://smpdb.ca/pathways/#CompoundReference/PW_C040034
http://smpdb.ca/pathways/#CompoundReference/PW_C002677,abstraction:ReactsWith,http://smpdb.ca/pathways/#CompoundReference/PW_C001420
http://smpdb.ca/pathways/#CompoundReference/PW_C000414,abstraction:ReactsWith,http://smpdb.ca/pathways/#CompoundReference/PW_C000044
http://smpdb.ca/pathways/#CompoundReference/PW_C001420,abstraction:ReactsWith,http://smpdb.ca/pathways/#CompoundReference/PW_C000976
http://smpdb.ca/pathways/#CompoundReference/PW_C000173,abstraction:ReactsWith,http://smpdb.ca/pathways/#GenericCompoundReference/40
http://smpdb.ca/pathways/#CompoundReference/PW_C000799,abstraction:ReactsWith,http://smpdb.ca/pathways/#CompoundReference/PW_C001420
http://smpdb.ca/pathways/#CompoundReference/PW_C040034,abstraction:ReactsWith,http://smpdb.ca/pathways/#CompoundReference/PW_C000885
http://smpdb.ca/pathways/#CompoundReference/PW_C001223,abstraction:ReactsWith,http://smpdb.ca/pathways/#CompoundReference/PW_C000146
http://smpdb.ca/pathways/#CompoundReference/PW_C001420,abstraction:ReactsWith,http://smpdb.ca/pathways/#CompoundReference/PW_C001535
http://smpdb.ca/pathways/#CompoundReference/PW_C000146,abstraction:ReactsWith,http://smpdb.ca/pathways/#CompoundReference/PW_C002013
http://smpdb.ca/pathways/#CompoundReference/PW_C001420,abstraction:ReactsWith,http://smpdb.ca/pathways/#CompoundReference/PW_C000799
http://smpdb.ca/pathways/#GenericCompoundReference/242,abstraction:ReactsWith,http://smpdb.ca/pathways/#GenericCompoundReference/241
http://smpdb.ca/pathways/#CompoundReference/PW_C001144,abstraction:ReactsWith,http://smpdb.ca/pathways/#CompoundReference/PW_C000009
http://smpdb.ca/pathways/#CompoundReference/PW_C000113,abstraction:ReactsWith,http://smpdb.ca/pathways/#CompoundReference/PW_C000414
http://smpdb.ca/pathways/#CompoundReference/PW_C000721,abstraction:ReactsWith,http://smpdb.ca/pathways/#CompoundReference/PW_C000916
http://smpdb.ca/pathways/#CompoundReference/PW_C001099,abstraction:ReactsWith,http://smpdb.ca/pathways/#CompoundReference/PW_C000639
http://smpdb.ca/pathways/#CompoundReference/PW_C000080,abstraction:ReactsWith,http://smpdb.ca/pathways/#CompoundReference/PW_C041162
http://smpdb.ca/pathways/#CompoundReference/PW_C001039,abstraction:ReactsWith,http://smpdb.ca/pathways/#CompoundReference/PW_C002145
http://smpdb.ca/pathways/#CompoundReference/PW_C000143,abstraction:ReactsWith,http://smpdb.ca/pathways/#CompoundReference/PW_C000209
http://smpdb.ca/pathways/#CompoundReference/PW_C000962,abstraction:ReactsWith,http://smpdb.ca/pathways/#CompoundReference/PW_C000414
http://smpdb.ca/pathways/#CompoundReference/PW_C000143,abstraction:ReactsWith,http://smpdb.ca/pathways/#CompoundReference/PW_C045260
http://smpdb.ca/pathways/#CompoundReference/PW_C000808,abstraction:ReactsWith,http://smpdb.ca/pathways/#CompoundReference/PW_C000570
http://smpdb.ca/pathways/#CompoundReference/PW_C000448,abstraction:ReactsWith,http://smpdb.ca/pathways/#CompoundReference/PW_C057878
http://smpdb.ca/pathways/#CompoundReference/PW_C057870,abstraction:ReactsWith,http://smpdb.ca/pathways/#CompoundReference/PW_C040034
http://smpdb.ca/pathways/#CompoundReference/PW_C057940,abstraction:ReactsWith,http://smpdb.ca/pathways/#CompoundReference/PW_C001065
http://smpdb.ca/pathways/#CompoundReference/PW_C000480,abstraction:ReactsWith,http://smpdb.ca/pathways/#CompoundReference/PW_C000414
http://smpdb.ca/pathways/#CompoundReference/PW_C000911,abstraction:ReactsWith,http://smpdb.ca/pathways/#CompoundReference/PW_C002111
http://smpdb.ca/pathways/#CompoundReference/PW_C001065,abstraction:ReactsWith,http://smpdb.ca/pathways/#CompoundReference/PW_C009240
http://smpdb.ca/pathways/#CompoundReference/PW_C040583,abstraction:ReactsWith,http://smpdb.ca/pathways/#CompoundReference/PW_C001144
http://smpdb.ca/pathways/#CompoundReference/PW_C001035,abstraction:ReactsWith,http://smpdb.ca/pathways/#CompoundReference/PW_C001207
http://smpdb.ca/pathways/#CompoundReference/PW_C001420,abstraction:ReactsWith,http://smpdb.ca/pathways/#CompoundReference/PW_C006326
http://smpdb.ca/pathways/#CompoundReference/PW_C000940,abstraction:ReactsWith,http://smpdb.ca/pathways/#CompoundReference/PW_C000969
http://smpdb.ca/pathways/#CompoundReference/PW_C001420,abstraction:ReactsWith,http://smpdb.ca/pathways/#CompoundReference/PW_C000162
http://smpdb.ca/pathways/#CompoundReference/PW_C001420,abstraction:ReactsWith,http://smpdb.ca/pathways/#CompoundReference/PW_C000494
http://smpdb.ca/pathways/#CompoundReference/PW_C000414,abstraction:ReactsWith,http://smpdb.ca/pathways/#CompoundReference/PW_C003005
http://smpdb.ca/pathways/#CompoundReference/PW_C001065,abstraction:ReactsWith,http://smpdb.ca/pathways/#CompoundReference/PW_C008817
http://smpdb.ca/pathways/#CompoundReference/PW_C002004,abstraction:ReactsWith,http://smpdb.ca/pathways/#CompoundReference/PW_C000721
http://smpdb.ca/pathways/#CompoundReference/PW_C003022,abstraction:ReactsWith,http://smpdb.ca/pathways/#CompoundReference/PW_C000137
http://smpdb.ca/pathways/#CompoundReference/PW_C001420,abstraction:ReactsWith,http://smpdb.ca/pathways/#CompoundReference/PW_C041602
http://smpdb.ca/pathways/#CompoundReference/PW_C000721,abstraction:ReactsWith,http://smpdb.ca/pathways/#CompoundReference/PW_C000926
http://smpdb.ca/pathways/#CompoundReference/PW_C040997,abstraction:ReactsWith,http://smpdb.ca/pathways/#CompoundReference/PW_C000414
http://smpdb.ca/pathways/#CompoundReference/PW_C000517,abstraction:ReactsWith,http://smpdb.ca/pathways/#CompoundReference/PW_C001851
http://smpdb.ca/pathways/#CompoundReference/PW_C096938,abstraction:ReactsWith,http://smpdb.ca/pathways/#CompoundReference/PW_C001420
http://smpdb.ca/pathways/#CompoundReference/PW_C012810,abstraction:ReactsWith,http://smpdb.ca/pathways/#CompoundReference/PW_C040034
http://smpdb.ca/pathways/#CompoundReference/PW_C000891,abstraction:ReactsWith,http://smpdb.ca/pathways/#CompoundReference/PW_C104650
http://smpdb.ca/pathways/#CompoundReference/PW_C000120,abstraction:ReactsWith,http://smpdb.ca/pathways/#CompoundReference/PW_C000570
http://smpdb.ca/pathways/#CompoundReference/PW_C000062,abstraction:ReactsWith,http://smpdb.ca/pathways/#CompoundReference/PW_C000921
http://smpdb.ca/pathways/#CompoundReference/PW_C002709,abstraction:ReactsWith,http://smpdb.ca/pathways/#CompoundReference/PW_C000171
http://smpdb.ca/pathways/#CompoundReference/PW_C000182,abstraction:ReactsWith,http://smpdb.ca/pathways/#CompoundReference/PW_C001420
http://smpdb.ca/pathways/#CompoundReference/PW_C040811,abstraction:ReactsWith,http://smpdb.ca/pathways/#CompoundReference/PW_C001932
http://smpdb.ca/pathways/#GenericCompoundReference/313,abstraction:ReactsWith,http://smpdb.ca/pathways/#CompoundReference/PW_C001065
http://smpdb.ca/pathways/#CompoundReference/PW_C000134,abstraction:ReactsWith,http://smpdb.ca/pathways/#CompoundReference/PW_C000789
http://smpdb.ca/pathways/#CompoundReference/PW_C001065,abstraction:ReactsWith,http://smpdb.ca/pathways/#GenericCompoundReference/55
http://smpdb.ca/pathways/#CompoundReference/PW_C007823,abstraction:ReactsWith,http://smpdb.ca/pathways/#CompoundReference/PW_C000721
http://smpdb.ca/pathways/#CompoundReference/PW_C001420,abstraction:ReactsWith,http://smpdb.ca/pathways/#GenericCompoundReference/549
http://smpdb.ca/pathways/#CompoundReference/PW_C001420,abstraction:ReactsWith,http://smpdb.ca/pathways/#CompoundReference/PW_C000110
http://smpdb.ca/pathways/#CompoundReference/PW_C000414,abstraction:ReactsWith,http://smpdb.ca/pathways/#CompoundReference/PW_C045277
http://smpdb.ca/pathways/#CompoundReference/PW_C000146,abstraction:ReactsWith,http://smpdb.ca/pathways/#CompoundReference/PW_C000118
http://smpdb.ca/pathways/#CompoundReference/PW_C000164,abstraction:ReactsWith,http://smpdb.ca/pathways/#CompoundReference/PW_C000120
http://smpdb.ca/pathways/#CompoundReference/PW_C001134,abstraction:ReactsWith,http://smpdb.ca/pathways/#CompoundReference/PW_C001144
http://smpdb.ca/pathways/#CompoundReference/PW_C040034,abstraction:ReactsWith,http://smpdb.ca/pathways/#CompoundReference/PW_C000090
http://smpdb.ca/pathways/#CompoundReference/PW_C012051,abstraction:ReactsWith,http://smpdb.ca/pathways/#CompoundReference/PW_C040034
http://smpdb.ca/pathways/#CompoundReference/PW_C057952,abstraction:ReactsWith,http://smpdb.ca/pathways/#CompoundReference/PW_C000911
http://smpdb.ca/pathways/#CompoundReference/PW_C041558,abstraction:ReactsWith,http://smpdb.ca/pathways/#CompoundReference/PW_C001099
http://smpdb.ca/pathways/#CompoundReference/PW_C040034,abstraction:ReactsWith,http://smpdb.ca/pathways/#CompoundReference/PW_C040972
http://smpdb.ca/pathways/#CompoundReference/PW_C057889,abstraction:ReactsWith,http://smpdb.ca/pathways/#CompoundReference/PW_C001065
http://smpdb.ca/pathways/#CompoundReference/PW_C001065,abstraction:ReactsWith,http://smpdb.ca/pathways/#CompoundReference/PW_C000693
http://smpdb.ca/pathways/#CompoundReference/PW_C000065,abstraction:ReactsWith,http://smpdb.ca/pathways/#GenericCompoundReference/299
http://smpdb.ca/pathways/#CompoundReference/PW_C002082,abstraction:ReactsWith,http://smpdb.ca/pathways/#CompoundReference/PW_C001420
http://smpdb.ca/pathways/#GenericCompoundReference/302,abstraction:ReactsWith,http://smpdb.ca/pathways/#CompoundReference/PW_C001065
http://smpdb.ca/pathways/#CompoundReference/PW_C001099,abstraction:ReactsWith,http://smpdb.ca/pathways/#CompoundReference/PW_C002986
http://smpdb.ca/pathways/#CompoundReference/PW_C000134,abstraction:ReactsWith,http://smpdb.ca/pathways/#CompoundReference/PW_C001051
http://smpdb.ca/pathways/#CompoundReference/PW_C000035,abstraction:ReactsWith,http://smpdb.ca/pathways/#CompoundReference/PW_C000146
http://smpdb.ca/pathways/#CompoundReference/PW_C042631,abstraction:ReactsWith,http://smpdb.ca/pathways/#CompoundReference/PW_C040034
http://smpdb.ca/pathways/#CompoundReference/PW_C001420,abstraction:ReactsWith,http://smpdb.ca/pathways/#CompoundReference/PW_C009457
http://smpdb.ca/pathways/#CompoundReference/PW_C000146,abstraction:ReactsWith,http://smpdb.ca/pathways/#CompoundReference/PW_C000148
http://smpdb.ca/pathways/#CompoundReference/PW_C040997,abstraction:ReactsWith,http://smpdb.ca/pathways/#CompoundReference/PW_C001420
http://smpdb.ca/pathways/#CompoundReference/PW_C000414,abstraction:ReactsWith,http://smpdb.ca/pathways/#CompoundReference/PW_C000001
http://smpdb.ca/pathways/#CompoundReference/PW_C001347,abstraction:ReactsWith,http://smpdb.ca/pathways/#CompoundReference/PW_C000174
http://smpdb.ca/pathways/#CompoundReference/PW_C042915,abstraction:ReactsWith,http://smpdb.ca/pathways/#CompoundReference/PW_C042909
http://smpdb.ca/pathways/#CompoundReference/PW_C000809,abstraction:ReactsWith,http://smpdb.ca/pathways/#CompoundReference/PW_C000146
http://smpdb.ca/pathways/#CompoundReference/PW_C044593,abstraction:ReactsWith,http://smpdb.ca/pathways/#CompoundReference/PW_C001420
http://smpdb.ca/pathways/#CompoundReference/PW_C001420,abstraction:ReactsWith,http://smpdb.ca/pathways/#CompoundReference/PW_C001880
http://smpdb.ca/pathways/#CompoundReference/PW_C000081,abstraction:ReactsWith,http://smpdb.ca/pathways/#GenericCompoundReference/142
http://smpdb.ca/pathways/#CompoundReference/PW_C000414,abstraction:ReactsWith,http://smpdb.ca/pathways/#CompoundReference/PW_C000962
http://smpdb.ca/pathways/#CompoundReference/PW_C000170,abstraction:ReactsWith,http://smpdb.ca/pathways/#CompoundReference/PW_C001062
http://smpdb.ca/pathways/#CompoundReference/PW_C000146,abstraction:ReactsWith,http://smpdb.ca/pathways/#CompoundReference/PW_C001095
http://smpdb.ca/pathways/#CompoundReference/PW_C001957,abstraction:ReactsWith,http://smpdb.ca/pathways/#CompoundReference/PW_C040083
http://smpdb.ca/pathways/#CompoundReference/PW_C009058,abstraction:ReactsWith,http://smpdb.ca/pathways/#CompoundReference/PW_C000146
http://smpdb.ca/pathways/#CompoundReference/PW_C000146,abstraction:ReactsWith,http://smpdb.ca/pathways/#CompoundReference/PW_C044544
http://smpdb.ca/pathways/#CompoundReference/PW_C001420,abstraction:ReactsWith,http://smpdb.ca/pathways/#CompoundReference/PW_C000977
http://smpdb.ca/pathways/#CompoundReference/PW_C040778,abstraction:ReactsWith,http://smpdb.ca/pathways/#CompoundReference/PW_C001706
http://smpdb.ca/pathways/#CompoundReference/PW_C000143,abstraction:ReactsWith,http://smpdb.ca/pathways/#CompoundReference/PW_C000795
http://smpdb.ca/pathways/#CompoundReference/PW_C040682,abstraction:ReactsWith,http://smpdb.ca/pathways/#CompoundReference/PW_C040663
http://smpdb.ca/pathways/#CompoundReference/PW_C040034,abstraction:ReactsWith,http://smpdb.ca/pathways/#CompoundReference/PW_C057906
http://smpdb.ca/pathways/#CompoundReference/PW_C040779,abstraction:ReactsWith,http://smpdb.ca/pathways/#CompoundReference/PW_C001010
http://smpdb.ca/pathways/#CompoundReference/PW_C000822,abstraction:ReactsWith,http://smpdb.ca/pathways/#CompoundReference/PW_C000414
http://smpdb.ca/pathways/#CompoundReference/PW_C000164,abstraction:ReactsWith,http://smpdb.ca/pathways/#CompoundReference/PW_C000463
http://smpdb.ca/pathways/#CompoundReference/PW_C000721,abstraction:ReactsWith,http://smpdb.ca/pathways/#CompoundReference/PW_C000797
http://smpdb.ca/pathways/#CompoundReference/PW_C000504,abstraction:ReactsWith,http://smpdb.ca/pathways/#CompoundReference/PW_C000721
http://smpdb.ca/pathways/#CompoundReference/PW_C000104,abstraction:ReactsWith,http://smpdb.ca/pathways/#CompoundReference/PW_C040034
http://smpdb.ca/pathways/#CompoundReference/PW_C000029,abstraction:ReactsWith,http://smpdb.ca/pathways/#CompoundReference/PW_C001099
http://smpdb.ca/pathways/#CompoundReference/PW_C001142,abstraction:ReactsWith,http://smpdb.ca/pathways/#CompoundReference/PW_C000032
http://smpdb.ca/pathways/#CompoundReference/PW_C104811,abstraction:ReactsWith,http://smpdb.ca/pathways/#CompoundReference/PW_C000146
http://smpdb.ca/pathways/#CompoundReference/PW_C002963,abstraction:ReactsWith,http://smpdb.ca/pathways/#CompoundReference/PW_C040034
http://smpdb.ca/pathways/#CompoundReference/PW_C000936,abstraction:ReactsWith,http://smpdb.ca/pathways/#GenericCompoundReference/73
http://smpdb.ca/pathways/#CompoundReference/PW_C000414,abstraction:ReactsWith,http://smpdb.ca/pathways/#CompoundReference/PW_C043231
http://smpdb.ca/pathways/#CompoundReference/PW_C001065,abstraction:ReactsWith,http://smpdb.ca/pathways/#CompoundReference/PW_C000103
http://smpdb.ca/pathways/#CompoundReference/PW_C001406,abstraction:ReactsWith,http://smpdb.ca/pathways/#CompoundReference/PW_C001099
http://smpdb.ca/pathways/#CompoundReference/PW_C040034,abstraction:ReactsWith,http://smpdb.ca/pathways/#CompoundReference/PW_C000972
http://smpdb.ca/pathways/#CompoundReference/PW_C001420,abstraction:ReactsWith,http://smpdb.ca/pathways/#CompoundReference/PW_C040608
http://smpdb.ca/pathways/#CompoundReference/PW_C001144,abstraction:ReactsWith,http://smpdb.ca/pathways/#CompoundReference/PW_C000164
http://smpdb.ca/pathways/#GenericCompoundReference/302,abstraction:ReactsWith,http://smpdb.ca/pathways/#CompoundReference/PW_C001680
http://smpdb.ca/pathways/#CompoundReference/PW_C000782,abstraction:ReactsWith,http://smpdb.ca/pathways/#CompoundReference/PW_C000721
http://smpdb.ca/pathways/#CompoundReference/PW_C003010,abstraction:ReactsWith,http://smpdb.ca/pathways/#CompoundReference/PW_C000146
http://smpdb.ca/pathways/#CompoundReference/PW_C040034,abstraction:ReactsWith,http://smpdb.ca/pathways/#CompoundReference/PW_C006761
http://smpdb.ca/pathways/#CompoundReference/PW_C001065,abstraction:ReactsWith,http://smpdb.ca/pathways/#CompoundReference/PW_C000102
http://smpdb.ca/pathways/#GenericCompoundReference/156,abstraction:ReactsWith,http://smpdb.ca/pathways/#GenericCompoundReference/157
http://smpdb.ca/pathways/#CompoundReference/PW_C001420,abstraction:ReactsWith,http://smpdb.ca/pathways/#CompoundReference/PW_C000088
http://smpdb.ca/pathways/#CompoundReference/PW_C057925,abstraction:ReactsWith,http://smpdb.ca/pathways/#CompoundReference/PW_C001420
http://smpdb.ca/pathways/#CompoundReference/PW_C000988,abstraction:ReactsWith,http://smpdb.ca/pathways/#CompoundReference/PW_C000032
http://smpdb.ca/pathways/#CompoundReference/PW_C001415,abstraction:ReactsWith,http://smpdb.ca/pathways/#CompoundReference/PW_C001420
http://smpdb.ca/pathways/#CompoundReference/PW_C102455,abstraction:ReactsWith,http://smpdb.ca/pathways/#CompoundReference/PW_C000891
http://smpdb.ca/pathways/#GenericCompoundReference/40,abstraction:ReactsWith,http://smpdb.ca/pathways/#CompoundReference/PW_C000209
http://smpdb.ca/pathways/#CompoundReference/PW_C040810,abstraction:ReactsWith,http://smpdb.ca/pathways/#CompoundReference/PW_C001316
http://smpdb.ca/pathways/#CompoundReference/PW_C000886,abstraction:ReactsWith,http://smpdb.ca/pathways/#CompoundReference/PW_C006716
http://smpdb.ca/pathways/#CompoundReference/PW_C001420,abstraction:ReactsWith,http://smpdb.ca/pathways/#GenericCompoundReference/344
http://smpdb.ca/pathways/#CompoundReference/PW_C001824,abstraction:ReactsWith,http://smpdb.ca/pathways/#CompoundReference/PW_C000146
http://smpdb.ca/pathways/#CompoundReference/PW_C041026,abstraction:ReactsWith,http://smpdb.ca/pathways/#CompoundReference/PW_C001120
http://smpdb.ca/pathways/#CompoundReference/PW_C040992,abstraction:ReactsWith,http://smpdb.ca/pathways/#CompoundReference/PW_C040993
http://smpdb.ca/pathways/#CompoundReference/PW_C000721,abstraction:ReactsWith,http://smpdb.ca/pathways/#CompoundReference/PW_C044559
http://smpdb.ca/pathways/#CompoundReference/PW_C001690,abstraction:ReactsWith,http://smpdb.ca/pathways/#CompoundReference/PW_C000146
http://smpdb.ca/pathways/#CompoundReference/PW_C000457,abstraction:ReactsWith,http://smpdb.ca/pathways/#CompoundReference/PW_C000414
http://smpdb.ca/pathways/#CompoundReference/PW_C001420,abstraction:ReactsWith,http://smpdb.ca/pathways/#CompoundReference/PW_C001679
http://smpdb.ca/pathways/#CompoundReference/PW_C000105,abstraction:ReactsWith,http://smpdb.ca/pathways/#GenericCompoundReference/95
http://smpdb.ca/pathways/#CompoundReference/PW_C001065,abstraction:ReactsWith,http://smpdb.ca/pathways/#CompoundReference/PW_C008977
http://smpdb.ca/pathways/#CompoundReference/PW_C000936,abstraction:ReactsWith,http://smpdb.ca/pathways/#CompoundReference/PW_C002722
http://smpdb.ca/pathways/#CompoundReference/PW_C000769,abstraction:ReactsWith,http://smpdb.ca/pathways/#CompoundReference/PW_C000164
http://smpdb.ca/pathways/#CompoundReference/PW_C000414,abstraction:ReactsWith,http://smpdb.ca/pathways/#CompoundReference/PW_C001221
http://smpdb.ca/pathways/#CompoundReference/PW_C000822,abstraction:ReactsWith,http://smpdb.ca/pathways/#CompoundReference/PW_C001420
http://smpdb.ca/pathways/#CompoundReference/PW_C040034,abstraction:ReactsWith,http://smpdb.ca/pathways/#CompoundReference/PW_C104658
http://smpdb.ca/pathways/#CompoundReference/PW_C001065,abstraction:ReactsWith,http://smpdb.ca/pathways/#CompoundReference/PW_C000799
http://smpdb.ca/pathways/#CompoundReference/PW_C000414,abstraction:ReactsWith,http://smpdb.ca/pathways/#CompoundReference/PW_C007744
http://smpdb.ca/pathways/#CompoundReference/PW_C007308,abstraction:ReactsWith,http://smpdb.ca/pathways/#CompoundReference/PW_C000180
http://smpdb.ca/pathways/#GenericCompoundReference/304,abstraction:ReactsWith,http://smpdb.ca/pathways/#CompoundReference/PW_C000095
http://smpdb.ca/pathways/#CompoundReference/PW_C000414,abstraction:ReactsWith,http://smpdb.ca/pathways/#CompoundReference/PW_C000661
http://smpdb.ca/pathways/#CompoundReference/PW_C001992,abstraction:ReactsWith,http://smpdb.ca/pathways/#CompoundReference/PW_C000721
http://smpdb.ca/pathways/#CompoundReference/PW_C002047,abstraction:ReactsWith,http://smpdb.ca/pathways/#CompoundReference/PW_C000721
http://smpdb.ca/pathways/#CompoundReference/PW_C000746,abstraction:ReactsWith,http://smpdb.ca/pathways/#CompoundReference/PW_C000005
http://smpdb.ca/pathways/#CompoundReference/PW_C001065,abstraction:ReactsWith,http://smpdb.ca/pathways/#CompoundReference/PW_C040590
http://smpdb.ca/pathways/#CompoundReference/PW_C002733,abstraction:ReactsWith,http://smpdb.ca/pathways/#CompoundReference/PW_C000901
http://smpdb.ca/pathways/#CompoundReference/PW_C001420,abstraction:ReactsWith,http://smpdb.ca/pathways/#GenericCompoundReference/158
http://smpdb.ca/pathways/#CompoundReference/PW_C018131,abstraction:ReactsWith,http://smpdb.ca/pathways/#GenericCompoundReference/302
http://smpdb.ca/pathways/#CompoundReference/PW_C041232,abstraction:ReactsWith,http://smpdb.ca/pathways/#CompoundReference/PW_C000414
http://smpdb.ca/pathways/#CompoundReference/PW_C001420,abstraction:ReactsWith,http://smpdb.ca/pathways/#CompoundReference/PW_C001846
http://smpdb.ca/pathways/#CompoundReference/PW_C000093,abstraction:ReactsWith,http://smpdb.ca/pathways/#CompoundReference/PW_C000111
http://smpdb.ca/pathways/#CompoundReference/PW_C001031,abstraction:ReactsWith,http://smpdb.ca/pathways/#CompoundReference/PW_C040034
http://smpdb.ca/pathways/#CompoundReference/PW_C040691,abstraction:ReactsWith,http://smpdb.ca/pathways/#CompoundReference/PW_C001420
http://smpdb.ca/pathways/#CompoundReference/PW_C000080,abstraction:ReactsWith,http://smpdb.ca/pathways/#CompoundReference/PW_C041159
http://smpdb.ca/pathways/#CompoundReference/PW_C000391,abstraction:ReactsWith,http://smpdb.ca/pathways/#CompoundReference/PW_C000543
http://smpdb.ca/pathways/#CompoundReference/PW_C000095,abstraction:ReactsWith,http://smpdb.ca/pathways/#CompoundReference/PW_C000721
http://smpdb.ca/pathways/#GenericCompoundReference/237,abstraction:ReactsWith,http://smpdb.ca/pathways/#CompoundReference/PW_C000986
http://smpdb.ca/pathways/#CompoundReference/PW_C000196,abstraction:ReactsWith,http://smpdb.ca/pathways/#CompoundReference/PW_C044603
http://smpdb.ca/pathways/#CompoundReference/PW_C000146,abstraction:ReactsWith,http://smpdb.ca/pathways/#CompoundReference/PW_C001532
http://smpdb.ca/pathways/#CompoundReference/PW_C000774,abstraction:ReactsWith,http://smpdb.ca/pathways/#CompoundReference/PW_C001355
http://smpdb.ca/pathways/#CompoundReference/PW_C040477,abstraction:ReactsWith,http://smpdb.ca/pathways/#CompoundReference/PW_C000721
http://smpdb.ca/pathways/#CompoundReference/PW_C000075,abstraction:ReactsWith,http://smpdb.ca/pathways/#CompoundReference/PW_C040034
http://smpdb.ca/pathways/#CompoundReference/PW_C001246,abstraction:ReactsWith,http://smpdb.ca/pathways/#CompoundReference/PW_C000143
http://smpdb.ca/pathways/#CompoundReference/PW_C000970,abstraction:ReactsWith,http://smpdb.ca/pathways/#CompoundReference/PW_C001065
http://smpdb.ca/pathways/#CompoundReference/PW_C000146,abstraction:ReactsWith,http://smpdb.ca/pathways/#CompoundReference/PW_C001482
http://smpdb.ca/pathways/#CompoundReference/PW_C040034,abstraction:ReactsWith,http://smpdb.ca/pathways/#CompoundReference/PW_C001973
http://smpdb.ca/pathways/#CompoundReference/PW_C000414,abstraction:ReactsWith,http://smpdb.ca/pathways/#CompoundReference/PW_C002313
http://smpdb.ca/pathways/#CompoundReference/PW_C001065,abstraction:ReactsWith,http://smpdb.ca/pathways/#CompoundReference/PW_C000162
http://smpdb.ca/pathways/#CompoundReference/PW_C041302,abstraction:ReactsWith,http://smpdb.ca/pathways/#CompoundReference/PW_C000414
http://smpdb.ca/pathways/#CompoundReference/PW_C057936,abstraction:ReactsWith,http://smpdb.ca/pathways/#CompoundReference/PW_C001065
http://smpdb.ca/pathways/#CompoundReference/PW_C040034,abstraction:ReactsWith,http://smpdb.ca/pathways/#CompoundReference/PW_C006758
http://smpdb.ca/pathways/#CompoundReference/PW_C016363,abstraction:ReactsWith,http://smpdb.ca/pathways/#CompoundReference/PW_C000146
http://smpdb.ca/pathways/#CompoundReference/PW_C001087,abstraction:ReactsWith,http://smpdb.ca/pathways/#CompoundReference/PW_C042908
http://smpdb.ca/pathways/#CompoundReference/PW_C040978,abstraction:ReactsWith,http://smpdb.ca/pathways/#CompoundReference/PW_C040979
http://smpdb.ca/pathways/#CompoundReference/PW_C011313,abstraction:ReactsWith,http://smpdb.ca/pathways/#CompoundReference/PW_C001420
http://smpdb.ca/pathways/#CompoundReference/PW_C001065,abstraction:ReactsWith,http://smpdb.ca/pathways/#CompoundReference/PW_C040550
http://smpdb.ca/pathways/#CompoundReference/PW_C104653,abstraction:ReactsWith,http://smpdb.ca/pathways/#CompoundReference/PW_C040034
http://smpdb.ca/pathways/#CompoundReference/PW_C007980,abstraction:ReactsWith,http://smpdb.ca/pathways/#CompoundReference/PW_C001065
http://smpdb.ca/pathways/#CompoundReference/PW_C000457,abstraction:ReactsWith,http://smpdb.ca/pathways/#CompoundReference/PW_C001420
http://smpdb.ca/pathways/#CompoundReference/PW_C001036,abstraction:ReactsWith,http://smpdb.ca/pathways/#CompoundReference/PW_C000414
http://smpdb.ca/pathways/#CompoundReference/PW_C000831,abstraction:ReactsWith,http://smpdb.ca/pathways/#CompoundReference/PW_C000950
http://smpdb.ca/pathways/#CompoundReference/PW_C001034,abstraction:ReactsWith,http://smpdb.ca/pathways/#CompoundReference/PW_C000808
http://smpdb.ca/pathways/#CompoundReference/PW_C000146,abstraction:ReactsWith,http://smpdb.ca/pathways/#CompoundReference/PW_C002687
http://smpdb.ca/pathways/#CompoundReference/PW_C043849,abstraction:ReactsWith,http://smpdb.ca/pathways/#CompoundReference/PW_C001420
http://smpdb.ca/pathways/#CompoundReference/PW_C009464,abstraction:ReactsWith,http://smpdb.ca/pathways/#CompoundReference/PW_C001420
http://smpdb.ca/pathways/#CompoundReference/PW_C000829,abstraction:ReactsWith,http://smpdb.ca/pathways/#CompoundReference/PW_C001420
http://smpdb.ca/pathways/#CompoundReference/PW_C000201,abstraction:ReactsWith,http://smpdb.ca/pathways/#CompoundReference/PW_C044572
http://smpdb.ca/pathways/#CompoundReference/PW_C000134,abstraction:ReactsWith,http://smpdb.ca/pathways/#CompoundReference/PW_C001092
http://smpdb.ca/pathways/#CompoundReference/PW_C000143,abstraction:ReactsWith,http://smpdb.ca/pathways/#CompoundReference/PW_C003009
http://smpdb.ca/pathways/#CompoundReference/PW_C001496,abstraction:ReactsWith,http://smpdb.ca/pathways/#CompoundReference/PW_C041026
http://smpdb.ca/pathways/#CompoundReference/PW_C000805,abstraction:ReactsWith,http://smpdb.ca/pathways/#CompoundReference/PW_C057896
http://smpdb.ca/pathways/#CompoundReference/PW_C000134,abstraction:ReactsWith,http://smpdb.ca/pathways/#CompoundReference/PW_C000103
http://smpdb.ca/pathways/#CompoundReference/PW_C040034,abstraction:ReactsWith,http://smpdb.ca/pathways/#CompoundReference/PW_C000678
http://smpdb.ca/pathways/#CompoundReference/PW_C000028,abstraction:ReactsWith,http://smpdb.ca/pathways/#CompoundReference/PW_C001099
http://smpdb.ca/pathways/#GenericCompoundReference/227,abstraction:ReactsWith,http://smpdb.ca/pathways/#CompoundReference/PW_C000122
http://smpdb.ca/pathways/#CompoundReference/PW_C001420,abstraction:ReactsWith,http://smpdb.ca/pathways/#CompoundReference/PW_C043847
http://smpdb.ca/pathways/#CompoundReference/PW_C000143,abstraction:ReactsWith,http://smpdb.ca/pathways/#CompoundReference/PW_C104655
http://smpdb.ca/pathways/#CompoundReference/PW_C001864,abstraction:ReactsWith,http://smpdb.ca/pathways/#CompoundReference/PW_C001065
http://smpdb.ca/pathways/#CompoundReference/PW_C000146,abstraction:ReactsWith,http://smpdb.ca/pathways/#CompoundReference/PW_C009058
http://smpdb.ca/pathways/#CompoundReference/PW_C000143,abstraction:ReactsWith,http://smpdb.ca/pathways/#CompoundReference/PW_C040034
http://smpdb.ca/pathways/#CompoundReference/PW_C000146,abstraction:ReactsWith,http://smpdb.ca/pathways/#CompoundReference/PW_C000207
http://smpdb.ca/pathways/#CompoundReference/PW_C000032,abstraction:ReactsWith,http://smpdb.ca/pathways/#CompoundReference/PW_C040034
http://smpdb.ca/pathways/#CompoundReference/PW_C041302,abstraction:ReactsWith,http://smpdb.ca/pathways/#CompoundReference/PW_C001420
http://smpdb.ca/pathways/#CompoundReference/PW_C040610,abstraction:ReactsWith,http://smpdb.ca/pathways/#CompoundReference/PW_C000414
http://smpdb.ca/pathways/#CompoundReference/PW_C040597,abstraction:ReactsWith,http://smpdb.ca/pathways/#CompoundReference/PW_C000146
http://smpdb.ca/pathways/#CompoundReference/PW_C001065,abstraction:ReactsWith,http://smpdb.ca/pathways/#CompoundReference/PW_C000019
http://smpdb.ca/pathways/#CompoundReference/PW_C000193,abstraction:ReactsWith,http://smpdb.ca/pathways/#CompoundReference/PW_C040995
http://smpdb.ca/pathways/#CompoundReference/PW_C001420,abstraction:ReactsWith,http://smpdb.ca/pathways/#CompoundReference/PW_C000189
http://smpdb.ca/pathways/#CompoundReference/PW_C000263,abstraction:ReactsWith,http://smpdb.ca/pathways/#CompoundReference/PW_C040034
http://smpdb.ca/pathways/#CompoundReference/PW_C001420,abstraction:ReactsWith,http://smpdb.ca/pathways/#CompoundReference/PW_C000885
http://smpdb.ca/pathways/#CompoundReference/PW_C001065,abstraction:ReactsWith,http://smpdb.ca/pathways/#CompoundReference/PW_C009457
http://smpdb.ca/pathways/#CompoundReference/PW_C040034,abstraction:ReactsWith,http://smpdb.ca/pathways/#CompoundReference/PW_C001105
http://smpdb.ca/pathways/#CompoundReference/PW_C000538,abstraction:ReactsWith,http://smpdb.ca/pathways/#CompoundReference/PW_C040034
http://smpdb.ca/pathways/#CompoundReference/PW_C002963,abstraction:ReactsWith,http://smpdb.ca/pathways/#CompoundReference/PW_C000544
http://smpdb.ca/pathways/#CompoundReference/PW_C000951,abstraction:ReactsWith,http://smpdb.ca/pathways/#CompoundReference/PW_C000146
http://smpdb.ca/pathways/#GenericCompoundReference/55,abstraction:ReactsWith,http://smpdb.ca/pathways/#CompoundReference/PW_C001065
http://smpdb.ca/pathways/#CompoundReference/PW_C000968,abstraction:ReactsWith,http://smpdb.ca/pathways/#CompoundReference/PW_C002040
http://smpdb.ca/pathways/#CompoundReference/PW_C000921,abstraction:ReactsWith,http://smpdb.ca/pathways/#CompoundReference/PW_C002967
http://smpdb.ca/pathways/#CompoundReference/PW_C000911,abstraction:ReactsWith,http://smpdb.ca/pathways/#CompoundReference/PW_C001031
http://smpdb.ca/pathways/#CompoundReference/PW_C001144,abstraction:ReactsWith,http://smpdb.ca/pathways/#CompoundReference/PW_C001966
http://smpdb.ca/pathways/#CompoundReference/PW_C001065,abstraction:ReactsWith,http://smpdb.ca/pathways/#CompoundReference/PW_C001880
http://smpdb.ca/pathways/#GenericCompoundReference/307,abstraction:ReactsWith,http://smpdb.ca/pathways/#CompoundReference/PW_C001065
http://smpdb.ca/pathways/#CompoundReference/PW_C000414,abstraction:ReactsWith,http://smpdb.ca/pathways/#CompoundReference/PW_C000479
http://smpdb.ca/pathways/#CompoundReference/PW_C001249,abstraction:ReactsWith,http://smpdb.ca/pathways/#CompoundReference/PW_C001099
http://smpdb.ca/pathways/#CompoundReference/PW_C002151,abstraction:ReactsWith,http://smpdb.ca/pathways/#CompoundReference/PW_C000871
http://smpdb.ca/pathways/#CompoundReference/PW_C001420,abstraction:ReactsWith,http://smpdb.ca/pathways/#CompoundReference/PW_C040919
http://smpdb.ca/pathways/#CompoundReference/PW_C000414,abstraction:ReactsWith,http://smpdb.ca/pathways/#CompoundReference/PW_C001104
http://smpdb.ca/pathways/#CompoundReference/PW_C000899,abstraction:ReactsWith,http://smpdb.ca/pathways/#CompoundReference/PW_C000134
http://smpdb.ca/pathways/#CompoundReference/PW_C007728,abstraction:ReactsWith,http://smpdb.ca/pathways/#CompoundReference/PW_C040034
http://smpdb.ca/pathways/#CompoundReference/PW_C001065,abstraction:ReactsWith,http://smpdb.ca/pathways/#CompoundReference/PW_C000974
http://smpdb.ca/pathways/#CompoundReference/PW_C000094,abstraction:ReactsWith,http://smpdb.ca/pathways/#CompoundReference/PW_C000146
http://smpdb.ca/pathways/#CompoundReference/PW_C001924,abstraction:ReactsWith,http://smpdb.ca/pathways/#CompoundReference/PW_C001144
http://smpdb.ca/pathways/#CompoundReference/PW_C008612,abstraction:ReactsWith,http://smpdb.ca/pathways/#CompoundReference/PW_C000721
http://smpdb.ca/pathways/#CompoundReference/PW_C040034,abstraction:ReactsWith,http://smpdb.ca/pathways/#CompoundReference/PW_C000824
http://smpdb.ca/pathways/#CompoundReference/PW_C000414,abstraction:ReactsWith,http://smpdb.ca/pathways/#CompoundReference/PW_C041232
http://smpdb.ca/pathways/#CompoundReference/PW_C001099,abstraction:ReactsWith,http://smpdb.ca/pathways/#CompoundReference/PW_C000259
http://smpdb.ca/pathways/#CompoundReference/PW_C000194,abstraction:ReactsWith,http://smpdb.ca/pathways/#CompoundReference/PW_C000414
http://smpdb.ca/pathways/#CompoundReference/PW_C000921,abstraction:ReactsWith,http://smpdb.ca/pathways/#CompoundReference/PW_C040696
http://smpdb.ca/pathways/#CompoundReference/PW_C040034,abstraction:ReactsWith,http://smpdb.ca/pathways/#CompoundReference/PW_C009153
http://smpdb.ca/pathways/#CompoundReference/PW_C001234,abstraction:ReactsWith,http://smpdb.ca/pathways/#CompoundReference/PW_C001065
http://smpdb.ca/pathways/#CompoundReference/PW_C040758,abstraction:ReactsWith,http://smpdb.ca/pathways/#CompoundReference/PW_C001420
http://smpdb.ca/pathways/#CompoundReference/PW_C001878,abstraction:ReactsWith,http://smpdb.ca/pathways/#CompoundReference/PW_C001065
http://smpdb.ca/pathways/#CompoundReference/PW_C008977,abstraction:ReactsWith,http://smpdb.ca/pathways/#CompoundReference/PW_C001065
http://smpdb.ca/pathways/#CompoundReference/PW_C057933,abstraction:ReactsWith,http://smpdb.ca/pathways/#CompoundReference/PW_C040034
http://smpdb.ca/pathways/#GenericCompoundReference/40,abstraction:ReactsWith,http://smpdb.ca/pathways/#CompoundReference/PW_C007243
http://smpdb.ca/pathways/#CompoundReference/PW_C000207,abstraction:ReactsWith,http://smpdb.ca/pathways/#CompoundReference/PW_C001065
http://smpdb.ca/pathways/#CompoundReference/PW_C044582,abstraction:ReactsWith,http://smpdb.ca/pathways/#CompoundReference/PW_C040034
http://smpdb.ca/pathways/#CompoundReference/PW_C043850,abstraction:ReactsWith,http://smpdb.ca/pathways/#CompoundReference/PW_C000414
http://smpdb.ca/pathways/#CompoundReference/PW_C000500,abstraction:ReactsWith,http://smpdb.ca/pathways/#CompoundReference/PW_C000414
http://smpdb.ca/pathways/#CompoundReference/PW_C000143,abstraction:ReactsWith,http://smpdb.ca/pathways/#CompoundReference/PW_C000930
http://smpdb.ca/pathways/#CompoundReference/PW_C001860,abstraction:ReactsWith,http://smpdb.ca/pathways/#CompoundReference/PW_C000106
http://smpdb.ca/pathways/#CompoundReference/PW_C000414,abstraction:ReactsWith,http://smpdb.ca/pathways/#CompoundReference/PW_C040662
http://smpdb.ca/pathways/#CompoundReference/PW_C006015,abstraction:ReactsWith,http://smpdb.ca/pathways/#CompoundReference/PW_C000414
http://smpdb.ca/pathways/#CompoundReference/PW_C040610,abstraction:ReactsWith,http://smpdb.ca/pathways/#CompoundReference/PW_C001420
http://smpdb.ca/pathways/#GenericCompoundReference/69,abstraction:ReactsWith,http://smpdb.ca/pathways/#CompoundReference/PW_C001031
http://smpdb.ca/pathways/#CompoundReference/PW_C001144,abstraction:ReactsWith,http://smpdb.ca/pathways/#CompoundReference/PW_C009897
http://smpdb.ca/pathways/#CompoundReference/PW_C000170,abstraction:ReactsWith,http://smpdb.ca/pathways/#CompoundReference/PW_C002021
http://smpdb.ca/pathways/#CompoundReference/PW_C000414,abstraction:ReactsWith,http://smpdb.ca/pathways/#CompoundReference/PW_C040964
http://smpdb.ca/pathways/#GenericCompoundReference/100,abstraction:ReactsWith,http://smpdb.ca/pathways/#CompoundReference/PW_C000448
http://smpdb.ca/pathways/#CompoundReference/PW_C001420,abstraction:ReactsWith,http://smpdb.ca/pathways/#CompoundReference/PW_C040459
http://smpdb.ca/pathways/#CompoundReference/PW_C040034,abstraction:ReactsWith,http://smpdb.ca/pathways/#CompoundReference/PW_C040083
http://smpdb.ca/pathways/#CompoundReference/PW_C000414,abstraction:ReactsWith,http://smpdb.ca/pathways/#CompoundReference/PW_C040829
http://smpdb.ca/pathways/#CompoundReference/PW_C000866,abstraction:ReactsWith,http://smpdb.ca/pathways/#CompoundReference/PW_C001420
http://smpdb.ca/pathways/#CompoundReference/PW_C000057,abstraction:ReactsWith,http://smpdb.ca/pathways/#CompoundReference/PW_C002412
http://smpdb.ca/pathways/#CompoundReference/PW_C040034,abstraction:ReactsWith,http://smpdb.ca/pathways/#CompoundReference/PW_C044550
http://smpdb.ca/pathways/#CompoundReference/PW_C000926,abstraction:ReactsWith,http://smpdb.ca/pathways/#CompoundReference/PW_C001420
http://smpdb.ca/pathways/#CompoundReference/PW_C000661,abstraction:ReactsWith,http://smpdb.ca/pathways/#CompoundReference/PW_C000414
http://smpdb.ca/pathways/#CompoundReference/PW_C104767,abstraction:ReactsWith,http://smpdb.ca/pathways/#CompoundReference/PW_C001065
http://smpdb.ca/pathways/#GenericCompoundReference/312,abstraction:ReactsWith,http://smpdb.ca/pathways/#CompoundReference/PW_C001420
http://smpdb.ca/pathways/#CompoundReference/PW_C000414,abstraction:ReactsWith,http://smpdb.ca/pathways/#CompoundReference/PW_C000826
http://smpdb.ca/pathways/#CompoundReference/PW_C000704,abstraction:ReactsWith,http://smpdb.ca/pathways/#CompoundReference/PW_C000414
http://smpdb.ca/pathways/#CompoundReference/PW_C000414,abstraction:ReactsWith,http://smpdb.ca/pathways/#CompoundReference/PW_C040953
http://smpdb.ca/pathways/#CompoundReference/PW_C000862,abstraction:ReactsWith,http://smpdb.ca/pathways/#CompoundReference/PW_C000140
http://smpdb.ca/pathways/#CompoundReference/PW_C002697,abstraction:ReactsWith,http://smpdb.ca/pathways/#CompoundReference/PW_C000146
http://smpdb.ca/pathways/#CompoundReference/PW_C000721,abstraction:ReactsWith,http://smpdb.ca/pathways/#CompoundReference/PW_C001104
http://smpdb.ca/pathways/#CompoundReference/PW_C001065,abstraction:ReactsWith,http://smpdb.ca/pathways/#CompoundReference/PW_C000863
http://smpdb.ca/pathways/#CompoundReference/PW_C002946,abstraction:ReactsWith,http://smpdb.ca/pathways/#CompoundReference/PW_C001065
http://smpdb.ca/pathways/#CompoundReference/PW_C001420,abstraction:ReactsWith,http://smpdb.ca/pathways/#CompoundReference/PW_C000090
http://smpdb.ca/pathways/#CompoundReference/PW_C000921,abstraction:ReactsWith,http://smpdb.ca/pathways/#CompoundReference/PW_C040830
http://smpdb.ca/pathways/#CompoundReference/PW_C000804,abstraction:ReactsWith,http://smpdb.ca/pathways/#CompoundReference/PW_C000057
http://smpdb.ca/pathways/#CompoundReference/PW_C001420,abstraction:ReactsWith,http://smpdb.ca/pathways/#CompoundReference/PW_C000892
http://smpdb.ca/pathways/#CompoundReference/PW_C001420,abstraction:ReactsWith,http://smpdb.ca/pathways/#CompoundReference/PW_C000849
http://smpdb.ca/pathways/#CompoundReference/PW_C000414,abstraction:ReactsWith,http://smpdb.ca/pathways/#CompoundReference/PW_C040974
http://smpdb.ca/pathways/#CompoundReference/PW_C007724,abstraction:ReactsWith,http://smpdb.ca/pathways/#CompoundReference/PW_C040034
http://smpdb.ca/pathways/#CompoundReference/PW_C001031,abstraction:ReactsWith,http://smpdb.ca/pathways/#CompoundReference/PW_C000044
http://smpdb.ca/pathways/#CompoundReference/PW_C002976,abstraction:ReactsWith,http://smpdb.ca/pathways/#CompoundReference/PW_C002977
http://smpdb.ca/pathways/#CompoundReference/PW_C000414,abstraction:ReactsWith,http://smpdb.ca/pathways/#CompoundReference/PW_C002941
http://smpdb.ca/pathways/#CompoundReference/PW_C002083,abstraction:ReactsWith,http://smpdb.ca/pathways/#CompoundReference/PW_C000143
http://smpdb.ca/pathways/#CompoundReference/PW_C000769,abstraction:ReactsWith,http://smpdb.ca/pathways/#CompoundReference/PW_C002977
http://smpdb.ca/pathways/#CompoundReference/PW_C000194,abstraction:ReactsWith,http://smpdb.ca/pathways/#CompoundReference/PW_C001420
http://smpdb.ca/pathways/#CompoundReference/PW_C000774,abstraction:ReactsWith,http://smpdb.ca/pathways/#CompoundReference/PW_C001104
http://smpdb.ca/pathways/#CompoundReference/PW_C001420,abstraction:ReactsWith,http://smpdb.ca/pathways/#CompoundReference/PW_C000746
http://smpdb.ca/pathways/#CompoundReference/PW_C001202,abstraction:ReactsWith,http://smpdb.ca/pathways/#CompoundReference/PW_C040034
http://smpdb.ca/pathways/#CompoundReference/PW_C001420,abstraction:ReactsWith,http://smpdb.ca/pathways/#CompoundReference/PW_C042913
http://smpdb.ca/pathways/#CompoundReference/PW_C000143,abstraction:ReactsWith,http://smpdb.ca/pathways/#CompoundReference/PW_C002961
http://smpdb.ca/pathways/#CompoundReference/PW_C104653,abstraction:ReactsWith,http://smpdb.ca/pathways/#CompoundReference/PW_C000544
http://smpdb.ca/pathways/#CompoundReference/PW_C002018,abstraction:ReactsWith,http://smpdb.ca/pathways/#CompoundReference/PW_C001065
http://smpdb.ca/pathways/#CompoundReference/PW_C001420,abstraction:ReactsWith,http://smpdb.ca/pathways/#CompoundReference/PW_C000970
http://smpdb.ca/pathways/#CompoundReference/PW_C000500,abstraction:ReactsWith,http://smpdb.ca/pathways/#CompoundReference/PW_C001420
http://smpdb.ca/pathways/#CompoundReference/PW_C040034,abstraction:ReactsWith,http://smpdb.ca/pathways/#CompoundReference/PW_C044555
http://smpdb.ca/pathways/#CompoundReference/PW_C002571,abstraction:ReactsWith,http://smpdb.ca/pathways/#CompoundReference/PW_C000193
http://smpdb.ca/pathways/#CompoundReference/PW_C001420,abstraction:ReactsWith,http://smpdb.ca/pathways/#CompoundReference/PW_C102458
http://smpdb.ca/pathways/#CompoundReference/PW_C000195,abstraction:ReactsWith,http://smpdb.ca/pathways/#CompoundReference/PW_C001420
http://smpdb.ca/pathways/#CompoundReference/PW_C000145,abstraction:ReactsWith,http://smpdb.ca/pathways/#CompoundReference/PW_C003904
http://smpdb.ca/pathways/#CompoundReference/PW_C000721,abstraction:ReactsWith,http://smpdb.ca/pathways/#CompoundReference/PW_C040713
http://smpdb.ca/pathways/#CompoundReference/PW_C000116,abstraction:ReactsWith,http://smpdb.ca/pathways/#CompoundReference/PW_C000414
http://smpdb.ca/pathways/#CompoundReference/PW_C000543,abstraction:ReactsWith,http://smpdb.ca/pathways/#CompoundReference/PW_C000366
http://smpdb.ca/pathways/#CompoundReference/PW_C001144,abstraction:ReactsWith,http://smpdb.ca/pathways/#CompoundReference/PW_C040716
http://smpdb.ca/pathways/#CompoundReference/PW_C000721,abstraction:ReactsWith,http://smpdb.ca/pathways/#GenericCompoundReference/255
http://smpdb.ca/pathways/#CompoundReference/PW_C040034,abstraction:ReactsWith,http://smpdb.ca/pathways/#CompoundReference/PW_C044547
http://smpdb.ca/pathways/#CompoundReference/PW_C006015,abstraction:ReactsWith,http://smpdb.ca/pathways/#CompoundReference/PW_C001420
http://smpdb.ca/pathways/#GenericCompoundReference/524,abstraction:ReactsWith,http://smpdb.ca/pathways/#CompoundReference/PW_C000143
http://smpdb.ca/pathways/#CompoundReference/PW_C044599,abstraction:ReactsWith,http://smpdb.ca/pathways/#CompoundReference/PW_C000146
http://smpdb.ca/pathways/#CompoundReference/PW_C000196,abstraction:ReactsWith,http://smpdb.ca/pathways/#CompoundReference/PW_C000180
http://smpdb.ca/pathways/#CompoundReference/PW_C009558,abstraction:ReactsWith,http://smpdb.ca/pathways/#CompoundReference/PW_C000146
http://smpdb.ca/pathways/#CompoundReference/PW_C040034,abstraction:ReactsWith,http://smpdb.ca/pathways/#CompoundReference/PW_C000741
http://smpdb.ca/pathways/#GenericCompoundReference/147,abstraction:ReactsWith,http://smpdb.ca/pathways/#CompoundReference/PW_C000921
http://smpdb.ca/pathways/#CompoundReference/PW_C040492,abstraction:ReactsWith,http://smpdb.ca/pathways/#CompoundReference/PW_C000146
http://smpdb.ca/pathways/#CompoundReference/PW_C001249,abstraction:ReactsWith,http://smpdb.ca/pathways/#CompoundReference/PW_C000721
http://smpdb.ca/pathways/#CompoundReference/PW_C104669,abstraction:ReactsWith,http://smpdb.ca/pathways/#CompoundReference/PW_C001420
http://smpdb.ca/pathways/#CompoundReference/PW_C040034,abstraction:ReactsWith,http://smpdb.ca/pathways/#CompoundReference/PW_C042948
http://smpdb.ca/pathways/#CompoundReference/PW_C000921,abstraction:ReactsWith,http://smpdb.ca/pathways/#CompoundReference/PW_C000118
http://smpdb.ca/pathways/#CompoundReference/PW_C040034,abstraction:ReactsWith,http://smpdb.ca/pathways/#CompoundReference/PW_C096924
http://smpdb.ca/pathways/#CompoundReference/PW_C041159,abstraction:ReactsWith,http://smpdb.ca/pathways/#CompoundReference/PW_C000080
http://smpdb.ca/pathways/#CompoundReference/PW_C000704,abstraction:ReactsWith,http://smpdb.ca/pathways/#CompoundReference/PW_C001420
http://smpdb.ca/pathways/#CompoundReference/PW_C000146,abstraction:ReactsWith,http://smpdb.ca/pathways/#CompoundReference/PW_C042760
http://smpdb.ca/pathways/#CompoundReference/PW_C000171,abstraction:ReactsWith,http://smpdb.ca/pathways/#CompoundReference/PW_C000134
http://smpdb.ca/pathways/#CompoundReference/PW_C000721,abstraction:ReactsWith,http://smpdb.ca/pathways/#CompoundReference/PW_C000054
http://smpdb.ca/pathways/#CompoundReference/PW_C001104,abstraction:ReactsWith,http://smpdb.ca/pathways/#CompoundReference/PW_C000143
http://smpdb.ca/pathways/#CompoundReference/PW_C008731,abstraction:ReactsWith,http://smpdb.ca/pathways/#CompoundReference/PW_C000146
http://smpdb.ca/pathways/#CompoundReference/PW_C000908,abstraction:ReactsWith,http://smpdb.ca/pathways/#CompoundReference/PW_C001065
http://smpdb.ca/pathways/#CompoundReference/PW_C001799,abstraction:ReactsWith,http://smpdb.ca/pathways/#CompoundReference/PW_C000768
http://smpdb.ca/pathways/#CompoundReference/PW_C002021,abstraction:ReactsWith,http://smpdb.ca/pathways/#CompoundReference/PW_C000414
http://smpdb.ca/pathways/#CompoundReference/PW_C040566,abstraction:ReactsWith,http://smpdb.ca/pathways/#CompoundReference/PW_C040034
http://smpdb.ca/pathways/#GenericCompoundReference/237,abstraction:ReactsWith,http://smpdb.ca/pathways/#CompoundReference/PW_C001065
http://smpdb.ca/pathways/#CompoundReference/PW_C001420,abstraction:ReactsWith,http://smpdb.ca/pathways/#CompoundReference/PW_C040506
http://smpdb.ca/pathways/#CompoundReference/PW_C001420,abstraction:ReactsWith,http://smpdb.ca/pathways/#CompoundReference/PW_C000972
http://smpdb.ca/pathways/#CompoundReference/PW_C000960,abstraction:ReactsWith,http://smpdb.ca/pathways/#GenericCompoundReference/69
http://smpdb.ca/pathways/#CompoundReference/PW_C059085,abstraction:ReactsWith,http://smpdb.ca/pathways/#CompoundReference/PW_C040034
http://smpdb.ca/pathways/#CompoundReference/PW_C000891,abstraction:ReactsWith,http://smpdb.ca/pathways/#CompoundReference/PW_C002962
http://smpdb.ca/pathways/#CompoundReference/PW_C001420,abstraction:ReactsWith,http://smpdb.ca/pathways/#CompoundReference/PW_C001405
http://smpdb.ca/pathways/#CompoundReference/PW_C104580,abstraction:ReactsWith,http://smpdb.ca/pathways/#CompoundReference/PW_C001420
http://smpdb.ca/pathways/#CompoundReference/PW_C001420,abstraction:ReactsWith,http://smpdb.ca/pathways/#CompoundReference/PW_C096938
http://smpdb.ca/pathways/#CompoundReference/PW_C000721,abstraction:ReactsWith,http://smpdb.ca/pathways/#CompoundReference/PW_C002411
http://smpdb.ca/pathways/#CompoundReference/PW_C000035,abstraction:ReactsWith,http://smpdb.ca/pathways/#CompoundReference/PW_C000143
http://smpdb.ca/pathways/#CompoundReference/PW_C000120,abstraction:ReactsWith,http://smpdb.ca/pathways/#GenericCompoundReference/142
http://smpdb.ca/pathways/#CompoundReference/PW_C009209,abstraction:ReactsWith,http://smpdb.ca/pathways/#CompoundReference/PW_C040034
http://smpdb.ca/pathways/#CompoundReference/PW_C001065,abstraction:ReactsWith,http://smpdb.ca/pathways/#CompoundReference/PW_C000184
http://smpdb.ca/pathways/#CompoundReference/PW_C001065,abstraction:ReactsWith,http://smpdb.ca/pathways/#CompoundReference/PW_C012012
http://smpdb.ca/pathways/#CompoundReference/PW_C001104,abstraction:ReactsWith,http://smpdb.ca/pathways/#CompoundReference/PW_C000414
http://smpdb.ca/pathways/#CompoundReference/PW_C000095,abstraction:ReactsWith,http://smpdb.ca/pathways/#CompoundReference/PW_C000569
http://smpdb.ca/pathways/#GenericCompoundReference/237,abstraction:ReactsWith,http://smpdb.ca/pathways/#CompoundReference/PW_C007214
http://smpdb.ca/pathways/#CompoundReference/PW_C104696,abstraction:ReactsWith,http://smpdb.ca/pathways/#CompoundReference/PW_C000968
http://smpdb.ca/pathways/#CompoundReference/PW_C000112,abstraction:ReactsWith,http://smpdb.ca/pathways/#CompoundReference/PW_C000134
http://smpdb.ca/pathways/#CompoundReference/PW_C007811,abstraction:ReactsWith,http://smpdb.ca/pathways/#CompoundReference/PW_C001420
http://smpdb.ca/pathways/#CompoundReference/PW_C041590,abstraction:ReactsWith,http://smpdb.ca/pathways/#CompoundReference/PW_C040034
http://smpdb.ca/pathways/#CompoundReference/PW_C001106,abstraction:ReactsWith,http://smpdb.ca/pathways/#CompoundReference/PW_C000414
http://smpdb.ca/pathways/#GenericCompoundReference/142,abstraction:ReactsWith,http://smpdb.ca/pathways/#CompoundReference/PW_C000137
http://smpdb.ca/pathways/#CompoundReference/PW_C002083,abstraction:ReactsWith,http://smpdb.ca/pathways/#CompoundReference/PW_C001420
http://smpdb.ca/pathways/#CompoundReference/PW_C000162,abstraction:ReactsWith,http://smpdb.ca/pathways/#CompoundReference/PW_C040034
http://smpdb.ca/pathways/#CompoundReference/PW_C000116,abstraction:ReactsWith,http://smpdb.ca/pathways/#CompoundReference/PW_C001420
http://smpdb.ca/pathways/#CompoundReference/PW_C000035,abstraction:ReactsWith,http://smpdb.ca/pathways/#CompoundReference/PW_C000414
http://smpdb.ca/pathways/#CompoundReference/PW_C007728,abstraction:ReactsWith,http://smpdb.ca/pathways/#CompoundReference/PW_C000544
http://smpdb.ca/pathways/#CompoundReference/PW_C009027,abstraction:ReactsWith,http://smpdb.ca/pathways/#CompoundReference/PW_C001420
http://smpdb.ca/pathways/#CompoundReference/PW_C007757,abstraction:ReactsWith,http://smpdb.ca/pathways/#CompoundReference/PW_C000721
http://smpdb.ca/pathways/#CompoundReference/PW_C000544,abstraction:ReactsWith,http://smpdb.ca/pathways/#CompoundReference/PW_C001065
http://smpdb.ca/pathways/#CompoundReference/PW_C000146,abstraction:ReactsWith,http://smpdb.ca/pathways/#CompoundReference/PW_C002995
http://smpdb.ca/pathways/#CompoundReference/PW_C001099,abstraction:ReactsWith,http://smpdb.ca/pathways/#CompoundReference/PW_C000986
http://smpdb.ca/pathways/#CompoundReference/PW_C002778,abstraction:ReactsWith,http://smpdb.ca/pathways/#CompoundReference/PW_C000146
http://smpdb.ca/pathways/#CompoundReference/PW_C000146,abstraction:ReactsWith,http://smpdb.ca/pathways/#CompoundReference/PW_C041026
http://smpdb.ca/pathways/#CompoundReference/PW_C001420,abstraction:ReactsWith,http://smpdb.ca/pathways/#CompoundReference/PW_C040621
http://smpdb.ca/pathways/#GenericCompoundReference/99,abstraction:ReactsWith,http://smpdb.ca/pathways/#CompoundReference/PW_C000201
http://smpdb.ca/pathways/#CompoundReference/PW_C000944,abstraction:ReactsWith,http://smpdb.ca/pathways/#CompoundReference/PW_C000146
http://smpdb.ca/pathways/#GenericCompoundReference/227,abstraction:ReactsWith,http://smpdb.ca/pathways/#CompoundReference/PW_C040092
http://smpdb.ca/pathways/#CompoundReference/PW_C001420,abstraction:ReactsWith,http://smpdb.ca/pathways/#CompoundReference/PW_C000749
http://smpdb.ca/pathways/#CompoundReference/PW_C000188,abstraction:ReactsWith,http://smpdb.ca/pathways/#CompoundReference/PW_C001034
http://smpdb.ca/pathways/#CompoundReference/PW_C040836,abstraction:ReactsWith,http://smpdb.ca/pathways/#GenericCompoundReference/228
http://smpdb.ca/pathways/#CompoundReference/PW_C020316,abstraction:ReactsWith,http://smpdb.ca/pathways/#CompoundReference/PW_C001065
http://smpdb.ca/pathways/#CompoundReference/PW_C001249,abstraction:ReactsWith,http://smpdb.ca/pathways/#CompoundReference/PW_C001065
http://smpdb.ca/pathways/#CompoundReference/PW_C000180,abstraction:ReactsWith,http://smpdb.ca/pathways/#CompoundReference/PW_C000196
http://smpdb.ca/pathways/#CompoundReference/PW_C001420,abstraction:ReactsWith,http://smpdb.ca/pathways/#CompoundReference/PW_C057919
http://smpdb.ca/pathways/#CompoundReference/PW_C000724,abstraction:ReactsWith,http://smpdb.ca/pathways/#CompoundReference/PW_C000414
http://smpdb.ca/pathways/#CompoundReference/PW_C000414,abstraction:ReactsWith,http://smpdb.ca/pathways/#GenericCompoundReference/86
http://smpdb.ca/pathways/#GenericCompoundReference/208,abstraction:ReactsWith,http://smpdb.ca/pathways/#CompoundReference/PW_C000146
http://smpdb.ca/pathways/#GenericCompoundReference/102,abstraction:ReactsWith,http://smpdb.ca/pathways/#CompoundReference/PW_C000134
http://smpdb.ca/pathways/#CompoundReference/PW_C042596,abstraction:ReactsWith,http://smpdb.ca/pathways/#CompoundReference/PW_C040034
http://smpdb.ca/pathways/#CompoundReference/PW_C000134,abstraction:ReactsWith,http://smpdb.ca/pathways/#CompoundReference/PW_C000140
http://smpdb.ca/pathways/#CompoundReference/PW_C040034,abstraction:ReactsWith,http://smpdb.ca/pathways/#CompoundReference/PW_C000079
http://smpdb.ca/pathways/#CompoundReference/PW_C002920,abstraction:ReactsWith,http://smpdb.ca/pathways/#CompoundReference/PW_C001065
http://smpdb.ca/pathways/#CompoundReference/PW_C000414,abstraction:ReactsWith,http://smpdb.ca/pathways/#CompoundReference/PW_C040527
http://smpdb.ca/pathways/#CompoundReference/PW_C000414,abstraction:ReactsWith,http://smpdb.ca/pathways/#CompoundReference/PW_C040591
http://smpdb.ca/pathways/#CompoundReference/PW_C041243,abstraction:ReactsWith,http://smpdb.ca/pathways/#CompoundReference/PW_C000196
http://smpdb.ca/pathways/#CompoundReference/PW_C042993,abstraction:ReactsWith,http://smpdb.ca/pathways/#CompoundReference/PW_C000414
http://smpdb.ca/pathways/#CompoundReference/PW_C040034,abstraction:ReactsWith,http://smpdb.ca/pathways/#CompoundReference/PW_C007807
http://smpdb.ca/pathways/#CompoundReference/PW_C000135,abstraction:ReactsWith,http://smpdb.ca/pathways/#CompoundReference/PW_C001099
http://smpdb.ca/pathways/#CompoundReference/PW_C000179,abstraction:ReactsWith,http://smpdb.ca/pathways/#CompoundReference/PW_C000143
http://smpdb.ca/pathways/#CompoundReference/PW_C022605,abstraction:ReactsWith,http://smpdb.ca/pathways/#CompoundReference/PW_C001420
http://smpdb.ca/pathways/#CompoundReference/PW_C007732,abstraction:ReactsWith,http://smpdb.ca/pathways/#CompoundReference/PW_C002066
http://smpdb.ca/pathways/#CompoundReference/PW_C001420,abstraction:ReactsWith,http://smpdb.ca/pathways/#CompoundReference/PW_C044517
http://smpdb.ca/pathways/#CompoundReference/PW_C008203,abstraction:ReactsWith,http://smpdb.ca/pathways/#CompoundReference/PW_C000721
http://smpdb.ca/pathways/#CompoundReference/PW_C001420,abstraction:ReactsWith,http://smpdb.ca/pathways/#CompoundReference/PW_C001012
http://smpdb.ca/pathways/#CompoundReference/PW_C040549,abstraction:ReactsWith,http://smpdb.ca/pathways/#CompoundReference/PW_C001420
http://smpdb.ca/pathways/#CompoundReference/PW_C001065,abstraction:ReactsWith,http://smpdb.ca/pathways/#CompoundReference/PW_C017617
http://smpdb.ca/pathways/#CompoundReference/PW_C000718,abstraction:ReactsWith,http://smpdb.ca/pathways/#CompoundReference/PW_C001144
http://smpdb.ca/pathways/#CompoundReference/PW_C001420,abstraction:ReactsWith,http://smpdb.ca/pathways/#CompoundReference/PW_C007218
http://smpdb.ca/pathways/#CompoundReference/PW_C001106,abstraction:ReactsWith,http://smpdb.ca/pathways/#CompoundReference/PW_C001420
http://smpdb.ca/pathways/#CompoundReference/PW_C001081,abstraction:ReactsWith,http://smpdb.ca/pathways/#CompoundReference/PW_C000222
http://smpdb.ca/pathways/#CompoundReference/PW_C001065,abstraction:ReactsWith,http://smpdb.ca/pathways/#CompoundReference/PW_C000968
http://smpdb.ca/pathways/#GenericCompoundReference/93,abstraction:ReactsWith,http://smpdb.ca/pathways/#CompoundReference/PW_C000146
http://smpdb.ca/pathways/#CompoundReference/PW_C000035,abstraction:ReactsWith,http://smpdb.ca/pathways/#CompoundReference/PW_C001420
http://smpdb.ca/pathways/#CompoundReference/PW_C000721,abstraction:ReactsWith,http://smpdb.ca/pathways/#CompoundReference/PW_C104726
http://smpdb.ca/pathways/#CompoundReference/PW_C000102,abstraction:ReactsWith,http://smpdb.ca/pathways/#CompoundReference/PW_C001420
http://smpdb.ca/pathways/#CompoundReference/PW_C000143,abstraction:ReactsWith,http://smpdb.ca/pathways/#CompoundReference/PW_C000757
http://smpdb.ca/pathways/#CompoundReference/PW_C000174,abstraction:ReactsWith,http://smpdb.ca/pathways/#CompoundReference/PW_C001347
http://smpdb.ca/pathways/#CompoundReference/PW_C000180,abstraction:ReactsWith,http://smpdb.ca/pathways/#CompoundReference/PW_C000032
http://smpdb.ca/pathways/#CompoundReference/PW_C007724,abstraction:ReactsWith,http://smpdb.ca/pathways/#CompoundReference/PW_C000544
http://smpdb.ca/pathways/#CompoundReference/PW_C001420,abstraction:ReactsWith,http://smpdb.ca/pathways/#CompoundReference/PW_C040857
http://smpdb.ca/pathways/#CompoundReference/PW_C002738,abstraction:ReactsWith,http://smpdb.ca/pathways/#CompoundReference/PW_C001420
http://smpdb.ca/pathways/#CompoundReference/PW_C000146,abstraction:ReactsWith,http://smpdb.ca/pathways/#GenericCompoundReference/521
http://smpdb.ca/pathways/#CompoundReference/PW_C001420,abstraction:ReactsWith,http://smpdb.ca/pathways/#CompoundReference/PW_C041314
http://smpdb.ca/pathways/#CompoundReference/PW_C007722,abstraction:ReactsWith,http://smpdb.ca/pathways/#CompoundReference/PW_C000544
http://smpdb.ca/pathways/#CompoundReference/PW_C008912,abstraction:ReactsWith,http://smpdb.ca/pathways/#CompoundReference/PW_C001065
http://smpdb.ca/pathways/#CompoundReference/PW_C040034,abstraction:ReactsWith,http://smpdb.ca/pathways/#CompoundReference/PW_C041164
http://smpdb.ca/pathways/#CompoundReference/PW_C007752,abstraction:ReactsWith,http://smpdb.ca/pathways/#CompoundReference/PW_C000193
http://smpdb.ca/pathways/#CompoundReference/PW_C002698,abstraction:ReactsWith,http://smpdb.ca/pathways/#CompoundReference/PW_C000200
http://smpdb.ca/pathways/#CompoundReference/PW_C041126,abstraction:ReactsWith,http://smpdb.ca/pathways/#CompoundReference/PW_C001420
http://smpdb.ca/pathways/#CompoundReference/PW_C001065,abstraction:ReactsWith,http://smpdb.ca/pathways/#CompoundReference/PW_C057947
http://smpdb.ca/pathways/#CompoundReference/PW_C002783,abstraction:ReactsWith,http://smpdb.ca/pathways/#CompoundReference/PW_C040034
http://smpdb.ca/pathways/#CompoundReference/PW_C096925,abstraction:ReactsWith,http://smpdb.ca/pathways/#CompoundReference/PW_C040034
http://smpdb.ca/pathways/#CompoundReference/PW_C000988,abstraction:ReactsWith,http://smpdb.ca/pathways/#CompoundReference/PW_C000463
http://smpdb.ca/pathways/#CompoundReference/PW_C001872,abstraction:ReactsWith,http://smpdb.ca/pathways/#CompoundReference/PW_C002809
http://smpdb.ca/pathways/#CompoundReference/PW_C008876,abstraction:ReactsWith,http://smpdb.ca/pathways/#CompoundReference/PW_C000190
http://smpdb.ca/pathways/#CompoundReference/PW_C000724,abstraction:ReactsWith,http://smpdb.ca/pathways/#CompoundReference/PW_C001420
http://smpdb.ca/pathways/#CompoundReference/PW_C001420,abstraction:ReactsWith,http://smpdb.ca/pathways/#CompoundReference/PW_C000933
http://smpdb.ca/pathways/#CompoundReference/PW_C000921,abstraction:ReactsWith,http://smpdb.ca/pathways/#CompoundReference/PW_C042943
http://smpdb.ca/pathways/#CompoundReference/PW_C001420,abstraction:ReactsWith,http://smpdb.ca/pathways/#CompoundReference/PW_C000927
http://smpdb.ca/pathways/#CompoundReference/PW_C000103,abstraction:ReactsWith,http://smpdb.ca/pathways/#CompoundReference/PW_C040034
http://smpdb.ca/pathways/#CompoundReference/PW_C009649,abstraction:ReactsWith,http://smpdb.ca/pathways/#CompoundReference/PW_C001065
http://smpdb.ca/pathways/#CompoundReference/PW_C008780,abstraction:ReactsWith,http://smpdb.ca/pathways/#CompoundReference/PW_C000146
http://smpdb.ca/pathways/#CompoundReference/PW_C000414,abstraction:ReactsWith,http://smpdb.ca/pathways/#CompoundReference/PW_C040520
http://smpdb.ca/pathways/#CompoundReference/PW_C000143,abstraction:ReactsWith,http://smpdb.ca/pathways/#CompoundReference/PW_C002921
http://smpdb.ca/pathways/#CompoundReference/PW_C001034,abstraction:ReactsWith,http://smpdb.ca/pathways/#CompoundReference/PW_C000057
http://smpdb.ca/pathways/#CompoundReference/PW_C040034,abstraction:ReactsWith,http://smpdb.ca/pathways/#CompoundReference/PW_C002778
http://smpdb.ca/pathways/#CompoundReference/PW_C000821,abstraction:ReactsWith,http://smpdb.ca/pathways/#CompoundReference/PW_C000146
http://smpdb.ca/pathways/#CompoundReference/PW_C001099,abstraction:ReactsWith,http://smpdb.ca/pathways/#CompoundReference/PW_C002980
http://smpdb.ca/pathways/#CompoundReference/PW_C000717,abstraction:ReactsWith,http://smpdb.ca/pathways/#CompoundReference/PW_C001065
http://smpdb.ca/pathways/#CompoundReference/PW_C001336,abstraction:ReactsWith,http://smpdb.ca/pathways/#CompoundReference/PW_C001065
http://smpdb.ca/pathways/#CompoundReference/PW_C002040,abstraction:ReactsWith,http://smpdb.ca/pathways/#CompoundReference/PW_C000968
http://smpdb.ca/pathways/#CompoundReference/PW_C000134,abstraction:ReactsWith,http://smpdb.ca/pathways/#CompoundReference/PW_C012012
http://smpdb.ca/pathways/#CompoundReference/PW_C001171,abstraction:ReactsWith,http://smpdb.ca/pathways/#CompoundReference/PW_C000940
http://smpdb.ca/pathways/#CompoundReference/PW_C001340,abstraction:ReactsWith,http://smpdb.ca/pathways/#CompoundReference/PW_C000414
http://smpdb.ca/pathways/#CompoundReference/PW_C001065,abstraction:ReactsWith,http://smpdb.ca/pathways/#CompoundReference/PW_C000970
http://smpdb.ca/pathways/#CompoundReference/PW_C000146,abstraction:ReactsWith,http://smpdb.ca/pathways/#CompoundReference/PW_C009649
http://smpdb.ca/pathways/#CompoundReference/PW_C000146,abstraction:ReactsWith,http://smpdb.ca/pathways/#CompoundReference/PW_C001038
http://smpdb.ca/pathways/#CompoundReference/PW_C001556,abstraction:ReactsWith,http://smpdb.ca/pathways/#CompoundReference/PW_C001221
http://smpdb.ca/pathways/#CompoundReference/PW_C002002,abstraction:ReactsWith,http://smpdb.ca/pathways/#CompoundReference/PW_C000721
http://smpdb.ca/pathways/#CompoundReference/PW_C000721,abstraction:ReactsWith,http://smpdb.ca/pathways/#CompoundReference/PW_C000869
http://smpdb.ca/pathways/#CompoundReference/PW_C000075,abstraction:ReactsWith,http://smpdb.ca/pathways/#CompoundReference/PW_C000940
http://smpdb.ca/pathways/#CompoundReference/PW_C040034,abstraction:ReactsWith,http://smpdb.ca/pathways/#CompoundReference/PW_C008780
http://smpdb.ca/pathways/#CompoundReference/PW_C000190,abstraction:ReactsWith,http://smpdb.ca/pathways/#CompoundReference/PW_C001086
http://smpdb.ca/pathways/#CompoundReference/PW_C040527,abstraction:ReactsWith,http://smpdb.ca/pathways/#CompoundReference/PW_C000414
http://smpdb.ca/pathways/#GenericCompoundReference/533,abstraction:ReactsWith,http://smpdb.ca/pathways/#CompoundReference/PW_C043034
http://smpdb.ca/pathways/#CompoundReference/PW_C001420,abstraction:ReactsWith,http://smpdb.ca/pathways/#CompoundReference/PW_C002942
http://smpdb.ca/pathways/#CompoundReference/PW_C022608,abstraction:ReactsWith,http://smpdb.ca/pathways/#CompoundReference/PW_C000164
http://smpdb.ca/pathways/#CompoundReference/PW_C040550,abstraction:ReactsWith,http://smpdb.ca/pathways/#CompoundReference/PW_C001065
http://smpdb.ca/pathways/#CompoundReference/PW_C001065,abstraction:ReactsWith,http://smpdb.ca/pathways/#CompoundReference/PW_C057906
http://smpdb.ca/pathways/#CompoundReference/PW_C001858,abstraction:ReactsWith,http://smpdb.ca/pathways/#CompoundReference/PW_C000196
http://smpdb.ca/pathways/#CompoundReference/PW_C000953,abstraction:ReactsWith,http://smpdb.ca/pathways/#CompoundReference/PW_C001065
http://smpdb.ca/pathways/#CompoundReference/PW_C001347,abstraction:ReactsWith,http://smpdb.ca/pathways/#CompoundReference/PW_C040034
http://smpdb.ca/pathways/#GenericCompoundReference/253,abstraction:ReactsWith,http://smpdb.ca/pathways/#CompoundReference/PW_C040034
http://smpdb.ca/pathways/#CompoundReference/PW_C000964,abstraction:ReactsWith,http://smpdb.ca/pathways/#CompoundReference/PW_C057928
http://smpdb.ca/pathways/#CompoundReference/PW_C012682,abstraction:ReactsWith,http://smpdb.ca/pathways/#CompoundReference/PW_C001144
http://smpdb.ca/pathways/#CompoundReference/PW_C000901,abstraction:ReactsWith,http://smpdb.ca/pathways/#CompoundReference/PW_C007687
http://smpdb.ca/pathways/#CompoundReference/PW_C001420,abstraction:ReactsWith,http://smpdb.ca/pathways/#CompoundReference/PW_C040606
http://smpdb.ca/pathways/#CompoundReference/PW_C040662,abstraction:ReactsWith,http://smpdb.ca/pathways/#CompoundReference/PW_C000414
http://smpdb.ca/pathways/#CompoundReference/PW_C040034,abstraction:ReactsWith,http://smpdb.ca/pathways/#CompoundReference/PW_C000846
http://smpdb.ca/pathways/#CompoundReference/PW_C001099,abstraction:ReactsWith,http://smpdb.ca/pathways/#CompoundReference/PW_C000721
http://smpdb.ca/pathways/#CompoundReference/PW_C000782,abstraction:ReactsWith,http://smpdb.ca/pathways/#CompoundReference/PW_C000808
http://smpdb.ca/pathways/#CompoundReference/PW_C000921,abstraction:ReactsWith,http://smpdb.ca/pathways/#CompoundReference/PW_C000207
http://smpdb.ca/pathways/#CompoundReference/PW_C016115,abstraction:ReactsWith,http://smpdb.ca/pathways/#CompoundReference/PW_C001065
http://smpdb.ca/pathways/#CompoundReference/PW_C000414,abstraction:ReactsWith,http://smpdb.ca/pathways/#CompoundReference/PW_C040457
http://smpdb.ca/pathways/#CompoundReference/PW_C040034,abstraction:ReactsWith,http://smpdb.ca/pathways/#CompoundReference/PW_C009558
http://smpdb.ca/pathways/#CompoundReference/PW_C040095,abstraction:ReactsWith,http://smpdb.ca/pathways/#CompoundReference/PW_C001065
http://smpdb.ca/pathways/#CompoundReference/PW_C000146,abstraction:ReactsWith,http://smpdb.ca/pathways/#CompoundReference/PW_C009028
http://smpdb.ca/pathways/#CompoundReference/PW_C000191,abstraction:ReactsWith,http://smpdb.ca/pathways/#CompoundReference/PW_C000414
http://smpdb.ca/pathways/#CompoundReference/PW_C040839,abstraction:ReactsWith,http://smpdb.ca/pathways/#CompoundReference/PW_C040034
http://smpdb.ca/pathways/#CompoundReference/PW_C006326,abstraction:ReactsWith,http://smpdb.ca/pathways/#CompoundReference/PW_C000414
http://smpdb.ca/pathways/#CompoundReference/PW_C001420,abstraction:ReactsWith,http://smpdb.ca/pathways/#CompoundReference/PW_C040083
http://smpdb.ca/pathways/#CompoundReference/PW_C000146,abstraction:ReactsWith,http://smpdb.ca/pathways/#CompoundReference/PW_C040936
http://smpdb.ca/pathways/#CompoundReference/PW_C001118,abstraction:ReactsWith,http://smpdb.ca/pathways/#CompoundReference/PW_C040034
http://smpdb.ca/pathways/#CompoundReference/PW_C000105,abstraction:ReactsWith,http://smpdb.ca/pathways/#CompoundReference/PW_C000414
http://smpdb.ca/pathways/#CompoundReference/PW_C000504,abstraction:ReactsWith,http://smpdb.ca/pathways/#CompoundReference/PW_C000193
http://smpdb.ca/pathways/#CompoundReference/PW_C000143,abstraction:ReactsWith,http://smpdb.ca/pathways/#CompoundReference/PW_C001221
http://smpdb.ca/pathways/#CompoundReference/PW_C000048,abstraction:ReactsWith,http://smpdb.ca/pathways/#CompoundReference/PW_C001081
http://smpdb.ca/pathways/#CompoundReference/PW_C057947,abstraction:ReactsWith,http://smpdb.ca/pathways/#CompoundReference/PW_C001065
http://smpdb.ca/pathways/#CompoundReference/PW_C042658,abstraction:ReactsWith,http://smpdb.ca/pathways/#CompoundReference/PW_C000095
http://smpdb.ca/pathways/#CompoundReference/PW_C000395,abstraction:ReactsWith,http://smpdb.ca/pathways/#CompoundReference/PW_C000414
http://smpdb.ca/pathways/#GenericCompoundReference/299,abstraction:ReactsWith,http://smpdb.ca/pathways/#CompoundReference/PW_C057906
http://smpdb.ca/pathways/#CompoundReference/PW_C040564,abstraction:ReactsWith,http://smpdb.ca/pathways/#CompoundReference/PW_C001065
http://smpdb.ca/pathways/#CompoundReference/PW_C014903,abstraction:ReactsWith,http://smpdb.ca/pathways/#CompoundReference/PW_C001065
http://smpdb.ca/pathways/#CompoundReference/PW_C002900,abstraction:ReactsWith,http://smpdb.ca/pathways/#CompoundReference/PW_C001420
http://smpdb.ca/pathways/#CompoundReference/PW_C001040,abstraction:ReactsWith,http://smpdb.ca/pathways/#CompoundReference/PW_C001420
http://smpdb.ca/pathways/#CompoundReference/PW_C000891,abstraction:ReactsWith,http://smpdb.ca/pathways/#CompoundReference/PW_C102455
http://smpdb.ca/pathways/#CompoundReference/PW_C000134,abstraction:ReactsWith,http://smpdb.ca/pathways/#CompoundReference/PW_C007718
http://smpdb.ca/pathways/#CompoundReference/PW_C044521,abstraction:ReactsWith,http://smpdb.ca/pathways/#CompoundReference/PW_C000721
http://smpdb.ca/pathways/#CompoundReference/PW_C002412,abstraction:ReactsWith,http://smpdb.ca/pathways/#CompoundReference/PW_C000057
http://smpdb.ca/pathways/#CompoundReference/PW_C041674,abstraction:ReactsWith,http://smpdb.ca/pathways/#CompoundReference/PW_C044502
http://smpdb.ca/pathways/#CompoundReference/PW_C002687,abstraction:ReactsWith,http://smpdb.ca/pathways/#CompoundReference/PW_C000146
http://smpdb.ca/pathways/#CompoundReference/PW_C000814,abstraction:ReactsWith,http://smpdb.ca/pathways/#CompoundReference/PW_C001420
http://smpdb.ca/pathways/#CompoundReference/PW_C000134,abstraction:ReactsWith,http://smpdb.ca/pathways/#CompoundReference/PW_C057947
http://smpdb.ca/pathways/#CompoundReference/PW_C000109,abstraction:ReactsWith,http://smpdb.ca/pathways/#CompoundReference/PW_C000721
http://smpdb.ca/pathways/#CompoundReference/PW_C000500,abstraction:ReactsWith,http://smpdb.ca/pathways/#CompoundReference/PW_C001916
http://smpdb.ca/pathways/#CompoundReference/PW_C001420,abstraction:ReactsWith,http://smpdb.ca/pathways/#CompoundReference/PW_C041112
http://smpdb.ca/pathways/#CompoundReference/PW_C000414,abstraction:ReactsWith,http://smpdb.ca/pathways/#CompoundReference/PW_C000172
http://smpdb.ca/pathways/#CompoundReference/PW_C044520,abstraction:ReactsWith,http://smpdb.ca/pathways/#CompoundReference/PW_C000146
http://smpdb.ca/pathways/#CompoundReference/PW_C000414,abstraction:ReactsWith,http://smpdb.ca/pathways/#CompoundReference/PW_C041655
http://smpdb.ca/pathways/#CompoundReference/PW_C000120,abstraction:ReactsWith,http://smpdb.ca/pathways/#GenericCompoundReference/83
http://smpdb.ca/pathways/#CompoundReference/PW_C001144,abstraction:ReactsWith,http://smpdb.ca/pathways/#CompoundReference/PW_C041007
http://smpdb.ca/pathways/#CompoundReference/PW_C040740,abstraction:ReactsWith,http://smpdb.ca/pathways/#CompoundReference/PW_C040763
http://smpdb.ca/pathways/#CompoundReference/PW_C040521,abstraction:ReactsWith,http://smpdb.ca/pathways/#CompoundReference/PW_C001144
http://smpdb.ca/pathways/#CompoundReference/PW_C044585,abstraction:ReactsWith,http://smpdb.ca/pathways/#CompoundReference/PW_C040034
http://smpdb.ca/pathways/#CompoundReference/PW_C012734,abstraction:ReactsWith,http://smpdb.ca/pathways/#CompoundReference/PW_C040034
http://smpdb.ca/pathways/#CompoundReference/PW_C001420,abstraction:ReactsWith,http://smpdb.ca/pathways/#CompoundReference/PW_C002019
http://smpdb.ca/pathways/#CompoundReference/PW_C008817,abstraction:ReactsWith,http://smpdb.ca/pathways/#CompoundReference/PW_C040034
http://smpdb.ca/pathways/#GenericCompoundReference/86,abstraction:ReactsWith,http://smpdb.ca/pathways/#CompoundReference/PW_C000940
http://smpdb.ca/pathways/#CompoundReference/PW_C001420,abstraction:ReactsWith,http://smpdb.ca/pathways/#CompoundReference/PW_C006745
http://smpdb.ca/pathways/#CompoundReference/PW_C000159,abstraction:ReactsWith,http://smpdb.ca/pathways/#CompoundReference/PW_C001099
http://smpdb.ca/pathways/#CompoundReference/PW_C000414,abstraction:ReactsWith,http://smpdb.ca/pathways/#CompoundReference/PW_C000259
http://smpdb.ca/pathways/#CompoundReference/PW_C000145,abstraction:ReactsWith,http://smpdb.ca/pathways/#CompoundReference/PW_C001099
http://smpdb.ca/pathways/#CompoundReference/PW_C040486,abstraction:ReactsWith,http://smpdb.ca/pathways/#CompoundReference/PW_C001201
http://smpdb.ca/pathways/#CompoundReference/PW_C009897,abstraction:ReactsWith,http://smpdb.ca/pathways/#CompoundReference/PW_C001144
http://smpdb.ca/pathways/#CompoundReference/PW_C000095,abstraction:ReactsWith,http://smpdb.ca/pathways/#CompoundReference/PW_C001090
http://smpdb.ca/pathways/#CompoundReference/PW_C006326,abstraction:ReactsWith,http://smpdb.ca/pathways/#CompoundReference/PW_C001420
http://smpdb.ca/pathways/#CompoundReference/PW_C000414,abstraction:ReactsWith,http://smpdb.ca/pathways/#CompoundReference/PW_C000828
http://smpdb.ca/pathways/#CompoundReference/PW_C007684,abstraction:ReactsWith,http://smpdb.ca/pathways/#CompoundReference/PW_C044607
http://smpdb.ca/pathways/#CompoundReference/PW_C000154,abstraction:ReactsWith,http://smpdb.ca/pathways/#CompoundReference/PW_C000414
http://smpdb.ca/pathways/#CompoundReference/PW_C001039,abstraction:ReactsWith,http://smpdb.ca/pathways/#CompoundReference/PW_C000993
http://smpdb.ca/pathways/#CompoundReference/PW_C000808,abstraction:ReactsWith,http://smpdb.ca/pathways/#CompoundReference/PW_C000936
http://smpdb.ca/pathways/#CompoundReference/PW_C000986,abstraction:ReactsWith,http://smpdb.ca/pathways/#CompoundReference/PW_C000174
http://smpdb.ca/pathways/#CompoundReference/PW_C041187,abstraction:ReactsWith,http://smpdb.ca/pathways/#CompoundReference/PW_C040034
http://smpdb.ca/pathways/#CompoundReference/PW_C001420,abstraction:ReactsWith,http://smpdb.ca/pathways/#CompoundReference/PW_C044526
http://smpdb.ca/pathways/#CompoundReference/PW_C001065,abstraction:ReactsWith,http://smpdb.ca/pathways/#GenericCompoundReference/534
http://smpdb.ca/pathways/#CompoundReference/PW_C007678,abstraction:ReactsWith,http://smpdb.ca/pathways/#CompoundReference/PW_C000830
http://smpdb.ca/pathways/#CompoundReference/PW_C000114,abstraction:ReactsWith,http://smpdb.ca/pathways/#CompoundReference/PW_C000170
http://smpdb.ca/pathways/#CompoundReference/PW_C000414,abstraction:ReactsWith,http://smpdb.ca/pathways/#CompoundReference/PW_C015864
http://smpdb.ca/pathways/#CompoundReference/PW_C002411,abstraction:ReactsWith,http://smpdb.ca/pathways/#CompoundReference/PW_C000143
http://smpdb.ca/pathways/#CompoundReference/PW_C000746,abstraction:ReactsWith,http://smpdb.ca/pathways/#CompoundReference/PW_C000372
http://smpdb.ca/pathways/#CompoundReference/PW_C057913,abstraction:ReactsWith,http://smpdb.ca/pathways/#CompoundReference/PW_C040034
http://smpdb.ca/pathways/#CompoundReference/PW_C057875,abstraction:ReactsWith,http://smpdb.ca/pathways/#CompoundReference/PW_C001077
http://smpdb.ca/pathways/#CompoundReference/PW_C057906,abstraction:ReactsWith,http://smpdb.ca/pathways/#CompoundReference/PW_C040034
http://smpdb.ca/pathways/#CompoundReference/PW_C000946,abstraction:ReactsWith,http://smpdb.ca/pathways/#CompoundReference/PW_C001065
http://smpdb.ca/pathways/#GenericCompoundReference/307,abstraction:ReactsWith,http://smpdb.ca/pathways/#GenericCompoundReference/237
http://smpdb.ca/pathways/#CompoundReference/PW_C040034,abstraction:ReactsWith,http://smpdb.ca/pathways/#CompoundReference/PW_C104653
http://smpdb.ca/pathways/#CompoundReference/PW_C001420,abstraction:ReactsWith,http://smpdb.ca/pathways/#CompoundReference/PW_C057924
http://smpdb.ca/pathways/#GenericCompoundReference/300,abstraction:ReactsWith,http://smpdb.ca/pathways/#CompoundReference/PW_C041100
http://smpdb.ca/pathways/#CompoundReference/PW_C007685,abstraction:ReactsWith,http://smpdb.ca/pathways/#CompoundReference/PW_C044607
http://smpdb.ca/pathways/#CompoundReference/PW_C009432,abstraction:ReactsWith,http://smpdb.ca/pathways/#CompoundReference/PW_C000146
http://smpdb.ca/pathways/#CompoundReference/PW_C001420,abstraction:ReactsWith,http://smpdb.ca/pathways/#CompoundReference/PW_C000681
http://smpdb.ca/pathways/#CompoundReference/PW_C000940,abstraction:ReactsWith,http://smpdb.ca/pathways/#CompoundReference/PW_C000075
http://smpdb.ca/pathways/#CompoundReference/PW_C002571,abstraction:ReactsWith,http://smpdb.ca/pathways/#GenericCompoundReference/302
http://smpdb.ca/pathways/#CompoundReference/PW_C000192,abstraction:ReactsWith,http://smpdb.ca/pathways/#CompoundReference/PW_C042898
http://smpdb.ca/pathways/#CompoundReference/PW_C001034,abstraction:ReactsWith,http://smpdb.ca/pathways/#CompoundReference/PW_C042937
http://smpdb.ca/pathways/#CompoundReference/PW_C000721,abstraction:ReactsWith,http://smpdb.ca/pathways/#CompoundReference/PW_C001415
http://smpdb.ca/pathways/#CompoundReference/PW_C001584,abstraction:ReactsWith,http://smpdb.ca/pathways/#CompoundReference/PW_C006772
http://smpdb.ca/pathways/#CompoundReference/PW_C000118,abstraction:ReactsWith,http://smpdb.ca/pathways/#CompoundReference/PW_C000414
http://smpdb.ca/pathways/#CompoundReference/PW_C001065,abstraction:ReactsWith,http://smpdb.ca/pathways/#CompoundReference/PW_C000678
http://smpdb.ca/pathways/#GenericCompoundReference/84,abstraction:ReactsWith,http://smpdb.ca/pathways/#GenericCompoundReference/85
http://smpdb.ca/pathways/#CompoundReference/PW_C000079,abstraction:ReactsWith,http://smpdb.ca/pathways/#CompoundReference/PW_C001019
http://smpdb.ca/pathways/#CompoundReference/PW_C044603,abstraction:ReactsWith,http://smpdb.ca/pathways/#CompoundReference/PW_C000196
http://smpdb.ca/pathways/#CompoundReference/PW_C000146,abstraction:ReactsWith,http://smpdb.ca/pathways/#CompoundReference/PW_C057936
http://smpdb.ca/pathways/#CompoundReference/PW_C043034,abstraction:ReactsWith,http://smpdb.ca/pathways/#CompoundReference/PW_C044592
http://smpdb.ca/pathways/#CompoundReference/PW_C002029,abstraction:ReactsWith,http://smpdb.ca/pathways/#CompoundReference/PW_C001065
http://smpdb.ca/pathways/#CompoundReference/PW_C001420,abstraction:ReactsWith,http://smpdb.ca/pathways/#CompoundReference/PW_C000923
http://smpdb.ca/pathways/#CompoundReference/PW_C001065,abstraction:ReactsWith,http://smpdb.ca/pathways/#CompoundReference/PW_C057886
http://smpdb.ca/pathways/#CompoundReference/PW_C000746,abstraction:ReactsWith,http://smpdb.ca/pathways/#CompoundReference/PW_C008731
http://smpdb.ca/pathways/#CompoundReference/PW_C000146,abstraction:ReactsWith,http://smpdb.ca/pathways/#CompoundReference/PW_C009567
http://smpdb.ca/pathways/#CompoundReference/PW_C000414,abstraction:ReactsWith,http://smpdb.ca/pathways/#CompoundReference/PW_C001316
http://smpdb.ca/pathways/#CompoundReference/PW_C001144,abstraction:ReactsWith,http://smpdb.ca/pathways/#CompoundReference/PW_C008635
http://smpdb.ca/pathways/#CompoundReference/PW_C000032,abstraction:ReactsWith,http://smpdb.ca/pathways/#CompoundReference/PW_C001104
http://smpdb.ca/pathways/#CompoundReference/PW_C000143,abstraction:ReactsWith,http://smpdb.ca/pathways/#CompoundReference/PW_C001104
http://smpdb.ca/pathways/#CompoundReference/PW_C040457,abstraction:ReactsWith,http://smpdb.ca/pathways/#CompoundReference/PW_C000414
http://smpdb.ca/pathways/#CompoundReference/PW_C000154,abstraction:ReactsWith,http://smpdb.ca/pathways/#CompoundReference/PW_C001420
http://smpdb.ca/pathways/#CompoundReference/PW_C001316,abstraction:ReactsWith,http://smpdb.ca/pathways/#CompoundReference/PW_C001144
http://smpdb.ca/pathways/#CompoundReference/PW_C000955,abstraction:ReactsWith,http://smpdb.ca/pathways/#CompoundReference/PW_C000921
http://smpdb.ca/pathways/#CompoundReference/PW_C000143,abstraction:ReactsWith,http://smpdb.ca/pathways/#CompoundReference/PW_C001690
http://smpdb.ca/pathways/#CompoundReference/PW_C001065,abstraction:ReactsWith,http://smpdb.ca/pathways/#CompoundReference/PW_C001105
http://smpdb.ca/pathways/#CompoundReference/PW_C000085,abstraction:ReactsWith,http://smpdb.ca/pathways/#CompoundReference/PW_C000143
http://smpdb.ca/pathways/#CompoundReference/PW_C001087,abstraction:ReactsWith,http://smpdb.ca/pathways/#GenericCompoundReference/304
http://smpdb.ca/pathways/#CompoundReference/PW_C001985,abstraction:ReactsWith,http://smpdb.ca/pathways/#CompoundReference/PW_C000414
http://smpdb.ca/pathways/#CompoundReference/PW_C000022,abstraction:ReactsWith,http://smpdb.ca/pathways/#CompoundReference/PW_C040034
http://smpdb.ca/pathways/#CompoundReference/PW_C002374,abstraction:ReactsWith,http://smpdb.ca/pathways/#CompoundReference/PW_C040034
http://smpdb.ca/pathways/#CompoundReference/PW_C000860,abstraction:ReactsWith,http://smpdb.ca/pathways/#CompoundReference/PW_C040034
http://smpdb.ca/pathways/#CompoundReference/PW_C000146,abstraction:ReactsWith,http://smpdb.ca/pathways/#CompoundReference/PW_C000538
http://smpdb.ca/pathways/#CompoundReference/PW_C001420,abstraction:ReactsWith,http://smpdb.ca/pathways/#CompoundReference/PW_C000935
http://smpdb.ca/pathways/#CompoundReference/PW_C000966,abstraction:ReactsWith,http://smpdb.ca/pathways/#CompoundReference/PW_C001065
http://smpdb.ca/pathways/#CompoundReference/PW_C040034,abstraction:ReactsWith,http://smpdb.ca/pathways/#CompoundReference/PW_C001457
http://smpdb.ca/pathways/#CompoundReference/PW_C001441,abstraction:ReactsWith,http://smpdb.ca/pathways/#CompoundReference/PW_C002943
http://smpdb.ca/pathways/#CompoundReference/PW_C040680,abstraction:ReactsWith,http://smpdb.ca/pathways/#CompoundReference/PW_C001420
http://smpdb.ca/pathways/#CompoundReference/PW_C040660,abstraction:ReactsWith,http://smpdb.ca/pathways/#CompoundReference/PW_C000149
http://smpdb.ca/pathways/#CompoundReference/PW_C040762,abstraction:ReactsWith,http://smpdb.ca/pathways/#CompoundReference/PW_C000414
http://smpdb.ca/pathways/#CompoundReference/PW_C000721,abstraction:ReactsWith,http://smpdb.ca/pathways/#CompoundReference/PW_C001057
http://smpdb.ca/pathways/#GenericCompoundReference/8,abstraction:ReactsWith,http://smpdb.ca/pathways/#CompoundReference/PW_C006760
http://smpdb.ca/pathways/#CompoundReference/PW_C001420,abstraction:ReactsWith,http://smpdb.ca/pathways/#CompoundReference/PW_C002951
http://smpdb.ca/pathways/#CompoundReference/PW_C001420,abstraction:ReactsWith,http://smpdb.ca/pathways/#CompoundReference/PW_C000176
http://smpdb.ca/pathways/#CompoundReference/PW_C002360,abstraction:ReactsWith,http://smpdb.ca/pathways/#CompoundReference/PW_C000414
http://smpdb.ca/pathways/#CompoundReference/PW_C000085,abstraction:ReactsWith,http://smpdb.ca/pathways/#CompoundReference/PW_C000414
http://smpdb.ca/pathways/#CompoundReference/PW_C000975,abstraction:ReactsWith,http://smpdb.ca/pathways/#CompoundReference/PW_C000107
http://smpdb.ca/pathways/#CompoundReference/PW_C001065,abstraction:ReactsWith,http://smpdb.ca/pathways/#CompoundReference/PW_C000824
http://smpdb.ca/pathways/#CompoundReference/PW_C104696,abstraction:ReactsWith,http://smpdb.ca/pathways/#CompoundReference/PW_C002926
http://smpdb.ca/pathways/#CompoundReference/PW_C040940,abstraction:ReactsWith,http://smpdb.ca/pathways/#CompoundReference/PW_C001420
http://smpdb.ca/pathways/#CompoundReference/PW_C007682,abstraction:ReactsWith,http://smpdb.ca/pathways/#CompoundReference/PW_C044607
http://smpdb.ca/pathways/#CompoundReference/PW_C000134,abstraction:ReactsWith,http://smpdb.ca/pathways/#CompoundReference/PW_C000934
http://smpdb.ca/pathways/#CompoundReference/PW_C000921,abstraction:ReactsWith,http://smpdb.ca/pathways/#GenericCompoundReference/256
http://smpdb.ca/pathways/#CompoundReference/PW_C001065,abstraction:ReactsWith,http://smpdb.ca/pathways/#CompoundReference/PW_C009153
http://smpdb.ca/pathways/#CompoundReference/PW_C000192,abstraction:ReactsWith,http://smpdb.ca/pathways/#GenericCompoundReference/97
http://smpdb.ca/pathways/#CompoundReference/PW_C006717,abstraction:ReactsWith,http://smpdb.ca/pathways/#CompoundReference/PW_C000093
http://smpdb.ca/pathways/#CompoundReference/PW_C000590,abstraction:ReactsWith,http://smpdb.ca/pathways/#CompoundReference/PW_C000921
http://smpdb.ca/pathways/#CompoundReference/PW_C000118,abstraction:ReactsWith,http://smpdb.ca/pathways/#CompoundReference/PW_C001420
http://smpdb.ca/pathways/#CompoundReference/PW_C057940,abstraction:ReactsWith,http://smpdb.ca/pathways/#CompoundReference/PW_C000134
http://smpdb.ca/pathways/#CompoundReference/PW_C002411,abstraction:ReactsWith,http://smpdb.ca/pathways/#CompoundReference/PW_C001420
http://smpdb.ca/pathways/#CompoundReference/PW_C104728,abstraction:ReactsWith,http://smpdb.ca/pathways/#CompoundReference/PW_C001099
http://smpdb.ca/pathways/#CompoundReference/PW_C041546,abstraction:ReactsWith,http://smpdb.ca/pathways/#CompoundReference/PW_C040034
http://smpdb.ca/pathways/#CompoundReference/PW_C044529,abstraction:ReactsWith,http://smpdb.ca/pathways/#CompoundReference/PW_C001420
http://smpdb.ca/pathways/#CompoundReference/PW_C043847,abstraction:ReactsWith,http://smpdb.ca/pathways/#CompoundReference/PW_C000146
http://smpdb.ca/pathways/#CompoundReference/PW_C001065,abstraction:ReactsWith,http://smpdb.ca/pathways/#CompoundReference/PW_C013464
http://smpdb.ca/pathways/#CompoundReference/PW_C002766,abstraction:ReactsWith,http://smpdb.ca/pathways/#CompoundReference/PW_C001420
http://smpdb.ca/pathways/#CompoundReference/PW_C001420,abstraction:ReactsWith,http://smpdb.ca/pathways/#CompoundReference/PW_C001335
http://smpdb.ca/pathways/#CompoundReference/PW_C022608,abstraction:ReactsWith,http://smpdb.ca/pathways/#CompoundReference/PW_C000146
http://smpdb.ca/pathways/#GenericCompoundReference/304,abstraction:ReactsWith,http://smpdb.ca/pathways/#CompoundReference/PW_C001087
http://smpdb.ca/pathways/#CompoundReference/PW_C040457,abstraction:ReactsWith,http://smpdb.ca/pathways/#CompoundReference/PW_C001420
http://smpdb.ca/pathways/#CompoundReference/PW_C001420,abstraction:ReactsWith,http://smpdb.ca/pathways/#CompoundReference/PW_C002083
http://smpdb.ca/pathways/#CompoundReference/PW_C009391,abstraction:ReactsWith,http://smpdb.ca/pathways/#CompoundReference/PW_C000146
http://smpdb.ca/pathways/#CompoundReference/PW_C040034,abstraction:ReactsWith,http://smpdb.ca/pathways/#CompoundReference/PW_C000448
http://smpdb.ca/pathways/#CompoundReference/PW_C000079,abstraction:ReactsWith,http://smpdb.ca/pathways/#CompoundReference/PW_C040034
http://smpdb.ca/pathways/#CompoundReference/PW_C007776,abstraction:ReactsWith,http://smpdb.ca/pathways/#CompoundReference/PW_C001420
http://smpdb.ca/pathways/#CompoundReference/PW_C002012,abstraction:ReactsWith,http://smpdb.ca/pathways/#CompoundReference/PW_C000146
http://smpdb.ca/pathways/#CompoundReference/PW_C000143,abstraction:ReactsWith,http://smpdb.ca/pathways/#CompoundReference/PW_C002411
http://smpdb.ca/pathways/#CompoundReference/PW_C002667,abstraction:ReactsWith,http://smpdb.ca/pathways/#CompoundReference/PW_C000721
http://smpdb.ca/pathways/#CompoundReference/PW_C000448,abstraction:ReactsWith,http://smpdb.ca/pathways/#CompoundReference/PW_C001905
http://smpdb.ca/pathways/#CompoundReference/PW_C001420,abstraction:ReactsWith,http://smpdb.ca/pathways/#CompoundReference/PW_C000768
http://smpdb.ca/pathways/#CompoundReference/PW_C001007,abstraction:ReactsWith,http://smpdb.ca/pathways/#CompoundReference/PW_C000500
http://smpdb.ca/pathways/#CompoundReference/PW_C002991,abstraction:ReactsWith,http://smpdb.ca/pathways/#CompoundReference/PW_C001420
http://smpdb.ca/pathways/#CompoundReference/PW_C000414,abstraction:ReactsWith,http://smpdb.ca/pathways/#CompoundReference/PW_C041115
http://smpdb.ca/pathways/#CompoundReference/PW_C002360,abstraction:ReactsWith,http://smpdb.ca/pathways/#CompoundReference/PW_C001420
http://smpdb.ca/pathways/#CompoundReference/PW_C040034,abstraction:ReactsWith,http://smpdb.ca/pathways/#CompoundReference/PW_C000396
http://smpdb.ca/pathways/#CompoundReference/PW_C042677,abstraction:ReactsWith,http://smpdb.ca/pathways/#CompoundReference/PW_C001104
http://smpdb.ca/pathways/#CompoundReference/PW_C001144,abstraction:ReactsWith,http://smpdb.ca/pathways/#CompoundReference/PW_C009432
http://smpdb.ca/pathways/#CompoundReference/PW_C000448,abstraction:ReactsWith,http://smpdb.ca/pathways/#CompoundReference/PW_C001065
http://smpdb.ca/pathways/#CompoundReference/PW_C001061,abstraction:ReactsWith,http://smpdb.ca/pathways/#CompoundReference/PW_C000414
http://smpdb.ca/pathways/#CompoundReference/PW_C000065,abstraction:ReactsWith,http://smpdb.ca/pathways/#CompoundReference/PW_C001065
http://smpdb.ca/pathways/#CompoundReference/PW_C000164,abstraction:ReactsWith,http://smpdb.ca/pathways/#CompoundReference/PW_C000078
http://smpdb.ca/pathways/#CompoundReference/PW_C001034,abstraction:ReactsWith,http://smpdb.ca/pathways/#CompoundReference/PW_C001151
http://smpdb.ca/pathways/#CompoundReference/PW_C001420,abstraction:ReactsWith,http://smpdb.ca/pathways/#CompoundReference/PW_C001155
http://smpdb.ca/pathways/#CompoundReference/PW_C001420,abstraction:ReactsWith,http://smpdb.ca/pathways/#CompoundReference/PW_C006752
http://smpdb.ca/pathways/#GenericCompoundReference/69,abstraction:ReactsWith,http://smpdb.ca/pathways/#CompoundReference/PW_C001558
http://smpdb.ca/pathways/#CompoundReference/PW_C000976,abstraction:ReactsWith,http://smpdb.ca/pathways/#CompoundReference/PW_C001420
http://smpdb.ca/pathways/#CompoundReference/PW_C040034,abstraction:ReactsWith,http://smpdb.ca/pathways/#CompoundReference/PW_C000795
http://smpdb.ca/pathways/#CompoundReference/PW_C001447,abstraction:ReactsWith,http://smpdb.ca/pathways/#CompoundReference/PW_C041100
http://smpdb.ca/pathways/#CompoundReference/PW_C000414,abstraction:ReactsWith,http://smpdb.ca/pathways/#CompoundReference/PW_C007296
http://smpdb.ca/pathways/#GenericCompoundReference/138,abstraction:ReactsWith,http://smpdb.ca/pathways/#CompoundReference/PW_C001065
http://smpdb.ca/pathways/#CompoundReference/PW_C040779,abstraction:ReactsWith,http://smpdb.ca/pathways/#CompoundReference/PW_C000122
http://smpdb.ca/pathways/#CompoundReference/PW_C001065,abstraction:ReactsWith,http://smpdb.ca/pathways/#CompoundReference/PW_C006745
http://smpdb.ca/pathways/#CompoundReference/PW_C000095,abstraction:ReactsWith,http://smpdb.ca/pathways/#CompoundReference/PW_C002771
http://smpdb.ca/pathways/#CompoundReference/PW_C000029,abstraction:ReactsWith,http://smpdb.ca/pathways/#CompoundReference/PW_C000543
http://smpdb.ca/pathways/#CompoundReference/PW_C001065,abstraction:ReactsWith,http://smpdb.ca/pathways/#CompoundReference/PW_C000741
http://smpdb.ca/pathways/#CompoundReference/PW_C000414,abstraction:ReactsWith,http://smpdb.ca/pathways/#CompoundReference/PW_C001099
http://smpdb.ca/pathways/#CompoundReference/PW_C001065,abstraction:ReactsWith,http://smpdb.ca/pathways/#CompoundReference/PW_C042948
http://smpdb.ca/pathways/#CompoundReference/PW_C000950,abstraction:ReactsWith,http://smpdb.ca/pathways/#CompoundReference/PW_C000831
http://smpdb.ca/pathways/#CompoundReference/PW_C000148,abstraction:ReactsWith,http://smpdb.ca/pathways/#CompoundReference/PW_C000146
http://smpdb.ca/pathways/#CompoundReference/PW_C001065,abstraction:ReactsWith,http://smpdb.ca/pathways/#CompoundReference/PW_C096924
http://smpdb.ca/pathways/#CompoundReference/PW_C000184,abstraction:ReactsWith,http://smpdb.ca/pathways/#CompoundReference/PW_C000146
http://smpdb.ca/pathways/#CompoundReference/PW_C001134,abstraction:ReactsWith,http://smpdb.ca/pathways/#CompoundReference/PW_C001019
http://smpdb.ca/pathways/#CompoundReference/PW_C042907,abstraction:ReactsWith,http://smpdb.ca/pathways/#CompoundReference/PW_C000590
http://smpdb.ca/pathways/#CompoundReference/PW_C002796,abstraction:ReactsWith,http://smpdb.ca/pathways/#CompoundReference/PW_C001420
http://smpdb.ca/pathways/#CompoundReference/PW_C042924,abstraction:ReactsWith,http://smpdb.ca/pathways/#CompoundReference/PW_C001420
http://smpdb.ca/pathways/#CompoundReference/PW_C001420,abstraction:ReactsWith,http://smpdb.ca/pathways/#CompoundReference/PW_C040504
http://smpdb.ca/pathways/#CompoundReference/PW_C000146,abstraction:ReactsWith,http://smpdb.ca/pathways/#CompoundReference/PW_C104652
http://smpdb.ca/pathways/#CompoundReference/PW_C000146,abstraction:ReactsWith,http://smpdb.ca/pathways/#CompoundReference/PW_C000944
http://smpdb.ca/pathways/#CompoundReference/PW_C000500,abstraction:ReactsWith,http://smpdb.ca/pathways/#CompoundReference/PW_C001196
http://smpdb.ca/pathways/#CompoundReference/PW_C002040,abstraction:ReactsWith,http://smpdb.ca/pathways/#CompoundReference/PW_C002926
http://smpdb.ca/pathways/#CompoundReference/PW_C000146,abstraction:ReactsWith,http://smpdb.ca/pathways/#CompoundReference/PW_C001686
http://smpdb.ca/pathways/#CompoundReference/PW_C000180,abstraction:ReactsWith,http://smpdb.ca/pathways/#CompoundReference/PW_C000463
http://smpdb.ca/pathways/#CompoundReference/PW_C000414,abstraction:ReactsWith,http://smpdb.ca/pathways/#CompoundReference/PW_C001080
http://smpdb.ca/pathways/#CompoundReference/PW_C007733,abstraction:ReactsWith,http://smpdb.ca/pathways/#CompoundReference/PW_C000146
http://smpdb.ca/pathways/#CompoundReference/PW_C104713,abstraction:ReactsWith,http://smpdb.ca/pathways/#CompoundReference/PW_C040034
http://smpdb.ca/pathways/#CompoundReference/PW_C001420,abstraction:ReactsWith,http://smpdb.ca/pathways/#GenericCompoundReference/148
http://smpdb.ca/pathways/#CompoundReference/PW_C040034,abstraction:ReactsWith,http://smpdb.ca/pathways/#CompoundReference/PW_C040699
http://smpdb.ca/pathways/#CompoundReference/PW_C040747,abstraction:ReactsWith,http://smpdb.ca/pathways/#CompoundReference/PW_C040034
http://smpdb.ca/pathways/#CompoundReference/PW_C000463,abstraction:ReactsWith,http://smpdb.ca/pathways/#CompoundReference/PW_C000164
http://smpdb.ca/pathways/#CompoundReference/PW_C040544,abstraction:ReactsWith,http://smpdb.ca/pathways/#CompoundReference/PW_C001065
http://smpdb.ca/pathways/#CompoundReference/PW_C000095,abstraction:ReactsWith,http://smpdb.ca/pathways/#CompoundReference/PW_C001500
http://smpdb.ca/pathways/#CompoundReference/PW_C000134,abstraction:ReactsWith,http://smpdb.ca/pathways/#CompoundReference/PW_C013464
http://smpdb.ca/pathways/#CompoundReference/PW_C040034,abstraction:ReactsWith,http://smpdb.ca/pathways/#GenericCompoundReference/105
http://smpdb.ca/pathways/#CompoundReference/PW_C000721,abstraction:ReactsWith,http://smpdb.ca/pathways/#CompoundReference/PW_C001099
http://smpdb.ca/pathways/#GenericCompoundReference/215,abstraction:ReactsWith,http://smpdb.ca/pathways/#CompoundReference/PW_C002092
http://smpdb.ca/pathways/#CompoundReference/PW_C001171,abstraction:ReactsWith,http://smpdb.ca/pathways/#GenericCompoundReference/69
http://smpdb.ca/pathways/#CompoundReference/PW_C000414,abstraction:ReactsWith,http://smpdb.ca/pathways/#CompoundReference/PW_C000161
http://smpdb.ca/pathways/#CompoundReference/PW_C000104,abstraction:ReactsWith,http://smpdb.ca/pathways/#CompoundReference/PW_C040095
http://smpdb.ca/pathways/#CompoundReference/PW_C057901,abstraction:ReactsWith,http://smpdb.ca/pathways/#GenericCompoundReference/237
http://smpdb.ca/pathways/#CompoundReference/PW_C041100,abstraction:ReactsWith,http://smpdb.ca/pathways/#CompoundReference/PW_C040034
http://smpdb.ca/pathways/#CompoundReference/PW_C001019,abstraction:ReactsWith,http://smpdb.ca/pathways/#CompoundReference/PW_C000079
http://smpdb.ca/pathways/#CompoundReference/PW_C000414,abstraction:ReactsWith,http://smpdb.ca/pathways/#CompoundReference/PW_C009184
http://smpdb.ca/pathways/#CompoundReference/PW_C001420,abstraction:ReactsWith,http://smpdb.ca/pathways/#GenericCompoundReference/545
http://smpdb.ca/pathways/#CompoundReference/PW_C001420,abstraction:ReactsWith,http://smpdb.ca/pathways/#GenericCompoundReference/219
http://smpdb.ca/pathways/#CompoundReference/PW_C002019,abstraction:ReactsWith,http://smpdb.ca/pathways/#CompoundReference/PW_C000414
http://smpdb.ca/pathways/#CompoundReference/PW_C001734,abstraction:ReactsWith,http://smpdb.ca/pathways/#CompoundReference/PW_C000721
http://smpdb.ca/pathways/#CompoundReference/PW_C000547,abstraction:ReactsWith,http://smpdb.ca/pathways/#CompoundReference/PW_C040034
http://smpdb.ca/pathways/#CompoundReference/PW_C104775,abstraction:ReactsWith,http://smpdb.ca/pathways/#CompoundReference/PW_C001420
http://smpdb.ca/pathways/#CompoundReference/PW_C000721,abstraction:ReactsWith,http://smpdb.ca/pathways/#CompoundReference/PW_C001947
http://smpdb.ca/pathways/#CompoundReference/PW_C001420,abstraction:ReactsWith,http://smpdb.ca/pathways/#CompoundReference/PW_C002641
http://smpdb.ca/pathways/#CompoundReference/PW_C001880,abstraction:ReactsWith,http://smpdb.ca/pathways/#CompoundReference/PW_C001065
http://smpdb.ca/pathways/#CompoundReference/PW_C001420,abstraction:ReactsWith,http://smpdb.ca/pathways/#CompoundReference/PW_C009464
http://smpdb.ca/pathways/#CompoundReference/PW_C042759,abstraction:ReactsWith,http://smpdb.ca/pathways/#CompoundReference/PW_C001065
http://smpdb.ca/pathways/#CompoundReference/PW_C042924,abstraction:ReactsWith,http://smpdb.ca/pathways/#CompoundReference/PW_C000768
http://smpdb.ca/pathways/#CompoundReference/PW_C000146,abstraction:ReactsWith,http://smpdb.ca/pathways/#CompoundReference/PW_C012051
http://smpdb.ca/pathways/#GenericCompoundReference/55,abstraction:ReactsWith,http://smpdb.ca/pathways/#CompoundReference/PW_C001799
http://smpdb.ca/pathways/#CompoundReference/PW_C104657,abstraction:ReactsWith,http://smpdb.ca/pathways/#CompoundReference/PW_C000891
http://smpdb.ca/pathways/#CompoundReference/PW_C001065,abstraction:ReactsWith,http://smpdb.ca/pathways/#CompoundReference/PW_C000953
http://smpdb.ca/pathways/#CompoundReference/PW_C040764,abstraction:ReactsWith,http://smpdb.ca/pathways/#CompoundReference/PW_C001420
http://smpdb.ca/pathways/#CompoundReference/PW_C000831,abstraction:ReactsWith,http://smpdb.ca/pathways/#CompoundReference/PW_C000146
http://smpdb.ca/pathways/#CompoundReference/PW_C000544,abstraction:ReactsWith,http://smpdb.ca/pathways/#CompoundReference/PW_C007723
http://smpdb.ca/pathways/#CompoundReference/PW_C000746,abstraction:ReactsWith,http://smpdb.ca/pathways/#CompoundReference/PW_C008912
http://smpdb.ca/pathways/#CompoundReference/PW_C000146,abstraction:ReactsWith,http://smpdb.ca/pathways/#CompoundReference/PW_C000070
http://smpdb.ca/pathways/#CompoundReference/PW_C017783,abstraction:ReactsWith,http://smpdb.ca/pathways/#CompoundReference/PW_C001065
http://smpdb.ca/pathways/#CompoundReference/PW_C000414,abstraction:ReactsWith,http://smpdb.ca/pathways/#CompoundReference/PW_C002959
http://smpdb.ca/pathways/#CompoundReference/PW_C000746,abstraction:ReactsWith,http://smpdb.ca/pathways/#CompoundReference/PW_C040474
http://smpdb.ca/pathways/#CompoundReference/PW_C001134,abstraction:ReactsWith,http://smpdb.ca/pathways/#CompoundReference/PW_C040034
http://smpdb.ca/pathways/#CompoundReference/PW_C002792,abstraction:ReactsWith,http://smpdb.ca/pathways/#CompoundReference/PW_C001065
http://smpdb.ca/pathways/#CompoundReference/PW_C001104,abstraction:ReactsWith,http://smpdb.ca/pathways/#CompoundReference/PW_C000187
http://smpdb.ca/pathways/#CompoundReference/PW_C040032,abstraction:ReactsWith,http://smpdb.ca/pathways/#CompoundReference/PW_C000721
http://smpdb.ca/pathways/#CompoundReference/PW_C002948,abstraction:ReactsWith,http://smpdb.ca/pathways/#CompoundReference/PW_C040034
http://smpdb.ca/pathways/#CompoundReference/PW_C000207,abstraction:ReactsWith,http://smpdb.ca/pathways/#CompoundReference/PW_C000921
http://smpdb.ca/pathways/#CompoundReference/PW_C001420,abstraction:ReactsWith,http://smpdb.ca/pathways/#CompoundReference/PW_C000593
http://smpdb.ca/pathways/#CompoundReference/PW_C002987,abstraction:ReactsWith,http://smpdb.ca/pathways/#CompoundReference/PW_C000170
http://smpdb.ca/pathways/#CompoundReference/PW_C007697,abstraction:ReactsWith,http://smpdb.ca/pathways/#CompoundReference/PW_C000193
http://smpdb.ca/pathways/#CompoundReference/PW_C040476,abstraction:ReactsWith,http://smpdb.ca/pathways/#CompoundReference/PW_C001034
http://smpdb.ca/pathways/#CompoundReference/PW_C000048,abstraction:ReactsWith,http://smpdb.ca/pathways/#CompoundReference/PW_C001065
http://smpdb.ca/pathways/#CompoundReference/PW_C003990,abstraction:ReactsWith,http://smpdb.ca/pathways/#CompoundReference/PW_C002313
http://smpdb.ca/pathways/#CompoundReference/PW_C001065,abstraction:ReactsWith,http://smpdb.ca/pathways/#CompoundReference/PW_C001335
http://smpdb.ca/pathways/#CompoundReference/PW_C102457,abstraction:ReactsWith,http://smpdb.ca/pathways/#CompoundReference/PW_C001420
http://smpdb.ca/pathways/#CompoundReference/PW_C042617,abstraction:ReactsWith,http://smpdb.ca/pathways/#CompoundReference/PW_C042901
http://smpdb.ca/pathways/#CompoundReference/PW_C000544,abstraction:ReactsWith,http://smpdb.ca/pathways/#CompoundReference/PW_C007722
http://smpdb.ca/pathways/#CompoundReference/PW_C000795,abstraction:ReactsWith,http://smpdb.ca/pathways/#CompoundReference/PW_C000721
http://smpdb.ca/pathways/#CompoundReference/PW_C040034,abstraction:ReactsWith,http://smpdb.ca/pathways/#GenericCompoundReference/377
http://smpdb.ca/pathways/#CompoundReference/PW_C008884,abstraction:ReactsWith,http://smpdb.ca/pathways/#CompoundReference/PW_C000414
http://smpdb.ca/pathways/#CompoundReference/PW_C000033,abstraction:ReactsWith,http://smpdb.ca/pathways/#CompoundReference/PW_C001420
http://smpdb.ca/pathways/#CompoundReference/PW_C000010,abstraction:ReactsWith,http://smpdb.ca/pathways/#CompoundReference/PW_C001065
http://smpdb.ca/pathways/#CompoundReference/PW_C040034,abstraction:ReactsWith,http://smpdb.ca/pathways/#CompoundReference/PW_C000908
http://smpdb.ca/pathways/#CompoundReference/PW_C000414,abstraction:ReactsWith,http://smpdb.ca/pathways/#CompoundReference/PW_C000116
http://smpdb.ca/pathways/#CompoundReference/PW_C000134,abstraction:ReactsWith,http://smpdb.ca/pathways/#CompoundReference/PW_C000741
http://smpdb.ca/pathways/#CompoundReference/PW_C000134,abstraction:ReactsWith,http://smpdb.ca/pathways/#CompoundReference/PW_C000143
http://smpdb.ca/pathways/#CompoundReference/PW_C000095,abstraction:ReactsWith,http://smpdb.ca/pathways/#CompoundReference/PW_C000882
http://smpdb.ca/pathways/#CompoundReference/PW_C040034,abstraction:ReactsWith,http://smpdb.ca/pathways/#CompoundReference/PW_C042914
http://smpdb.ca/pathways/#CompoundReference/PW_C002019,abstraction:ReactsWith,http://smpdb.ca/pathways/#CompoundReference/PW_C001420
http://smpdb.ca/pathways/#CompoundReference/PW_C000028,abstraction:ReactsWith,http://smpdb.ca/pathways/#CompoundReference/PW_C000543
http://smpdb.ca/pathways/#GenericCompoundReference/69,abstraction:ReactsWith,http://smpdb.ca/pathways/#CompoundReference/PW_C000820
http://smpdb.ca/pathways/#CompoundReference/PW_C045265,abstraction:ReactsWith,http://smpdb.ca/pathways/#CompoundReference/PW_C000886
http://smpdb.ca/pathways/#CompoundReference/PW_C000958,abstraction:ReactsWith,http://smpdb.ca/pathways/#CompoundReference/PW_C001420
http://smpdb.ca/pathways/#CompoundReference/PW_C000741,abstraction:ReactsWith,http://smpdb.ca/pathways/#CompoundReference/PW_C000019
http://smpdb.ca/pathways/#CompoundReference/PW_C002775,abstraction:ReactsWith,http://smpdb.ca/pathways/#CompoundReference/PW_C000146
http://smpdb.ca/pathways/#CompoundReference/PW_C001420,abstraction:ReactsWith,http://smpdb.ca/pathways/#CompoundReference/PW_C040610
http://smpdb.ca/pathways/#CompoundReference/PW_C000134,abstraction:ReactsWith,http://smpdb.ca/pathways/#CompoundReference/PW_C000414
http://smpdb.ca/pathways/#CompoundReference/PW_C044579,abstraction:ReactsWith,http://smpdb.ca/pathways/#CompoundReference/PW_C000143
http://smpdb.ca/pathways/#CompoundReference/PW_C001420,abstraction:ReactsWith,http://smpdb.ca/pathways/#CompoundReference/PW_C009165
http://smpdb.ca/pathways/#CompoundReference/PW_C000185,abstraction:ReactsWith,http://smpdb.ca/pathways/#CompoundReference/PW_C000749
http://smpdb.ca/pathways/#CompoundReference/PW_C000974,abstraction:ReactsWith,http://smpdb.ca/pathways/#CompoundReference/PW_C001051
http://smpdb.ca/pathways/#CompoundReference/PW_C001420,abstraction:ReactsWith,http://smpdb.ca/pathways/#CompoundReference/PW_C040997
http://smpdb.ca/pathways/#CompoundReference/PW_C002006,abstraction:ReactsWith,http://smpdb.ca/pathways/#CompoundReference/PW_C000721
http://smpdb.ca/pathways/#CompoundReference/PW_C000414,abstraction:ReactsWith,http://smpdb.ca/pathways/#CompoundReference/PW_C007266
http://smpdb.ca/pathways/#CompoundReference/PW_C000134,abstraction:ReactsWith,http://smpdb.ca/pathways/#CompoundReference/PW_C040741
http://smpdb.ca/pathways/#CompoundReference/PW_C040659,abstraction:ReactsWith,http://smpdb.ca/pathways/#CompoundReference/PW_C001420
http://smpdb.ca/pathways/#CompoundReference/PW_C000035,abstraction:ReactsWith,http://smpdb.ca/pathways/#CompoundReference/PW_C001196
http://smpdb.ca/pathways/#CompoundReference/PW_C001420,abstraction:ReactsWith,http://smpdb.ca/pathways/#CompoundReference/PW_C001195
http://smpdb.ca/pathways/#CompoundReference/PW_C000414,abstraction:ReactsWith,http://smpdb.ca/pathways/#CompoundReference/PW_C000109
http://smpdb.ca/pathways/#CompoundReference/PW_C002106,abstraction:ReactsWith,http://smpdb.ca/pathways/#CompoundReference/PW_C000080
http://smpdb.ca/pathways/#CompoundReference/PW_C001420,abstraction:ReactsWith,http://smpdb.ca/pathways/#CompoundReference/PW_C000209
http://smpdb.ca/pathways/#CompoundReference/PW_C000609,abstraction:ReactsWith,http://smpdb.ca/pathways/#CompoundReference/PW_C000921
http://smpdb.ca/pathways/#CompoundReference/PW_C001099,abstraction:ReactsWith,http://smpdb.ca/pathways/#CompoundReference/PW_C000497
http://smpdb.ca/pathways/#CompoundReference/PW_C001829,abstraction:ReactsWith,http://smpdb.ca/pathways/#CompoundReference/PW_C010666
http://smpdb.ca/pathways/#CompoundReference/PW_C000122,abstraction:ReactsWith,http://smpdb.ca/pathways/#CompoundReference/PW_C040779
http://smpdb.ca/pathways/#CompoundReference/PW_C000414,abstraction:ReactsWith,http://smpdb.ca/pathways/#CompoundReference/PW_C000704
http://smpdb.ca/pathways/#CompoundReference/PW_C001092,abstraction:ReactsWith,http://smpdb.ca/pathways/#CompoundReference/PW_C000414
http://smpdb.ca/pathways/#CompoundReference/PW_C000721,abstraction:ReactsWith,http://smpdb.ca/pathways/#CompoundReference/PW_C022605
http://smpdb.ca/pathways/#CompoundReference/PW_C000196,abstraction:ReactsWith,http://smpdb.ca/pathways/#CompoundReference/PW_C041243
http://smpdb.ca/pathways/#GenericCompoundReference/97,abstraction:ReactsWith,http://smpdb.ca/pathways/#CompoundReference/PW_C000986
http://smpdb.ca/pathways/#CompoundReference/PW_C040034,abstraction:ReactsWith,http://smpdb.ca/pathways/#CompoundReference/PW_C096950
http://smpdb.ca/pathways/#CompoundReference/PW_C001420,abstraction:ReactsWith,http://smpdb.ca/pathways/#CompoundReference/PW_C001916
http://smpdb.ca/pathways/#CompoundReference/PW_C001221,abstraction:ReactsWith,http://smpdb.ca/pathways/#CompoundReference/PW_C040844
http://smpdb.ca/pathways/#CompoundReference/PW_C016115,abstraction:ReactsWith,http://smpdb.ca/pathways/#CompoundReference/PW_C000193
http://smpdb.ca/pathways/#CompoundReference/PW_C001065,abstraction:ReactsWith,http://smpdb.ca/pathways/#CompoundReference/PW_C008780
http://smpdb.ca/pathways/#GenericCompoundReference/344,abstraction:ReactsWith,http://smpdb.ca/pathways/#CompoundReference/PW_C001420
http://smpdb.ca/pathways/#GenericCompoundReference/55,abstraction:ReactsWith,http://smpdb.ca/pathways/#CompoundReference/PW_C000047
http://smpdb.ca/pathways/#CompoundReference/PW_C044541,abstraction:ReactsWith,http://smpdb.ca/pathways/#CompoundReference/PW_C000146
http://smpdb.ca/pathways/#CompoundReference/PW_C000047,abstraction:ReactsWith,http://smpdb.ca/pathways/#CompoundReference/PW_C001144
http://smpdb.ca/pathways/#CompoundReference/PW_C000117,abstraction:ReactsWith,http://smpdb.ca/pathways/#CompoundReference/PW_C000019
http://smpdb.ca/pathways/#CompoundReference/PW_C008884,abstraction:ReactsWith,http://smpdb.ca/pathways/#CompoundReference/PW_C001420
http://smpdb.ca/pathways/#CompoundReference/PW_C001065,abstraction:ReactsWith,http://smpdb.ca/pathways/#CompoundReference/PW_C008696
http://smpdb.ca/pathways/#CompoundReference/PW_C057933,abstraction:ReactsWith,http://smpdb.ca/pathways/#CompoundReference/PW_C000964
http://smpdb.ca/pathways/#CompoundReference/PW_C000192,abstraction:ReactsWith,http://smpdb.ca/pathways/#CompoundReference/PW_C000500
http://smpdb.ca/pathways/#CompoundReference/PW_C001420,abstraction:ReactsWith,http://smpdb.ca/pathways/#CompoundReference/PW_C000062
http://smpdb.ca/pathways/#CompoundReference/PW_C000031,abstraction:ReactsWith,http://smpdb.ca/pathways/#CompoundReference/PW_C040034
http://smpdb.ca/pathways/#CompoundReference/PW_C001860,abstraction:ReactsWith,http://smpdb.ca/pathways/#CompoundReference/PW_C001420
http://smpdb.ca/pathways/#CompoundReference/PW_C000143,abstraction:ReactsWith,http://smpdb.ca/pathways/#CompoundReference/PW_C001823
http://smpdb.ca/pathways/#CompoundReference/PW_C000160,abstraction:ReactsWith,http://smpdb.ca/pathways/#CompoundReference/PW_C000143
http://smpdb.ca/pathways/#CompoundReference/PW_C040034,abstraction:ReactsWith,http://smpdb.ca/pathways/#CompoundReference/PW_C001139
http://smpdb.ca/pathways/#CompoundReference/PW_C000210,abstraction:ReactsWith,http://smpdb.ca/pathways/#CompoundReference/PW_C001065
http://smpdb.ca/pathways/#CompoundReference/PW_C040034,abstraction:ReactsWith,http://smpdb.ca/pathways/#CompoundReference/PW_C001908
http://smpdb.ca/pathways/#CompoundReference/PW_C000784,abstraction:ReactsWith,http://smpdb.ca/pathways/#CompoundReference/PW_C000078
http://smpdb.ca/pathways/#CompoundReference/PW_C040034,abstraction:ReactsWith,http://smpdb.ca/pathways/#CompoundReference/PW_C000012
http://smpdb.ca/pathways/#CompoundReference/PW_C000134,abstraction:ReactsWith,http://smpdb.ca/pathways/#CompoundReference/PW_C001420
http://smpdb.ca/pathways/#GenericCompoundReference/237,abstraction:ReactsWith,http://smpdb.ca/pathways/#CompoundReference/PW_C000921
http://smpdb.ca/pathways/#CompoundReference/PW_C040837,abstraction:ReactsWith,http://smpdb.ca/pathways/#CompoundReference/PW_C000164
http://smpdb.ca/pathways/#CompoundReference/PW_C001420,abstraction:ReactsWith,http://smpdb.ca/pathways/#CompoundReference/PW_C000458
http://smpdb.ca/pathways/#CompoundReference/PW_C000479,abstraction:ReactsWith,http://smpdb.ca/pathways/#CompoundReference/PW_C000500
http://smpdb.ca/pathways/#CompoundReference/PW_C057881,abstraction:ReactsWith,http://smpdb.ca/pathways/#CompoundReference/PW_C001065
http://smpdb.ca/pathways/#CompoundReference/PW_C000721,abstraction:ReactsWith,http://smpdb.ca/pathways/#CompoundReference/PW_C000109
http://smpdb.ca/pathways/#CompoundReference/PW_C001065,abstraction:ReactsWith,http://smpdb.ca/pathways/#CompoundReference/PW_C002106
http://smpdb.ca/pathways/#CompoundReference/PW_C000414,abstraction:ReactsWith,http://smpdb.ca/pathways/#CompoundReference/PW_C001009
http://smpdb.ca/pathways/#CompoundReference/PW_C001065,abstraction:ReactsWith,http://smpdb.ca/pathways/#CompoundReference/PW_C001073
http://smpdb.ca/pathways/#CompoundReference/PW_C040034,abstraction:ReactsWith,http://smpdb.ca/pathways/#CompoundReference/PW_C104811
http://smpdb.ca/pathways/#CompoundReference/PW_C001065,abstraction:ReactsWith,http://smpdb.ca/pathways/#CompoundReference/PW_C009558
http://smpdb.ca/pathways/#CompoundReference/PW_C000146,abstraction:ReactsWith,http://smpdb.ca/pathways/#CompoundReference/PW_C104664
http://smpdb.ca/pathways/#CompoundReference/PW_C002763,abstraction:ReactsWith,http://smpdb.ca/pathways/#CompoundReference/PW_C001144
http://smpdb.ca/pathways/#CompoundReference/PW_C009432,abstraction:ReactsWith,http://smpdb.ca/pathways/#CompoundReference/PW_C000414
http://smpdb.ca/pathways/#CompoundReference/PW_C000202,abstraction:ReactsWith,http://smpdb.ca/pathways/#CompoundReference/PW_C000414
http://smpdb.ca/pathways/#CompoundReference/PW_C002643,abstraction:ReactsWith,http://smpdb.ca/pathways/#CompoundReference/PW_C001420
http://smpdb.ca/pathways/#CompoundReference/PW_C001783,abstraction:ReactsWith,http://smpdb.ca/pathways/#CompoundReference/PW_C000070
http://smpdb.ca/pathways/#CompoundReference/PW_C000414,abstraction:ReactsWith,http://smpdb.ca/pathways/#CompoundReference/PW_C001118
http://smpdb.ca/pathways/#CompoundReference/PW_C001099,abstraction:ReactsWith,http://smpdb.ca/pathways/#CompoundReference/PW_C000784
http://smpdb.ca/pathways/#CompoundReference/PW_C000103,abstraction:ReactsWith,http://smpdb.ca/pathways/#CompoundReference/PW_C012810
http://smpdb.ca/pathways/#CompoundReference/PW_C008740,abstraction:ReactsWith,http://smpdb.ca/pathways/#CompoundReference/PW_C001144
http://smpdb.ca/pathways/#CompoundReference/PW_C104744,abstraction:ReactsWith,http://smpdb.ca/pathways/#CompoundReference/PW_C001099
http://smpdb.ca/pathways/#CompoundReference/PW_C001347,abstraction:ReactsWith,http://smpdb.ca/pathways/#CompoundReference/PW_C001144
http://smpdb.ca/pathways/#CompoundReference/PW_C000414,abstraction:ReactsWith,http://smpdb.ca/pathways/#CompoundReference/PW_C006324
http://smpdb.ca/pathways/#CompoundReference/PW_C000843,abstraction:ReactsWith,http://smpdb.ca/pathways/#CompoundReference/PW_C000869
http://smpdb.ca/pathways/#CompoundReference/PW_C057883,abstraction:ReactsWith,http://smpdb.ca/pathways/#CompoundReference/PW_C001065
http://smpdb.ca/pathways/#CompoundReference/PW_C041090,abstraction:ReactsWith,http://smpdb.ca/pathways/#CompoundReference/PW_C040034
http://smpdb.ca/pathways/#CompoundReference/PW_C000721,abstraction:ReactsWith,http://smpdb.ca/pathways/#CompoundReference/PW_C043033
http://smpdb.ca/pathways/#CompoundReference/PW_C040034,abstraction:ReactsWith,http://smpdb.ca/pathways/#CompoundReference/PW_C041105
http://smpdb.ca/pathways/#GenericCompoundReference/533,abstraction:ReactsWith,http://smpdb.ca/pathways/#CompoundReference/PW_C001201
http://smpdb.ca/pathways/#CompoundReference/PW_C044526,abstraction:ReactsWith,http://smpdb.ca/pathways/#CompoundReference/PW_C001420
http://smpdb.ca/pathways/#CompoundReference/PW_C040034,abstraction:ReactsWith,http://smpdb.ca/pathways/#CompoundReference/PW_C057933
http://smpdb.ca/pathways/#CompoundReference/PW_C002089,abstraction:ReactsWith,http://smpdb.ca/pathways/#CompoundReference/PW_C001316
http://smpdb.ca/pathways/#CompoundReference/PW_C104767,abstraction:ReactsWith,http://smpdb.ca/pathways/#CompoundReference/PW_C000134
http://smpdb.ca/pathways/#CompoundReference/PW_C007723,abstraction:ReactsWith,http://smpdb.ca/pathways/#CompoundReference/PW_C040034
http://smpdb.ca/pathways/#CompoundReference/PW_C040034,abstraction:ReactsWith,http://smpdb.ca/pathways/#CompoundReference/PW_C002961
http://smpdb.ca/pathways/#CompoundReference/PW_C009028,abstraction:ReactsWith,http://smpdb.ca/pathways/#CompoundReference/PW_C001065
http://smpdb.ca/pathways/#CompoundReference/PW_C001420,abstraction:ReactsWith,http://smpdb.ca/pathways/#CompoundReference/PW_C000396
http://smpdb.ca/pathways/#CompoundReference/PW_C040699,abstraction:ReactsWith,http://smpdb.ca/pathways/#CompoundReference/PW_C000146
http://smpdb.ca/pathways/#CompoundReference/PW_C000146,abstraction:ReactsWith,http://smpdb.ca/pathways/#GenericCompoundReference/93
http://smpdb.ca/pathways/#CompoundReference/PW_C001420,abstraction:ReactsWith,http://smpdb.ca/pathways/#CompoundReference/PW_C042594
http://smpdb.ca/pathways/#CompoundReference/PW_C040034,abstraction:ReactsWith,http://smpdb.ca/pathways/#CompoundReference/PW_C002747
http://smpdb.ca/pathways/#CompoundReference/PW_C041103,abstraction:ReactsWith,http://smpdb.ca/pathways/#CompoundReference/PW_C040034
http://smpdb.ca/pathways/#CompoundReference/PW_C001144,abstraction:ReactsWith,http://smpdb.ca/pathways/#CompoundReference/PW_C000274
http://smpdb.ca/pathways/#CompoundReference/PW_C000936,abstraction:ReactsWith,http://smpdb.ca/pathways/#CompoundReference/PW_C000414
http://smpdb.ca/pathways/#CompoundReference/PW_C001196,abstraction:ReactsWith,http://smpdb.ca/pathways/#CompoundReference/PW_C000414
http://smpdb.ca/pathways/#CompoundReference/PW_C000193,abstraction:ReactsWith,http://smpdb.ca/pathways/#CompoundReference/PW_C000504
http://smpdb.ca/pathways/#CompoundReference/PW_C001051,abstraction:ReactsWith,http://smpdb.ca/pathways/#CompoundReference/PW_C009649
http://smpdb.ca/pathways/#CompoundReference/PW_C001065,abstraction:ReactsWith,http://smpdb.ca/pathways/#CompoundReference/PW_C007980
http://smpdb.ca/pathways/#CompoundReference/PW_C041557,abstraction:ReactsWith,http://smpdb.ca/pathways/#CompoundReference/PW_C040034
http://smpdb.ca/pathways/#CompoundReference/PW_C001065,abstraction:ReactsWith,http://smpdb.ca/pathways/#CompoundReference/PW_C001284
http://smpdb.ca/pathways/#CompoundReference/PW_C001420,abstraction:ReactsWith,http://smpdb.ca/pathways/#CompoundReference/PW_C000795
http://smpdb.ca/pathways/#CompoundReference/PW_C009432,abstraction:ReactsWith,http://smpdb.ca/pathways/#CompoundReference/PW_C001420
http://smpdb.ca/pathways/#CompoundReference/PW_C000721,abstraction:ReactsWith,http://smpdb.ca/pathways/#CompoundReference/PW_C001996
http://smpdb.ca/pathways/#CompoundReference/PW_C040763,abstraction:ReactsWith,http://smpdb.ca/pathways/#CompoundReference/PW_C040996
http://smpdb.ca/pathways/#CompoundReference/PW_C000721,abstraction:ReactsWith,http://smpdb.ca/pathways/#CompoundReference/PW_C007757
http://smpdb.ca/pathways/#CompoundReference/PW_C000189,abstraction:ReactsWith,http://smpdb.ca/pathways/#CompoundReference/PW_C001420
http://smpdb.ca/pathways/#CompoundReference/PW_C001420,abstraction:ReactsWith,http://smpdb.ca/pathways/#CompoundReference/PW_C000194
http://smpdb.ca/pathways/#CompoundReference/PW_C040034,abstraction:ReactsWith,http://smpdb.ca/pathways/#CompoundReference/PW_C059077
http://smpdb.ca/pathways/#CompoundReference/PW_C000721,abstraction:ReactsWith,http://smpdb.ca/pathways/#CompoundReference/PW_C000866
http://smpdb.ca/pathways/#GenericCompoundReference/549,abstraction:ReactsWith,http://smpdb.ca/pathways/#CompoundReference/PW_C001420
http://smpdb.ca/pathways/#CompoundReference/PW_C104742,abstraction:ReactsWith,http://smpdb.ca/pathways/#CompoundReference/PW_C000193
http://smpdb.ca/pathways/#CompoundReference/PW_C001435,abstraction:ReactsWith,http://smpdb.ca/pathways/#CompoundReference/PW_C001420
http://smpdb.ca/pathways/#CompoundReference/PW_C002722,abstraction:ReactsWith,http://smpdb.ca/pathways/#CompoundReference/PW_C000986
http://smpdb.ca/pathways/#CompoundReference/PW_C044519,abstraction:ReactsWith,http://smpdb.ca/pathways/#CompoundReference/PW_C000143
http://smpdb.ca/pathways/#CompoundReference/PW_C000414,abstraction:ReactsWith,http://smpdb.ca/pathways/#CompoundReference/PW_C000105
http://smpdb.ca/pathways/#CompoundReference/PW_C044574,abstraction:ReactsWith,http://smpdb.ca/pathways/#CompoundReference/PW_C001065
http://smpdb.ca/pathways/#CompoundReference/PW_C001420,abstraction:ReactsWith,http://smpdb.ca/pathways/#CompoundReference/PW_C040983
http://smpdb.ca/pathways/#CompoundReference/PW_C001099,abstraction:ReactsWith,http://smpdb.ca/pathways/#CompoundReference/PW_C001309
http://smpdb.ca/pathways/#CompoundReference/PW_C000941,abstraction:ReactsWith,http://smpdb.ca/pathways/#CompoundReference/PW_C001420
http://smpdb.ca/pathways/#CompoundReference/PW_C016026,abstraction:ReactsWith,http://smpdb.ca/pathways/#CompoundReference/PW_C001065
http://smpdb.ca/pathways/#CompoundReference/PW_C000437,abstraction:ReactsWith,http://smpdb.ca/pathways/#CompoundReference/PW_C001065
http://smpdb.ca/pathways/#CompoundReference/PW_C000146,abstraction:ReactsWith,http://smpdb.ca/pathways/#CompoundReference/PW_C009391
http://smpdb.ca/pathways/#CompoundReference/PW_C041104,abstraction:ReactsWith,http://smpdb.ca/pathways/#CompoundReference/PW_C040034
http://smpdb.ca/pathways/#CompoundReference/PW_C057906,abstraction:ReactsWith,http://smpdb.ca/pathways/#GenericCompoundReference/299
http://smpdb.ca/pathways/#CompoundReference/PW_C000085,abstraction:ReactsWith,http://smpdb.ca/pathways/#CompoundReference/PW_C000093
http://smpdb.ca/pathways/#CompoundReference/PW_C041014,abstraction:ReactsWith,http://smpdb.ca/pathways/#CompoundReference/PW_C001952
http://smpdb.ca/pathways/#CompoundReference/PW_C104652,abstraction:ReactsWith,http://smpdb.ca/pathways/#CompoundReference/PW_C040034
http://smpdb.ca/pathways/#CompoundReference/PW_C000178,abstraction:ReactsWith,http://smpdb.ca/pathways/#CompoundReference/PW_C001065
http://smpdb.ca/pathways/#CompoundReference/PW_C000176,abstraction:ReactsWith,http://smpdb.ca/pathways/#CompoundReference/PW_C001399
http://smpdb.ca/pathways/#CompoundReference/PW_C001151,abstraction:ReactsWith,http://smpdb.ca/pathways/#CompoundReference/PW_C001034
http://smpdb.ca/pathways/#CompoundReference/PW_C000721,abstraction:ReactsWith,http://smpdb.ca/pathways/#CompoundReference/PW_C002667
http://smpdb.ca/pathways/#CompoundReference/PW_C001195,abstraction:ReactsWith,http://smpdb.ca/pathways/#CompoundReference/PW_C000104
http://smpdb.ca/pathways/#CompoundReference/PW_C001099,abstraction:ReactsWith,http://smpdb.ca/pathways/#CompoundReference/PW_C000063
http://smpdb.ca/pathways/#CompoundReference/PW_C001065,abstraction:ReactsWith,http://smpdb.ca/pathways/#CompoundReference/PW_C104653
http://smpdb.ca/pathways/#CompoundReference/PW_C001065,abstraction:ReactsWith,http://smpdb.ca/pathways/#CompoundReference/PW_C009638
http://smpdb.ca/pathways/#CompoundReference/PW_C001196,abstraction:ReactsWith,http://smpdb.ca/pathways/#CompoundReference/PW_C001420
http://smpdb.ca/pathways/#CompoundReference/PW_C001070,abstraction:ReactsWith,http://smpdb.ca/pathways/#CompoundReference/PW_C001420
http://smpdb.ca/pathways/#CompoundReference/PW_C000936,abstraction:ReactsWith,http://smpdb.ca/pathways/#CompoundReference/PW_C001420
http://smpdb.ca/pathways/#CompoundReference/PW_C001905,abstraction:ReactsWith,http://smpdb.ca/pathways/#CompoundReference/PW_C000448
http://smpdb.ca/pathways/#CompoundReference/PW_C040960,abstraction:ReactsWith,http://smpdb.ca/pathways/#CompoundReference/PW_C000414
http://smpdb.ca/pathways/#CompoundReference/PW_C000986,abstraction:ReactsWith,http://smpdb.ca/pathways/#CompoundReference/PW_C040034
http://smpdb.ca/pathways/#CompoundReference/PW_C000886,abstraction:ReactsWith,http://smpdb.ca/pathways/#CompoundReference/PW_C000054
http://smpdb.ca/pathways/#CompoundReference/PW_C009153,abstraction:ReactsWith,http://smpdb.ca/pathways/#CompoundReference/PW_C000146
http://smpdb.ca/pathways/#CompoundReference/PW_C001420,abstraction:ReactsWith,http://smpdb.ca/pathways/#CompoundReference/PW_C040715
http://smpdb.ca/pathways/#CompoundReference/PW_C001420,abstraction:ReactsWith,http://smpdb.ca/pathways/#CompoundReference/PW_C042643
http://smpdb.ca/pathways/#CompoundReference/PW_C008526,abstraction:ReactsWith,http://smpdb.ca/pathways/#CompoundReference/PW_C001221
http://smpdb.ca/pathways/#CompoundReference/PW_C000590,abstraction:ReactsWith,http://smpdb.ca/pathways/#CompoundReference/PW_C019513
http://smpdb.ca/pathways/#CompoundReference/PW_C000146,abstraction:ReactsWith,http://smpdb.ca/pathways/#CompoundReference/PW_C000160
http://smpdb.ca/pathways/#CompoundReference/PW_C057926,abstraction:ReactsWith,http://smpdb.ca/pathways/#CompoundReference/PW_C000057
http://smpdb.ca/pathways/#CompoundReference/PW_C001420,abstraction:ReactsWith,http://smpdb.ca/pathways/#CompoundReference/PW_C000119
http://smpdb.ca/pathways/#CompoundReference/PW_C000158,abstraction:ReactsWith,http://smpdb.ca/pathways/#CompoundReference/PW_C000414
http://smpdb.ca/pathways/#CompoundReference/PW_C040628,abstraction:ReactsWith,http://smpdb.ca/pathways/#CompoundReference/PW_C000414
http://smpdb.ca/pathways/#CompoundReference/PW_C000721,abstraction:ReactsWith,http://smpdb.ca/pathways/#CompoundReference/PW_C041203
http://smpdb.ca/pathways/#CompoundReference/PW_C002709,abstraction:ReactsWith,http://smpdb.ca/pathways/#CompoundReference/PW_C000414
http://smpdb.ca/pathways/#CompoundReference/PW_C000146,abstraction:ReactsWith,http://smpdb.ca/pathways/#CompoundReference/PW_C000994
http://smpdb.ca/pathways/#CompoundReference/PW_C041026,abstraction:ReactsWith,http://smpdb.ca/pathways/#CompoundReference/PW_C000146
http://smpdb.ca/pathways/#CompoundReference/PW_C000915,abstraction:ReactsWith,http://smpdb.ca/pathways/#CompoundReference/PW_C000500
http://smpdb.ca/pathways/#CompoundReference/PW_C001420,abstraction:ReactsWith,http://smpdb.ca/pathways/#CompoundReference/PW_C001428
http://smpdb.ca/pathways/#CompoundReference/PW_C000940,abstraction:ReactsWith,http://smpdb.ca/pathways/#GenericCompoundReference/550
http://smpdb.ca/pathways/#CompoundReference/PW_C002975,abstraction:ReactsWith,http://smpdb.ca/pathways/#CompoundReference/PW_C001420
http://smpdb.ca/pathways/#CompoundReference/PW_C001532,abstraction:ReactsWith,http://smpdb.ca/pathways/#CompoundReference/PW_C040034
http://smpdb.ca/pathways/#CompoundReference/PW_C042615,abstraction:ReactsWith,http://smpdb.ca/pathways/#CompoundReference/PW_C000414
http://smpdb.ca/pathways/#CompoundReference/PW_C040534,abstraction:ReactsWith,http://smpdb.ca/pathways/#CompoundReference/PW_C001144
http://smpdb.ca/pathways/#GenericCompoundReference/99,abstraction:ReactsWith,http://smpdb.ca/pathways/#CompoundReference/PW_C001189
http://smpdb.ca/pathways/#CompoundReference/PW_C000414,abstraction:ReactsWith,http://smpdb.ca/pathways/#CompoundReference/PW_C042993
http://smpdb.ca/pathways/#CompoundReference/PW_C000544,abstraction:ReactsWith,http://smpdb.ca/pathways/#CompoundReference/PW_C002965
http://smpdb.ca/pathways/#CompoundReference/PW_C001420,abstraction:ReactsWith,http://smpdb.ca/pathways/#CompoundReference/PW_C000051
http://smpdb.ca/pathways/#CompoundReference/PW_C040747,abstraction:ReactsWith,http://smpdb.ca/pathways/#CompoundReference/PW_C000860
http://smpdb.ca/pathways/#CompoundReference/PW_C000148,abstraction:ReactsWith,http://smpdb.ca/pathways/#CompoundReference/PW_C000414
http://smpdb.ca/pathways/#CompoundReference/PW_C001044,abstraction:ReactsWith,http://smpdb.ca/pathways/#CompoundReference/PW_C000414
http://smpdb.ca/pathways/#CompoundReference/PW_C000722,abstraction:ReactsWith,http://smpdb.ca/pathways/#CompoundReference/PW_C000143
http://smpdb.ca/pathways/#CompoundReference/PW_C041016,abstraction:ReactsWith,http://smpdb.ca/pathways/#CompoundReference/PW_C001099
http://smpdb.ca/pathways/#CompoundReference/PW_C000414,abstraction:ReactsWith,http://smpdb.ca/pathways/#CompoundReference/PW_C040683
http://smpdb.ca/pathways/#CompoundReference/PW_C000448,abstraction:ReactsWith,http://smpdb.ca/pathways/#GenericCompoundReference/101
http://smpdb.ca/pathways/#CompoundReference/PW_C006761,abstraction:ReactsWith,http://smpdb.ca/pathways/#CompoundReference/PW_C040034
http://smpdb.ca/pathways/#CompoundReference/PW_C057885,abstraction:ReactsWith,http://smpdb.ca/pathways/#CompoundReference/PW_C040034
http://smpdb.ca/pathways/#CompoundReference/PW_C001144,abstraction:ReactsWith,http://smpdb.ca/pathways/#CompoundReference/PW_C009240
http://smpdb.ca/pathways/#CompoundReference/PW_C000080,abstraction:ReactsWith,http://smpdb.ca/pathways/#CompoundReference/PW_C002106
http://smpdb.ca/pathways/#CompoundReference/PW_C000143,abstraction:ReactsWith,http://smpdb.ca/pathways/#CompoundReference/PW_C000722
http://smpdb.ca/pathways/#CompoundReference/PW_C007794,abstraction:ReactsWith,http://smpdb.ca/pathways/#CompoundReference/PW_C040034
http://smpdb.ca/pathways/#CompoundReference/PW_C001145,abstraction:ReactsWith,http://smpdb.ca/pathways/#CompoundReference/PW_C000190
http://smpdb.ca/pathways/#CompoundReference/PW_C001144,abstraction:ReactsWith,http://smpdb.ca/pathways/#CompoundReference/PW_C008817
http://smpdb.ca/pathways/#GenericCompoundReference/230,abstraction:ReactsWith,http://smpdb.ca/pathways/#CompoundReference/PW_C001420
http://smpdb.ca/pathways/#CompoundReference/PW_C040836,abstraction:ReactsWith,http://smpdb.ca/pathways/#CompoundReference/PW_C000414
http://smpdb.ca/pathways/#CompoundReference/PW_C001104,abstraction:ReactsWith,http://smpdb.ca/pathways/#CompoundReference/PW_C000087
http://smpdb.ca/pathways/#CompoundReference/PW_C057911,abstraction:ReactsWith,http://smpdb.ca/pathways/#CompoundReference/PW_C040034
http://smpdb.ca/pathways/#CompoundReference/PW_C000190,abstraction:ReactsWith,http://smpdb.ca/pathways/#CompoundReference/PW_C040034
http://smpdb.ca/pathways/#CompoundReference/PW_C040034,abstraction:ReactsWith,http://smpdb.ca/pathways/#CompoundReference/PW_C002009
http://smpdb.ca/pathways/#CompoundReference/PW_C000076,abstraction:ReactsWith,http://smpdb.ca/pathways/#CompoundReference/PW_C000146
http://smpdb.ca/pathways/#CompoundReference/PW_C040628,abstraction:ReactsWith,http://smpdb.ca/pathways/#CompoundReference/PW_C001420
http://smpdb.ca/pathways/#CompoundReference/PW_C007723,abstraction:ReactsWith,http://smpdb.ca/pathways/#CompoundReference/PW_C000544
http://smpdb.ca/pathways/#CompoundReference/PW_C000143,abstraction:ReactsWith,http://smpdb.ca/pathways/#CompoundReference/PW_C040066
http://smpdb.ca/pathways/#CompoundReference/PW_C000137,abstraction:ReactsWith,http://smpdb.ca/pathways/#CompoundReference/PW_C003022
http://smpdb.ca/pathways/#CompoundReference/PW_C000174,abstraction:ReactsWith,http://smpdb.ca/pathways/#CompoundReference/PW_C001860
http://smpdb.ca/pathways/#CompoundReference/PW_C000746,abstraction:ReactsWith,http://smpdb.ca/pathways/#CompoundReference/PW_C008646
http://smpdb.ca/pathways/#CompoundReference/PW_C000414,abstraction:ReactsWith,http://smpdb.ca/pathways/#CompoundReference/PW_C045275
http://smpdb.ca/pathways/#CompoundReference/PW_C057909,abstraction:ReactsWith,http://smpdb.ca/pathways/#CompoundReference/PW_C000921
http://smpdb.ca/pathways/#CompoundReference/PW_C001065,abstraction:ReactsWith,http://smpdb.ca/pathways/#CompoundReference/PW_C000448
http://smpdb.ca/pathways/#CompoundReference/PW_C040034,abstraction:ReactsWith,http://smpdb.ca/pathways/#CompoundReference/PW_C001824
http://smpdb.ca/pathways/#CompoundReference/PW_C040838,abstraction:ReactsWith,http://smpdb.ca/pathways/#CompoundReference/PW_C000146
http://smpdb.ca/pathways/#CompoundReference/PW_C000146,abstraction:ReactsWith,http://smpdb.ca/pathways/#CompoundReference/PW_C001223
http://smpdb.ca/pathways/#GenericCompoundReference/218,abstraction:ReactsWith,http://smpdb.ca/pathways/#CompoundReference/PW_C001724
http://smpdb.ca/pathways/#CompoundReference/PW_C000079,abstraction:ReactsWith,http://smpdb.ca/pathways/#CompoundReference/PW_C001104
http://smpdb.ca/pathways/#CompoundReference/PW_C000024,abstraction:ReactsWith,http://smpdb.ca/pathways/#CompoundReference/PW_C001146
http://smpdb.ca/pathways/#CompoundReference/PW_C104664,abstraction:ReactsWith,http://smpdb.ca/pathways/#CompoundReference/PW_C001065
http://smpdb.ca/pathways/#CompoundReference/PW_C000146,abstraction:ReactsWith,http://smpdb.ca/pathways/#CompoundReference/PW_C000905
http://smpdb.ca/pathways/#CompoundReference/PW_C000414,abstraction:ReactsWith,http://smpdb.ca/pathways/#CompoundReference/PW_C001851
http://smpdb.ca/pathways/#CompoundReference/PW_C001900,abstraction:ReactsWith,http://smpdb.ca/pathways/#CompoundReference/PW_C041232
http://smpdb.ca/pathways/#CompoundReference/PW_C000930,abstraction:ReactsWith,http://smpdb.ca/pathways/#CompoundReference/PW_C000080
http://smpdb.ca/pathways/#GenericCompoundReference/82,abstraction:ReactsWith,http://smpdb.ca/pathways/#CompoundReference/PW_C000095
http://smpdb.ca/pathways/#CompoundReference/PW_C000544,abstraction:ReactsWith,http://smpdb.ca/pathways/#CompoundReference/PW_C007727
http://smpdb.ca/pathways/#CompoundReference/PW_C001924,abstraction:ReactsWith,http://smpdb.ca/pathways/#CompoundReference/PW_C040101
http://smpdb.ca/pathways/#CompoundReference/PW_C040936,abstraction:ReactsWith,http://smpdb.ca/pathways/#CompoundReference/PW_C000146
http://smpdb.ca/pathways/#CompoundReference/PW_C001065,abstraction:ReactsWith,http://smpdb.ca/pathways/#CompoundReference/PW_C057938
http://smpdb.ca/pathways/#CompoundReference/PW_C040694,abstraction:ReactsWith,http://smpdb.ca/pathways/#CompoundReference/PW_C000080
http://smpdb.ca/pathways/#GenericCompoundReference/530,abstraction:ReactsWith,http://smpdb.ca/pathways/#CompoundReference/PW_C040034
http://smpdb.ca/pathways/#CompoundReference/PW_C009655,abstraction:ReactsWith,http://smpdb.ca/pathways/#CompoundReference/PW_C000414
http://smpdb.ca/pathways/#CompoundReference/PW_C000148,abstraction:ReactsWith,http://smpdb.ca/pathways/#CompoundReference/PW_C001420
http://smpdb.ca/pathways/#CompoundReference/PW_C000414,abstraction:ReactsWith,http://smpdb.ca/pathways/#CompoundReference/PW_C000141
http://smpdb.ca/pathways/#CompoundReference/PW_C040034,abstraction:ReactsWith,http://smpdb.ca/pathways/#CompoundReference/PW_C000862
http://smpdb.ca/pathways/#CompoundReference/PW_C002564,abstraction:ReactsWith,http://smpdb.ca/pathways/#CompoundReference/PW_C000193
http://smpdb.ca/pathways/#CompoundReference/PW_C000790,abstraction:ReactsWith,http://smpdb.ca/pathways/#CompoundReference/PW_C001420
http://smpdb.ca/pathways/#CompoundReference/PW_C001065,abstraction:ReactsWith,http://smpdb.ca/pathways/#CompoundReference/PW_C000396
http://smpdb.ca/pathways/#CompoundReference/PW_C000095,abstraction:ReactsWith,http://smpdb.ca/pathways/#CompoundReference/PW_C000558
http://smpdb.ca/pathways/#CompoundReference/PW_C040034,abstraction:ReactsWith,http://smpdb.ca/pathways/#CompoundReference/PW_C044573
http://smpdb.ca/pathways/#CompoundReference/PW_C001420,abstraction:ReactsWith,http://smpdb.ca/pathways/#CompoundReference/PW_C000142
http://smpdb.ca/pathways/#GenericCompoundReference/531,abstraction:ReactsWith,http://smpdb.ca/pathways/#GenericCompoundReference/210
http://smpdb.ca/pathways/#CompoundReference/PW_C000548,abstraction:ReactsWith,http://smpdb.ca/pathways/#GenericCompoundReference/552
http://smpdb.ca/pathways/#CompoundReference/PW_C041115,abstraction:ReactsWith,http://smpdb.ca/pathways/#CompoundReference/PW_C000105
http://smpdb.ca/pathways/#CompoundReference/PW_C040506,abstraction:ReactsWith,http://smpdb.ca/pathways/#CompoundReference/PW_C000921
http://smpdb.ca/pathways/#CompoundReference/PW_C000143,abstraction:ReactsWith,http://smpdb.ca/pathways/#CompoundReference/PW_C001099
http://smpdb.ca/pathways/#CompoundReference/PW_C000093,abstraction:ReactsWith,http://smpdb.ca/pathways/#CompoundReference/PW_C000721
http://smpdb.ca/pathways/#CompoundReference/PW_C001420,abstraction:ReactsWith,http://smpdb.ca/pathways/#CompoundReference/PW_C000779
http://smpdb.ca/pathways/#CompoundReference/PW_C000045,abstraction:ReactsWith,http://smpdb.ca/pathways/#CompoundReference/PW_C000143
http://smpdb.ca/pathways/#CompoundReference/PW_C008635,abstraction:ReactsWith,http://smpdb.ca/pathways/#CompoundReference/PW_C001065
http://smpdb.ca/pathways/#CompoundReference/PW_C000396,abstraction:ReactsWith,http://smpdb.ca/pathways/#CompoundReference/PW_C040034
http://smpdb.ca/pathways/#CompoundReference/PW_C000414,abstraction:ReactsWith,http://smpdb.ca/pathways/#CompoundReference/PW_C000154
http://smpdb.ca/pathways/#CompoundReference/PW_C040034,abstraction:ReactsWith,http://smpdb.ca/pathways/#CompoundReference/PW_C003002
http://smpdb.ca/pathways/#CompoundReference/PW_C001099,abstraction:ReactsWith,http://smpdb.ca/pathways/#CompoundReference/PW_C006753
http://smpdb.ca/pathways/#CompoundReference/PW_C006753,abstraction:ReactsWith,http://smpdb.ca/pathways/#CompoundReference/PW_C000146
http://smpdb.ca/pathways/#CompoundReference/PW_C002699,abstraction:ReactsWith,http://smpdb.ca/pathways/#CompoundReference/PW_C000123
http://smpdb.ca/pathways/#CompoundReference/PW_C000849,abstraction:ReactsWith,http://smpdb.ca/pathways/#CompoundReference/PW_C001420
http://smpdb.ca/pathways/#CompoundReference/PW_C000959,abstraction:ReactsWith,http://smpdb.ca/pathways/#CompoundReference/PW_C001065
http://smpdb.ca/pathways/#CompoundReference/PW_C001099,abstraction:ReactsWith,http://smpdb.ca/pathways/#CompoundReference/PW_C001500
http://smpdb.ca/pathways/#CompoundReference/PW_C000007,abstraction:ReactsWith,http://smpdb.ca/pathways/#CompoundReference/PW_C001104
http://smpdb.ca/pathways/#CompoundReference/PW_C001144,abstraction:ReactsWith,http://smpdb.ca/pathways/#CompoundReference/PW_C104699
http://smpdb.ca/pathways/#CompoundReference/PW_C044554,abstraction:ReactsWith,http://smpdb.ca/pathways/#CompoundReference/PW_C044553
http://smpdb.ca/pathways/#CompoundReference/PW_C040034,abstraction:ReactsWith,http://smpdb.ca/pathways/#CompoundReference/PW_C002162
http://smpdb.ca/pathways/#CompoundReference/PW_C040034,abstraction:ReactsWith,http://smpdb.ca/pathways/#CompoundReference/PW_C000860
http://smpdb.ca/pathways/#CompoundReference/PW_C001168,abstraction:ReactsWith,http://smpdb.ca/pathways/#CompoundReference/PW_C000774
http://smpdb.ca/pathways/#CompoundReference/PW_C000098,abstraction:ReactsWith,http://smpdb.ca/pathways/#CompoundReference/PW_C040034
http://smpdb.ca/pathways/#CompoundReference/PW_C040034,abstraction:ReactsWith,http://smpdb.ca/pathways/#CompoundReference/PW_C044599
http://smpdb.ca/pathways/#CompoundReference/PW_C000146,abstraction:ReactsWith,http://smpdb.ca/pathways/#CompoundReference/PW_C007305
http://smpdb.ca/pathways/#CompoundReference/PW_C001335,abstraction:ReactsWith,http://smpdb.ca/pathways/#CompoundReference/PW_C001420
http://smpdb.ca/pathways/#CompoundReference/PW_C000721,abstraction:ReactsWith,http://smpdb.ca/pathways/#CompoundReference/PW_C001734
http://smpdb.ca/pathways/#CompoundReference/PW_C057878,abstraction:ReactsWith,http://smpdb.ca/pathways/#GenericCompoundReference/237
http://smpdb.ca/pathways/#CompoundReference/PW_C001420,abstraction:ReactsWith,http://smpdb.ca/pathways/#CompoundReference/PW_C044505
http://smpdb.ca/pathways/#CompoundReference/PW_C001420,abstraction:ReactsWith,http://smpdb.ca/pathways/#CompoundReference/PW_C001161
http://smpdb.ca/pathways/#CompoundReference/PW_C001086,abstraction:ReactsWith,http://smpdb.ca/pathways/#CompoundReference/PW_C000921
http://smpdb.ca/pathways/#CompoundReference/PW_C001034,abstraction:ReactsWith,http://smpdb.ca/pathways/#CompoundReference/PW_C000774
http://smpdb.ca/pathways/#CompoundReference/PW_C000721,abstraction:ReactsWith,http://smpdb.ca/pathways/#CompoundReference/PW_C040477
http://smpdb.ca/pathways/#CompoundReference/PW_C001065,abstraction:ReactsWith,http://smpdb.ca/pathways/#CompoundReference/PW_C104730
http://smpdb.ca/pathways/#CompoundReference/PW_C002963,abstraction:ReactsWith,http://smpdb.ca/pathways/#CompoundReference/PW_C001065
http://smpdb.ca/pathways/#CompoundReference/PW_C040034,abstraction:ReactsWith,http://smpdb.ca/pathways/#CompoundReference/PW_C001959
http://smpdb.ca/pathways/#CompoundReference/PW_C009655,abstraction:ReactsWith,http://smpdb.ca/pathways/#CompoundReference/PW_C001420
http://smpdb.ca/pathways/#CompoundReference/PW_C041100,abstraction:ReactsWith,http://smpdb.ca/pathways/#CompoundReference/PW_C040445
http://smpdb.ca/pathways/#CompoundReference/PW_C002915,abstraction:ReactsWith,http://smpdb.ca/pathways/#CompoundReference/PW_C040034
http://smpdb.ca/pathways/#CompoundReference/PW_C001420,abstraction:ReactsWith,http://smpdb.ca/pathways/#CompoundReference/PW_C001908
http://smpdb.ca/pathways/#CompoundReference/PW_C001420,abstraction:ReactsWith,http://smpdb.ca/pathways/#CompoundReference/PW_C000012
http://smpdb.ca/pathways/#CompoundReference/PW_C040529,abstraction:ReactsWith,http://smpdb.ca/pathways/#CompoundReference/PW_C000721
http://smpdb.ca/pathways/#CompoundReference/PW_C001142,abstraction:ReactsWith,http://smpdb.ca/pathways/#CompoundReference/PW_C000170
http://smpdb.ca/pathways/#CompoundReference/PW_C000885,abstraction:ReactsWith,http://smpdb.ca/pathways/#CompoundReference/PW_C000414
http://smpdb.ca/pathways/#CompoundReference/PW_C001912,abstraction:ReactsWith,http://smpdb.ca/pathways/#CompoundReference/PW_C001034
http://smpdb.ca/pathways/#CompoundReference/PW_C040034,abstraction:ReactsWith,http://smpdb.ca/pathways/#CompoundReference/PW_C057893
http://smpdb.ca/pathways/#GenericCompoundReference/83,abstraction:ReactsWith,http://smpdb.ca/pathways/#CompoundReference/PW_C000414
http://smpdb.ca/pathways/#CompoundReference/PW_C000826,abstraction:ReactsWith,http://smpdb.ca/pathways/#CompoundReference/PW_C000414
http://smpdb.ca/pathways/#CompoundReference/PW_C096922,abstraction:ReactsWith,http://smpdb.ca/pathways/#CompoundReference/PW_C000911
http://smpdb.ca/pathways/#CompoundReference/PW_C001952,abstraction:ReactsWith,http://smpdb.ca/pathways/#CompoundReference/PW_C041014
http://smpdb.ca/pathways/#CompoundReference/PW_C002953,abstraction:ReactsWith,http://smpdb.ca/pathways/#CompoundReference/PW_C001420
http://smpdb.ca/pathways/#CompoundReference/PW_C104739,abstraction:ReactsWith,http://smpdb.ca/pathways/#CompoundReference/PW_C001420
http://smpdb.ca/pathways/#CompoundReference/PW_C057923,abstraction:ReactsWith,http://smpdb.ca/pathways/#CompoundReference/PW_C001420
http://smpdb.ca/pathways/#CompoundReference/PW_C001065,abstraction:ReactsWith,http://smpdb.ca/pathways/#CompoundReference/PW_C040699
http://smpdb.ca/pathways/#CompoundReference/PW_C000921,abstraction:ReactsWith,http://smpdb.ca/pathways/#CompoundReference/PW_C000146
http://smpdb.ca/pathways/#CompoundReference/PW_C040034,abstraction:ReactsWith,http://smpdb.ca/pathways/#CompoundReference/PW_C000941
http://smpdb.ca/pathways/#CompoundReference/PW_C001316,abstraction:ReactsWith,http://smpdb.ca/pathways/#CompoundReference/PW_C040810
http://smpdb.ca/pathways/#CompoundReference/PW_C044573,abstraction:ReactsWith,http://smpdb.ca/pathways/#CompoundReference/PW_C000146
http://smpdb.ca/pathways/#CompoundReference/PW_C012810,abstraction:ReactsWith,http://smpdb.ca/pathways/#CompoundReference/PW_C000105
http://smpdb.ca/pathways/#CompoundReference/PW_C057934,abstraction:ReactsWith,http://smpdb.ca/pathways/#CompoundReference/PW_C040034
http://smpdb.ca/pathways/#CompoundReference/PW_C040034,abstraction:ReactsWith,http://smpdb.ca/pathways/#CompoundReference/PW_C000940
http://smpdb.ca/pathways/#CompoundReference/PW_C000901,abstraction:ReactsWith,http://smpdb.ca/pathways/#CompoundReference/PW_C002733
http://smpdb.ca/pathways/#CompoundReference/PW_C001189,abstraction:ReactsWith,http://smpdb.ca/pathways/#CompoundReference/PW_C001420
http://smpdb.ca/pathways/#CompoundReference/PW_C001420,abstraction:ReactsWith,http://smpdb.ca/pathways/#CompoundReference/PW_C001165
http://smpdb.ca/pathways/#CompoundReference/PW_C000988,abstraction:ReactsWith,http://smpdb.ca/pathways/#CompoundReference/PW_C000170
http://smpdb.ca/pathways/#CompoundReference/PW_C001420,abstraction:ReactsWith,http://smpdb.ca/pathways/#CompoundReference/PW_C002934
http://smpdb.ca/pathways/#CompoundReference/PW_C001065,abstraction:ReactsWith,http://smpdb.ca/pathways/#CompoundReference/PW_C057881
http://smpdb.ca/pathways/#CompoundReference/PW_C040590,abstraction:ReactsWith,http://smpdb.ca/pathways/#CompoundReference/PW_C000746
http://smpdb.ca/pathways/#CompoundReference/PW_C000057,abstraction:ReactsWith,http://smpdb.ca/pathways/#CompoundReference/PW_C000149
http://smpdb.ca/pathways/#CompoundReference/PW_C001065,abstraction:ReactsWith,http://smpdb.ca/pathways/#CompoundReference/PW_C001428
http://smpdb.ca/pathways/#CompoundReference/PW_C042948,abstraction:ReactsWith,http://smpdb.ca/pathways/#CompoundReference/PW_C040034
http://smpdb.ca/pathways/#CompoundReference/PW_C057947,abstraction:ReactsWith,http://smpdb.ca/pathways/#CompoundReference/PW_C000134
http://smpdb.ca/pathways/#CompoundReference/PW_C000718,abstraction:ReactsWith,http://smpdb.ca/pathways/#CompoundReference/PW_C040034
http://smpdb.ca/pathways/#CompoundReference/PW_C009240,abstraction:ReactsWith,http://smpdb.ca/pathways/#CompoundReference/PW_C001065
http://smpdb.ca/pathways/#CompoundReference/PW_C057873,abstraction:ReactsWith,http://smpdb.ca/pathways/#CompoundReference/PW_C000414
http://smpdb.ca/pathways/#CompoundReference/PW_C001144,abstraction:ReactsWith,http://smpdb.ca/pathways/#CompoundReference/PW_C008977
http://smpdb.ca/pathways/#CompoundReference/PW_C001908,abstraction:ReactsWith,http://smpdb.ca/pathways/#CompoundReference/PW_C040034
http://smpdb.ca/pathways/#CompoundReference/PW_C040034,abstraction:ReactsWith,http://smpdb.ca/pathways/#CompoundReference/PW_C040811
http://smpdb.ca/pathways/#CompoundReference/PW_C040034,abstraction:ReactsWith,http://smpdb.ca/pathways/#CompoundReference/PW_C008621
http://smpdb.ca/pathways/#CompoundReference/PW_C000414,abstraction:ReactsWith,http://smpdb.ca/pathways/#CompoundReference/PW_C000497
http://smpdb.ca/pathways/#CompoundReference/PW_C000966,abstraction:ReactsWith,http://smpdb.ca/pathways/#CompoundReference/PW_C000891
http://smpdb.ca/pathways/#CompoundReference/PW_C041683,abstraction:ReactsWith,http://smpdb.ca/pathways/#CompoundReference/PW_C041100
http://smpdb.ca/pathways/#CompoundReference/PW_C041102,abstraction:ReactsWith,http://smpdb.ca/pathways/#CompoundReference/PW_C040034
http://smpdb.ca/pathways/#CompoundReference/PW_C000871,abstraction:ReactsWith,http://smpdb.ca/pathways/#CompoundReference/PW_C000911
http://smpdb.ca/pathways/#CompoundReference/PW_C000500,abstraction:ReactsWith,http://smpdb.ca/pathways/#CompoundReference/PW_C001144
http://smpdb.ca/pathways/#CompoundReference/PW_C001196,abstraction:ReactsWith,http://smpdb.ca/pathways/#CompoundReference/PW_C000035
http://smpdb.ca/pathways/#CompoundReference/PW_C001170,abstraction:ReactsWith,http://smpdb.ca/pathways/#CompoundReference/PW_C040034
http://smpdb.ca/pathways/#CompoundReference/PW_C001144,abstraction:ReactsWith,http://smpdb.ca/pathways/#CompoundReference/PW_C040590
http://smpdb.ca/pathways/#CompoundReference/PW_C000143,abstraction:ReactsWith,http://smpdb.ca/pathways/#CompoundReference/PW_C044578
http://smpdb.ca/pathways/#CompoundReference/PW_C002089,abstraction:ReactsWith,http://smpdb.ca/pathways/#CompoundReference/PW_C001065
http://smpdb.ca/pathways/#CompoundReference/PW_C000134,abstraction:ReactsWith,http://smpdb.ca/pathways/#CompoundReference/PW_C057938
http://smpdb.ca/pathways/#CompoundReference/PW_C040101,abstraction:ReactsWith,http://smpdb.ca/pathways/#CompoundReference/PW_C001924
http://smpdb.ca/pathways/#CompoundReference/PW_C041203,abstraction:ReactsWith,http://smpdb.ca/pathways/#CompoundReference/PW_C000721
http://smpdb.ca/pathways/#CompoundReference/PW_C040034,abstraction:ReactsWith,http://smpdb.ca/pathways/#CompoundReference/PW_C009594
http://smpdb.ca/pathways/#CompoundReference/PW_C040034,abstraction:ReactsWith,http://smpdb.ca/pathways/#CompoundReference/PW_C000938
http://smpdb.ca/pathways/#CompoundReference/PW_C000050,abstraction:ReactsWith,http://smpdb.ca/pathways/#CompoundReference/PW_C001104
http://smpdb.ca/pathways/#CompoundReference/PW_C001420,abstraction:ReactsWith,http://smpdb.ca/pathways/#CompoundReference/PW_C000916
http://smpdb.ca/pathways/#CompoundReference/PW_C040095,abstraction:ReactsWith,http://smpdb.ca/pathways/#CompoundReference/PW_C000104
http://smpdb.ca/pathways/#CompoundReference/PW_C000885,abstraction:ReactsWith,http://smpdb.ca/pathways/#CompoundReference/PW_C001420
http://smpdb.ca/pathways/#CompoundReference/PW_C044577,abstraction:ReactsWith,http://smpdb.ca/pathways/#CompoundReference/PW_C001065
http://smpdb.ca/pathways/#CompoundReference/PW_C096922,abstraction:ReactsWith,http://smpdb.ca/pathways/#CompoundReference/PW_C044502
http://smpdb.ca/pathways/#CompoundReference/PW_C000886,abstraction:ReactsWith,http://smpdb.ca/pathways/#CompoundReference/PW_C002210
http://smpdb.ca/pathways/#CompoundReference/PW_C000201,abstraction:ReactsWith,http://smpdb.ca/pathways/#GenericCompoundReference/73
http://smpdb.ca/pathways/#CompoundReference/PW_C001783,abstraction:ReactsWith,http://smpdb.ca/pathways/#CompoundReference/PW_C007784
http://smpdb.ca/pathways/#CompoundReference/PW_C002145,abstraction:ReactsWith,http://smpdb.ca/pathways/#CompoundReference/PW_C001039
http://smpdb.ca/pathways/#CompoundReference/PW_C000193,abstraction:ReactsWith,http://smpdb.ca/pathways/#CompoundReference/PW_C000170
http://smpdb.ca/pathways/#CompoundReference/PW_C042902,abstraction:ReactsWith,http://smpdb.ca/pathways/#CompoundReference/PW_C001420
http://smpdb.ca/pathways/#CompoundReference/PW_C040034,abstraction:ReactsWith,http://smpdb.ca/pathways/#CompoundReference/PW_C001724
http://smpdb.ca/pathways/#CompoundReference/PW_C000414,abstraction:ReactsWith,http://smpdb.ca/pathways/#CompoundReference/PW_C007097
http://smpdb.ca/pathways/#CompoundReference/PW_C104669,abstraction:ReactsWith,http://smpdb.ca/pathways/#CompoundReference/PW_C001144
http://smpdb.ca/pathways/#CompoundReference/PW_C001420,abstraction:ReactsWith,http://smpdb.ca/pathways/#CompoundReference/PW_C000041
http://smpdb.ca/pathways/#CompoundReference/PW_C002962,abstraction:ReactsWith,http://smpdb.ca/pathways/#CompoundReference/PW_C001065
http://smpdb.ca/pathways/#CompoundReference/PW_C040034,abstraction:ReactsWith,http://smpdb.ca/pathways/#CompoundReference/PW_C040445
http://smpdb.ca/pathways/#CompoundReference/PW_C000095,abstraction:ReactsWith,http://smpdb.ca/pathways/#GenericCompoundReference/82
http://smpdb.ca/pathways/#CompoundReference/PW_C000095,abstraction:ReactsWith,http://smpdb.ca/pathways/#CompoundReference/PW_C000148
http://smpdb.ca/pathways/#CompoundReference/PW_C001099,abstraction:ReactsWith,http://smpdb.ca/pathways/#CompoundReference/PW_C000134
http://smpdb.ca/pathways/#CompoundReference/PW_C041026,abstraction:ReactsWith,http://smpdb.ca/pathways/#CompoundReference/PW_C001496
http://smpdb.ca/pathways/#CompoundReference/PW_C001420,abstraction:ReactsWith,http://smpdb.ca/pathways/#CompoundReference/PW_C000177
http://smpdb.ca/pathways/#CompoundReference/PW_C000143,abstraction:ReactsWith,http://smpdb.ca/pathways/#CompoundReference/PW_C043030
http://smpdb.ca/pathways/#CompoundReference/PW_C104653,abstraction:ReactsWith,http://smpdb.ca/pathways/#CompoundReference/PW_C001065
http://smpdb.ca/pathways/#GenericCompoundReference/237,abstraction:ReactsWith,http://smpdb.ca/pathways/#CompoundReference/PW_C041446
http://smpdb.ca/pathways/#CompoundReference/PW_C007804,abstraction:ReactsWith,http://smpdb.ca/pathways/#CompoundReference/PW_C000921
http://smpdb.ca/pathways/#CompoundReference/PW_C000826,abstraction:ReactsWith,http://smpdb.ca/pathways/#CompoundReference/PW_C000078
http://smpdb.ca/pathways/#CompoundReference/PW_C000143,abstraction:ReactsWith,http://smpdb.ca/pathways/#CompoundReference/PW_C000204
http://smpdb.ca/pathways/#CompoundReference/PW_C000414,abstraction:ReactsWith,http://smpdb.ca/pathways/#CompoundReference/PW_C000127
http://smpdb.ca/pathways/#CompoundReference/PW_C001065,abstraction:ReactsWith,http://smpdb.ca/pathways/#CompoundReference/PW_C000908
http://smpdb.ca/pathways/#CompoundReference/PW_C002381,abstraction:ReactsWith,http://smpdb.ca/pathways/#CompoundReference/PW_C001065
http://smpdb.ca/pathways/#CompoundReference/PW_C040034,abstraction:ReactsWith,http://smpdb.ca/pathways/#CompoundReference/PW_C000966
http://smpdb.ca/pathways/#CompoundReference/PW_C001420,abstraction:ReactsWith,http://smpdb.ca/pathways/#CompoundReference/PW_C001189
http://smpdb.ca/pathways/#CompoundReference/PW_C000080,abstraction:ReactsWith,http://smpdb.ca/pathways/#CompoundReference/PW_C041158
http://smpdb.ca/pathways/#CompoundReference/PW_C001420,abstraction:ReactsWith,http://smpdb.ca/pathways/#CompoundReference/PW_C001878
http://smpdb.ca/pathways/#CompoundReference/PW_C040034,abstraction:ReactsWith,http://smpdb.ca/pathways/#GenericCompoundReference/299
http://smpdb.ca/pathways/#CompoundReference/PW_C000440,abstraction:ReactsWith,http://smpdb.ca/pathways/#CompoundReference/PW_C001420
http://smpdb.ca/pathways/#CompoundReference/PW_C002995,abstraction:ReactsWith,http://smpdb.ca/pathways/#CompoundReference/PW_C000146
http://smpdb.ca/pathways/#CompoundReference/PW_C000414,abstraction:ReactsWith,http://smpdb.ca/pathways/#CompoundReference/PW_C001150
http://smpdb.ca/pathways/#CompoundReference/PW_C001065,abstraction:ReactsWith,http://smpdb.ca/pathways/#CompoundReference/PW_C040034
http://smpdb.ca/pathways/#CompoundReference/PW_C042941,abstraction:ReactsWith,http://smpdb.ca/pathways/#CompoundReference/PW_C042654
http://smpdb.ca/pathways/#CompoundReference/PW_C057942,abstraction:ReactsWith,http://smpdb.ca/pathways/#CompoundReference/PW_C040034
http://smpdb.ca/pathways/#GenericCompoundReference/53,abstraction:ReactsWith,http://smpdb.ca/pathways/#CompoundReference/PW_C001189
http://smpdb.ca/pathways/#CompoundReference/PW_C040034,abstraction:ReactsWith,http://smpdb.ca/pathways/#CompoundReference/PW_C001104
http://smpdb.ca/pathways/#CompoundReference/PW_C000414,abstraction:ReactsWith,http://smpdb.ca/pathways/#CompoundReference/PW_C040960
http://smpdb.ca/pathways/#CompoundReference/PW_C001420,abstraction:ReactsWith,http://smpdb.ca/pathways/#CompoundReference/PW_C104716
http://smpdb.ca/pathways/#CompoundReference/PW_C000414,abstraction:ReactsWith,http://smpdb.ca/pathways/#CompoundReference/PW_C000955
http://smpdb.ca/pathways/#CompoundReference/PW_C000721,abstraction:ReactsWith,http://smpdb.ca/pathways/#CompoundReference/PW_C000198
http://smpdb.ca/pathways/#CompoundReference/PW_C000078,abstraction:ReactsWith,http://smpdb.ca/pathways/#CompoundReference/PW_C000808
http://smpdb.ca/pathways/#CompoundReference/PW_C000463,abstraction:ReactsWith,http://smpdb.ca/pathways/#CompoundReference/PW_C000414
http://smpdb.ca/pathways/#CompoundReference/PW_C000774,abstraction:ReactsWith,http://smpdb.ca/pathways/#CompoundReference/PW_C001034
http://smpdb.ca/pathways/#CompoundReference/PW_C000161,abstraction:ReactsWith,http://smpdb.ca/pathways/#CompoundReference/PW_C000414
http://smpdb.ca/pathways/#CompoundReference/PW_C001065,abstraction:ReactsWith,http://smpdb.ca/pathways/#CompoundReference/PW_C000142
http://smpdb.ca/pathways/#CompoundReference/PW_C001233,abstraction:ReactsWith,http://smpdb.ca/pathways/#CompoundReference/PW_C000746
http://smpdb.ca/pathways/#CompoundReference/PW_C012682,abstraction:ReactsWith,http://smpdb.ca/pathways/#CompoundReference/PW_C040034
http://smpdb.ca/pathways/#CompoundReference/PW_C000143,abstraction:ReactsWith,http://smpdb.ca/pathways/#CompoundReference/PW_C001065
http://smpdb.ca/pathways/#CompoundReference/PW_C001144,abstraction:ReactsWith,http://smpdb.ca/pathways/#CompoundReference/PW_C003011
http://smpdb.ca/pathways/#CompoundReference/PW_C000917,abstraction:ReactsWith,http://smpdb.ca/pathways/#CompoundReference/PW_C000143
http://smpdb.ca/pathways/#CompoundReference/PW_C000414,abstraction:ReactsWith,http://smpdb.ca/pathways/#CompoundReference/PW_C000767
http://smpdb.ca/pathways/#CompoundReference/PW_C001144,abstraction:ReactsWith,http://smpdb.ca/pathways/#CompoundReference/PW_C009457
http://smpdb.ca/pathways/#CompoundReference/PW_C000828,abstraction:ReactsWith,http://smpdb.ca/pathways/#CompoundReference/PW_C000143
http://smpdb.ca/pathways/#CompoundReference/PW_C000078,abstraction:ReactsWith,http://smpdb.ca/pathways/#CompoundReference/PW_C000784
http://smpdb.ca/pathways/#CompoundReference/PW_C040034,abstraction:ReactsWith,http://smpdb.ca/pathways/#CompoundReference/PW_C001144
http://smpdb.ca/pathways/#CompoundReference/PW_C000861,abstraction:ReactsWith,http://smpdb.ca/pathways/#CompoundReference/PW_C000206
http://smpdb.ca/pathways/#CompoundReference/PW_C001060,abstraction:ReactsWith,http://smpdb.ca/pathways/#CompoundReference/PW_C000164
http://smpdb.ca/pathways/#CompoundReference/PW_C001105,abstraction:ReactsWith,http://smpdb.ca/pathways/#CompoundReference/PW_C040034
http://smpdb.ca/pathways/#CompoundReference/PW_C001431,abstraction:ReactsWith,http://smpdb.ca/pathways/#CompoundReference/PW_C000721
http://smpdb.ca/pathways/#CompoundReference/PW_C001034,abstraction:ReactsWith,http://smpdb.ca/pathways/#CompoundReference/PW_C000983
http://smpdb.ca/pathways/#CompoundReference/PW_C001420,abstraction:ReactsWith,http://smpdb.ca/pathways/#CompoundReference/PW_C040859
http://smpdb.ca/pathways/#CompoundReference/PW_C001856,abstraction:ReactsWith,http://smpdb.ca/pathways/#CompoundReference/PW_C000095
http://smpdb.ca/pathways/#CompoundReference/PW_C002564,abstraction:ReactsWith,http://smpdb.ca/pathways/#CompoundReference/PW_C000921
http://smpdb.ca/pathways/#CompoundReference/PW_C000828,abstraction:ReactsWith,http://smpdb.ca/pathways/#CompoundReference/PW_C000414
http://smpdb.ca/pathways/#CompoundReference/PW_C000137,abstraction:ReactsWith,http://smpdb.ca/pathways/#CompoundReference/PW_C001065
http://smpdb.ca/pathways/#CompoundReference/PW_C041683,abstraction:ReactsWith,http://smpdb.ca/pathways/#CompoundReference/PW_C000092
http://smpdb.ca/pathways/#CompoundReference/PW_C007728,abstraction:ReactsWith,http://smpdb.ca/pathways/#CompoundReference/PW_C001065
http://smpdb.ca/pathways/#CompoundReference/PW_C040065,abstraction:ReactsWith,http://smpdb.ca/pathways/#CompoundReference/PW_C040034
http://smpdb.ca/pathways/#CompoundReference/PW_C000004,abstraction:ReactsWith,http://smpdb.ca/pathways/#CompoundReference/PW_C000721
http://smpdb.ca/pathways/#CompoundReference/PW_C018131,abstraction:ReactsWith,http://smpdb.ca/pathways/#CompoundReference/PW_C000146
http://smpdb.ca/pathways/#CompoundReference/PW_C000146,abstraction:ReactsWith,http://smpdb.ca/pathways/#CompoundReference/PW_C041604
http://smpdb.ca/pathways/#CompoundReference/PW_C042596,abstraction:ReactsWith,http://smpdb.ca/pathways/#CompoundReference/PW_C001099
http://smpdb.ca/pathways/#CompoundReference/PW_C001935,abstraction:ReactsWith,http://smpdb.ca/pathways/#CompoundReference/PW_C001420
http://smpdb.ca/pathways/#CompoundReference/PW_C001049,abstraction:ReactsWith,http://smpdb.ca/pathways/#CompoundReference/PW_C000134
http://smpdb.ca/pathways/#CompoundReference/PW_C000414,abstraction:ReactsWith,http://smpdb.ca/pathways/#CompoundReference/PW_C041563
http://smpdb.ca/pathways/#CompoundReference/PW_C000721,abstraction:ReactsWith,http://smpdb.ca/pathways/#CompoundReference/PW_C000193
http://smpdb.ca/pathways/#CompoundReference/PW_C001420,abstraction:ReactsWith,http://smpdb.ca/pathways/#CompoundReference/PW_C040976
http://smpdb.ca/pathways/#CompoundReference/PW_C040034,abstraction:ReactsWith,http://smpdb.ca/pathways/#CompoundReference/PW_C042624
http://smpdb.ca/pathways/#CompoundReference/PW_C002057,abstraction:ReactsWith,http://smpdb.ca/pathways/#CompoundReference/PW_C001420
http://smpdb.ca/pathways/#CompoundReference/PW_C040943,abstraction:ReactsWith,http://smpdb.ca/pathways/#CompoundReference/PW_C000414
http://smpdb.ca/pathways/#CompoundReference/PW_C001153,abstraction:ReactsWith,http://smpdb.ca/pathways/#CompoundReference/PW_C000721
http://smpdb.ca/pathways/#CompoundReference/PW_C044582,abstraction:ReactsWith,http://smpdb.ca/pathways/#CompoundReference/PW_C001065
http://smpdb.ca/pathways/#CompoundReference/PW_C001207,abstraction:ReactsWith,http://smpdb.ca/pathways/#CompoundReference/PW_C040034
http://smpdb.ca/pathways/#CompoundReference/PW_C096922,abstraction:ReactsWith,http://smpdb.ca/pathways/#CompoundReference/PW_C000921
http://smpdb.ca/pathways/#CompoundReference/PW_C040034,abstraction:ReactsWith,http://smpdb.ca/pathways/#CompoundReference/PW_C002796
http://smpdb.ca/pathways/#CompoundReference/PW_C000463,abstraction:ReactsWith,http://smpdb.ca/pathways/#CompoundReference/PW_C001420
http://smpdb.ca/pathways/#CompoundReference/PW_C040034,abstraction:ReactsWith,http://smpdb.ca/pathways/#CompoundReference/PW_C012810
http://smpdb.ca/pathways/#CompoundReference/PW_C001065,abstraction:ReactsWith,http://smpdb.ca/pathways/#CompoundReference/PW_C104811
http://smpdb.ca/pathways/#CompoundReference/PW_C040034,abstraction:ReactsWith,http://smpdb.ca/pathways/#CompoundReference/PW_C044548
http://smpdb.ca/pathways/#CompoundReference/PW_C000057,abstraction:ReactsWith,http://smpdb.ca/pathways/#CompoundReference/PW_C001034
http://smpdb.ca/pathways/#CompoundReference/PW_C000206,abstraction:ReactsWith,http://smpdb.ca/pathways/#CompoundReference/PW_C001207
http://smpdb.ca/pathways/#CompoundReference/PW_C000448,abstraction:ReactsWith,http://smpdb.ca/pathways/#CompoundReference/PW_C000057
http://smpdb.ca/pathways/#GenericCompoundReference/534,abstraction:ReactsWith,http://smpdb.ca/pathways/#GenericCompoundReference/40
http://smpdb.ca/pathways/#CompoundReference/PW_C007838,abstraction:ReactsWith,http://smpdb.ca/pathways/#CompoundReference/PW_C007769
http://smpdb.ca/pathways/#CompoundReference/PW_C000721,abstraction:ReactsWith,http://smpdb.ca/pathways/#CompoundReference/PW_C000081
http://smpdb.ca/pathways/#CompoundReference/PW_C040747,abstraction:ReactsWith,http://smpdb.ca/pathways/#GenericCompoundReference/227
http://smpdb.ca/pathways/#CompoundReference/PW_C040034,abstraction:ReactsWith,http://smpdb.ca/pathways/#GenericCompoundReference/84
http://smpdb.ca/pathways/#CompoundReference/PW_C041026,abstraction:ReactsWith,http://smpdb.ca/pathways/#CompoundReference/PW_C000414
http://smpdb.ca/pathways/#CompoundReference/PW_C001065,abstraction:ReactsWith,http://smpdb.ca/pathways/#CompoundReference/PW_C001257
http://smpdb.ca/pathways/#CompoundReference/PW_C002993,abstraction:ReactsWith,http://smpdb.ca/pathways/#GenericCompoundReference/41
http://smpdb.ca/pathways/#CompoundReference/PW_C000914,abstraction:ReactsWith,http://smpdb.ca/pathways/#CompoundReference/PW_C000837
http://smpdb.ca/pathways/#CompoundReference/PW_C008696,abstraction:ReactsWith,http://smpdb.ca/pathways/#CompoundReference/PW_C001144
http://smpdb.ca/pathways/#CompoundReference/PW_C000721,abstraction:ReactsWith,http://smpdb.ca/pathways/#CompoundReference/PW_C002937
http://smpdb.ca/pathways/#CompoundReference/PW_C001420,abstraction:ReactsWith,http://smpdb.ca/pathways/#CompoundReference/PW_C001003
http://smpdb.ca/pathways/#CompoundReference/PW_C000414,abstraction:ReactsWith,http://smpdb.ca/pathways/#CompoundReference/PW_C002662
http://smpdb.ca/pathways/#CompoundReference/PW_C007683,abstraction:ReactsWith,http://smpdb.ca/pathways/#CompoundReference/PW_C044607
http://smpdb.ca/pathways/#CompoundReference/PW_C000170,abstraction:ReactsWith,http://smpdb.ca/pathways/#CompoundReference/PW_C001142
http://smpdb.ca/pathways/#GenericCompoundReference/377,abstraction:ReactsWith,http://smpdb.ca/pathways/#CompoundReference/PW_C040034
http://smpdb.ca/pathways/#CompoundReference/PW_C007724,abstraction:ReactsWith,http://smpdb.ca/pathways/#CompoundReference/PW_C001065
http://smpdb.ca/pathways/#CompoundReference/PW_C000081,abstraction:ReactsWith,http://smpdb.ca/pathways/#GenericCompoundReference/231
http://smpdb.ca/pathways/#CompoundReference/PW_C007722,abstraction:ReactsWith,http://smpdb.ca/pathways/#CompoundReference/PW_C001065
http://smpdb.ca/pathways/#GenericCompoundReference/73,abstraction:ReactsWith,http://smpdb.ca/pathways/#CompoundReference/PW_C001189
http://smpdb.ca/pathways/#CompoundReference/PW_C002749,abstraction:ReactsWith,http://smpdb.ca/pathways/#CompoundReference/PW_C000146
http://smpdb.ca/pathways/#CompoundReference/PW_C045257,abstraction:ReactsWith,http://smpdb.ca/pathways/#CompoundReference/PW_C001065
http://smpdb.ca/pathways/#GenericCompoundReference/105,abstraction:ReactsWith,http://smpdb.ca/pathways/#CompoundReference/PW_C007743
http://smpdb.ca/pathways/#CompoundReference/PW_C001051,abstraction:ReactsWith,http://smpdb.ca/pathways/#CompoundReference/PW_C000146
http://smpdb.ca/pathways/#CompoundReference/PW_C001178,abstraction:ReactsWith,http://smpdb.ca/pathways/#CompoundReference/PW_C001087
http://smpdb.ca/pathways/#CompoundReference/PW_C000075,abstraction:ReactsWith,http://smpdb.ca/pathways/#CompoundReference/PW_C000071
http://smpdb.ca/pathways/#CompoundReference/PW_C000448,abstraction:ReactsWith,http://smpdb.ca/pathways/#CompoundReference/PW_C000134
http://smpdb.ca/pathways/#CompoundReference/PW_C001065,abstraction:ReactsWith,http://smpdb.ca/pathways/#CompoundReference/PW_C040751
http://smpdb.ca/pathways/#GenericCompoundReference/85,abstraction:ReactsWith,http://smpdb.ca/pathways/#GenericCompoundReference/84
http://smpdb.ca/pathways/#GenericCompoundReference/40,abstraction:ReactsWith,http://smpdb.ca/pathways/#CompoundReference/PW_C001216
http://smpdb.ca/pathways/#CompoundReference/PW_C009057,abstraction:ReactsWith,http://smpdb.ca/pathways/#CompoundReference/PW_C000095
http://smpdb.ca/pathways/#CompoundReference/PW_C041674,abstraction:ReactsWith,http://smpdb.ca/pathways/#CompoundReference/PW_C001769
http://smpdb.ca/pathways/#CompoundReference/PW_C040034,abstraction:ReactsWith,http://smpdb.ca/pathways/#CompoundReference/PW_C043298
http://smpdb.ca/pathways/#CompoundReference/PW_C000741,abstraction:ReactsWith,http://smpdb.ca/pathways/#CompoundReference/PW_C000414
http://smpdb.ca/pathways/#CompoundReference/PW_C001099,abstraction:ReactsWith,http://smpdb.ca/pathways/#CompoundReference/PW_C104733
http://smpdb.ca/pathways/#CompoundReference/PW_C001065,abstraction:ReactsWith,http://smpdb.ca/pathways/#CompoundReference/PW_C000437
http://smpdb.ca/pathways/#CompoundReference/PW_C001420,abstraction:ReactsWith,http://smpdb.ca/pathways/#CompoundReference/PW_C040057
http://smpdb.ca/pathways/#CompoundReference/PW_C000156,abstraction:ReactsWith,http://smpdb.ca/pathways/#CompoundReference/PW_C000190
http://smpdb.ca/pathways/#CompoundReference/PW_C001099,abstraction:ReactsWith,http://smpdb.ca/pathways/#CompoundReference/PW_C001795
http://smpdb.ca/pathways/#CompoundReference/PW_C000093,abstraction:ReactsWith,http://smpdb.ca/pathways/#CompoundReference/PW_C001851
http://smpdb.ca/pathways/#CompoundReference/PW_C001932,abstraction:ReactsWith,http://smpdb.ca/pathways/#CompoundReference/PW_C000921
http://smpdb.ca/pathways/#GenericCompoundReference/40,abstraction:ReactsWith,http://smpdb.ca/pathways/#CompoundReference/PW_C000273
http://smpdb.ca/pathways/#CompoundReference/PW_C001420,abstraction:ReactsWith,http://smpdb.ca/pathways/#CompoundReference/PW_C001106
http://smpdb.ca/pathways/#CompoundReference/PW_C042580,abstraction:ReactsWith,http://smpdb.ca/pathways/#CompoundReference/PW_C001420
http://smpdb.ca/pathways/#CompoundReference/PW_C104618,abstraction:ReactsWith,http://smpdb.ca/pathways/#CompoundReference/PW_C000125
http://smpdb.ca/pathways/#CompoundReference/PW_C001034,abstraction:ReactsWith,http://smpdb.ca/pathways/#CompoundReference/PW_C000180
http://smpdb.ca/pathways/#CompoundReference/PW_C001420,abstraction:ReactsWith,http://smpdb.ca/pathways/#CompoundReference/PW_C002643
http://smpdb.ca/pathways/#CompoundReference/PW_C042596,abstraction:ReactsWith,http://smpdb.ca/pathways/#CompoundReference/PW_C000721
http://smpdb.ca/pathways/#CompoundReference/PW_C001316,abstraction:ReactsWith,http://smpdb.ca/pathways/#CompoundReference/PW_C040034
http://smpdb.ca/pathways/#CompoundReference/PW_C000172,abstraction:ReactsWith,http://smpdb.ca/pathways/#CompoundReference/PW_C000414
http://smpdb.ca/pathways/#CompoundReference/PW_C006716,abstraction:ReactsWith,http://smpdb.ca/pathways/#CompoundReference/PW_C000886
http://smpdb.ca/pathways/#CompoundReference/PW_C001420,abstraction:ReactsWith,http://smpdb.ca/pathways/#GenericCompoundReference/157
http://smpdb.ca/pathways/#CompoundReference/PW_C040566,abstraction:ReactsWith,http://smpdb.ca/pathways/#CompoundReference/PW_C001065
http://smpdb.ca/pathways/#CompoundReference/PW_C000005,abstraction:ReactsWith,http://smpdb.ca/pathways/#CompoundReference/PW_C000746
http://smpdb.ca/pathways/#CompoundReference/PW_C000073,abstraction:ReactsWith,http://smpdb.ca/pathways/#GenericCompoundReference/161
http://smpdb.ca/pathways/#GenericCompoundReference/309,abstraction:ReactsWith,http://smpdb.ca/pathways/#CompoundReference/PW_C001420
http://smpdb.ca/pathways/#CompoundReference/PW_C002009,abstraction:ReactsWith,http://smpdb.ca/pathways/#CompoundReference/PW_C000081
http://smpdb.ca/pathways/#CompoundReference/PW_C000146,abstraction:ReactsWith,http://smpdb.ca/pathways/#CompoundReference/PW_C001249
http://smpdb.ca/pathways/#GenericCompoundReference/40,abstraction:ReactsWith,http://smpdb.ca/pathways/#CompoundReference/PW_C001065
http://smpdb.ca/pathways/#CompoundReference/PW_C102459,abstraction:ReactsWith,http://smpdb.ca/pathways/#CompoundReference/PW_C001420
http://smpdb.ca/pathways/#CompoundReference/PW_C040744,abstraction:ReactsWith,http://smpdb.ca/pathways/#CompoundReference/PW_C001099
http://smpdb.ca/pathways/#CompoundReference/PW_C059085,abstraction:ReactsWith,http://smpdb.ca/pathways/#CompoundReference/PW_C001065
http://smpdb.ca/pathways/#CompoundReference/PW_C001065,abstraction:ReactsWith,http://smpdb.ca/pathways/#CompoundReference/PW_C001878
http://smpdb.ca/pathways/#GenericCompoundReference/69,abstraction:ReactsWith,http://smpdb.ca/pathways/#CompoundReference/PW_C001171
http://smpdb.ca/pathways/#CompoundReference/PW_C057902,abstraction:ReactsWith,http://smpdb.ca/pathways/#CompoundReference/PW_C001420
http://smpdb.ca/pathways/#CompoundReference/PW_C001134,abstraction:ReactsWith,http://smpdb.ca/pathways/#CompoundReference/PW_C000869
http://smpdb.ca/pathways/#CompoundReference/PW_C040034,abstraction:ReactsWith,http://smpdb.ca/pathways/#GenericCompoundReference/227
http://smpdb.ca/pathways/#CompoundReference/PW_C040034,abstraction:ReactsWith,http://smpdb.ca/pathways/#CompoundReference/PW_C018131
http://smpdb.ca/pathways/#CompoundReference/PW_C001420,abstraction:ReactsWith,http://smpdb.ca/pathways/#CompoundReference/PW_C000941
http://smpdb.ca/pathways/#CompoundReference/PW_C001065,abstraction:ReactsWith,http://smpdb.ca/pathways/#CompoundReference/PW_C001750
http://smpdb.ca/pathways/#CompoundReference/PW_C040970,abstraction:ReactsWith,http://smpdb.ca/pathways/#CompoundReference/PW_C001420
http://smpdb.ca/pathways/#CompoundReference/PW_C040034,abstraction:ReactsWith,http://smpdb.ca/pathways/#CompoundReference/PW_C041004
http://smpdb.ca/pathways/#CompoundReference/PW_C000143,abstraction:ReactsWith,http://smpdb.ca/pathways/#CompoundReference/PW_C002911
http://smpdb.ca/pathways/#CompoundReference/PW_C000921,abstraction:ReactsWith,http://smpdb.ca/pathways/#CompoundReference/PW_C007209
http://smpdb.ca/pathways/#CompoundReference/PW_C000886,abstraction:ReactsWith,http://smpdb.ca/pathways/#CompoundReference/PW_C000489
http://smpdb.ca/pathways/#CompoundReference/PW_C001081,abstraction:ReactsWith,http://smpdb.ca/pathways/#CompoundReference/PW_C000142
http://smpdb.ca/pathways/#CompoundReference/PW_C000500,abstraction:ReactsWith,http://smpdb.ca/pathways/#CompoundReference/PW_C007818
http://smpdb.ca/pathways/#CompoundReference/PW_C000746,abstraction:ReactsWith,http://smpdb.ca/pathways/#CompoundReference/PW_C000098
http://smpdb.ca/pathways/#CompoundReference/PW_C040642,abstraction:ReactsWith,http://smpdb.ca/pathways/#CompoundReference/PW_C040644
http://smpdb.ca/pathways/#CompoundReference/PW_C001420,abstraction:ReactsWith,http://smpdb.ca/pathways/#CompoundReference/PW_C001856
http://smpdb.ca/pathways/#CompoundReference/PW_C000414,abstraction:ReactsWith,http://smpdb.ca/pathways/#CompoundReference/PW_C001167
http://smpdb.ca/pathways/#CompoundReference/PW_C000911,abstraction:ReactsWith,http://smpdb.ca/pathways/#CompoundReference/PW_C057952
http://smpdb.ca/pathways/#CompoundReference/PW_C001420,abstraction:ReactsWith,http://smpdb.ca/pathways/#CompoundReference/PW_C000940
http://smpdb.ca/pathways/#CompoundReference/PW_C007817,abstraction:ReactsWith,http://smpdb.ca/pathways/#CompoundReference/PW_C001420
http://smpdb.ca/pathways/#CompoundReference/PW_C000081,abstraction:ReactsWith,http://smpdb.ca/pathways/#CompoundReference/PW_C001860
http://smpdb.ca/pathways/#CompoundReference/PW_C000162,abstraction:ReactsWith,http://smpdb.ca/pathways/#CompoundReference/PW_C001065
http://smpdb.ca/pathways/#CompoundReference/PW_C000002,abstraction:ReactsWith,http://smpdb.ca/pathways/#CompoundReference/PW_C001420
http://smpdb.ca/pathways/#CompoundReference/PW_C000095,abstraction:ReactsWith,http://smpdb.ca/pathways/#GenericCompoundReference/83
http://smpdb.ca/pathways/#CompoundReference/PW_C001420,abstraction:ReactsWith,http://smpdb.ca/pathways/#CompoundReference/PW_C002313
http://smpdb.ca/pathways/#CompoundReference/PW_C007816,abstraction:ReactsWith,http://smpdb.ca/pathways/#CompoundReference/PW_C001420
http://smpdb.ca/pathways/#CompoundReference/PW_C040034,abstraction:ReactsWith,http://smpdb.ca/pathways/#CompoundReference/PW_C002970
http://smpdb.ca/pathways/#CompoundReference/PW_C000139,abstraction:ReactsWith,http://smpdb.ca/pathways/#CompoundReference/PW_C001420
http://smpdb.ca/pathways/#CompoundReference/PW_C001724,abstraction:ReactsWith,http://smpdb.ca/pathways/#CompoundReference/PW_C040034
http://smpdb.ca/pathways/#CompoundReference/PW_C041228,abstraction:ReactsWith,http://smpdb.ca/pathways/#CompoundReference/PW_C000544
http://smpdb.ca/pathways/#CompoundReference/PW_C001065,abstraction:ReactsWith,http://smpdb.ca/pathways/#CompoundReference/PW_C044577
http://smpdb.ca/pathways/#CompoundReference/PW_C040969,abstraction:ReactsWith,http://smpdb.ca/pathways/#CompoundReference/PW_C044507
http://smpdb.ca/pathways/#CompoundReference/PW_C001221,abstraction:ReactsWith,http://smpdb.ca/pathways/#CompoundReference/PW_C008526
http://smpdb.ca/pathways/#CompoundReference/PW_C041140,abstraction:ReactsWith,http://smpdb.ca/pathways/#CompoundReference/PW_C040034
http://smpdb.ca/pathways/#CompoundReference/PW_C003149,abstraction:ReactsWith,http://smpdb.ca/pathways/#CompoundReference/PW_C043034
http://smpdb.ca/pathways/#CompoundReference/PW_C040083,abstraction:ReactsWith,http://smpdb.ca/pathways/#CompoundReference/PW_C040034
http://smpdb.ca/pathways/#CompoundReference/PW_C000627,abstraction:ReactsWith,http://smpdb.ca/pathways/#CompoundReference/PW_C001065
http://smpdb.ca/pathways/#CompoundReference/PW_C001420,abstraction:ReactsWith,http://smpdb.ca/pathways/#CompoundReference/PW_C009594
http://smpdb.ca/pathways/#CompoundReference/PW_C000148,abstraction:ReactsWith,http://smpdb.ca/pathways/#CompoundReference/PW_C001051
http://smpdb.ca/pathways/#CompoundReference/PW_C001034,abstraction:ReactsWith,http://smpdb.ca/pathways/#CompoundReference/PW_C000911
http://smpdb.ca/pathways/#CompoundReference/PW_C000830,abstraction:ReactsWith,http://smpdb.ca/pathways/#CompoundReference/PW_C007686
http://smpdb.ca/pathways/#CompoundReference/PW_C040034,abstraction:ReactsWith,http://smpdb.ca/pathways/#CompoundReference/PW_C001783
http://smpdb.ca/pathways/#CompoundReference/PW_C000497,abstraction:ReactsWith,http://smpdb.ca/pathways/#CompoundReference/PW_C001099
http://smpdb.ca/pathways/#CompoundReference/PW_C000721,abstraction:ReactsWith,http://smpdb.ca/pathways/#CompoundReference/PW_C000125
http://smpdb.ca/pathways/#CompoundReference/PW_C044576,abstraction:ReactsWith,http://smpdb.ca/pathways/#CompoundReference/PW_C000146
http://smpdb.ca/pathways/#CompoundReference/PW_C001189,abstraction:ReactsWith,http://smpdb.ca/pathways/#GenericCompoundReference/73
http://smpdb.ca/pathways/#CompoundReference/PW_C104725,abstraction:ReactsWith,http://smpdb.ca/pathways/#CompoundReference/PW_C001065
http://smpdb.ca/pathways/#CompoundReference/PW_C007794,abstraction:ReactsWith,http://smpdb.ca/pathways/#CompoundReference/PW_C001104
http://smpdb.ca/pathways/#CompoundReference/PW_C000986,abstraction:ReactsWith,http://smpdb.ca/pathways/#CompoundReference/PW_C042624
http://smpdb.ca/pathways/#CompoundReference/PW_C000092,abstraction:ReactsWith,http://smpdb.ca/pathways/#CompoundReference/PW_C041683
http://smpdb.ca/pathways/#CompoundReference/PW_C017783,abstraction:ReactsWith,http://smpdb.ca/pathways/#CompoundReference/PW_C000134
http://smpdb.ca/pathways/#CompoundReference/PW_C000146,abstraction:ReactsWith,http://smpdb.ca/pathways/#CompoundReference/PW_C044579
http://smpdb.ca/pathways/#CompoundReference/PW_C017616,abstraction:ReactsWith,http://smpdb.ca/pathways/#CompoundReference/PW_C000146
http://smpdb.ca/pathways/#CompoundReference/PW_C000209,abstraction:ReactsWith,http://smpdb.ca/pathways/#GenericCompoundReference/40
http://smpdb.ca/pathways/#CompoundReference/PW_C001441,abstraction:ReactsWith,http://smpdb.ca/pathways/#CompoundReference/PW_C000869
http://smpdb.ca/pathways/#CompoundReference/PW_C001500,abstraction:ReactsWith,http://smpdb.ca/pathways/#CompoundReference/PW_C001420
http://smpdb.ca/pathways/#CompoundReference/PW_C040505,abstraction:ReactsWith,http://smpdb.ca/pathways/#CompoundReference/PW_C000500
http://smpdb.ca/pathways/#CompoundReference/PW_C001104,abstraction:ReactsWith,http://smpdb.ca/pathways/#CompoundReference/PW_C001086
http://smpdb.ca/pathways/#CompoundReference/PW_C000414,abstraction:ReactsWith,http://smpdb.ca/pathways/#CompoundReference/PW_C040765
http://smpdb.ca/pathways/#CompoundReference/PW_C001039,abstraction:ReactsWith,http://smpdb.ca/pathways/#CompoundReference/PW_C001034
http://smpdb.ca/pathways/#CompoundReference/PW_C001887,abstraction:ReactsWith,http://smpdb.ca/pathways/#CompoundReference/PW_C002941
http://smpdb.ca/pathways/#CompoundReference/PW_C000869,abstraction:ReactsWith,http://smpdb.ca/pathways/#CompoundReference/PW_C001441
http://smpdb.ca/pathways/#CompoundReference/PW_C041100,abstraction:ReactsWith,http://smpdb.ca/pathways/#CompoundReference/PW_C059085
http://smpdb.ca/pathways/#CompoundReference/PW_C001144,abstraction:ReactsWith,http://smpdb.ca/pathways/#CompoundReference/PW_C012438
http://smpdb.ca/pathways/#CompoundReference/PW_C002364,abstraction:ReactsWith,http://smpdb.ca/pathways/#CompoundReference/PW_C001144
http://smpdb.ca/pathways/#CompoundReference/PW_C057912,abstraction:ReactsWith,http://smpdb.ca/pathways/#CompoundReference/PW_C000146
http://smpdb.ca/pathways/#CompoundReference/PW_C000414,abstraction:ReactsWith,http://smpdb.ca/pathways/#CompoundReference/PW_C009230
http://smpdb.ca/pathways/#CompoundReference/PW_C002145,abstraction:ReactsWith,http://smpdb.ca/pathways/#CompoundReference/PW_C040034
http://smpdb.ca/pathways/#CompoundReference/PW_C000078,abstraction:ReactsWith,http://smpdb.ca/pathways/#CompoundReference/PW_C000921
http://smpdb.ca/pathways/#CompoundReference/PW_C000721,abstraction:ReactsWith,http://smpdb.ca/pathways/#CompoundReference/PW_C006753
http://smpdb.ca/pathways/#CompoundReference/PW_C001104,abstraction:ReactsWith,http://smpdb.ca/pathways/#CompoundReference/PW_C040083
http://smpdb.ca/pathways/#CompoundReference/PW_C040034,abstraction:ReactsWith,http://smpdb.ca/pathways/#CompoundReference/PW_C000964
http://smpdb.ca/pathways/#CompoundReference/PW_C001680,abstraction:ReactsWith,http://smpdb.ca/pathways/#CompoundReference/PW_C040034
http://smpdb.ca/pathways/#CompoundReference/PW_C000107,abstraction:ReactsWith,http://smpdb.ca/pathways/#CompoundReference/PW_C000414
http://smpdb.ca/pathways/#CompoundReference/PW_C000721,abstraction:ReactsWith,http://smpdb.ca/pathways/#CompoundReference/PW_C001500
http://smpdb.ca/pathways/#CompoundReference/PW_C000031,abstraction:ReactsWith,http://smpdb.ca/pathways/#CompoundReference/PW_C001783
http://smpdb.ca/pathways/#CompoundReference/PW_C000170,abstraction:ReactsWith,http://smpdb.ca/pathways/#CompoundReference/PW_C002987
http://smpdb.ca/pathways/#CompoundReference/PW_C001420,abstraction:ReactsWith,http://smpdb.ca/pathways/#CompoundReference/PW_C057889
http://smpdb.ca/pathways/#CompoundReference/PW_C096925,abstraction:ReactsWith,http://smpdb.ca/pathways/#CompoundReference/PW_C001065
http://smpdb.ca/pathways/#CompoundReference/PW_C000414,abstraction:ReactsWith,http://smpdb.ca/pathways/#GenericCompoundReference/97
http://smpdb.ca/pathways/#CompoundReference/PW_C001144,abstraction:ReactsWith,http://smpdb.ca/pathways/#CompoundReference/PW_C000090
http://smpdb.ca/pathways/#CompoundReference/PW_C001420,abstraction:ReactsWith,http://smpdb.ca/pathways/#CompoundReference/PW_C040768
http://smpdb.ca/pathways/#CompoundReference/PW_C001150,abstraction:ReactsWith,http://smpdb.ca/pathways/#CompoundReference/PW_C000463
http://smpdb.ca/pathways/#GenericCompoundReference/148,abstraction:ReactsWith,http://smpdb.ca/pathways/#CompoundReference/PW_C001420
http://smpdb.ca/pathways/#CompoundReference/PW_C001029,abstraction:ReactsWith,http://smpdb.ca/pathways/#CompoundReference/PW_C001081
http://smpdb.ca/pathways/#CompoundReference/PW_C000414,abstraction:ReactsWith,http://smpdb.ca/pathways/#CompoundReference/PW_C040941
http://smpdb.ca/pathways/#CompoundReference/PW_C000136,abstraction:ReactsWith,http://smpdb.ca/pathways/#CompoundReference/PW_C000414
http://smpdb.ca/pathways/#CompoundReference/PW_C001851,abstraction:ReactsWith,http://smpdb.ca/pathways/#CompoundReference/PW_C000517
http://smpdb.ca/pathways/#CompoundReference/PW_C000414,abstraction:ReactsWith,http://smpdb.ca/pathways/#CompoundReference/PW_C000639
http://smpdb.ca/pathways/#CompoundReference/PW_C000905,abstraction:ReactsWith,http://smpdb.ca/pathways/#CompoundReference/PW_C000146
http://smpdb.ca/pathways/#CompoundReference/PW_C040034,abstraction:ReactsWith,http://smpdb.ca/pathways/#CompoundReference/PW_C000003
http://smpdb.ca/pathways/#CompoundReference/PW_C000886,abstraction:ReactsWith,http://smpdb.ca/pathways/#CompoundReference/PW_C002212
http://smpdb.ca/pathways/#CompoundReference/PW_C001065,abstraction:ReactsWith,http://smpdb.ca/pathways/#CompoundReference/PW_C044573
http://smpdb.ca/pathways/#CompoundReference/PW_C040034,abstraction:ReactsWith,http://smpdb.ca/pathways/#CompoundReference/PW_C001207
http://smpdb.ca/pathways/#CompoundReference/PW_C001167,abstraction:ReactsWith,http://smpdb.ca/pathways/#CompoundReference/PW_C000414
http://smpdb.ca/pathways/#CompoundReference/PW_C007846,abstraction:ReactsWith,http://smpdb.ca/pathways/#CompoundReference/PW_C001420
http://smpdb.ca/pathways/#CompoundReference/PW_C041582,abstraction:ReactsWith,http://smpdb.ca/pathways/#CompoundReference/PW_C001420
http://smpdb.ca/pathways/#CompoundReference/PW_C000500,abstraction:ReactsWith,http://smpdb.ca/pathways/#CompoundReference/PW_C000079
http://smpdb.ca/pathways/#CompoundReference/PW_C000940,abstraction:ReactsWith,http://smpdb.ca/pathways/#CompoundReference/PW_C002742
http://smpdb.ca/pathways/#GenericCompoundReference/227,abstraction:ReactsWith,http://smpdb.ca/pathways/#CompoundReference/PW_C001420
http://smpdb.ca/pathways/#CompoundReference/PW_C040034,abstraction:ReactsWith,http://smpdb.ca/pathways/#CompoundReference/PW_C000946
http://smpdb.ca/pathways/#CompoundReference/PW_C000904,abstraction:ReactsWith,http://smpdb.ca/pathways/#CompoundReference/PW_C000721
http://smpdb.ca/pathways/#CompoundReference/PW_C000084,abstraction:ReactsWith,http://smpdb.ca/pathways/#CompoundReference/PW_C040034
http://smpdb.ca/pathways/#CompoundReference/PW_C000414,abstraction:ReactsWith,http://smpdb.ca/pathways/#CompoundReference/PW_C000540
http://smpdb.ca/pathways/#CompoundReference/PW_C096967,abstraction:ReactsWith,http://smpdb.ca/pathways/#CompoundReference/PW_C001099
http://smpdb.ca/pathways/#CompoundReference/PW_C000869,abstraction:ReactsWith,http://smpdb.ca/pathways/#CompoundReference/PW_C002021
http://smpdb.ca/pathways/#CompoundReference/PW_C000721,abstraction:ReactsWith,http://smpdb.ca/pathways/#CompoundReference/PW_C041220
http://smpdb.ca/pathways/#CompoundReference/PW_C001420,abstraction:ReactsWith,http://smpdb.ca/pathways/#CompoundReference/PW_C001785
http://smpdb.ca/pathways/#CompoundReference/PW_C000146,abstraction:ReactsWith,http://smpdb.ca/pathways/#CompoundReference/PW_C001603
http://smpdb.ca/pathways/#CompoundReference/PW_C008954,abstraction:ReactsWith,http://smpdb.ca/pathways/#CompoundReference/PW_C001065
http://smpdb.ca/pathways/#CompoundReference/PW_C042937,abstraction:ReactsWith,http://smpdb.ca/pathways/#CompoundReference/PW_C040034
http://smpdb.ca/pathways/#CompoundReference/PW_C001065,abstraction:ReactsWith,http://smpdb.ca/pathways/#CompoundReference/PW_C001106
http://smpdb.ca/pathways/#CompoundReference/PW_C000746,abstraction:ReactsWith,http://smpdb.ca/pathways/#CompoundReference/PW_C000206
http://smpdb.ca/pathways/#CompoundReference/PW_C001065,abstraction:ReactsWith,http://smpdb.ca/pathways/#CompoundReference/PW_C002920
http://smpdb.ca/pathways/#CompoundReference/PW_C000107,abstraction:ReactsWith,http://smpdb.ca/pathways/#CompoundReference/PW_C001420
http://smpdb.ca/pathways/#CompoundReference/PW_C040066,abstraction:ReactsWith,http://smpdb.ca/pathways/#CompoundReference/PW_C001099
http://smpdb.ca/pathways/#CompoundReference/PW_C002680,abstraction:ReactsWith,http://smpdb.ca/pathways/#CompoundReference/PW_C001420
http://smpdb.ca/pathways/#CompoundReference/PW_C002571,abstraction:ReactsWith,http://smpdb.ca/pathways/#CompoundReference/PW_C007837
http://smpdb.ca/pathways/#CompoundReference/PW_C000414,abstraction:ReactsWith,http://smpdb.ca/pathways/#CompoundReference/PW_C000134
http://smpdb.ca/pathways/#CompoundReference/PW_C000146,abstraction:ReactsWith,http://smpdb.ca/pathways/#CompoundReference/PW_C002775
http://smpdb.ca/pathways/#CompoundReference/PW_C057919,abstraction:ReactsWith,http://smpdb.ca/pathways/#CompoundReference/PW_C001420
http://smpdb.ca/pathways/#CompoundReference/PW_C040034,abstraction:ReactsWith,http://smpdb.ca/pathways/#CompoundReference/PW_C059085
http://smpdb.ca/pathways/#CompoundReference/PW_C000078,abstraction:ReactsWith,http://smpdb.ca/pathways/#CompoundReference/PW_C000882
http://smpdb.ca/pathways/#CompoundReference/PW_C040492,abstraction:ReactsWith,http://smpdb.ca/pathways/#CompoundReference/PW_C000746
http://smpdb.ca/pathways/#CompoundReference/PW_C002641,abstraction:ReactsWith,http://smpdb.ca/pathways/#CompoundReference/PW_C001420
http://smpdb.ca/pathways/#CompoundReference/PW_C001420,abstraction:ReactsWith,http://smpdb.ca/pathways/#CompoundReference/PW_C040953
http://smpdb.ca/pathways/#CompoundReference/PW_C001065,abstraction:ReactsWith,http://smpdb.ca/pathways/#CompoundReference/PW_C002643
http://smpdb.ca/pathways/#CompoundReference/PW_C000921,abstraction:ReactsWith,http://smpdb.ca/pathways/#CompoundReference/PW_C000078
http://smpdb.ca/pathways/#GenericCompoundReference/256,abstraction:ReactsWith,http://smpdb.ca/pathways/#CompoundReference/PW_C000921
http://smpdb.ca/pathways/#CompoundReference/PW_C040034,abstraction:ReactsWith,http://smpdb.ca/pathways/#CompoundReference/PW_C012708
http://smpdb.ca/pathways/#CompoundReference/PW_C000178,abstraction:ReactsWith,http://smpdb.ca/pathways/#CompoundReference/PW_C000921
http://smpdb.ca/pathways/#CompoundReference/PW_C059073,abstraction:ReactsWith,http://smpdb.ca/pathways/#CompoundReference/PW_C001104
http://smpdb.ca/pathways/#CompoundReference/PW_C000678,abstraction:ReactsWith,http://smpdb.ca/pathways/#CompoundReference/PW_C000146
http://smpdb.ca/pathways/#CompoundReference/PW_C001420,abstraction:ReactsWith,http://smpdb.ca/pathways/#CompoundReference/PW_C040690
http://smpdb.ca/pathways/#CompoundReference/PW_C000414,abstraction:ReactsWith,http://smpdb.ca/pathways/#CompoundReference/PW_C000570
http://smpdb.ca/pathways/#CompoundReference/PW_C001420,abstraction:ReactsWith,http://smpdb.ca/pathways/#CompoundReference/PW_C002796
http://smpdb.ca/pathways/#CompoundReference/PW_C000146,abstraction:ReactsWith,http://smpdb.ca/pathways/#CompoundReference/PW_C012734
http://smpdb.ca/pathways/#CompoundReference/PW_C009120,abstraction:ReactsWith,http://smpdb.ca/pathways/#CompoundReference/PW_C040034
http://smpdb.ca/pathways/#CompoundReference/PW_C000192,abstraction:ReactsWith,http://smpdb.ca/pathways/#CompoundReference/PW_C001055
http://smpdb.ca/pathways/#CompoundReference/PW_C001257,abstraction:ReactsWith,http://smpdb.ca/pathways/#CompoundReference/PW_C001144
http://smpdb.ca/pathways/#GenericCompoundReference/330,abstraction:ReactsWith,http://smpdb.ca/pathways/#CompoundReference/PW_C041100
http://smpdb.ca/pathways/#CompoundReference/PW_C002362,abstraction:ReactsWith,http://smpdb.ca/pathways/#CompoundReference/PW_C040034
http://smpdb.ca/pathways/#CompoundReference/PW_C040856,abstraction:ReactsWith,http://smpdb.ca/pathways/#CompoundReference/PW_C040034
http://smpdb.ca/pathways/#CompoundReference/PW_C022608,abstraction:ReactsWith,http://smpdb.ca/pathways/#CompoundReference/PW_C000915
http://smpdb.ca/pathways/#CompoundReference/PW_C043019,abstraction:ReactsWith,http://smpdb.ca/pathways/#CompoundReference/PW_C001565
http://smpdb.ca/pathways/#CompoundReference/PW_C001969,abstraction:ReactsWith,http://smpdb.ca/pathways/#CompoundReference/PW_C001420
http://smpdb.ca/pathways/#CompoundReference/PW_C001104,abstraction:ReactsWith,http://smpdb.ca/pathways/#CompoundReference/PW_C000681
http://smpdb.ca/pathways/#CompoundReference/PW_C001420,abstraction:ReactsWith,http://smpdb.ca/pathways/#CompoundReference/PW_C000822
http://smpdb.ca/pathways/#CompoundReference/PW_C001420,abstraction:ReactsWith,http://smpdb.ca/pathways/#CompoundReference/PW_C002411
http://smpdb.ca/pathways/#CompoundReference/PW_C000500,abstraction:ReactsWith,http://smpdb.ca/pathways/#CompoundReference/PW_C002778
http://smpdb.ca/pathways/#CompoundReference/PW_C040034,abstraction:ReactsWith,http://smpdb.ca/pathways/#CompoundReference/PW_C001134
http://smpdb.ca/pathways/#CompoundReference/PW_C000768,abstraction:ReactsWith,http://smpdb.ca/pathways/#CompoundReference/PW_C001799
http://smpdb.ca/pathways/#CompoundReference/PW_C000414,abstraction:ReactsWith,http://smpdb.ca/pathways/#CompoundReference/PW_C000104
http://smpdb.ca/pathways/#CompoundReference/PW_C000143,abstraction:ReactsWith,http://smpdb.ca/pathways/#CompoundReference/PW_C001190
http://smpdb.ca/pathways/#CompoundReference/PW_C003009,abstraction:ReactsWith,http://smpdb.ca/pathways/#CompoundReference/PW_C000143
http://smpdb.ca/pathways/#CompoundReference/PW_C000991,abstraction:ReactsWith,http://smpdb.ca/pathways/#CompoundReference/PW_C000721
http://smpdb.ca/pathways/#CompoundReference/PW_C057890,abstraction:ReactsWith,http://smpdb.ca/pathways/#CompoundReference/PW_C040034
http://smpdb.ca/pathways/#CompoundReference/PW_C000994,abstraction:ReactsWith,http://smpdb.ca/pathways/#CompoundReference/PW_C000146
http://smpdb.ca/pathways/#CompoundReference/PW_C000180,abstraction:ReactsWith,http://smpdb.ca/pathways/#CompoundReference/PW_C000875
http://smpdb.ca/pathways/#CompoundReference/PW_C000114,abstraction:ReactsWith,http://smpdb.ca/pathways/#CompoundReference/PW_C000143
http://smpdb.ca/pathways/#CompoundReference/PW_C000146,abstraction:ReactsWith,http://smpdb.ca/pathways/#CompoundReference/PW_C001051
http://smpdb.ca/pathways/#CompoundReference/PW_C006774,abstraction:ReactsWith,http://smpdb.ca/pathways/#CompoundReference/PW_C001065
http://smpdb.ca/pathways/#CompoundReference/PW_C000414,abstraction:ReactsWith,http://smpdb.ca/pathways/#CompoundReference/PW_C006388
http://smpdb.ca/pathways/#CompoundReference/PW_C000170,abstraction:ReactsWith,http://smpdb.ca/pathways/#CompoundReference/PW_C001918
http://smpdb.ca/pathways/#CompoundReference/PW_C000053,abstraction:ReactsWith,http://smpdb.ca/pathways/#CompoundReference/PW_C000143
http://smpdb.ca/pathways/#CompoundReference/PW_C000146,abstraction:ReactsWith,http://smpdb.ca/pathways/#CompoundReference/PW_C041104
http://smpdb.ca/pathways/#CompoundReference/PW_C000721,abstraction:ReactsWith,http://smpdb.ca/pathways/#CompoundReference/PW_C000134
http://smpdb.ca/pathways/#CompoundReference/PW_C001065,abstraction:ReactsWith,http://smpdb.ca/pathways/#CompoundReference/PW_C003007
http://smpdb.ca/pathways/#CompoundReference/PW_C001222,abstraction:ReactsWith,http://smpdb.ca/pathways/#CompoundReference/PW_C001065
http://smpdb.ca/pathways/#CompoundReference/PW_C000193,abstraction:ReactsWith,http://smpdb.ca/pathways/#CompoundReference/PW_C040988
http://smpdb.ca/pathways/#CompoundReference/PW_C001065,abstraction:ReactsWith,http://smpdb.ca/pathways/#CompoundReference/PW_C008621
http://smpdb.ca/pathways/#CompoundReference/PW_C040447,abstraction:ReactsWith,http://smpdb.ca/pathways/#CompoundReference/PW_C000414
http://smpdb.ca/pathways/#CompoundReference/PW_C007187,abstraction:ReactsWith,http://smpdb.ca/pathways/#CompoundReference/PW_C000201
http://smpdb.ca/pathways/#CompoundReference/PW_C104734,abstraction:ReactsWith,http://smpdb.ca/pathways/#CompoundReference/PW_C001065
http://smpdb.ca/pathways/#CompoundReference/PW_C000143,abstraction:ReactsWith,http://smpdb.ca/pathways/#CompoundReference/PW_C096944
http://smpdb.ca/pathways/#CompoundReference/PW_C000500,abstraction:ReactsWith,http://smpdb.ca/pathways/#CompoundReference/PW_C000123
http://smpdb.ca/pathways/#CompoundReference/PW_C040034,abstraction:ReactsWith,http://smpdb.ca/pathways/#GenericCompoundReference/253
http://smpdb.ca/pathways/#CompoundReference/PW_C001031,abstraction:ReactsWith,http://smpdb.ca/pathways/#CompoundReference/PW_C000081
http://smpdb.ca/pathways/#CompoundReference/PW_C001104,abstraction:ReactsWith,http://smpdb.ca/pathways/#CompoundReference/PW_C000007
http://smpdb.ca/pathways/#CompoundReference/PW_C001420,abstraction:ReactsWith,http://smpdb.ca/pathways/#CompoundReference/PW_C001045
http://smpdb.ca/pathways/#CompoundReference/PW_C000146,abstraction:ReactsWith,http://smpdb.ca/pathways/#CompoundReference/PW_C002697
http://smpdb.ca/pathways/#CompoundReference/PW_C001065,abstraction:ReactsWith,http://smpdb.ca/pathways/#CompoundReference/PW_C009594
http://smpdb.ca/pathways/#CompoundReference/PW_C001065,abstraction:ReactsWith,http://smpdb.ca/pathways/#CompoundReference/PW_C000938
http://smpdb.ca/pathways/#CompoundReference/PW_C057885,abstraction:ReactsWith,http://smpdb.ca/pathways/#GenericCompoundReference/227
http://smpdb.ca/pathways/#CompoundReference/PW_C019423,abstraction:ReactsWith,http://smpdb.ca/pathways/#CompoundReference/PW_C040034
http://smpdb.ca/pathways/#CompoundReference/PW_C007721,abstraction:ReactsWith,http://smpdb.ca/pathways/#CompoundReference/PW_C000143
http://smpdb.ca/pathways/#CompoundReference/PW_C000886,abstraction:ReactsWith,http://smpdb.ca/pathways/#CompoundReference/PW_C040494
http://smpdb.ca/pathways/#CompoundReference/PW_C001104,abstraction:ReactsWith,http://smpdb.ca/pathways/#CompoundReference/PW_C000079
http://smpdb.ca/pathways/#CompoundReference/PW_C001031,abstraction:ReactsWith,http://smpdb.ca/pathways/#CompoundReference/PW_C000911
http://smpdb.ca/pathways/#CompoundReference/PW_C001099,abstraction:ReactsWith,http://smpdb.ca/pathways/#CompoundReference/PW_C001406
http://smpdb.ca/pathways/#CompoundReference/PW_C000057,abstraction:ReactsWith,http://smpdb.ca/pathways/#GenericCompoundReference/97
http://smpdb.ca/pathways/#CompoundReference/PW_C040034,abstraction:ReactsWith,http://smpdb.ca/pathways/#CompoundReference/PW_C040065
http://smpdb.ca/pathways/#CompoundReference/PW_C008817,abstraction:ReactsWith,http://smpdb.ca/pathways/#CompoundReference/PW_C001065
http://smpdb.ca/pathways/#CompoundReference/PW_C001690,abstraction:ReactsWith,http://smpdb.ca/pathways/#CompoundReference/PW_C000143
http://smpdb.ca/pathways/#CompoundReference/PW_C001420,abstraction:ReactsWith,http://smpdb.ca/pathways/#CompoundReference/PW_C001107
http://smpdb.ca/pathways/#CompoundReference/PW_C001420,abstraction:ReactsWith,http://smpdb.ca/pathways/#CompoundReference/PW_C000832
http://smpdb.ca/pathways/#CompoundReference/PW_C000590,abstraction:ReactsWith,http://smpdb.ca/pathways/#CompoundReference/PW_C000120
http://smpdb.ca/pathways/#CompoundReference/PW_C000721,abstraction:ReactsWith,http://smpdb.ca/pathways/#CompoundReference/PW_C104712
http://smpdb.ca/pathways/#CompoundReference/PW_C000921,abstraction:ReactsWith,http://smpdb.ca/pathways/#CompoundReference/PW_C040807
http://smpdb.ca/pathways/#CompoundReference/PW_C040034,abstraction:ReactsWith,http://smpdb.ca/pathways/#CompoundReference/PW_C057916
http://smpdb.ca/pathways/#CompoundReference/PW_C000414,abstraction:ReactsWith,http://smpdb.ca/pathways/#CompoundReference/PW_C040989
http://smpdb.ca/pathways/#CompoundReference/PW_C001099,abstraction:ReactsWith,http://smpdb.ca/pathways/#GenericCompoundReference/140
http://smpdb.ca/pathways/#CompoundReference/PW_C000757,abstraction:ReactsWith,http://smpdb.ca/pathways/#CompoundReference/PW_C000143
http://smpdb.ca/pathways/#CompoundReference/PW_C000570,abstraction:ReactsWith,http://smpdb.ca/pathways/#CompoundReference/PW_C000414
http://smpdb.ca/pathways/#CompoundReference/PW_C000148,abstraction:ReactsWith,http://smpdb.ca/pathways/#CompoundReference/PW_C001535
http://smpdb.ca/pathways/#CompoundReference/PW_C000544,abstraction:ReactsWith,http://smpdb.ca/pathways/#CompoundReference/PW_C041228
http://smpdb.ca/pathways/#CompoundReference/PW_C001420,abstraction:ReactsWith,http://smpdb.ca/pathways/#CompoundReference/PW_C045278
http://smpdb.ca/pathways/#CompoundReference/PW_C000955,abstraction:ReactsWith,http://smpdb.ca/pathways/#CompoundReference/PW_C000463
http://smpdb.ca/pathways/#CompoundReference/PW_C040034,abstraction:ReactsWith,http://smpdb.ca/pathways/#CompoundReference/PW_C001316
http://smpdb.ca/pathways/#CompoundReference/PW_C000146,abstraction:ReactsWith,http://smpdb.ca/pathways/#CompoundReference/PW_C008817
http://smpdb.ca/pathways/#CompoundReference/PW_C001420,abstraction:ReactsWith,http://smpdb.ca/pathways/#CompoundReference/PW_C042934
http://smpdb.ca/pathways/#CompoundReference/PW_C000940,abstraction:ReactsWith,http://smpdb.ca/pathways/#CompoundReference/PW_C000078
http://smpdb.ca/pathways/#CompoundReference/PW_C000146,abstraction:ReactsWith,http://smpdb.ca/pathways/#CompoundReference/PW_C041103
http://smpdb.ca/pathways/#CompoundReference/PW_C016026,abstraction:ReactsWith,http://smpdb.ca/pathways/#CompoundReference/PW_C000134
http://smpdb.ca/pathways/#CompoundReference/PW_C000057,abstraction:ReactsWith,http://smpdb.ca/pathways/#CompoundReference/PW_C001202
http://smpdb.ca/pathways/#CompoundReference/PW_C000746,abstraction:ReactsWith,http://smpdb.ca/pathways/#CompoundReference/PW_C001233
http://smpdb.ca/pathways/#CompoundReference/PW_C002993,abstraction:ReactsWith,http://smpdb.ca/pathways/#CompoundReference/PW_C001420
http://smpdb.ca/pathways/#CompoundReference/PW_C001065,abstraction:ReactsWith,http://smpdb.ca/pathways/#CompoundReference/PW_C000966
http://smpdb.ca/pathways/#CompoundReference/PW_C000414,abstraction:ReactsWith,http://smpdb.ca/pathways/#CompoundReference/PW_C042937
http://smpdb.ca/pathways/#CompoundReference/PW_C057906,abstraction:ReactsWith,http://smpdb.ca/pathways/#CompoundReference/PW_C001065
http://smpdb.ca/pathways/#CompoundReference/PW_C000457,abstraction:ReactsWith,http://smpdb.ca/pathways/#CompoundReference/PW_C000458
http://smpdb.ca/pathways/#CompoundReference/PW_C001420,abstraction:ReactsWith,http://smpdb.ca/pathways/#CompoundReference/PW_C001070
http://smpdb.ca/pathways/#CompoundReference/PW_C001065,abstraction:ReactsWith,http://smpdb.ca/pathways/#GenericCompoundReference/299
http://smpdb.ca/pathways/#CompoundReference/PW_C001065,abstraction:ReactsWith,http://smpdb.ca/pathways/#CompoundReference/PW_C057889
http://smpdb.ca/pathways/#CompoundReference/PW_C001221,abstraction:ReactsWith,http://smpdb.ca/pathways/#CompoundReference/PW_C000095
http://smpdb.ca/pathways/#CompoundReference/PW_C000114,abstraction:ReactsWith,http://smpdb.ca/pathways/#CompoundReference/PW_C001420
http://smpdb.ca/pathways/#CompoundReference/PW_C041131,abstraction:ReactsWith,http://smpdb.ca/pathways/#CompoundReference/PW_C001420
http://smpdb.ca/pathways/#CompoundReference/PW_C000414,abstraction:ReactsWith,http://smpdb.ca/pathways/#CompoundReference/PW_C000843
http://smpdb.ca/pathways/#CompoundReference/PW_C000053,abstraction:ReactsWith,http://smpdb.ca/pathways/#CompoundReference/PW_C001420
http://smpdb.ca/pathways/#CompoundReference/PW_C040614,abstraction:ReactsWith,http://smpdb.ca/pathways/#CompoundReference/PW_C001065
http://smpdb.ca/pathways/#CompoundReference/PW_C001420,abstraction:ReactsWith,http://smpdb.ca/pathways/#GenericCompoundReference/227
http://smpdb.ca/pathways/#CompoundReference/PW_C000047,abstraction:ReactsWith,http://smpdb.ca/pathways/#CompoundReference/PW_C040034
http://smpdb.ca/pathways/#CompoundReference/PW_C040926,abstraction:ReactsWith,http://smpdb.ca/pathways/#CompoundReference/PW_C040034
http://smpdb.ca/pathways/#CompoundReference/PW_C016137,abstraction:ReactsWith,http://smpdb.ca/pathways/#CompoundReference/PW_C040034
http://smpdb.ca/pathways/#CompoundReference/PW_C001420,abstraction:ReactsWith,http://smpdb.ca/pathways/#CompoundReference/PW_C000210
http://smpdb.ca/pathways/#CompoundReference/PW_C001860,abstraction:ReactsWith,http://smpdb.ca/pathways/#CompoundReference/PW_C001852
http://smpdb.ca/pathways/#CompoundReference/PW_C001099,abstraction:ReactsWith,http://smpdb.ca/pathways/#CompoundReference/PW_C001589
http://smpdb.ca/pathways/#CompoundReference/PW_C000143,abstraction:ReactsWith,http://smpdb.ca/pathways/#CompoundReference/PW_C040540
http://smpdb.ca/pathways/#CompoundReference/PW_C001420,abstraction:ReactsWith,http://smpdb.ca/pathways/#CompoundReference/PW_C001850
http://smpdb.ca/pathways/#CompoundReference/PW_C042760,abstraction:ReactsWith,http://smpdb.ca/pathways/#CompoundReference/PW_C000146
http://smpdb.ca/pathways/#CompoundReference/PW_C001420,abstraction:ReactsWith,http://smpdb.ca/pathways/#CompoundReference/PW_C040591
http://smpdb.ca/pathways/#CompoundReference/PW_C041112,abstraction:ReactsWith,http://smpdb.ca/pathways/#CompoundReference/PW_C001420
http://smpdb.ca/pathways/#GenericCompoundReference/210,abstraction:ReactsWith,http://smpdb.ca/pathways/#GenericCompoundReference/531
http://smpdb.ca/pathways/#CompoundReference/PW_C040807,abstraction:ReactsWith,http://smpdb.ca/pathways/#CompoundReference/PW_C000921
http://smpdb.ca/pathways/#CompoundReference/PW_C000163,abstraction:ReactsWith,http://smpdb.ca/pathways/#CompoundReference/PW_C000544
http://smpdb.ca/pathways/#CompoundReference/PW_C000127,abstraction:ReactsWith,http://smpdb.ca/pathways/#CompoundReference/PW_C001104
http://smpdb.ca/pathways/#CompoundReference/PW_C040591,abstraction:ReactsWith,http://smpdb.ca/pathways/#CompoundReference/PW_C000414
http://smpdb.ca/pathways/#CompoundReference/PW_C040034,abstraction:ReactsWith,http://smpdb.ca/pathways/#CompoundReference/PW_C000123
http://smpdb.ca/pathways/#CompoundReference/PW_C000134,abstraction:ReactsWith,http://smpdb.ca/pathways/#CompoundReference/PW_C000940
http://smpdb.ca/pathways/#CompoundReference/PW_C000143,abstraction:ReactsWith,http://smpdb.ca/pathways/#CompoundReference/PW_C000831
http://smpdb.ca/pathways/#CompoundReference/PW_C002763,abstraction:ReactsWith,http://smpdb.ca/pathways/#CompoundReference/PW_C040034
http://smpdb.ca/pathways/#CompoundReference/PW_C001065,abstraction:ReactsWith,http://smpdb.ca/pathways/#CompoundReference/PW_C001144
http://smpdb.ca/pathways/#GenericCompoundReference/97,abstraction:ReactsWith,http://smpdb.ca/pathways/#CompoundReference/PW_C000057
http://smpdb.ca/pathways/#CompoundReference/PW_C040829,abstraction:ReactsWith,http://smpdb.ca/pathways/#CompoundReference/PW_C040841
http://smpdb.ca/pathways/#CompoundReference/PW_C002374,abstraction:ReactsWith,http://smpdb.ca/pathways/#CompoundReference/PW_C001065
http://smpdb.ca/pathways/#CompoundReference/PW_C044540,abstraction:ReactsWith,http://smpdb.ca/pathways/#CompoundReference/PW_C000146
http://smpdb.ca/pathways/#CompoundReference/PW_C001420,abstraction:ReactsWith,http://smpdb.ca/pathways/#CompoundReference/PW_C040622
http://smpdb.ca/pathways/#CompoundReference/PW_C041674,abstraction:ReactsWith,http://smpdb.ca/pathways/#CompoundReference/PW_C000911
http://smpdb.ca/pathways/#CompoundReference/PW_C000547,abstraction:ReactsWith,http://smpdb.ca/pathways/#CompoundReference/PW_C001099
http://smpdb.ca/pathways/#CompoundReference/PW_C009567,abstraction:ReactsWith,http://smpdb.ca/pathways/#CompoundReference/PW_C000146
http://smpdb.ca/pathways/#CompoundReference/PW_C001284,abstraction:ReactsWith,http://smpdb.ca/pathways/#CompoundReference/PW_C000146
http://smpdb.ca/pathways/#CompoundReference/PW_C000414,abstraction:ReactsWith,http://smpdb.ca/pathways/#CompoundReference/PW_C041302
http://smpdb.ca/pathways/#CompoundReference/PW_C001032,abstraction:ReactsWith,http://smpdb.ca/pathways/#GenericCompoundReference/69
http://smpdb.ca/pathways/#CompoundReference/PW_C001144,abstraction:ReactsWith,http://smpdb.ca/pathways/#CompoundReference/PW_C000824
http://smpdb.ca/pathways/#CompoundReference/PW_C001420,abstraction:ReactsWith,http://smpdb.ca/pathways/#CompoundReference/PW_C002695
http://smpdb.ca/pathways/#CompoundReference/PW_C001420,abstraction:ReactsWith,http://smpdb.ca/pathways/#CompoundReference/PW_C001086
http://smpdb.ca/pathways/#CompoundReference/PW_C001104,abstraction:ReactsWith,http://smpdb.ca/pathways/#CompoundReference/PW_C043000
http://smpdb.ca/pathways/#CompoundReference/PW_C000721,abstraction:ReactsWith,http://smpdb.ca/pathways/#CompoundReference/PW_C002994
http://smpdb.ca/pathways/#CompoundReference/PW_C000190,abstraction:ReactsWith,http://smpdb.ca/pathways/#CompoundReference/PW_C000086
http://smpdb.ca/pathways/#CompoundReference/PW_C000654,abstraction:ReactsWith,http://smpdb.ca/pathways/#CompoundReference/PW_C001420
http://smpdb.ca/pathways/#CompoundReference/PW_C001065,abstraction:ReactsWith,http://smpdb.ca/pathways/#CompoundReference/PW_C057937
http://smpdb.ca/pathways/#CompoundReference/PW_C104655,abstraction:ReactsWith,http://smpdb.ca/pathways/#CompoundReference/PW_C000143
http://smpdb.ca/pathways/#CompoundReference/PW_C000070,abstraction:ReactsWith,http://smpdb.ca/pathways/#CompoundReference/PW_C000146
http://smpdb.ca/pathways/#CompoundReference/PW_C000500,abstraction:ReactsWith,http://smpdb.ca/pathways/#CompoundReference/PW_C007819
http://smpdb.ca/pathways/#CompoundReference/PW_C000891,abstraction:ReactsWith,http://smpdb.ca/pathways/#GenericCompoundReference/222
http://smpdb.ca/pathways/#CompoundReference/PW_C000080,abstraction:ReactsWith,http://smpdb.ca/pathways/#CompoundReference/PW_C043027
http://smpdb.ca/pathways/#CompoundReference/PW_C002092,abstraction:ReactsWith,http://smpdb.ca/pathways/#GenericCompoundReference/215
http://smpdb.ca/pathways/#CompoundReference/PW_C000543,abstraction:ReactsWith,http://smpdb.ca/pathways/#CompoundReference/PW_C000391
http://smpdb.ca/pathways/#CompoundReference/PW_C000414,abstraction:ReactsWith,http://smpdb.ca/pathways/#CompoundReference/PW_C001253
http://smpdb.ca/pathways/#CompoundReference/PW_C000590,abstraction:ReactsWith,http://smpdb.ca/pathways/#CompoundReference/PW_C000164
http://smpdb.ca/pathways/#CompoundReference/PW_C104712,abstraction:ReactsWith,http://smpdb.ca/pathways/#CompoundReference/PW_C000721
http://smpdb.ca/pathways/#CompoundReference/PW_C001420,abstraction:ReactsWith,http://smpdb.ca/pathways/#CompoundReference/PW_C001017
http://smpdb.ca/pathways/#CompoundReference/PW_C000143,abstraction:ReactsWith,http://smpdb.ca/pathways/#CompoundReference/PW_C044502
http://smpdb.ca/pathways/#CompoundReference/PW_C000881,abstraction:ReactsWith,http://smpdb.ca/pathways/#CompoundReference/PW_C001420
http://smpdb.ca/pathways/#CompoundReference/PW_C040591,abstraction:ReactsWith,http://smpdb.ca/pathways/#CompoundReference/PW_C001420
http://smpdb.ca/pathways/#CompoundReference/PW_C001420,abstraction:ReactsWith,http://smpdb.ca/pathways/#CompoundReference/PW_C000964
http://smpdb.ca/pathways/#CompoundReference/PW_C057949,abstraction:ReactsWith,http://smpdb.ca/pathways/#CompoundReference/PW_C000911
http://smpdb.ca/pathways/#GenericCompoundReference/69,abstraction:ReactsWith,http://smpdb.ca/pathways/#CompoundReference/PW_C000845
http://smpdb.ca/pathways/#CompoundReference/PW_C007823,abstraction:ReactsWith,http://smpdb.ca/pathways/#CompoundReference/PW_C000095
http://smpdb.ca/pathways/#CompoundReference/PW_C001420,abstraction:ReactsWith,http://smpdb.ca/pathways/#CompoundReference/PW_C000086
http://smpdb.ca/pathways/#CompoundReference/PW_C001922,abstraction:ReactsWith,http://smpdb.ca/pathways/#CompoundReference/PW_C040034
http://smpdb.ca/pathways/#CompoundReference/PW_C000930,abstraction:ReactsWith,http://smpdb.ca/pathways/#CompoundReference/PW_C000143
http://smpdb.ca/pathways/#CompoundReference/PW_C000164,abstraction:ReactsWith,http://smpdb.ca/pathways/#CompoundReference/PW_C001060
http://smpdb.ca/pathways/#CompoundReference/PW_C040495,abstraction:ReactsWith,http://smpdb.ca/pathways/#CompoundReference/PW_C000721
http://smpdb.ca/pathways/#CompoundReference/PW_C000414,abstraction:ReactsWith,http://smpdb.ca/pathways/#CompoundReference/PW_C040760
http://smpdb.ca/pathways/#CompoundReference/PW_C000414,abstraction:ReactsWith,http://smpdb.ca/pathways/#CompoundReference/PW_C040447
http://smpdb.ca/pathways/#CompoundReference/PW_C040034,abstraction:ReactsWith,http://smpdb.ca/pathways/#CompoundReference/PW_C002971
http://smpdb.ca/pathways/#CompoundReference/PW_C000721,abstraction:ReactsWith,http://smpdb.ca/pathways/#CompoundReference/PW_C040962
http://smpdb.ca/pathways/#CompoundReference/PW_C040987,abstraction:ReactsWith,http://smpdb.ca/pathways/#CompoundReference/PW_C040763
http://smpdb.ca/pathways/#CompoundReference/PW_C001144,abstraction:ReactsWith,http://smpdb.ca/pathways/#CompoundReference/PW_C000094
http://smpdb.ca/pathways/#CompoundReference/PW_C001420,abstraction:ReactsWith,http://smpdb.ca/pathways/#CompoundReference/PW_C001207
http://smpdb.ca/pathways/#GenericCompoundReference/69,abstraction:ReactsWith,http://smpdb.ca/pathways/#CompoundReference/PW_C001928
http://smpdb.ca/pathways/#CompoundReference/PW_C001420,abstraction:ReactsWith,http://smpdb.ca/pathways/#CompoundReference/PW_C007816
http://smpdb.ca/pathways/#CompoundReference/PW_C000544,abstraction:ReactsWith,http://smpdb.ca/pathways/#CompoundReference/PW_C007728
http://smpdb.ca/pathways/#CompoundReference/PW_C002210,abstraction:ReactsWith,http://smpdb.ca/pathways/#CompoundReference/PW_C000886
http://smpdb.ca/pathways/#CompoundReference/PW_C000184,abstraction:ReactsWith,http://smpdb.ca/pathways/#CompoundReference/PW_C008134
http://smpdb.ca/pathways/#CompoundReference/PW_C000869,abstraction:ReactsWith,http://smpdb.ca/pathways/#CompoundReference/PW_C000164
http://smpdb.ca/pathways/#GenericCompoundReference/73,abstraction:ReactsWith,http://smpdb.ca/pathways/#GenericCompoundReference/227
http://smpdb.ca/pathways/#CompoundReference/PW_C000101,abstraction:ReactsWith,http://smpdb.ca/pathways/#CompoundReference/PW_C000721
http://smpdb.ca/pathways/#CompoundReference/PW_C001851,abstraction:ReactsWith,http://smpdb.ca/pathways/#CompoundReference/PW_C044572
http://smpdb.ca/pathways/#CompoundReference/PW_C040034,abstraction:ReactsWith,http://smpdb.ca/pathways/#GenericCompoundReference/102
http://smpdb.ca/pathways/#CompoundReference/PW_C044583,abstraction:ReactsWith,http://smpdb.ca/pathways/#CompoundReference/PW_C000146
http://smpdb.ca/pathways/#CompoundReference/PW_C003015,abstraction:ReactsWith,http://smpdb.ca/pathways/#CompoundReference/PW_C000414
http://smpdb.ca/pathways/#CompoundReference/PW_C000824,abstraction:ReactsWith,http://smpdb.ca/pathways/#CompoundReference/PW_C000146
http://smpdb.ca/pathways/#CompoundReference/PW_C040696,abstraction:ReactsWith,http://smpdb.ca/pathways/#CompoundReference/PW_C000921
http://smpdb.ca/pathways/#CompoundReference/PW_C002962,abstraction:ReactsWith,http://smpdb.ca/pathways/#CompoundReference/PW_C000891
http://smpdb.ca/pathways/#CompoundReference/PW_C000921,abstraction:ReactsWith,http://smpdb.ca/pathways/#GenericCompoundReference/115
http://smpdb.ca/pathways/#CompoundReference/PW_C001938,abstraction:ReactsWith,http://smpdb.ca/pathways/#CompoundReference/PW_C001420
http://smpdb.ca/pathways/#CompoundReference/PW_C001144,abstraction:ReactsWith,http://smpdb.ca/pathways/#CompoundReference/PW_C000143
http://smpdb.ca/pathways/#CompoundReference/PW_C001065,abstraction:ReactsWith,http://smpdb.ca/pathways/#CompoundReference/PW_C057943
http://smpdb.ca/pathways/#CompoundReference/PW_C000846,abstraction:ReactsWith,http://smpdb.ca/pathways/#CompoundReference/PW_C000174
http://smpdb.ca/pathways/#GenericCompoundReference/157,abstraction:ReactsWith,http://smpdb.ca/pathways/#GenericCompoundReference/156
http://smpdb.ca/pathways/#CompoundReference/PW_C001420,abstraction:ReactsWith,http://smpdb.ca/pathways/#CompoundReference/PW_C000201
http://smpdb.ca/pathways/#CompoundReference/PW_C000547,abstraction:ReactsWith,http://smpdb.ca/pathways/#CompoundReference/PW_C000721
http://smpdb.ca/pathways/#CompoundReference/PW_C000134,abstraction:ReactsWith,http://smpdb.ca/pathways/#CompoundReference/PW_C001144
http://smpdb.ca/pathways/#CompoundReference/PW_C000774,abstraction:ReactsWith,http://smpdb.ca/pathways/#CompoundReference/PW_C001168
http://smpdb.ca/pathways/#CompoundReference/PW_C057924,abstraction:ReactsWith,http://smpdb.ca/pathways/#CompoundReference/PW_C001420
http://smpdb.ca/pathways/#CompoundReference/PW_C001065,abstraction:ReactsWith,http://smpdb.ca/pathways/#CompoundReference/PW_C000358
http://smpdb.ca/pathways/#GenericCompoundReference/302,abstraction:ReactsWith,http://smpdb.ca/pathways/#CompoundReference/PW_C012051
http://smpdb.ca/pathways/#CompoundReference/PW_C000768,abstraction:ReactsWith,http://smpdb.ca/pathways/#CompoundReference/PW_C042924
http://smpdb.ca/pathways/#CompoundReference/PW_C043174,abstraction:ReactsWith,http://smpdb.ca/pathways/#CompoundReference/PW_C000143
http://smpdb.ca/pathways/#CompoundReference/PW_C001144,abstraction:ReactsWith,http://smpdb.ca/pathways/#CompoundReference/PW_C040566
http://smpdb.ca/pathways/#CompoundReference/PW_C040627,abstraction:ReactsWith,http://smpdb.ca/pathways/#CompoundReference/PW_C000080
http://smpdb.ca/pathways/#GenericCompoundReference/227,abstraction:ReactsWith,http://smpdb.ca/pathways/#GenericCompoundReference/73
http://smpdb.ca/pathways/#CompoundReference/PW_C001065,abstraction:ReactsWith,http://smpdb.ca/pathways/#GenericCompoundReference/227
http://smpdb.ca/pathways/#CompoundReference/PW_C001144,abstraction:ReactsWith,http://smpdb.ca/pathways/#CompoundReference/PW_C104669
http://smpdb.ca/pathways/#CompoundReference/PW_C040034,abstraction:ReactsWith,http://smpdb.ca/pathways/#CompoundReference/PW_C000854
http://smpdb.ca/pathways/#CompoundReference/PW_C001065,abstraction:ReactsWith,http://smpdb.ca/pathways/#CompoundReference/PW_C018131
http://smpdb.ca/pathways/#CompoundReference/PW_C000412,abstraction:ReactsWith,http://smpdb.ca/pathways/#CompoundReference/PW_C001099
http://smpdb.ca/pathways/#CompoundReference/PW_C001420,abstraction:ReactsWith,http://smpdb.ca/pathways/#CompoundReference/PW_C008884
http://smpdb.ca/pathways/#CompoundReference/PW_C000134,abstraction:ReactsWith,http://smpdb.ca/pathways/#CompoundReference/PW_C057937
http://smpdb.ca/pathways/#CompoundReference/PW_C001441,abstraction:ReactsWith,http://smpdb.ca/pathways/#CompoundReference/PW_C000161
http://smpdb.ca/pathways/#CompoundReference/PW_C000050,abstraction:ReactsWith,http://smpdb.ca/pathways/#CompoundReference/PW_C022608
http://smpdb.ca/pathways/#CompoundReference/PW_C001863,abstraction:ReactsWith,http://smpdb.ca/pathways/#CompoundReference/PW_C000414
http://smpdb.ca/pathways/#CompoundReference/PW_C001065,abstraction:ReactsWith,http://smpdb.ca/pathways/#CompoundReference/PW_C000210
http://smpdb.ca/pathways/#CompoundReference/PW_C104699,abstraction:ReactsWith,http://smpdb.ca/pathways/#CompoundReference/PW_C001144
http://smpdb.ca/pathways/#GenericCompoundReference/304,abstraction:ReactsWith,http://smpdb.ca/pathways/#CompoundReference/PW_C000414
http://smpdb.ca/pathways/#CompoundReference/PW_C000110,abstraction:ReactsWith,http://smpdb.ca/pathways/#CompoundReference/PW_C000414
http://smpdb.ca/pathways/#CompoundReference/PW_C001420,abstraction:ReactsWith,http://smpdb.ca/pathways/#CompoundReference/PW_C001435
http://smpdb.ca/pathways/#CompoundReference/PW_C001420,abstraction:ReactsWith,http://smpdb.ca/pathways/#CompoundReference/PW_C001978
http://smpdb.ca/pathways/#CompoundReference/PW_C001420,abstraction:ReactsWith,http://smpdb.ca/pathways/#CompoundReference/PW_C041655
http://smpdb.ca/pathways/#CompoundReference/PW_C040583,abstraction:ReactsWith,http://smpdb.ca/pathways/#CompoundReference/PW_C001065
http://smpdb.ca/pathways/#CompoundReference/PW_C044502,abstraction:ReactsWith,http://smpdb.ca/pathways/#CompoundReference/PW_C096922
http://smpdb.ca/pathways/#CompoundReference/PW_C002564,abstraction:ReactsWith,http://smpdb.ca/pathways/#CompoundReference/PW_C000886
http://smpdb.ca/pathways/#CompoundReference/PW_C001420,abstraction:ReactsWith,http://smpdb.ca/pathways/#CompoundReference/PW_C001363
http://smpdb.ca/pathways/#CompoundReference/PW_C000193,abstraction:ReactsWith,http://smpdb.ca/pathways/#CompoundReference/PW_C000206
http://smpdb.ca/pathways/#CompoundReference/PW_C000164,abstraction:ReactsWith,http://smpdb.ca/pathways/#CompoundReference/PW_C000414
http://smpdb.ca/pathways/#CompoundReference/PW_C007160,abstraction:ReactsWith,http://smpdb.ca/pathways/#CompoundReference/PW_C003149
http://smpdb.ca/pathways/#CompoundReference/PW_C000414,abstraction:ReactsWith,http://smpdb.ca/pathways/#CompoundReference/PW_C000975
http://smpdb.ca/pathways/#CompoundReference/PW_C000480,abstraction:ReactsWith,http://smpdb.ca/pathways/#CompoundReference/PW_C002709
http://smpdb.ca/pathways/#CompoundReference/PW_C104659,abstraction:ReactsWith,http://smpdb.ca/pathways/#CompoundReference/PW_C040034
http://smpdb.ca/pathways/#CompoundReference/PW_C000457,abstraction:ReactsWith,http://smpdb.ca/pathways/#CompoundReference/PW_C040034
http://smpdb.ca/pathways/#CompoundReference/PW_C000921,abstraction:ReactsWith,http://smpdb.ca/pathways/#CompoundReference/PW_C040700
http://smpdb.ca/pathways/#CompoundReference/PW_C000078,abstraction:ReactsWith,http://smpdb.ca/pathways/#CompoundReference/PW_C001120
http://smpdb.ca/pathways/#CompoundReference/PW_C041684,abstraction:ReactsWith,http://smpdb.ca/pathways/#CompoundReference/PW_C000921
http://smpdb.ca/pathways/#CompoundReference/PW_C000986,abstraction:ReactsWith,http://smpdb.ca/pathways/#CompoundReference/PW_C000123
http://smpdb.ca/pathways/#CompoundReference/PW_C001049,abstraction:ReactsWith,http://smpdb.ca/pathways/#CompoundReference/PW_C001065
http://smpdb.ca/pathways/#CompoundReference/PW_C001852,abstraction:ReactsWith,http://smpdb.ca/pathways/#CompoundReference/PW_C001860
http://smpdb.ca/pathways/#CompoundReference/PW_C001420,abstraction:ReactsWith,http://smpdb.ca/pathways/#CompoundReference/PW_C040691
http://smpdb.ca/pathways/#CompoundReference/PW_C000721,abstraction:ReactsWith,http://smpdb.ca/pathways/#CompoundReference/PW_C000114
http://smpdb.ca/pathways/#CompoundReference/PW_C000969,abstraction:ReactsWith,http://smpdb.ca/pathways/#CompoundReference/PW_C001420
http://smpdb.ca/pathways/#CompoundReference/PW_C000114,abstraction:ReactsWith,http://smpdb.ca/pathways/#CompoundReference/PW_C000035
http://smpdb.ca/pathways/#CompoundReference/PW_C040034,abstraction:ReactsWith,http://smpdb.ca/pathways/#CompoundReference/PW_C040928
http://smpdb.ca/pathways/#CompoundReference/PW_C000940,abstraction:ReactsWith,http://smpdb.ca/pathways/#CompoundReference/PW_C000856
http://smpdb.ca/pathways/#CompoundReference/PW_C040083,abstraction:ReactsWith,http://smpdb.ca/pathways/#CompoundReference/PW_C001104
http://smpdb.ca/pathways/#CompoundReference/PW_C000080,abstraction:ReactsWith,http://smpdb.ca/pathways/#CompoundReference/PW_C006761
http://smpdb.ca/pathways/#CompoundReference/PW_C000863,abstraction:ReactsWith,http://smpdb.ca/pathways/#CompoundReference/PW_C001065
http://smpdb.ca/pathways/#CompoundReference/PW_C007214,abstraction:ReactsWith,http://smpdb.ca/pathways/#GenericCompoundReference/237
http://smpdb.ca/pathways/#CompoundReference/PW_C043200,abstraction:ReactsWith,http://smpdb.ca/pathways/#CompoundReference/PW_C042617
http://smpdb.ca/pathways/#CompoundReference/PW_C001087,abstraction:ReactsWith,http://smpdb.ca/pathways/#CompoundReference/PW_C001178
http://smpdb.ca/pathways/#CompoundReference/PW_C011457,abstraction:ReactsWith,http://smpdb.ca/pathways/#CompoundReference/PW_C001420
http://smpdb.ca/pathways/#CompoundReference/PW_C000176,abstraction:ReactsWith,http://smpdb.ca/pathways/#CompoundReference/PW_C000414
http://smpdb.ca/pathways/#CompoundReference/PW_C001860,abstraction:ReactsWith,http://smpdb.ca/pathways/#CompoundReference/PW_C001973
http://smpdb.ca/pathways/#CompoundReference/PW_C001240,abstraction:ReactsWith,http://smpdb.ca/pathways/#CompoundReference/PW_C001081
http://smpdb.ca/pathways/#CompoundReference/PW_C040034,abstraction:ReactsWith,http://smpdb.ca/pathways/#CompoundReference/PW_C104797
http://smpdb.ca/pathways/#CompoundReference/PW_C001420,abstraction:ReactsWith,http://smpdb.ca/pathways/#CompoundReference/PW_C001057
http://smpdb.ca/pathways/#CompoundReference/PW_C001441,abstraction:ReactsWith,http://smpdb.ca/pathways/#CompoundReference/PW_C000721
http://smpdb.ca/pathways/#CompoundReference/PW_C000921,abstraction:ReactsWith,http://smpdb.ca/pathways/#CompoundReference/PW_C041684
http://smpdb.ca/pathways/#CompoundReference/PW_C000146,abstraction:ReactsWith,http://smpdb.ca/pathways/#CompoundReference/PW_C000098
http://smpdb.ca/pathways/#CompoundReference/PW_C002994,abstraction:ReactsWith,http://smpdb.ca/pathways/#CompoundReference/PW_C000721
http://smpdb.ca/pathways/#CompoundReference/PW_C001420,abstraction:ReactsWith,http://smpdb.ca/pathways/#CompoundReference/PW_C040564
http://smpdb.ca/pathways/#CompoundReference/PW_C002948,abstraction:ReactsWith,http://smpdb.ca/pathways/#CompoundReference/PW_C001065
http://smpdb.ca/pathways/#CompoundReference/PW_C040034,abstraction:ReactsWith,http://smpdb.ca/pathways/#CompoundReference/PW_C022608
http://smpdb.ca/pathways/#CompoundReference/PW_C040034,abstraction:ReactsWith,http://smpdb.ca/pathways/#CompoundReference/PW_C044565
http://smpdb.ca/pathways/#GenericCompoundReference/227,abstraction:ReactsWith,http://smpdb.ca/pathways/#CompoundReference/PW_C044586
http://smpdb.ca/pathways/#CompoundReference/PW_C000110,abstraction:ReactsWith,http://smpdb.ca/pathways/#CompoundReference/PW_C001420
http://smpdb.ca/pathways/#CompoundReference/PW_C040034,abstraction:ReactsWith,http://smpdb.ca/pathways/#CompoundReference/PW_C001216
http://smpdb.ca/pathways/#CompoundReference/PW_C000146,abstraction:ReactsWith,http://smpdb.ca/pathways/#CompoundReference/PW_C002948
http://smpdb.ca/pathways/#CompoundReference/PW_C000721,abstraction:ReactsWith,http://smpdb.ca/pathways/#CompoundReference/PW_C040488
http://smpdb.ca/pathways/#CompoundReference/PW_C000044,abstraction:ReactsWith,http://smpdb.ca/pathways/#CompoundReference/PW_C000414
http://smpdb.ca/pathways/#CompoundReference/PW_C000693,abstraction:ReactsWith,http://smpdb.ca/pathways/#CompoundReference/PW_C001065
http://smpdb.ca/pathways/#CompoundReference/PW_C001906,abstraction:ReactsWith,http://smpdb.ca/pathways/#CompoundReference/PW_C000143
http://smpdb.ca/pathways/#CompoundReference/PW_C000146,abstraction:ReactsWith,http://smpdb.ca/pathways/#CompoundReference/PW_C044583
http://smpdb.ca/pathways/#CompoundReference/PW_C000414,abstraction:ReactsWith,http://smpdb.ca/pathways/#CompoundReference/PW_C001900
http://smpdb.ca/pathways/#CompoundReference/PW_C000164,abstraction:ReactsWith,http://smpdb.ca/pathways/#CompoundReference/PW_C001420
http://smpdb.ca/pathways/#CompoundReference/PW_C001065,abstraction:ReactsWith,http://smpdb.ca/pathways/#CompoundReference/PW_C001017
http://smpdb.ca/pathways/#CompoundReference/PW_C001420,abstraction:ReactsWith,http://smpdb.ca/pathways/#CompoundReference/PW_C001316
http://smpdb.ca/pathways/#CompoundReference/PW_C003149,abstraction:ReactsWith,http://smpdb.ca/pathways/#CompoundReference/PW_C001201
http://smpdb.ca/pathways/#CompoundReference/PW_C000414,abstraction:ReactsWith,http://smpdb.ca/pathways/#GenericCompoundReference/82
http://smpdb.ca/pathways/#CompoundReference/PW_C000891,abstraction:ReactsWith,http://smpdb.ca/pathways/#CompoundReference/PW_C000175
http://smpdb.ca/pathways/#CompoundReference/PW_C000358,abstraction:ReactsWith,http://smpdb.ca/pathways/#CompoundReference/PW_C001065
http://smpdb.ca/pathways/#CompoundReference/PW_C000414,abstraction:ReactsWith,http://smpdb.ca/pathways/#CompoundReference/PW_C000148
http://smpdb.ca/pathways/#CompoundReference/PW_C001077,abstraction:ReactsWith,http://smpdb.ca/pathways/#CompoundReference/PW_C040773
http://smpdb.ca/pathways/#GenericCompoundReference/73,abstraction:ReactsWith,http://smpdb.ca/pathways/#CompoundReference/PW_C000201
http://smpdb.ca/pathways/#CompoundReference/PW_C000853,abstraction:ReactsWith,http://smpdb.ca/pathways/#CompoundReference/PW_C000146
http://smpdb.ca/pathways/#CompoundReference/PW_C040034,abstraction:ReactsWith,http://smpdb.ca/pathways/#CompoundReference/PW_C057885
http://smpdb.ca/pathways/#CompoundReference/PW_C044523,abstraction:ReactsWith,http://smpdb.ca/pathways/#CompoundReference/PW_C001849
http://smpdb.ca/pathways/#CompoundReference/PW_C001144,abstraction:ReactsWith,http://smpdb.ca/pathways/#CompoundReference/PW_C000768
http://smpdb.ca/pathways/#CompoundReference/PW_C042631,abstraction:ReactsWith,http://smpdb.ca/pathways/#CompoundReference/PW_C044553
http://smpdb.ca/pathways/#CompoundReference/PW_C000940,abstraction:ReactsWith,http://smpdb.ca/pathways/#CompoundReference/PW_C001142
http://smpdb.ca/pathways/#CompoundReference/PW_C000986,abstraction:ReactsWith,http://smpdb.ca/pathways/#CompoundReference/PW_C001099
http://smpdb.ca/pathways/#CompoundReference/PW_C000176,abstraction:ReactsWith,http://smpdb.ca/pathways/#CompoundReference/PW_C001420
http://smpdb.ca/pathways/#CompoundReference/PW_C001055,abstraction:ReactsWith,http://smpdb.ca/pathways/#CompoundReference/PW_C040034
http://smpdb.ca/pathways/#CompoundReference/PW_C001065,abstraction:ReactsWith,http://smpdb.ca/pathways/#CompoundReference/PW_C007816
http://smpdb.ca/pathways/#CompoundReference/PW_C001051,abstraction:ReactsWith,http://smpdb.ca/pathways/#CompoundReference/PW_C000035
http://smpdb.ca/pathways/#CompoundReference/PW_C002989,abstraction:ReactsWith,http://smpdb.ca/pathways/#CompoundReference/PW_C000143
http://smpdb.ca/pathways/#CompoundReference/PW_C040034,abstraction:ReactsWith,http://smpdb.ca/pathways/#CompoundReference/PW_C016137
http://smpdb.ca/pathways/#CompoundReference/PW_C000092,abstraction:ReactsWith,http://smpdb.ca/pathways/#GenericCompoundReference/83
http://smpdb.ca/pathways/#GenericCompoundReference/69,abstraction:ReactsWith,http://smpdb.ca/pathways/#CompoundReference/PW_C000960
http://smpdb.ca/pathways/#GenericCompoundReference/218,abstraction:ReactsWith,http://smpdb.ca/pathways/#CompoundReference/PW_C040034
http://smpdb.ca/pathways/#CompoundReference/PW_C000921,abstraction:ReactsWith,http://smpdb.ca/pathways/#GenericCompoundReference/559
http://smpdb.ca/pathways/#CompoundReference/PW_C001009,abstraction:ReactsWith,http://smpdb.ca/pathways/#GenericCompoundReference/231
http://smpdb.ca/pathways/#CompoundReference/PW_C001065,abstraction:ReactsWith,http://smpdb.ca/pathways/#CompoundReference/PW_C000946
http://smpdb.ca/pathways/#CompoundReference/PW_C001420,abstraction:ReactsWith,http://smpdb.ca/pathways/#CompoundReference/PW_C008696
http://smpdb.ca/pathways/#CompoundReference/PW_C001420,abstraction:ReactsWith,http://smpdb.ca/pathways/#CompoundReference/PW_C000123
http://smpdb.ca/pathways/#CompoundReference/PW_C000143,abstraction:ReactsWith,http://smpdb.ca/pathways/#CompoundReference/PW_C000134
http://smpdb.ca/pathways/#GenericCompoundReference/14,abstraction:ReactsWith,http://smpdb.ca/pathways/#CompoundReference/PW_C000921
http://smpdb.ca/pathways/#CompoundReference/PW_C002151,abstraction:ReactsWith,http://smpdb.ca/pathways/#CompoundReference/PW_C008122
http://smpdb.ca/pathways/#CompoundReference/PW_C040034,abstraction:ReactsWith,http://smpdb.ca/pathways/#CompoundReference/PW_C002145
http://smpdb.ca/pathways/#CompoundReference/PW_C001221,abstraction:ReactsWith,http://smpdb.ca/pathways/#CompoundReference/PW_C000092
http://smpdb.ca/pathways/#CompoundReference/PW_C000414,abstraction:ReactsWith,http://smpdb.ca/pathways/#CompoundReference/PW_C001406
http://smpdb.ca/pathways/#CompoundReference/PW_C041604,abstraction:ReactsWith,http://smpdb.ca/pathways/#CompoundReference/PW_C000146
http://smpdb.ca/pathways/#CompoundReference/PW_C040034,abstraction:ReactsWith,http://smpdb.ca/pathways/#CompoundReference/PW_C001118
http://smpdb.ca/pathways/#CompoundReference/PW_C001420,abstraction:ReactsWith,http://smpdb.ca/pathways/#CompoundReference/PW_C000654
http://smpdb.ca/pathways/#CompoundReference/PW_C002043,abstraction:ReactsWith,http://smpdb.ca/pathways/#CompoundReference/PW_C001065
http://smpdb.ca/pathways/#CompoundReference/PW_C001603,abstraction:ReactsWith,http://smpdb.ca/pathways/#CompoundReference/PW_C040034
http://smpdb.ca/pathways/#CompoundReference/PW_C057906,abstraction:ReactsWith,http://smpdb.ca/pathways/#CompoundReference/PW_C000031
http://smpdb.ca/pathways/#CompoundReference/PW_C000040,abstraction:ReactsWith,http://smpdb.ca/pathways/#CompoundReference/PW_C000414
http://smpdb.ca/pathways/#CompoundReference/PW_C040920,abstraction:ReactsWith,http://smpdb.ca/pathways/#CompoundReference/PW_C000448
http://smpdb.ca/pathways/#CompoundReference/PW_C096924,abstraction:ReactsWith,http://smpdb.ca/pathways/#CompoundReference/PW_C040034
http://smpdb.ca/pathways/#CompoundReference/PW_C040034,abstraction:ReactsWith,http://smpdb.ca/pathways/#GenericCompoundReference/218
http://smpdb.ca/pathways/#CompoundReference/PW_C015864,abstraction:ReactsWith,http://smpdb.ca/pathways/#CompoundReference/PW_C000414
http://smpdb.ca/pathways/#CompoundReference/PW_C040034,abstraction:ReactsWith,http://smpdb.ca/pathways/#CompoundReference/PW_C040839
http://smpdb.ca/pathways/#CompoundReference/PW_C000031,abstraction:ReactsWith,http://smpdb.ca/pathways/#CompoundReference/PW_C001065
http://smpdb.ca/pathways/#CompoundReference/PW_C001065,abstraction:ReactsWith,http://smpdb.ca/pathways/#CompoundReference/PW_C040095
http://smpdb.ca/pathways/#CompoundReference/PW_C000414,abstraction:ReactsWith,http://smpdb.ca/pathways/#CompoundReference/PW_C000191
http://smpdb.ca/pathways/#CompoundReference/PW_C003904,abstraction:ReactsWith,http://smpdb.ca/pathways/#CompoundReference/PW_C001031
http://smpdb.ca/pathways/#CompoundReference/PW_C000146,abstraction:ReactsWith,http://smpdb.ca/pathways/#CompoundReference/PW_C002362
http://smpdb.ca/pathways/#CompoundReference/PW_C001065,abstraction:ReactsWith,http://smpdb.ca/pathways/#CompoundReference/PW_C059085
http://smpdb.ca/pathways/#CompoundReference/PW_C042631,abstraction:ReactsWith,http://smpdb.ca/pathways/#CompoundReference/PW_C001031
http://smpdb.ca/pathways/#CompoundReference/PW_C002313,abstraction:ReactsWith,http://smpdb.ca/pathways/#CompoundReference/PW_C003990
http://smpdb.ca/pathways/#CompoundReference/PW_C043000,abstraction:ReactsWith,http://smpdb.ca/pathways/#CompoundReference/PW_C001104
http://smpdb.ca/pathways/#CompoundReference/PW_C040034,abstraction:ReactsWith,http://smpdb.ca/pathways/#CompoundReference/PW_C001032
http://smpdb.ca/pathways/#CompoundReference/PW_C000146,abstraction:ReactsWith,http://smpdb.ca/pathways/#CompoundReference/PW_C057934
http://smpdb.ca/pathways/#CompoundReference/PW_C001019,abstraction:ReactsWith,http://smpdb.ca/pathways/#CompoundReference/PW_C001134
http://smpdb.ca/pathways/#CompoundReference/PW_C000143,abstraction:ReactsWith,http://smpdb.ca/pathways/#CompoundReference/PW_C007720
http://smpdb.ca/pathways/#CompoundReference/PW_C001099,abstraction:ReactsWith,http://smpdb.ca/pathways/#CompoundReference/PW_C040744
http://smpdb.ca/pathways/#CompoundReference/PW_C044553,abstraction:ReactsWith,http://smpdb.ca/pathways/#CompoundReference/PW_C000081
http://smpdb.ca/pathways/#CompoundReference/PW_C001061,abstraction:ReactsWith,http://smpdb.ca/pathways/#CompoundReference/PW_C001420
http://smpdb.ca/pathways/#CompoundReference/PW_C002937,abstraction:ReactsWith,http://smpdb.ca/pathways/#CompoundReference/PW_C001420
http://smpdb.ca/pathways/#CompoundReference/PW_C044543,abstraction:ReactsWith,http://smpdb.ca/pathways/#CompoundReference/PW_C000146
http://smpdb.ca/pathways/#CompoundReference/PW_C001144,abstraction:ReactsWith,http://smpdb.ca/pathways/#CompoundReference/PW_C000846
http://smpdb.ca/pathways/#CompoundReference/PW_C104659,abstraction:ReactsWith,http://smpdb.ca/pathways/#CompoundReference/PW_C000544
http://smpdb.ca/pathways/#CompoundReference/PW_C001448,abstraction:ReactsWith,http://smpdb.ca/pathways/#CompoundReference/PW_C000143
http://smpdb.ca/pathways/#CompoundReference/PW_C000500,abstraction:ReactsWith,http://smpdb.ca/pathways/#CompoundReference/PW_C040034
http://smpdb.ca/pathways/#CompoundReference/PW_C008794,abstraction:ReactsWith,http://smpdb.ca/pathways/#CompoundReference/PW_C000146
http://smpdb.ca/pathways/#CompoundReference/PW_C001420,abstraction:ReactsWith,http://smpdb.ca/pathways/#CompoundReference/PW_C007130
http://smpdb.ca/pathways/#CompoundReference/PW_C000003,abstraction:ReactsWith,http://smpdb.ca/pathways/#CompoundReference/PW_C040034
http://smpdb.ca/pathways/#CompoundReference/PW_C040034,abstraction:ReactsWith,http://smpdb.ca/pathways/#CompoundReference/PW_C057891
http://smpdb.ca/pathways/#CompoundReference/PW_C001144,abstraction:ReactsWith,http://smpdb.ca/pathways/#CompoundReference/PW_C009558
http://smpdb.ca/pathways/#CompoundReference/PW_C000971,abstraction:ReactsWith,http://smpdb.ca/pathways/#CompoundReference/PW_C000940
http://smpdb.ca/pathways/#CompoundReference/PW_C007308,abstraction:ReactsWith,http://smpdb.ca/pathways/#CompoundReference/PW_C001420
http://smpdb.ca/pathways/#CompoundReference/PW_C000081,abstraction:ReactsWith,http://smpdb.ca/pathways/#CompoundReference/PW_C001347
http://smpdb.ca/pathways/#CompoundReference/PW_C002980,abstraction:ReactsWith,http://smpdb.ca/pathways/#CompoundReference/PW_C001099
http://smpdb.ca/pathways/#CompoundReference/PW_C000742,abstraction:ReactsWith,http://smpdb.ca/pathways/#CompoundReference/PW_C040034
http://smpdb.ca/pathways/#CompoundReference/PW_C044546,abstraction:ReactsWith,http://smpdb.ca/pathways/#CompoundReference/PW_C040034
http://smpdb.ca/pathways/#CompoundReference/PW_C001202,abstraction:ReactsWith,http://smpdb.ca/pathways/#CompoundReference/PW_C000057
http://smpdb.ca/pathways/#CompoundReference/PW_C001144,abstraction:ReactsWith,http://smpdb.ca/pathways/#CompoundReference/PW_C042631
http://smpdb.ca/pathways/#CompoundReference/PW_C000106,abstraction:ReactsWith,http://smpdb.ca/pathways/#CompoundReference/PW_C040034
http://smpdb.ca/pathways/#CompoundReference/PW_C000975,abstraction:ReactsWith,http://smpdb.ca/pathways/#CompoundReference/PW_C000414
http://smpdb.ca/pathways/#CompoundReference/PW_C000414,abstraction:ReactsWith,http://smpdb.ca/pathways/#CompoundReference/PW_C040681
http://smpdb.ca/pathways/#CompoundReference/PW_C001065,abstraction:ReactsWith,http://smpdb.ca/pathways/#CompoundReference/PW_C001435
http://smpdb.ca/pathways/#CompoundReference/PW_C040459,abstraction:ReactsWith,http://smpdb.ca/pathways/#CompoundReference/PW_C000414
http://smpdb.ca/pathways/#CompoundReference/PW_C057915,abstraction:ReactsWith,http://smpdb.ca/pathways/#CompoundReference/PW_C001316
http://smpdb.ca/pathways/#CompoundReference/PW_C104669,abstraction:ReactsWith,http://smpdb.ca/pathways/#CompoundReference/PW_C040034
http://smpdb.ca/pathways/#CompoundReference/PW_C040716,abstraction:ReactsWith,http://smpdb.ca/pathways/#CompoundReference/PW_C001144
http://smpdb.ca/pathways/#CompoundReference/PW_C000146,abstraction:ReactsWith,http://smpdb.ca/pathways/#CompoundReference/PW_C044546
http://smpdb.ca/pathways/#CompoundReference/PW_C000872,abstraction:ReactsWith,http://smpdb.ca/pathways/#CompoundReference/PW_C040034
http://smpdb.ca/pathways/#CompoundReference/PW_C001420,abstraction:ReactsWith,http://smpdb.ca/pathways/#CompoundReference/PW_C011313
http://smpdb.ca/pathways/#CompoundReference/PW_C001009,abstraction:ReactsWith,http://smpdb.ca/pathways/#CompoundReference/PW_C001860
http://smpdb.ca/pathways/#CompoundReference/PW_C000543,abstraction:ReactsWith,http://smpdb.ca/pathways/#CompoundReference/PW_C000412
http://smpdb.ca/pathways/#CompoundReference/PW_C040034,abstraction:ReactsWith,http://smpdb.ca/pathways/#CompoundReference/PW_C002008
http://smpdb.ca/pathways/#CompoundReference/PW_C002943,abstraction:ReactsWith,http://smpdb.ca/pathways/#CompoundReference/PW_C001441
http://smpdb.ca/pathways/#CompoundReference/PW_C007723,abstraction:ReactsWith,http://smpdb.ca/pathways/#CompoundReference/PW_C001065
http://smpdb.ca/pathways/#CompoundReference/PW_C001199,abstraction:ReactsWith,http://smpdb.ca/pathways/#CompoundReference/PW_C000095
http://smpdb.ca/pathways/#CompoundReference/PW_C000146,abstraction:ReactsWith,http://smpdb.ca/pathways/#CompoundReference/PW_C043847
http://smpdb.ca/pathways/#CompoundReference/PW_C001038,abstraction:ReactsWith,http://smpdb.ca/pathways/#CompoundReference/PW_C040034
http://smpdb.ca/pathways/#CompoundReference/PW_C040034,abstraction:ReactsWith,http://smpdb.ca/pathways/#CompoundReference/PW_C057890
http://smpdb.ca/pathways/#CompoundReference/PW_C001090,abstraction:ReactsWith,http://smpdb.ca/pathways/#CompoundReference/PW_C000414
http://smpdb.ca/pathways/#CompoundReference/PW_C040659,abstraction:ReactsWith,http://smpdb.ca/pathways/#CompoundReference/PW_C000201
http://smpdb.ca/pathways/#CompoundReference/PW_C040989,abstraction:ReactsWith,http://smpdb.ca/pathways/#CompoundReference/PW_C000414
http://smpdb.ca/pathways/#CompoundReference/PW_C104580,abstraction:ReactsWith,http://smpdb.ca/pathways/#CompoundReference/PW_C040034
http://smpdb.ca/pathways/#CompoundReference/PW_C000414,abstraction:ReactsWith,http://smpdb.ca/pathways/#CompoundReference/PW_C000366
http://smpdb.ca/pathways/#CompoundReference/PW_C040494,abstraction:ReactsWith,http://smpdb.ca/pathways/#CompoundReference/PW_C000886
http://smpdb.ca/pathways/#CompoundReference/PW_C000414,abstraction:ReactsWith,http://smpdb.ca/pathways/#CompoundReference/PW_C000390
http://smpdb.ca/pathways/#CompoundReference/PW_C002031,abstraction:ReactsWith,http://smpdb.ca/pathways/#CompoundReference/PW_C040034
http://smpdb.ca/pathways/#CompoundReference/PW_C041090,abstraction:ReactsWith,http://smpdb.ca/pathways/#CompoundReference/PW_C002145
http://smpdb.ca/pathways/#CompoundReference/PW_C000921,abstraction:ReactsWith,http://smpdb.ca/pathways/#CompoundReference/PW_C042944
http://smpdb.ca/pathways/#CompoundReference/PW_C000613,abstraction:ReactsWith,http://smpdb.ca/pathways/#CompoundReference/PW_C000414
http://smpdb.ca/pathways/#CompoundReference/PW_C041287,abstraction:ReactsWith,http://smpdb.ca/pathways/#CompoundReference/PW_C040034
http://smpdb.ca/pathways/#CompoundReference/PW_C040034,abstraction:ReactsWith,http://smpdb.ca/pathways/#CompoundReference/PW_C044520
http://smpdb.ca/pathways/#CompoundReference/PW_C007757,abstraction:ReactsWith,http://smpdb.ca/pathways/#CompoundReference/PW_C007824
http://smpdb.ca/pathways/#CompoundReference/PW_C040034,abstraction:ReactsWith,http://smpdb.ca/pathways/#CompoundReference/PW_C001924
http://smpdb.ca/pathways/#CompoundReference/PW_C012708,abstraction:ReactsWith,http://smpdb.ca/pathways/#CompoundReference/PW_C001144
http://smpdb.ca/pathways/#CompoundReference/PW_C000414,abstraction:ReactsWith,http://smpdb.ca/pathways/#CompoundReference/PW_C040659
http://smpdb.ca/pathways/#CompoundReference/PW_C000414,abstraction:ReactsWith,http://smpdb.ca/pathways/#CompoundReference/PW_C000721
http://smpdb.ca/pathways/#CompoundReference/PW_C001065,abstraction:ReactsWith,http://smpdb.ca/pathways/#CompoundReference/PW_C040564
http://smpdb.ca/pathways/#CompoundReference/PW_C000116,abstraction:ReactsWith,http://smpdb.ca/pathways/#CompoundReference/PW_C040034
http://smpdb.ca/pathways/#CompoundReference/PW_C001144,abstraction:ReactsWith,http://smpdb.ca/pathways/#CompoundReference/PW_C000237
http://smpdb.ca/pathways/#CompoundReference/PW_C045257,abstraction:ReactsWith,http://smpdb.ca/pathways/#GenericCompoundReference/302
http://smpdb.ca/pathways/#CompoundReference/PW_C001003,abstraction:ReactsWith,http://smpdb.ca/pathways/#CompoundReference/PW_C000721
http://smpdb.ca/pathways/#CompoundReference/PW_C000746,abstraction:ReactsWith,http://smpdb.ca/pathways/#CompoundReference/PW_C008647
http://smpdb.ca/pathways/#CompoundReference/PW_C001065,abstraction:ReactsWith,http://smpdb.ca/pathways/#CompoundReference/PW_C002350
http://smpdb.ca/pathways/#CompoundReference/PW_C057929,abstraction:ReactsWith,http://smpdb.ca/pathways/#CompoundReference/PW_C001420
http://smpdb.ca/pathways/#CompoundReference/PW_C000975,abstraction:ReactsWith,http://smpdb.ca/pathways/#CompoundReference/PW_C001420
http://smpdb.ca/pathways/#CompoundReference/PW_C040459,abstraction:ReactsWith,http://smpdb.ca/pathways/#CompoundReference/PW_C001420
http://smpdb.ca/pathways/#CompoundReference/PW_C000414,abstraction:ReactsWith,http://smpdb.ca/pathways/#CompoundReference/PW_C009064
http://smpdb.ca/pathways/#CompoundReference/PW_C002974,abstraction:ReactsWith,http://smpdb.ca/pathways/#CompoundReference/PW_C000146
http://smpdb.ca/pathways/#GenericCompoundReference/560,abstraction:ReactsWith,http://smpdb.ca/pathways/#CompoundReference/PW_C001420
http://smpdb.ca/pathways/#CompoundReference/PW_C001034,abstraction:ReactsWith,http://smpdb.ca/pathways/#CompoundReference/PW_C002108
http://smpdb.ca/pathways/#CompoundReference/PW_C040991,abstraction:ReactsWith,http://smpdb.ca/pathways/#CompoundReference/PW_C000414
http://smpdb.ca/pathways/#CompoundReference/PW_C000544,abstraction:ReactsWith,http://smpdb.ca/pathways/#CompoundReference/PW_C002963
http://smpdb.ca/pathways/#CompoundReference/PW_C001051,abstraction:ReactsWith,http://smpdb.ca/pathways/#CompoundReference/PW_C041546
http://smpdb.ca/pathways/#CompoundReference/PW_C001065,abstraction:ReactsWith,http://smpdb.ca/pathways/#CompoundReference/PW_C001316
http://smpdb.ca/pathways/#CompoundReference/PW_C000414,abstraction:ReactsWith,http://smpdb.ca/pathways/#CompoundReference/PW_C001327
http://smpdb.ca/pathways/#CompoundReference/PW_C000146,abstraction:ReactsWith,http://smpdb.ca/pathways/#CompoundReference/PW_C017617
http://smpdb.ca/pathways/#CompoundReference/PW_C002742,abstraction:ReactsWith,http://smpdb.ca/pathways/#CompoundReference/PW_C000940
http://smpdb.ca/pathways/#CompoundReference/PW_C000125,abstraction:ReactsWith,http://smpdb.ca/pathways/#CompoundReference/PW_C000143
http://smpdb.ca/pathways/#CompoundReference/PW_C001989,abstraction:ReactsWith,http://smpdb.ca/pathways/#CompoundReference/PW_C000146
http://smpdb.ca/pathways/#CompoundReference/PW_C003011,abstraction:ReactsWith,http://smpdb.ca/pathways/#CompoundReference/PW_C000146
http://smpdb.ca/pathways/#CompoundReference/PW_C001144,abstraction:ReactsWith,http://smpdb.ca/pathways/#CompoundReference/PW_C009638
http://smpdb.ca/pathways/#CompoundReference/PW_C000223,abstraction:ReactsWith,http://smpdb.ca/pathways/#CompoundReference/PW_C001065
http://smpdb.ca/pathways/#CompoundReference/PW_C001967,abstraction:ReactsWith,http://smpdb.ca/pathways/#CompoundReference/PW_C001144
http://smpdb.ca/pathways/#CompoundReference/PW_C000414,abstraction:ReactsWith,http://smpdb.ca/pathways/#CompoundReference/PW_C006015
http://smpdb.ca/pathways/#CompoundReference/PW_C001535,abstraction:ReactsWith,http://smpdb.ca/pathways/#CompoundReference/PW_C001420
http://smpdb.ca/pathways/#CompoundReference/PW_C001065,abstraction:ReactsWith,http://smpdb.ca/pathways/#CompoundReference/PW_C002778
http://smpdb.ca/pathways/#CompoundReference/PW_C040034,abstraction:ReactsWith,http://smpdb.ca/pathways/#CompoundReference/PW_C001951
http://smpdb.ca/pathways/#CompoundReference/PW_C001104,abstraction:ReactsWith,http://smpdb.ca/pathways/#CompoundReference/PW_C040034
http://smpdb.ca/pathways/#CompoundReference/PW_C001589,abstraction:ReactsWith,http://smpdb.ca/pathways/#CompoundReference/PW_C000414
http://smpdb.ca/pathways/#CompoundReference/PW_C000171,abstraction:ReactsWith,http://smpdb.ca/pathways/#CompoundReference/PW_C001062
http://smpdb.ca/pathways/#CompoundReference/PW_C006752,abstraction:ReactsWith,http://smpdb.ca/pathways/#CompoundReference/PW_C000414
http://smpdb.ca/pathways/#CompoundReference/PW_C001077,abstraction:ReactsWith,http://smpdb.ca/pathways/#CompoundReference/PW_C044557
http://smpdb.ca/pathways/#CompoundReference/PW_C000201,abstraction:ReactsWith,http://smpdb.ca/pathways/#CompoundReference/PW_C000414
http://smpdb.ca/pathways/#CompoundReference/PW_C008122,abstraction:ReactsWith,http://smpdb.ca/pathways/#CompoundReference/PW_C000911
http://smpdb.ca/pathways/#GenericCompoundReference/539,abstraction:ReactsWith,http://smpdb.ca/pathways/#CompoundReference/PW_C007743
http://smpdb.ca/pathways/#CompoundReference/PW_C000862,abstraction:ReactsWith,http://smpdb.ca/pathways/#CompoundReference/PW_C000123
http://smpdb.ca/pathways/#CompoundReference/PW_C000057,abstraction:ReactsWith,http://smpdb.ca/pathways/#CompoundReference/PW_C057892
http://smpdb.ca/pathways/#CompoundReference/PW_C000548,abstraction:ReactsWith,http://smpdb.ca/pathways/#CompoundReference/PW_C000414
http://smpdb.ca/pathways/#CompoundReference/PW_C000784,abstraction:ReactsWith,http://smpdb.ca/pathways/#CompoundReference/PW_C001420
http://smpdb.ca/pathways/#CompoundReference/PW_C000203,abstraction:ReactsWith,http://smpdb.ca/pathways/#CompoundReference/PW_C001104
http://smpdb.ca/pathways/#GenericCompoundReference/255,abstraction:ReactsWith,http://smpdb.ca/pathways/#CompoundReference/PW_C000721
http://smpdb.ca/pathways/#GenericCompoundReference/210,abstraction:ReactsWith,http://smpdb.ca/pathways/#CompoundReference/PW_C003149
http://smpdb.ca/pathways/#CompoundReference/PW_C002029,abstraction:ReactsWith,http://smpdb.ca/pathways/#GenericCompoundReference/40
http://smpdb.ca/pathways/#GenericCompoundReference/162,abstraction:ReactsWith,http://smpdb.ca/pathways/#CompoundReference/PW_C040034
http://smpdb.ca/pathways/#GenericCompoundReference/521,abstraction:ReactsWith,http://smpdb.ca/pathways/#CompoundReference/PW_C040034
http://smpdb.ca/pathways/#CompoundReference/PW_C001065,abstraction:ReactsWith,http://smpdb.ca/pathways/#CompoundReference/PW_C000123
http://smpdb.ca/pathways/#CompoundReference/PW_C000414,abstraction:ReactsWith,http://smpdb.ca/pathways/#CompoundReference/PW_C009640
http://smpdb.ca/pathways/#CompoundReference/PW_C000500,abstraction:ReactsWith,http://smpdb.ca/pathways/#CompoundReference/PW_C040505
http://smpdb.ca/pathways/#CompoundReference/PW_C040034,abstraction:ReactsWith,http://smpdb.ca/pathways/#GenericCompoundReference/530
http://smpdb.ca/pathways/#GenericCompoundReference/85,abstraction:ReactsWith,http://smpdb.ca/pathways/#CompoundReference/PW_C040034
http://smpdb.ca/pathways/#CompoundReference/PW_C000809,abstraction:ReactsWith,http://smpdb.ca/pathways/#CompoundReference/PW_C040034
http://smpdb.ca/pathways/#CompoundReference/PW_C000746,abstraction:ReactsWith,http://smpdb.ca/pathways/#CompoundReference/PW_C000021
http://smpdb.ca/pathways/#CompoundReference/PW_C040972,abstraction:ReactsWith,http://smpdb.ca/pathways/#CompoundReference/PW_C040034
http://smpdb.ca/pathways/#CompoundReference/PW_C001420,abstraction:ReactsWith,http://smpdb.ca/pathways/#CompoundReference/PW_C040928
http://smpdb.ca/pathways/#CompoundReference/PW_C000497,abstraction:ReactsWith,http://smpdb.ca/pathways/#CompoundReference/PW_C000543
http://smpdb.ca/pathways/#CompoundReference/PW_C041126,abstraction:ReactsWith,http://smpdb.ca/pathways/#CompoundReference/PW_C040034
http://smpdb.ca/pathways/#CompoundReference/PW_C040034,abstraction:ReactsWith,http://smpdb.ca/pathways/#CompoundReference/PW_C045257
http://smpdb.ca/pathways/#GenericCompoundReference/306,abstraction:ReactsWith,http://smpdb.ca/pathways/#CompoundReference/PW_C000874
http://smpdb.ca/pathways/#CompoundReference/PW_C000414,abstraction:ReactsWith,http://smpdb.ca/pathways/#GenericCompoundReference/83
http://smpdb.ca/pathways/#CompoundReference/PW_C001065,abstraction:ReactsWith,http://smpdb.ca/pathways/#CompoundReference/PW_C001336
http://smpdb.ca/pathways/#CompoundReference/PW_C001065,abstraction:ReactsWith,http://smpdb.ca/pathways/#CompoundReference/PW_C000654
http://smpdb.ca/pathways/#CompoundReference/PW_C001420,abstraction:ReactsWith,http://smpdb.ca/pathways/#CompoundReference/PW_C022605
http://smpdb.ca/pathways/#CompoundReference/PW_C007803,abstraction:ReactsWith,http://smpdb.ca/pathways/#CompoundReference/PW_C000080
http://smpdb.ca/pathways/#CompoundReference/PW_C000721,abstraction:ReactsWith,http://smpdb.ca/pathways/#CompoundReference/PW_C041198
http://smpdb.ca/pathways/#CompoundReference/PW_C001086,abstraction:ReactsWith,http://smpdb.ca/pathways/#CompoundReference/PW_C000190
http://smpdb.ca/pathways/#CompoundReference/PW_C002679,abstraction:ReactsWith,http://smpdb.ca/pathways/#CompoundReference/PW_C001420
http://smpdb.ca/pathways/#CompoundReference/PW_C001420,abstraction:ReactsWith,http://smpdb.ca/pathways/#GenericCompoundReference/368
http://smpdb.ca/pathways/#CompoundReference/PW_C001420,abstraction:ReactsWith,http://smpdb.ca/pathways/#CompoundReference/PW_C007219
http://smpdb.ca/pathways/#CompoundReference/PW_C042618,abstraction:ReactsWith,http://smpdb.ca/pathways/#CompoundReference/PW_C096928
http://smpdb.ca/pathways/#CompoundReference/PW_C000414,abstraction:ReactsWith,http://smpdb.ca/pathways/#CompoundReference/PW_C008834
http://smpdb.ca/pathways/#CompoundReference/PW_C001104,abstraction:ReactsWith,http://smpdb.ca/pathways/#CompoundReference/PW_C001161
http://smpdb.ca/pathways/#CompoundReference/PW_C000146,abstraction:ReactsWith,http://smpdb.ca/pathways/#CompoundReference/PW_C000263
http://smpdb.ca/pathways/#CompoundReference/PW_C000643,abstraction:ReactsWith,http://smpdb.ca/pathways/#CompoundReference/PW_C000543
http://smpdb.ca/pathways/#CompoundReference/PW_C001714,abstraction:ReactsWith,http://smpdb.ca/pathways/#CompoundReference/PW_C001065
http://smpdb.ca/pathways/#CompoundReference/PW_C000146,abstraction:ReactsWith,http://smpdb.ca/pathways/#CompoundReference/PW_C000076
http://smpdb.ca/pathways/#CompoundReference/PW_C000061,abstraction:ReactsWith,http://smpdb.ca/pathways/#CompoundReference/PW_C001420
http://smpdb.ca/pathways/#CompoundReference/PW_C001065,abstraction:ReactsWith,http://smpdb.ca/pathways/#CompoundReference/PW_C002016
http://smpdb.ca/pathways/#CompoundReference/PW_C040034,abstraction:ReactsWith,http://smpdb.ca/pathways/#CompoundReference/PW_C044540
http://smpdb.ca/pathways/#CompoundReference/PW_C000078,abstraction:ReactsWith,http://smpdb.ca/pathways/#CompoundReference/PW_C001062
http://smpdb.ca/pathways/#CompoundReference/PW_C042663,abstraction:ReactsWith,http://smpdb.ca/pathways/#CompoundReference/PW_C041033
http://smpdb.ca/pathways/#CompoundReference/PW_C000143,abstraction:ReactsWith,http://smpdb.ca/pathways/#CompoundReference/PW_C000053
http://smpdb.ca/pathways/#CompoundReference/PW_C002040,abstraction:ReactsWith,http://smpdb.ca/pathways/#CompoundReference/PW_C104696
http://smpdb.ca/pathways/#CompoundReference/PW_C006752,abstraction:ReactsWith,http://smpdb.ca/pathways/#CompoundReference/PW_C001420
http://smpdb.ca/pathways/#CompoundReference/PW_C001420,abstraction:ReactsWith,http://smpdb.ca/pathways/#CompoundReference/PW_C000448
http://smpdb.ca/pathways/#CompoundReference/PW_C001860,abstraction:ReactsWith,http://smpdb.ca/pathways/#CompoundReference/PW_C000174
http://smpdb.ca/pathways/#CompoundReference/PW_C000201,abstraction:ReactsWith,http://smpdb.ca/pathways/#CompoundReference/PW_C001420
http://smpdb.ca/pathways/#CompoundReference/PW_C000366,abstraction:ReactsWith,http://smpdb.ca/pathways/#GenericCompoundReference/228
http://smpdb.ca/pathways/#CompoundReference/PW_C001065,abstraction:ReactsWith,http://smpdb.ca/pathways/#CompoundReference/PW_C002946
http://smpdb.ca/pathways/#CompoundReference/PW_C000721,abstraction:ReactsWith,http://smpdb.ca/pathways/#CompoundReference/PW_C040656
http://smpdb.ca/pathways/#CompoundReference/PW_C000042,abstraction:ReactsWith,http://smpdb.ca/pathways/#CompoundReference/PW_C000940
http://smpdb.ca/pathways/#CompoundReference/PW_C000721,abstraction:ReactsWith,http://smpdb.ca/pathways/#CompoundReference/PW_C041253
http://smpdb.ca/pathways/#CompoundReference/PW_C009184,abstraction:ReactsWith,http://smpdb.ca/pathways/#CompoundReference/PW_C000414
http://smpdb.ca/pathways/#CompoundReference/PW_C000548,abstraction:ReactsWith,http://smpdb.ca/pathways/#CompoundReference/PW_C001420
http://smpdb.ca/pathways/#CompoundReference/PW_C001755,abstraction:ReactsWith,http://smpdb.ca/pathways/#CompoundReference/PW_C000176
http://smpdb.ca/pathways/#CompoundReference/PW_C000414,abstraction:ReactsWith,http://smpdb.ca/pathways/#CompoundReference/PW_C000032
http://smpdb.ca/pathways/#CompoundReference/PW_C057893,abstraction:ReactsWith,http://smpdb.ca/pathways/#CompoundReference/PW_C040034
http://smpdb.ca/pathways/#CompoundReference/PW_C000170,abstraction:ReactsWith,http://smpdb.ca/pathways/#CompoundReference/PW_C040083
http://smpdb.ca/pathways/#CompoundReference/PW_C001838,abstraction:ReactsWith,http://smpdb.ca/pathways/#CompoundReference/PW_C001420
http://smpdb.ca/pathways/#CompoundReference/PW_C000165,abstraction:ReactsWith,http://smpdb.ca/pathways/#CompoundReference/PW_C000146
http://smpdb.ca/pathways/#CompoundReference/PW_C000146,abstraction:ReactsWith,http://smpdb.ca/pathways/#GenericCompoundReference/316
http://smpdb.ca/pathways/#CompoundReference/PW_C001824,abstraction:ReactsWith,http://smpdb.ca/pathways/#CompoundReference/PW_C040034
http://smpdb.ca/pathways/#CompoundReference/PW_C000721,abstraction:ReactsWith,http://smpdb.ca/pathways/#CompoundReference/PW_C044521
http://smpdb.ca/pathways/#CompoundReference/PW_C001080,abstraction:ReactsWith,http://smpdb.ca/pathways/#CompoundReference/PW_C000170
http://smpdb.ca/pathways/#GenericCompoundReference/298,abstraction:ReactsWith,http://smpdb.ca/pathways/#CompoundReference/PW_C000414
http://smpdb.ca/pathways/#GenericCompoundReference/295,abstraction:ReactsWith,http://smpdb.ca/pathways/#GenericCompoundReference/210
http://smpdb.ca/pathways/#CompoundReference/PW_C040949,abstraction:ReactsWith,http://smpdb.ca/pathways/#CompoundReference/PW_C040034
http://smpdb.ca/pathways/#CompoundReference/PW_C000164,abstraction:ReactsWith,http://smpdb.ca/pathways/#CompoundReference/PW_C040837
http://smpdb.ca/pathways/#CompoundReference/PW_C044548,abstraction:ReactsWith,http://smpdb.ca/pathways/#CompoundReference/PW_C000146
http://smpdb.ca/pathways/#CompoundReference/PW_C000414,abstraction:ReactsWith,http://smpdb.ca/pathways/#CompoundReference/PW_C000936
http://smpdb.ca/pathways/#CompoundReference/PW_C000193,abstraction:ReactsWith,http://smpdb.ca/pathways/#CompoundReference/PW_C007752
http://smpdb.ca/pathways/#CompoundReference/PW_C000721,abstraction:ReactsWith,http://smpdb.ca/pathways/#CompoundReference/PW_C000006
http://smpdb.ca/pathways/#CompoundReference/PW_C000746,abstraction:ReactsWith,http://smpdb.ca/pathways/#CompoundReference/PW_C001249
http://smpdb.ca/pathways/#CompoundReference/PW_C001065,abstraction:ReactsWith,http://smpdb.ca/pathways/#CompoundReference/PW_C002971
http://smpdb.ca/pathways/#CompoundReference/PW_C000143,abstraction:ReactsWith,http://smpdb.ca/pathways/#CompoundReference/PW_C000828
http://smpdb.ca/pathways/#CompoundReference/PW_C000196,abstraction:ReactsWith,http://smpdb.ca/pathways/#CompoundReference/PW_C001420
http://smpdb.ca/pathways/#CompoundReference/PW_C001034,abstraction:ReactsWith,http://smpdb.ca/pathways/#CompoundReference/PW_C000170
http://smpdb.ca/pathways/#CompoundReference/PW_C000134,abstraction:ReactsWith,http://smpdb.ca/pathways/#CompoundReference/PW_C001316
http://smpdb.ca/pathways/#CompoundReference/PW_C044586,abstraction:ReactsWith,http://smpdb.ca/pathways/#CompoundReference/PW_C001420
http://smpdb.ca/pathways/#CompoundReference/PW_C057317,abstraction:ReactsWith,http://smpdb.ca/pathways/#CompoundReference/PW_C001420
http://smpdb.ca/pathways/#CompoundReference/PW_C000414,abstraction:ReactsWith,http://smpdb.ca/pathways/#CompoundReference/PW_C040628
http://smpdb.ca/pathways/#CompoundReference/PW_C010666,abstraction:ReactsWith,http://smpdb.ca/pathways/#CompoundReference/PW_C001827
http://smpdb.ca/pathways/#CompoundReference/PW_C000168,abstraction:ReactsWith,http://smpdb.ca/pathways/#CompoundReference/PW_C000721
http://smpdb.ca/pathways/#CompoundReference/PW_C001086,abstraction:ReactsWith,http://smpdb.ca/pathways/#CompoundReference/PW_C007824
http://smpdb.ca/pathways/#CompoundReference/PW_C001099,abstraction:ReactsWith,http://smpdb.ca/pathways/#CompoundReference/PW_C000412
http://smpdb.ca/pathways/#CompoundReference/PW_C000921,abstraction:ReactsWith,http://smpdb.ca/pathways/#CompoundReference/PW_C000974
http://smpdb.ca/pathways/#CompoundReference/PW_C001902,abstraction:ReactsWith,http://smpdb.ca/pathways/#CompoundReference/PW_C001065
http://smpdb.ca/pathways/#GenericCompoundReference/238,abstraction:ReactsWith,http://smpdb.ca/pathways/#CompoundReference/PW_C041634
http://smpdb.ca/pathways/#CompoundReference/PW_C002947,abstraction:ReactsWith,http://smpdb.ca/pathways/#CompoundReference/PW_C000921
http://smpdb.ca/pathways/#CompoundReference/PW_C001309,abstraction:ReactsWith,http://smpdb.ca/pathways/#CompoundReference/PW_C001099
http://smpdb.ca/pathways/#CompoundReference/PW_C000396,abstraction:ReactsWith,http://smpdb.ca/pathways/#CompoundReference/PW_C001065
http://smpdb.ca/pathways/#CompoundReference/PW_C000120,abstraction:ReactsWith,http://smpdb.ca/pathways/#CompoundReference/PW_C000164
http://smpdb.ca/pathways/#CompoundReference/PW_C000414,abstraction:ReactsWith,http://smpdb.ca/pathways/#CompoundReference/PW_C001769
http://smpdb.ca/pathways/#CompoundReference/PW_C000143,abstraction:ReactsWith,http://smpdb.ca/pathways/#CompoundReference/PW_C041213
http://smpdb.ca/pathways/#CompoundReference/PW_C001065,abstraction:ReactsWith,http://smpdb.ca/pathways/#CompoundReference/PW_C000048
http://smpdb.ca/pathways/#CompoundReference/PW_C001420,abstraction:ReactsWith,http://smpdb.ca/pathways/#CompoundReference/PW_C001969
http://smpdb.ca/pathways/#CompoundReference/PW_C104778,abstraction:ReactsWith,http://smpdb.ca/pathways/#CompoundReference/PW_C001065
http://smpdb.ca/pathways/#CompoundReference/PW_C022608,abstraction:ReactsWith,http://smpdb.ca/pathways/#CompoundReference/PW_C000414
http://smpdb.ca/pathways/#CompoundReference/PW_C000414,abstraction:ReactsWith,http://smpdb.ca/pathways/#CompoundReference/PW_C000723
http://smpdb.ca/pathways/#CompoundReference/PW_C040034,abstraction:ReactsWith,http://smpdb.ca/pathways/#CompoundReference/PW_C000544
http://smpdb.ca/pathways/#CompoundReference/PW_C009184,abstraction:ReactsWith,http://smpdb.ca/pathways/#CompoundReference/PW_C001420
http://smpdb.ca/pathways/#CompoundReference/PW_C040034,abstraction:ReactsWith,http://smpdb.ca/pathways/#CompoundReference/PW_C000926
http://smpdb.ca/pathways/#CompoundReference/PW_C001420,abstraction:ReactsWith,http://smpdb.ca/pathways/#CompoundReference/PW_C001118
http://smpdb.ca/pathways/#CompoundReference/PW_C000012,abstraction:ReactsWith,http://smpdb.ca/pathways/#CompoundReference/PW_C001060
http://smpdb.ca/pathways/#CompoundReference/PW_C003933,abstraction:ReactsWith,http://smpdb.ca/pathways/#CompoundReference/PW_C001420
http://smpdb.ca/pathways/#CompoundReference/PW_C000122,abstraction:ReactsWith,http://smpdb.ca/pathways/#GenericCompoundReference/227
http://smpdb.ca/pathways/#CompoundReference/PW_C000098,abstraction:ReactsWith,http://smpdb.ca/pathways/#CompoundReference/PW_C001065
http://smpdb.ca/pathways/#CompoundReference/PW_C057914,abstraction:ReactsWith,http://smpdb.ca/pathways/#CompoundReference/PW_C000921
http://smpdb.ca/pathways/#CompoundReference/PW_C001420,abstraction:ReactsWith,http://smpdb.ca/pathways/#CompoundReference/PW_C040839
http://smpdb.ca/pathways/#CompoundReference/PW_C000833,abstraction:ReactsWith,http://smpdb.ca/pathways/#CompoundReference/PW_C001420
http://smpdb.ca/pathways/#CompoundReference/PW_C000414,abstraction:ReactsWith,http://smpdb.ca/pathways/#CompoundReference/PW_C000020
http://smpdb.ca/pathways/#CompoundReference/PW_C000721,abstraction:ReactsWith,http://smpdb.ca/pathways/#CompoundReference/PW_C040529
http://smpdb.ca/pathways/#CompoundReference/PW_C000134,abstraction:ReactsWith,http://smpdb.ca/pathways/#CompoundReference/PW_C000123
http://smpdb.ca/pathways/#CompoundReference/PW_C001428,abstraction:ReactsWith,http://smpdb.ca/pathways/#CompoundReference/PW_C001420
http://smpdb.ca/pathways/#CompoundReference/PW_C000193,abstraction:ReactsWith,http://smpdb.ca/pathways/#CompoundReference/PW_C002571
http://smpdb.ca/pathways/#CompoundReference/PW_C057945,abstraction:ReactsWith,http://smpdb.ca/pathways/#CompoundReference/PW_C001065
http://smpdb.ca/pathways/#CompoundReference/PW_C000983,abstraction:ReactsWith,http://smpdb.ca/pathways/#CompoundReference/PW_C000146
http://smpdb.ca/pathways/#CompoundReference/PW_C040034,abstraction:ReactsWith,http://smpdb.ca/pathways/#CompoundReference/PW_C000031
http://smpdb.ca/pathways/#CompoundReference/PW_C000414,abstraction:ReactsWith,http://smpdb.ca/pathways/#CompoundReference/PW_C041026
http://smpdb.ca/pathways/#CompoundReference/PW_C041198,abstraction:ReactsWith,http://smpdb.ca/pathways/#CompoundReference/PW_C000721
http://smpdb.ca/pathways/#CompoundReference/PW_C000721,abstraction:ReactsWith,http://smpdb.ca/pathways/#CompoundReference/PW_C002587
http://smpdb.ca/pathways/#CompoundReference/PW_C001420,abstraction:ReactsWith,http://smpdb.ca/pathways/#CompoundReference/PW_C000064
http://smpdb.ca/pathways/#CompoundReference/PW_C002915,abstraction:ReactsWith,http://smpdb.ca/pathways/#CompoundReference/PW_C001065
http://smpdb.ca/pathways/#CompoundReference/PW_C001178,abstraction:ReactsWith,http://smpdb.ca/pathways/#CompoundReference/PW_C000146
http://smpdb.ca/pathways/#CompoundReference/PW_C000055,abstraction:ReactsWith,http://smpdb.ca/pathways/#CompoundReference/PW_C001420
http://smpdb.ca/pathways/#CompoundReference/PW_C000414,abstraction:ReactsWith,http://smpdb.ca/pathways/#CompoundReference/PW_C001145
http://smpdb.ca/pathways/#CompoundReference/PW_C001420,abstraction:ReactsWith,http://smpdb.ca/pathways/#CompoundReference/PW_C000139
http://smpdb.ca/pathways/#CompoundReference/PW_C000846,abstraction:ReactsWith,http://smpdb.ca/pathways/#CompoundReference/PW_C040034
http://smpdb.ca/pathways/#CompoundReference/PW_C000146,abstraction:ReactsWith,http://smpdb.ca/pathways/#CompoundReference/PW_C043169
http://smpdb.ca/pathways/#CompoundReference/PW_C000146,abstraction:ReactsWith,http://smpdb.ca/pathways/#CompoundReference/PW_C057911
http://smpdb.ca/pathways/#CompoundReference/PW_C040034,abstraction:ReactsWith,http://smpdb.ca/pathways/#CompoundReference/PW_C002749
http://smpdb.ca/pathways/#CompoundReference/PW_C000605,abstraction:ReactsWith,http://smpdb.ca/pathways/#CompoundReference/PW_C001104
http://smpdb.ca/pathways/#CompoundReference/PW_C000088,abstraction:ReactsWith,http://smpdb.ca/pathways/#CompoundReference/PW_C001420
http://smpdb.ca/pathways/#CompoundReference/PW_C040928,abstraction:ReactsWith,http://smpdb.ca/pathways/#CompoundReference/PW_C001420
http://smpdb.ca/pathways/#CompoundReference/PW_C001420,abstraction:ReactsWith,http://smpdb.ca/pathways/#CompoundReference/PW_C040827
http://smpdb.ca/pathways/#CompoundReference/PW_C002976,abstraction:ReactsWith,http://smpdb.ca/pathways/#CompoundReference/PW_C000769
