Source,Interaction,Target
reactome:ProteinReference955,abstraction:NeighborOf,reactome:ProteinReference956
reactome:ProteinReference2448,abstraction:NeighborOf,reactome:ProteinReference2461
reactome:ProteinReference1058,abstraction:NeighborOf,reactome:ProteinReference1067
reactome:ProteinReference8659,abstraction:NeighborOf,reactome:ProteinReference8712
reactome:ProteinReference8644,abstraction:NeighborOf,reactome:ProteinReference8746
reactome:ProteinReference3098,abstraction:NeighborOf,reactome:ProteinReference5036
reactome:ProteinReference8666,abstraction:NeighborOf,reactome:ProteinReference8723
reactome:ProteinReference2872,abstraction:NeighborOf,reactome:ProteinReference2962
reactome:ProteinReference8677,abstraction:NeighborOf,reactome:ProteinReference8757
reactome:ProteinReference8656,abstraction:NeighborOf,reactome:ProteinReference8672
reactome:ProteinReference8750,abstraction:NeighborOf,reactome:ProteinReference8755
reactome:ProteinReference8662,abstraction:NeighborOf,reactome:ProteinReference8671
reactome:ProteinReference1297,abstraction:NeighborOf,reactome:ProteinReference8907
reactome:ProteinReference8649,abstraction:NeighborOf,reactome:ProteinReference8732
reactome:ProteinReference2465,abstraction:NeighborOf,reactome:ProteinReference3202
reactome:ProteinReference1717,abstraction:NeighborOf,reactome:ProteinReference1718
reactome:ProteinReference8715,abstraction:NeighborOf,reactome:ProteinReference8722
reactome:ProteinReference8705,abstraction:NeighborOf,reactome:ProteinReference8733
reactome:ProteinReference2935,abstraction:NeighborOf,reactome:ProteinReference2936
reactome:ProteinReference5709,abstraction:NeighborOf,reactome:ProteinReference642
reactome:ProteinReference8707,abstraction:NeighborOf,reactome:ProteinReference8715
reactome:ProteinReference8560,abstraction:NeighborOf,reactome:ProteinReference9698
reactome:ProteinReference8645,abstraction:NeighborOf,reactome:ProteinReference8699
reactome:ProteinReference10583,abstraction:NeighborOf,reactome:ProteinReference4490
reactome:ProteinReference3100,abstraction:NeighborOf,reactome:ProteinReference3101
reactome:ProteinReference2788,abstraction:NeighborOf,reactome:ProteinReference9954
reactome:ProteinReference8700,abstraction:NeighborOf,reactome:ProteinReference8703
reactome:ProteinReference174,abstraction:NeighborOf,reactome:ProteinReference175
reactome:ProteinReference5400,abstraction:NeighborOf,reactome:ProteinReference5425
reactome:ProteinReference1013,abstraction:NeighborOf,reactome:ProteinReference5763
reactome:ProteinReference2858,abstraction:NeighborOf,reactome:ProteinReference2872
reactome:ProteinReference1736,abstraction:NeighborOf,reactome:ProteinReference4380
reactome:ProteinReference8675,abstraction:NeighborOf,reactome:ProteinReference8727
reactome:ProteinReference8706,abstraction:NeighborOf,reactome:ProteinReference8737
reactome:ProteinReference4776,abstraction:NeighborOf,reactome:ProteinReference67
reactome:ProteinReference8718,abstraction:NeighborOf,reactome:ProteinReference8734
reactome:ProteinReference8680,abstraction:NeighborOf,reactome:ProteinReference8757
reactome:ProteinReference10829,abstraction:NeighborOf,reactome:ProteinReference6976
reactome:ProteinReference6759,abstraction:NeighborOf,reactome:ProteinReference8734
reactome:ProteinReference8701,abstraction:NeighborOf,reactome:ProteinReference8723
reactome:ProteinReference2854,abstraction:NeighborOf,reactome:ProteinReference2928
reactome:ProteinReference1119,abstraction:NeighborOf,reactome:ProteinReference1121
reactome:ProteinReference5036,abstraction:NeighborOf,reactome:ProteinReference6166
reactome:ProteinReference8367,abstraction:NeighborOf,reactome:ProteinReference8368
reactome:ProteinReference10476,abstraction:NeighborOf,reactome:ProteinReference10478
reactome:ProteinReference2987,abstraction:NeighborOf,reactome:ProteinReference3004
reactome:ProteinReference8699,abstraction:NeighborOf,reactome:ProteinReference8720
reactome:ProteinReference4592,abstraction:NeighborOf,reactome:ProteinReference4610
reactome:ProteinReference1736,abstraction:NeighborOf,reactome:ProteinReference4390
reactome:ProteinReference6930,abstraction:NeighborOf,reactome:ProteinReference6931
reactome:ProteinReference8700,abstraction:NeighborOf,reactome:ProteinReference8715
reactome:ProteinReference2982,abstraction:NeighborOf,reactome:ProteinReference2984
reactome:ProteinReference643,abstraction:NeighborOf,reactome:ProteinReference644
reactome:ProteinReference2995,abstraction:NeighborOf,reactome:ProteinReference2999
reactome:ProteinReference10776,abstraction:NeighborOf,reactome:ProteinReference10779
reactome:ProteinReference3238,abstraction:NeighborOf,reactome:ProteinReference4504
reactome:ProteinReference2461,abstraction:NeighborOf,reactome:ProteinReference3184
reactome:ProteinReference2872,abstraction:NeighborOf,reactome:ProteinReference2936
reactome:ProteinReference10902,abstraction:NeighborOf,reactome:ProteinReference10913
reactome:ProteinReference8744,abstraction:NeighborOf,reactome:ProteinReference8754
reactome:ProteinReference8644,abstraction:NeighborOf,reactome:ProteinReference8750
reactome:ProteinReference8758,abstraction:NeighborOf,reactome:ProteinReference8766
reactome:ProteinReference6759,abstraction:NeighborOf,reactome:ProteinReference8659
reactome:ProteinReference8690,abstraction:NeighborOf,reactome:ProteinReference8692
reactome:ProteinReference8577,abstraction:NeighborOf,reactome:ProteinReference8578
reactome:ProteinReference2972,abstraction:NeighborOf,reactome:ProteinReference2973
reactome:ProteinReference2876,abstraction:NeighborOf,reactome:ProteinReference3003
reactome:ProteinReference4689,abstraction:NeighborOf,reactome:ProteinReference4690
reactome:ProteinReference8757,abstraction:NeighborOf,reactome:ProteinReference8764
reactome:ProteinReference2908,abstraction:NeighborOf,reactome:ProteinReference2938
reactome:ProteinReference11277,abstraction:NeighborOf,reactome:ProteinReference1163
reactome:ProteinReference8660,abstraction:NeighborOf,reactome:ProteinReference8730
reactome:ProteinReference11273,abstraction:NeighborOf,reactome:ProteinReference6136
reactome:ProteinReference8667,abstraction:NeighborOf,reactome:ProteinReference8672
reactome:ProteinReference8659,abstraction:NeighborOf,reactome:ProteinReference8711
reactome:ProteinReference8646,abstraction:NeighborOf,reactome:ProteinReference8722
reactome:ProteinReference2850,abstraction:NeighborOf,reactome:ProteinReference2872
reactome:ProteinReference10408,abstraction:NeighborOf,reactome:ProteinReference5929
reactome:ProteinReference10759,abstraction:NeighborOf,reactome:ProteinReference10760
reactome:ProteinReference1092,abstraction:NeighborOf,reactome:ProteinReference1095
reactome:ProteinReference2445,abstraction:NeighborOf,reactome:ProteinReference2465
reactome:ProteinReference11271,abstraction:NeighborOf,reactome:ProteinReference3477
reactome:ProteinReference8649,abstraction:NeighborOf,reactome:ProteinReference8661
reactome:ProteinReference1736,abstraction:NeighborOf,reactome:ProteinReference2553
reactome:ProteinReference9942,abstraction:NeighborOf,reactome:ProteinReference9943
reactome:ProteinReference2974,abstraction:NeighborOf,reactome:ProteinReference2979
reactome:ProteinReference8675,abstraction:NeighborOf,reactome:ProteinReference8732
reactome:ProteinReference5599,abstraction:NeighborOf,reactome:ProteinReference6849
reactome:ProteinReference2798,abstraction:NeighborOf,reactome:ProteinReference9956
reactome:ProteinReference2961,abstraction:NeighborOf,reactome:ProteinReference2979
reactome:ProteinReference8712,abstraction:NeighborOf,reactome:ProteinReference8723
reactome:ProteinReference2897,abstraction:NeighborOf,reactome:ProteinReference2928
reactome:ProteinReference3217,abstraction:NeighborOf,reactome:ProteinReference3221
reactome:ProteinReference8705,abstraction:NeighborOf,reactome:ProteinReference8706
reactome:ProteinReference3067,abstraction:NeighborOf,reactome:ProteinReference9720
reactome:ProteinReference8689,abstraction:NeighborOf,reactome:ProteinReference8731
reactome:ProteinReference6582,abstraction:NeighborOf,reactome:ProteinReference6587
reactome:ProteinReference2928,abstraction:NeighborOf,reactome:ProteinReference2960
reactome:ProteinReference5522,abstraction:NeighborOf,reactome:ProteinReference5611
reactome:ProteinReference8645,abstraction:NeighborOf,reactome:ProteinReference8723
reactome:ProteinReference2978,abstraction:NeighborOf,reactome:ProteinReference2987
reactome:ProteinReference8645,abstraction:NeighborOf,reactome:ProteinReference8647
reactome:ProteinReference2850,abstraction:NeighborOf,reactome:ProteinReference2956
reactome:ProteinReference6903,abstraction:NeighborOf,reactome:ProteinReference7535
reactome:ProteinReference2460,abstraction:NeighborOf,reactome:ProteinReference2465
reactome:ProteinReference3845,abstraction:NeighborOf,reactome:ProteinReference9754
reactome:ProteinReference8705,abstraction:NeighborOf,reactome:ProteinReference8713
reactome:ProteinReference1064,abstraction:NeighborOf,reactome:ProteinReference9035
reactome:ProteinReference8724,abstraction:NeighborOf,reactome:ProteinReference8731
reactome:ProteinReference8720,abstraction:NeighborOf,reactome:ProteinReference8737
reactome:ProteinReference8456,abstraction:NeighborOf,reactome:ProteinReference8457
reactome:ProteinReference8674,abstraction:NeighborOf,reactome:ProteinReference8712
reactome:ProteinReference11036,abstraction:NeighborOf,reactome:ProteinReference767
reactome:ProteinReference1096,abstraction:NeighborOf,reactome:ProteinReference1098
reactome:ProteinReference2961,abstraction:NeighborOf,reactome:ProteinReference2962
reactome:ProteinReference8750,abstraction:NeighborOf,reactome:ProteinReference8754
reactome:ProteinReference6592,abstraction:NeighborOf,reactome:ProteinReference8210
reactome:ProteinReference2996,abstraction:NeighborOf,reactome:ProteinReference3000
reactome:ProteinReference9703,abstraction:NeighborOf,reactome:ProteinReference9707
reactome:ProteinReference8704,abstraction:NeighborOf,reactome:ProteinReference8737
reactome:ProteinReference10573,abstraction:NeighborOf,reactome:ProteinReference4703
reactome:ProteinReference2787,abstraction:NeighborOf,reactome:ProteinReference2795
reactome:ProteinReference8719,abstraction:NeighborOf,reactome:ProteinReference8720
reactome:ProteinReference2898,abstraction:NeighborOf,reactome:ProteinReference2903
reactome:ProteinReference4676,abstraction:NeighborOf,reactome:ProteinReference9134
reactome:ProteinReference8721,abstraction:NeighborOf,reactome:ProteinReference8723
reactome:ProteinReference9712,abstraction:NeighborOf,reactome:ProteinReference9715
reactome:ProteinReference3543,abstraction:NeighborOf,reactome:ProteinReference924
reactome:ProteinReference8642,abstraction:NeighborOf,reactome:ProteinReference8755
reactome:ProteinReference5752,abstraction:NeighborOf,reactome:ProteinReference5759
reactome:ProteinReference4585,abstraction:NeighborOf,reactome:ProteinReference9357
reactome:ProteinReference3217,abstraction:NeighborOf,reactome:ProteinReference3220
reactome:ProteinReference2447,abstraction:NeighborOf,reactome:ProteinReference3181
reactome:ProteinReference4407,abstraction:NeighborOf,reactome:ProteinReference8907
reactome:ProteinReference4702,abstraction:NeighborOf,reactome:ProteinReference4703
reactome:ProteinReference11254,abstraction:NeighborOf,reactome:ProteinReference3477
reactome:ProteinReference8645,abstraction:NeighborOf,reactome:ProteinReference8656
reactome:ProteinReference10820,abstraction:NeighborOf,reactome:ProteinReference5277
reactome:ProteinReference3024,abstraction:NeighborOf,reactome:ProteinReference3026
reactome:ProteinReference2461,abstraction:NeighborOf,reactome:ProteinReference2475
reactome:ProteinReference8710,abstraction:NeighborOf,reactome:ProteinReference8730
reactome:ProteinReference8716,abstraction:NeighborOf,reactome:ProteinReference8731
reactome:ProteinReference2971,abstraction:NeighborOf,reactome:ProteinReference3000
reactome:ProteinReference2898,abstraction:NeighborOf,reactome:ProteinReference2899
reactome:ProteinReference1351,abstraction:NeighborOf,reactome:ProteinReference5294
reactome:ProteinReference10829,abstraction:NeighborOf,reactome:ProteinReference5163
reactome:ProteinReference1773,abstraction:NeighborOf,reactome:ProteinReference5139
reactome:ProteinReference8645,abstraction:NeighborOf,reactome:ProteinReference8668
reactome:ProteinReference5385,abstraction:NeighborOf,reactome:ProteinReference5386
reactome:ProteinReference6036,abstraction:NeighborOf,reactome:ProteinReference8104
reactome:ProteinReference8714,abstraction:NeighborOf,reactome:ProteinReference8716
reactome:ProteinReference8710,abstraction:NeighborOf,reactome:ProteinReference8712
reactome:ProteinReference8717,abstraction:NeighborOf,reactome:ProteinReference8724
reactome:ProteinReference8706,abstraction:NeighborOf,reactome:ProteinReference8735
reactome:ProteinReference2959,abstraction:NeighborOf,reactome:ProteinReference2960
reactome:ProteinReference3077,abstraction:NeighborOf,reactome:ProteinReference3149
reactome:ProteinReference8651,abstraction:NeighborOf,reactome:ProteinReference8660
reactome:ProteinReference1670,abstraction:NeighborOf,reactome:ProteinReference8394
reactome:ProteinReference1061,abstraction:NeighborOf,reactome:ProteinReference5156
reactome:ProteinReference8704,abstraction:NeighborOf,reactome:ProteinReference8716
reactome:ProteinReference4497,abstraction:NeighborOf,reactome:ProteinReference5214
reactome:ProteinReference4481,abstraction:NeighborOf,reactome:ProteinReference7603
reactome:ProteinReference8678,abstraction:NeighborOf,reactome:ProteinReference8732
reactome:ProteinReference2876,abstraction:NeighborOf,reactome:ProteinReference2990
reactome:ProteinReference4437,abstraction:NeighborOf,reactome:ProteinReference9064
reactome:ProteinReference2461,abstraction:NeighborOf,reactome:ProteinReference3202
reactome:ProteinReference5420,abstraction:NeighborOf,reactome:ProteinReference6158
reactome:ProteinReference2876,abstraction:NeighborOf,reactome:ProteinReference3002
reactome:ProteinReference4443,abstraction:NeighborOf,reactome:ProteinReference4699
reactome:ProteinReference10811,abstraction:NeighborOf,reactome:ProteinReference1088
reactome:ProteinReference5003,abstraction:NeighborOf,reactome:ProteinReference7596
reactome:ProteinReference8668,abstraction:NeighborOf,reactome:ProteinReference8767
reactome:ProteinReference8679,abstraction:NeighborOf,reactome:ProteinReference8695
reactome:ProteinReference8661,abstraction:NeighborOf,reactome:ProteinReference8675
reactome:ProteinReference8651,abstraction:NeighborOf,reactome:ProteinReference8703
reactome:ProteinReference8673,abstraction:NeighborOf,reactome:ProteinReference8674
reactome:ProteinReference8645,abstraction:NeighborOf,reactome:ProteinReference8669
reactome:ProteinReference10580,abstraction:NeighborOf,reactome:ProteinReference5306
reactome:ProteinReference1878,abstraction:NeighborOf,reactome:ProteinReference1893
reactome:ProteinReference1736,abstraction:NeighborOf,reactome:ProteinReference4406
reactome:ProteinReference6096,abstraction:NeighborOf,reactome:ProteinReference6774
reactome:ProteinReference2788,abstraction:NeighborOf,reactome:ProteinReference2798
reactome:ProteinReference2973,abstraction:NeighborOf,reactome:ProteinReference2978
reactome:ProteinReference8706,abstraction:NeighborOf,reactome:ProteinReference8708
reactome:ProteinReference8753,abstraction:NeighborOf,reactome:ProteinReference8767
reactome:ProteinReference8725,abstraction:NeighborOf,reactome:ProteinReference8735
reactome:ProteinReference3067,abstraction:NeighborOf,reactome:ProteinReference9714
reactome:ProteinReference2999,abstraction:NeighborOf,reactome:ProteinReference3003
reactome:ProteinReference3207,abstraction:NeighborOf,reactome:ProteinReference3217
reactome:ProteinReference3365,abstraction:NeighborOf,reactome:ProteinReference6435
reactome:ProteinReference8749,abstraction:NeighborOf,reactome:ProteinReference8752
reactome:ProteinReference5396,abstraction:NeighborOf,reactome:ProteinReference6108
reactome:ProteinReference1481,abstraction:NeighborOf,reactome:ProteinReference1534
reactome:ProteinReference1105,abstraction:NeighborOf,reactome:ProteinReference1121
reactome:ProteinReference6146,abstraction:NeighborOf,reactome:ProteinReference6275
reactome:ProteinReference8672,abstraction:NeighborOf,reactome:ProteinReference8730
reactome:ProteinReference5004,abstraction:NeighborOf,reactome:ProteinReference8995
reactome:ProteinReference3213,abstraction:NeighborOf,reactome:ProteinReference3220
reactome:ProteinReference8708,abstraction:NeighborOf,reactome:ProteinReference8724
reactome:ProteinReference4564,abstraction:NeighborOf,reactome:ProteinReference8998
reactome:ProteinReference8746,abstraction:NeighborOf,reactome:ProteinReference8749
reactome:ProteinReference66,abstraction:NeighborOf,reactome:ProteinReference69
reactome:ProteinReference2850,abstraction:NeighborOf,reactome:ProteinReference2854
reactome:ProteinReference8659,abstraction:NeighborOf,reactome:ProteinReference8674
reactome:ProteinReference2823,abstraction:NeighborOf,reactome:ProteinReference2831
reactome:ProteinReference8711,abstraction:NeighborOf,reactome:ProteinReference8726
reactome:ProteinReference2898,abstraction:NeighborOf,reactome:ProteinReference2935
reactome:ProteinReference8651,abstraction:NeighborOf,reactome:ProteinReference8715
reactome:ProteinReference6162,abstraction:NeighborOf,reactome:ProteinReference8728
reactome:ProteinReference2446,abstraction:NeighborOf,reactome:ProteinReference2471
reactome:ProteinReference8660,abstraction:NeighborOf,reactome:ProteinReference8707
reactome:ProteinReference2833,abstraction:NeighborOf,reactome:ProteinReference3005
reactome:ProteinReference8710,abstraction:NeighborOf,reactome:ProteinReference8711
reactome:ProteinReference8646,abstraction:NeighborOf,reactome:ProteinReference8741
reactome:ProteinReference1956,abstraction:NeighborOf,reactome:ProteinReference1958
reactome:ProteinReference8642,abstraction:NeighborOf,reactome:ProteinReference8754
reactome:ProteinReference8720,abstraction:NeighborOf,reactome:ProteinReference8735
reactome:ProteinReference7330,abstraction:NeighborOf,reactome:ProteinReference7604
reactome:ProteinReference4505,abstraction:NeighborOf,reactome:ProteinReference7712
reactome:ProteinReference6509,abstraction:NeighborOf,reactome:ProteinReference6514
reactome:ProteinReference5127,abstraction:NeighborOf,reactome:ProteinReference5128
reactome:ProteinReference2908,abstraction:NeighborOf,reactome:ProteinReference2933
reactome:ProteinReference1736,abstraction:NeighborOf,reactome:ProteinReference4381
reactome:ProteinReference8645,abstraction:NeighborOf,reactome:ProteinReference8670
reactome:ProteinReference316,abstraction:NeighborOf,reactome:ProteinReference8632
reactome:ProteinReference8649,abstraction:NeighborOf,reactome:ProteinReference8692
reactome:ProteinReference1713,abstraction:NeighborOf,reactome:ProteinReference1720
reactome:ProteinReference1063,abstraction:NeighborOf,reactome:ProteinReference1102
reactome:ProteinReference2859,abstraction:NeighborOf,reactome:ProteinReference2898
reactome:ProteinReference4423,abstraction:NeighborOf,reactome:ProteinReference5296
reactome:ProteinReference5292,abstraction:NeighborOf,reactome:ProteinReference5299
reactome:ProteinReference4581,abstraction:NeighborOf,reactome:ProteinReference9367
reactome:ProteinReference8790,abstraction:NeighborOf,reactome:ProteinReference8792
reactome:ProteinReference8658,abstraction:NeighborOf,reactome:ProteinReference8680
reactome:ProteinReference4588,abstraction:NeighborOf,reactome:ProteinReference4591
reactome:ProteinReference5965,abstraction:NeighborOf,reactome:ProteinReference5967
reactome:ProteinReference9712,abstraction:NeighborOf,reactome:ProteinReference9716
reactome:ProteinReference4386,abstraction:NeighborOf,reactome:ProteinReference4447
reactome:ProteinReference4618,abstraction:NeighborOf,reactome:ProteinReference8825
reactome:ProteinReference11380,abstraction:NeighborOf,reactome:ProteinReference6514
reactome:ProteinReference8643,abstraction:NeighborOf,reactome:ProteinReference8702
reactome:ProteinReference2460,abstraction:NeighborOf,reactome:ProteinReference2461
reactome:ProteinReference4493,abstraction:NeighborOf,reactome:ProteinReference6291
reactome:ProteinReference2926,abstraction:NeighborOf,reactome:ProteinReference3195
reactome:ProteinReference2873,abstraction:NeighborOf,reactome:ProteinReference2913
reactome:ProteinReference10473,abstraction:NeighborOf,reactome:ProteinReference10474
reactome:ProteinReference8692,abstraction:NeighborOf,reactome:ProteinReference8733
reactome:ProteinReference11117,abstraction:NeighborOf,reactome:ProteinReference11154
reactome:ProteinReference6984,abstraction:NeighborOf,reactome:ProteinReference6985
reactome:ProteinReference10895,abstraction:NeighborOf,reactome:ProteinReference10896
reactome:ProteinReference8714,abstraction:NeighborOf,reactome:ProteinReference8725
reactome:ProteinReference10850,abstraction:NeighborOf,reactome:ProteinReference10852
reactome:ProteinReference8745,abstraction:NeighborOf,reactome:ProteinReference8755
reactome:ProteinReference11380,abstraction:NeighborOf,reactome:ProteinReference6516
reactome:ProteinReference2986,abstraction:NeighborOf,reactome:ProteinReference2987
reactome:ProteinReference8642,abstraction:NeighborOf,reactome:ProteinReference8653
reactome:ProteinReference8755,abstraction:NeighborOf,reactome:ProteinReference8764
reactome:ProteinReference10573,abstraction:NeighborOf,reactome:ProteinReference4443
reactome:ProteinReference5596,abstraction:NeighborOf,reactome:ProteinReference8567
reactome:ProteinReference11393,abstraction:NeighborOf,reactome:ProteinReference11394
reactome:ProteinReference8723,abstraction:NeighborOf,reactome:ProteinReference8733
reactome:ProteinReference2787,abstraction:NeighborOf,reactome:ProteinReference9958
reactome:ProteinReference2993,abstraction:NeighborOf,reactome:ProteinReference3003
reactome:ProteinReference10780,abstraction:NeighborOf,reactome:ProteinReference7661
reactome:ProteinReference8765,abstraction:NeighborOf,reactome:ProteinReference8766
reactome:ProteinReference3918,abstraction:NeighborOf,reactome:ProteinReference3920
reactome:ProteinReference8704,abstraction:NeighborOf,reactome:ProteinReference8725
reactome:ProteinReference2852,abstraction:NeighborOf,reactome:ProteinReference3004
reactome:ProteinReference5214,abstraction:NeighborOf,reactome:ProteinReference8279
reactome:ProteinReference8668,abstraction:NeighborOf,reactome:ProteinReference8690
reactome:ProteinReference4777,abstraction:NeighborOf,reactome:ProteinReference9720
reactome:ProteinReference833,abstraction:NeighborOf,reactome:ProteinReference834
reactome:ProteinReference2983,abstraction:NeighborOf,reactome:ProteinReference2986
reactome:ProteinReference9439,abstraction:NeighborOf,reactome:ProteinReference9957
reactome:ProteinReference1061,abstraction:NeighborOf,reactome:ProteinReference1090
reactome:ProteinReference8687,abstraction:NeighborOf,reactome:ProteinReference8749
reactome:ProteinReference8751,abstraction:NeighborOf,reactome:ProteinReference8767
reactome:ProteinReference8704,abstraction:NeighborOf,reactome:ProteinReference8708
reactome:ProteinReference2973,abstraction:NeighborOf,reactome:ProteinReference2993
reactome:ProteinReference10953,abstraction:NeighborOf,reactome:ProteinReference5765
reactome:ProteinReference8715,abstraction:NeighborOf,reactome:ProteinReference8726
reactome:ProteinReference5146,abstraction:NeighborOf,reactome:ProteinReference659
reactome:ProteinReference2462,abstraction:NeighborOf,reactome:ProteinReference3181
reactome:ProteinReference8701,abstraction:NeighborOf,reactome:ProteinReference8727
reactome:ProteinReference5030,abstraction:NeighborOf,reactome:ProteinReference7604
reactome:ProteinReference8643,abstraction:NeighborOf,reactome:ProteinReference8724
reactome:ProteinReference7762,abstraction:NeighborOf,reactome:ProteinReference7763
reactome:ProteinReference8677,abstraction:NeighborOf,reactome:ProteinReference8749
reactome:ProteinReference2991,abstraction:NeighborOf,reactome:ProteinReference2994
reactome:ProteinReference3072,abstraction:NeighborOf,reactome:ProteinReference3107
reactome:ProteinReference1736,abstraction:NeighborOf,reactome:ProteinReference3187
reactome:ProteinReference4680,abstraction:NeighborOf,reactome:ProteinReference6849
reactome:ProteinReference4412,abstraction:NeighborOf,reactome:ProteinReference6768
reactome:ProteinReference3570,abstraction:NeighborOf,reactome:ProteinReference3571
reactome:ProteinReference5276,abstraction:NeighborOf,reactome:ProteinReference5907
reactome:ProteinReference1799,abstraction:NeighborOf,reactome:ProteinReference1802
reactome:ProteinReference8708,abstraction:NeighborOf,reactome:ProteinReference8715
reactome:ProteinReference8651,abstraction:NeighborOf,reactome:ProteinReference8700
reactome:ProteinReference1032,abstraction:NeighborOf,reactome:ProteinReference9721
reactome:ProteinReference8692,abstraction:NeighborOf,reactome:ProteinReference8698
reactome:ProteinReference8675,abstraction:NeighborOf,reactome:ProteinReference8720
reactome:ProteinReference3641,abstraction:NeighborOf,reactome:ProteinReference8902
reactome:ProteinReference8711,abstraction:NeighborOf,reactome:ProteinReference8721
reactome:ProteinReference8662,abstraction:NeighborOf,reactome:ProteinReference8709
reactome:ProteinReference1153,abstraction:NeighborOf,reactome:ProteinReference5963
reactome:ProteinReference5726,abstraction:NeighborOf,reactome:ProteinReference8002
reactome:ProteinReference1908,abstraction:NeighborOf,reactome:ProteinReference1935
reactome:ProteinReference4734,abstraction:NeighborOf,reactome:ProteinReference4735
reactome:ProteinReference6358,abstraction:NeighborOf,reactome:ProteinReference6362
reactome:ProteinReference1954,abstraction:NeighborOf,reactome:ProteinReference1955
reactome:ProteinReference11381,abstraction:NeighborOf,reactome:ProteinReference6511
reactome:ProteinReference1314,abstraction:NeighborOf,reactome:ProteinReference6651
reactome:ProteinReference4636,abstraction:NeighborOf,reactome:ProteinReference5155
reactome:ProteinReference2851,abstraction:NeighborOf,reactome:ProteinReference2999
reactome:ProteinReference8643,abstraction:NeighborOf,reactome:ProteinReference8660
reactome:ProteinReference1062,abstraction:NeighborOf,reactome:ProteinReference1088
reactome:ProteinReference8706,abstraction:NeighborOf,reactome:ProteinReference8723
reactome:ProteinReference2934,abstraction:NeighborOf,reactome:ProteinReference2961
reactome:ProteinReference8648,abstraction:NeighborOf,reactome:ProteinReference8665
reactome:ProteinReference8730,abstraction:NeighborOf,reactome:ProteinReference8732
reactome:ProteinReference8676,abstraction:NeighborOf,reactome:ProteinReference8680
reactome:ProteinReference2978,abstraction:NeighborOf,reactome:ProteinReference2990
reactome:ProteinReference10911,abstraction:NeighborOf,reactome:ProteinReference4635
reactome:ProteinReference1105,abstraction:NeighborOf,reactome:ProteinReference1113
reactome:ProteinReference5328,abstraction:NeighborOf,reactome:ProteinReference5331
reactome:ProteinReference2998,abstraction:NeighborOf,reactome:ProteinReference3000
reactome:ProteinReference9956,abstraction:NeighborOf,reactome:ProteinReference9958
reactome:ProteinReference10988,abstraction:NeighborOf,reactome:ProteinReference5764
reactome:ProteinReference5063,abstraction:NeighborOf,reactome:ProteinReference6250
reactome:ProteinReference10466,abstraction:NeighborOf,reactome:ProteinReference3100
reactome:ProteinReference8692,abstraction:NeighborOf,reactome:ProteinReference8706
reactome:ProteinReference8662,abstraction:NeighborOf,reactome:ProteinReference8722
reactome:ProteinReference8680,abstraction:NeighborOf,reactome:ProteinReference8749
reactome:ProteinReference659,abstraction:NeighborOf,reactome:ProteinReference8907
reactome:ProteinReference4779,abstraction:NeighborOf,reactome:ProteinReference60
reactome:ProteinReference8701,abstraction:NeighborOf,reactome:ProteinReference8732
reactome:ProteinReference1160,abstraction:NeighborOf,reactome:ProteinReference2668
reactome:ProteinReference1032,abstraction:NeighborOf,reactome:ProteinReference4777
reactome:ProteinReference1092,abstraction:NeighborOf,reactome:ProteinReference1105
reactome:ProteinReference5155,abstraction:NeighborOf,reactome:ProteinReference6693
reactome:ProteinReference8645,abstraction:NeighborOf,reactome:ProteinReference8727
reactome:ProteinReference3210,abstraction:NeighborOf,reactome:ProteinReference3220
reactome:ProteinReference8646,abstraction:NeighborOf,reactome:ProteinReference8726
reactome:ProteinReference8643,abstraction:NeighborOf,reactome:ProteinReference8703
reactome:ProteinReference10580,abstraction:NeighborOf,reactome:ProteinReference8740
reactome:ProteinReference2932,abstraction:NeighborOf,reactome:ProteinReference2974
reactome:ProteinReference8692,abstraction:NeighborOf,reactome:ProteinReference8713
reactome:ProteinReference10476,abstraction:NeighborOf,reactome:ProteinReference8607
reactome:ProteinReference7459,abstraction:NeighborOf,reactome:ProteinReference7821
reactome:ProteinReference8668,abstraction:NeighborOf,reactome:ProteinReference8750
reactome:ProteinReference4109,abstraction:NeighborOf,reactome:ProteinReference8795
reactome:ProteinReference2974,abstraction:NeighborOf,reactome:ProteinReference2986
reactome:ProteinReference5378,abstraction:NeighborOf,reactome:ProteinReference5457
reactome:ProteinReference8652,abstraction:NeighborOf,reactome:ProteinReference8735
reactome:ProteinReference8646,abstraction:NeighborOf,reactome:ProteinReference8680
reactome:ProteinReference2852,abstraction:NeighborOf,reactome:ProteinReference2860
reactome:ProteinReference2961,abstraction:NeighborOf,reactome:ProteinReference2986
reactome:ProteinReference8757,abstraction:NeighborOf,reactome:ProteinReference8758
reactome:ProteinReference8672,abstraction:NeighborOf,reactome:ProteinReference8707
reactome:ProteinReference4115,abstraction:NeighborOf,reactome:ProteinReference9234
reactome:ProteinReference8745,abstraction:NeighborOf,reactome:ProteinReference8754
reactome:ProteinReference6759,abstraction:NeighborOf,reactome:ProteinReference8643
reactome:ProteinReference1529,abstraction:NeighborOf,reactome:ProteinReference5947
reactome:ProteinReference11019,abstraction:NeighborOf,reactome:ProteinReference5155
reactome:ProteinReference8715,abstraction:NeighborOf,reactome:ProteinReference8721
reactome:ProteinReference5611,abstraction:NeighborOf,reactome:ProteinReference6802
reactome:ProteinReference4402,abstraction:NeighborOf,reactome:ProteinReference5156
reactome:ProteinReference10954,abstraction:NeighborOf,reactome:ProteinReference2970
reactome:ProteinReference73,abstraction:NeighborOf,reactome:ProteinReference75
reactome:ProteinReference2993,abstraction:NeighborOf,reactome:ProteinReference3002
reactome:ProteinReference3236,abstraction:NeighborOf,reactome:ProteinReference4504
reactome:ProteinReference8671,abstraction:NeighborOf,reactome:ProteinReference8706
reactome:ProteinReference8643,abstraction:NeighborOf,reactome:ProteinReference8715
reactome:ProteinReference10396,abstraction:NeighborOf,reactome:ProteinReference1088
reactome:ProteinReference8647,abstraction:NeighborOf,reactome:ProteinReference8656
reactome:ProteinReference7669,abstraction:NeighborOf,reactome:ProteinReference7674
reactome:ProteinReference2447,abstraction:NeighborOf,reactome:ProteinReference2469
reactome:ProteinReference8709,abstraction:NeighborOf,reactome:ProteinReference8734
reactome:ProteinReference5609,abstraction:NeighborOf,reactome:ProteinReference6185
reactome:ProteinReference10,abstraction:NeighborOf,reactome:ProteinReference644
reactome:ProteinReference712,abstraction:NeighborOf,reactome:ProteinReference8567
reactome:ProteinReference4737,abstraction:NeighborOf,reactome:ProteinReference4739
reactome:ProteinReference8718,abstraction:NeighborOf,reactome:ProteinReference8731
reactome:ProteinReference8645,abstraction:NeighborOf,reactome:ProteinReference8732
reactome:ProteinReference7249,abstraction:NeighborOf,reactome:ProteinReference9247
reactome:ProteinReference4699,abstraction:NeighborOf,reactome:ProteinReference4701
reactome:ProteinReference8720,abstraction:NeighborOf,reactome:ProteinReference8723
reactome:ProteinReference8678,abstraction:NeighborOf,reactome:ProteinReference8692
reactome:ProteinReference6759,abstraction:NeighborOf,reactome:ProteinReference8731
reactome:ProteinReference8671,abstraction:NeighborOf,reactome:ProteinReference8713
reactome:ProteinReference6508,abstraction:NeighborOf,reactome:ProteinReference6510
reactome:ProteinReference8647,abstraction:NeighborOf,reactome:ProteinReference8668
reactome:ProteinReference5296,abstraction:NeighborOf,reactome:ProteinReference5299
reactome:ProteinReference10524,abstraction:NeighborOf,reactome:ProteinReference10525
reactome:ProteinReference8651,abstraction:NeighborOf,reactome:ProteinReference8671
reactome:ProteinReference1050,abstraction:NeighborOf,reactome:ProteinReference1515
reactome:ProteinReference6424,abstraction:NeighborOf,reactome:ProteinReference8907
reactome:ProteinReference2876,abstraction:NeighborOf,reactome:ProteinReference2994
reactome:ProteinReference10777,abstraction:NeighborOf,reactome:ProteinReference10780
reactome:ProteinReference2873,abstraction:NeighborOf,reactome:ProteinReference2908
reactome:ProteinReference2980,abstraction:NeighborOf,reactome:ProteinReference2984
reactome:ProteinReference8686,abstraction:NeighborOf,reactome:ProteinReference8751
reactome:ProteinReference8677,abstraction:NeighborOf,reactome:ProteinReference8680
reactome:ProteinReference2852,abstraction:NeighborOf,reactome:ProteinReference2858
reactome:ProteinReference6148,abstraction:NeighborOf,reactome:ProteinReference6243
reactome:ProteinReference6932,abstraction:NeighborOf,reactome:ProteinReference7761
reactome:ProteinReference5331,abstraction:NeighborOf,reactome:ProteinReference5334
reactome:ProteinReference5277,abstraction:NeighborOf,reactome:ProteinReference7604
reactome:ProteinReference4582,abstraction:NeighborOf,reactome:ProteinReference8912
reactome:ProteinReference4494,abstraction:NeighborOf,reactome:ProteinReference6291
reactome:ProteinReference8997,abstraction:NeighborOf,reactome:ProteinReference8999
reactome:ProteinReference2899,abstraction:NeighborOf,reactome:ProteinReference2927
reactome:ProteinReference5294,abstraction:NeighborOf,reactome:ProteinReference5306
reactome:ProteinReference8660,abstraction:NeighborOf,reactome:ProteinReference8735
reactome:ProteinReference7042,abstraction:NeighborOf,reactome:ProteinReference7043
reactome:ProteinReference8644,abstraction:NeighborOf,reactome:ProteinReference8667
reactome:ProteinReference5214,abstraction:NeighborOf,reactome:ProteinReference8906
reactome:ProteinReference6522,abstraction:NeighborOf,reactome:ProteinReference7688
reactome:ProteinReference588,abstraction:NeighborOf,reactome:ProteinReference5943
reactome:ProteinReference3640,abstraction:NeighborOf,reactome:ProteinReference8902
reactome:ProteinReference2860,abstraction:NeighborOf,reactome:ProteinReference2937
reactome:ProteinReference7721,abstraction:NeighborOf,reactome:ProteinReference8600
reactome:ProteinReference8756,abstraction:NeighborOf,reactome:ProteinReference8761
reactome:ProteinReference8941,abstraction:NeighborOf,reactome:ProteinReference8950
reactome:ProteinReference642,abstraction:NeighborOf,reactome:ProteinReference9821
reactome:ProteinReference2864,abstraction:NeighborOf,reactome:ProteinReference2868
reactome:ProteinReference2981,abstraction:NeighborOf,reactome:ProteinReference2993
reactome:ProteinReference8686,abstraction:NeighborOf,reactome:ProteinReference8765
reactome:ProteinReference1092,abstraction:NeighborOf,reactome:ProteinReference1099
reactome:ProteinReference4096,abstraction:NeighborOf,reactome:ProteinReference4097
reactome:ProteinReference8717,abstraction:NeighborOf,reactome:ProteinReference8728
reactome:ProteinReference8647,abstraction:NeighborOf,reactome:ProteinReference8669
reactome:ProteinReference9704,abstraction:NeighborOf,reactome:ProteinReference9707
reactome:ProteinReference2984,abstraction:NeighborOf,reactome:ProteinReference2996
reactome:ProteinReference3100,abstraction:NeighborOf,reactome:ProteinReference768
reactome:ProteinReference8652,abstraction:NeighborOf,reactome:ProteinReference8699
reactome:ProteinReference1063,abstraction:NeighborOf,reactome:ProteinReference1106
reactome:ProteinReference3236,abstraction:NeighborOf,reactome:ProteinReference3237
reactome:ProteinReference6137,abstraction:NeighborOf,reactome:ProteinReference6162
reactome:ProteinReference4497,abstraction:NeighborOf,reactome:ProteinReference9703
reactome:ProteinReference9703,abstraction:NeighborOf,reactome:ProteinReference9715
reactome:ProteinReference2777,abstraction:NeighborOf,reactome:ProteinReference5291
reactome:ProteinReference1088,abstraction:NeighborOf,reactome:ProteinReference6162
reactome:ProteinReference8761,abstraction:NeighborOf,reactome:ProteinReference8767
reactome:ProteinReference8697,abstraction:NeighborOf,reactome:ProteinReference8716
reactome:ProteinReference12148,abstraction:NeighborOf,reactome:ProteinReference12149
reactome:ProteinReference8752,abstraction:NeighborOf,reactome:ProteinReference8755
reactome:ProteinReference3207,abstraction:NeighborOf,reactome:ProteinReference3209
reactome:ProteinReference5709,abstraction:NeighborOf,reactome:ProteinReference6243
reactome:ProteinReference8653,abstraction:NeighborOf,reactome:ProteinReference8747
reactome:ProteinReference6136,abstraction:NeighborOf,reactome:ProteinReference6152
reactome:ProteinReference8726,abstraction:NeighborOf,reactome:ProteinReference8727
reactome:ProteinReference2798,abstraction:NeighborOf,reactome:ProteinReference9954
reactome:ProteinReference216,abstraction:NeighborOf,reactome:ProteinReference5739
reactome:ProteinReference8661,abstraction:NeighborOf,reactome:ProteinReference8734
reactome:ProteinReference8659,abstraction:NeighborOf,reactome:ProteinReference8724
reactome:ProteinReference8777,abstraction:NeighborOf,reactome:ProteinReference8781
reactome:ProteinReference9709,abstraction:NeighborOf,reactome:ProteinReference9712
reactome:ProteinReference11319,abstraction:NeighborOf,reactome:ProteinReference8116
reactome:ProteinReference4191,abstraction:NeighborOf,reactome:ProteinReference6594
reactome:ProteinReference5752,abstraction:NeighborOf,reactome:ProteinReference5753
reactome:ProteinReference2986,abstraction:NeighborOf,reactome:ProteinReference2990
reactome:ProteinReference2962,abstraction:NeighborOf,reactome:ProteinReference3000
reactome:ProteinReference8805,abstraction:NeighborOf,reactome:ProteinReference8806
reactome:ProteinReference2959,abstraction:NeighborOf,reactome:ProteinReference2984
reactome:ProteinReference1736,abstraction:NeighborOf,reactome:ProteinReference4382
reactome:ProteinReference8652,abstraction:NeighborOf,reactome:ProteinReference8701
reactome:ProteinReference2473,abstraction:NeighborOf,reactome:ProteinReference3184
reactome:ProteinReference10832,abstraction:NeighborOf,reactome:ProteinReference10835
reactome:ProteinReference3926,abstraction:NeighborOf,reactome:ProteinReference659
reactome:ProteinReference8734,abstraction:NeighborOf,reactome:ProteinReference8736
reactome:ProteinReference11417,abstraction:NeighborOf,reactome:ProteinReference11418
reactome:ProteinReference8649,abstraction:NeighborOf,reactome:ProteinReference8719
reactome:ProteinReference8708,abstraction:NeighborOf,reactome:ProteinReference8728
reactome:ProteinReference8659,abstraction:NeighborOf,reactome:ProteinReference8660
reactome:ProteinReference10611,abstraction:NeighborOf,reactome:ProteinReference8576
reactome:ProteinReference1114,abstraction:NeighborOf,reactome:ProteinReference1118
reactome:ProteinReference8709,abstraction:NeighborOf,reactome:ProteinReference8718
reactome:ProteinReference3207,abstraction:NeighborOf,reactome:ProteinReference3218
reactome:ProteinReference10418,abstraction:NeighborOf,reactome:ProteinReference3575
reactome:ProteinReference8707,abstraction:NeighborOf,reactome:ProteinReference8709
reactome:ProteinReference6162,abstraction:NeighborOf,reactome:ProteinReference8709
reactome:ProteinReference10686,abstraction:NeighborOf,reactome:ProteinReference10687
reactome:ProteinReference3198,abstraction:NeighborOf,reactome:ProteinReference3199
reactome:ProteinReference8690,abstraction:NeighborOf,reactome:ProteinReference8756
reactome:ProteinReference8670,abstraction:NeighborOf,reactome:ProteinReference8678
reactome:ProteinReference6150,abstraction:NeighborOf,reactome:ProteinReference6277
reactome:ProteinReference6733,abstraction:NeighborOf,reactome:ProteinReference6735
reactome:ProteinReference4518,abstraction:NeighborOf,reactome:ProteinReference4519
reactome:ProteinReference8666,abstraction:NeighborOf,reactome:ProteinReference8720
reactome:ProteinReference11023,abstraction:NeighborOf,reactome:ProteinReference11027
reactome:ProteinReference3733,abstraction:NeighborOf,reactome:ProteinReference3942
reactome:ProteinReference10836,abstraction:NeighborOf,reactome:ProteinReference11019
reactome:ProteinReference8726,abstraction:NeighborOf,reactome:ProteinReference8732
reactome:ProteinReference2973,abstraction:NeighborOf,reactome:ProteinReference2987
reactome:ProteinReference1105,abstraction:NeighborOf,reactome:ProteinReference1115
reactome:ProteinReference1106,abstraction:NeighborOf,reactome:ProteinReference1114
reactome:ProteinReference10663,abstraction:NeighborOf,reactome:ProteinReference4703
reactome:ProteinReference8660,abstraction:NeighborOf,reactome:ProteinReference8702
reactome:ProteinReference8652,abstraction:NeighborOf,reactome:ProteinReference8723
reactome:ProteinReference3570,abstraction:NeighborOf,reactome:ProteinReference6692
reactome:ProteinReference9954,abstraction:NeighborOf,reactome:ProteinReference9956
reactome:ProteinReference3072,abstraction:NeighborOf,reactome:ProteinReference3682
reactome:ProteinReference2030,abstraction:NeighborOf,reactome:ProteinReference2032
reactome:ProteinReference5161,abstraction:NeighborOf,reactome:ProteinReference5162
reactome:ProteinReference10807,abstraction:NeighborOf,reactome:ProteinReference10808
reactome:ProteinReference4054,abstraction:NeighborOf,reactome:ProteinReference6244
reactome:ProteinReference5983,abstraction:NeighborOf,reactome:ProteinReference8116
reactome:ProteinReference8707,abstraction:NeighborOf,reactome:ProteinReference8722
reactome:ProteinReference8659,abstraction:NeighborOf,reactome:ProteinReference8703
reactome:ProteinReference1107,abstraction:NeighborOf,reactome:ProteinReference1112
reactome:ProteinReference3212,abstraction:NeighborOf,reactome:ProteinReference3221
reactome:ProteinReference8700,abstraction:NeighborOf,reactome:ProteinReference8709
reactome:ProteinReference8646,abstraction:NeighborOf,reactome:ProteinReference8652
reactome:ProteinReference8677,abstraction:NeighborOf,reactome:ProteinReference8758
reactome:ProteinReference3923,abstraction:NeighborOf,reactome:ProteinReference3929
reactome:ProteinReference1119,abstraction:NeighborOf,reactome:ProteinReference1122
reactome:ProteinReference5500,abstraction:NeighborOf,reactome:ProteinReference5501
reactome:ProteinReference4881,abstraction:NeighborOf,reactome:ProteinReference4882
reactome:ProteinReference8756,abstraction:NeighborOf,reactome:ProteinReference8767
reactome:ProteinReference8674,abstraction:NeighborOf,reactome:ProteinReference8689
reactome:ProteinReference3220,abstraction:NeighborOf,reactome:ProteinReference3221
reactome:ProteinReference11256,abstraction:NeighborOf,reactome:ProteinReference7571
reactome:ProteinReference2462,abstraction:NeighborOf,reactome:ProteinReference2469
reactome:ProteinReference1063,abstraction:NeighborOf,reactome:ProteinReference1112
reactome:ProteinReference5130,abstraction:NeighborOf,reactome:ProteinReference5131
reactome:ProteinReference10840,abstraction:NeighborOf,reactome:ProteinReference6173
reactome:ProteinReference3039,abstraction:NeighborOf,reactome:ProteinReference5522
reactome:ProteinReference1095,abstraction:NeighborOf,reactome:ProteinReference1102
reactome:ProteinReference8193,abstraction:NeighborOf,reactome:ProteinReference8211
reactome:ProteinReference2978,abstraction:NeighborOf,reactome:ProteinReference2988
reactome:ProteinReference8660,abstraction:NeighborOf,reactome:ProteinReference8701
reactome:ProteinReference1032,abstraction:NeighborOf,reactome:ProteinReference3067
reactome:ProteinReference8665,abstraction:NeighborOf,reactome:ProteinReference8763
reactome:ProteinReference4672,abstraction:NeighborOf,reactome:ProteinReference5582
reactome:ProteinReference1032,abstraction:NeighborOf,reactome:ProteinReference9704
reactome:ProteinReference11013,abstraction:NeighborOf,reactome:ProteinReference6159
reactome:ProteinReference11271,abstraction:NeighborOf,reactome:ProteinReference11275
reactome:ProteinReference8755,abstraction:NeighborOf,reactome:ProteinReference8758
reactome:ProteinReference5404,abstraction:NeighborOf,reactome:ProteinReference5405
reactome:ProteinReference10832,abstraction:NeighborOf,reactome:ProteinReference10834
reactome:ProteinReference8701,abstraction:NeighborOf,reactome:ProteinReference8720
reactome:ProteinReference8659,abstraction:NeighborOf,reactome:ProteinReference8715
reactome:ProteinReference8672,abstraction:NeighborOf,reactome:ProteinReference8735
reactome:ProteinReference6244,abstraction:NeighborOf,reactome:ProteinReference6265
reactome:ProteinReference8706,abstraction:NeighborOf,reactome:ProteinReference8727
reactome:ProteinReference2978,abstraction:NeighborOf,reactome:ProteinReference2994
reactome:ProteinReference10678,abstraction:NeighborOf,reactome:ProteinReference10679
reactome:ProteinReference8700,abstraction:NeighborOf,reactome:ProteinReference8722
reactome:ProteinReference2473,abstraction:NeighborOf,reactome:ProteinReference2475
reactome:ProteinReference8660,abstraction:NeighborOf,reactome:ProteinReference8724
reactome:ProteinReference11018,abstraction:NeighborOf,reactome:ProteinReference11019
reactome:ProteinReference8697,abstraction:NeighborOf,reactome:ProteinReference8725
reactome:ProteinReference1800,abstraction:NeighborOf,reactome:ProteinReference1801
reactome:ProteinReference8752,abstraction:NeighborOf,reactome:ProteinReference8754
reactome:ProteinReference3212,abstraction:NeighborOf,reactome:ProteinReference3220
reactome:ProteinReference6316,abstraction:NeighborOf,reactome:ProteinReference6318
reactome:ProteinReference2957,abstraction:NeighborOf,reactome:ProteinReference2972
reactome:ProteinReference2961,abstraction:NeighborOf,reactome:ProteinReference2973
reactome:ProteinReference4443,abstraction:NeighborOf,reactome:ProteinReference4703
reactome:ProteinReference437,abstraction:NeighborOf,reactome:ProteinReference6178
reactome:ProteinReference8646,abstraction:NeighborOf,reactome:ProteinReference8769
reactome:ProteinReference5929,abstraction:NeighborOf,reactome:ProteinReference8950
reactome:ProteinReference8643,abstraction:NeighborOf,reactome:ProteinReference8728
reactome:ProteinReference8670,abstraction:NeighborOf,reactome:ProteinReference8718
reactome:ProteinReference1084,abstraction:NeighborOf,reactome:ProteinReference1087
reactome:ProteinReference8680,abstraction:NeighborOf,reactome:ProteinReference8758
reactome:ProteinReference9703,abstraction:NeighborOf,reactome:ProteinReference9716
reactome:ProteinReference10821,abstraction:NeighborOf,reactome:ProteinReference7856
reactome:ProteinReference5306,abstraction:NeighborOf,reactome:ProteinReference5965
reactome:ProteinReference8679,abstraction:NeighborOf,reactome:ProteinReference8708
reactome:ProteinReference8660,abstraction:NeighborOf,reactome:ProteinReference8723
reactome:ProteinReference1736,abstraction:NeighborOf,reactome:ProteinReference4456
reactome:ProteinReference6162,abstraction:NeighborOf,reactome:ProteinReference8736
reactome:ProteinReference2850,abstraction:NeighborOf,reactome:ProteinReference2853
reactome:ProteinReference4718,abstraction:NeighborOf,reactome:ProteinReference8303
reactome:ProteinReference83,abstraction:NeighborOf,reactome:ProteinReference84
reactome:ProteinReference8661,abstraction:NeighborOf,reactome:ProteinReference8718
reactome:ProteinReference2876,abstraction:NeighborOf,reactome:ProteinReference2989
reactome:ProteinReference8569,abstraction:NeighborOf,reactome:ProteinReference8574
reactome:ProteinReference79,abstraction:NeighborOf,reactome:ProteinReference80
reactome:ProteinReference9720,abstraction:NeighborOf,reactome:ProteinReference9721
reactome:ProteinReference1108,abstraction:NeighborOf,reactome:ProteinReference1112
reactome:ProteinReference8692,abstraction:NeighborOf,reactome:ProteinReference8704
reactome:ProteinReference9953,abstraction:NeighborOf,reactome:ProteinReference9956
reactome:ProteinReference11381,abstraction:NeighborOf,reactome:ProteinReference6509
reactome:ProteinReference10560,abstraction:NeighborOf,reactome:ProteinReference6048
reactome:ProteinReference8712,abstraction:NeighborOf,reactome:ProteinReference8720
reactome:ProteinReference2979,abstraction:NeighborOf,reactome:ProteinReference2982
reactome:ProteinReference6162,abstraction:NeighborOf,reactome:ProteinReference8676
reactome:ProteinReference8690,abstraction:NeighborOf,reactome:ProteinReference8762
reactome:ProteinReference10829,abstraction:NeighborOf,reactome:ProteinReference10845
reactome:ProteinReference2473,abstraction:NeighborOf,reactome:ProteinReference3202
reactome:ProteinReference11283,abstraction:NeighborOf,reactome:ProteinReference11284
reactome:ProteinReference11254,abstraction:NeighborOf,reactome:ProteinReference11275
reactome:ProteinReference8689,abstraction:NeighborOf,reactome:ProteinReference8700
reactome:ProteinReference2934,abstraction:NeighborOf,reactome:ProteinReference2957
reactome:ProteinReference59,abstraction:NeighborOf,reactome:ProteinReference60
reactome:ProteinReference6162,abstraction:NeighborOf,reactome:ProteinReference8710
reactome:ProteinReference8662,abstraction:NeighborOf,reactome:ProteinReference8726
reactome:ProteinReference1118,abstraction:NeighborOf,reactome:ProteinReference1121
reactome:ProteinReference8706,abstraction:NeighborOf,reactome:ProteinReference8732
reactome:ProteinReference4501,abstraction:NeighborOf,reactome:ProteinReference5004
reactome:ProteinReference8645,abstraction:NeighborOf,reactome:ProteinReference8720
reactome:ProteinReference7503,abstraction:NeighborOf,reactome:ProteinReference7510
reactome:ProteinReference1024,abstraction:NeighborOf,reactome:ProteinReference5763
reactome:ProteinReference2982,abstraction:NeighborOf,reactome:ProteinReference2985
reactome:ProteinReference8657,abstraction:NeighborOf,reactome:ProteinReference8676
reactome:ProteinReference2958,abstraction:NeighborOf,reactome:ProteinReference2972
reactome:ProteinReference5443,abstraction:NeighborOf,reactome:ProteinReference5611
reactome:ProteinReference2874,abstraction:NeighborOf,reactome:ProteinReference2913
reactome:ProteinReference1736,abstraction:NeighborOf,reactome:ProteinReference4422
reactome:ProteinReference1052,abstraction:NeighborOf,reactome:ProteinReference1053
reactome:ProteinReference2974,abstraction:NeighborOf,reactome:ProteinReference2980
reactome:ProteinReference5442,abstraction:NeighborOf,reactome:ProteinReference6456
reactome:ProteinReference5002,abstraction:NeighborOf,reactome:ProteinReference5405
reactome:ProteinReference8648,abstraction:NeighborOf,reactome:ProteinReference8676
reactome:ProteinReference2961,abstraction:NeighborOf,reactome:ProteinReference2980
reactome:ProteinReference2899,abstraction:NeighborOf,reactome:ProteinReference2931
reactome:ProteinReference5139,abstraction:NeighborOf,reactome:ProteinReference5140
reactome:ProteinReference8710,abstraction:NeighborOf,reactome:ProteinReference8724
reactome:ProteinReference5329,abstraction:NeighborOf,reactome:ProteinReference5334
reactome:ProteinReference141,abstraction:NeighborOf,reactome:ProteinReference142
reactome:ProteinReference8666,abstraction:NeighborOf,reactome:ProteinReference8736
reactome:ProteinReference8725,abstraction:NeighborOf,reactome:ProteinReference8728
reactome:ProteinReference2904,abstraction:NeighborOf,reactome:ProteinReference2938
reactome:ProteinReference11251,abstraction:NeighborOf,reactome:ProteinReference5929
reactome:ProteinReference5294,abstraction:NeighborOf,reactome:ProteinReference7824
reactome:ProteinReference4497,abstraction:NeighborOf,reactome:ProteinReference6773
reactome:ProteinReference1736,abstraction:NeighborOf,reactome:ProteinReference4497
reactome:ProteinReference1943,abstraction:NeighborOf,reactome:ProteinReference1949
reactome:ProteinReference8720,abstraction:NeighborOf,reactome:ProteinReference8727
reactome:ProteinReference8688,abstraction:NeighborOf,reactome:ProteinReference8689
reactome:ProteinReference8705,abstraction:NeighborOf,reactome:ProteinReference8730
reactome:ProteinReference8749,abstraction:NeighborOf,reactome:ProteinReference8753
reactome:ProteinReference8671,abstraction:NeighborOf,reactome:ProteinReference8704
reactome:ProteinReference4137,abstraction:NeighborOf,reactome:ProteinReference5635
reactome:ProteinReference10580,abstraction:NeighborOf,reactome:ProteinReference7816
reactome:ProteinReference5328,abstraction:NeighborOf,reactome:ProteinReference5330
reactome:ProteinReference8704,abstraction:NeighborOf,reactome:ProteinReference8727
reactome:ProteinReference7724,abstraction:NeighborOf,reactome:ProteinReference9086
reactome:ProteinReference5163,abstraction:NeighborOf,reactome:ProteinReference5164
reactome:ProteinReference1958,abstraction:NeighborOf,reactome:ProteinReference1960
reactome:ProteinReference8666,abstraction:NeighborOf,reactome:ProteinReference8676
reactome:ProteinReference5240,abstraction:NeighborOf,reactome:ProteinReference6105
reactome:ProteinReference8734,abstraction:NeighborOf,reactome:ProteinReference8738
reactome:ProteinReference1126,abstraction:NeighborOf,reactome:ProteinReference8893
reactome:ProteinReference4137,abstraction:NeighborOf,reactome:ProteinReference6344
reactome:ProteinReference8643,abstraction:NeighborOf,reactome:ProteinReference8665
reactome:ProteinReference8666,abstraction:NeighborOf,reactome:ProteinReference8710
reactome:ProteinReference8645,abstraction:NeighborOf,reactome:ProteinReference8672
reactome:ProteinReference4557,abstraction:NeighborOf,reactome:ProteinReference8895
reactome:ProteinReference9598,abstraction:NeighborOf,reactome:ProteinReference9691
reactome:ProteinReference8644,abstraction:NeighborOf,reactome:ProteinReference8747
reactome:ProteinReference10582,abstraction:NeighborOf,reactome:ProteinReference4490
reactome:ProteinReference8678,abstraction:NeighborOf,reactome:ProteinReference8719
reactome:ProteinReference6317,abstraction:NeighborOf,reactome:ProteinReference6326
reactome:ProteinReference11110,abstraction:NeighborOf,reactome:ProteinReference11111
reactome:ProteinReference3847,abstraction:NeighborOf,reactome:ProteinReference4979
reactome:ProteinReference11043,abstraction:NeighborOf,reactome:ProteinReference5390
reactome:ProteinReference4699,abstraction:NeighborOf,reactome:ProteinReference4702
reactome:ProteinReference8672,abstraction:NeighborOf,reactome:ProteinReference8702
reactome:ProteinReference8711,abstraction:NeighborOf,reactome:ProteinReference8737
reactome:ProteinReference1798,abstraction:NeighborOf,reactome:ProteinReference9870
reactome:ProteinReference11442,abstraction:NeighborOf,reactome:ProteinReference3519
reactome:ProteinReference10663,abstraction:NeighborOf,reactome:ProteinReference4443
reactome:ProteinReference2984,abstraction:NeighborOf,reactome:ProteinReference2995
reactome:ProteinReference10776,abstraction:NeighborOf,reactome:ProteinReference10783
reactome:ProteinReference11435,abstraction:NeighborOf,reactome:ProteinReference1802
reactome:ProteinReference10573,abstraction:NeighborOf,reactome:ProteinReference4701
reactome:ProteinReference7846,abstraction:NeighborOf,reactome:ProteinReference9933
reactome:ProteinReference1032,abstraction:NeighborOf,reactome:ProteinReference9702
reactome:ProteinReference2933,abstraction:NeighborOf,reactome:ProteinReference2938
reactome:ProteinReference8720,abstraction:NeighborOf,reactome:ProteinReference8732
reactome:ProteinReference7040,abstraction:NeighborOf,reactome:ProteinReference7041
reactome:ProteinReference8646,abstraction:NeighborOf,reactome:ProteinReference8651
reactome:ProteinReference11045,abstraction:NeighborOf,reactome:ProteinReference281
reactome:ProteinReference4564,abstraction:NeighborOf,reactome:ProteinReference4567
reactome:ProteinReference8690,abstraction:NeighborOf,reactome:ProteinReference8760
reactome:ProteinReference8704,abstraction:NeighborOf,reactome:ProteinReference8732
reactome:ProteinReference1351,abstraction:NeighborOf,reactome:ProteinReference7824
reactome:ProteinReference8698,abstraction:NeighborOf,reactome:ProteinReference8718
reactome:ProteinReference4113,abstraction:NeighborOf,reactome:ProteinReference9847
reactome:ProteinReference8672,abstraction:NeighborOf,reactome:ProteinReference8701
reactome:ProteinReference6759,abstraction:NeighborOf,reactome:ProteinReference8689
reactome:ProteinReference8662,abstraction:NeighborOf,reactome:ProteinReference8666
reactome:ProteinReference8727,abstraction:NeighborOf,reactome:ProteinReference8728
reactome:ProteinReference11267,abstraction:NeighborOf,reactome:ProteinReference11289
reactome:ProteinReference8662,abstraction:NeighborOf,reactome:ProteinReference8721
reactome:ProteinReference10780,abstraction:NeighborOf,reactome:ProteinReference7662
reactome:ProteinReference8661,abstraction:NeighborOf,reactome:ProteinReference8667
reactome:ProteinReference1105,abstraction:NeighborOf,reactome:ProteinReference1122
reactome:ProteinReference633,abstraction:NeighborOf,reactome:ProteinReference634
reactome:ProteinReference1907,abstraction:NeighborOf,reactome:ProteinReference1935
reactome:ProteinReference8672,abstraction:NeighborOf,reactome:ProteinReference8724
reactome:ProteinReference6162,abstraction:NeighborOf,reactome:ProteinReference8729
reactome:ProteinReference8748,abstraction:NeighborOf,reactome:ProteinReference8756
reactome:ProteinReference10474,abstraction:NeighborOf,reactome:ProteinReference10479
reactome:ProteinReference377,abstraction:NeighborOf,reactome:ProteinReference5251
reactome:ProteinReference2979,abstraction:NeighborOf,reactome:ProteinReference3001
reactome:ProteinReference62,abstraction:NeighborOf,reactome:ProteinReference63
reactome:ProteinReference2986,abstraction:NeighborOf,reactome:ProteinReference2988
reactome:ProteinReference8710,abstraction:NeighborOf,reactome:ProteinReference8715
reactome:ProteinReference5486,abstraction:NeighborOf,reactome:ProteinReference5487
reactome:ProteinReference8712,abstraction:NeighborOf,reactome:ProteinReference8736
reactome:ProteinReference10680,abstraction:NeighborOf,reactome:ProteinReference10681
reactome:ProteinReference9446,abstraction:NeighborOf,reactome:ProteinReference9956
reactome:ProteinReference2929,abstraction:NeighborOf,reactome:ProteinReference2992
reactome:ProteinReference2454,abstraction:NeighborOf,reactome:ProteinReference2462
reactome:ProteinReference2986,abstraction:NeighborOf,reactome:ProteinReference2994
reactome:ProteinReference8670,abstraction:NeighborOf,reactome:ProteinReference8696
reactome:ProteinReference2979,abstraction:NeighborOf,reactome:ProteinReference2986
reactome:ProteinReference10525,abstraction:NeighborOf,reactome:ProteinReference10527
reactome:ProteinReference6162,abstraction:NeighborOf,reactome:ProteinReference8646
reactome:ProteinReference6677,abstraction:NeighborOf,reactome:ProteinReference6912
reactome:ProteinReference3181,abstraction:NeighborOf,reactome:ProteinReference3201
reactome:ProteinReference8705,abstraction:NeighborOf,reactome:ProteinReference8711
reactome:ProteinReference8715,abstraction:NeighborOf,reactome:ProteinReference8737
reactome:ProteinReference1065,abstraction:NeighborOf,reactome:ProteinReference9009
reactome:ProteinReference68,abstraction:NeighborOf,reactome:ProteinReference70
reactome:ProteinReference10776,abstraction:NeighborOf,reactome:ProteinReference10784
reactome:ProteinReference8709,abstraction:NeighborOf,reactome:ProteinReference8731
reactome:ProteinReference8651,abstraction:NeighborOf,reactome:ProteinReference8722
reactome:ProteinReference4389,abstraction:NeighborOf,reactome:ProteinReference4415
reactome:ProteinReference5967,abstraction:NeighborOf,reactome:ProteinReference8116
reactome:ProteinReference1579,abstraction:NeighborOf,reactome:ProteinReference6815
reactome:ProteinReference8662,abstraction:NeighborOf,reactome:ProteinReference8717
reactome:ProteinReference9715,abstraction:NeighborOf,reactome:ProteinReference9720
reactome:ProteinReference8661,abstraction:NeighborOf,reactome:ProteinReference8696
reactome:ProteinReference6162,abstraction:NeighborOf,reactome:ProteinReference8738
reactome:ProteinReference2973,abstraction:NeighborOf,reactome:ProteinReference2990
reactome:ProteinReference2843,abstraction:NeighborOf,reactome:ProteinReference8740
reactome:ProteinReference2867,abstraction:NeighborOf,reactome:ProteinReference2868
reactome:ProteinReference2859,abstraction:NeighborOf,reactome:ProteinReference2860
reactome:ProteinReference8666,abstraction:NeighborOf,reactome:ProteinReference8729
reactome:ProteinReference2978,abstraction:NeighborOf,reactome:ProteinReference2989
reactome:ProteinReference3045,abstraction:NeighborOf,reactome:ProteinReference3355
reactome:ProteinReference8674,abstraction:NeighborOf,reactome:ProteinReference8700
reactome:ProteinReference5125,abstraction:NeighborOf,reactome:ProteinReference5131
reactome:ProteinReference8665,abstraction:NeighborOf,reactome:ProteinReference8754
reactome:ProteinReference6147,abstraction:NeighborOf,reactome:ProteinReference6152
reactome:ProteinReference8659,abstraction:NeighborOf,reactome:ProteinReference8728
reactome:ProteinReference5155,abstraction:NeighborOf,reactome:ProteinReference7600
reactome:ProteinReference10591,abstraction:NeighborOf,reactome:ProteinReference10592
reactome:ProteinReference2778,abstraction:NeighborOf,reactome:ProteinReference8328
reactome:ProteinReference10783,abstraction:NeighborOf,reactome:ProteinReference7662
reactome:ProteinReference8692,abstraction:NeighborOf,reactome:ProteinReference8705
reactome:ProteinReference4776,abstraction:NeighborOf,reactome:ProteinReference4777
reactome:ProteinReference5316,abstraction:NeighborOf,reactome:ProteinReference5318
reactome:ProteinReference3355,abstraction:NeighborOf,reactome:ProteinReference3358
reactome:ProteinReference2448,abstraction:NeighborOf,reactome:ProteinReference2460
reactome:ProteinReference6513,abstraction:NeighborOf,reactome:ProteinReference6516
reactome:ProteinReference8779,abstraction:NeighborOf,reactome:ProteinReference8781
reactome:ProteinReference8732,abstraction:NeighborOf,reactome:ProteinReference8735
reactome:ProteinReference2874,abstraction:NeighborOf,reactome:ProteinReference2908
reactome:ProteinReference8653,abstraction:NeighborOf,reactome:ProteinReference8766
reactome:ProteinReference5420,abstraction:NeighborOf,reactome:ProteinReference6049
reactome:ProteinReference10818,abstraction:NeighborOf,reactome:ProteinReference3033
reactome:ProteinReference9704,abstraction:NeighborOf,reactome:ProteinReference9715
reactome:ProteinReference3073,abstraction:NeighborOf,reactome:ProteinReference3144
reactome:ProteinReference10777,abstraction:NeighborOf,reactome:ProteinReference10778
reactome:ProteinReference5294,abstraction:NeighborOf,reactome:ProteinReference5296
reactome:ProteinReference595,abstraction:NeighborOf,reactome:ProteinReference6244
reactome:ProteinReference2898,abstraction:NeighborOf,reactome:ProteinReference2936
reactome:ProteinReference2908,abstraction:NeighborOf,reactome:ProteinReference2931
reactome:ProteinReference8711,abstraction:NeighborOf,reactome:ProteinReference8735
reactome:ProteinReference8708,abstraction:NeighborOf,reactome:ProteinReference8709
reactome:ProteinReference8666,abstraction:NeighborOf,reactome:ProteinReference8738
reactome:ProteinReference8368,abstraction:NeighborOf,reactome:ProteinReference8907
reactome:ProteinReference11033,abstraction:NeighborOf,reactome:ProteinReference11035
reactome:ProteinReference10350,abstraction:NeighborOf,reactome:ProteinReference6159
reactome:ProteinReference8705,abstraction:NeighborOf,reactome:ProteinReference8707
reactome:ProteinReference8686,abstraction:NeighborOf,reactome:ProteinReference8690
reactome:ProteinReference3049,abstraction:NeighborOf,reactome:ProteinReference3196
reactome:ProteinReference8690,abstraction:NeighborOf,reactome:ProteinReference8744
reactome:ProteinReference8748,abstraction:NeighborOf,reactome:ProteinReference8762
reactome:ProteinReference8994,abstraction:NeighborOf,reactome:ProteinReference8999
reactome:ProteinReference8717,abstraction:NeighborOf,reactome:ProteinReference8736
reactome:ProteinReference1933,abstraction:NeighborOf,reactome:ProteinReference1934
reactome:ProteinReference2985,abstraction:NeighborOf,reactome:ProteinReference2998
reactome:ProteinReference8671,abstraction:NeighborOf,reactome:ProteinReference8705
reactome:ProteinReference1814,abstraction:NeighborOf,reactome:ProteinReference8627
reactome:ProteinReference8686,abstraction:NeighborOf,reactome:ProteinReference8746
reactome:ProteinReference4423,abstraction:NeighborOf,reactome:ProteinReference5039
reactome:ProteinReference8708,abstraction:NeighborOf,reactome:ProteinReference8722
reactome:ProteinReference2984,abstraction:NeighborOf,reactome:ProteinReference2997
reactome:ProteinReference2984,abstraction:NeighborOf,reactome:ProteinReference2991
reactome:ProteinReference1736,abstraction:NeighborOf,reactome:ProteinReference4451
reactome:ProteinReference8907,abstraction:NeighborOf,reactome:ProteinReference8937
reactome:ProteinReference632,abstraction:NeighborOf,reactome:ProteinReference633
reactome:ProteinReference1799,abstraction:NeighborOf,reactome:ProteinReference1800
reactome:ProteinReference8661,abstraction:NeighborOf,reactome:ProteinReference8731
reactome:ProteinReference2860,abstraction:NeighborOf,reactome:ProteinReference2932
reactome:ProteinReference8423,abstraction:NeighborOf,reactome:ProteinReference8424
reactome:ProteinReference10812,abstraction:NeighborOf,reactome:ProteinReference10814
reactome:ProteinReference4423,abstraction:NeighborOf,reactome:ProteinReference5299
reactome:ProteinReference9376,abstraction:NeighborOf,reactome:ProteinReference9377
reactome:ProteinReference1114,abstraction:NeighborOf,reactome:ProteinReference1121
reactome:ProteinReference8703,abstraction:NeighborOf,reactome:ProteinReference8734
reactome:ProteinReference10428,abstraction:NeighborOf,reactome:ProteinReference501
reactome:ProteinReference8706,abstraction:NeighborOf,reactome:ProteinReference8720
reactome:ProteinReference4580,abstraction:NeighborOf,reactome:ProteinReference4591
reactome:ProteinReference8313,abstraction:NeighborOf,reactome:ProteinReference8314
reactome:ProteinReference1736,abstraction:NeighborOf,reactome:ProteinReference4388
reactome:ProteinReference8659,abstraction:NeighborOf,reactome:ProteinReference8665
reactome:ProteinReference8700,abstraction:NeighborOf,reactome:ProteinReference8726
reactome:ProteinReference8712,abstraction:NeighborOf,reactome:ProteinReference8729
reactome:ProteinReference11367,abstraction:NeighborOf,reactome:ProteinReference6512
reactome:ProteinReference3072,abstraction:NeighborOf,reactome:ProteinReference3150
reactome:ProteinReference2970,abstraction:NeighborOf,reactome:ProteinReference3073
reactome:ProteinReference8754,abstraction:NeighborOf,reactome:ProteinReference8761
reactome:ProteinReference2934,abstraction:NeighborOf,reactome:ProteinReference2935
reactome:ProteinReference2858,abstraction:NeighborOf,reactome:ProteinReference2861
reactome:ProteinReference8662,abstraction:NeighborOf,reactome:ProteinReference8697
reactome:ProteinReference8715,abstraction:NeighborOf,reactome:ProteinReference8735
reactome:ProteinReference5107,abstraction:NeighborOf,reactome:ProteinReference6244
reactome:ProteinReference9703,abstraction:NeighborOf,reactome:ProteinReference9708
reactome:ProteinReference10987,abstraction:NeighborOf,reactome:ProteinReference5456
reactome:ProteinReference8660,abstraction:NeighborOf,reactome:ProteinReference8728
reactome:ProteinReference2929,abstraction:NeighborOf,reactome:ProteinReference3001
reactome:ProteinReference4648,abstraction:NeighborOf,reactome:ProteinReference4680
reactome:ProteinReference8346,abstraction:NeighborOf,reactome:ProteinReference8348
reactome:ProteinReference1363,abstraction:NeighborOf,reactome:ProteinReference1364
reactome:ProteinReference1095,abstraction:NeighborOf,reactome:ProteinReference1112
reactome:ProteinReference6100,abstraction:NeighborOf,reactome:ProteinReference6278
reactome:ProteinReference6096,abstraction:NeighborOf,reactome:ProteinReference6161
reactome:ProteinReference10408,abstraction:NeighborOf,reactome:ProteinReference10580
reactome:ProteinReference8643,abstraction:NeighborOf,reactome:ProteinReference8709
reactome:ProteinReference3073,abstraction:NeighborOf,reactome:ProteinReference3106
reactome:ProteinReference2865,abstraction:NeighborOf,reactome:ProteinReference2867
reactome:ProteinReference2903,abstraction:NeighborOf,reactome:ProteinReference2938
reactome:ProteinReference8713,abstraction:NeighborOf,reactome:ProteinReference8734
reactome:ProteinReference2668,abstraction:NeighborOf,reactome:ProteinReference6439
reactome:ProteinReference8611,abstraction:NeighborOf,reactome:ProteinReference8612
reactome:ProteinReference1773,abstraction:NeighborOf,reactome:ProteinReference5133
reactome:ProteinReference8721,abstraction:NeighborOf,reactome:ProteinReference8729
reactome:ProteinReference1815,abstraction:NeighborOf,reactome:ProteinReference3092
reactome:ProteinReference8673,abstraction:NeighborOf,reactome:ProteinReference8681
reactome:ProteinReference103,abstraction:NeighborOf,reactome:ProteinReference553
reactome:ProteinReference8712,abstraction:NeighborOf,reactome:ProteinReference8738
reactome:ProteinReference1032,abstraction:NeighborOf,reactome:ProteinReference9707
reactome:ProteinReference8686,abstraction:NeighborOf,reactome:ProteinReference8750
reactome:ProteinReference1141,abstraction:NeighborOf,reactome:ProteinReference7728
reactome:ProteinReference1736,abstraction:NeighborOf,reactome:ProteinReference4389
reactome:ProteinReference1736,abstraction:NeighborOf,reactome:ProteinReference4494
reactome:ProteinReference3073,abstraction:NeighborOf,reactome:ProteinReference3151
reactome:ProteinReference8692,abstraction:NeighborOf,reactome:ProteinReference8730
reactome:ProteinReference8656,abstraction:NeighborOf,reactome:ProteinReference8675
reactome:ProteinReference4776,abstraction:NeighborOf,reactome:ProteinReference66
reactome:ProteinReference3512,abstraction:NeighborOf,reactome:ProteinReference4267
reactome:ProteinReference11381,abstraction:NeighborOf,reactome:ProteinReference6396
reactome:ProteinReference5163,abstraction:NeighborOf,reactome:ProteinReference5274
reactome:ProteinReference8373,abstraction:NeighborOf,reactome:ProteinReference8374
reactome:ProteinReference2872,abstraction:NeighborOf,reactome:ProteinReference2927
reactome:ProteinReference8748,abstraction:NeighborOf,reactome:ProteinReference8760
reactome:ProteinReference10431,abstraction:NeighborOf,reactome:ProteinReference10846
reactome:ProteinReference8747,abstraction:NeighborOf,reactome:ProteinReference8767
reactome:ProteinReference2850,abstraction:NeighborOf,reactome:ProteinReference2861
reactome:ProteinReference8707,abstraction:NeighborOf,reactome:ProteinReference8721
reactome:ProteinReference8723,abstraction:NeighborOf,reactome:ProteinReference8730
reactome:ProteinReference8744,abstraction:NeighborOf,reactome:ProteinReference8761
reactome:ProteinReference8653,abstraction:NeighborOf,reactome:ProteinReference8748
reactome:ProteinReference2851,abstraction:NeighborOf,reactome:ProteinReference2873
reactome:ProteinReference5038,abstraction:NeighborOf,reactome:ProteinReference8328
reactome:ProteinReference10773,abstraction:NeighborOf,reactome:ProteinReference7674
reactome:ProteinReference9439,abstraction:NeighborOf,reactome:ProteinReference9956
reactome:ProteinReference2855,abstraction:NeighborOf,reactome:ProteinReference2995
reactome:ProteinReference8647,abstraction:NeighborOf,reactome:ProteinReference8672
reactome:ProteinReference8653,abstraction:NeighborOf,reactome:ProteinReference8745
reactome:ProteinReference8193,abstraction:NeighborOf,reactome:ProteinReference9911
reactome:ProteinReference9704,abstraction:NeighborOf,reactome:ProteinReference9716
reactome:ProteinReference3850,abstraction:NeighborOf,reactome:ProteinReference433
reactome:ProteinReference8721,abstraction:NeighborOf,reactome:ProteinReference8738
reactome:ProteinReference10476,abstraction:NeighborOf,reactome:ProteinReference10477
reactome:ProteinReference6759,abstraction:NeighborOf,reactome:ProteinReference8700
reactome:ProteinReference8646,abstraction:NeighborOf,reactome:ProteinReference8735
reactome:ProteinReference2986,abstraction:NeighborOf,reactome:ProteinReference2989
reactome:ProteinReference8710,abstraction:NeighborOf,reactome:ProteinReference8728
reactome:ProteinReference8136,abstraction:NeighborOf,reactome:ProteinReference8137
reactome:ProteinReference10685,abstraction:NeighborOf,reactome:ProteinReference10686
reactome:ProteinReference9709,abstraction:NeighborOf,reactome:ProteinReference9716
reactome:ProteinReference8684,abstraction:NeighborOf,reactome:ProteinReference8753
reactome:ProteinReference5330,abstraction:NeighborOf,reactome:ProteinReference5334
reactome:ProteinReference8749,abstraction:NeighborOf,reactome:ProteinReference8766
reactome:ProteinReference8724,abstraction:NeighborOf,reactome:ProteinReference8733
reactome:ProteinReference8648,abstraction:NeighborOf,reactome:ProteinReference8666
reactome:ProteinReference9702,abstraction:NeighborOf,reactome:ProteinReference9720
reactome:ProteinReference9275,abstraction:NeighborOf,reactome:ProteinReference9276
reactome:ProteinReference1111,abstraction:NeighborOf,reactome:ProteinReference1112
reactome:ProteinReference8676,abstraction:NeighborOf,reactome:ProteinReference8708
reactome:ProteinReference4779,abstraction:NeighborOf,reactome:ProteinReference63
reactome:ProteinReference10688,abstraction:NeighborOf,reactome:ProteinReference5675
reactome:ProteinReference503,abstraction:NeighborOf,reactome:ProteinReference6768
reactome:ProteinReference8700,abstraction:NeighborOf,reactome:ProteinReference8721
reactome:ProteinReference8665,abstraction:NeighborOf,reactome:ProteinReference8676
reactome:ProteinReference2825,abstraction:NeighborOf,reactome:ProteinReference2833
reactome:ProteinReference11028,abstraction:NeighborOf,reactome:ProteinReference3487
reactome:ProteinReference8693,abstraction:NeighborOf,reactome:ProteinReference8694
reactome:ProteinReference10958,abstraction:NeighborOf,reactome:ProteinReference10959
reactome:ProteinReference8907,abstraction:NeighborOf,reactome:ProteinReference8949
reactome:ProteinReference8702,abstraction:NeighborOf,reactome:ProteinReference8722
reactome:ProteinReference8707,abstraction:NeighborOf,reactome:ProteinReference8717
reactome:ProteinReference8762,abstraction:NeighborOf,reactome:ProteinReference8767
reactome:ProteinReference2900,abstraction:NeighborOf,reactome:ProteinReference2983
reactome:ProteinReference8643,abstraction:NeighborOf,reactome:ProteinReference8736
reactome:ProteinReference11036,abstraction:NeighborOf,reactome:ProteinReference11041
reactome:ProteinReference8750,abstraction:NeighborOf,reactome:ProteinReference8761
reactome:ProteinReference8671,abstraction:NeighborOf,reactome:ProteinReference8712
reactome:ProteinReference1105,abstraction:NeighborOf,reactome:ProteinReference1108
reactome:ProteinReference8716,abstraction:NeighborOf,reactome:ProteinReference8733
reactome:ProteinReference8703,abstraction:NeighborOf,reactome:ProteinReference8718
reactome:ProteinReference8754,abstraction:NeighborOf,reactome:ProteinReference8767
reactome:ProteinReference10573,abstraction:NeighborOf,reactome:ProteinReference4702
reactome:ProteinReference8711,abstraction:NeighborOf,reactome:ProteinReference8723
reactome:ProteinReference2874,abstraction:NeighborOf,reactome:ProteinReference2932
reactome:ProteinReference10853,abstraction:NeighborOf,reactome:ProteinReference7330
reactome:ProteinReference8667,abstraction:NeighborOf,reactome:ProteinReference8675
reactome:ProteinReference8637,abstraction:NeighborOf,reactome:ProteinReference9721
reactome:ProteinReference2972,abstraction:NeighborOf,reactome:ProteinReference2987
reactome:ProteinReference3073,abstraction:NeighborOf,reactome:ProteinReference8907
reactome:ProteinReference7661,abstraction:NeighborOf,reactome:ProteinReference7663
reactome:ProteinReference8051,abstraction:NeighborOf,reactome:ProteinReference8907
reactome:ProteinReference1736,abstraction:NeighborOf,reactome:ProteinReference4492
reactome:ProteinReference8700,abstraction:NeighborOf,reactome:ProteinReference8717
reactome:ProteinReference2980,abstraction:NeighborOf,reactome:ProteinReference2985
reactome:ProteinReference8706,abstraction:NeighborOf,reactome:ProteinReference8710
reactome:ProteinReference11435,abstraction:NeighborOf,reactome:ProteinReference6427
reactome:ProteinReference1096,abstraction:NeighborOf,reactome:ProteinReference1105
reactome:ProteinReference1094,abstraction:NeighborOf,reactome:ProteinReference1106
reactome:ProteinReference8692,abstraction:NeighborOf,reactome:ProteinReference8711
reactome:ProteinReference10732,abstraction:NeighborOf,reactome:ProteinReference10733
reactome:ProteinReference3845,abstraction:NeighborOf,reactome:ProteinReference9714
reactome:ProteinReference646,abstraction:NeighborOf,reactome:ProteinReference666
reactome:ProteinReference2447,abstraction:NeighborOf,reactome:ProteinReference3201
reactome:ProteinReference5303,abstraction:NeighborOf,reactome:ProteinReference5304
reactome:ProteinReference5129,abstraction:NeighborOf,reactome:ProteinReference5130
reactome:ProteinReference8713,abstraction:NeighborOf,reactome:ProteinReference8718
reactome:ProteinReference9953,abstraction:NeighborOf,reactome:ProteinReference9954
reactome:ProteinReference9713,abstraction:NeighborOf,reactome:ProteinReference9716
reactome:ProteinReference6689,abstraction:NeighborOf,reactome:ProteinReference6722
reactome:ProteinReference3197,abstraction:NeighborOf,reactome:ProteinReference3199
reactome:ProteinReference2979,abstraction:NeighborOf,reactome:ProteinReference2980
reactome:ProteinReference2860,abstraction:NeighborOf,reactome:ProteinReference2905
reactome:ProteinReference9708,abstraction:NeighborOf,reactome:ProteinReference9709
reactome:ProteinReference8672,abstraction:NeighborOf,reactome:ProteinReference8728
reactome:ProteinReference3212,abstraction:NeighborOf,reactome:ProteinReference3215
reactome:ProteinReference2853,abstraction:NeighborOf,reactome:ProteinReference2897
reactome:ProteinReference10679,abstraction:NeighborOf,reactome:ProteinReference10680
reactome:ProteinReference8725,abstraction:NeighborOf,reactome:ProteinReference8736
reactome:ProteinReference8664,abstraction:NeighborOf,reactome:ProteinReference8665
reactome:ProteinReference8646,abstraction:NeighborOf,reactome:ProteinReference8699
reactome:ProteinReference2933,abstraction:NeighborOf,reactome:ProteinReference2972
reactome:ProteinReference8744,abstraction:NeighborOf,reactome:ProteinReference8767
reactome:ProteinReference10926,abstraction:NeighborOf,reactome:ProteinReference1782
reactome:ProteinReference8789,abstraction:NeighborOf,reactome:ProteinReference9707
reactome:ProteinReference8651,abstraction:NeighborOf,reactome:ProteinReference8726
reactome:ProteinReference7444,abstraction:NeighborOf,reactome:ProteinReference8790
reactome:ProteinReference2873,abstraction:NeighborOf,reactome:ProteinReference2898
reactome:ProteinReference6759,abstraction:NeighborOf,reactome:ProteinReference8671
reactome:ProteinReference5333,abstraction:NeighborOf,reactome:ProteinReference5335
reactome:ProteinReference8674,abstraction:NeighborOf,reactome:ProteinReference8681
reactome:ProteinReference8715,abstraction:NeighborOf,reactome:ProteinReference8723
reactome:ProteinReference1023,abstraction:NeighborOf,reactome:ProteinReference5611
reactome:ProteinReference1105,abstraction:NeighborOf,reactome:ProteinReference1111
reactome:ProteinReference8671,abstraction:NeighborOf,reactome:ProteinReference8711
reactome:ProteinReference8746,abstraction:NeighborOf,reactome:ProteinReference8759
reactome:ProteinReference431,abstraction:NeighborOf,reactome:ProteinReference433
reactome:ProteinReference6774,abstraction:NeighborOf,reactome:ProteinReference6783
reactome:ProteinReference6162,abstraction:NeighborOf,reactome:ProteinReference8695
reactome:ProteinReference61,abstraction:NeighborOf,reactome:ProteinReference62
reactome:ProteinReference1814,abstraction:NeighborOf,reactome:ProteinReference8628
reactome:ProteinReference2928,abstraction:NeighborOf,reactome:ProteinReference2934
reactome:ProteinReference2668,abstraction:NeighborOf,reactome:ProteinReference5356
reactome:ProteinReference679,abstraction:NeighborOf,reactome:ProteinReference691
reactome:ProteinReference2927,abstraction:NeighborOf,reactome:ProteinReference2938
reactome:ProteinReference9702,abstraction:NeighborOf,reactome:ProteinReference9714
reactome:ProteinReference8652,abstraction:NeighborOf,reactome:ProteinReference8653
reactome:ProteinReference8692,abstraction:NeighborOf,reactome:ProteinReference8707
reactome:ProteinReference9703,abstraction:NeighborOf,reactome:ProteinReference9713
reactome:ProteinReference4775,abstraction:NeighborOf,reactome:ProteinReference4776
reactome:ProteinReference8652,abstraction:NeighborOf,reactome:ProteinReference8720
reactome:ProteinReference2445,abstraction:NeighborOf,reactome:ProteinReference3184
reactome:ProteinReference8696,abstraction:NeighborOf,reactome:ProteinReference8714
reactome:ProteinReference8689,abstraction:NeighborOf,reactome:ProteinReference8722
reactome:ProteinReference2861,abstraction:NeighborOf,reactome:ProteinReference2874
reactome:ProteinReference2875,abstraction:NeighborOf,reactome:ProteinReference2938
reactome:ProteinReference3236,abstraction:NeighborOf,reactome:ProteinReference3238
reactome:ProteinReference4497,abstraction:NeighborOf,reactome:ProteinReference8564
reactome:ProteinReference8646,abstraction:NeighborOf,reactome:ProteinReference8701
reactome:ProteinReference10478,abstraction:NeighborOf,reactome:ProteinReference8610
reactome:ProteinReference8670,abstraction:NeighborOf,reactome:ProteinReference8714
reactome:ProteinReference8659,abstraction:NeighborOf,reactome:ProteinReference8709
reactome:ProteinReference8750,abstraction:NeighborOf,reactome:ProteinReference8767
reactome:ProteinReference2962,abstraction:NeighborOf,reactome:ProteinReference2963
reactome:ProteinReference2874,abstraction:NeighborOf,reactome:ProteinReference2934
reactome:ProteinReference10777,abstraction:NeighborOf,reactome:ProteinReference10781
reactome:ProteinReference2959,abstraction:NeighborOf,reactome:ProteinReference2985
reactome:ProteinReference2446,abstraction:NeighborOf,reactome:ProteinReference2462
reactome:ProteinReference8653,abstraction:NeighborOf,reactome:ProteinReference8686
reactome:ProteinReference5127,abstraction:NeighborOf,reactome:ProteinReference5130
reactome:ProteinReference8662,abstraction:NeighborOf,reactome:ProteinReference8737
reactome:ProteinReference5163,abstraction:NeighborOf,reactome:ProteinReference5932
reactome:ProteinReference6147,abstraction:NeighborOf,reactome:ProteinReference6148
reactome:ProteinReference8747,abstraction:NeighborOf,reactome:ProteinReference8750
reactome:ProteinReference8642,abstraction:NeighborOf,reactome:ProteinReference8761
reactome:ProteinReference4148,abstraction:NeighborOf,reactome:ProteinReference5660
reactome:ProteinReference5635,abstraction:NeighborOf,reactome:ProteinReference6401
reactome:ProteinReference8727,abstraction:NeighborOf,reactome:ProteinReference8736
reactome:ProteinReference62,abstraction:NeighborOf,reactome:ProteinReference65
reactome:ProteinReference2461,abstraction:NeighborOf,reactome:ProteinReference2471
reactome:ProteinReference8963,abstraction:NeighborOf,reactome:ProteinReference9783
reactome:ProteinReference10776,abstraction:NeighborOf,reactome:ProteinReference10785
reactome:ProteinReference6794,abstraction:NeighborOf,reactome:ProteinReference7758
reactome:ProteinReference10782,abstraction:NeighborOf,reactome:ProteinReference7661
reactome:ProteinReference2899,abstraction:NeighborOf,reactome:ProteinReference2901
reactome:ProteinReference5382,abstraction:NeighborOf,reactome:ProteinReference5386
reactome:ProteinReference1736,abstraction:NeighborOf,reactome:ProteinReference4460
reactome:ProteinReference1096,abstraction:NeighborOf,reactome:ProteinReference1099
reactome:ProteinReference5485,abstraction:NeighborOf,reactome:ProteinReference5487
reactome:ProteinReference8646,abstraction:NeighborOf,reactome:ProteinReference8723
reactome:ProteinReference8652,abstraction:NeighborOf,reactome:ProteinReference8672
reactome:ProteinReference8687,abstraction:NeighborOf,reactome:ProteinReference8759
reactome:ProteinReference2468,abstraction:NeighborOf,reactome:ProteinReference2472
reactome:ProteinReference4501,abstraction:NeighborOf,reactome:ProteinReference9021
reactome:ProteinReference8567,abstraction:NeighborOf,reactome:ProteinReference8573
reactome:ProteinReference8643,abstraction:NeighborOf,reactome:ProteinReference8646
reactome:ProteinReference3033,abstraction:NeighborOf,reactome:ProteinReference3047
reactome:ProteinReference5186,abstraction:NeighborOf,reactome:ProteinReference5187
reactome:ProteinReference10663,abstraction:NeighborOf,reactome:ProteinReference4701
reactome:ProteinReference5903,abstraction:NeighborOf,reactome:ProteinReference8323
reactome:ProteinReference10834,abstraction:NeighborOf,reactome:ProteinReference3509
reactome:ProteinReference1061,abstraction:NeighborOf,reactome:ProteinReference1064
reactome:ProteinReference5765,abstraction:NeighborOf,reactome:ProteinReference6440
reactome:ProteinReference3207,abstraction:NeighborOf,reactome:ProteinReference3220
reactome:ProteinReference10821,abstraction:NeighborOf,reactome:ProteinReference5276
reactome:ProteinReference2926,abstraction:NeighborOf,reactome:ProteinReference3203
reactome:ProteinReference9707,abstraction:NeighborOf,reactome:ProteinReference9720
reactome:ProteinReference6508,abstraction:NeighborOf,reactome:ProteinReference9587
reactome:ProteinReference2992,abstraction:NeighborOf,reactome:ProteinReference2999
reactome:ProteinReference8644,abstraction:NeighborOf,reactome:ProteinReference8745
reactome:ProteinReference8651,abstraction:NeighborOf,reactome:ProteinReference8666
reactome:ProteinReference2994,abstraction:NeighborOf,reactome:ProteinReference2999
reactome:ProteinReference8651,abstraction:NeighborOf,reactome:ProteinReference8721
reactome:ProteinReference8690,abstraction:NeighborOf,reactome:ProteinReference8764
reactome:ProteinReference8643,abstraction:NeighborOf,reactome:ProteinReference8738
reactome:ProteinReference8677,abstraction:NeighborOf,reactome:ProteinReference8759
reactome:ProteinReference8660,abstraction:NeighborOf,reactome:ProteinReference8720
reactome:ProteinReference2962,abstraction:NeighborOf,reactome:ProteinReference2996
reactome:ProteinReference2996,abstraction:NeighborOf,reactome:ProteinReference2997
reactome:ProteinReference1901,abstraction:NeighborOf,reactome:ProteinReference5675
reactome:ProteinReference9446,abstraction:NeighborOf,reactome:ProteinReference9954
reactome:ProteinReference8190,abstraction:NeighborOf,reactome:ProteinReference8191
reactome:ProteinReference8646,abstraction:NeighborOf,reactome:ProteinReference8656
reactome:ProteinReference2787,abstraction:NeighborOf,reactome:ProteinReference9446
reactome:ProteinReference4261,abstraction:NeighborOf,reactome:ProteinReference4263
reactome:ProteinReference2913,abstraction:NeighborOf,reactome:ProteinReference2932
reactome:ProteinReference2445,abstraction:NeighborOf,reactome:ProteinReference2475
reactome:ProteinReference8717,abstraction:NeighborOf,reactome:ProteinReference8721
reactome:ProteinReference2874,abstraction:NeighborOf,reactome:ProteinReference2905
reactome:ProteinReference8722,abstraction:NeighborOf,reactome:ProteinReference8734
reactome:ProteinReference5214,abstraction:NeighborOf,reactome:ProteinReference9752
reactome:ProteinReference2905,abstraction:NeighborOf,reactome:ProteinReference2938
reactome:ProteinReference8725,abstraction:NeighborOf,reactome:ProteinReference8729
reactome:ProteinReference8210,abstraction:NeighborOf,reactome:ProteinReference9437
reactome:ProteinReference11301,abstraction:NeighborOf,reactome:ProteinReference11302
reactome:ProteinReference5189,abstraction:NeighborOf,reactome:ProteinReference5206
reactome:ProteinReference6396,abstraction:NeighborOf,reactome:ProteinReference6513
reactome:ProteinReference1061,abstraction:NeighborOf,reactome:ProteinReference1067
reactome:ProteinReference11390,abstraction:NeighborOf,reactome:ProteinReference11392
reactome:ProteinReference5306,abstraction:NeighborOf,reactome:ProteinReference5308
reactome:ProteinReference10686,abstraction:NeighborOf,reactome:ProteinReference10690
reactome:ProteinReference2831,abstraction:NeighborOf,reactome:ProteinReference2981
reactome:ProteinReference8564,abstraction:NeighborOf,reactome:ProteinReference9720
reactome:ProteinReference8661,abstraction:NeighborOf,reactome:ProteinReference8689
reactome:ProteinReference2929,abstraction:NeighborOf,reactome:ProteinReference2980
reactome:ProteinReference9708,abstraction:NeighborOf,reactome:ProteinReference9712
reactome:ProteinReference10580,abstraction:NeighborOf,reactome:ProteinReference5039
reactome:ProteinReference8705,abstraction:NeighborOf,reactome:ProteinReference8724
reactome:ProteinReference8651,abstraction:NeighborOf,reactome:ProteinReference8717
reactome:ProteinReference9768,abstraction:NeighborOf,reactome:ProteinReference9769
reactome:ProteinReference8680,abstraction:NeighborOf,reactome:ProteinReference8759
reactome:ProteinReference4443,abstraction:NeighborOf,reactome:ProteinReference4701
reactome:ProteinReference2462,abstraction:NeighborOf,reactome:ProteinReference3201
reactome:ProteinReference7587,abstraction:NeighborOf,reactome:ProteinReference7612
reactome:ProteinReference1114,abstraction:NeighborOf,reactome:ProteinReference1115
reactome:ProteinReference2974,abstraction:NeighborOf,reactome:ProteinReference2978
reactome:ProteinReference2911,abstraction:NeighborOf,reactome:ProteinReference2961
reactome:ProteinReference2961,abstraction:NeighborOf,reactome:ProteinReference2978
reactome:ProteinReference2445,abstraction:NeighborOf,reactome:ProteinReference3202
reactome:ProteinReference4387,abstraction:NeighborOf,reactome:ProteinReference5441
reactome:ProteinReference8649,abstraction:NeighborOf,reactome:ProteinReference8675
reactome:ProteinReference8725,abstraction:NeighborOf,reactome:ProteinReference8738
reactome:ProteinReference1061,abstraction:NeighborOf,reactome:ProteinReference10812
reactome:ProteinReference3150,abstraction:NeighborOf,reactome:ProteinReference3151
reactome:ProteinReference8698,abstraction:NeighborOf,reactome:ProteinReference8714
reactome:ProteinReference8671,abstraction:NeighborOf,reactome:ProteinReference8674
reactome:ProteinReference8642,abstraction:NeighborOf,reactome:ProteinReference8767
reactome:ProteinReference8646,abstraction:NeighborOf,reactome:ProteinReference8669
reactome:ProteinReference8714,abstraction:NeighborOf,reactome:ProteinReference8719
reactome:ProteinReference6290,abstraction:NeighborOf,reactome:ProteinReference9139
reactome:ProteinReference8744,abstraction:NeighborOf,reactome:ProteinReference8750
reactome:ProteinReference2973,abstraction:NeighborOf,reactome:ProteinReference2989
reactome:ProteinReference3100,abstraction:NeighborOf,reactome:ProteinReference8570
reactome:ProteinReference3236,abstraction:NeighborOf,reactome:ProteinReference3893
reactome:ProteinReference8652,abstraction:NeighborOf,reactome:ProteinReference8710
reactome:ProteinReference8708,abstraction:NeighborOf,reactome:ProteinReference8721
reactome:ProteinReference2828,abstraction:NeighborOf,reactome:ProteinReference3014
reactome:ProteinReference4481,abstraction:NeighborOf,reactome:ProteinReference5030
reactome:ProteinReference8662,abstraction:NeighborOf,reactome:ProteinReference8735
reactome:ProteinReference9704,abstraction:NeighborOf,reactome:ProteinReference9708
reactome:ProteinReference10952,abstraction:NeighborOf,reactome:ProteinReference5765
reactome:ProteinReference6440,abstraction:NeighborOf,reactome:ProteinReference8243
reactome:ProteinReference5309,abstraction:NeighborOf,reactome:ProteinReference8116
reactome:ProteinReference8703,abstraction:NeighborOf,reactome:ProteinReference8731
reactome:ProteinReference8704,abstraction:NeighborOf,reactome:ProteinReference8719
reactome:ProteinReference8727,abstraction:NeighborOf,reactome:ProteinReference8729
reactome:ProteinReference6510,abstraction:NeighborOf,reactome:ProteinReference9587
reactome:ProteinReference6185,abstraction:NeighborOf,reactome:ProteinReference8179
reactome:ProteinReference3073,abstraction:NeighborOf,reactome:ProteinReference3138
reactome:ProteinReference8653,abstraction:NeighborOf,reactome:ProteinReference8757
reactome:ProteinReference1224,abstraction:NeighborOf,reactome:ProteinReference6162
reactome:ProteinReference2861,abstraction:NeighborOf,reactome:ProteinReference2872
reactome:ProteinReference2991,abstraction:NeighborOf,reactome:ProteinReference2996
reactome:ProteinReference8674,abstraction:NeighborOf,reactome:ProteinReference8722
reactome:ProteinReference59,abstraction:NeighborOf,reactome:ProteinReference63
reactome:ProteinReference11471,abstraction:NeighborOf,reactome:ProteinReference7758
reactome:ProteinReference2981,abstraction:NeighborOf,reactome:ProteinReference3038
reactome:ProteinReference10801,abstraction:NeighborOf,reactome:ProteinReference4458
reactome:ProteinReference8711,abstraction:NeighborOf,reactome:ProteinReference8727
reactome:ProteinReference8745,abstraction:NeighborOf,reactome:ProteinReference8761
reactome:ProteinReference2982,abstraction:NeighborOf,reactome:ProteinReference2983
reactome:ProteinReference2963,abstraction:NeighborOf,reactome:ProteinReference3003
reactome:ProteinReference2956,abstraction:NeighborOf,reactome:ProteinReference3000
reactome:ProteinReference8718,abstraction:NeighborOf,reactome:ProteinReference8733
reactome:ProteinReference2825,abstraction:NeighborOf,reactome:ProteinReference2995
reactome:ProteinReference9707,abstraction:NeighborOf,reactome:ProteinReference9714
reactome:ProteinReference8702,abstraction:NeighborOf,reactome:ProteinReference8726
reactome:ProteinReference8644,abstraction:NeighborOf,reactome:ProteinReference8760
reactome:ProteinReference8637,abstraction:NeighborOf,reactome:ProteinReference9704
reactome:ProteinReference2875,abstraction:NeighborOf,reactome:ProteinReference2933
reactome:ProteinReference2467,abstraction:NeighborOf,reactome:ProteinReference5709
reactome:ProteinReference2901,abstraction:NeighborOf,reactome:ProteinReference2927
reactome:ProteinReference2913,abstraction:NeighborOf,reactome:ProteinReference2934
reactome:ProteinReference6244,abstraction:NeighborOf,reactome:ProteinReference935
reactome:ProteinReference6049,abstraction:NeighborOf,reactome:ProteinReference6050
reactome:ProteinReference3049,abstraction:NeighborOf,reactome:ProteinReference3181
reactome:ProteinReference8713,abstraction:NeighborOf,reactome:ProteinReference8731
reactome:ProteinReference1032,abstraction:NeighborOf,reactome:ProteinReference9715
reactome:ProteinReference2859,abstraction:NeighborOf,reactome:ProteinReference2875
reactome:ProteinReference8708,abstraction:NeighborOf,reactome:ProteinReference8717
reactome:ProteinReference8727,abstraction:NeighborOf,reactome:ProteinReference8738
reactome:ProteinReference8660,abstraction:NeighborOf,reactome:ProteinReference8736
reactome:ProteinReference8705,abstraction:NeighborOf,reactome:ProteinReference8715
reactome:ProteinReference8662,abstraction:NeighborOf,reactome:ProteinReference8708
reactome:ProteinReference5304,abstraction:NeighborOf,reactome:ProteinReference5308
reactome:ProteinReference172,abstraction:NeighborOf,reactome:ProteinReference298
reactome:ProteinReference2447,abstraction:NeighborOf,reactome:ProteinReference2454
reactome:ProteinReference4636,abstraction:NeighborOf,reactome:ProteinReference7712
reactome:ProteinReference3138,abstraction:NeighborOf,reactome:ProteinReference3148
reactome:ProteinReference1713,abstraction:NeighborOf,reactome:ProteinReference1721
reactome:ProteinReference8668,abstraction:NeighborOf,reactome:ProteinReference8679
reactome:ProteinReference8660,abstraction:NeighborOf,reactome:ProteinReference8676
reactome:ProteinReference2932,abstraction:NeighborOf,reactome:ProteinReference2981
reactome:ProteinReference10811,abstraction:NeighborOf,reactome:ProteinReference10814
reactome:ProteinReference2448,abstraction:NeighborOf,reactome:ProteinReference2466
reactome:ProteinReference1065,abstraction:NeighborOf,reactome:ProteinReference1090
reactome:ProteinReference8660,abstraction:NeighborOf,reactome:ProteinReference8710
reactome:ProteinReference3087,abstraction:NeighborOf,reactome:ProteinReference3233
reactome:ProteinReference8653,abstraction:NeighborOf,reactome:ProteinReference8684
reactome:ProteinReference3923,abstraction:NeighborOf,reactome:ProteinReference3928
reactome:ProteinReference4696,abstraction:NeighborOf,reactome:ProteinReference5210
reactome:ProteinReference8711,abstraction:NeighborOf,reactome:ProteinReference8732
reactome:ProteinReference7939,abstraction:NeighborOf,reactome:ProteinReference8882
reactome:ProteinReference2992,abstraction:NeighborOf,reactome:ProteinReference2998
reactome:ProteinReference8644,abstraction:NeighborOf,reactome:ProteinReference8686
reactome:ProteinReference4767,abstraction:NeighborOf,reactome:ProteinReference4770
reactome:ProteinReference8651,abstraction:NeighborOf,reactome:ProteinReference8697
reactome:ProteinReference5765,abstraction:NeighborOf,reactome:ProteinReference6851
reactome:ProteinReference2937,abstraction:NeighborOf,reactome:ProteinReference2958
reactome:ProteinReference8643,abstraction:NeighborOf,reactome:ProteinReference8666
reactome:ProteinReference8707,abstraction:NeighborOf,reactome:ProteinReference8737
reactome:ProteinReference8643,abstraction:NeighborOf,reactome:ProteinReference8721
reactome:ProteinReference2907,abstraction:NeighborOf,reactome:ProteinReference2933
reactome:ProteinReference6759,abstraction:NeighborOf,reactome:ProteinReference8698
reactome:ProteinReference10829,abstraction:NeighborOf,reactome:ProteinReference5004
reactome:ProteinReference8661,abstraction:NeighborOf,reactome:ProteinReference8673
reactome:ProteinReference5757,abstraction:NeighborOf,reactome:ProteinReference7748
reactome:ProteinReference8699,abstraction:NeighborOf,reactome:ProteinReference8734
reactome:ProteinReference8715,abstraction:NeighborOf,reactome:ProteinReference8727
reactome:ProteinReference4413,abstraction:NeighborOf,reactome:ProteinReference4497
reactome:ProteinReference10691,abstraction:NeighborOf,reactome:ProteinReference1901
reactome:ProteinReference8662,abstraction:NeighborOf,reactome:ProteinReference8699
reactome:ProteinReference2900,abstraction:NeighborOf,reactome:ProteinReference2981
reactome:ProteinReference2898,abstraction:NeighborOf,reactome:ProteinReference2933
reactome:ProteinReference5570,abstraction:NeighborOf,reactome:ProteinReference5611
reactome:ProteinReference11471,abstraction:NeighborOf,reactome:ProteinReference6794
reactome:ProteinReference8661,abstraction:NeighborOf,reactome:ProteinReference8662
reactome:ProteinReference5133,abstraction:NeighborOf,reactome:ProteinReference5138
reactome:ProteinReference2795,abstraction:NeighborOf,reactome:ProteinReference9446
reactome:ProteinReference1124,abstraction:NeighborOf,reactome:ProteinReference3477
reactome:ProteinReference10690,abstraction:NeighborOf,reactome:ProteinReference10691
reactome:ProteinReference10835,abstraction:NeighborOf,reactome:ProteinReference7777
reactome:ProteinReference2872,abstraction:NeighborOf,reactome:ProteinReference2873
reactome:ProteinReference8668,abstraction:NeighborOf,reactome:ProteinReference8677
reactome:ProteinReference8783,abstraction:NeighborOf,reactome:ProteinReference9437
reactome:ProteinReference8652,abstraction:NeighborOf,reactome:ProteinReference8729
reactome:ProteinReference2406,abstraction:NeighborOf,reactome:ProteinReference9933
reactome:ProteinReference3049,abstraction:NeighborOf,reactome:ProteinReference3200
reactome:ProteinReference8710,abstraction:NeighborOf,reactome:ProteinReference8736
reactome:ProteinReference10590,abstraction:NeighborOf,reactome:ProteinReference10592
reactome:ProteinReference5744,abstraction:NeighborOf,reactome:ProteinReference5745
reactome:ProteinReference9439,abstraction:NeighborOf,reactome:ProteinReference9954
reactome:ProteinReference3923,abstraction:NeighborOf,reactome:ProteinReference3924
reactome:ProteinReference9079,abstraction:NeighborOf,reactome:ProteinReference9096
reactome:ProteinReference3045,abstraction:NeighborOf,reactome:ProteinReference3356
reactome:ProteinReference8700,abstraction:NeighborOf,reactome:ProteinReference8737
reactome:ProteinReference175,abstraction:NeighborOf,reactome:ProteinReference5907
reactome:ProteinReference5510,abstraction:NeighborOf,reactome:ProteinReference6859
reactome:ProteinReference2792,abstraction:NeighborOf,reactome:ProteinReference9446
reactome:ProteinReference1099,abstraction:NeighborOf,reactome:ProteinReference1100
reactome:ProteinReference8643,abstraction:NeighborOf,reactome:ProteinReference8717
reactome:ProteinReference5502,abstraction:NeighborOf,reactome:ProteinReference9754
reactome:ProteinReference8748,abstraction:NeighborOf,reactome:ProteinReference8764
reactome:ProteinReference2938,abstraction:NeighborOf,reactome:ProteinReference2961
reactome:ProteinReference5074,abstraction:NeighborOf,reactome:ProteinReference5174
reactome:ProteinReference5273,abstraction:NeighborOf,reactome:ProteinReference5275
reactome:ProteinReference8707,abstraction:NeighborOf,reactome:ProteinReference8716
reactome:ProteinReference4567,abstraction:NeighborOf,reactome:ProteinReference8990
reactome:ProteinReference1736,abstraction:NeighborOf,reactome:ProteinReference5334
reactome:ProteinReference11293,abstraction:NeighborOf,reactome:ProteinReference11294
reactome:ProteinReference8745,abstraction:NeighborOf,reactome:ProteinReference8767
reactome:ProteinReference6162,abstraction:NeighborOf,reactome:ProteinReference8716
reactome:ProteinReference4686,abstraction:NeighborOf,reactome:ProteinReference6048
reactome:ProteinReference8715,abstraction:NeighborOf,reactome:ProteinReference8732
reactome:ProteinReference2850,abstraction:NeighborOf,reactome:ProteinReference2999
reactome:ProteinReference5709,abstraction:NeighborOf,reactome:ProteinReference8922
reactome:ProteinReference10685,abstraction:NeighborOf,reactome:ProteinReference10688
reactome:ProteinReference4453,abstraction:NeighborOf,reactome:ProteinReference4454
reactome:ProteinReference2963,abstraction:NeighborOf,reactome:ProteinReference3002
reactome:ProteinReference8652,abstraction:NeighborOf,reactome:ProteinReference8738
reactome:ProteinReference8689,abstraction:NeighborOf,reactome:ProteinReference8726
reactome:ProteinReference2468,abstraction:NeighborOf,reactome:ProteinReference2471
reactome:ProteinReference11322,abstraction:NeighborOf,reactome:ProteinReference4428
reactome:ProteinReference2985,abstraction:NeighborOf,reactome:ProteinReference2987
reactome:ProteinReference3565,abstraction:NeighborOf,reactome:ProteinReference8396
reactome:ProteinReference6148,abstraction:NeighborOf,reactome:ProteinReference9927
reactome:ProteinReference10431,abstraction:NeighborOf,reactome:ProteinReference1056
reactome:ProteinReference8668,abstraction:NeighborOf,reactome:ProteinReference8756
reactome:ProteinReference8690,abstraction:NeighborOf,reactome:ProteinReference8752
reactome:ProteinReference2979,abstraction:NeighborOf,reactome:ProteinReference2998
reactome:ProteinReference8759,abstraction:NeighborOf,reactome:ProteinReference8763
reactome:ProteinReference8746,abstraction:NeighborOf,reactome:ProteinReference8763
reactome:ProteinReference8719,abstraction:NeighborOf,reactome:ProteinReference8734
reactome:ProteinReference8749,abstraction:NeighborOf,reactome:ProteinReference8757
reactome:ProteinReference1114,abstraction:NeighborOf,reactome:ProteinReference1122
reactome:ProteinReference2962,abstraction:NeighborOf,reactome:ProteinReference2995
reactome:ProteinReference70,abstraction:NeighborOf,reactome:ProteinReference72
reactome:ProteinReference8637,abstraction:NeighborOf,reactome:ProteinReference9702
reactome:ProteinReference2787,abstraction:NeighborOf,reactome:ProteinReference9955
reactome:ProteinReference8692,abstraction:NeighborOf,reactome:ProteinReference8702
reactome:ProteinReference8753,abstraction:NeighborOf,reactome:ProteinReference8756
reactome:ProteinReference8673,abstraction:NeighborOf,reactome:ProteinReference8680
reactome:ProteinReference4393,abstraction:NeighborOf,reactome:ProteinReference5275
reactome:ProteinReference8642,abstraction:NeighborOf,reactome:ProteinReference8750
reactome:ProteinReference8660,abstraction:NeighborOf,reactome:ProteinReference8729
reactome:ProteinReference5307,abstraction:NeighborOf,reactome:ProteinReference8311
reactome:ProteinReference5309,abstraction:NeighborOf,reactome:ProteinReference5310
reactome:ProteinReference8662,abstraction:NeighborOf,reactome:ProteinReference8723
reactome:ProteinReference6759,abstraction:NeighborOf,reactome:ProteinReference8722
reactome:ProteinReference11381,abstraction:NeighborOf,reactome:ProteinReference6510
reactome:ProteinReference8789,abstraction:NeighborOf,reactome:ProteinReference9715
reactome:ProteinReference4440,abstraction:NeighborOf,reactome:ProteinReference6021
reactome:ProteinReference2934,abstraction:NeighborOf,reactome:ProteinReference2962
reactome:ProteinReference2927,abstraction:NeighborOf,reactome:ProteinReference2972
reactome:ProteinReference3730,abstraction:NeighborOf,reactome:ProteinReference6034
reactome:ProteinReference5634,abstraction:NeighborOf,reactome:ProteinReference6536
reactome:ProteinReference1100,abstraction:NeighborOf,reactome:ProteinReference1107
reactome:ProteinReference3386,abstraction:NeighborOf,reactome:ProteinReference3449
reactome:ProteinReference1274,abstraction:NeighborOf,reactome:ProteinReference6244
reactome:ProteinReference2830,abstraction:NeighborOf,reactome:ProteinReference3038
reactome:ProteinReference1736,abstraction:NeighborOf,reactome:ProteinReference4415
reactome:ProteinReference10663,abstraction:NeighborOf,reactome:ProteinReference4702
reactome:ProteinReference8672,abstraction:NeighborOf,reactome:ProteinReference8736
reactome:ProteinReference2471,abstraction:NeighborOf,reactome:ProteinReference2473
reactome:ProteinReference3107,abstraction:NeighborOf,reactome:ProteinReference8183
reactome:ProteinReference599,abstraction:NeighborOf,reactome:ProteinReference600
reactome:ProteinReference5522,abstraction:NeighborOf,reactome:ProteinReference8567
reactome:ProteinReference9704,abstraction:NeighborOf,reactome:ProteinReference9713
reactome:ProteinReference6847,abstraction:NeighborOf,reactome:ProteinReference7876
reactome:ProteinReference3067,abstraction:NeighborOf,reactome:ProteinReference8637
reactome:ProteinReference6137,abstraction:NeighborOf,reactome:ProteinReference8695
reactome:ProteinReference1063,abstraction:NeighborOf,reactome:ProteinReference1118
reactome:ProteinReference3352,abstraction:NeighborOf,reactome:ProteinReference6248
reactome:ProteinReference8660,abstraction:NeighborOf,reactome:ProteinReference8738
reactome:ProteinReference2933,abstraction:NeighborOf,reactome:ProteinReference2958
reactome:ProteinReference3682,abstraction:NeighborOf,reactome:ProteinReference3698
reactome:ProteinReference8672,abstraction:NeighborOf,reactome:ProteinReference8676
reactome:ProteinReference8790,abstraction:NeighborOf,reactome:ProteinReference8791
reactome:ProteinReference8699,abstraction:NeighborOf,reactome:ProteinReference8718
reactome:ProteinReference2874,abstraction:NeighborOf,reactome:ProteinReference2898
reactome:ProteinReference6685,abstraction:NeighborOf,reactome:ProteinReference6747
reactome:ProteinReference2983,abstraction:NeighborOf,reactome:ProteinReference2987
reactome:ProteinReference408,abstraction:NeighborOf,reactome:ProteinReference8567
reactome:ProteinReference7503,abstraction:NeighborOf,reactome:ProteinReference7509
reactome:ProteinReference8692,abstraction:NeighborOf,reactome:ProteinReference8724
reactome:ProteinReference8672,abstraction:NeighborOf,reactome:ProteinReference8710
reactome:ProteinReference2933,abstraction:NeighborOf,reactome:ProteinReference2956
reactome:ProteinReference10686,abstraction:NeighborOf,reactome:ProteinReference1901
reactome:ProteinReference3585,abstraction:NeighborOf,reactome:ProteinReference8965
reactome:ProteinReference8687,abstraction:NeighborOf,reactome:ProteinReference8763
reactome:ProteinReference8668,abstraction:NeighborOf,reactome:ProteinReference8745
reactome:ProteinReference4669,abstraction:NeighborOf,reactome:ProteinReference9135
reactome:ProteinReference10444,abstraction:NeighborOf,reactome:ProteinReference7758
reactome:ProteinReference4458,abstraction:NeighborOf,reactome:ProteinReference4490
reactome:ProteinReference8723,abstraction:NeighborOf,reactome:ProteinReference8724
reactome:ProteinReference2465,abstraction:NeighborOf,reactome:ProteinReference3181
reactome:ProteinReference4589,abstraction:NeighborOf,reactome:ProteinReference9785
reactome:ProteinReference11256,abstraction:NeighborOf,reactome:ProteinReference7330
reactome:ProteinReference8803,abstraction:NeighborOf,reactome:ProteinReference8915
reactome:ProteinReference8656,abstraction:NeighborOf,reactome:ProteinReference8667
reactome:ProteinReference8735,abstraction:NeighborOf,reactome:ProteinReference8736
reactome:ProteinReference7845,abstraction:NeighborOf,reactome:ProteinReference9921
reactome:ProteinReference8643,abstraction:NeighborOf,reactome:ProteinReference8697
reactome:ProteinReference8677,abstraction:NeighborOf,reactome:ProteinReference8763
reactome:ProteinReference5162,abstraction:NeighborOf,reactome:ProteinReference5164
reactome:ProteinReference8752,abstraction:NeighborOf,reactome:ProteinReference8761
reactome:ProteinReference8707,abstraction:NeighborOf,reactome:ProteinReference8725
reactome:ProteinReference8645,abstraction:NeighborOf,reactome:ProteinReference8648
reactome:ProteinReference8700,abstraction:NeighborOf,reactome:ProteinReference8735
reactome:ProteinReference2972,abstraction:NeighborOf,reactome:ProteinReference2988
reactome:ProteinReference4418,abstraction:NeighborOf,reactome:ProteinReference8690
reactome:ProteinReference6162,abstraction:NeighborOf,reactome:ProteinReference8725
reactome:ProteinReference11393,abstraction:NeighborOf,reactome:ProteinReference11395
reactome:ProteinReference2934,abstraction:NeighborOf,reactome:ProteinReference2936
reactome:ProteinReference4504,abstraction:NeighborOf,reactome:ProteinReference4566
reactome:ProteinReference1088,abstraction:NeighborOf,reactome:ProteinReference1128
reactome:ProteinReference8751,abstraction:NeighborOf,reactome:ProteinReference8756
reactome:ProteinReference2991,abstraction:NeighborOf,reactome:ProteinReference2995
reactome:ProteinReference1099,abstraction:NeighborOf,reactome:ProteinReference1108
reactome:ProteinReference4778,abstraction:NeighborOf,reactome:ProteinReference68
reactome:ProteinReference8707,abstraction:NeighborOf,reactome:ProteinReference8708
reactome:ProteinReference6592,abstraction:NeighborOf,reactome:ProteinReference8193
reactome:ProteinReference2901,abstraction:NeighborOf,reactome:ProteinReference2931
reactome:ProteinReference1108,abstraction:NeighborOf,reactome:ProteinReference1118
reactome:ProteinReference6453,abstraction:NeighborOf,reactome:ProteinReference6947
reactome:ProteinReference8705,abstraction:NeighborOf,reactome:ProteinReference8728
reactome:ProteinReference8703,abstraction:NeighborOf,reactome:ProteinReference8714
reactome:ProteinReference6697,abstraction:NeighborOf,reactome:ProteinReference7609
reactome:ProteinReference657,abstraction:NeighborOf,reactome:ProteinReference658
reactome:ProteinReference8671,abstraction:NeighborOf,reactome:ProteinReference8724
reactome:ProteinReference2798,abstraction:NeighborOf,reactome:ProteinReference9439
reactome:ProteinReference10390,abstraction:NeighborOf,reactome:ProteinReference861
reactome:ProteinReference8753,abstraction:NeighborOf,reactome:ProteinReference8762
reactome:ProteinReference10579,abstraction:NeighborOf,reactome:ProteinReference4462
reactome:ProteinReference8697,abstraction:NeighborOf,reactome:ProteinReference8714
reactome:ProteinReference2911,abstraction:NeighborOf,reactome:ProteinReference2957
reactome:ProteinReference8692,abstraction:NeighborOf,reactome:ProteinReference8703
reactome:ProteinReference5611,abstraction:NeighborOf,reactome:ProteinReference6684
reactome:ProteinReference8710,abstraction:NeighborOf,reactome:ProteinReference8738
reactome:ProteinReference8659,abstraction:NeighborOf,reactome:ProteinReference8666
reactome:ProteinReference8659,abstraction:NeighborOf,reactome:ProteinReference8721
reactome:ProteinReference8649,abstraction:NeighborOf,reactome:ProteinReference8734
reactome:ProteinReference8680,abstraction:NeighborOf,reactome:ProteinReference8763
reactome:ProteinReference3049,abstraction:NeighborOf,reactome:ProteinReference3198
reactome:ProteinReference8657,abstraction:NeighborOf,reactome:ProteinReference8664
reactome:ProteinReference8700,abstraction:NeighborOf,reactome:ProteinReference8708
reactome:ProteinReference2978,abstraction:NeighborOf,reactome:ProteinReference2996
reactome:ProteinReference2995,abstraction:NeighborOf,reactome:ProteinReference3000
reactome:ProteinReference11036,abstraction:NeighborOf,reactome:ProteinReference9979
reactome:ProteinReference4653,abstraction:NeighborOf,reactome:ProteinReference6048
reactome:ProteinReference8651,abstraction:NeighborOf,reactome:ProteinReference8737
reactome:ProteinReference10785,abstraction:NeighborOf,reactome:ProteinReference7661
reactome:ProteinReference8649,abstraction:NeighborOf,reactome:ProteinReference8659
reactome:ProteinReference2974,abstraction:NeighborOf,reactome:ProteinReference2987
reactome:ProteinReference5943,abstraction:NeighborOf,reactome:ProteinReference5945
reactome:ProteinReference8648,abstraction:NeighborOf,reactome:ProteinReference8664
reactome:ProteinReference1057,abstraction:NeighborOf,reactome:ProteinReference1061
reactome:ProteinReference8674,abstraction:NeighborOf,reactome:ProteinReference8726
reactome:ProteinReference10829,abstraction:NeighborOf,reactome:ProteinReference10831
reactome:ProteinReference8692,abstraction:NeighborOf,reactome:ProteinReference8715
reactome:ProteinReference8722,abstraction:NeighborOf,reactome:ProteinReference8731
reactome:ProteinReference2961,abstraction:NeighborOf,reactome:ProteinReference2987
reactome:ProteinReference8711,abstraction:NeighborOf,reactome:ProteinReference8720
reactome:ProteinReference1100,abstraction:NeighborOf,reactome:ProteinReference1119
reactome:ProteinReference8789,abstraction:NeighborOf,reactome:ProteinReference9716
reactome:ProteinReference8686,abstraction:NeighborOf,reactome:ProteinReference8747
reactome:ProteinReference2973,abstraction:NeighborOf,reactome:ProteinReference2984
reactome:ProteinReference3209,abstraction:NeighborOf,reactome:ProteinReference3213
reactome:ProteinReference11038,abstraction:NeighborOf,reactome:ProteinReference11042
reactome:ProteinReference8717,abstraction:NeighborOf,reactome:ProteinReference8737
reactome:ProteinReference8745,abstraction:NeighborOf,reactome:ProteinReference8750
reactome:ProteinReference8662,abstraction:NeighborOf,reactome:ProteinReference8670
reactome:ProteinReference8674,abstraction:NeighborOf,reactome:ProteinReference8680
reactome:ProteinReference2962,abstraction:NeighborOf,reactome:ProteinReference2991
reactome:ProteinReference8671,abstraction:NeighborOf,reactome:ProteinReference8703
reactome:ProteinReference4627,abstraction:NeighborOf,reactome:ProteinReference8896
reactome:ProteinReference8659,abstraction:NeighborOf,reactome:ProteinReference8717
reactome:ProteinReference8672,abstraction:NeighborOf,reactome:ProteinReference8729
reactome:ProteinReference8697,abstraction:NeighborOf,reactome:ProteinReference8719
reactome:ProteinReference1099,abstraction:NeighborOf,reactome:ProteinReference1111
reactome:ProteinReference4413,abstraction:NeighborOf,reactome:ProteinReference8293
reactome:ProteinReference5291,abstraction:NeighborOf,reactome:ProteinReference5296
reactome:ProteinReference5252,abstraction:NeighborOf,reactome:ProteinReference6150
reactome:ProteinReference2469,abstraction:NeighborOf,reactome:ProteinReference2472
reactome:ProteinReference1067,abstraction:NeighborOf,reactome:ProteinReference1090
reactome:ProteinReference6353,abstraction:NeighborOf,reactome:ProteinReference6354
reactome:ProteinReference2859,abstraction:NeighborOf,reactome:ProteinReference2900
reactome:ProteinReference2460,abstraction:NeighborOf,reactome:ProteinReference2466
reactome:ProteinReference2795,abstraction:NeighborOf,reactome:ProteinReference9955
reactome:ProteinReference8645,abstraction:NeighborOf,reactome:ProteinReference8650
reactome:ProteinReference2830,abstraction:NeighborOf,reactome:ProteinReference2855
reactome:ProteinReference10780,abstraction:NeighborOf,reactome:ProteinReference7660
reactome:ProteinReference1112,abstraction:NeighborOf,reactome:ProteinReference1121
reactome:ProteinReference5424,abstraction:NeighborOf,reactome:ProteinReference8399
reactome:ProteinReference8668,abstraction:NeighborOf,reactome:ProteinReference8760
reactome:ProteinReference10782,abstraction:NeighborOf,reactome:ProteinReference7662
reactome:ProteinReference8751,abstraction:NeighborOf,reactome:ProteinReference8762
reactome:ProteinReference8907,abstraction:NeighborOf,reactome:ProteinReference8924
reactome:ProteinReference8667,abstraction:NeighborOf,reactome:ProteinReference8696
reactome:ProteinReference8671,abstraction:NeighborOf,reactome:ProteinReference8715
reactome:ProteinReference4564,abstraction:NeighborOf,reactome:ProteinReference8995
reactome:ProteinReference1088,abstraction:NeighborOf,reactome:ProteinReference1141
reactome:ProteinReference8752,abstraction:NeighborOf,reactome:ProteinReference8767
reactome:ProteinReference3207,abstraction:NeighborOf,reactome:ProteinReference3215
reactome:ProteinReference2004,abstraction:NeighborOf,reactome:ProteinReference2007
reactome:ProteinReference4493,abstraction:NeighborOf,reactome:ProteinReference6292
reactome:ProteinReference8672,abstraction:NeighborOf,reactome:ProteinReference8738
reactome:ProteinReference8753,abstraction:NeighborOf,reactome:ProteinReference8760
reactome:ProteinReference8675,abstraction:NeighborOf,reactome:ProteinReference8734
reactome:ProteinReference2792,abstraction:NeighborOf,reactome:ProteinReference9955
reactome:ProteinReference1942,abstraction:NeighborOf,reactome:ProteinReference1949
reactome:ProteinReference8748,abstraction:NeighborOf,reactome:ProteinReference8752
reactome:ProteinReference10408,abstraction:NeighborOf,reactome:ProteinReference175
reactome:ProteinReference6244,abstraction:NeighborOf,reactome:ProteinReference6255
reactome:ProteinReference3198,abstraction:NeighborOf,reactome:ProteinReference3203
reactome:ProteinReference2926,abstraction:NeighborOf,reactome:ProteinReference3355
reactome:ProteinReference8637,abstraction:NeighborOf,reactome:ProteinReference9707
reactome:ProteinReference8715,abstraction:NeighborOf,reactome:ProteinReference8720
reactome:ProteinReference8746,abstraction:NeighborOf,reactome:ProteinReference8754
reactome:ProteinReference4701,abstraction:NeighborOf,reactome:ProteinReference4703
reactome:ProteinReference6759,abstraction:NeighborOf,reactome:ProteinReference8645
reactome:ProteinReference3211,abstraction:NeighborOf,reactome:ProteinReference3213
reactome:ProteinReference5447,abstraction:NeighborOf,reactome:ProteinReference9631
reactome:ProteinReference8645,abstraction:NeighborOf,reactome:ProteinReference8675
reactome:ProteinReference5564,abstraction:NeighborOf,reactome:ProteinReference6244
reactome:ProteinReference1056,abstraction:NeighborOf,reactome:ProteinReference1061
reactome:ProteinReference8707,abstraction:NeighborOf,reactome:ProteinReference8723
reactome:ProteinReference8708,abstraction:NeighborOf,reactome:ProteinReference8737
reactome:ProteinReference2832,abstraction:NeighborOf,reactome:ProteinReference3005
reactome:ProteinReference1812,abstraction:NeighborOf,reactome:ProteinReference8571
reactome:ProteinReference11379,abstraction:NeighborOf,reactome:ProteinReference8000
reactome:ProteinReference2985,abstraction:NeighborOf,reactome:ProteinReference2990
reactome:ProteinReference3055,abstraction:NeighborOf,reactome:ProteinReference3698
reactome:ProteinReference8709,abstraction:NeighborOf,reactome:ProteinReference8733
reactome:ProteinReference4538,abstraction:NeighborOf,reactome:ProteinReference500
reactome:ProteinReference10756,abstraction:NeighborOf,reactome:ProteinReference10761
reactome:ProteinReference2936,abstraction:NeighborOf,reactome:ProteinReference2937
reactome:ProteinReference59,abstraction:NeighborOf,reactome:ProteinReference65
reactome:ProteinReference6230,abstraction:NeighborOf,reactome:ProteinReference6232
reactome:ProteinReference10474,abstraction:NeighborOf,reactome:ProteinReference8601
reactome:ProteinReference6773,abstraction:NeighborOf,reactome:ProteinReference9709
reactome:ProteinReference3023,abstraction:NeighborOf,reactome:ProteinReference3026
reactome:ProteinReference8724,abstraction:NeighborOf,reactome:ProteinReference8730
reactome:ProteinReference8225,abstraction:NeighborOf,reactome:ProteinReference9920
reactome:ProteinReference4777,abstraction:NeighborOf,reactome:ProteinReference8637
reactome:ProteinReference8674,abstraction:NeighborOf,reactome:ProteinReference8721
reactome:ProteinReference2980,abstraction:NeighborOf,reactome:ProteinReference2983
reactome:ProteinReference8735,abstraction:NeighborOf,reactome:ProteinReference8738
reactome:ProteinReference2461,abstraction:NeighborOf,reactome:ProteinReference3181
reactome:ProteinReference2991,abstraction:NeighborOf,reactome:ProteinReference2997
reactome:ProteinReference10783,abstraction:NeighborOf,reactome:ProteinReference7660
reactome:ProteinReference11433,abstraction:NeighborOf,reactome:ProteinReference11435
reactome:ProteinReference9708,abstraction:NeighborOf,reactome:ProteinReference9716
reactome:ProteinReference8732,abstraction:NeighborOf,reactome:ProteinReference8736
reactome:ProteinReference8758,abstraction:NeighborOf,reactome:ProteinReference8759
reactome:ProteinReference5418,abstraction:NeighborOf,reactome:ProteinReference5456
reactome:ProteinReference8700,abstraction:NeighborOf,reactome:ProteinReference8723
reactome:ProteinReference2903,abstraction:NeighborOf,reactome:ProteinReference2935
reactome:ProteinReference1032,abstraction:NeighborOf,reactome:ProteinReference9703
reactome:ProteinReference10686,abstraction:NeighborOf,reactome:ProteinReference6622
reactome:ProteinReference2899,abstraction:NeighborOf,reactome:ProteinReference2928
reactome:ProteinReference8716,abstraction:NeighborOf,reactome:ProteinReference8730
reactome:ProteinReference8651,abstraction:NeighborOf,reactome:ProteinReference8735
reactome:ProteinReference3567,abstraction:NeighborOf,reactome:ProteinReference3622
reactome:ProteinReference67,abstraction:NeighborOf,reactome:ProteinReference69
reactome:ProteinReference2990,abstraction:NeighborOf,reactome:ProteinReference2999
reactome:ProteinReference2448,abstraction:NeighborOf,reactome:ProteinReference2472
reactome:ProteinReference2938,abstraction:NeighborOf,reactome:ProteinReference2957
reactome:ProteinReference8708,abstraction:NeighborOf,reactome:ProteinReference8716
reactome:ProteinReference9760,abstraction:NeighborOf,reactome:ProteinReference9761
reactome:ProteinReference8662,abstraction:NeighborOf,reactome:ProteinReference8727
reactome:ProteinReference5125,abstraction:NeighborOf,reactome:ProteinReference5126
reactome:ProteinReference8659,abstraction:NeighborOf,reactome:ProteinReference8697
reactome:ProteinReference8710,abstraction:NeighborOf,reactome:ProteinReference8721
reactome:ProteinReference8671,abstraction:NeighborOf,reactome:ProteinReference8700
reactome:ProteinReference8665,abstraction:NeighborOf,reactome:ProteinReference8761
reactome:ProteinReference5214,abstraction:NeighborOf,reactome:ProteinReference8783
reactome:ProteinReference8646,abstraction:NeighborOf,reactome:ProteinReference8720
reactome:ProteinReference8751,abstraction:NeighborOf,reactome:ProteinReference8760
reactome:ProteinReference2907,abstraction:NeighborOf,reactome:ProteinReference2927
reactome:ProteinReference8678,abstraction:NeighborOf,reactome:ProteinReference8734
reactome:ProteinReference5331,abstraction:NeighborOf,reactome:ProteinReference5332
reactome:ProteinReference8664,abstraction:NeighborOf,reactome:ProteinReference8666
reactome:ProteinReference11435,abstraction:NeighborOf,reactome:ProteinReference236
reactome:ProteinReference2997,abstraction:NeighborOf,reactome:ProteinReference3003
reactome:ProteinReference404,abstraction:NeighborOf,reactome:ProteinReference6244
reactome:ProteinReference8668,abstraction:NeighborOf,reactome:ProteinReference8744
reactome:ProteinReference11272,abstraction:NeighborOf,reactome:ProteinReference11274
reactome:ProteinReference8699,abstraction:NeighborOf,reactome:ProteinReference8731
reactome:ProteinReference8658,abstraction:NeighborOf,reactome:ProteinReference8676
reactome:ProteinReference2989,abstraction:NeighborOf,reactome:ProteinReference3000
reactome:ProteinReference8677,abstraction:NeighborOf,reactome:ProteinReference8754
reactome:ProteinReference4180,abstraction:NeighborOf,reactome:ProteinReference4253
reactome:ProteinReference9766,abstraction:NeighborOf,reactome:ProteinReference9769
reactome:ProteinReference2876,abstraction:NeighborOf,reactome:ProteinReference2971
reactome:ProteinReference8650,abstraction:NeighborOf,reactome:ProteinReference8676
reactome:ProteinReference8643,abstraction:NeighborOf,reactome:ProteinReference8737
reactome:ProteinReference2831,abstraction:NeighborOf,reactome:ProteinReference3037
reactome:ProteinReference2986,abstraction:NeighborOf,reactome:ProteinReference2996
reactome:ProteinReference8644,abstraction:NeighborOf,reactome:ProteinReference8764
reactome:ProteinReference10524,abstraction:NeighborOf,reactome:ProteinReference10526
reactome:ProteinReference6759,abstraction:NeighborOf,reactome:ProteinReference8726
reactome:ProteinReference2983,abstraction:NeighborOf,reactome:ProteinReference3002
reactome:ProteinReference8670,abstraction:NeighborOf,reactome:ProteinReference8733
reactome:ProteinReference8651,abstraction:NeighborOf,reactome:ProteinReference8708
reactome:ProteinReference3097,abstraction:NeighborOf,reactome:ProteinReference3098
reactome:ProteinReference1024,abstraction:NeighborOf,reactome:ProteinReference5570
reactome:ProteinReference2981,abstraction:NeighborOf,reactome:ProteinReference2984
reactome:ProteinReference1214,abstraction:NeighborOf,reactome:ProteinReference6047
reactome:ProteinReference8717,abstraction:NeighborOf,reactome:ProteinReference8725
reactome:ProteinReference4414,abstraction:NeighborOf,reactome:ProteinReference4636
reactome:ProteinReference8710,abstraction:NeighborOf,reactome:ProteinReference8717
reactome:ProteinReference8675,abstraction:NeighborOf,reactome:ProteinReference8718
reactome:ProteinReference2959,abstraction:NeighborOf,reactome:ProteinReference2983
reactome:ProteinReference8662,abstraction:NeighborOf,reactome:ProteinReference8732
reactome:ProteinReference8646,abstraction:NeighborOf,reactome:ProteinReference8672
reactome:ProteinReference10931,abstraction:NeighborOf,reactome:ProteinReference5765
reactome:ProteinReference8661,abstraction:NeighborOf,reactome:ProteinReference8733
reactome:ProteinReference10803,abstraction:NeighborOf,reactome:ProteinReference4458
reactome:ProteinReference6160,abstraction:NeighborOf,reactome:ProteinReference6768
reactome:ProteinReference11117,abstraction:NeighborOf,reactome:ProteinReference11153
reactome:ProteinReference12147,abstraction:NeighborOf,reactome:ProteinReference12148
reactome:ProteinReference2822,abstraction:NeighborOf,reactome:ProteinReference3014
reactome:ProteinReference10652,abstraction:NeighborOf,reactome:ProteinReference5300
reactome:ProteinReference1909,abstraction:NeighborOf,reactome:ProteinReference1960
reactome:ProteinReference8680,abstraction:NeighborOf,reactome:ProteinReference8754
reactome:ProteinReference10754,abstraction:NeighborOf,reactome:ProteinReference10761
reactome:ProteinReference2465,abstraction:NeighborOf,reactome:ProteinReference2469
reactome:ProteinReference8647,abstraction:NeighborOf,reactome:ProteinReference8648
reactome:ProteinReference2884,abstraction:NeighborOf,reactome:ProteinReference3864
reactome:ProteinReference5709,abstraction:NeighborOf,reactome:ProteinReference6147
reactome:ProteinReference8643,abstraction:NeighborOf,reactome:ProteinReference8716
reactome:ProteinReference8651,abstraction:NeighborOf,reactome:ProteinReference8699
reactome:ProteinReference8692,abstraction:NeighborOf,reactome:ProteinReference8728
reactome:ProteinReference2876,abstraction:NeighborOf,reactome:ProteinReference2997
reactome:ProteinReference3365,abstraction:NeighborOf,reactome:ProteinReference6857
reactome:ProteinReference4515,abstraction:NeighborOf,reactome:ProteinReference5004
reactome:ProteinReference2911,abstraction:NeighborOf,reactome:ProteinReference2935
reactome:ProteinReference6508,abstraction:NeighborOf,reactome:ProteinReference6514
reactome:ProteinReference8719,abstraction:NeighborOf,reactome:ProteinReference8731
reactome:ProteinReference8723,abstraction:NeighborOf,reactome:ProteinReference8728
reactome:ProteinReference3014,abstraction:NeighborOf,reactome:ProteinReference3038
reactome:ProteinReference10642,abstraction:NeighborOf,reactome:ProteinReference6092
reactome:ProteinReference4589,abstraction:NeighborOf,reactome:ProteinReference6881
reactome:ProteinReference6162,abstraction:NeighborOf,reactome:ProteinReference8670
reactome:ProteinReference2777,abstraction:NeighborOf,reactome:ProteinReference8328
reactome:ProteinReference3919,abstraction:NeighborOf,reactome:ProteinReference3920
reactome:ProteinReference1907,abstraction:NeighborOf,reactome:ProteinReference1933
reactome:ProteinReference2911,abstraction:NeighborOf,reactome:ProteinReference2959
reactome:ProteinReference7721,abstraction:NeighborOf,reactome:ProteinReference9951
reactome:ProteinReference2978,abstraction:NeighborOf,reactome:ProteinReference2995
reactome:ProteinReference670,abstraction:NeighborOf,reactome:ProteinReference679
reactome:ProteinReference4768,abstraction:NeighborOf,reactome:ProteinReference4780
reactome:ProteinReference1107,abstraction:NeighborOf,reactome:ProteinReference1121
reactome:ProteinReference3092,abstraction:NeighborOf,reactome:ProteinReference3094
reactome:ProteinReference8661,abstraction:NeighborOf,reactome:ProteinReference8698
reactome:ProteinReference6773,abstraction:NeighborOf,reactome:ProteinReference9712
reactome:ProteinReference8644,abstraction:NeighborOf,reactome:ProteinReference8645
reactome:ProteinReference1665,abstraction:NeighborOf,reactome:ProteinReference1668
reactome:ProteinReference8761,abstraction:NeighborOf,reactome:ProteinReference8762
reactome:ProteinReference8708,abstraction:NeighborOf,reactome:ProteinReference8725
reactome:ProteinReference8696,abstraction:NeighborOf,reactome:ProteinReference8706
reactome:ProteinReference8625,abstraction:NeighborOf,reactome:ProteinReference8626
reactome:ProteinReference1736,abstraction:NeighborOf,reactome:ProteinReference4459
reactome:ProteinReference5303,abstraction:NeighborOf,reactome:ProteinReference5307
reactome:ProteinReference6021,abstraction:NeighborOf,reactome:ProteinReference7249
reactome:ProteinReference2447,abstraction:NeighborOf,reactome:ProteinReference2465
reactome:ProteinReference1063,abstraction:NeighborOf,reactome:ProteinReference1121
reactome:ProteinReference8670,abstraction:NeighborOf,reactome:ProteinReference8706
reactome:ProteinReference8665,abstraction:NeighborOf,reactome:ProteinReference8767
reactome:ProteinReference6290,abstraction:NeighborOf,reactome:ProteinReference9140
reactome:ProteinReference8674,abstraction:NeighborOf,reactome:ProteinReference8697
reactome:ProteinReference1948,abstraction:NeighborOf,reactome:ProteinReference1949
reactome:ProteinReference10731,abstraction:NeighborOf,reactome:ProteinReference10733
reactome:ProteinReference8648,abstraction:NeighborOf,reactome:ProteinReference8670
reactome:ProteinReference8696,abstraction:NeighborOf,reactome:ProteinReference8713
reactome:ProteinReference4454,abstraction:NeighborOf,reactome:ProteinReference4485
reactome:ProteinReference8705,abstraction:NeighborOf,reactome:ProteinReference8709
reactome:ProteinReference10834,abstraction:NeighborOf,reactome:ProteinReference10835
reactome:ProteinReference8671,abstraction:NeighborOf,reactome:ProteinReference8728
reactome:ProteinReference2851,abstraction:NeighborOf,reactome:ProteinReference3000
reactome:ProteinReference2997,abstraction:NeighborOf,reactome:ProteinReference3002
reactome:ProteinReference8670,abstraction:NeighborOf,reactome:ProteinReference8713
reactome:ProteinReference4782,abstraction:NeighborOf,reactome:ProteinReference4783
reactome:ProteinReference8661,abstraction:NeighborOf,reactome:ProteinReference8706
reactome:ProteinReference2852,abstraction:NeighborOf,reactome:ProteinReference2956
reactome:ProteinReference8728,abstraction:NeighborOf,reactome:ProteinReference8737
reactome:ProteinReference11435,abstraction:NeighborOf,reactome:ProteinReference9608
reactome:ProteinReference3209,abstraction:NeighborOf,reactome:ProteinReference3211
reactome:ProteinReference8653,abstraction:NeighborOf,reactome:ProteinReference8758
reactome:ProteinReference8732,abstraction:NeighborOf,reactome:ProteinReference8738
reactome:ProteinReference4676,abstraction:NeighborOf,reactome:ProteinReference6137
reactome:ProteinReference1665,abstraction:NeighborOf,reactome:ProteinReference4160
reactome:ProteinReference8646,abstraction:NeighborOf,reactome:ProteinReference8676
reactome:ProteinReference8646,abstraction:NeighborOf,reactome:ProteinReference8710
reactome:ProteinReference2927,abstraction:NeighborOf,reactome:ProteinReference2956
reactome:ProteinReference3893,abstraction:NeighborOf,reactome:ProteinReference7595
reactome:ProteinReference2990,abstraction:NeighborOf,reactome:ProteinReference2998
reactome:ProteinReference2875,abstraction:NeighborOf,reactome:ProteinReference2958
reactome:ProteinReference6230,abstraction:NeighborOf,reactome:ProteinReference6233
reactome:ProteinReference6273,abstraction:NeighborOf,reactome:ProteinReference664
reactome:ProteinReference6162,abstraction:NeighborOf,reactome:ProteinReference8678
reactome:ProteinReference8698,abstraction:NeighborOf,reactome:ProteinReference8733
reactome:ProteinReference8575,abstraction:NeighborOf,reactome:ProteinReference8576
reactome:ProteinReference8651,abstraction:NeighborOf,reactome:ProteinReference8723
reactome:ProteinReference10834,abstraction:NeighborOf,reactome:ProteinReference7341
reactome:ProteinReference8694,abstraction:NeighborOf,reactome:ProteinReference8695
reactome:ProteinReference1023,abstraction:NeighborOf,reactome:ProteinReference5443
reactome:ProteinReference8789,abstraction:NeighborOf,reactome:ProteinReference9708
reactome:ProteinReference1111,abstraction:NeighborOf,reactome:ProteinReference1118
reactome:ProteinReference1021,abstraction:NeighborOf,reactome:ProteinReference4440
reactome:ProteinReference1124,abstraction:NeighborOf,reactome:ProteinReference11275
reactome:ProteinReference1108,abstraction:NeighborOf,reactome:ProteinReference1121
reactome:ProteinReference4501,abstraction:NeighborOf,reactome:ProteinReference4515
reactome:ProteinReference6290,abstraction:NeighborOf,reactome:ProteinReference9138
reactome:ProteinReference8730,abstraction:NeighborOf,reactome:ProteinReference8734
reactome:ProteinReference1032,abstraction:NeighborOf,reactome:ProteinReference6773
reactome:ProteinReference4180,abstraction:NeighborOf,reactome:ProteinReference4254
reactome:ProteinReference8690,abstraction:NeighborOf,reactome:ProteinReference8753
reactome:ProteinReference10897,abstraction:NeighborOf,reactome:ProteinReference10950
reactome:ProteinReference1950,abstraction:NeighborOf,reactome:ProteinReference1954
reactome:ProteinReference3049,abstraction:NeighborOf,reactome:ProteinReference3159
reactome:ProteinReference6510,abstraction:NeighborOf,reactome:ProteinReference6514
reactome:ProteinReference2956,abstraction:NeighborOf,reactome:ProteinReference2963
reactome:ProteinReference10580,abstraction:NeighborOf,reactome:ProteinReference11272
reactome:ProteinReference8643,abstraction:NeighborOf,reactome:ProteinReference8725
reactome:ProteinReference69,abstraction:NeighborOf,reactome:ProteinReference71
reactome:ProteinReference2167,abstraction:NeighborOf,reactome:ProteinReference9712
reactome:ProteinReference4777,abstraction:NeighborOf,reactome:ProteinReference66
reactome:ProteinReference4788,abstraction:NeighborOf,reactome:ProteinReference6427
reactome:ProteinReference2985,abstraction:NeighborOf,reactome:ProteinReference2988
reactome:ProteinReference1935,abstraction:NeighborOf,reactome:ProteinReference1960
reactome:ProteinReference8756,abstraction:NeighborOf,reactome:ProteinReference8762
reactome:ProteinReference8701,abstraction:NeighborOf,reactome:ProteinReference8734
reactome:ProteinReference2898,abstraction:NeighborOf,reactome:ProteinReference2908
reactome:ProteinReference5136,abstraction:NeighborOf,reactome:ProteinReference7557
reactome:ProteinReference2873,abstraction:NeighborOf,reactome:ProteinReference2937
reactome:ProteinReference1736,abstraction:NeighborOf,reactome:ProteinReference2850
reactome:ProteinReference8702,abstraction:NeighborOf,reactome:ProteinReference8735
reactome:ProteinReference1770,abstraction:NeighborOf,reactome:ProteinReference6854
reactome:ProteinReference5037,abstraction:NeighborOf,reactome:ProteinReference6048
reactome:ProteinReference8666,abstraction:NeighborOf,reactome:ProteinReference8678
reactome:ProteinReference8643,abstraction:NeighborOf,reactome:ProteinReference8708
reactome:ProteinReference2907,abstraction:NeighborOf,reactome:ProteinReference2958
reactome:ProteinReference8675,abstraction:NeighborOf,reactome:ProteinReference8696
reactome:ProteinReference8707,abstraction:NeighborOf,reactome:ProteinReference8727
reactome:ProteinReference2985,abstraction:NeighborOf,reactome:ProteinReference2994
reactome:ProteinReference11367,abstraction:NeighborOf,reactome:ProteinReference6513
reactome:ProteinReference2865,abstraction:NeighborOf,reactome:ProteinReference2869
reactome:ProteinReference1814,abstraction:NeighborOf,reactome:ProteinReference8371
reactome:ProteinReference8705,abstraction:NeighborOf,reactome:ProteinReference8736
reactome:ProteinReference2825,abstraction:NeighborOf,reactome:ProteinReference2831
reactome:ProteinReference2936,abstraction:NeighborOf,reactome:ProteinReference2963
reactome:ProteinReference632,abstraction:NeighborOf,reactome:ProteinReference634
reactome:ProteinReference8649,abstraction:NeighborOf,reactome:ProteinReference8731
reactome:ProteinReference1095,abstraction:NeighborOf,reactome:ProteinReference1119
reactome:ProteinReference7595,abstraction:NeighborOf,reactome:ProteinReference9029
reactome:ProteinReference10838,abstraction:NeighborOf,reactome:ProteinReference6173
reactome:ProteinReference8643,abstraction:NeighborOf,reactome:ProteinReference8664
reactome:ProteinReference8963,abstraction:NeighborOf,reactome:ProteinReference9782
reactome:ProteinReference11271,abstraction:NeighborOf,reactome:ProteinReference11273
reactome:ProteinReference8659,abstraction:NeighborOf,reactome:ProteinReference8737
reactome:ProteinReference10853,abstraction:NeighborOf,reactome:ProteinReference5395
reactome:ProteinReference2853,abstraction:NeighborOf,reactome:ProteinReference2860
reactome:ProteinReference1773,abstraction:NeighborOf,reactome:ProteinReference5156
reactome:ProteinReference2854,abstraction:NeighborOf,reactome:ProteinReference2858
reactome:ProteinReference1032,abstraction:NeighborOf,reactome:ProteinReference9713
reactome:ProteinReference5004,abstraction:NeighborOf,reactome:ProteinReference8994
reactome:ProteinReference7322,abstraction:NeighborOf,reactome:ProteinReference7679
reactome:ProteinReference2833,abstraction:NeighborOf,reactome:ProteinReference2995
reactome:ProteinReference2931,abstraction:NeighborOf,reactome:ProteinReference2935
reactome:ProteinReference3232,abstraction:NeighborOf,reactome:ProteinReference3864
reactome:ProteinReference6185,abstraction:NeighborOf,reactome:ProteinReference7904
reactome:ProteinReference9758,abstraction:NeighborOf,reactome:ProteinReference9761
reactome:ProteinReference5036,abstraction:NeighborOf,reactome:ProteinReference5037
reactome:ProteinReference6291,abstraction:NeighborOf,reactome:ProteinReference9364
reactome:ProteinReference8705,abstraction:NeighborOf,reactome:ProteinReference8710
reactome:ProteinReference4207,abstraction:NeighborOf,reactome:ProteinReference6244
reactome:ProteinReference6759,abstraction:NeighborOf,reactome:ProteinReference8652
reactome:ProteinReference1112,abstraction:NeighborOf,reactome:ProteinReference1115
reactome:ProteinReference4450,abstraction:NeighborOf,reactome:ProteinReference9960
reactome:ProteinReference2830,abstraction:NeighborOf,reactome:ProteinReference2832
reactome:ProteinReference1063,abstraction:NeighborOf,reactome:ProteinReference1113
reactome:ProteinReference2448,abstraction:NeighborOf,reactome:ProteinReference2471
reactome:ProteinReference4680,abstraction:NeighborOf,reactome:ProteinReference8895
reactome:ProteinReference2461,abstraction:NeighborOf,reactome:ProteinReference2469
reactome:ProteinReference6250,abstraction:NeighborOf,reactome:ProteinReference6256
reactome:ProteinReference8698,abstraction:NeighborOf,reactome:ProteinReference8706
reactome:ProteinReference8700,abstraction:NeighborOf,reactome:ProteinReference8727
reactome:ProteinReference2956,abstraction:NeighborOf,reactome:ProteinReference2996
reactome:ProteinReference3893,abstraction:NeighborOf,reactome:ProteinReference9029
reactome:ProteinReference5329,abstraction:NeighborOf,reactome:ProteinReference5332
reactome:ProteinReference5522,abstraction:NeighborOf,reactome:ProteinReference5570
reactome:ProteinReference3026,abstraction:NeighborOf,reactome:ProteinReference3029
reactome:ProteinReference10405,abstraction:NeighborOf,reactome:ProteinReference10408
reactome:ProteinReference2898,abstraction:NeighborOf,reactome:ProteinReference2931
reactome:ProteinReference6867,abstraction:NeighborOf,reactome:ProteinReference6884
reactome:ProteinReference10682,abstraction:NeighborOf,reactome:ProteinReference4515
reactome:ProteinReference8645,abstraction:NeighborOf,reactome:ProteinReference8734
reactome:ProteinReference2978,abstraction:NeighborOf,reactome:ProteinReference2997
reactome:ProteinReference5420,abstraction:NeighborOf,reactome:ProteinReference7826
reactome:ProteinReference2978,abstraction:NeighborOf,reactome:ProteinReference2991
reactome:ProteinReference2979,abstraction:NeighborOf,reactome:ProteinReference2987
reactome:ProteinReference8707,abstraction:NeighborOf,reactome:ProteinReference8732
reactome:ProteinReference6100,abstraction:NeighborOf,reactome:ProteinReference7829
reactome:ProteinReference8718,abstraction:NeighborOf,reactome:ProteinReference8730
reactome:ProteinReference10819,abstraction:NeighborOf,reactome:ProteinReference10821
reactome:ProteinReference8698,abstraction:NeighborOf,reactome:ProteinReference8713
reactome:ProteinReference8646,abstraction:NeighborOf,reactome:ProteinReference8729
reactome:ProteinReference2983,abstraction:NeighborOf,reactome:ProteinReference2988
reactome:ProteinReference2938,abstraction:NeighborOf,reactome:ProteinReference2959
reactome:ProteinReference2167,abstraction:NeighborOf,reactome:ProteinReference4497
reactome:ProteinReference2902,abstraction:NeighborOf,reactome:ProteinReference2926
reactome:ProteinReference1799,abstraction:NeighborOf,reactome:ProteinReference5117
reactome:ProteinReference2460,abstraction:NeighborOf,reactome:ProteinReference2472
reactome:ProteinReference4777,abstraction:NeighborOf,reactome:ProteinReference68
reactome:ProteinReference8728,abstraction:NeighborOf,reactome:ProteinReference8735
reactome:ProteinReference4770,abstraction:NeighborOf,reactome:ProteinReference85
reactome:ProteinReference5440,abstraction:NeighborOf,reactome:ProteinReference5441
reactome:ProteinReference7557,abstraction:NeighborOf,reactome:ProteinReference7604
reactome:ProteinReference2831,abstraction:NeighborOf,reactome:ProteinReference2900
reactome:ProteinReference5972,abstraction:NeighborOf,reactome:ProteinReference5973
reactome:ProteinReference8659,abstraction:NeighborOf,reactome:ProteinReference8716
reactome:ProteinReference2447,abstraction:NeighborOf,reactome:ProteinReference2461
reactome:ProteinReference2858,abstraction:NeighborOf,reactome:ProteinReference2873
reactome:ProteinReference11254,abstraction:NeighborOf,reactome:ProteinReference11273
reactome:ProteinReference8302,abstraction:NeighborOf,reactome:ProteinReference8303
reactome:ProteinReference8671,abstraction:NeighborOf,reactome:ProteinReference8681
reactome:ProteinReference7728,abstraction:NeighborOf,reactome:ProteinReference7729
reactome:ProteinReference10350,abstraction:NeighborOf,reactome:ProteinReference4541
reactome:ProteinReference1111,abstraction:NeighborOf,reactome:ProteinReference1119
reactome:ProteinReference8729,abstraction:NeighborOf,reactome:ProteinReference8737
reactome:ProteinReference2569,abstraction:NeighborOf,reactome:ProteinReference2579
reactome:ProteinReference10643,abstraction:NeighborOf,reactome:ProteinReference10833
reactome:ProteinReference8662,abstraction:NeighborOf,reactome:ProteinReference8720
reactome:ProteinReference4383,abstraction:NeighborOf,reactome:ProteinReference4452
reactome:ProteinReference6229,abstraction:NeighborOf,reactome:ProteinReference6231
reactome:ProteinReference2462,abstraction:NeighborOf,reactome:ProteinReference2465
reactome:ProteinReference2454,abstraction:NeighborOf,reactome:ProteinReference2473
reactome:ProteinReference8700,abstraction:NeighborOf,reactome:ProteinReference8732
reactome:ProteinReference1108,abstraction:NeighborOf,reactome:ProteinReference1113
reactome:ProteinReference8675,abstraction:NeighborOf,reactome:ProteinReference8731
reactome:ProteinReference3015,abstraction:NeighborOf,reactome:ProteinReference3016
reactome:ProteinReference1057,abstraction:NeighborOf,reactome:ProteinReference5156
reactome:ProteinReference4777,abstraction:NeighborOf,reactome:ProteinReference9704
reactome:ProteinReference8637,abstraction:NeighborOf,reactome:ProteinReference9715
reactome:ProteinReference2984,abstraction:NeighborOf,reactome:ProteinReference2992
reactome:ProteinReference8665,abstraction:NeighborOf,reactome:ProteinReference8750
reactome:ProteinReference4497,abstraction:NeighborOf,reactome:ProteinReference9720
reactome:ProteinReference8192,abstraction:NeighborOf,reactome:ProteinReference8193
reactome:ProteinReference2932,abstraction:NeighborOf,reactome:ProteinReference2938
reactome:ProteinReference2980,abstraction:NeighborOf,reactome:ProteinReference2981
reactome:ProteinReference8758,abstraction:NeighborOf,reactome:ProteinReference8763
reactome:ProteinReference69,abstraction:NeighborOf,reactome:ProteinReference72
reactome:ProteinReference2850,abstraction:NeighborOf,reactome:ProteinReference2851
reactome:ProteinReference8649,abstraction:NeighborOf,reactome:ProteinReference8674
reactome:ProteinReference8689,abstraction:NeighborOf,reactome:ProteinReference8735
reactome:ProteinReference1966,abstraction:NeighborOf,reactome:ProteinReference2033
reactome:ProteinReference2466,abstraction:NeighborOf,reactome:ProteinReference2473
reactome:ProteinReference4113,abstraction:NeighborOf,reactome:ProteinReference8773
reactome:ProteinReference2850,abstraction:NeighborOf,reactome:ProteinReference2873
reactome:ProteinReference8701,abstraction:NeighborOf,reactome:ProteinReference8718
reactome:ProteinReference2777,abstraction:NeighborOf,reactome:ProteinReference8333
reactome:ProteinReference3734,abstraction:NeighborOf,reactome:ProteinReference3736
reactome:ProteinReference3067,abstraction:NeighborOf,reactome:ProteinReference9709
reactome:ProteinReference1094,abstraction:NeighborOf,reactome:ProteinReference1118
reactome:ProteinReference5296,abstraction:NeighborOf,reactome:ProteinReference5308
reactome:ProteinReference3025,abstraction:NeighborOf,reactome:ProteinReference3029
reactome:ProteinReference10850,abstraction:NeighborOf,reactome:ProteinReference7604
reactome:ProteinReference2958,abstraction:NeighborOf,reactome:ProteinReference2960
reactome:ProteinReference8662,abstraction:NeighborOf,reactome:ProteinReference8672
reactome:ProteinReference10451,abstraction:NeighborOf,reactome:ProteinReference6080
reactome:ProteinReference8643,abstraction:NeighborOf,reactome:ProteinReference8647
reactome:ProteinReference6449,abstraction:NeighborOf,reactome:ProteinReference7568
reactome:ProteinReference10580,abstraction:NeighborOf,reactome:ProteinReference11274
reactome:ProteinReference4589,abstraction:NeighborOf,reactome:ProteinReference7511
reactome:ProteinReference6162,abstraction:NeighborOf,reactome:ProteinReference8661
reactome:ProteinReference8650,abstraction:NeighborOf,reactome:ProteinReference8666
reactome:ProteinReference8705,abstraction:NeighborOf,reactome:ProteinReference8729
reactome:ProteinReference8686,abstraction:NeighborOf,reactome:ProteinReference8745
reactome:ProteinReference8668,abstraction:NeighborOf,reactome:ProteinReference8764
reactome:ProteinReference8674,abstraction:NeighborOf,reactome:ProteinReference8737
reactome:ProteinReference8644,abstraction:NeighborOf,reactome:ProteinReference8758
reactome:ProteinReference6452,abstraction:NeighborOf,reactome:ProteinReference7628
reactome:ProteinReference2974,abstraction:NeighborOf,reactome:ProteinReference2988
reactome:ProteinReference4697,abstraction:NeighborOf,reactome:ProteinReference8999
reactome:ProteinReference1908,abstraction:NeighborOf,reactome:ProteinReference1960
reactome:ProteinReference2961,abstraction:NeighborOf,reactome:ProteinReference2988
reactome:ProteinReference8657,abstraction:NeighborOf,reactome:ProteinReference8661
reactome:ProteinReference10476,abstraction:NeighborOf,reactome:ProteinReference8610
reactome:ProteinReference8753,abstraction:NeighborOf,reactome:ProteinReference8764
reactome:ProteinReference2947,abstraction:NeighborOf,reactome:ProteinReference7503
reactome:ProteinReference8716,abstraction:NeighborOf,reactome:ProteinReference8735
reactome:ProteinReference9779,abstraction:NeighborOf,reactome:ProteinReference9819
reactome:ProteinReference2850,abstraction:NeighborOf,reactome:ProteinReference8778
reactome:ProteinReference5004,abstraction:NeighborOf,reactome:ProteinReference8997
reactome:ProteinReference10863,abstraction:NeighborOf,reactome:ProteinReference10865
reactome:ProteinReference2858,abstraction:NeighborOf,reactome:ProteinReference2897
reactome:ProteinReference8648,abstraction:NeighborOf,reactome:ProteinReference8661
reactome:ProteinReference11014,abstraction:NeighborOf,reactome:ProteinReference5164
reactome:ProteinReference4682,abstraction:NeighborOf,reactome:ProteinReference8895
reactome:ProteinReference8673,abstraction:NeighborOf,reactome:ProteinReference8708
reactome:ProteinReference1099,abstraction:NeighborOf,reactome:ProteinReference1107
reactome:ProteinReference1800,abstraction:NeighborOf,reactome:ProteinReference6536
reactome:ProteinReference5657,abstraction:NeighborOf,reactome:ProteinReference6909
reactome:ProteinReference4697,abstraction:NeighborOf,reactome:ProteinReference8990
reactome:ProteinReference8702,abstraction:NeighborOf,reactome:ProteinReference8723
reactome:ProteinReference726,abstraction:NeighborOf,reactome:ProteinReference727
reactome:ProteinReference3071,abstraction:NeighborOf,reactome:ProteinReference3074
reactome:ProteinReference8645,abstraction:NeighborOf,reactome:ProteinReference8718
reactome:ProteinReference10754,abstraction:NeighborOf,reactome:ProteinReference10755
reactome:ProteinReference8705,abstraction:NeighborOf,reactome:ProteinReference8738
reactome:ProteinReference1088,abstraction:NeighborOf,reactome:ProteinReference9101
reactome:ProteinReference4437,abstraction:NeighborOf,reactome:ProteinReference4703
reactome:ProteinReference8726,abstraction:NeighborOf,reactome:ProteinReference8734
reactome:ProteinReference7661,abstraction:NeighborOf,reactome:ProteinReference7662
reactome:ProteinReference7019,abstraction:NeighborOf,reactome:ProteinReference7061
reactome:ProteinReference5515,abstraction:NeighborOf,reactome:ProteinReference5516
reactome:ProteinReference8710,abstraction:NeighborOf,reactome:ProteinReference8737
reactome:ProteinReference8666,abstraction:NeighborOf,reactome:ProteinReference8667
reactome:ProteinReference8659,abstraction:NeighborOf,reactome:ProteinReference8725
reactome:ProteinReference8692,abstraction:NeighborOf,reactome:ProteinReference8709
reactome:ProteinReference8696,abstraction:NeighborOf,reactome:ProteinReference8704
reactome:ProteinReference8748,abstraction:NeighborOf,reactome:ProteinReference8753
reactome:ProteinReference2959,abstraction:NeighborOf,reactome:ProteinReference2981
reactome:ProteinReference8709,abstraction:NeighborOf,reactome:ProteinReference8726
reactome:ProteinReference6509,abstraction:NeighborOf,reactome:ProteinReference6511
reactome:ProteinReference3979,abstraction:NeighborOf,reactome:ProteinReference5731
reactome:ProteinReference6759,abstraction:NeighborOf,reactome:ProteinReference8651
reactome:ProteinReference8670,abstraction:NeighborOf,reactome:ProteinReference8704
reactome:ProteinReference8659,abstraction:NeighborOf,reactome:ProteinReference8708
reactome:ProteinReference1088,abstraction:NeighborOf,reactome:ProteinReference7713
reactome:ProteinReference67,abstraction:NeighborOf,reactome:ProteinReference71
reactome:ProteinReference8689,abstraction:NeighborOf,reactome:ProteinReference8699
reactome:ProteinReference6850,abstraction:NeighborOf,reactome:ProteinReference7568
reactome:ProteinReference11380,abstraction:NeighborOf,reactome:ProteinReference6511
reactome:ProteinReference2985,abstraction:NeighborOf,reactome:ProteinReference2989
reactome:ProteinReference11109,abstraction:NeighborOf,reactome:ProteinReference9352
reactome:ProteinReference1092,abstraction:NeighborOf,reactome:ProteinReference1111
reactome:ProteinReference8729,abstraction:NeighborOf,reactome:ProteinReference8735
reactome:ProteinReference8659,abstraction:NeighborOf,reactome:ProteinReference8664
reactome:ProteinReference5295,abstraction:NeighborOf,reactome:ProteinReference6855
reactome:ProteinReference3201,abstraction:NeighborOf,reactome:ProteinReference3202
reactome:ProteinReference4422,abstraction:NeighborOf,reactome:ProteinReference5305
reactome:ProteinReference4705,abstraction:NeighborOf,reactome:ProteinReference6184
reactome:ProteinReference4138,abstraction:NeighborOf,reactome:ProteinReference4253
reactome:ProteinReference5292,abstraction:NeighborOf,reactome:ProteinReference5305
reactome:ProteinReference8651,abstraction:NeighborOf,reactome:ProteinReference8727
reactome:ProteinReference3564,abstraction:NeighborOf,reactome:ProteinReference8964
reactome:ProteinReference2986,abstraction:NeighborOf,reactome:ProteinReference2997
reactome:ProteinReference6084,abstraction:NeighborOf,reactome:ProteinReference6091
reactome:ProteinReference2986,abstraction:NeighborOf,reactome:ProteinReference2991
reactome:ProteinReference60,abstraction:NeighborOf,reactome:ProteinReference63
reactome:ProteinReference6797,abstraction:NeighborOf,reactome:ProteinReference8604
reactome:ProteinReference11256,abstraction:NeighborOf,reactome:ProteinReference1736
reactome:ProteinReference1261,abstraction:NeighborOf,reactome:ProteinReference6651
reactome:ProteinReference8703,abstraction:NeighborOf,reactome:ProteinReference8733
reactome:ProteinReference1107,abstraction:NeighborOf,reactome:ProteinReference1115
reactome:ProteinReference1112,abstraction:NeighborOf,reactome:ProteinReference1122
reactome:ProteinReference4777,abstraction:NeighborOf,reactome:ProteinReference9702
reactome:ProteinReference2822,abstraction:NeighborOf,reactome:ProteinReference2995
reactome:ProteinReference8671,abstraction:NeighborOf,reactome:ProteinReference8709
reactome:ProteinReference8710,abstraction:NeighborOf,reactome:ProteinReference8716
reactome:ProteinReference1091,abstraction:NeighborOf,reactome:ProteinReference7825
reactome:ProteinReference8751,abstraction:NeighborOf,reactome:ProteinReference8764
reactome:ProteinReference11041,abstraction:NeighborOf,reactome:ProteinReference11043
reactome:ProteinReference2860,abstraction:NeighborOf,reactome:ProteinReference2904
reactome:ProteinReference8717,abstraction:NeighborOf,reactome:ProteinReference8727
reactome:ProteinReference9712,abstraction:NeighborOf,reactome:ProteinReference9714
reactome:ProteinReference11605,abstraction:NeighborOf,reactome:ProteinReference7843
reactome:ProteinReference1063,abstraction:NeighborOf,reactome:ProteinReference1115
reactome:ProteinReference10781,abstraction:NeighborOf,reactome:ProteinReference10783
reactome:ProteinReference2872,abstraction:NeighborOf,reactome:ProteinReference2907
reactome:ProteinReference8996,abstraction:NeighborOf,reactome:ProteinReference8997
reactome:ProteinReference1095,abstraction:NeighborOf,reactome:ProteinReference1121
reactome:ProteinReference10917,abstraction:NeighborOf,reactome:ProteinReference9916
reactome:ProteinReference8689,abstraction:NeighborOf,reactome:ProteinReference8701
reactome:ProteinReference3029,abstraction:NeighborOf,reactome:ProteinReference3032
reactome:ProteinReference10573,abstraction:NeighborOf,reactome:ProteinReference4385
reactome:ProteinReference2454,abstraction:NeighborOf,reactome:ProteinReference2468
reactome:ProteinReference4114,abstraction:NeighborOf,reactome:ProteinReference8907
reactome:ProteinReference8686,abstraction:NeighborOf,reactome:ProteinReference8760
reactome:ProteinReference8667,abstraction:NeighborOf,reactome:ProteinReference8673
reactome:ProteinReference1057,abstraction:NeighborOf,reactome:ProteinReference1088
reactome:ProteinReference8671,abstraction:NeighborOf,reactome:ProteinReference8722
reactome:ProteinReference1063,abstraction:NeighborOf,reactome:ProteinReference1092
reactome:ProteinReference8713,abstraction:NeighborOf,reactome:ProteinReference8733
reactome:ProteinReference8747,abstraction:NeighborOf,reactome:ProteinReference8756
reactome:ProteinReference4139,abstraction:NeighborOf,reactome:ProteinReference4254
reactome:ProteinReference8674,abstraction:NeighborOf,reactome:ProteinReference8735
reactome:ProteinReference8692,abstraction:NeighborOf,reactome:ProteinReference8736
reactome:ProteinReference6272,abstraction:NeighborOf,reactome:ProteinReference664
reactome:ProteinReference1013,abstraction:NeighborOf,reactome:ProteinReference3365
reactome:ProteinReference8651,abstraction:NeighborOf,reactome:ProteinReference8732
reactome:ProteinReference8643,abstraction:NeighborOf,reactome:ProteinReference8670
reactome:ProteinReference2973,abstraction:NeighborOf,reactome:ProteinReference2985
reactome:ProteinReference3067,abstraction:NeighborOf,reactome:ProteinReference9712
reactome:ProteinReference2859,abstraction:NeighborOf,reactome:ProteinReference2899
reactome:ProteinReference1736,abstraction:NeighborOf,reactome:ProteinReference4491
reactome:ProteinReference8723,abstraction:NeighborOf,reactome:ProteinReference8736
reactome:ProteinReference2466,abstraction:NeighborOf,reactome:ProteinReference2468
reactome:ProteinReference8689,abstraction:NeighborOf,reactome:ProteinReference8723
reactome:ProteinReference2956,abstraction:NeighborOf,reactome:ProteinReference2995
reactome:ProteinReference2445,abstraction:NeighborOf,reactome:ProteinReference2471
reactome:ProteinReference11434,abstraction:NeighborOf,reactome:ProteinReference6427
reactome:ProteinReference8706,abstraction:NeighborOf,reactome:ProteinReference8734
reactome:ProteinReference2872,abstraction:NeighborOf,reactome:ProteinReference2928
reactome:ProteinReference2973,abstraction:NeighborOf,reactome:ProteinReference2974
reactome:ProteinReference4636,abstraction:NeighborOf,reactome:ProteinReference6785
reactome:ProteinReference5456,abstraction:NeighborOf,reactome:ProteinReference9035
reactome:ProteinReference10562,abstraction:NeighborOf,reactome:ProteinReference3864
reactome:ProteinReference8645,abstraction:NeighborOf,reactome:ProteinReference8667
reactome:ProteinReference2971,abstraction:NeighborOf,reactome:ProteinReference2979
reactome:ProteinReference10573,abstraction:NeighborOf,reactome:ProteinReference5291
reactome:ProteinReference8692,abstraction:NeighborOf,reactome:ProteinReference8710
reactome:ProteinReference8717,abstraction:NeighborOf,reactome:ProteinReference8732
reactome:ProteinReference8707,abstraction:NeighborOf,reactome:ProteinReference8720
reactome:ProteinReference2979,abstraction:NeighborOf,reactome:ProteinReference2990
reactome:ProteinReference6290,abstraction:NeighborOf,reactome:ProteinReference7648
reactome:ProteinReference1056,abstraction:NeighborOf,reactome:ProteinReference1090
reactome:ProteinReference1108,abstraction:NeighborOf,reactome:ProteinReference1115
reactome:ProteinReference4581,abstraction:NeighborOf,reactome:ProteinReference6291
reactome:ProteinReference8731,abstraction:NeighborOf,reactome:ProteinReference8733
reactome:ProteinReference6162,abstraction:NeighborOf,reactome:ProteinReference8692
reactome:ProteinReference3045,abstraction:NeighborOf,reactome:ProteinReference3354
reactome:ProteinReference5136,abstraction:NeighborOf,reactome:ProteinReference6136
reactome:ProteinReference9763,abstraction:NeighborOf,reactome:ProteinReference9768
reactome:ProteinReference5186,abstraction:NeighborOf,reactome:ProteinReference7928
reactome:ProteinReference1665,abstraction:NeighborOf,reactome:ProteinReference3211
reactome:ProteinReference2788,abstraction:NeighborOf,reactome:ProteinReference2795
reactome:ProteinReference8708,abstraction:NeighborOf,reactome:ProteinReference8727
reactome:ProteinReference2979,abstraction:NeighborOf,reactome:ProteinReference3002
reactome:ProteinReference10779,abstraction:NeighborOf,reactome:ProteinReference7661
reactome:ProteinReference2460,abstraction:NeighborOf,reactome:ProteinReference2471
reactome:ProteinReference10781,abstraction:NeighborOf,reactome:ProteinReference10784
reactome:ProteinReference10405,abstraction:NeighborOf,reactome:ProteinReference3864
reactome:ProteinReference8716,abstraction:NeighborOf,reactome:ProteinReference8724
reactome:ProteinReference8703,abstraction:NeighborOf,reactome:ProteinReference8706
reactome:ProteinReference1111,abstraction:NeighborOf,reactome:ProteinReference1121
reactome:ProteinReference8674,abstraction:NeighborOf,reactome:ProteinReference8708
reactome:ProteinReference8698,abstraction:NeighborOf,reactome:ProteinReference8704
reactome:ProteinReference3697,abstraction:NeighborOf,reactome:ProteinReference3698
reactome:ProteinReference5291,abstraction:NeighborOf,reactome:ProteinReference5299
reactome:ProteinReference4660,abstraction:NeighborOf,reactome:ProteinReference4690
reactome:ProteinReference1021,abstraction:NeighborOf,reactome:ProteinReference4688
reactome:ProteinReference1065,abstraction:NeighborOf,reactome:ProteinReference1067
reactome:ProteinReference8700,abstraction:NeighborOf,reactome:ProteinReference8720
reactome:ProteinReference8703,abstraction:NeighborOf,reactome:ProteinReference8713
reactome:ProteinReference8754,abstraction:NeighborOf,reactome:ProteinReference8756
reactome:ProteinReference9950,abstraction:NeighborOf,reactome:ProteinReference9951
reactome:ProteinReference4437,abstraction:NeighborOf,reactome:ProteinReference4443
reactome:ProteinReference8645,abstraction:NeighborOf,reactome:ProteinReference8696
reactome:ProteinReference175,abstraction:NeighborOf,reactome:ProteinReference5510
reactome:ProteinReference8649,abstraction:NeighborOf,reactome:ProteinReference8689
reactome:ProteinReference8697,abstraction:NeighborOf,reactome:ProteinReference8713
reactome:ProteinReference4499,abstraction:NeighborOf,reactome:ProteinReference9079
reactome:ProteinReference10829,abstraction:NeighborOf,reactome:ProteinReference5390
reactome:ProteinReference1061,abstraction:NeighborOf,reactome:ProteinReference6791
reactome:ProteinReference500,abstraction:NeighborOf,reactome:ProteinReference8368
reactome:ProteinReference3067,abstraction:NeighborOf,reactome:ProteinReference4497
reactome:ProteinReference8710,abstraction:NeighborOf,reactome:ProteinReference8725
reactome:ProteinReference5330,abstraction:NeighborOf,reactome:ProteinReference5332
reactome:ProteinReference8730,abstraction:NeighborOf,reactome:ProteinReference8731
reactome:ProteinReference8666,abstraction:NeighborOf,reactome:ProteinReference8692
reactome:ProteinReference11427,abstraction:NeighborOf,reactome:ProteinReference11435
reactome:ProteinReference4577,abstraction:NeighborOf,reactome:ProteinReference6396
reactome:ProteinReference2956,abstraction:NeighborOf,reactome:ProteinReference2961
reactome:ProteinReference6136,abstraction:NeighborOf,reactome:ProteinReference8740
reactome:ProteinReference1736,abstraction:NeighborOf,reactome:ProteinReference4450
reactome:ProteinReference4686,abstraction:NeighborOf,reactome:ProteinReference7568
reactome:ProteinReference10687,abstraction:NeighborOf,reactome:ProteinReference10688
reactome:ProteinReference8708,abstraction:NeighborOf,reactome:ProteinReference8732
reactome:ProteinReference8674,abstraction:NeighborOf,reactome:ProteinReference8699
reactome:ProteinReference8747,abstraction:NeighborOf,reactome:ProteinReference8762
reactome:ProteinReference8720,abstraction:NeighborOf,reactome:ProteinReference8734
reactome:ProteinReference8701,abstraction:NeighborOf,reactome:ProteinReference8731
reactome:ProteinReference6773,abstraction:NeighborOf,reactome:ProteinReference9716
reactome:ProteinReference8696,abstraction:NeighborOf,reactome:ProteinReference8705
reactome:ProteinReference5607,abstraction:NeighborOf,reactome:ProteinReference5730
reactome:ProteinReference5510,abstraction:NeighborOf,reactome:ProteinReference5611
reactome:ProteinReference7300,abstraction:NeighborOf,reactome:ProteinReference7301
reactome:ProteinReference8704,abstraction:NeighborOf,reactome:ProteinReference8734
reactome:ProteinReference9759,abstraction:NeighborOf,reactome:ProteinReference9769
reactome:ProteinReference5318,abstraction:NeighborOf,reactome:ProteinReference5327
reactome:ProteinReference6846,abstraction:NeighborOf,reactome:ProteinReference8091
reactome:ProteinReference8664,abstraction:NeighborOf,reactome:ProteinReference8708
reactome:ProteinReference1095,abstraction:NeighborOf,reactome:ProteinReference1113
reactome:ProteinReference10395,abstraction:NeighborOf,reactome:ProteinReference5291
reactome:ProteinReference11311,abstraction:NeighborOf,reactome:ProteinReference11346
reactome:ProteinReference8659,abstraction:NeighborOf,reactome:ProteinReference8668
reactome:ProteinReference8670,abstraction:NeighborOf,reactome:ProteinReference8705
reactome:ProteinReference4138,abstraction:NeighborOf,reactome:ProteinReference6244
reactome:ProteinReference2929,abstraction:NeighborOf,reactome:ProteinReference2930
reactome:ProteinReference8668,abstraction:NeighborOf,reactome:ProteinReference8752
reactome:ProteinReference5126,abstraction:NeighborOf,reactome:ProteinReference5127
reactome:ProteinReference1098,abstraction:NeighborOf,reactome:ProteinReference1105
reactome:ProteinReference2903,abstraction:NeighborOf,reactome:ProteinReference2936
reactome:ProteinReference4729,abstraction:NeighborOf,reactome:ProteinReference4730
reactome:ProteinReference8705,abstraction:NeighborOf,reactome:ProteinReference8717
reactome:ProteinReference8744,abstraction:NeighborOf,reactome:ProteinReference8756
reactome:ProteinReference4515,abstraction:NeighborOf,reactome:ProteinReference9021
reactome:ProteinReference2991,abstraction:NeighborOf,reactome:ProteinReference3004
reactome:ProteinReference1815,abstraction:NeighborOf,reactome:ProteinReference6292
reactome:ProteinReference10560,abstraction:NeighborOf,reactome:ProteinReference10562
reactome:ProteinReference10825,abstraction:NeighborOf,reactome:ProteinReference5407
reactome:ProteinReference7669,abstraction:NeighborOf,reactome:ProteinReference7673
reactome:ProteinReference9758,abstraction:NeighborOf,reactome:ProteinReference9759
reactome:ProteinReference8692,abstraction:NeighborOf,reactome:ProteinReference8729
reactome:ProteinReference2937,abstraction:NeighborOf,reactome:ProteinReference2960
reactome:ProteinReference3730,abstraction:NeighborOf,reactome:ProteinReference4849
reactome:ProteinReference5073,abstraction:NeighborOf,reactome:ProteinReference6147
reactome:ProteinReference1942,abstraction:NeighborOf,reactome:ProteinReference1943
reactome:ProteinReference12096,abstraction:NeighborOf,reactome:ProteinReference12097
reactome:ProteinReference6325,abstraction:NeighborOf,reactome:ProteinReference6326
reactome:ProteinReference1091,abstraction:NeighborOf,reactome:ProteinReference5425
reactome:ProteinReference8723,abstraction:NeighborOf,reactome:ProteinReference8729
reactome:ProteinReference8706,abstraction:NeighborOf,reactome:ProteinReference8718
reactome:ProteinReference8674,abstraction:NeighborOf,reactome:ProteinReference8701
reactome:ProteinReference1032,abstraction:NeighborOf,reactome:ProteinReference8564
reactome:ProteinReference5420,abstraction:NeighborOf,reactome:ProteinReference5963
reactome:ProteinReference2908,abstraction:NeighborOf,reactome:ProteinReference2913
reactome:ProteinReference4443,abstraction:NeighborOf,reactome:ProteinReference6101
reactome:ProteinReference5606,abstraction:NeighborOf,reactome:ProteinReference9127
reactome:ProteinReference8645,abstraction:NeighborOf,reactome:ProteinReference8731
reactome:ProteinReference10828,abstraction:NeighborOf,reactome:ProteinReference5155
reactome:ProteinReference2911,abstraction:NeighborOf,reactome:ProteinReference2962
reactome:ProteinReference8746,abstraction:NeighborOf,reactome:ProteinReference8751
reactome:ProteinReference2927,abstraction:NeighborOf,reactome:ProteinReference2930
reactome:ProteinReference8709,abstraction:NeighborOf,reactome:ProteinReference8730
reactome:ProteinReference8659,abstraction:NeighborOf,reactome:ProteinReference8669
reactome:ProteinReference4114,abstraction:NeighborOf,reactome:ProteinReference5709
reactome:ProteinReference6100,abstraction:NeighborOf,reactome:ProteinReference7459
reactome:ProteinReference8754,abstraction:NeighborOf,reactome:ProteinReference8762
reactome:ProteinReference1107,abstraction:NeighborOf,reactome:ProteinReference1122
reactome:ProteinReference8761,abstraction:NeighborOf,reactome:ProteinReference8764
reactome:ProteinReference5295,abstraction:NeighborOf,reactome:ProteinReference5305
reactome:ProteinReference6759,abstraction:NeighborOf,reactome:ProteinReference8735
reactome:ProteinReference9894,abstraction:NeighborOf,reactome:ProteinReference9903
reactome:ProteinReference2957,abstraction:NeighborOf,reactome:ProteinReference2984
reactome:ProteinReference8692,abstraction:NeighborOf,reactome:ProteinReference8738
reactome:ProteinReference8750,abstraction:NeighborOf,reactome:ProteinReference8756
reactome:ProteinReference10776,abstraction:NeighborOf,reactome:ProteinReference10777
reactome:ProteinReference8733,abstraction:NeighborOf,reactome:ProteinReference8736
reactome:ProteinReference2981,abstraction:NeighborOf,reactome:ProteinReference2985
reactome:ProteinReference2932,abstraction:NeighborOf,reactome:ProteinReference2972
reactome:ProteinReference8643,abstraction:NeighborOf,reactome:ProteinReference8732
reactome:ProteinReference1111,abstraction:NeighborOf,reactome:ProteinReference1113
reactome:ProteinReference4777,abstraction:NeighborOf,reactome:ProteinReference9707
reactome:ProteinReference10850,abstraction:NeighborOf,reactome:ProteinReference6693
reactome:ProteinReference2956,abstraction:NeighborOf,reactome:ProteinReference2991
reactome:ProteinReference1063,abstraction:NeighborOf,reactome:ProteinReference1122
reactome:ProteinReference5155,abstraction:NeighborOf,reactome:ProteinReference7573
reactome:ProteinReference8674,abstraction:NeighborOf,reactome:ProteinReference8723
reactome:ProteinReference2446,abstraction:NeighborOf,reactome:ProteinReference2473
reactome:ProteinReference8723,abstraction:NeighborOf,reactome:ProteinReference8738
reactome:ProteinReference5190,abstraction:NeighborOf,reactome:ProteinReference5274
reactome:ProteinReference8759,abstraction:NeighborOf,reactome:ProteinReference8765
reactome:ProteinReference2852,abstraction:NeighborOf,reactome:ProteinReference2979
reactome:ProteinReference10832,abstraction:NeighborOf,reactome:ProteinReference10833
reactome:ProteinReference8747,abstraction:NeighborOf,reactome:ProteinReference8760
reactome:ProteinReference10797,abstraction:NeighborOf,reactome:ProteinReference10798
reactome:ProteinReference3218,abstraction:NeighborOf,reactome:ProteinReference3221
reactome:ProteinReference5053,abstraction:NeighborOf,reactome:ProteinReference7000
reactome:ProteinReference8667,abstraction:NeighborOf,reactome:ProteinReference8671
reactome:ProteinReference3184,abstraction:NeighborOf,reactome:ProteinReference3202
reactome:ProteinReference4539,abstraction:NeighborOf,reactome:ProteinReference4882
reactome:ProteinReference10405,abstraction:NeighborOf,reactome:ProteinReference10580
reactome:ProteinReference2926,abstraction:NeighborOf,reactome:ProteinReference2929
reactome:ProteinReference2788,abstraction:NeighborOf,reactome:ProteinReference9958
reactome:ProteinReference86,abstraction:NeighborOf,reactome:ProteinReference87
reactome:ProteinReference2992,abstraction:NeighborOf,reactome:ProteinReference2994
reactome:ProteinReference8659,abstraction:NeighborOf,reactome:ProteinReference8670
reactome:ProteinReference2858,abstraction:NeighborOf,reactome:ProteinReference2898
reactome:ProteinReference1736,abstraction:NeighborOf,reactome:ProteinReference4411
reactome:ProteinReference8637,abstraction:NeighborOf,reactome:ProteinReference9703
reactome:ProteinReference2777,abstraction:NeighborOf,reactome:ProteinReference5295
reactome:ProteinReference1094,abstraction:NeighborOf,reactome:ProteinReference1121
reactome:ProteinReference8751,abstraction:NeighborOf,reactome:ProteinReference8752
reactome:ProteinReference4512,abstraction:NeighborOf,reactome:ProteinReference8303
reactome:ProteinReference2852,abstraction:NeighborOf,reactome:ProteinReference2962
reactome:ProteinReference8744,abstraction:NeighborOf,reactome:ProteinReference8762
reactome:ProteinReference8687,abstraction:NeighborOf,reactome:ProteinReference8751
reactome:ProteinReference1098,abstraction:NeighborOf,reactome:ProteinReference1099
reactome:ProteinReference2911,abstraction:NeighborOf,reactome:ProteinReference2936
reactome:ProteinReference3891,abstraction:NeighborOf,reactome:ProteinReference6293
reactome:ProteinReference8569,abstraction:NeighborOf,reactome:ProteinReference8573
reactome:ProteinReference1088,abstraction:NeighborOf,reactome:ProteinReference5156
reactome:ProteinReference8696,abstraction:NeighborOf,reactome:ProteinReference8730
reactome:ProteinReference10954,abstraction:NeighborOf,reactome:ProteinReference10955
reactome:ProteinReference1108,abstraction:NeighborOf,reactome:ProteinReference1122
reactome:ProteinReference2876,abstraction:NeighborOf,reactome:ProteinReference3004
reactome:ProteinReference5491,abstraction:NeighborOf,reactome:ProteinReference5496
reactome:ProteinReference10783,abstraction:NeighborOf,reactome:ProteinReference10785
reactome:ProteinReference2465,abstraction:NeighborOf,reactome:ProteinReference3201
reactome:ProteinReference8906,abstraction:NeighborOf,reactome:ProteinReference9751
reactome:ProteinReference8698,abstraction:NeighborOf,reactome:ProteinReference8705
reactome:ProteinReference8670,abstraction:NeighborOf,reactome:ProteinReference8730
reactome:ProteinReference8657,abstraction:NeighborOf,reactome:ProteinReference8658
reactome:ProteinReference10359,abstraction:NeighborOf,reactome:ProteinReference421
reactome:ProteinReference8678,abstraction:NeighborOf,reactome:ProteinReference8689
reactome:ProteinReference1052,abstraction:NeighborOf,reactome:ProteinReference1736
reactome:ProteinReference4209,abstraction:NeighborOf,reactome:ProteinReference6244
reactome:ProteinReference5162,abstraction:NeighborOf,reactome:ProteinReference5163
reactome:ProteinReference9073,abstraction:NeighborOf,reactome:ProteinReference9077
reactome:ProteinReference7444,abstraction:NeighborOf,reactome:ProteinReference8813
reactome:ProteinReference8651,abstraction:NeighborOf,reactome:ProteinReference8720
reactome:ProteinReference6106,abstraction:NeighborOf,reactome:ProteinReference6107
reactome:ProteinReference8696,abstraction:NeighborOf,reactome:ProteinReference8712
reactome:ProteinReference11380,abstraction:NeighborOf,reactome:ProteinReference6509
reactome:ProteinReference8642,abstraction:NeighborOf,reactome:ProteinReference8677
reactome:ProteinReference4383,abstraction:NeighborOf,reactome:ProteinReference4416
reactome:ProteinReference4653,abstraction:NeighborOf,reactome:ProteinReference7568
reactome:ProteinReference8648,abstraction:NeighborOf,reactome:ProteinReference8658
reactome:ProteinReference3211,abstraction:NeighborOf,reactome:ProteinReference3217
reactome:ProteinReference8687,abstraction:NeighborOf,reactome:ProteinReference8765
reactome:ProteinReference8643,abstraction:NeighborOf,reactome:ProteinReference8661
reactome:ProteinReference2898,abstraction:NeighborOf,reactome:ProteinReference2901
reactome:ProteinReference4579,abstraction:NeighborOf,reactome:ProteinReference4580
reactome:ProteinReference4665,abstraction:NeighborOf,reactome:ProteinReference8575
reactome:ProteinReference8670,abstraction:NeighborOf,reactome:ProteinReference8712
reactome:ProteinReference8691,abstraction:NeighborOf,reactome:ProteinReference8692
reactome:ProteinReference8661,abstraction:NeighborOf,reactome:ProteinReference8730
reactome:ProteinReference8637,abstraction:NeighborOf,reactome:ProteinReference9708
reactome:ProteinReference8757,abstraction:NeighborOf,reactome:ProteinReference8761
reactome:ProteinReference6759,abstraction:NeighborOf,reactome:ProteinReference8699
reactome:ProteinReference8754,abstraction:NeighborOf,reactome:ProteinReference8765
reactome:ProteinReference6162,abstraction:NeighborOf,reactome:ProteinReference8714
reactome:ProteinReference8344,abstraction:NeighborOf,reactome:ProteinReference8345
reactome:ProteinReference6104,abstraction:NeighborOf,reactome:ProteinReference6107
reactome:ProteinReference8722,abstraction:NeighborOf,reactome:ProteinReference8733
reactome:ProteinReference6273,abstraction:NeighborOf,reactome:ProteinReference665
reactome:ProteinReference2933,abstraction:NeighborOf,reactome:ProteinReference2960
reactome:ProteinReference8750,abstraction:NeighborOf,reactome:ProteinReference8762
reactome:ProteinReference5334,abstraction:NeighborOf,reactome:ProteinReference5335
reactome:ProteinReference2979,abstraction:NeighborOf,reactome:ProteinReference2988
reactome:ProteinReference5040,abstraction:NeighborOf,reactome:ProteinReference6172
reactome:ProteinReference5156,abstraction:NeighborOf,reactome:ProteinReference7826
reactome:ProteinReference4418,abstraction:NeighborOf,reactome:ProteinReference8689
reactome:ProteinReference7845,abstraction:NeighborOf,reactome:ProteinReference8227
reactome:ProteinReference4453,abstraction:NeighborOf,reactome:ProteinReference5002
reactome:ProteinReference1512,abstraction:NeighborOf,reactome:ProteinReference1534
reactome:ProteinReference9790,abstraction:NeighborOf,reactome:ProteinReference9791
reactome:ProteinReference6157,abstraction:NeighborOf,reactome:ProteinReference6182
reactome:ProteinReference8689,abstraction:NeighborOf,reactome:ProteinReference8727
reactome:ProteinReference2996,abstraction:NeighborOf,reactome:ProteinReference3001
reactome:ProteinReference5274,abstraction:NeighborOf,reactome:ProteinReference5390
reactome:ProteinReference8680,abstraction:NeighborOf,reactome:ProteinReference8751
reactome:ProteinReference2979,abstraction:NeighborOf,reactome:ProteinReference2994
reactome:ProteinReference8651,abstraction:NeighborOf,reactome:ProteinReference8672
reactome:ProteinReference8728,abstraction:NeighborOf,reactome:ProteinReference8732
reactome:ProteinReference8726,abstraction:NeighborOf,reactome:ProteinReference8731
reactome:ProteinReference73,abstraction:NeighborOf,reactome:ProteinReference74
reactome:ProteinReference66,abstraction:NeighborOf,reactome:ProteinReference72
reactome:ProteinReference8647,abstraction:NeighborOf,reactome:ProteinReference8667
reactome:ProteinReference8652,abstraction:NeighborOf,reactome:ProteinReference8678
reactome:ProteinReference10782,abstraction:NeighborOf,reactome:ProteinReference7660
reactome:ProteinReference8642,abstraction:NeighborOf,reactome:ProteinReference8756
reactome:ProteinReference8649,abstraction:NeighborOf,reactome:ProteinReference8700
reactome:ProteinReference10539,abstraction:NeighborOf,reactome:ProteinReference10548
reactome:ProteinReference4497,abstraction:NeighborOf,reactome:ProteinReference9756
reactome:ProteinReference1063,abstraction:NeighborOf,reactome:ProteinReference1100
reactome:ProteinReference4769,abstraction:NeighborOf,reactome:ProteinReference88
reactome:ProteinReference8666,abstraction:NeighborOf,reactome:ProteinReference8714
reactome:ProteinReference3215,abstraction:NeighborOf,reactome:ProteinReference3217
reactome:ProteinReference6759,abstraction:NeighborOf,reactome:ProteinReference8701
reactome:ProteinReference8744,abstraction:NeighborOf,reactome:ProteinReference8760
reactome:ProteinReference1102,abstraction:NeighborOf,reactome:ProteinReference1106
reactome:ProteinReference7817,abstraction:NeighborOf,reactome:ProteinReference9809
reactome:ProteinReference1095,abstraction:NeighborOf,reactome:ProteinReference1115
reactome:ProteinReference2471,abstraction:NeighborOf,reactome:ProteinReference3201
reactome:ProteinReference3450,abstraction:NeighborOf,reactome:ProteinReference6439
reactome:ProteinReference659,abstraction:NeighborOf,reactome:ProteinReference8776
reactome:ProteinReference2938,abstraction:NeighborOf,reactome:ProteinReference2962
reactome:ProteinReference8718,abstraction:NeighborOf,reactome:ProteinReference8724
reactome:ProteinReference8335,abstraction:NeighborOf,reactome:ProteinReference8339
reactome:ProteinReference10611,abstraction:NeighborOf,reactome:ProteinReference8318
reactome:ProteinReference6162,abstraction:NeighborOf,reactome:ProteinReference8719
reactome:ProteinReference78,abstraction:NeighborOf,reactome:ProteinReference80
reactome:ProteinReference1058,abstraction:NeighborOf,reactome:ProteinReference1089
reactome:ProteinReference8659,abstraction:NeighborOf,reactome:ProteinReference8727
reactome:ProteinReference10474,abstraction:NeighborOf,reactome:ProteinReference10476
reactome:ProteinReference2851,abstraction:NeighborOf,reactome:ProteinReference2996
reactome:ProteinReference8724,abstraction:NeighborOf,reactome:ProteinReference8728
reactome:ProteinReference10778,abstraction:NeighborOf,reactome:ProteinReference7663
reactome:ProteinReference5155,abstraction:NeighborOf,reactome:ProteinReference7601
reactome:ProteinReference8696,abstraction:NeighborOf,reactome:ProteinReference8711
reactome:ProteinReference7324,abstraction:NeighborOf,reactome:ProteinReference7326
reactome:ProteinReference4585,abstraction:NeighborOf,reactome:ProteinReference8962
reactome:ProteinReference2806,abstraction:NeighborOf,reactome:ProteinReference8600
reactome:ProteinReference8703,abstraction:NeighborOf,reactome:ProteinReference8704
reactome:ProteinReference8670,abstraction:NeighborOf,reactome:ProteinReference8711
reactome:ProteinReference11406,abstraction:NeighborOf,reactome:ProteinReference11407
reactome:ProteinReference9703,abstraction:NeighborOf,reactome:ProteinReference9714
reactome:ProteinReference1094,abstraction:NeighborOf,reactome:ProteinReference1113
reactome:ProteinReference4440,abstraction:NeighborOf,reactome:ProteinReference7249
reactome:ProteinReference8697,abstraction:NeighborOf,reactome:ProteinReference8704
reactome:ProteinReference8733,abstraction:NeighborOf,reactome:ProteinReference8738
reactome:ProteinReference5443,abstraction:NeighborOf,reactome:ProteinReference5570
reactome:ProteinReference6759,abstraction:NeighborOf,reactome:ProteinReference8723
reactome:ProteinReference8990,abstraction:NeighborOf,reactome:ProteinReference8998
reactome:ProteinReference6231,abstraction:NeighborOf,reactome:ProteinReference6233
reactome:ProteinReference2446,abstraction:NeighborOf,reactome:ProteinReference2468
reactome:ProteinReference1933,abstraction:NeighborOf,reactome:ProteinReference1937
reactome:ProteinReference8716,abstraction:NeighborOf,reactome:ProteinReference8728
reactome:ProteinReference8690,abstraction:NeighborOf,reactome:ProteinReference8755
reactome:ProteinReference2018,abstraction:NeighborOf,reactome:ProteinReference2019
reactome:ProteinReference4372,abstraction:NeighborOf,reactome:ProteinReference8907
reactome:ProteinReference1885,abstraction:NeighborOf,reactome:ProteinReference6278
reactome:ProteinReference1087,abstraction:NeighborOf,reactome:ProteinReference2042
reactome:ProteinReference2828,abstraction:NeighborOf,reactome:ProteinReference2981
reactome:ProteinReference2935,abstraction:NeighborOf,reactome:ProteinReference2937
reactome:ProteinReference1908,abstraction:NeighborOf,reactome:ProteinReference1909
reactome:ProteinReference8660,abstraction:NeighborOf,reactome:ProteinReference8678
reactome:ProteinReference2832,abstraction:NeighborOf,reactome:ProteinReference2981
reactome:ProteinReference2901,abstraction:NeighborOf,reactome:ProteinReference2928
reactome:ProteinReference8698,abstraction:NeighborOf,reactome:ProteinReference8730
reactome:ProteinReference8652,abstraction:NeighborOf,reactome:ProteinReference8718
reactome:ProteinReference4701,abstraction:NeighborOf,reactome:ProteinReference4702
reactome:ProteinReference2931,abstraction:NeighborOf,reactome:ProteinReference2936
reactome:ProteinReference10879,abstraction:NeighborOf,reactome:ProteinReference10891
reactome:ProteinReference10573,abstraction:NeighborOf,reactome:ProteinReference9064
reactome:ProteinReference8757,abstraction:NeighborOf,reactome:ProteinReference8767
reactome:ProteinReference8659,abstraction:NeighborOf,reactome:ProteinReference8732
reactome:ProteinReference2825,abstraction:NeighborOf,reactome:ProteinReference2830
reactome:ProteinReference8664,abstraction:NeighborOf,reactome:ProteinReference8670
reactome:ProteinReference8692,abstraction:NeighborOf,reactome:ProteinReference8717
reactome:ProteinReference8698,abstraction:NeighborOf,reactome:ProteinReference8712
reactome:ProteinReference1111,abstraction:NeighborOf,reactome:ProteinReference1115
reactome:ProteinReference8671,abstraction:NeighborOf,reactome:ProteinReference8721
reactome:ProteinReference8646,abstraction:NeighborOf,reactome:ProteinReference8648
reactome:ProteinReference3031,abstraction:NeighborOf,reactome:ProteinReference3032
reactome:ProteinReference10879,abstraction:NeighborOf,reactome:ProteinReference9126
reactome:ProteinReference1815,abstraction:NeighborOf,reactome:ProteinReference7849
reactome:ProteinReference8706,abstraction:NeighborOf,reactome:ProteinReference8731
reactome:ProteinReference6316,abstraction:NeighborOf,reactome:ProteinReference6317
reactome:ProteinReference8642,abstraction:NeighborOf,reactome:ProteinReference8762
reactome:ProteinReference7073,abstraction:NeighborOf,reactome:ProteinReference7074
reactome:ProteinReference2956,abstraction:NeighborOf,reactome:ProteinReference2957
reactome:ProteinReference10611,abstraction:NeighborOf,reactome:ProteinReference4446
reactome:ProteinReference5599,abstraction:NeighborOf,reactome:ProteinReference8775
reactome:ProteinReference10821,abstraction:NeighborOf,reactome:ProteinReference5277
reactome:ProteinReference8712,abstraction:NeighborOf,reactome:ProteinReference8714
reactome:ProteinReference1057,abstraction:NeighborOf,reactome:ProteinReference1150
reactome:ProteinReference10781,abstraction:NeighborOf,reactome:ProteinReference10785
reactome:ProteinReference5708,abstraction:NeighborOf,reactome:ProteinReference8574
reactome:ProteinReference8670,abstraction:NeighborOf,reactome:ProteinReference8707
reactome:ProteinReference2999,abstraction:NeighborOf,reactome:ProteinReference3000
reactome:ProteinReference8564,abstraction:NeighborOf,reactome:ProteinReference8637
reactome:ProteinReference1100,abstraction:NeighborOf,reactome:ProteinReference1114
reactome:ProteinReference8649,abstraction:NeighborOf,reactome:ProteinReference8671
reactome:ProteinReference6681,abstraction:NeighborOf,reactome:ProteinReference6716
reactome:ProteinReference1061,abstraction:NeighborOf,reactome:ProteinReference7716
reactome:ProteinReference5388,abstraction:NeighborOf,reactome:ProteinReference9279
reactome:ProteinReference4392,abstraction:NeighborOf,reactome:ProteinReference5395
reactome:ProteinReference2872,abstraction:NeighborOf,reactome:ProteinReference2937
reactome:ProteinReference8643,abstraction:NeighborOf,reactome:ProteinReference8692
reactome:ProteinReference8699,abstraction:NeighborOf,reactome:ProteinReference8733
reactome:ProteinReference8661,abstraction:NeighborOf,reactome:ProteinReference8707
reactome:ProteinReference2934,abstraction:NeighborOf,reactome:ProteinReference2958
reactome:ProteinReference2936,abstraction:NeighborOf,reactome:ProteinReference2957
reactome:ProteinReference5635,abstraction:NeighborOf,reactome:ProteinReference9870
reactome:ProteinReference2872,abstraction:NeighborOf,reactome:ProteinReference2911
reactome:ProteinReference1064,abstraction:NeighborOf,reactome:ProteinReference1088
reactome:ProteinReference6162,abstraction:NeighborOf,reactome:ProteinReference8679
reactome:ProteinReference1107,abstraction:NeighborOf,reactome:ProteinReference1108
reactome:ProteinReference2860,abstraction:NeighborOf,reactome:ProteinReference2938
reactome:ProteinReference1092,abstraction:NeighborOf,reactome:ProteinReference1107
reactome:ProteinReference8749,abstraction:NeighborOf,reactome:ProteinReference8759
reactome:ProteinReference5456,abstraction:NeighborOf,reactome:ProteinReference6162
reactome:ProteinReference2668,abstraction:NeighborOf,reactome:ProteinReference8959
reactome:ProteinReference8671,abstraction:NeighborOf,reactome:ProteinReference8717
reactome:ProteinReference10663,abstraction:NeighborOf,reactome:ProteinReference4385
reactome:ProteinReference4457,abstraction:NeighborOf,reactome:ProteinReference4491
reactome:ProteinReference8686,abstraction:NeighborOf,reactome:ProteinReference8764
reactome:ProteinReference6244,abstraction:NeighborOf,reactome:ProteinReference6251
reactome:ProteinReference8627,abstraction:NeighborOf,reactome:ProteinReference8631
reactome:ProteinReference3543,abstraction:NeighborOf,reactome:ProteinReference907
reactome:ProteinReference8729,abstraction:NeighborOf,reactome:ProteinReference8732
reactome:ProteinReference8893,abstraction:NeighborOf,reactome:ProteinReference9376
reactome:ProteinReference6854,abstraction:NeighborOf,reactome:ProteinReference6863
reactome:ProteinReference8657,abstraction:NeighborOf,reactome:ProteinReference8679
reactome:ProteinReference7574,abstraction:NeighborOf,reactome:ProteinReference7712
reactome:ProteinReference8713,abstraction:NeighborOf,reactome:ProteinReference8726
reactome:ProteinReference5136,abstraction:NeighborOf,reactome:ProteinReference6774
reactome:ProteinReference3138,abstraction:NeighborOf,reactome:ProteinReference3150
reactome:ProteinReference8674,abstraction:NeighborOf,reactome:ProteinReference8727
reactome:ProteinReference8745,abstraction:NeighborOf,reactome:ProteinReference8756
reactome:ProteinReference4512,abstraction:NeighborOf,reactome:ProteinReference9022
reactome:ProteinReference8648,abstraction:NeighborOf,reactome:ProteinReference8679
reactome:ProteinReference8650,abstraction:NeighborOf,reactome:ProteinReference8664
reactome:ProteinReference2927,abstraction:NeighborOf,reactome:ProteinReference2929
reactome:ProteinReference6244,abstraction:NeighborOf,reactome:ProteinReference6256
reactome:ProteinReference11433,abstraction:NeighborOf,reactome:ProteinReference1802
reactome:ProteinReference1063,abstraction:NeighborOf,reactome:ProteinReference1094
reactome:ProteinReference4626,abstraction:NeighborOf,reactome:ProteinReference5396
reactome:ProteinReference5599,abstraction:NeighborOf,reactome:ProteinReference6281
reactome:ProteinReference4418,abstraction:NeighborOf,reactome:ProteinReference8691
reactome:ProteinReference1057,abstraction:NeighborOf,reactome:ProteinReference6028
reactome:ProteinReference10828,abstraction:NeighborOf,reactome:ProteinReference5274
reactome:ProteinReference8637,abstraction:NeighborOf,reactome:ProteinReference9713
reactome:ProteinReference4114,abstraction:NeighborOf,reactome:ProteinReference9234
reactome:ProteinReference2989,abstraction:NeighborOf,reactome:ProteinReference2995
reactome:ProteinReference8702,abstraction:NeighborOf,reactome:ProteinReference8720
reactome:ProteinReference8698,abstraction:NeighborOf,reactome:ProteinReference8711
reactome:ProteinReference10663,abstraction:NeighborOf,reactome:ProteinReference5291
reactome:ProteinReference1737,abstraction:NeighborOf,reactome:ProteinReference4703
reactome:ProteinReference8755,abstraction:NeighborOf,reactome:ProteinReference8761
reactome:ProteinReference2993,abstraction:NeighborOf,reactome:ProteinReference3000
reactome:ProteinReference9247,abstraction:NeighborOf,reactome:ProteinReference9746
reactome:ProteinReference8678,abstraction:NeighborOf,reactome:ProteinReference8700
reactome:ProteinReference2926,abstraction:NeighborOf,reactome:ProteinReference3233
reactome:ProteinReference8666,abstraction:NeighborOf,reactome:ProteinReference8679
reactome:ProteinReference8720,abstraction:NeighborOf,reactome:ProteinReference8731
reactome:ProteinReference7330,abstraction:NeighborOf,reactome:ProteinReference9035
reactome:ProteinReference1003,abstraction:NeighborOf,reactome:ProteinReference4274
reactome:ProteinReference3067,abstraction:NeighborOf,reactome:ProteinReference9716
reactome:ProteinReference3452,abstraction:NeighborOf,reactome:ProteinReference3570
reactome:ProteinReference8704,abstraction:NeighborOf,reactome:ProteinReference8731
reactome:ProteinReference8652,abstraction:NeighborOf,reactome:ProteinReference8661
reactome:ProteinReference8645,abstraction:NeighborOf,reactome:ProteinReference8689
reactome:ProteinReference10838,abstraction:NeighborOf,reactome:ProteinReference10851
reactome:ProteinReference1091,abstraction:NeighborOf,reactome:ProteinReference1123
reactome:ProteinReference8642,abstraction:NeighborOf,reactome:ProteinReference8760
reactome:ProteinReference10911,abstraction:NeighborOf,reactome:ProteinReference6851
reactome:ProteinReference9826,abstraction:NeighborOf,reactome:ProteinReference9848
reactome:ProteinReference2972,abstraction:NeighborOf,reactome:ProteinReference2974
reactome:ProteinReference2897,abstraction:NeighborOf,reactome:ProteinReference2902
reactome:ProteinReference8719,abstraction:NeighborOf,reactome:ProteinReference8733
reactome:ProteinReference2979,abstraction:NeighborOf,reactome:ProteinReference2989
reactome:ProteinReference8674,abstraction:NeighborOf,reactome:ProteinReference8732
reactome:ProteinReference2992,abstraction:NeighborOf,reactome:ProteinReference3000
reactome:ProteinReference1736,abstraction:NeighborOf,reactome:ProteinReference5332
reactome:ProteinReference1800,abstraction:NeighborOf,reactome:ProteinReference5634
reactome:ProteinReference1107,abstraction:NeighborOf,reactome:ProteinReference1111
reactome:ProteinReference2994,abstraction:NeighborOf,reactome:ProteinReference3000
reactome:ProteinReference2853,abstraction:NeighborOf,reactome:ProteinReference2902
reactome:ProteinReference8699,abstraction:NeighborOf,reactome:ProteinReference8706
reactome:ProteinReference2908,abstraction:NeighborOf,reactome:ProteinReference2932
reactome:ProteinReference12049,abstraction:NeighborOf,reactome:ProteinReference7266
reactome:ProteinReference8705,abstraction:NeighborOf,reactome:ProteinReference8716
reactome:ProteinReference10779,abstraction:NeighborOf,reactome:ProteinReference7662
reactome:ProteinReference2998,abstraction:NeighborOf,reactome:ProteinReference3001
reactome:ProteinReference8703,abstraction:NeighborOf,reactome:ProteinReference8705
reactome:ProteinReference8672,abstraction:NeighborOf,reactome:ProteinReference8678
reactome:ProteinReference1095,abstraction:NeighborOf,reactome:ProteinReference1122
reactome:ProteinReference2824,abstraction:NeighborOf,reactome:ProteinReference3014
reactome:ProteinReference4437,abstraction:NeighborOf,reactome:ProteinReference4701
reactome:ProteinReference4443,abstraction:NeighborOf,reactome:ProteinReference5291
reactome:ProteinReference3922,abstraction:NeighborOf,reactome:ProteinReference659
reactome:ProteinReference8697,abstraction:NeighborOf,reactome:ProteinReference8705
reactome:ProteinReference8699,abstraction:NeighborOf,reactome:ProteinReference8713
reactome:ProteinReference8652,abstraction:NeighborOf,reactome:ProteinReference8696
reactome:ProteinReference10677,abstraction:NeighborOf,reactome:ProteinReference10679
reactome:ProteinReference11274,abstraction:NeighborOf,reactome:ProteinReference6136
reactome:ProteinReference5589,abstraction:NeighborOf,reactome:ProteinReference8619
reactome:ProteinReference8698,abstraction:NeighborOf,reactome:ProteinReference8707
reactome:ProteinReference685,abstraction:NeighborOf,reactome:ProteinReference686
reactome:ProteinReference4586,abstraction:NeighborOf,reactome:ProteinReference8202
reactome:ProteinReference4651,abstraction:NeighborOf,reactome:ProteinReference8025
reactome:ProteinReference1736,abstraction:NeighborOf,reactome:ProteinReference8771
reactome:ProteinReference8668,abstraction:NeighborOf,reactome:ProteinReference8674
reactome:ProteinReference10679,abstraction:NeighborOf,reactome:ProteinReference10681
reactome:ProteinReference11388,abstraction:NeighborOf,reactome:ProteinReference3237
reactome:ProteinReference2864,abstraction:NeighborOf,reactome:ProteinReference2866
reactome:ProteinReference8709,abstraction:NeighborOf,reactome:ProteinReference8735
reactome:ProteinReference1056,abstraction:NeighborOf,reactome:ProteinReference6028
reactome:ProteinReference1933,abstraction:NeighborOf,reactome:ProteinReference1936
reactome:ProteinReference8710,abstraction:NeighborOf,reactome:ProteinReference8732
reactome:ProteinReference1089,abstraction:NeighborOf,reactome:ProteinReference1090
reactome:ProteinReference2897,abstraction:NeighborOf,reactome:ProteinReference2900
reactome:ProteinReference4777,abstraction:NeighborOf,reactome:ProteinReference9715
reactome:ProteinReference8763,abstraction:NeighborOf,reactome:ProteinReference8767
reactome:ProteinReference8745,abstraction:NeighborOf,reactome:ProteinReference8762
reactome:ProteinReference11428,abstraction:NeighborOf,reactome:ProteinReference11435
reactome:ProteinReference8671,abstraction:NeighborOf,reactome:ProteinReference8697
reactome:ProteinReference1092,abstraction:NeighborOf,reactome:ProteinReference1119
reactome:ProteinReference8660,abstraction:NeighborOf,reactome:ProteinReference8661
reactome:ProteinReference2445,abstraction:NeighborOf,reactome:ProteinReference3181
reactome:ProteinReference8660,abstraction:NeighborOf,reactome:ProteinReference8667
reactome:ProteinReference10474,abstraction:NeighborOf,reactome:ProteinReference10475
reactome:ProteinReference6147,abstraction:NeighborOf,reactome:ProteinReference6243
reactome:ProteinReference8717,abstraction:NeighborOf,reactome:ProteinReference8719
reactome:ProteinReference11380,abstraction:NeighborOf,reactome:ProteinReference6396
reactome:ProteinReference9955,abstraction:NeighborOf,reactome:ProteinReference9958
reactome:ProteinReference1160,abstraction:NeighborOf,reactome:ProteinReference8371
reactome:ProteinReference8677,abstraction:NeighborOf,reactome:ProteinReference8767
reactome:ProteinReference6173,abstraction:NeighborOf,reactome:ProteinReference7503
reactome:ProteinReference2960,abstraction:NeighborOf,reactome:ProteinReference3000
reactome:ProteinReference2851,abstraction:NeighborOf,reactome:ProteinReference2995
reactome:ProteinReference3211,abstraction:NeighborOf,reactome:ProteinReference3218
reactome:ProteinReference8689,abstraction:NeighborOf,reactome:ProteinReference8720
reactome:ProteinReference6270,abstraction:NeighborOf,reactome:ProteinReference664
reactome:ProteinReference2691,abstraction:NeighborOf,reactome:ProteinReference6244
reactome:ProteinReference3199,abstraction:NeighborOf,reactome:ProteinReference3200
reactome:ProteinReference8755,abstraction:NeighborOf,reactome:ProteinReference8767
reactome:ProteinReference8668,abstraction:NeighborOf,reactome:ProteinReference8753
reactome:ProteinReference1111,abstraction:NeighborOf,reactome:ProteinReference1122
reactome:ProteinReference8702,abstraction:NeighborOf,reactome:ProteinReference8736
reactome:ProteinReference6272,abstraction:NeighborOf,reactome:ProteinReference665
reactome:ProteinReference6431,abstraction:NeighborOf,reactome:ProteinReference712
reactome:ProteinReference5211,abstraction:NeighborOf,reactome:ProteinReference5213
reactome:ProteinReference2822,abstraction:NeighborOf,reactome:ProteinReference2831
reactome:ProteinReference5037,abstraction:NeighborOf,reactome:ProteinReference7568
reactome:ProteinReference8183,abstraction:NeighborOf,reactome:ProteinReference8184
reactome:ProteinReference8642,abstraction:NeighborOf,reactome:ProteinReference8744
reactome:ProteinReference2929,abstraction:NeighborOf,reactome:ProteinReference2960
reactome:ProteinReference8693,abstraction:NeighborOf,reactome:ProteinReference8695
reactome:ProteinReference8653,abstraction:NeighborOf,reactome:ProteinReference8763
reactome:ProteinReference8643,abstraction:NeighborOf,reactome:ProteinReference8658
reactome:ProteinReference1934,abstraction:NeighborOf,reactome:ProteinReference1935
reactome:ProteinReference10758,abstraction:NeighborOf,reactome:ProteinReference10760
reactome:ProteinReference8702,abstraction:NeighborOf,reactome:ProteinReference8710
reactome:ProteinReference10831,abstraction:NeighborOf,reactome:ProteinReference5274
reactome:ProteinReference1115,abstraction:NeighborOf,reactome:ProteinReference1118
reactome:ProteinReference8760,abstraction:NeighborOf,reactome:ProteinReference8764
reactome:ProteinReference659,abstraction:NeighborOf,reactome:ProteinReference8803
reactome:ProteinReference10573,abstraction:NeighborOf,reactome:ProteinReference4437
reactome:ProteinReference9760,abstraction:NeighborOf,reactome:ProteinReference9767
reactome:ProteinReference2908,abstraction:NeighborOf,reactome:ProteinReference2934
reactome:ProteinReference8645,abstraction:NeighborOf,reactome:ProteinReference8673
reactome:ProteinReference11036,abstraction:NeighborOf,reactome:ProteinReference5156
reactome:ProteinReference4489,abstraction:NeighborOf,reactome:ProteinReference8059
reactome:ProteinReference2935,abstraction:NeighborOf,reactome:ProteinReference2963
reactome:ProteinReference8708,abstraction:NeighborOf,reactome:ProteinReference8719
reactome:ProteinReference1737,abstraction:NeighborOf,reactome:ProteinReference4443
reactome:ProteinReference4139,abstraction:NeighborOf,reactome:ProteinReference4180
reactome:ProteinReference8705,abstraction:NeighborOf,reactome:ProteinReference8725
reactome:ProteinReference8718,abstraction:NeighborOf,reactome:ProteinReference8728
reactome:ProteinReference3215,abstraction:NeighborOf,reactome:ProteinReference3218
reactome:ProteinReference8747,abstraction:NeighborOf,reactome:ProteinReference8764
reactome:ProteinReference2991,abstraction:NeighborOf,reactome:ProteinReference2992
reactome:ProteinReference2973,abstraction:NeighborOf,reactome:ProteinReference2983
reactome:ProteinReference8687,abstraction:NeighborOf,reactome:ProteinReference8690
reactome:ProteinReference8645,abstraction:NeighborOf,reactome:ProteinReference8662
reactome:ProteinReference3196,abstraction:NeighborOf,reactome:ProteinReference3199
reactome:ProteinReference8745,abstraction:NeighborOf,reactome:ProteinReference8760
reactome:ProteinReference2447,abstraction:NeighborOf,reactome:ProteinReference2460
reactome:ProteinReference656,abstraction:NeighborOf,reactome:ProteinReference661
reactome:ProteinReference8703,abstraction:NeighborOf,reactome:ProteinReference8730
reactome:ProteinReference4188,abstraction:NeighborOf,reactome:ProteinReference6352
reactome:ProteinReference1878,abstraction:NeighborOf,reactome:ProteinReference1894
reactome:ProteinReference8706,abstraction:NeighborOf,reactome:ProteinReference8714
reactome:ProteinReference8677,abstraction:NeighborOf,reactome:ProteinReference8690
reactome:ProteinReference8687,abstraction:NeighborOf,reactome:ProteinReference8746
reactome:ProteinReference2875,abstraction:NeighborOf,reactome:ProteinReference2960
reactome:ProteinReference5327,abstraction:NeighborOf,reactome:ProteinReference6108
reactome:ProteinReference1740,abstraction:NeighborOf,reactome:ProteinReference6651
reactome:ProteinReference1091,abstraction:NeighborOf,reactome:ProteinReference1351
reactome:ProteinReference8746,abstraction:NeighborOf,reactome:ProteinReference8750
reactome:ProteinReference649,abstraction:NeighborOf,reactome:ProteinReference650
reactome:ProteinReference2098,abstraction:NeighborOf,reactome:ProteinReference6184
reactome:ProteinReference8697,abstraction:NeighborOf,reactome:ProteinReference8712
reactome:ProteinReference3507,abstraction:NeighborOf,reactome:ProteinReference3588
reactome:ProteinReference2448,abstraction:NeighborOf,reactome:ProteinReference2462
reactome:ProteinReference8752,abstraction:NeighborOf,reactome:ProteinReference8756
reactome:ProteinReference5059,abstraction:NeighborOf,reactome:ProteinReference5207
reactome:ProteinReference9061,abstraction:NeighborOf,reactome:ProteinReference9062
reactome:ProteinReference8713,abstraction:NeighborOf,reactome:ProteinReference8730
reactome:ProteinReference2872,abstraction:NeighborOf,reactome:ProteinReference2963
reactome:ProteinReference77,abstraction:NeighborOf,reactome:ProteinReference78
reactome:ProteinReference6511,abstraction:NeighborOf,reactome:ProteinReference6512
reactome:ProteinReference8751,abstraction:NeighborOf,reactome:ProteinReference8753
reactome:ProteinReference7016,abstraction:NeighborOf,reactome:ProteinReference7017
reactome:ProteinReference2962,abstraction:NeighborOf,reactome:ProteinReference3001
reactome:ProteinReference2798,abstraction:NeighborOf,reactome:ProteinReference9958
reactome:ProteinReference8762,abstraction:NeighborOf,reactome:ProteinReference8764
reactome:ProteinReference10773,abstraction:NeighborOf,reactome:ProteinReference7673
reactome:ProteinReference3509,abstraction:NeighborOf,reactome:ProteinReference6692
reactome:ProteinReference7846,abstraction:NeighborOf,reactome:ProteinReference9932
reactome:ProteinReference9704,abstraction:NeighborOf,reactome:ProteinReference9714
reactome:ProteinReference8709,abstraction:NeighborOf,reactome:ProteinReference8724
reactome:ProteinReference1052,abstraction:NeighborOf,reactome:ProteinReference1124
reactome:ProteinReference6773,abstraction:NeighborOf,reactome:ProteinReference9721
reactome:ProteinReference11434,abstraction:NeighborOf,reactome:ProteinReference236
reactome:ProteinReference8283,abstraction:NeighborOf,reactome:ProteinReference8284
reactome:ProteinReference8680,abstraction:NeighborOf,reactome:ProteinReference8690
reactome:ProteinReference77,abstraction:NeighborOf,reactome:ProteinReference80
reactome:ProteinReference6092,abstraction:NeighborOf,reactome:ProteinReference7845
reactome:ProteinReference8675,abstraction:NeighborOf,reactome:ProteinReference8733
reactome:ProteinReference2472,abstraction:NeighborOf,reactome:ProteinReference2473
reactome:ProteinReference8711,abstraction:NeighborOf,reactome:ProteinReference8734
reactome:ProteinReference6244,abstraction:NeighborOf,reactome:ProteinReference6263
reactome:ProteinReference10685,abstraction:NeighborOf,reactome:ProteinReference10690
reactome:ProteinReference8643,abstraction:NeighborOf,reactome:ProteinReference8719
reactome:ProteinReference2907,abstraction:NeighborOf,reactome:ProteinReference2960
reactome:ProteinReference1106,abstraction:NeighborOf,reactome:ProteinReference1112
reactome:ProteinReference7444,abstraction:NeighborOf,reactome:ProteinReference7445
reactome:ProteinReference6256,abstraction:NeighborOf,reactome:ProteinReference8907
reactome:ProteinReference8650,abstraction:NeighborOf,reactome:ProteinReference8670
reactome:ProteinReference68,abstraction:NeighborOf,reactome:ProteinReference69
reactome:ProteinReference1088,abstraction:NeighborOf,reactome:ProteinReference4580
reactome:ProteinReference216,abstraction:NeighborOf,reactome:ProteinReference2960
reactome:ProteinReference1665,abstraction:NeighborOf,reactome:ProteinReference4137
reactome:ProteinReference8702,abstraction:NeighborOf,reactome:ProteinReference8729
reactome:ProteinReference8660,abstraction:NeighborOf,reactome:ProteinReference8692
reactome:ProteinReference8680,abstraction:NeighborOf,reactome:ProteinReference8746
reactome:ProteinReference8724,abstraction:NeighborOf,reactome:ProteinReference8736
reactome:ProteinReference1348,abstraction:NeighborOf,reactome:ProteinReference1349
reactome:ProteinReference8689,abstraction:NeighborOf,reactome:ProteinReference8710
reactome:ProteinReference10784,abstraction:NeighborOf,reactome:ProteinReference7661
reactome:ProteinReference2987,abstraction:NeighborOf,reactome:ProteinReference2999
reactome:ProteinReference8670,abstraction:NeighborOf,reactome:ProteinReference8702
reactome:ProteinReference2850,abstraction:NeighborOf,reactome:ProteinReference3000
reactome:ProteinReference2851,abstraction:NeighborOf,reactome:ProteinReference2991
reactome:ProteinReference2990,abstraction:NeighborOf,reactome:ProteinReference2994
reactome:ProteinReference10524,abstraction:NeighborOf,reactome:ProteinReference10527
reactome:ProteinReference2913,abstraction:NeighborOf,reactome:ProteinReference2938
reactome:ProteinReference2926,abstraction:NeighborOf,reactome:ProteinReference2999
reactome:ProteinReference2928,abstraction:NeighborOf,reactome:ProteinReference2961
reactome:ProteinReference10580,abstraction:NeighborOf,reactome:ProteinReference5139
reactome:ProteinReference8674,abstraction:NeighborOf,reactome:ProteinReference8720
reactome:ProteinReference8703,abstraction:NeighborOf,reactome:ProteinReference8711
reactome:ProteinReference2911,abstraction:NeighborOf,reactome:ProteinReference2933
reactome:ProteinReference5708,abstraction:NeighborOf,reactome:ProteinReference8570
reactome:ProteinReference1965,abstraction:NeighborOf,reactome:ProteinReference4842
reactome:ProteinReference6512,abstraction:NeighborOf,reactome:ProteinReference9587
reactome:ProteinReference8677,abstraction:NeighborOf,reactome:ProteinReference8750
reactome:ProteinReference8661,abstraction:NeighborOf,reactome:ProteinReference8702
reactome:ProteinReference10756,abstraction:NeighborOf,reactome:ProteinReference10760
reactome:ProteinReference6579,abstraction:NeighborOf,reactome:ProteinReference6580
reactome:ProteinReference6021,abstraction:NeighborOf,reactome:ProteinReference9247
reactome:ProteinReference8716,abstraction:NeighborOf,reactome:ProteinReference8736
reactome:ProteinReference8744,abstraction:NeighborOf,reactome:ProteinReference8764
reactome:ProteinReference10512,abstraction:NeighborOf,reactome:ProteinReference3032
reactome:ProteinReference8675,abstraction:NeighborOf,reactome:ProteinReference8698
reactome:ProteinReference8686,abstraction:NeighborOf,reactome:ProteinReference8758
reactome:ProteinReference9702,abstraction:NeighborOf,reactome:ProteinReference9709
reactome:ProteinReference8702,abstraction:NeighborOf,reactome:ProteinReference8738
reactome:ProteinReference1095,abstraction:NeighborOf,reactome:ProteinReference1114
reactome:ProteinReference10379,abstraction:NeighborOf,reactome:ProteinReference4611
reactome:ProteinReference4665,abstraction:NeighborOf,reactome:ProteinReference8576
reactome:ProteinReference8749,abstraction:NeighborOf,reactome:ProteinReference8763
reactome:ProteinReference3733,abstraction:NeighborOf,reactome:ProteinReference8371
reactome:ProteinReference7842,abstraction:NeighborOf,reactome:ProteinReference9381
reactome:ProteinReference8696,abstraction:NeighborOf,reactome:ProteinReference8724
reactome:ProteinReference2904,abstraction:NeighborOf,reactome:ProteinReference2913
reactome:ProteinReference10773,abstraction:NeighborOf,reactome:ProteinReference7675
reactome:ProteinReference8649,abstraction:NeighborOf,reactome:ProteinReference8722
reactome:ProteinReference8752,abstraction:NeighborOf,reactome:ProteinReference8762
reactome:ProteinReference8715,abstraction:NeighborOf,reactome:ProteinReference8734
reactome:ProteinReference1023,abstraction:NeighborOf,reactome:ProteinReference5570
reactome:ProteinReference8690,abstraction:NeighborOf,reactome:ProteinReference8749
reactome:ProteinReference5155,abstraction:NeighborOf,reactome:ProteinReference5274
reactome:ProteinReference2926,abstraction:NeighborOf,reactome:ProteinReference3181
reactome:ProteinReference8670,abstraction:NeighborOf,reactome:ProteinReference8724
reactome:ProteinReference8665,abstraction:NeighborOf,reactome:ProteinReference8679
reactome:ProteinReference2991,abstraction:NeighborOf,reactome:ProteinReference3001
reactome:ProteinReference8671,abstraction:NeighborOf,reactome:ProteinReference8737
reactome:ProteinReference8692,abstraction:NeighborOf,reactome:ProteinReference8716
reactome:ProteinReference2957,abstraction:NeighborOf,reactome:ProteinReference2985
reactome:ProteinReference8661,abstraction:NeighborOf,reactome:ProteinReference8701
reactome:ProteinReference1567,abstraction:NeighborOf,reactome:ProteinReference1571
reactome:ProteinReference2167,abstraction:NeighborOf,reactome:ProteinReference9721
reactome:ProteinReference4699,abstraction:NeighborOf,reactome:ProteinReference4700
reactome:ProteinReference9134,abstraction:NeighborOf,reactome:ProteinReference9135
reactome:ProteinReference648,abstraction:NeighborOf,reactome:ProteinReference666
reactome:ProteinReference8675,abstraction:NeighborOf,reactome:ProteinReference8706
reactome:ProteinReference10383,abstraction:NeighborOf,reactome:ProteinReference10384
reactome:ProteinReference8680,abstraction:NeighborOf,reactome:ProteinReference8750
reactome:ProteinReference6137,abstraction:NeighborOf,reactome:ProteinReference8679
reactome:ProteinReference1879,abstraction:NeighborOf,reactome:ProteinReference1886
reactome:ProteinReference8661,abstraction:NeighborOf,reactome:ProteinReference8724
reactome:ProteinReference6360,abstraction:NeighborOf,reactome:ProteinReference6401
reactome:ProteinReference1945,abstraction:NeighborOf,reactome:ProteinReference4585
reactome:ProteinReference1736,abstraction:NeighborOf,reactome:ProteinReference4443
reactome:ProteinReference2961,abstraction:NeighborOf,reactome:ProteinReference2963
reactome:ProteinReference8675,abstraction:NeighborOf,reactome:ProteinReference8713
reactome:ProteinReference2981,abstraction:NeighborOf,reactome:ProteinReference2983
reactome:ProteinReference2959,abstraction:NeighborOf,reactome:ProteinReference2961
reactome:ProteinReference2971,abstraction:NeighborOf,reactome:ProteinReference2999
reactome:ProteinReference8703,abstraction:NeighborOf,reactome:ProteinReference8707
reactome:ProteinReference8643,abstraction:NeighborOf,reactome:ProteinReference8679
reactome:ProteinReference11435,abstraction:NeighborOf,reactome:ProteinReference4788
reactome:ProteinReference10663,abstraction:NeighborOf,reactome:ProteinReference9064
reactome:ProteinReference4437,abstraction:NeighborOf,reactome:ProteinReference4702
reactome:ProteinReference8662,abstraction:NeighborOf,reactome:ProteinReference8675
reactome:ProteinReference2873,abstraction:NeighborOf,reactome:ProteinReference2903
reactome:ProteinReference5403,abstraction:NeighborOf,reactome:ProteinReference5404
reactome:ProteinReference2902,abstraction:NeighborOf,reactome:ProteinReference2929
reactome:ProteinReference2167,abstraction:NeighborOf,reactome:ProteinReference4777
reactome:ProteinReference3100,abstraction:NeighborOf,reactome:ProteinReference8614
reactome:ProteinReference10477,abstraction:NeighborOf,reactome:ProteinReference10478
reactome:ProteinReference10476,abstraction:NeighborOf,reactome:ProteinReference10479
reactome:ProteinReference3452,abstraction:NeighborOf,reactome:ProteinReference6424
reactome:ProteinReference8665,abstraction:NeighborOf,reactome:ProteinReference8677
reactome:ProteinReference8645,abstraction:NeighborOf,reactome:ProteinReference8671
reactome:ProteinReference8696,abstraction:NeighborOf,reactome:ProteinReference8703
reactome:ProteinReference1024,abstraction:NeighborOf,reactome:ProteinReference5510
reactome:ProteinReference8671,abstraction:NeighborOf,reactome:ProteinReference8716
reactome:ProteinReference5943,abstraction:NeighborOf,reactome:ProteinReference5946
reactome:ProteinReference11434,abstraction:NeighborOf,reactome:ProteinReference9608
reactome:ProteinReference11308,abstraction:NeighborOf,reactome:ProteinReference6855
reactome:ProteinReference8653,abstraction:NeighborOf,reactome:ProteinReference8754
reactome:ProteinReference6435,abstraction:NeighborOf,reactome:ProteinReference8849
reactome:ProteinReference8711,abstraction:NeighborOf,reactome:ProteinReference8718
reactome:ProteinReference2445,abstraction:NeighborOf,reactome:ProteinReference2469
reactome:ProteinReference12061,abstraction:NeighborOf,reactome:ProteinReference12062
reactome:ProteinReference8689,abstraction:NeighborOf,reactome:ProteinReference8729
reactome:ProteinReference5304,abstraction:NeighborOf,reactome:ProteinReference5306
reactome:ProteinReference8670,abstraction:NeighborOf,reactome:ProteinReference8703
reactome:ProteinReference5765,abstraction:NeighborOf,reactome:ProteinReference6390
reactome:ProteinReference9891,abstraction:NeighborOf,reactome:ProteinReference9892
reactome:ProteinReference11380,abstraction:NeighborOf,reactome:ProteinReference11381
reactome:ProteinReference8193,abstraction:NeighborOf,reactome:ProteinReference8216
reactome:ProteinReference6773,abstraction:NeighborOf,reactome:ProteinReference8789
reactome:ProteinReference8724,abstraction:NeighborOf,reactome:ProteinReference8729
reactome:ProteinReference3544,abstraction:NeighborOf,reactome:ProteinReference6796
reactome:ProteinReference8698,abstraction:NeighborOf,reactome:ProteinReference8702
reactome:ProteinReference8696,abstraction:NeighborOf,reactome:ProteinReference8715
reactome:ProteinReference9758,abstraction:NeighborOf,reactome:ProteinReference9767
reactome:ProteinReference10609,abstraction:NeighborOf,reactome:ProteinReference10611
reactome:ProteinReference3203,abstraction:NeighborOf,reactome:ProteinReference3233
reactome:ProteinReference1088,abstraction:NeighborOf,reactome:ProteinReference6028
reactome:ProteinReference659,abstraction:NeighborOf,reactome:ProteinReference6807
reactome:ProteinReference8752,abstraction:NeighborOf,reactome:ProteinReference8760
reactome:ProteinReference5136,abstraction:NeighborOf,reactome:ProteinReference7604
reactome:ProteinReference774,abstraction:NeighborOf,reactome:ProteinReference799
reactome:ProteinReference8667,abstraction:NeighborOf,reactome:ProteinReference8680
reactome:ProteinReference1054,abstraction:NeighborOf,reactome:ProteinReference1736
reactome:ProteinReference8670,abstraction:NeighborOf,reactome:ProteinReference8715
reactome:ProteinReference4682,abstraction:NeighborOf,reactome:ProteinReference8771
reactome:ProteinReference8312,abstraction:NeighborOf,reactome:ProteinReference8313
reactome:ProteinReference2926,abstraction:NeighborOf,reactome:ProteinReference3354
reactome:ProteinReference8672,abstraction:NeighborOf,reactome:ProteinReference8692
reactome:ProteinReference4445,abstraction:NeighborOf,reactome:ProteinReference6021
reactome:ProteinReference8665,abstraction:NeighborOf,reactome:ProteinReference8756
reactome:ProteinReference5296,abstraction:NeighborOf,reactome:ProteinReference5303
reactome:ProteinReference8747,abstraction:NeighborOf,reactome:ProteinReference8752
reactome:ProteinReference8652,abstraction:NeighborOf,reactome:ProteinReference8714
reactome:ProteinReference2832,abstraction:NeighborOf,reactome:ProteinReference2833
reactome:ProteinReference8716,abstraction:NeighborOf,reactome:ProteinReference8729
reactome:ProteinReference8644,abstraction:NeighborOf,reactome:ProteinReference8665
reactome:ProteinReference2828,abstraction:NeighborOf,reactome:ProteinReference3037
reactome:ProteinReference8674,abstraction:NeighborOf,reactome:ProteinReference8710
reactome:ProteinReference2931,abstraction:NeighborOf,reactome:ProteinReference2933
reactome:ProteinReference4457,abstraction:NeighborOf,reactome:ProteinReference5418
reactome:ProteinReference8724,abstraction:NeighborOf,reactome:ProteinReference8738
reactome:ProteinReference8564,abstraction:NeighborOf,reactome:ProteinReference9702
reactome:ProteinReference2471,abstraction:NeighborOf,reactome:ProteinReference2474
reactome:ProteinReference10466,abstraction:NeighborOf,reactome:ProteinReference1154
reactome:ProteinReference8381,abstraction:NeighborOf,reactome:ProteinReference8382
reactome:ProteinReference2987,abstraction:NeighborOf,reactome:ProteinReference2998
reactome:ProteinReference8692,abstraction:NeighborOf,reactome:ProteinReference8725
reactome:ProteinReference8646,abstraction:NeighborOf,reactome:ProteinReference8678
reactome:ProteinReference8715,abstraction:NeighborOf,reactome:ProteinReference8718
reactome:ProteinReference8698,abstraction:NeighborOf,reactome:ProteinReference8724
reactome:ProteinReference6759,abstraction:NeighborOf,reactome:ProteinReference8720
reactome:ProteinReference8723,abstraction:NeighborOf,reactome:ProteinReference8725
reactome:ProteinReference1974,abstraction:NeighborOf,reactome:ProteinReference1978
reactome:ProteinReference8659,abstraction:NeighborOf,reactome:ProteinReference8719
reactome:ProteinReference9702,abstraction:NeighborOf,reactome:ProteinReference9712
reactome:ProteinReference1056,abstraction:NeighborOf,reactome:ProteinReference1064
reactome:ProteinReference6516,abstraction:NeighborOf,reactome:ProteinReference9587
reactome:ProteinReference8644,abstraction:NeighborOf,reactome:ProteinReference8755
reactome:ProteinReference9760,abstraction:NeighborOf,reactome:ProteinReference9769
reactome:ProteinReference8716,abstraction:NeighborOf,reactome:ProteinReference8738
reactome:ProteinReference3072,abstraction:NeighborOf,reactome:ProteinReference3074
reactome:ProteinReference2978,abstraction:NeighborOf,reactome:ProteinReference2992
reactome:ProteinReference2984,abstraction:NeighborOf,reactome:ProteinReference2993
reactome:ProteinReference9812,abstraction:NeighborOf,reactome:ProteinReference9821
reactome:ProteinReference10778,abstraction:NeighborOf,reactome:ProteinReference7661
reactome:ProteinReference4777,abstraction:NeighborOf,reactome:ProteinReference9703
reactome:ProteinReference8642,abstraction:NeighborOf,reactome:ProteinReference8764
reactome:ProteinReference2167,abstraction:NeighborOf,reactome:ProteinReference8789
reactome:ProteinReference10754,abstraction:NeighborOf,reactome:ProteinReference10756
reactome:ProteinReference8838,abstraction:NeighborOf,reactome:ProteinReference9852
reactome:ProteinReference8678,abstraction:NeighborOf,reactome:ProteinReference8722
reactome:ProteinReference9707,abstraction:NeighborOf,reactome:ProteinReference9709
reactome:ProteinReference5080,abstraction:NeighborOf,reactome:ProteinReference5715
reactome:ProteinReference3354,abstraction:NeighborOf,reactome:ProteinReference3355
reactome:ProteinReference8671,abstraction:NeighborOf,reactome:ProteinReference8725
reactome:ProteinReference3000,abstraction:NeighborOf,reactome:ProteinReference3001
reactome:ProteinReference3198,abstraction:NeighborOf,reactome:ProteinReference3233
reactome:ProteinReference2926,abstraction:NeighborOf,reactome:ProteinReference2927
reactome:ProteinReference8660,abstraction:NeighborOf,reactome:ProteinReference8714
reactome:ProteinReference2460,abstraction:NeighborOf,reactome:ProteinReference2462
reactome:ProteinReference2978,abstraction:NeighborOf,reactome:ProteinReference2982
reactome:ProteinReference6759,abstraction:NeighborOf,reactome:ProteinReference8672
reactome:ProteinReference8722,abstraction:NeighborOf,reactome:ProteinReference8730
reactome:ProteinReference7761,abstraction:NeighborOf,reactome:ProteinReference9862
reactome:ProteinReference9020,abstraction:NeighborOf,reactome:ProteinReference9024
reactome:ProteinReference5388,abstraction:NeighborOf,reactome:ProteinReference9261
reactome:ProteinReference8671,abstraction:NeighborOf,reactome:ProteinReference8708
reactome:ProteinReference8658,abstraction:NeighborOf,reactome:ProteinReference8661
reactome:ProteinReference8658,abstraction:NeighborOf,reactome:ProteinReference8667
reactome:ProteinReference11254,abstraction:NeighborOf,reactome:ProteinReference6136
reactome:ProteinReference4458,abstraction:NeighborOf,reactome:ProteinReference5244
reactome:ProteinReference1061,abstraction:NeighborOf,reactome:ProteinReference1091
reactome:ProteinReference8650,abstraction:NeighborOf,reactome:ProteinReference8661
reactome:ProteinReference656,abstraction:NeighborOf,reactome:ProteinReference662
reactome:ProteinReference2853,abstraction:NeighborOf,reactome:ProteinReference2926
reactome:ProteinReference8698,abstraction:NeighborOf,reactome:ProteinReference8703
reactome:ProteinReference1113,abstraction:NeighborOf,reactome:ProteinReference1118
reactome:ProteinReference5332,abstraction:NeighborOf,reactome:ProteinReference5334
reactome:ProteinReference8646,abstraction:NeighborOf,reactome:ProteinReference8718
reactome:ProteinReference5328,abstraction:NeighborOf,reactome:ProteinReference5334
reactome:ProteinReference2852,abstraction:NeighborOf,reactome:ProteinReference2999
reactome:ProteinReference2971,abstraction:NeighborOf,reactome:ProteinReference2998
reactome:ProteinReference1115,abstraction:NeighborOf,reactome:ProteinReference1121
reactome:ProteinReference8665,abstraction:NeighborOf,reactome:ProteinReference8762
reactome:ProteinReference4777,abstraction:NeighborOf,reactome:ProteinReference9708
reactome:ProteinReference3149,abstraction:NeighborOf,reactome:ProteinReference3150
reactome:ProteinReference5295,abstraction:NeighborOf,reactome:ProteinReference8333
reactome:ProteinReference5072,abstraction:NeighborOf,reactome:ProteinReference6243
reactome:ProteinReference1900,abstraction:NeighborOf,reactome:ProteinReference2761
reactome:ProteinReference433,abstraction:NeighborOf,reactome:ProteinReference434
reactome:ProteinReference8701,abstraction:NeighborOf,reactome:ProteinReference8733
reactome:ProteinReference10759,abstraction:NeighborOf,reactome:ProteinReference10761
reactome:ProteinReference2854,abstraction:NeighborOf,reactome:ProteinReference2874
reactome:ProteinReference2973,abstraction:NeighborOf,reactome:ProteinReference2981
reactome:ProteinReference8748,abstraction:NeighborOf,reactome:ProteinReference8749
reactome:ProteinReference3215,abstraction:NeighborOf,reactome:ProteinReference3240
reactome:ProteinReference11117,abstraction:NeighborOf,reactome:ProteinReference11158
reactome:ProteinReference6292,abstraction:NeighborOf,reactome:ProteinReference9364
reactome:ProteinReference1094,abstraction:NeighborOf,reactome:ProteinReference1114
reactome:ProteinReference8698,abstraction:NeighborOf,reactome:ProteinReference8715
reactome:ProteinReference1061,abstraction:NeighborOf,reactome:ProteinReference10810
reactome:ProteinReference8744,abstraction:NeighborOf,reactome:ProteinReference8752
reactome:ProteinReference5004,abstraction:NeighborOf,reactome:ProteinReference8998
reactome:ProteinReference11033,abstraction:NeighborOf,reactome:ProteinReference6689
reactome:ProteinReference8671,abstraction:NeighborOf,reactome:ProteinReference8699
reactome:ProteinReference2860,abstraction:NeighborOf,reactome:ProteinReference2874
reactome:ProteinReference11420,abstraction:NeighborOf,reactome:ProteinReference5291
reactome:ProteinReference4380,abstraction:NeighborOf,reactome:ProteinReference4381
reactome:ProteinReference8709,abstraction:NeighborOf,reactome:ProteinReference8728
reactome:ProteinReference8660,abstraction:NeighborOf,reactome:ProteinReference8719
reactome:ProteinReference8667,abstraction:NeighborOf,reactome:ProteinReference8694
reactome:ProteinReference11367,abstraction:NeighborOf,reactome:ProteinReference6516
reactome:ProteinReference4612,abstraction:NeighborOf,reactome:ProteinReference8907
reactome:ProteinReference8659,abstraction:NeighborOf,reactome:ProteinReference8679
reactome:ProteinReference11256,abstraction:NeighborOf,reactome:ProteinReference6132
reactome:ProteinReference10429,abstraction:NeighborOf,reactome:ProteinReference11015
reactome:ProteinReference8666,abstraction:NeighborOf,reactome:ProteinReference8706
reactome:ProteinReference8648,abstraction:NeighborOf,reactome:ProteinReference8650
reactome:ProteinReference11041,abstraction:NeighborOf,reactome:ProteinReference1799
reactome:ProteinReference5146,abstraction:NeighborOf,reactome:ProteinReference6851
reactome:ProteinReference8712,abstraction:NeighborOf,reactome:ProteinReference8733
reactome:ProteinReference10668,abstraction:NeighborOf,reactome:ProteinReference10670
reactome:ProteinReference9142,abstraction:NeighborOf,reactome:ProteinReference9143
reactome:ProteinReference2935,abstraction:NeighborOf,reactome:ProteinReference2971
reactome:ProteinReference1957,abstraction:NeighborOf,reactome:ProteinReference1959
reactome:ProteinReference2990,abstraction:NeighborOf,reactome:ProteinReference3000
reactome:ProteinReference8718,abstraction:NeighborOf,reactome:ProteinReference8736
reactome:ProteinReference5292,abstraction:NeighborOf,reactome:ProteinReference5294
reactome:ProteinReference8666,abstraction:NeighborOf,reactome:ProteinReference8713
reactome:ProteinReference6244,abstraction:NeighborOf,reactome:ProteinReference6246
reactome:ProteinReference8644,abstraction:NeighborOf,reactome:ProteinReference8754
reactome:ProteinReference8645,abstraction:NeighborOf,reactome:ProteinReference8733
reactome:ProteinReference1088,abstraction:NeighborOf,reactome:ProteinReference8936
reactome:ProteinReference6171,abstraction:NeighborOf,reactome:ProteinReference8777
reactome:ProteinReference10135,abstraction:NeighborOf,reactome:ProteinReference5291
reactome:ProteinReference10780,abstraction:NeighborOf,reactome:ProteinReference10782
reactome:ProteinReference1032,abstraction:NeighborOf,reactome:ProteinReference9720
reactome:ProteinReference2928,abstraction:NeighborOf,reactome:ProteinReference2957
reactome:ProteinReference2961,abstraction:NeighborOf,reactome:ProteinReference2974
reactome:ProteinReference8750,abstraction:NeighborOf,reactome:ProteinReference8752
reactome:ProteinReference11380,abstraction:NeighborOf,reactome:ProteinReference6510
reactome:ProteinReference6759,abstraction:NeighborOf,reactome:ProteinReference8710
reactome:ProteinReference2167,abstraction:NeighborOf,reactome:ProteinReference3067
reactome:ProteinReference2447,abstraction:NeighborOf,reactome:ProteinReference2448
reactome:ProteinReference2167,abstraction:NeighborOf,reactome:ProteinReference9704
reactome:ProteinReference8721,abstraction:NeighborOf,reactome:ProteinReference8733
reactome:ProteinReference8648,abstraction:NeighborOf,reactome:ProteinReference8675
reactome:ProteinReference8713,abstraction:NeighborOf,reactome:ProteinReference8735
reactome:ProteinReference4969,abstraction:NeighborOf,reactome:ProteinReference6185
reactome:ProteinReference4751,abstraction:NeighborOf,reactome:ProteinReference4754
reactome:ProteinReference10663,abstraction:NeighborOf,reactome:ProteinReference4437
reactome:ProteinReference5163,abstraction:NeighborOf,reactome:ProteinReference6159
reactome:ProteinReference8649,abstraction:NeighborOf,reactome:ProteinReference8726
reactome:ProteinReference8644,abstraction:NeighborOf,reactome:ProteinReference8653
reactome:ProteinReference8665,abstraction:NeighborOf,reactome:ProteinReference8760
reactome:ProteinReference10809,abstraction:NeighborOf,reactome:ProteinReference1088
reactome:ProteinReference8710,abstraction:NeighborOf,reactome:ProteinReference8719
reactome:ProteinReference8758,abstraction:NeighborOf,reactome:ProteinReference8767
reactome:ProteinReference1736,abstraction:NeighborOf,reactome:ProteinReference4423
reactome:ProteinReference1953,abstraction:NeighborOf,reactome:ProteinReference1955
reactome:ProteinReference8696,abstraction:NeighborOf,reactome:ProteinReference8728
reactome:ProteinReference726,abstraction:NeighborOf,reactome:ProteinReference728
reactome:ProteinReference1737,abstraction:NeighborOf,reactome:ProteinReference4701
reactome:ProteinReference10473,abstraction:NeighborOf,reactome:ProteinReference10478
reactome:ProteinReference8745,abstraction:NeighborOf,reactome:ProteinReference8764
reactome:ProteinReference8711,abstraction:NeighborOf,reactome:ProteinReference8731
reactome:ProteinReference1113,abstraction:NeighborOf,reactome:ProteinReference1119
reactome:ProteinReference8646,abstraction:NeighborOf,reactome:ProteinReference8661
reactome:ProteinReference8996,abstraction:NeighborOf,reactome:ProteinReference8998
reactome:ProteinReference8646,abstraction:NeighborOf,reactome:ProteinReference8667
reactome:ProteinReference8670,abstraction:NeighborOf,reactome:ProteinReference8728
reactome:ProteinReference9921,abstraction:NeighborOf,reactome:ProteinReference9929
reactome:ProteinReference3209,abstraction:NeighborOf,reactome:ProteinReference3210
reactome:ProteinReference11036,abstraction:NeighborOf,reactome:ProteinReference1799
reactome:ProteinReference8645,abstraction:NeighborOf,reactome:ProteinReference8698
reactome:ProteinReference8676,abstraction:NeighborOf,reactome:ProteinReference8696
reactome:ProteinReference78,abstraction:NeighborOf,reactome:ProteinReference79
reactome:ProteinReference11381,abstraction:NeighborOf,reactome:ProteinReference6513
reactome:ProteinReference10573,abstraction:NeighborOf,reactome:ProteinReference4700
reactome:ProteinReference2986,abstraction:NeighborOf,reactome:ProteinReference2992
reactome:ProteinReference8672,abstraction:NeighborOf,reactome:ProteinReference8714
reactome:ProteinReference1736,abstraction:NeighborOf,reactome:ProteinReference4447
reactome:ProteinReference8652,abstraction:NeighborOf,reactome:ProteinReference8662
reactome:ProteinReference2788,abstraction:NeighborOf,reactome:ProteinReference9957
reactome:ProteinReference2985,abstraction:NeighborOf,reactome:ProteinReference2997
reactome:ProteinReference2868,abstraction:NeighborOf,reactome:ProteinReference2869
reactome:ProteinReference8564,abstraction:NeighborOf,reactome:ProteinReference9707
reactome:ProteinReference2985,abstraction:NeighborOf,reactome:ProteinReference2991
reactome:ProteinReference3209,abstraction:NeighborOf,reactome:ProteinReference3221
reactome:ProteinReference2778,abstraction:NeighborOf,reactome:ProteinReference5038
reactome:ProteinReference8661,abstraction:NeighborOf,reactome:ProteinReference8728
reactome:ProteinReference8699,abstraction:NeighborOf,reactome:ProteinReference8730
reactome:ProteinReference6243,abstraction:NeighborOf,reactome:ProteinReference664
reactome:ProteinReference10846,abstraction:NeighborOf,reactome:ProteinReference10847
reactome:ProteinReference8660,abstraction:NeighborOf,reactome:ProteinReference8679
reactome:ProteinReference5004,abstraction:NeighborOf,reactome:ProteinReference8996
reactome:ProteinReference1096,abstraction:NeighborOf,reactome:ProteinReference1107
reactome:ProteinReference4583,abstraction:NeighborOf,reactome:ProteinReference8220
reactome:ProteinReference2582,abstraction:NeighborOf,reactome:ProteinReference2583
reactome:ProteinReference4114,abstraction:NeighborOf,reactome:ProteinReference4115
reactome:ProteinReference2911,abstraction:NeighborOf,reactome:ProteinReference2927
reactome:ProteinReference4422,abstraction:NeighborOf,reactome:ProteinReference5295
reactome:ProteinReference1057,abstraction:NeighborOf,reactome:ProteinReference10862
reactome:ProteinReference8712,abstraction:NeighborOf,reactome:ProteinReference8713
reactome:ProteinReference8662,abstraction:NeighborOf,reactome:ProteinReference8734
reactome:ProteinReference2904,abstraction:NeighborOf,reactome:ProteinReference2932
reactome:ProteinReference4777,abstraction:NeighborOf,reactome:ProteinReference6773
reactome:ProteinReference8646,abstraction:NeighborOf,reactome:ProteinReference8696
reactome:ProteinReference2876,abstraction:NeighborOf,reactome:ProteinReference2900
reactome:ProteinReference3077,abstraction:NeighborOf,reactome:ProteinReference3088
reactome:ProteinReference11275,abstraction:NeighborOf,reactome:ProteinReference6136
reactome:ProteinReference8601,abstraction:NeighborOf,reactome:ProteinReference8607
reactome:ProteinReference2852,abstraction:NeighborOf,reactome:ProteinReference2998
reactome:ProteinReference2828,abstraction:NeighborOf,reactome:ProteinReference2900
reactome:ProteinReference10777,abstraction:NeighborOf,reactome:ProteinReference10784
reactome:ProteinReference6317,abstraction:NeighborOf,reactome:ProteinReference6318
reactome:ProteinReference2854,abstraction:NeighborOf,reactome:ProteinReference2872
reactome:ProteinReference2832,abstraction:NeighborOf,reactome:ProteinReference2900
reactome:ProteinReference10777,abstraction:NeighborOf,reactome:ProteinReference7661
reactome:ProteinReference2853,abstraction:NeighborOf,reactome:ProteinReference2899
reactome:ProteinReference2861,abstraction:NeighborOf,reactome:ProteinReference2897
reactome:ProteinReference3585,abstraction:NeighborOf,reactome:ProteinReference9873
reactome:ProteinReference2447,abstraction:NeighborOf,reactome:ProteinReference2466
reactome:ProteinReference10823,abstraction:NeighborOf,reactome:ProteinReference5277
reactome:ProteinReference8715,abstraction:NeighborOf,reactome:ProteinReference8731
reactome:ProteinReference4491,abstraction:NeighborOf,reactome:ProteinReference5186
reactome:ProteinReference4566,abstraction:NeighborOf,reactome:ProteinReference6101
reactome:ProteinReference6693,abstraction:NeighborOf,reactome:ProteinReference7330
reactome:ProteinReference10477,abstraction:NeighborOf,reactome:ProteinReference8607
reactome:ProteinReference6356,abstraction:NeighborOf,reactome:ProteinReference6357
reactome:ProteinReference646,abstraction:NeighborOf,reactome:ProteinReference647
reactome:ProteinReference2569,abstraction:NeighborOf,reactome:ProteinReference2580
reactome:ProteinReference8718,abstraction:NeighborOf,reactome:ProteinReference8729
reactome:ProteinReference2860,abstraction:NeighborOf,reactome:ProteinReference2872
reactome:ProteinReference9758,abstraction:NeighborOf,reactome:ProteinReference9769
reactome:ProteinReference1024,abstraction:NeighborOf,reactome:ProteinReference6859
reactome:ProteinReference1736,abstraction:NeighborOf,reactome:ProteinReference4452
reactome:ProteinReference8672,abstraction:NeighborOf,reactome:ProteinReference8719
reactome:ProteinReference4564,abstraction:NeighborOf,reactome:ProteinReference8994
reactome:ProteinReference6759,abstraction:NeighborOf,reactome:ProteinReference8729
reactome:ProteinReference1032,abstraction:NeighborOf,reactome:ProteinReference9714
reactome:ProteinReference8660,abstraction:NeighborOf,reactome:ProteinReference8662
reactome:ProteinReference6270,abstraction:NeighborOf,reactome:ProteinReference665
reactome:ProteinReference2992,abstraction:NeighborOf,reactome:ProteinReference2996
reactome:ProteinReference9954,abstraction:NeighborOf,reactome:ProteinReference9958
reactome:ProteinReference2994,abstraction:NeighborOf,reactome:ProteinReference2996
reactome:ProteinReference1815,abstraction:NeighborOf,reactome:ProteinReference7845
reactome:ProteinReference4372,abstraction:NeighborOf,reactome:ProteinReference4383
reactome:ProteinReference4777,abstraction:NeighborOf,reactome:ProteinReference9713
reactome:ProteinReference8642,abstraction:NeighborOf,reactome:ProteinReference8752
reactome:ProteinReference8719,abstraction:NeighborOf,reactome:ProteinReference8730
reactome:ProteinReference8665,abstraction:NeighborOf,reactome:ProteinReference8744
reactome:ProteinReference8703,abstraction:NeighborOf,reactome:ProteinReference8724
reactome:ProteinReference1013,abstraction:NeighborOf,reactome:ProteinReference5523
reactome:ProteinReference8761,abstraction:NeighborOf,reactome:ProteinReference8766
reactome:ProteinReference2903,abstraction:NeighborOf,reactome:ProteinReference2908
reactome:ProteinReference8202,abstraction:NeighborOf,reactome:ProteinReference8203
reactome:ProteinReference6162,abstraction:NeighborOf,reactome:ProteinReference8649
reactome:ProteinReference5294,abstraction:NeighborOf,reactome:ProteinReference5305
reactome:ProteinReference9715,abstraction:NeighborOf,reactome:ProteinReference9716
reactome:ProteinReference8664,abstraction:NeighborOf,reactome:ProteinReference8679
reactome:ProteinReference10523,abstraction:NeighborOf,reactome:ProteinReference10527
reactome:ProteinReference1814,abstraction:NeighborOf,reactome:ProteinReference8625
reactome:ProteinReference10685,abstraction:NeighborOf,reactome:ProteinReference6622
reactome:ProteinReference2167,abstraction:NeighborOf,reactome:ProteinReference9702
reactome:ProteinReference8718,abstraction:NeighborOf,reactome:ProteinReference8738
reactome:ProteinReference10784,abstraction:NeighborOf,reactome:ProteinReference7662
reactome:ProteinReference4115,abstraction:NeighborOf,reactome:ProteinReference642
reactome:ProteinReference6759,abstraction:NeighborOf,reactome:ProteinReference8738
reactome:ProteinReference11470,abstraction:NeighborOf,reactome:ProteinReference7758
reactome:ProteinReference2898,abstraction:NeighborOf,reactome:ProteinReference2937
reactome:ProteinReference2961,abstraction:NeighborOf,reactome:ProteinReference2971
reactome:ProteinReference9372,abstraction:NeighborOf,reactome:ProteinReference9380
reactome:ProteinReference8699,abstraction:NeighborOf,reactome:ProteinReference8711
reactome:ProteinReference10758,abstraction:NeighborOf,reactome:ProteinReference10759
reactome:ProteinReference3211,abstraction:NeighborOf,reactome:ProteinReference3220
reactome:ProteinReference8603,abstraction:NeighborOf,reactome:ProteinReference8605
reactome:ProteinReference8994,abstraction:NeighborOf,reactome:ProteinReference8997
reactome:ProteinReference4497,abstraction:NeighborOf,reactome:ProteinReference8637
reactome:ProteinReference8698,abstraction:NeighborOf,reactome:ProteinReference8728
reactome:ProteinReference2874,abstraction:NeighborOf,reactome:ProteinReference2903
reactome:ProteinReference8644,abstraction:NeighborOf,reactome:ProteinReference8676
reactome:ProteinReference8669,abstraction:NeighborOf,reactome:ProteinReference8676
reactome:ProteinReference8713,abstraction:NeighborOf,reactome:ProteinReference8724
reactome:ProteinReference4775,abstraction:NeighborOf,reactome:ProteinReference67
reactome:ProteinReference5078,abstraction:NeighborOf,reactome:ProteinReference7816
reactome:ProteinReference6740,abstraction:NeighborOf,reactome:ProteinReference6741
reactome:ProteinReference3067,abstraction:NeighborOf,reactome:ProteinReference8789
reactome:ProteinReference8789,abstraction:NeighborOf,reactome:ProteinReference9286
reactome:ProteinReference5709,abstraction:NeighborOf,reactome:ProteinReference6256
reactome:ProteinReference10689,abstraction:NeighborOf,reactome:ProteinReference10690
reactome:ProteinReference5162,abstraction:NeighborOf,reactome:ProteinReference7307
reactome:ProteinReference2904,abstraction:NeighborOf,reactome:ProteinReference2934
reactome:ProteinReference2963,abstraction:NeighborOf,reactome:ProteinReference2983
reactome:ProteinReference8678,abstraction:NeighborOf,reactome:ProteinReference8726
reactome:ProteinReference8713,abstraction:NeighborOf,reactome:ProteinReference8723
reactome:ProteinReference8668,abstraction:NeighborOf,reactome:ProteinReference8755
reactome:ProteinReference4538,abstraction:NeighborOf,reactome:ProteinReference4591
reactome:ProteinReference1057,abstraction:NeighborOf,reactome:ProteinReference1058
reactome:ProteinReference3055,abstraction:NeighborOf,reactome:ProteinReference3106
reactome:ProteinReference4703,abstraction:NeighborOf,reactome:ProteinReference9064
reactome:ProteinReference8651,abstraction:NeighborOf,reactome:ProteinReference8675
reactome:ProteinReference9953,abstraction:NeighborOf,reactome:ProteinReference9958
reactome:ProteinReference8697,abstraction:NeighborOf,reactome:ProteinReference8703
reactome:ProteinReference8753,abstraction:NeighborOf,reactome:ProteinReference8755
reactome:ProteinReference1736,abstraction:NeighborOf,reactome:ProteinReference4469
reactome:ProteinReference2979,abstraction:NeighborOf,reactome:ProteinReference2996
reactome:ProteinReference6162,abstraction:NeighborOf,reactome:ProteinReference8704
reactome:ProteinReference8662,abstraction:NeighborOf,reactome:ProteinReference8718
reactome:ProteinReference10850,abstraction:NeighborOf,reactome:ProteinReference5393
reactome:ProteinReference5963,abstraction:NeighborOf,reactome:ProteinReference5964
reactome:ProteinReference8672,abstraction:NeighborOf,reactome:ProteinReference8679
reactome:ProteinReference1224,abstraction:NeighborOf,reactome:ProteinReference6034
reactome:ProteinReference3215,abstraction:NeighborOf,reactome:ProteinReference3220
reactome:ProteinReference8699,abstraction:NeighborOf,reactome:ProteinReference8707
reactome:ProteinReference8756,abstraction:NeighborOf,reactome:ProteinReference8766
reactome:ProteinReference8668,abstraction:NeighborOf,reactome:ProteinReference8681
reactome:ProteinReference10831,abstraction:NeighborOf,reactome:ProteinReference5163
reactome:ProteinReference8703,abstraction:NeighborOf,reactome:ProteinReference8715
reactome:ProteinReference8706,abstraction:NeighborOf,reactome:ProteinReference8733
reactome:ProteinReference8649,abstraction:NeighborOf,reactome:ProteinReference8652
reactome:ProteinReference2937,abstraction:NeighborOf,reactome:ProteinReference2971
reactome:ProteinReference5409,abstraction:NeighborOf,reactome:ProteinReference6162
reactome:ProteinReference8697,abstraction:NeighborOf,reactome:ProteinReference8715
reactome:ProteinReference6924,abstraction:NeighborOf,reactome:ProteinReference6928
reactome:ProteinReference749,abstraction:NeighborOf,reactome:ProteinReference8380
reactome:ProteinReference2933,abstraction:NeighborOf,reactome:ProteinReference2934
reactome:ProteinReference2905,abstraction:NeighborOf,reactome:ProteinReference2913
reactome:ProteinReference3851,abstraction:NeighborOf,reactome:ProteinReference4980
reactome:ProteinReference10690,abstraction:NeighborOf,reactome:ProteinReference1901
reactome:ProteinReference8666,abstraction:NeighborOf,reactome:ProteinReference8704
reactome:ProteinReference2970,abstraction:NeighborOf,reactome:ProteinReference9608
reactome:ProteinReference2778,abstraction:NeighborOf,reactome:ProteinReference6101
reactome:ProteinReference2904,abstraction:NeighborOf,reactome:ProteinReference2905
reactome:ProteinReference8752,abstraction:NeighborOf,reactome:ProteinReference8764
reactome:ProteinReference6278,abstraction:NeighborOf,reactome:ProteinReference8227
reactome:ProteinReference2928,abstraction:NeighborOf,reactome:ProteinReference2935
reactome:ProteinReference1102,abstraction:NeighborOf,reactome:ProteinReference1118
reactome:ProteinReference3338,abstraction:NeighborOf,reactome:ProteinReference4488
reactome:ProteinReference2911,abstraction:NeighborOf,reactome:ProteinReference2958
reactome:ProteinReference6352,abstraction:NeighborOf,reactome:ProteinReference6356
reactome:ProteinReference8649,abstraction:NeighborOf,reactome:ProteinReference8769
reactome:ProteinReference8650,abstraction:NeighborOf,reactome:ProteinReference8658
reactome:ProteinReference2928,abstraction:NeighborOf,reactome:ProteinReference2959
reactome:ProteinReference681,abstraction:NeighborOf,reactome:ProteinReference691
reactome:ProteinReference4583,abstraction:NeighborOf,reactome:ProteinReference7526
reactome:ProteinReference1113,abstraction:NeighborOf,reactome:ProteinReference1121
reactome:ProteinReference2462,abstraction:NeighborOf,reactome:ProteinReference2466
reactome:ProteinReference8745,abstraction:NeighborOf,reactome:ProteinReference8752
reactome:ProteinReference11033,abstraction:NeighborOf,reactome:ProteinReference7541
reactome:ProteinReference2874,abstraction:NeighborOf,reactome:ProteinReference2935
reactome:ProteinReference9078,abstraction:NeighborOf,reactome:ProteinReference9083
reactome:ProteinReference1975,abstraction:NeighborOf,reactome:ProteinReference1976
reactome:ProteinReference2831,abstraction:NeighborOf,reactome:ProteinReference3038
reactome:ProteinReference4493,abstraction:NeighborOf,reactome:ProteinReference9368
reactome:ProteinReference8751,abstraction:NeighborOf,reactome:ProteinReference8755
reactome:ProteinReference2406,abstraction:NeighborOf,reactome:ProteinReference9932
reactome:ProteinReference8707,abstraction:NeighborOf,reactome:ProteinReference8734
reactome:ProteinReference5289,abstraction:NeighborOf,reactome:ProteinReference7444
reactome:ProteinReference5050,abstraction:NeighborOf,reactome:ProteinReference5216
reactome:ProteinReference8711,abstraction:NeighborOf,reactome:ProteinReference8714
reactome:ProteinReference8776,abstraction:NeighborOf,reactome:ProteinReference8795
reactome:ProteinReference10755,abstraction:NeighborOf,reactome:ProteinReference10760
reactome:ProteinReference10756,abstraction:NeighborOf,reactome:ProteinReference10759
reactome:ProteinReference8747,abstraction:NeighborOf,reactome:ProteinReference8753
reactome:ProteinReference2962,abstraction:NeighborOf,reactome:ProteinReference2998
reactome:ProteinReference8671,abstraction:NeighborOf,reactome:ProteinReference8727
reactome:ProteinReference8644,abstraction:NeighborOf,reactome:ProteinReference8646
reactome:ProteinReference1736,abstraction:NeighborOf,reactome:ProteinReference4489
reactome:ProteinReference8720,abstraction:NeighborOf,reactome:ProteinReference8733
reactome:ProteinReference4846,abstraction:NeighborOf,reactome:ProteinReference4847
reactome:ProteinReference5063,abstraction:NeighborOf,reactome:ProteinReference8907
reactome:ProteinReference2468,abstraction:NeighborOf,reactome:ProteinReference2473
reactome:ProteinReference8718,abstraction:NeighborOf,reactome:ProteinReference8721
reactome:ProteinReference2872,abstraction:NeighborOf,reactome:ProteinReference2957
reactome:ProteinReference6162,abstraction:NeighborOf,reactome:ProteinReference8659
reactome:ProteinReference1057,abstraction:NeighborOf,reactome:ProteinReference1123
reactome:ProteinReference642,abstraction:NeighborOf,reactome:ProteinReference9812
reactome:ProteinReference8697,abstraction:NeighborOf,reactome:ProteinReference8700
reactome:ProteinReference8687,abstraction:NeighborOf,reactome:ProteinReference8747
reactome:ProteinReference3045,abstraction:NeighborOf,reactome:ProteinReference3358
reactome:ProteinReference8643,abstraction:NeighborOf,reactome:ProteinReference8650
reactome:ProteinReference1737,abstraction:NeighborOf,reactome:ProteinReference4702
reactome:ProteinReference8700,abstraction:NeighborOf,reactome:ProteinReference8734
reactome:ProteinReference11029,abstraction:NeighborOf,reactome:ProteinReference11030
reactome:ProteinReference6512,abstraction:NeighborOf,reactome:ProteinReference6514
reactome:ProteinReference8706,abstraction:NeighborOf,reactome:ProteinReference8713
reactome:ProteinReference10779,abstraction:NeighborOf,reactome:ProteinReference7660
reactome:ProteinReference2787,abstraction:NeighborOf,reactome:ProteinReference9956
reactome:ProteinReference1098,abstraction:NeighborOf,reactome:ProteinReference1106
reactome:ProteinReference9446,abstraction:NeighborOf,reactome:ProteinReference9958
reactome:ProteinReference9702,abstraction:NeighborOf,reactome:ProteinReference9716
reactome:ProteinReference8657,abstraction:NeighborOf,reactome:ProteinReference8659
reactome:ProteinReference5114,abstraction:NeighborOf,reactome:ProteinReference642
reactome:ProteinReference2930,abstraction:NeighborOf,reactome:ProteinReference2931
reactome:ProteinReference8675,abstraction:NeighborOf,reactome:ProteinReference8730
reactome:ProteinReference10902,abstraction:NeighborOf,reactome:ProteinReference9914
reactome:ProteinReference8696,abstraction:NeighborOf,reactome:ProteinReference8709
reactome:ProteinReference2993,abstraction:NeighborOf,reactome:ProteinReference2995
reactome:ProteinReference8648,abstraction:NeighborOf,reactome:ProteinReference8659
reactome:ProteinReference1087,abstraction:NeighborOf,reactome:ProteinReference1966
reactome:ProteinReference2823,abstraction:NeighborOf,reactome:ProteinReference3014
reactome:ProteinReference2822,abstraction:NeighborOf,reactome:ProteinReference3037
reactome:ProteinReference8670,abstraction:NeighborOf,reactome:ProteinReference8709
reactome:ProteinReference5036,abstraction:NeighborOf,reactome:ProteinReference5038
reactome:ProteinReference10778,abstraction:NeighborOf,reactome:ProteinReference7662
reactome:ProteinReference2850,abstraction:NeighborOf,reactome:ProteinReference2996
reactome:ProteinReference8709,abstraction:NeighborOf,reactome:ProteinReference8736
reactome:ProteinReference8671,abstraction:NeighborOf,reactome:ProteinReference8732
reactome:ProteinReference2934,abstraction:NeighborOf,reactome:ProteinReference2960
reactome:ProteinReference2957,abstraction:NeighborOf,reactome:ProteinReference2983
reactome:ProteinReference10473,abstraction:NeighborOf,reactome:ProteinReference8607
reactome:ProteinReference10395,abstraction:NeighborOf,reactome:ProteinReference10396
reactome:ProteinReference9763,abstraction:NeighborOf,reactome:ProteinReference9766
reactome:ProteinReference2992,abstraction:NeighborOf,reactome:ProteinReference2995
reactome:ProteinReference3101,abstraction:NeighborOf,reactome:ProteinReference3102
reactome:ProteinReference8662,abstraction:NeighborOf,reactome:ProteinReference8696
reactome:ProteinReference6316,abstraction:NeighborOf,reactome:ProteinReference6319
reactome:ProteinReference8643,abstraction:NeighborOf,reactome:ProteinReference8675
reactome:ProteinReference8696,abstraction:NeighborOf,reactome:ProteinReference8722
reactome:ProteinReference2994,abstraction:NeighborOf,reactome:ProteinReference2995
reactome:ProteinReference2777,abstraction:NeighborOf,reactome:ProteinReference8340
reactome:ProteinReference4456,abstraction:NeighborOf,reactome:ProteinReference7724
reactome:ProteinReference10591,abstraction:NeighborOf,reactome:ProteinReference10599
reactome:ProteinReference1013,abstraction:NeighborOf,reactome:ProteinReference5611
reactome:ProteinReference8709,abstraction:NeighborOf,reactome:ProteinReference8710
reactome:ProteinReference4137,abstraction:NeighborOf,reactome:ProteinReference6342
reactome:ProteinReference8764,abstraction:NeighborOf,reactome:ProteinReference8767
reactome:ProteinReference9707,abstraction:NeighborOf,reactome:ProteinReference9715
reactome:ProteinReference1102,abstraction:NeighborOf,reactome:ProteinReference1119
reactome:ProteinReference12127,abstraction:NeighborOf,reactome:ProteinReference377
reactome:ProteinReference2454,abstraction:NeighborOf,reactome:ProteinReference2474
reactome:ProteinReference9096,abstraction:NeighborOf,reactome:ProteinReference9097
reactome:ProteinReference6162,abstraction:NeighborOf,reactome:ProteinReference8705
reactome:ProteinReference4422,abstraction:NeighborOf,reactome:ProteinReference5304
reactome:ProteinReference5078,abstraction:NeighborOf,reactome:ProteinReference7819
reactome:ProteinReference2787,abstraction:NeighborOf,reactome:ProteinReference9953
reactome:ProteinReference8649,abstraction:NeighborOf,reactome:ProteinReference8651
reactome:ProteinReference6401,abstraction:NeighborOf,reactome:ProteinReference6536
reactome:ProteinReference11029,abstraction:NeighborOf,reactome:ProteinReference6689
reactome:ProteinReference5038,abstraction:NeighborOf,reactome:ProteinReference6101
reactome:ProteinReference4440,abstraction:NeighborOf,reactome:ProteinReference9247
reactome:ProteinReference3071,abstraction:NeighborOf,reactome:ProteinReference3073
reactome:ProteinReference2466,abstraction:NeighborOf,reactome:ProteinReference2474
reactome:ProteinReference6359,abstraction:NeighborOf,reactome:ProteinReference6362
reactome:ProteinReference2905,abstraction:NeighborOf,reactome:ProteinReference2908
reactome:ProteinReference10833,abstraction:NeighborOf,reactome:ProteinReference7862
reactome:ProteinReference2956,abstraction:NeighborOf,reactome:ProteinReference3001
reactome:ProteinReference10835,abstraction:NeighborOf,reactome:ProteinReference3509
reactome:ProteinReference2963,abstraction:NeighborOf,reactome:ProteinReference3004
reactome:ProteinReference1902,abstraction:NeighborOf,reactome:ProteinReference1903
reactome:ProteinReference8707,abstraction:NeighborOf,reactome:ProteinReference8718
reactome:ProteinReference4456,abstraction:NeighborOf,reactome:ProteinReference7609
reactome:ProteinReference11273,abstraction:NeighborOf,reactome:ProteinReference11275
reactome:ProteinReference5125,abstraction:NeighborOf,reactome:ProteinReference5128
reactome:ProteinReference4636,abstraction:NeighborOf,reactome:ProteinReference7574
reactome:ProteinReference8744,abstraction:NeighborOf,reactome:ProteinReference8753
reactome:ProteinReference8564,abstraction:NeighborOf,reactome:ProteinReference9715
reactome:ProteinReference7082,abstraction:NeighborOf,reactome:ProteinReference7456
reactome:ProteinReference2445,abstraction:NeighborOf,reactome:ProteinReference3201
reactome:ProteinReference1057,abstraction:NeighborOf,reactome:ProteinReference4402
reactome:ProteinReference8646,abstraction:NeighborOf,reactome:ProteinReference8714
reactome:ProteinReference2938,abstraction:NeighborOf,reactome:ProteinReference2958
reactome:ProteinReference6508,abstraction:NeighborOf,reactome:ProteinReference6511
reactome:ProteinReference4456,abstraction:NeighborOf,reactome:ProteinReference9035
reactome:ProteinReference8675,abstraction:NeighborOf,reactome:ProteinReference8711
reactome:ProteinReference5234,abstraction:NeighborOf,reactome:ProteinReference9746
reactome:ProteinReference8670,abstraction:NeighborOf,reactome:ProteinReference8736
reactome:ProteinReference8666,abstraction:NeighborOf,reactome:ProteinReference8705
reactome:ProteinReference2900,abstraction:NeighborOf,reactome:ProteinReference3038
reactome:ProteinReference1737,abstraction:NeighborOf,reactome:ProteinReference4439
reactome:ProteinReference8722,abstraction:NeighborOf,reactome:ProteinReference8724
reactome:ProteinReference2831,abstraction:NeighborOf,reactome:ProteinReference2855
reactome:ProteinReference8703,abstraction:NeighborOf,reactome:ProteinReference8728
reactome:ProteinReference3148,abstraction:NeighborOf,reactome:ProteinReference3151
reactome:ProteinReference4680,abstraction:NeighborOf,reactome:ProteinReference8907
reactome:ProteinReference2845,abstraction:NeighborOf,reactome:ProteinReference6721
reactome:ProteinReference2448,abstraction:NeighborOf,reactome:ProteinReference2454
reactome:ProteinReference9904,abstraction:NeighborOf,reactome:ProteinReference9905
reactome:ProteinReference1141,abstraction:NeighborOf,reactome:ProteinReference5393
reactome:ProteinReference8652,abstraction:NeighborOf,reactome:ProteinReference8733
reactome:ProteinReference8714,abstraction:NeighborOf,reactome:ProteinReference8722
reactome:ProteinReference5138,abstraction:NeighborOf,reactome:ProteinReference5139
reactome:ProteinReference8661,abstraction:NeighborOf,reactome:ProteinReference8736
reactome:ProteinReference8700,abstraction:NeighborOf,reactome:ProteinReference8718
reactome:ProteinReference8662,abstraction:NeighborOf,reactome:ProteinReference8731
reactome:ProteinReference11428,abstraction:NeighborOf,reactome:ProteinReference1802
reactome:ProteinReference10690,abstraction:NeighborOf,reactome:ProteinReference6622
reactome:ProteinReference1736,abstraction:NeighborOf,reactome:ProteinReference4458
reactome:ProteinReference8665,abstraction:NeighborOf,reactome:ProteinReference8764
reactome:ProteinReference1115,abstraction:NeighborOf,reactome:ProteinReference1122
reactome:ProteinReference8704,abstraction:NeighborOf,reactome:ProteinReference8722
reactome:ProteinReference5730,abstraction:NeighborOf,reactome:ProteinReference7128
reactome:ProteinReference8658,abstraction:NeighborOf,reactome:ProteinReference8679
reactome:ProteinReference10833,abstraction:NeighborOf,reactome:ProteinReference11023
reactome:ProteinReference3354,abstraction:NeighborOf,reactome:ProteinReference3356
reactome:ProteinReference8661,abstraction:NeighborOf,reactome:ProteinReference8676
reactome:ProteinReference10404,abstraction:NeighborOf,reactome:ProteinReference8293
reactome:ProteinReference2971,abstraction:NeighborOf,reactome:ProteinReference2987
reactome:ProteinReference8650,abstraction:NeighborOf,reactome:ProteinReference8679
reactome:ProteinReference2447,abstraction:NeighborOf,reactome:ProteinReference2472
reactome:ProteinReference11460,abstraction:NeighborOf,reactome:ProteinReference6423
reactome:ProteinReference10810,abstraction:NeighborOf,reactome:ProteinReference1088
reactome:ProteinReference8750,abstraction:NeighborOf,reactome:ProteinReference8753
reactome:ProteinReference8661,abstraction:NeighborOf,reactome:ProteinReference8710
reactome:ProteinReference8698,abstraction:NeighborOf,reactome:ProteinReference8709
reactome:ProteinReference9948,abstraction:NeighborOf,reactome:ProteinReference9950
reactome:ProteinReference8713,abstraction:NeighborOf,reactome:ProteinReference8728
reactome:ProteinReference588,abstraction:NeighborOf,reactome:ProteinReference5945
reactome:ProteinReference10819,abstraction:NeighborOf,reactome:ProteinReference5276
reactome:ProteinReference8709,abstraction:NeighborOf,reactome:ProteinReference8729
reactome:ProteinReference3650,abstraction:NeighborOf,reactome:ProteinReference6851
reactome:ProteinReference10801,abstraction:NeighborOf,reactome:ProteinReference5244
reactome:ProteinReference8644,abstraction:NeighborOf,reactome:ProteinReference8666
reactome:ProteinReference10833,abstraction:NeighborOf,reactome:ProteinReference4636
reactome:ProteinReference10608,abstraction:NeighborOf,reactome:ProteinReference10611
reactome:ProteinReference11421,abstraction:NeighborOf,reactome:ProteinReference6171
reactome:ProteinReference5163,abstraction:NeighborOf,reactome:ProteinReference5390
reactome:ProteinReference10663,abstraction:NeighborOf,reactome:ProteinReference4700
reactome:ProteinReference6352,abstraction:NeighborOf,reactome:ProteinReference6357
reactome:ProteinReference1057,abstraction:NeighborOf,reactome:ProteinReference1351
reactome:ProteinReference5291,abstraction:NeighborOf,reactome:ProteinReference9064
reactome:ProteinReference8675,abstraction:NeighborOf,reactome:ProteinReference8707
reactome:ProteinReference10865,abstraction:NeighborOf,reactome:ProteinReference10872
reactome:ProteinReference2795,abstraction:NeighborOf,reactome:ProteinReference9956
reactome:ProteinReference11272,abstraction:NeighborOf,reactome:ProteinReference11273
reactome:ProteinReference6244,abstraction:NeighborOf,reactome:ProteinReference6261
reactome:ProteinReference4383,abstraction:NeighborOf,reactome:ProteinReference4384
reactome:ProteinReference2960,abstraction:NeighborOf,reactome:ProteinReference2961
reactome:ProteinReference8651,abstraction:NeighborOf,reactome:ProteinReference8734
reactome:ProteinReference3733,abstraction:NeighborOf,reactome:ProteinReference3941
reactome:ProteinReference2902,abstraction:NeighborOf,reactome:ProteinReference2927
reactome:ProteinReference8567,abstraction:NeighborOf,reactome:ProteinReference8574
reactome:ProteinReference5296,abstraction:NeighborOf,reactome:ProteinReference5306
reactome:ProteinReference9707,abstraction:NeighborOf,reactome:ProteinReference9716
reactome:ProteinReference2849,abstraction:NeighborOf,reactome:ProteinReference8907
reactome:ProteinReference1092,abstraction:NeighborOf,reactome:ProteinReference1114
reactome:ProteinReference8709,abstraction:NeighborOf,reactome:ProteinReference8738
reactome:ProteinReference5376,abstraction:NeighborOf,reactome:ProteinReference5445
reactome:ProteinReference8643,abstraction:NeighborOf,reactome:ProteinReference8649
reactome:ProteinReference2992,abstraction:NeighborOf,reactome:ProteinReference2997
reactome:ProteinReference9439,abstraction:NeighborOf,reactome:ProteinReference9958
reactome:ProteinReference4777,abstraction:NeighborOf,reactome:ProteinReference8564
reactome:ProteinReference2994,abstraction:NeighborOf,reactome:ProteinReference2997
reactome:ProteinReference2792,abstraction:NeighborOf,reactome:ProteinReference9956
reactome:ProteinReference10687,abstraction:NeighborOf,reactome:ProteinReference10690
reactome:ProteinReference4512,abstraction:NeighborOf,reactome:ProteinReference8302
reactome:ProteinReference8717,abstraction:NeighborOf,reactome:ProteinReference8734
reactome:ProteinReference10592,abstraction:NeighborOf,reactome:ProteinReference10599
reactome:ProteinReference3512,abstraction:NeighborOf,reactome:ProteinReference907
reactome:ProteinReference6162,abstraction:NeighborOf,reactome:ProteinReference8712
reactome:ProteinReference8652,abstraction:NeighborOf,reactome:ProteinReference8706
reactome:ProteinReference8673,abstraction:NeighborOf,reactome:ProteinReference8675
reactome:ProteinReference7125,abstraction:NeighborOf,reactome:ProteinReference7126
reactome:ProteinReference11433,abstraction:NeighborOf,reactome:ProteinReference9608
reactome:ProteinReference9761,abstraction:NeighborOf,reactome:ProteinReference9769
reactome:ProteinReference3598,abstraction:NeighborOf,reactome:ProteinReference9277
reactome:ProteinReference9077,abstraction:NeighborOf,reactome:ProteinReference9081
reactome:ProteinReference8699,abstraction:NeighborOf,reactome:ProteinReference8702
reactome:ProteinReference1736,abstraction:NeighborOf,reactome:ProteinReference4442
reactome:ProteinReference1106,abstraction:NeighborOf,reactome:ProteinReference1118
reactome:ProteinReference1090,abstraction:NeighborOf,reactome:ProteinReference1091
reactome:ProteinReference8652,abstraction:NeighborOf,reactome:ProteinReference8713
reactome:ProteinReference1736,abstraction:NeighborOf,reactome:ProteinReference4387
reactome:ProteinReference10823,abstraction:NeighborOf,reactome:ProteinReference5030
reactome:ProteinReference2852,abstraction:NeighborOf,reactome:ProteinReference2873
reactome:ProteinReference6244,abstraction:NeighborOf,reactome:ProteinReference6247
reactome:ProteinReference3209,abstraction:NeighborOf,reactome:ProteinReference3215
reactome:ProteinReference8564,abstraction:NeighborOf,reactome:ProteinReference9716
reactome:ProteinReference2798,abstraction:NeighborOf,reactome:ProteinReference9446
reactome:ProteinReference6514,abstraction:NeighborOf,reactome:ProteinReference6516
reactome:ProteinReference5443,abstraction:NeighborOf,reactome:ProteinReference5510
reactome:ProteinReference3637,abstraction:NeighborOf,reactome:ProteinReference3638
reactome:ProteinReference2926,abstraction:NeighborOf,reactome:ProteinReference3049
reactome:ProteinReference5317,abstraction:NeighborOf,reactome:ProteinReference5319
reactome:ProteinReference8378,abstraction:NeighborOf,reactome:ProteinReference8902
reactome:ProteinReference9758,abstraction:NeighborOf,reactome:ProteinReference9760
reactome:ProteinReference8698,abstraction:NeighborOf,reactome:ProteinReference8736
reactome:ProteinReference8724,abstraction:NeighborOf,reactome:ProteinReference8725
reactome:ProteinReference8659,abstraction:NeighborOf,reactome:ProteinReference8675
reactome:ProteinReference10466,abstraction:NeighborOf,reactome:ProteinReference1133
reactome:ProteinReference3024,abstraction:NeighborOf,reactome:ProteinReference3029
reactome:ProteinReference8705,abstraction:NeighborOf,reactome:ProteinReference8719
reactome:ProteinReference431,abstraction:NeighborOf,reactome:ProteinReference434
reactome:ProteinReference390,abstraction:NeighborOf,reactome:ProteinReference4705
reactome:ProteinReference4407,abstraction:NeighborOf,reactome:ProteinReference4543
reactome:ProteinReference8699,abstraction:NeighborOf,reactome:ProteinReference8701
reactome:ProteinReference8666,abstraction:NeighborOf,reactome:ProteinReference8712
reactome:ProteinReference5133,abstraction:NeighborOf,reactome:ProteinReference5137
reactome:ProteinReference2996,abstraction:NeighborOf,reactome:ProteinReference3003
reactome:ProteinReference8661,abstraction:NeighborOf,reactome:ProteinReference8729
reactome:ProteinReference10563,abstraction:NeighborOf,reactome:ProteinReference2884
reactome:ProteinReference8086,abstraction:NeighborOf,reactome:ProteinReference8116
reactome:ProteinReference3072,abstraction:NeighborOf,reactome:ProteinReference3697
reactome:ProteinReference3077,abstraction:NeighborOf,reactome:ProteinReference3151
reactome:ProteinReference4437,abstraction:NeighborOf,reactome:ProteinReference6101
reactome:ProteinReference2936,abstraction:NeighborOf,reactome:ProteinReference2938
reactome:ProteinReference6352,abstraction:NeighborOf,reactome:ProteinReference6355
reactome:ProteinReference6998,abstraction:NeighborOf,reactome:ProteinReference6999
reactome:ProteinReference2962,abstraction:NeighborOf,reactome:ProteinReference2993
reactome:ProteinReference8690,abstraction:NeighborOf,reactome:ProteinReference8759
reactome:ProteinReference8699,abstraction:NeighborOf,reactome:ProteinReference8724
reactome:ProteinReference8708,abstraction:NeighborOf,reactome:ProteinReference8734
reactome:ProteinReference10950,abstraction:NeighborOf,reactome:ProteinReference4221
reactome:ProteinReference2854,abstraction:NeighborOf,reactome:ProteinReference2930
reactome:ProteinReference2850,abstraction:NeighborOf,reactome:ProteinReference2995
reactome:ProteinReference8642,abstraction:NeighborOf,reactome:ProteinReference8753
reactome:ProteinReference8689,abstraction:NeighborOf,reactome:ProteinReference8690
reactome:ProteinReference8660,abstraction:NeighborOf,reactome:ProteinReference8706
reactome:ProteinReference4385,abstraction:NeighborOf,reactome:ProteinReference4702
reactome:ProteinReference8679,abstraction:NeighborOf,reactome:ProteinReference8681
reactome:ProteinReference8670,abstraction:NeighborOf,reactome:ProteinReference8738
reactome:ProteinReference9790,abstraction:NeighborOf,reactome:ProteinReference9792
reactome:ProteinReference1737,abstraction:NeighborOf,reactome:ProteinReference4470
reactome:ProteinReference4453,abstraction:NeighborOf,reactome:ProteinReference5404
reactome:ProteinReference9714,abstraction:NeighborOf,reactome:ProteinReference9721
reactome:ProteinReference5295,abstraction:NeighborOf,reactome:ProteinReference5304
reactome:ProteinReference11156,abstraction:NeighborOf,reactome:ProteinReference11157
reactome:ProteinReference6162,abstraction:NeighborOf,reactome:ProteinReference6759
reactome:ProteinReference2979,abstraction:NeighborOf,reactome:ProteinReference2997
reactome:ProteinReference2979,abstraction:NeighborOf,reactome:ProteinReference2991
reactome:ProteinReference4253,abstraction:NeighborOf,reactome:ProteinReference4254
reactome:ProteinReference8701,abstraction:NeighborOf,reactome:ProteinReference8730
reactome:ProteinReference1062,abstraction:NeighborOf,reactome:ProteinReference7724
reactome:ProteinReference8660,abstraction:NeighborOf,reactome:ProteinReference8713
reactome:ProteinReference5037,abstraction:NeighborOf,reactome:ProteinReference5039
reactome:ProteinReference1102,abstraction:NeighborOf,reactome:ProteinReference1121
reactome:ProteinReference3211,abstraction:NeighborOf,reactome:ProteinReference3215
reactome:ProteinReference2927,abstraction:NeighborOf,reactome:ProteinReference2934
reactome:ProteinReference8661,abstraction:NeighborOf,reactome:ProteinReference8738
reactome:ProteinReference4423,abstraction:NeighborOf,reactome:ProteinReference5294
reactome:ProteinReference2778,abstraction:NeighborOf,reactome:ProteinReference5291
reactome:ProteinReference5450,abstraction:NeighborOf,reactome:ProteinReference7324
reactome:ProteinReference4696,abstraction:NeighborOf,reactome:ProteinReference4718
reactome:ProteinReference9949,abstraction:NeighborOf,reactome:ProteinReference9951
reactome:ProteinReference9702,abstraction:NeighborOf,reactome:ProteinReference9708
reactome:ProteinReference2875,abstraction:NeighborOf,reactome:ProteinReference2934
reactome:ProteinReference8749,abstraction:NeighborOf,reactome:ProteinReference8751
reactome:ProteinReference8649,abstraction:NeighborOf,reactome:ProteinReference8735
reactome:ProteinReference8651,abstraction:NeighborOf,reactome:ProteinReference8718
reactome:ProteinReference2987,abstraction:NeighborOf,reactome:ProteinReference2990
reactome:ProteinReference8671,abstraction:NeighborOf,reactome:ProteinReference8672
reactome:ProteinReference8645,abstraction:NeighborOf,reactome:ProteinReference8652
reactome:ProteinReference2897,abstraction:NeighborOf,reactome:ProteinReference2930
reactome:ProteinReference5287,abstraction:NeighborOf,reactome:ProteinReference5288
reactome:ProteinReference6162,abstraction:NeighborOf,reactome:ProteinReference8643
reactome:ProteinReference6103,abstraction:NeighborOf,reactome:ProteinReference7735
reactome:ProteinReference2462,abstraction:NeighborOf,reactome:ProteinReference2472
reactome:ProteinReference6243,abstraction:NeighborOf,reactome:ProteinReference665
reactome:ProteinReference2990,abstraction:NeighborOf,reactome:ProteinReference2996
reactome:ProteinReference6423,abstraction:NeighborOf,reactome:ProteinReference7755
reactome:ProteinReference2447,abstraction:NeighborOf,reactome:ProteinReference4841
reactome:ProteinReference61,abstraction:NeighborOf,reactome:ProteinReference63
reactome:ProteinReference8646,abstraction:NeighborOf,reactome:ProteinReference8662
reactome:ProteinReference5053,abstraction:NeighborOf,reactome:ProteinReference9416
reactome:ProteinReference1061,abstraction:NeighborOf,reactome:ProteinReference10809
reactome:ProteinReference6511,abstraction:NeighborOf,reactome:ProteinReference6513
reactome:ProteinReference8712,abstraction:NeighborOf,reactome:ProteinReference8730
reactome:ProteinReference8757,abstraction:NeighborOf,reactome:ProteinReference8762
reactome:ProteinReference1088,abstraction:NeighborOf,reactome:ProteinReference1736
reactome:ProteinReference5050,abstraction:NeighborOf,reactome:ProteinReference6278
reactome:ProteinReference6796,abstraction:NeighborOf,reactome:ProteinReference6797
reactome:ProteinReference1814,abstraction:NeighborOf,reactome:ProteinReference2668
reactome:ProteinReference8749,abstraction:NeighborOf,reactome:ProteinReference8765
reactome:ProteinReference8746,abstraction:NeighborOf,reactome:ProteinReference8756
reactome:ProteinReference8666,abstraction:NeighborOf,reactome:ProteinReference8711
reactome:ProteinReference10689,abstraction:NeighborOf,reactome:ProteinReference6622
reactome:ProteinReference8719,abstraction:NeighborOf,reactome:ProteinReference8724
reactome:ProteinReference8756,abstraction:NeighborOf,reactome:ProteinReference8757
reactome:ProteinReference8754,abstraction:NeighborOf,reactome:ProteinReference8766
reactome:ProteinReference8707,abstraction:NeighborOf,reactome:ProteinReference8731
reactome:ProteinReference1124,abstraction:NeighborOf,reactome:ProteinReference8740
reactome:ProteinReference6101,abstraction:NeighborOf,reactome:ProteinReference8333
reactome:ProteinReference2875,abstraction:NeighborOf,reactome:ProteinReference2897
reactome:ProteinReference8645,abstraction:NeighborOf,reactome:ProteinReference8730
reactome:ProteinReference3923,abstraction:NeighborOf,reactome:ProteinReference3930
reactome:ProteinReference2982,abstraction:NeighborOf,reactome:ProteinReference2986
reactome:ProteinReference4134,abstraction:NeighborOf,reactome:ProteinReference4135
reactome:ProteinReference1834,abstraction:NeighborOf,reactome:ProteinReference2539
reactome:ProteinReference8678,abstraction:NeighborOf,reactome:ProteinReference8737
reactome:ProteinReference1736,abstraction:NeighborOf,reactome:ProteinReference2834
reactome:ProteinReference4406,abstraction:NeighborOf,reactome:ProteinReference4686
reactome:ProteinReference2907,abstraction:NeighborOf,reactome:ProteinReference2934
reactome:ProteinReference8643,abstraction:NeighborOf,reactome:ProteinReference8734
reactome:ProteinReference4567,abstraction:NeighborOf,reactome:ProteinReference8997
reactome:ProteinReference10476,abstraction:NeighborOf,reactome:ProteinReference8601
reactome:ProteinReference2991,abstraction:NeighborOf,reactome:ProteinReference2993
reactome:ProteinReference8653,abstraction:NeighborOf,reactome:ProteinReference8761
reactome:ProteinReference10853,abstraction:NeighborOf,reactome:ProteinReference7609
reactome:ProteinReference1064,abstraction:NeighborOf,reactome:ProteinReference1736
reactome:ProteinReference10548,abstraction:NeighborOf,reactome:ProteinReference10549
reactome:ProteinReference2995,abstraction:NeighborOf,reactome:ProteinReference3001
reactome:ProteinReference5418,abstraction:NeighborOf,reactome:ProteinReference6774
reactome:ProteinReference8721,abstraction:NeighborOf,reactome:ProteinReference8730
reactome:ProteinReference1815,abstraction:NeighborOf,reactome:ProteinReference7850
reactome:ProteinReference2472,abstraction:NeighborOf,reactome:ProteinReference3201
reactome:ProteinReference8668,abstraction:NeighborOf,reactome:ProteinReference8687
reactome:ProteinReference2445,abstraction:NeighborOf,reactome:ProteinReference2454
reactome:ProteinReference3100,abstraction:NeighborOf,reactome:ProteinReference6103
reactome:ProteinReference1736,abstraction:NeighborOf,reactome:ProteinReference4486
reactome:ProteinReference8990,abstraction:NeighborOf,reactome:ProteinReference8995
reactome:ProteinReference8643,abstraction:NeighborOf,reactome:ProteinReference8659
reactome:ProteinReference2996,abstraction:NeighborOf,reactome:ProteinReference3002
reactome:ProteinReference8700,abstraction:NeighborOf,reactome:ProteinReference8731
reactome:ProteinReference8665,abstraction:NeighborOf,reactome:ProteinReference8752
reactome:ProteinReference11045,abstraction:NeighborOf,reactome:ProteinReference9969
reactome:ProteinReference11045,abstraction:NeighborOf,reactome:ProteinReference11049
reactome:ProteinReference2466,abstraction:NeighborOf,reactome:ProteinReference6769
reactome:ProteinReference1736,abstraction:NeighborOf,reactome:ProteinReference4454
reactome:ProteinReference67,abstraction:NeighborOf,reactome:ProteinReference70
reactome:ProteinReference4788,abstraction:NeighborOf,reactome:ProteinReference6465
reactome:ProteinReference2971,abstraction:NeighborOf,reactome:ProteinReference2990
reactome:ProteinReference10668,abstraction:NeighborOf,reactome:ProteinReference8607
reactome:ProteinReference2447,abstraction:NeighborOf,reactome:ProteinReference2471
reactome:ProteinReference8708,abstraction:NeighborOf,reactome:ProteinReference8718
reactome:ProteinReference8649,abstraction:NeighborOf,reactome:ProteinReference8699
reactome:ProteinReference4457,abstraction:NeighborOf,reactome:ProteinReference4489
reactome:ProteinReference10525,abstraction:NeighborOf,reactome:ProteinReference10526
reactome:ProteinReference5039,abstraction:NeighborOf,reactome:ProteinReference5042
reactome:ProteinReference9382,abstraction:NeighborOf,reactome:ProteinReference9601
reactome:ProteinReference2902,abstraction:NeighborOf,reactome:ProteinReference2931
reactome:ProteinReference6508,abstraction:NeighborOf,reactome:ProteinReference6509
reactome:ProteinReference8664,abstraction:NeighborOf,reactome:ProteinReference8675
reactome:ProteinReference1102,abstraction:NeighborOf,reactome:ProteinReference1113
reactome:ProteinReference2983,abstraction:NeighborOf,reactome:ProteinReference3004
reactome:ProteinReference8714,abstraction:NeighborOf,reactome:ProteinReference8726
reactome:ProteinReference8677,abstraction:NeighborOf,reactome:ProteinReference8756
reactome:ProteinReference8713,abstraction:NeighborOf,reactome:ProteinReference8720
reactome:ProteinReference2446,abstraction:NeighborOf,reactome:ProteinReference2474
reactome:ProteinReference8722,abstraction:NeighborOf,reactome:ProteinReference8728
reactome:ProteinReference8745,abstraction:NeighborOf,reactome:ProteinReference8753
reactome:ProteinReference1064,abstraction:NeighborOf,reactome:ProteinReference1123
reactome:ProteinReference8344,abstraction:NeighborOf,reactome:ProteinReference8348
reactome:ProteinReference2876,abstraction:NeighborOf,reactome:ProteinReference2956
reactome:ProteinReference1153,abstraction:NeighborOf,reactome:ProteinReference1154
reactome:ProteinReference8686,abstraction:NeighborOf,reactome:ProteinReference8755
reactome:ProteinReference8703,abstraction:NeighborOf,reactome:ProteinReference8709
reactome:ProteinReference2824,abstraction:NeighborOf,reactome:ProteinReference2981
reactome:ProteinReference6396,abstraction:NeighborOf,reactome:ProteinReference6397
reactome:ProteinReference8672,abstraction:NeighborOf,reactome:ProteinReference8706
reactome:ProteinReference3107,abstraction:NeighborOf,reactome:ProteinReference3682
reactome:ProteinReference2469,abstraction:NeighborOf,reactome:ProteinReference2473
reactome:ProteinReference2850,abstraction:NeighborOf,reactome:ProteinReference2991
reactome:ProteinReference8704,abstraction:NeighborOf,reactome:ProteinReference8726
reactome:ProteinReference1736,abstraction:NeighborOf,reactome:ProteinReference4484
reactome:ProteinReference8696,abstraction:NeighborOf,reactome:ProteinReference8721
reactome:ProteinReference10475,abstraction:NeighborOf,reactome:ProteinReference10478
reactome:ProteinReference8697,abstraction:NeighborOf,reactome:ProteinReference8709
reactome:ProteinReference10853,abstraction:NeighborOf,reactome:ProteinReference4456
reactome:ProteinReference3338,abstraction:NeighborOf,reactome:ProteinReference8805
reactome:ProteinReference4188,abstraction:NeighborOf,reactome:ProteinReference6356
reactome:ProteinReference8670,abstraction:NeighborOf,reactome:ProteinReference8721
reactome:ProteinReference8672,abstraction:NeighborOf,reactome:ProteinReference8713
reactome:ProteinReference6162,abstraction:NeighborOf,reactome:ProteinReference8674
reactome:ProteinReference5155,abstraction:NeighborOf,reactome:ProteinReference6138
reactome:ProteinReference8750,abstraction:NeighborOf,reactome:ProteinReference8766
reactome:ProteinReference10846,abstraction:NeighborOf,reactome:ProteinReference5393
reactome:ProteinReference10372,abstraction:NeighborOf,reactome:ProteinReference10373
reactome:ProteinReference8649,abstraction:NeighborOf,reactome:ProteinReference8701
reactome:ProteinReference1160,abstraction:NeighborOf,reactome:ProteinReference6439
reactome:ProteinReference8701,abstraction:NeighborOf,reactome:ProteinReference8707
reactome:ProteinReference1736,abstraction:NeighborOf,reactome:ProteinReference4470
reactome:ProteinReference2831,abstraction:NeighborOf,reactome:ProteinReference2832
reactome:ProteinReference6185,abstraction:NeighborOf,reactome:ProteinReference8176
reactome:ProteinReference9286,abstraction:NeighborOf,reactome:ProteinReference9721
reactome:ProteinReference8662,abstraction:NeighborOf,reactome:ProteinReference8689
reactome:ProteinReference8687,abstraction:NeighborOf,reactome:ProteinReference8748
reactome:ProteinReference8657,abstraction:NeighborOf,reactome:ProteinReference8674
reactome:ProteinReference8680,abstraction:NeighborOf,reactome:ProteinReference8756
reactome:ProteinReference8697,abstraction:NeighborOf,reactome:ProteinReference8722
reactome:ProteinReference2830,abstraction:NeighborOf,reactome:ProteinReference2833
reactome:ProteinReference8728,abstraction:NeighborOf,reactome:ProteinReference8734
reactome:ProteinReference6733,abstraction:NeighborOf,reactome:ProteinReference6734
reactome:ProteinReference8687,abstraction:NeighborOf,reactome:ProteinReference8745
reactome:ProteinReference2876,abstraction:NeighborOf,reactome:ProteinReference2993
reactome:ProteinReference8651,abstraction:NeighborOf,reactome:ProteinReference8696
reactome:ProteinReference8648,abstraction:NeighborOf,reactome:ProteinReference8674
reactome:ProteinReference8653,abstraction:NeighborOf,reactome:ProteinReference8767
reactome:ProteinReference8389,abstraction:NeighborOf,reactome:ProteinReference8390
reactome:ProteinReference6244,abstraction:NeighborOf,reactome:ProteinReference6258
reactome:ProteinReference1943,abstraction:NeighborOf,reactome:ProteinReference1948
reactome:ProteinReference2907,abstraction:NeighborOf,reactome:ProteinReference2971
reactome:ProteinReference2928,abstraction:NeighborOf,reactome:ProteinReference2962
reactome:ProteinReference8678,abstraction:NeighborOf,reactome:ProteinReference8735
reactome:ProteinReference4700,abstraction:NeighborOf,reactome:ProteinReference4702
reactome:ProteinReference8696,abstraction:NeighborOf,reactome:ProteinReference8717
reactome:ProteinReference8645,abstraction:NeighborOf,reactome:ProteinReference8651
reactome:ProteinReference8748,abstraction:NeighborOf,reactome:ProteinReference8759
reactome:ProteinReference1113,abstraction:NeighborOf,reactome:ProteinReference1122
reactome:ProteinReference8649,abstraction:NeighborOf,reactome:ProteinReference8723
reactome:ProteinReference10560,abstraction:NeighborOf,reactome:ProteinReference10563
reactome:ProteinReference9707,abstraction:NeighborOf,reactome:ProteinReference9708
reactome:ProteinReference8670,abstraction:NeighborOf,reactome:ProteinReference8717
reactome:ProteinReference4497,abstraction:NeighborOf,reactome:ProteinReference4680
reactome:ProteinReference5396,abstraction:NeighborOf,reactome:ProteinReference5420
reactome:ProteinReference10573,abstraction:NeighborOf,reactome:ProteinReference4699
reactome:ProteinReference8666,abstraction:NeighborOf,reactome:ProteinReference8674
reactome:ProteinReference8652,abstraction:NeighborOf,reactome:ProteinReference8704
reactome:ProteinReference3893,abstraction:NeighborOf,reactome:ProteinReference4504
reactome:ProteinReference10580,abstraction:NeighborOf,reactome:ProteinReference11273
reactome:ProteinReference8637,abstraction:NeighborOf,reactome:ProteinReference9714
reactome:ProteinReference8675,abstraction:NeighborOf,reactome:ProteinReference8702
reactome:ProteinReference6092,abstraction:NeighborOf,reactome:ProteinReference6096
reactome:ProteinReference2972,abstraction:NeighborOf,reactome:ProteinReference2982
reactome:ProteinReference9767,abstraction:NeighborOf,reactome:ProteinReference9769
reactome:ProteinReference8604,abstraction:NeighborOf,reactome:ProteinReference8605
reactome:ProteinReference6851,abstraction:NeighborOf,reactome:ProteinReference7951
reactome:ProteinReference1088,abstraction:NeighborOf,reactome:ProteinReference4402
reactome:ProteinReference4770,abstraction:NeighborOf,reactome:ProteinReference4780
reactome:ProteinReference8645,abstraction:NeighborOf,reactome:ProteinReference8707
reactome:ProteinReference8335,abstraction:NeighborOf,reactome:ProteinReference8338
reactome:ProteinReference8692,abstraction:NeighborOf,reactome:ProteinReference8719
reactome:ProteinReference8703,abstraction:NeighborOf,reactome:ProteinReference8736
reactome:ProteinReference6229,abstraction:NeighborOf,reactome:ProteinReference6233
reactome:ProteinReference2959,abstraction:NeighborOf,reactome:ProteinReference2979
reactome:ProteinReference10668,abstraction:NeighborOf,reactome:ProteinReference10669
reactome:ProteinReference8714,abstraction:NeighborOf,reactome:ProteinReference8721
reactome:ProteinReference2984,abstraction:NeighborOf,reactome:ProteinReference2989
reactome:ProteinReference8677,abstraction:NeighborOf,reactome:ProteinReference8762
reactome:ProteinReference1268,abstraction:NeighborOf,reactome:ProteinReference1269
reactome:ProteinReference2962,abstraction:NeighborOf,reactome:ProteinReference2987
reactome:ProteinReference7673,abstraction:NeighborOf,reactome:ProteinReference7675
reactome:ProteinReference8997,abstraction:NeighborOf,reactome:ProteinReference8998
reactome:ProteinReference6244,abstraction:NeighborOf,reactome:ProteinReference6266
reactome:ProteinReference8564,abstraction:NeighborOf,reactome:ProteinReference9708
reactome:ProteinReference8702,abstraction:NeighborOf,reactome:ProteinReference8718
reactome:ProteinReference8759,abstraction:NeighborOf,reactome:ProteinReference8760
reactome:ProteinReference2989,abstraction:NeighborOf,reactome:ProteinReference3001
reactome:ProteinReference8746,abstraction:NeighborOf,reactome:ProteinReference8760
reactome:ProteinReference2448,abstraction:NeighborOf,reactome:ProteinReference2473
reactome:ProteinReference10836,abstraction:NeighborOf,reactome:ProteinReference10837
reactome:ProteinReference4701,abstraction:NeighborOf,reactome:ProteinReference9064
reactome:ProteinReference8675,abstraction:NeighborOf,reactome:ProteinReference8701
reactome:ProteinReference8567,abstraction:NeighborOf,reactome:ProteinReference8570
reactome:ProteinReference4497,abstraction:NeighborOf,reactome:ProteinReference9707
reactome:ProteinReference10828,abstraction:NeighborOf,reactome:ProteinReference7604
reactome:ProteinReference8680,abstraction:NeighborOf,reactome:ProteinReference8745
reactome:ProteinReference8703,abstraction:NeighborOf,reactome:ProteinReference8710
reactome:ProteinReference8688,abstraction:NeighborOf,reactome:ProteinReference8690
reactome:ProteinReference8755,abstraction:NeighborOf,reactome:ProteinReference8762
reactome:ProteinReference3365,abstraction:NeighborOf,reactome:ProteinReference5523
reactome:ProteinReference4393,abstraction:NeighborOf,reactome:ProteinReference6897
reactome:ProteinReference1088,abstraction:NeighborOf,reactome:ProteinReference7729
reactome:ProteinReference8686,abstraction:NeighborOf,reactome:ProteinReference8754
reactome:ProteinReference1736,abstraction:NeighborOf,reactome:ProteinReference4457
reactome:ProteinReference8718,abstraction:NeighborOf,reactome:ProteinReference8725
reactome:ProteinReference2928,abstraction:NeighborOf,reactome:ProteinReference2936
reactome:ProteinReference2959,abstraction:NeighborOf,reactome:ProteinReference2962
reactome:ProteinReference2997,abstraction:NeighborOf,reactome:ProteinReference3000
reactome:ProteinReference3106,abstraction:NeighborOf,reactome:ProteinReference3107
reactome:ProteinReference2932,abstraction:NeighborOf,reactome:ProteinReference2984
reactome:ProteinReference8675,abstraction:NeighborOf,reactome:ProteinReference8724
reactome:ProteinReference8713,abstraction:NeighborOf,reactome:ProteinReference8736
reactome:ProteinReference6293,abstraction:NeighborOf,reactome:ProteinReference9807
reactome:ProteinReference503,abstraction:NeighborOf,reactome:ProteinReference6162
reactome:ProteinReference10564,abstraction:NeighborOf,reactome:ProteinReference5420
reactome:ProteinReference8659,abstraction:NeighborOf,reactome:ProteinReference8734
reactome:ProteinReference2852,abstraction:NeighborOf,reactome:ProteinReference2990
reactome:ProteinReference2987,abstraction:NeighborOf,reactome:ProteinReference2988
reactome:ProteinReference8907,abstraction:NeighborOf,reactome:ProteinReference8933
reactome:ProteinReference3072,abstraction:NeighborOf,reactome:ProteinReference8183
reactome:ProteinReference8671,abstraction:NeighborOf,reactome:ProteinReference8719
reactome:ProteinReference8660,abstraction:NeighborOf,reactome:ProteinReference8704
reactome:ProteinReference8644,abstraction:NeighborOf,reactome:ProteinReference8761
reactome:ProteinReference8651,abstraction:NeighborOf,reactome:ProteinReference8731
reactome:ProteinReference2787,abstraction:NeighborOf,reactome:ProteinReference2792
reactome:ProteinReference5443,abstraction:NeighborOf,reactome:ProteinReference6859
reactome:ProteinReference2874,abstraction:NeighborOf,reactome:ProteinReference2936
reactome:ProteinReference2990,abstraction:NeighborOf,reactome:ProteinReference2995
reactome:ProteinReference1088,abstraction:NeighborOf,reactome:ProteinReference1351
reactome:ProteinReference10755,abstraction:NeighborOf,reactome:ProteinReference10759
reactome:ProteinReference8678,abstraction:NeighborOf,reactome:ProteinReference8699
reactome:ProteinReference8698,abstraction:NeighborOf,reactome:ProteinReference8721
reactome:ProteinReference2987,abstraction:NeighborOf,reactome:ProteinReference2994
reactome:ProteinReference2462,abstraction:NeighborOf,reactome:ProteinReference2471
reactome:ProteinReference8642,abstraction:NeighborOf,reactome:ProteinReference8766
reactome:ProteinReference8699,abstraction:NeighborOf,reactome:ProteinReference8728
reactome:ProteinReference1106,abstraction:NeighborOf,reactome:ProteinReference1121
reactome:ProteinReference4445,abstraction:NeighborOf,reactome:ProteinReference7249
reactome:ProteinReference8717,abstraction:NeighborOf,reactome:ProteinReference8731
reactome:ProteinReference8706,abstraction:NeighborOf,reactome:ProteinReference8730
reactome:ProteinReference8711,abstraction:NeighborOf,reactome:ProteinReference8733
reactome:ProteinReference11271,abstraction:NeighborOf,reactome:ProteinReference11272
reactome:ProteinReference8731,abstraction:NeighborOf,reactome:ProteinReference8736
reactome:ProteinReference11435,abstraction:NeighborOf,reactome:ProteinReference2970
reactome:ProteinReference2981,abstraction:NeighborOf,reactome:ProteinReference2995
reactome:ProteinReference2795,abstraction:NeighborOf,reactome:ProteinReference9954
reactome:ProteinReference6244,abstraction:NeighborOf,reactome:ProteinReference6249
reactome:ProteinReference1064,abstraction:NeighborOf,reactome:ProteinReference1351
reactome:ProteinReference8696,abstraction:NeighborOf,reactome:ProteinReference8697
reactome:ProteinReference11434,abstraction:NeighborOf,reactome:ProteinReference4788
reactome:ProteinReference5510,abstraction:NeighborOf,reactome:ProteinReference5570
reactome:ProteinReference10780,abstraction:NeighborOf,reactome:ProteinReference10781
reactome:ProteinReference3571,abstraction:NeighborOf,reactome:ProteinReference3572
reactome:ProteinReference8670,abstraction:NeighborOf,reactome:ProteinReference8697
reactome:ProteinReference2998,abstraction:NeighborOf,reactome:ProteinReference3002
reactome:ProteinReference10590,abstraction:NeighborOf,reactome:ProteinReference10599
reactome:ProteinReference3850,abstraction:NeighborOf,reactome:ProteinReference431
reactome:ProteinReference2897,abstraction:NeighborOf,reactome:ProteinReference2929
reactome:ProteinReference10444,abstraction:NeighborOf,reactome:ProteinReference11469
reactome:ProteinReference4205,abstraction:NeighborOf,reactome:ProteinReference7354
reactome:ProteinReference2787,abstraction:NeighborOf,reactome:ProteinReference2798
reactome:ProteinReference8677,abstraction:NeighborOf,reactome:ProteinReference8760
reactome:ProteinReference8698,abstraction:NeighborOf,reactome:ProteinReference8717
reactome:ProteinReference8729,abstraction:NeighborOf,reactome:ProteinReference8734
reactome:ProteinReference4113,abstraction:NeighborOf,reactome:ProteinReference8907
reactome:ProteinReference10845,abstraction:NeighborOf,reactome:ProteinReference5390
reactome:ProteinReference2792,abstraction:NeighborOf,reactome:ProteinReference9954
reactome:ProteinReference2853,abstraction:NeighborOf,reactome:ProteinReference2929
reactome:ProteinReference8678,abstraction:NeighborOf,reactome:ProteinReference8701
reactome:ProteinReference6137,abstraction:NeighborOf,reactome:ProteinReference8696
reactome:ProteinReference8747,abstraction:NeighborOf,reactome:ProteinReference8755
reactome:ProteinReference6802,abstraction:NeighborOf,reactome:ProteinReference6934
reactome:ProteinReference1160,abstraction:NeighborOf,reactome:ProteinReference5356
reactome:ProteinReference1065,abstraction:NeighborOf,reactome:ProteinReference1091
reactome:ProteinReference4437,abstraction:NeighborOf,reactome:ProteinReference5291
reactome:ProteinReference6194,abstraction:NeighborOf,reactome:ProteinReference6278
reactome:ProteinReference7084,abstraction:NeighborOf,reactome:ProteinReference7085
reactome:ProteinReference2961,abstraction:NeighborOf,reactome:ProteinReference2981
reactome:ProteinReference10473,abstraction:NeighborOf,reactome:ProteinReference10477
reactome:ProteinReference8755,abstraction:NeighborOf,reactome:ProteinReference8765
reactome:ProteinReference2851,abstraction:NeighborOf,reactome:ProteinReference3001
reactome:ProteinReference11254,abstraction:NeighborOf,reactome:ProteinReference11272
reactome:ProteinReference1154,abstraction:NeighborOf,reactome:ProteinReference1437
reactome:ProteinReference6147,abstraction:NeighborOf,reactome:ProteinReference6161
reactome:ProteinReference10580,abstraction:NeighborOf,reactome:ProteinReference5294
reactome:ProteinReference8689,abstraction:NeighborOf,reactome:ProteinReference8718
reactome:ProteinReference6103,abstraction:NeighborOf,reactome:ProteinReference6278
reactome:ProteinReference8703,abstraction:NeighborOf,reactome:ProteinReference8729
reactome:ProteinReference2978,abstraction:NeighborOf,reactome:ProteinReference2993
reactome:ProteinReference8752,abstraction:NeighborOf,reactome:ProteinReference8753
reactome:ProteinReference2854,abstraction:NeighborOf,reactome:ProteinReference2861
reactome:ProteinReference2859,abstraction:NeighborOf,reactome:ProteinReference2873
reactome:ProteinReference8730,abstraction:NeighborOf,reactome:ProteinReference8735
reactome:ProteinReference8708,abstraction:NeighborOf,reactome:ProteinReference8731
reactome:ProteinReference8753,abstraction:NeighborOf,reactome:ProteinReference8769
reactome:ProteinReference2971,abstraction:NeighborOf,reactome:ProteinReference2994
reactome:ProteinReference8719,abstraction:NeighborOf,reactome:ProteinReference8728
reactome:ProteinReference1083,abstraction:NeighborOf,reactome:ProteinReference4141
reactome:ProteinReference8336,abstraction:NeighborOf,reactome:ProteinReference8339
reactome:ProteinReference5942,abstraction:NeighborOf,reactome:ProteinReference6157
reactome:ProteinReference8715,abstraction:NeighborOf,reactome:ProteinReference8733
reactome:ProteinReference8678,abstraction:NeighborOf,reactome:ProteinReference8723
reactome:ProteinReference8680,abstraction:NeighborOf,reactome:ProteinReference8760
reactome:ProteinReference8653,abstraction:NeighborOf,reactome:ProteinReference8750
reactome:ProteinReference2962,abstraction:NeighborOf,reactome:ProteinReference3003
reactome:ProteinReference1023,abstraction:NeighborOf,reactome:ProteinReference5510
reactome:ProteinReference4188,abstraction:NeighborOf,reactome:ProteinReference6357
reactome:ProteinReference8720,abstraction:NeighborOf,reactome:ProteinReference8730
reactome:ProteinReference5763,abstraction:NeighborOf,reactome:ProteinReference6859
reactome:ProteinReference8701,abstraction:NeighborOf,reactome:ProteinReference8735
reactome:ProteinReference2860,abstraction:NeighborOf,reactome:ProteinReference2861
reactome:ProteinReference3001,abstraction:NeighborOf,reactome:ProteinReference3003
reactome:ProteinReference5510,abstraction:NeighborOf,reactome:ProteinReference5514
reactome:ProteinReference8674,abstraction:NeighborOf,reactome:ProteinReference8734
reactome:ProteinReference2847,abstraction:NeighborOf,reactome:ProteinReference3195
reactome:ProteinReference8652,abstraction:NeighborOf,reactome:ProteinReference8705
reactome:ProteinReference8644,abstraction:NeighborOf,reactome:ProteinReference8767
reactome:ProteinReference8713,abstraction:NeighborOf,reactome:ProteinReference8729
reactome:ProteinReference6342,abstraction:NeighborOf,reactome:ProteinReference6344
reactome:ProteinReference8703,abstraction:NeighborOf,reactome:ProteinReference8738
reactome:ProteinReference8706,abstraction:NeighborOf,reactome:ProteinReference8711
reactome:ProteinReference2884,abstraction:NeighborOf,reactome:ProteinReference6048
reactome:ProteinReference11299,abstraction:NeighborOf,reactome:ProteinReference11301
reactome:ProteinReference2851,abstraction:NeighborOf,reactome:ProteinReference2859
reactome:ProteinReference10733,abstraction:NeighborOf,reactome:ProteinReference10734
reactome:ProteinReference2445,abstraction:NeighborOf,reactome:ProteinReference2447
reactome:ProteinReference11434,abstraction:NeighborOf,reactome:ProteinReference6465
reactome:ProteinReference10784,abstraction:NeighborOf,reactome:ProteinReference7660
reactome:ProteinReference8711,abstraction:NeighborOf,reactome:ProteinReference8713
reactome:ProteinReference10687,abstraction:NeighborOf,reactome:ProteinReference6622
reactome:ProteinReference1153,abstraction:NeighborOf,reactome:ProteinReference6158
reactome:ProteinReference2873,abstraction:NeighborOf,reactome:ProteinReference2933
reactome:ProteinReference10909,abstraction:NeighborOf,reactome:ProteinReference10911
reactome:ProteinReference9954,abstraction:NeighborOf,reactome:ProteinReference9957
reactome:ProteinReference8838,abstraction:NeighborOf,reactome:ProteinReference9851
reactome:ProteinReference2928,abstraction:NeighborOf,reactome:ProteinReference2929
reactome:ProteinReference6773,abstraction:NeighborOf,reactome:ProteinReference9703
reactome:ProteinReference10573,abstraction:NeighborOf,reactome:ProteinReference1737
reactome:ProteinReference5063,abstraction:NeighborOf,reactome:ProteinReference6244
reactome:ProteinReference1736,abstraction:NeighborOf,reactome:ProteinReference4394
reactome:ProteinReference2448,abstraction:NeighborOf,reactome:ProteinReference2468
reactome:ProteinReference2853,abstraction:NeighborOf,reactome:ProteinReference2859
reactome:ProteinReference61,abstraction:NeighborOf,reactome:ProteinReference65
reactome:ProteinReference1106,abstraction:NeighborOf,reactome:ProteinReference1113
reactome:ProteinReference1737,abstraction:NeighborOf,reactome:ProteinReference4493
reactome:ProteinReference10755,abstraction:NeighborOf,reactome:ProteinReference10757
reactome:ProteinReference175,abstraction:NeighborOf,reactome:ProteinReference5443
reactome:ProteinReference8672,abstraction:NeighborOf,reactome:ProteinReference8704
reactome:ProteinReference8713,abstraction:NeighborOf,reactome:ProteinReference8738
reactome:ProteinReference8710,abstraction:NeighborOf,reactome:ProteinReference8734
reactome:ProteinReference8645,abstraction:NeighborOf,reactome:ProteinReference8735
reactome:ProteinReference8646,abstraction:NeighborOf,reactome:ProteinReference8733
reactome:ProteinReference1736,abstraction:NeighborOf,reactome:ProteinReference4383
reactome:ProteinReference8745,abstraction:NeighborOf,reactome:ProteinReference8766
reactome:ProteinReference2990,abstraction:NeighborOf,reactome:ProteinReference2997
reactome:ProteinReference8677,abstraction:NeighborOf,reactome:ProteinReference8744
reactome:ProteinReference1113,abstraction:NeighborOf,reactome:ProteinReference1114
reactome:ProteinReference2990,abstraction:NeighborOf,reactome:ProteinReference2991
reactome:ProteinReference8564,abstraction:NeighborOf,reactome:ProteinReference9713
reactome:ProteinReference2980,abstraction:NeighborOf,reactome:ProteinReference2986
reactome:ProteinReference9286,abstraction:NeighborOf,reactome:ProteinReference9704
reactome:ProteinReference10451,abstraction:NeighborOf,reactome:ProteinReference9960
reactome:ProteinReference8643,abstraction:NeighborOf,reactome:ProteinReference8731
reactome:ProteinReference11271,abstraction:NeighborOf,reactome:ProteinReference11274
reactome:ProteinReference8674,abstraction:NeighborOf,reactome:ProteinReference8678
reactome:ProteinReference2899,abstraction:NeighborOf,reactome:ProteinReference2902
reactome:ProteinReference104,abstraction:NeighborOf,reactome:ProteinReference553
reactome:ProteinReference8660,abstraction:NeighborOf,reactome:ProteinReference8705
reactome:ProteinReference8644,abstraction:NeighborOf,reactome:ProteinReference8664
reactome:ProteinReference8744,abstraction:NeighborOf,reactome:ProteinReference8755
reactome:ProteinReference2956,abstraction:NeighborOf,reactome:ProteinReference2998
reactome:ProteinReference8706,abstraction:NeighborOf,reactome:ProteinReference8707
reactome:ProteinReference2991,abstraction:NeighborOf,reactome:ProteinReference3003
reactome:ProteinReference2543,abstraction:NeighborOf,reactome:ProteinReference2552
reactome:ProteinReference8649,abstraction:NeighborOf,reactome:ProteinReference8727
reactome:ProteinReference5450,abstraction:NeighborOf,reactome:ProteinReference7326
reactome:ProteinReference6162,abstraction:NeighborOf,reactome:ProteinReference8660
reactome:ProteinReference6244,abstraction:NeighborOf,reactome:ProteinReference6260
reactome:ProteinReference236,abstraction:NeighborOf,reactome:ProteinReference4788
reactome:ProteinReference8731,abstraction:NeighborOf,reactome:ProteinReference8738
reactome:ProteinReference8573,abstraction:NeighborOf,reactome:ProteinReference8574
reactome:ProteinReference1821,abstraction:NeighborOf,reactome:ProteinReference6390
reactome:ProteinReference8697,abstraction:NeighborOf,reactome:ProteinReference8726
reactome:ProteinReference2471,abstraction:NeighborOf,reactome:ProteinReference3184
reactome:ProteinReference4188,abstraction:NeighborOf,reactome:ProteinReference6355
reactome:ProteinReference4775,abstraction:NeighborOf,reactome:ProteinReference66
reactome:ProteinReference1782,abstraction:NeighborOf,reactome:ProteinReference6423
reactome:ProteinReference10475,abstraction:NeighborOf,reactome:ProteinReference8607
reactome:ProteinReference2830,abstraction:NeighborOf,reactome:ProteinReference2995
reactome:ProteinReference8657,abstraction:NeighborOf,reactome:ProteinReference8660
reactome:ProteinReference2962,abstraction:NeighborOf,reactome:ProteinReference2990
reactome:ProteinReference9953,abstraction:NeighborOf,reactome:ProteinReference9957
reactome:ProteinReference8666,abstraction:NeighborOf,reactome:ProteinReference8724
reactome:ProteinReference8687,abstraction:NeighborOf,reactome:ProteinReference8757
reactome:ProteinReference5871,abstraction:NeighborOf,reactome:ProteinReference5872
reactome:ProteinReference5128,abstraction:NeighborOf,reactome:ProteinReference5129
reactome:ProteinReference7531,abstraction:NeighborOf,reactome:ProteinReference9435
reactome:ProteinReference8701,abstraction:NeighborOf,reactome:ProteinReference8702
reactome:ProteinReference8679,abstraction:NeighborOf,reactome:ProteinReference8680
reactome:ProteinReference2987,abstraction:NeighborOf,reactome:ProteinReference2989
reactome:ProteinReference8648,abstraction:NeighborOf,reactome:ProteinReference8660
reactome:ProteinReference103,abstraction:NeighborOf,reactome:ProteinReference104
reactome:ProteinReference2962,abstraction:NeighborOf,reactome:ProteinReference3002
reactome:ProteinReference9020,abstraction:NeighborOf,reactome:ProteinReference9022
reactome:ProteinReference2899,abstraction:NeighborOf,reactome:ProteinReference2900
reactome:ProteinReference5423,abstraction:NeighborOf,reactome:ProteinReference6752
reactome:ProteinReference2167,abstraction:NeighborOf,reactome:ProteinReference9703
reactome:ProteinReference8754,abstraction:NeighborOf,reactome:ProteinReference8757
reactome:ProteinReference5300,abstraction:NeighborOf,reactome:ProteinReference8323
reactome:ProteinReference2795,abstraction:NeighborOf,reactome:ProteinReference2798
reactome:ProteinReference6162,abstraction:NeighborOf,reactome:ProteinReference8703
reactome:ProteinReference4113,abstraction:NeighborOf,reactome:ProteinReference5709
reactome:ProteinReference11254,abstraction:NeighborOf,reactome:ProteinReference11274
reactome:ProteinReference3001,abstraction:NeighborOf,reactome:ProteinReference3002
reactome:ProteinReference3477,abstraction:NeighborOf,reactome:ProteinReference6136
reactome:ProteinReference10835,abstraction:NeighborOf,reactome:ProteinReference7341
reactome:ProteinReference8665,abstraction:NeighborOf,reactome:ProteinReference8674
reactome:ProteinReference8378,abstraction:NeighborOf,reactome:ProteinReference8908
reactome:ProteinReference9703,abstraction:NeighborOf,reactome:ProteinReference9709
reactome:ProteinReference10408,abstraction:NeighborOf,reactome:ProteinReference5907
reactome:ProteinReference1063,abstraction:NeighborOf,reactome:ProteinReference1098
reactome:ProteinReference10592,abstraction:NeighborOf,reactome:ProteinReference10594
reactome:ProteinReference7117,abstraction:NeighborOf,reactome:ProteinReference7118
reactome:ProteinReference5002,abstraction:NeighborOf,reactome:ProteinReference5403
reactome:ProteinReference8689,abstraction:NeighborOf,reactome:ProteinReference8696
reactome:ProteinReference8674,abstraction:NeighborOf,reactome:ProteinReference8718
reactome:ProteinReference8652,abstraction:NeighborOf,reactome:ProteinReference8730
reactome:ProteinReference2460,abstraction:NeighborOf,reactome:ProteinReference2473
reactome:ProteinReference4641,abstraction:NeighborOf,reactome:ProteinReference9044
reactome:ProteinReference8646,abstraction:NeighborOf,reactome:ProteinReference8706
reactome:ProteinReference5708,abstraction:NeighborOf,reactome:ProteinReference8573
reactome:ProteinReference8748,abstraction:NeighborOf,reactome:ProteinReference8763
reactome:ProteinReference2792,abstraction:NeighborOf,reactome:ProteinReference2798
reactome:ProteinReference8749,abstraction:NeighborOf,reactome:ProteinReference8750
reactome:ProteinReference2852,abstraction:NeighborOf,reactome:ProteinReference2994
reactome:ProteinReference3925,abstraction:NeighborOf,reactome:ProteinReference659
reactome:ProteinReference2959,abstraction:NeighborOf,reactome:ProteinReference2986
reactome:ProteinReference6162,abstraction:NeighborOf,reactome:ProteinReference8715
reactome:ProteinReference2986,abstraction:NeighborOf,reactome:ProteinReference2993
reactome:ProteinReference5133,abstraction:NeighborOf,reactome:ProteinReference5139
reactome:ProteinReference10819,abstraction:NeighborOf,reactome:ProteinReference5136
reactome:ProteinReference8722,abstraction:NeighborOf,reactome:ProteinReference8736
reactome:ProteinReference8652,abstraction:NeighborOf,reactome:ProteinReference8712
reactome:ProteinReference8701,abstraction:NeighborOf,reactome:ProteinReference8724
reactome:ProteinReference5390,abstraction:NeighborOf,reactome:ProteinReference7712
reactome:ProteinReference8696,abstraction:NeighborOf,reactome:ProteinReference8737
reactome:ProteinReference2926,abstraction:NeighborOf,reactome:ProteinReference2928
reactome:ProteinReference8646,abstraction:NeighborOf,reactome:ProteinReference8713
reactome:ProteinReference5708,abstraction:NeighborOf,reactome:ProteinReference8567
reactome:ProteinReference5510,abstraction:NeighborOf,reactome:ProteinReference5522
reactome:ProteinReference8643,abstraction:NeighborOf,reactome:ProteinReference8674
reactome:ProteinReference10809,abstraction:NeighborOf,reactome:ProteinReference10810
reactome:ProteinReference8645,abstraction:NeighborOf,reactome:ProteinReference8702
reactome:ProteinReference8666,abstraction:NeighborOf,reactome:ProteinReference8703
reactome:ProteinReference2926,abstraction:NeighborOf,reactome:ProteinReference3358
reactome:ProteinReference8670,abstraction:NeighborOf,reactome:ProteinReference8737
reactome:ProteinReference4422,abstraction:NeighborOf,reactome:ProteinReference5307
reactome:ProteinReference1013,abstraction:NeighborOf,reactome:ProteinReference5443
reactome:ProteinReference1909,abstraction:NeighborOf,reactome:ProteinReference1935
reactome:ProteinReference9080,abstraction:NeighborOf,reactome:ProteinReference9082
reactome:ProteinReference8648,abstraction:NeighborOf,reactome:ProteinReference8673
reactome:ProteinReference1736,abstraction:NeighborOf,reactome:ProteinReference4449
reactome:ProteinReference2471,abstraction:NeighborOf,reactome:ProteinReference2475
reactome:ProteinReference8659,abstraction:NeighborOf,reactome:ProteinReference8696
reactome:ProteinReference1736,abstraction:NeighborOf,reactome:ProteinReference4420
reactome:ProteinReference5155,abstraction:NeighborOf,reactome:ProteinReference7604
reactome:ProteinReference8648,abstraction:NeighborOf,reactome:ProteinReference8657
reactome:ProteinReference8728,abstraction:NeighborOf,reactome:ProteinReference8731
reactome:ProteinReference104,abstraction:NeighborOf,reactome:ProteinReference11472
reactome:ProteinReference8665,abstraction:NeighborOf,reactome:ProteinReference8753
reactome:ProteinReference8745,abstraction:NeighborOf,reactome:ProteinReference8748
reactome:ProteinReference1362,abstraction:NeighborOf,reactome:ProteinReference8116
reactome:ProteinReference6105,abstraction:NeighborOf,reactome:ProteinReference6106
reactome:ProteinReference8675,abstraction:NeighborOf,reactome:ProteinReference8728
reactome:ProteinReference2971,abstraction:NeighborOf,reactome:ProteinReference2989
reactome:ProteinReference8697,abstraction:NeighborOf,reactome:ProteinReference8721
reactome:ProteinReference8726,abstraction:NeighborOf,reactome:ProteinReference8735
reactome:ProteinReference8644,abstraction:NeighborOf,reactome:ProteinReference8647
reactome:ProteinReference8645,abstraction:NeighborOf,reactome:ProteinReference8701
reactome:ProteinReference2987,abstraction:NeighborOf,reactome:ProteinReference3000
reactome:ProteinReference8666,abstraction:NeighborOf,reactome:ProteinReference8715
reactome:ProteinReference1736,abstraction:NeighborOf,reactome:ProteinReference4479
reactome:ProteinReference9286,abstraction:NeighborOf,reactome:ProteinReference9702
reactome:ProteinReference8712,abstraction:NeighborOf,reactome:ProteinReference8724
reactome:ProteinReference2985,abstraction:NeighborOf,reactome:ProteinReference2992
reactome:ProteinReference2991,abstraction:NeighborOf,reactome:ProteinReference3002
reactome:ProteinReference2926,abstraction:NeighborOf,reactome:ProteinReference3000
reactome:ProteinReference5327,abstraction:NeighborOf,reactome:ProteinReference5396
reactome:ProteinReference8696,abstraction:NeighborOf,reactome:ProteinReference8716
reactome:ProteinReference7721,abstraction:NeighborOf,reactome:ProteinReference9950
reactome:ProteinReference8645,abstraction:NeighborOf,reactome:ProteinReference8724
reactome:ProteinReference1096,abstraction:NeighborOf,reactome:ProteinReference1114
reactome:ProteinReference8668,abstraction:NeighborOf,reactome:ProteinReference8761
reactome:ProteinReference5328,abstraction:NeighborOf,reactome:ProteinReference5332
reactome:ProteinReference1736,abstraction:NeighborOf,reactome:ProteinReference4493
reactome:ProteinReference1349,abstraction:NeighborOf,reactome:ProteinReference1350
reactome:ProteinReference2471,abstraction:NeighborOf,reactome:ProteinReference3202
reactome:ProteinReference8670,abstraction:NeighborOf,reactome:ProteinReference8716
reactome:ProteinReference1154,abstraction:NeighborOf,reactome:ProteinReference5420
reactome:ProteinReference5037,abstraction:NeighborOf,reactome:ProteinReference5038
reactome:ProteinReference8699,abstraction:NeighborOf,reactome:ProteinReference8709
reactome:ProteinReference8660,abstraction:NeighborOf,reactome:ProteinReference8712
reactome:ProteinReference10778,abstraction:NeighborOf,reactome:ProteinReference7660
reactome:ProteinReference7071,abstraction:NeighborOf,reactome:ProteinReference7072
reactome:ProteinReference4504,abstraction:NeighborOf,reactome:ProteinReference6101
reactome:ProteinReference8642,abstraction:NeighborOf,reactome:ProteinReference8665
reactome:ProteinReference8651,abstraction:NeighborOf,reactome:ProteinReference8689
reactome:ProteinReference8750,abstraction:NeighborOf,reactome:ProteinReference8757
reactome:ProteinReference8703,abstraction:NeighborOf,reactome:ProteinReference8717
reactome:ProteinReference2957,abstraction:NeighborOf,reactome:ProteinReference2963
reactome:ProteinReference3025,abstraction:NeighborOf,reactome:ProteinReference3026
reactome:ProteinReference5316,abstraction:NeighborOf,reactome:ProteinReference8907
reactome:ProteinReference8753,abstraction:NeighborOf,reactome:ProteinReference8761
reactome:ProteinReference8656,abstraction:NeighborOf,reactome:ProteinReference8676
reactome:ProteinReference8672,abstraction:NeighborOf,reactome:ProteinReference8705
reactome:ProteinReference235,abstraction:NeighborOf,reactome:ProteinReference9608
reactome:ProteinReference6759,abstraction:NeighborOf,reactome:ProteinReference8678
reactome:ProteinReference6439,abstraction:NeighborOf,reactome:ProteinReference6440
reactome:ProteinReference4497,abstraction:NeighborOf,reactome:ProteinReference9715
reactome:ProteinReference8697,abstraction:NeighborOf,reactome:ProteinReference8717
reactome:ProteinReference1067,abstraction:NeighborOf,reactome:ProteinReference1091
reactome:ProteinReference8721,abstraction:NeighborOf,reactome:ProteinReference8724
reactome:ProteinReference9446,abstraction:NeighborOf,reactome:ProteinReference9957
reactome:ProteinReference8652,abstraction:NeighborOf,reactome:ProteinReference8711
reactome:ProteinReference8661,abstraction:NeighborOf,reactome:ProteinReference8716
reactome:ProteinReference8714,abstraction:NeighborOf,reactome:ProteinReference8737
reactome:ProteinReference3055,abstraction:NeighborOf,reactome:ProteinReference3107
reactome:ProteinReference1736,abstraction:NeighborOf,reactome:ProteinReference4453
reactome:ProteinReference10850,abstraction:NeighborOf,reactome:ProteinReference9035
reactome:ProteinReference6162,abstraction:NeighborOf,reactome:ProteinReference8700
reactome:ProteinReference2979,abstraction:NeighborOf,reactome:ProteinReference3004
reactome:ProteinReference10408,abstraction:NeighborOf,reactome:ProteinReference1088
reactome:ProteinReference7657,abstraction:NeighborOf,reactome:ProteinReference7658
reactome:ProteinReference1106,abstraction:NeighborOf,reactome:ProteinReference1115
reactome:ProteinReference8076,abstraction:NeighborOf,reactome:ProteinReference8106
reactome:ProteinReference10809,abstraction:NeighborOf,reactome:ProteinReference10811
reactome:ProteinReference2777,abstraction:NeighborOf,reactome:ProteinReference6101
reactome:ProteinReference2911,abstraction:NeighborOf,reactome:ProteinReference2960
reactome:ProteinReference8678,abstraction:NeighborOf,reactome:ProteinReference8727
reactome:ProteinReference8679,abstraction:NeighborOf,reactome:ProteinReference8694
reactome:ProteinReference2972,abstraction:NeighborOf,reactome:ProteinReference2980
reactome:ProteinReference11254,abstraction:NeighborOf,reactome:ProteinReference11271
reactome:ProteinReference1088,abstraction:NeighborOf,reactome:ProteinReference4414
reactome:ProteinReference2864,abstraction:NeighborOf,reactome:ProteinReference2870
reactome:ProteinReference9870,abstraction:NeighborOf,reactome:ProteinReference9871
reactome:ProteinReference10836,abstraction:NeighborOf,reactome:ProteinReference7521
reactome:ProteinReference8659,abstraction:NeighborOf,reactome:ProteinReference8731
reactome:ProteinReference2859,abstraction:NeighborOf,reactome:ProteinReference2901
reactome:ProteinReference4640,abstraction:NeighborOf,reactome:ProteinReference6855
reactome:ProteinReference10663,abstraction:NeighborOf,reactome:ProteinReference4699
reactome:ProteinReference3049,abstraction:NeighborOf,reactome:ProteinReference3199
reactome:ProteinReference3067,abstraction:NeighborOf,reactome:ProteinReference9286
reactome:ProteinReference6244,abstraction:NeighborOf,reactome:ProteinReference6262
reactome:ProteinReference2472,abstraction:NeighborOf,reactome:ProteinReference2474
reactome:ProteinReference2824,abstraction:NeighborOf,reactome:ProteinReference2833
reactome:ProteinReference8994,abstraction:NeighborOf,reactome:ProteinReference8998
reactome:ProteinReference10757,abstraction:NeighborOf,reactome:ProteinReference10758
reactome:ProteinReference8752,abstraction:NeighborOf,reactome:ProteinReference8766
reactome:ProteinReference8722,abstraction:NeighborOf,reactome:ProteinReference8729
reactome:ProteinReference9703,abstraction:NeighborOf,reactome:ProteinReference9712
reactome:ProteinReference5333,abstraction:NeighborOf,reactome:ProteinReference5334
reactome:ProteinReference8345,abstraction:NeighborOf,reactome:ProteinReference8348
reactome:ProteinReference2824,abstraction:NeighborOf,reactome:ProteinReference3037
reactome:ProteinReference7551,abstraction:NeighborOf,reactome:ProteinReference8308
reactome:ProteinReference4567,abstraction:NeighborOf,reactome:ProteinReference4697
reactome:ProteinReference11377,abstraction:NeighborOf,reactome:ProteinReference11378
reactome:ProteinReference4458,abstraction:NeighborOf,reactome:ProteinReference6105
reactome:ProteinReference8712,abstraction:NeighborOf,reactome:ProteinReference8715
reactome:ProteinReference8698,abstraction:NeighborOf,reactome:ProteinReference8737
reactome:ProteinReference6244,abstraction:NeighborOf,reactome:ProteinReference6257
reactome:ProteinReference7249,abstraction:NeighborOf,reactome:ProteinReference9746
reactome:ProteinReference8674,abstraction:NeighborOf,reactome:ProteinReference8696
reactome:ProteinReference8759,abstraction:NeighborOf,reactome:ProteinReference8764
reactome:ProteinReference6759,abstraction:NeighborOf,reactome:ProteinReference8718
reactome:ProteinReference8746,abstraction:NeighborOf,reactome:ProteinReference8764
reactome:ProteinReference8652,abstraction:NeighborOf,reactome:ProteinReference8707
reactome:ProteinReference8660,abstraction:NeighborOf,reactome:ProteinReference8711
reactome:ProteinReference7761,abstraction:NeighborOf,reactome:ProteinReference9854
reactome:ProteinReference8667,abstraction:NeighborOf,reactome:ProteinReference8676
reactome:ProteinReference8699,abstraction:NeighborOf,reactome:ProteinReference8736
reactome:ProteinReference2460,abstraction:NeighborOf,reactome:ProteinReference2468
reactome:ProteinReference10829,abstraction:NeighborOf,reactome:ProteinReference7712
reactome:ProteinReference10523,abstraction:NeighborOf,reactome:ProteinReference10524
reactome:ProteinReference8751,abstraction:NeighborOf,reactome:ProteinReference8761
reactome:ProteinReference5294,abstraction:NeighborOf,reactome:ProteinReference5295
reactome:ProteinReference2167,abstraction:NeighborOf,reactome:ProteinReference6773
reactome:ProteinReference1905,abstraction:NeighborOf,reactome:ProteinReference1960
reactome:ProteinReference2956,abstraction:NeighborOf,reactome:ProteinReference2958
reactome:ProteinReference5125,abstraction:NeighborOf,reactome:ProteinReference5130
reactome:ProteinReference4138,abstraction:NeighborOf,reactome:ProteinReference4139
reactome:ProteinReference8722,abstraction:NeighborOf,reactome:ProteinReference8738
reactome:ProteinReference3213,abstraction:NeighborOf,reactome:ProteinReference3221
reactome:ProteinReference6396,abstraction:NeighborOf,reactome:ProteinReference6512
reactome:ProteinReference4772,abstraction:NeighborOf,reactome:ProteinReference4773
reactome:ProteinReference8696,abstraction:NeighborOf,reactome:ProteinReference8725
reactome:ProteinReference6513,abstraction:NeighborOf,reactome:ProteinReference9587
reactome:ProteinReference2982,abstraction:NeighborOf,reactome:ProteinReference2998
reactome:ProteinReference1023,abstraction:NeighborOf,reactome:ProteinReference6859
reactome:ProteinReference10776,abstraction:NeighborOf,reactome:ProteinReference7663
reactome:ProteinReference5214,abstraction:NeighborOf,reactome:ProteinReference8896
reactome:ProteinReference8729,abstraction:NeighborOf,reactome:ProteinReference8731
reactome:ProteinReference8699,abstraction:NeighborOf,reactome:ProteinReference8710
reactome:ProteinReference10567,abstraction:NeighborOf,reactome:ProteinReference10582
reactome:ProteinReference2911,abstraction:NeighborOf,reactome:ProteinReference2928
reactome:ProteinReference8670,abstraction:NeighborOf,reactome:ProteinReference8725
reactome:ProteinReference1098,abstraction:NeighborOf,reactome:ProteinReference1107
reactome:ProteinReference104,abstraction:NeighborOf,reactome:ProteinReference4850
reactome:ProteinReference11036,abstraction:NeighborOf,reactome:ProteinReference7826
reactome:ProteinReference8696,abstraction:NeighborOf,reactome:ProteinReference8708
reactome:ProteinReference3055,abstraction:NeighborOf,reactome:ProteinReference3696
reactome:ProteinReference8718,abstraction:NeighborOf,reactome:ProteinReference8732
reactome:ProteinReference8644,abstraction:NeighborOf,reactome:ProteinReference8670
reactome:ProteinReference8669,abstraction:NeighborOf,reactome:ProteinReference8670
reactome:ProteinReference8662,abstraction:NeighborOf,reactome:ProteinReference8733
reactome:ProteinReference4579,abstraction:NeighborOf,reactome:ProteinReference4761
reactome:ProteinReference4541,abstraction:NeighborOf,reactome:ProteinReference6159
reactome:ProteinReference3039,abstraction:NeighborOf,reactome:ProteinReference5611
reactome:ProteinReference8698,abstraction:NeighborOf,reactome:ProteinReference8716
reactome:ProteinReference2936,abstraction:NeighborOf,reactome:ProteinReference2958
reactome:ProteinReference8670,abstraction:NeighborOf,reactome:ProteinReference8708
reactome:ProteinReference4393,abstraction:NeighborOf,reactome:ProteinReference5273
reactome:ProteinReference9829,abstraction:NeighborOf,reactome:ProteinReference9830
reactome:ProteinReference6185,abstraction:NeighborOf,reactome:ProteinReference6435
reactome:ProteinReference6162,abstraction:NeighborOf,reactome:ProteinReference8671
reactome:ProteinReference2030,abstraction:NeighborOf,reactome:ProteinReference2031
reactome:ProteinReference3235,abstraction:NeighborOf,reactome:ProteinReference3236
reactome:ProteinReference3356,abstraction:NeighborOf,reactome:ProteinReference3358
reactome:ProteinReference2995,abstraction:NeighborOf,reactome:ProteinReference2998
reactome:ProteinReference2989,abstraction:NeighborOf,reactome:ProteinReference2999
reactome:ProteinReference2962,abstraction:NeighborOf,reactome:ProteinReference2994
reactome:ProteinReference1058,abstraction:NeighborOf,reactome:ProteinReference1061
reactome:ProteinReference2979,abstraction:NeighborOf,reactome:ProteinReference2981
reactome:ProteinReference8758,abstraction:NeighborOf,reactome:ProteinReference8762
reactome:ProteinReference2167,abstraction:NeighborOf,reactome:ProteinReference9713
reactome:ProteinReference4584,abstraction:NeighborOf,reactome:ProteinReference8302
reactome:ProteinReference4497,abstraction:NeighborOf,reactome:ProteinReference9716
reactome:ProteinReference8714,abstraction:NeighborOf,reactome:ProteinReference8735
reactome:ProteinReference8763,abstraction:NeighborOf,reactome:ProteinReference8764
reactome:ProteinReference3000,abstraction:NeighborOf,reactome:ProteinReference3002
reactome:ProteinReference8702,abstraction:NeighborOf,reactome:ProteinReference8714
reactome:ProteinReference2956,abstraction:NeighborOf,reactome:ProteinReference2993
reactome:ProteinReference2445,abstraction:NeighborOf,reactome:ProteinReference2461
reactome:ProteinReference1100,abstraction:NeighborOf,reactome:ProteinReference1102
reactome:ProteinReference8672,abstraction:NeighborOf,reactome:ProteinReference8712
reactome:ProteinReference8651,abstraction:NeighborOf,reactome:ProteinReference8662
reactome:ProteinReference4137,abstraction:NeighborOf,reactome:ProteinReference9234
reactome:ProteinReference8648,abstraction:NeighborOf,reactome:ProteinReference8671
reactome:ProteinReference8649,abstraction:NeighborOf,reactome:ProteinReference8720
reactome:ProteinReference6343,abstraction:NeighborOf,reactome:ProteinReference6344
reactome:ProteinReference10466,abstraction:NeighborOf,reactome:ProteinReference1132
reactome:ProteinReference8661,abstraction:NeighborOf,reactome:ProteinReference8664
reactome:ProteinReference2959,abstraction:NeighborOf,reactome:ProteinReference2973
reactome:ProteinReference4697,abstraction:NeighborOf,reactome:ProteinReference8997
reactome:ProteinReference5635,abstraction:NeighborOf,reactome:ProteinReference9234
reactome:ProteinReference8719,abstraction:NeighborOf,reactome:ProteinReference8736
reactome:ProteinReference2974,abstraction:NeighborOf,reactome:ProteinReference2982
reactome:ProteinReference11043,abstraction:NeighborOf,reactome:ProteinReference1799
reactome:ProteinReference8704,abstraction:NeighborOf,reactome:ProteinReference8735
reactome:ProteinReference11256,abstraction:NeighborOf,reactome:ProteinReference5155
reactome:ProteinReference8668,abstraction:NeighborOf,reactome:ProteinReference8708
reactome:ProteinReference1032,abstraction:NeighborOf,reactome:ProteinReference8637
reactome:ProteinReference2961,abstraction:NeighborOf,reactome:ProteinReference2982
reactome:ProteinReference4777,abstraction:NeighborOf,reactome:ProteinReference72
reactome:ProteinReference8674,abstraction:NeighborOf,reactome:ProteinReference8731
reactome:ProteinReference8677,abstraction:NeighborOf,reactome:ProteinReference8764
reactome:ProteinReference1737,abstraction:NeighborOf,reactome:ProteinReference4480
reactome:ProteinReference11038,abstraction:NeighborOf,reactome:ProteinReference7541
reactome:ProteinReference3386,abstraction:NeighborOf,reactome:ProteinReference3452
reactome:ProteinReference4137,abstraction:NeighborOf,reactome:ProteinReference6343
reactome:ProteinReference8643,abstraction:NeighborOf,reactome:ProteinReference8689
reactome:ProteinReference8652,abstraction:NeighborOf,reactome:ProteinReference8674
reactome:ProteinReference3864,abstraction:NeighborOf,reactome:ProteinReference6048
reactome:ProteinReference8662,abstraction:NeighborOf,reactome:ProteinReference8698
reactome:ProteinReference2928,abstraction:NeighborOf,reactome:ProteinReference2933
reactome:ProteinReference1481,abstraction:NeighborOf,reactome:ProteinReference1535
reactome:ProteinReference1102,abstraction:NeighborOf,reactome:ProteinReference1114
reactome:ProteinReference2970,abstraction:NeighborOf,reactome:ProteinReference4788
reactome:ProteinReference10606,abstraction:NeighborOf,reactome:ProteinReference10611
reactome:ProteinReference4489,abstraction:NeighborOf,reactome:ProteinReference4491
reactome:ProteinReference9286,abstraction:NeighborOf,reactome:ProteinReference9707
reactome:ProteinReference8658,abstraction:NeighborOf,reactome:ProteinReference8659
reactome:ProteinReference5291,abstraction:NeighborOf,reactome:ProteinReference5964
reactome:ProteinReference2873,abstraction:NeighborOf,reactome:ProteinReference2874
reactome:ProteinReference5497,abstraction:NeighborOf,reactome:ProteinReference6846
reactome:ProteinReference8666,abstraction:NeighborOf,reactome:ProteinReference8728
reactome:ProteinReference8650,abstraction:NeighborOf,reactome:ProteinReference8659
reactome:ProteinReference4630,abstraction:NeighborOf,reactome:ProteinReference6173
reactome:ProteinReference6759,abstraction:NeighborOf,reactome:ProteinReference8661
reactome:ProteinReference11277,abstraction:NeighborOf,reactome:ProteinReference1182
reactome:ProteinReference8649,abstraction:NeighborOf,reactome:ProteinReference8672
reactome:ProteinReference2874,abstraction:NeighborOf,reactome:ProteinReference2933
reactome:ProteinReference1665,abstraction:NeighborOf,reactome:ProteinReference791
reactome:ProteinReference3560,abstraction:NeighborOf,reactome:ProteinReference5655
reactome:ProteinReference11291,abstraction:NeighborOf,reactome:ProteinReference11292
reactome:ProteinReference6566,abstraction:NeighborOf,reactome:ProteinReference6589
reactome:ProteinReference8662,abstraction:NeighborOf,reactome:ProteinReference8706
reactome:ProteinReference8646,abstraction:NeighborOf,reactome:ProteinReference8704
reactome:ProteinReference1770,abstraction:NeighborOf,reactome:ProteinReference3097
reactome:ProteinReference5570,abstraction:NeighborOf,reactome:ProteinReference6358
reactome:ProteinReference8680,abstraction:NeighborOf,reactome:ProteinReference8764
reactome:ProteinReference1088,abstraction:NeighborOf,reactome:ProteinReference6789
reactome:ProteinReference8710,abstraction:NeighborOf,reactome:ProteinReference8731
reactome:ProteinReference3072,abstraction:NeighborOf,reactome:ProteinReference3073
reactome:ProteinReference10850,abstraction:NeighborOf,reactome:ProteinReference5155
reactome:ProteinReference7761,abstraction:NeighborOf,reactome:ProteinReference9849
reactome:ProteinReference11278,abstraction:NeighborOf,reactome:ProteinReference2706
reactome:ProteinReference8699,abstraction:NeighborOf,reactome:ProteinReference8729
reactome:ProteinReference10562,abstraction:NeighborOf,reactome:ProteinReference6048
reactome:ProteinReference2852,abstraction:NeighborOf,reactome:ProteinReference3000
reactome:ProteinReference7840,abstraction:NeighborOf,reactome:ProteinReference9601
reactome:ProteinReference5403,abstraction:NeighborOf,reactome:ProteinReference5405
reactome:ProteinReference9439,abstraction:NeighborOf,reactome:ProteinReference9446
reactome:ProteinReference4686,abstraction:NeighborOf,reactome:ProteinReference4884
reactome:ProteinReference8706,abstraction:NeighborOf,reactome:ProteinReference8724
reactome:ProteinReference10836,abstraction:NeighborOf,reactome:ProteinReference4636
reactome:ProteinReference1098,abstraction:NeighborOf,reactome:ProteinReference1119
reactome:ProteinReference8672,abstraction:NeighborOf,reactome:ProteinReference8711
reactome:ProteinReference4163,abstraction:NeighborOf,reactome:ProteinReference4254
reactome:ProteinReference3237,abstraction:NeighborOf,reactome:ProteinReference3238
reactome:ProteinReference8758,abstraction:NeighborOf,reactome:ProteinReference8760
reactome:ProteinReference8698,abstraction:NeighborOf,reactome:ProteinReference8725
reactome:ProteinReference8660,abstraction:NeighborOf,reactome:ProteinReference8674
reactome:ProteinReference3210,abstraction:NeighborOf,reactome:ProteinReference3221
reactome:ProteinReference5156,abstraction:NeighborOf,reactome:ProteinReference5164
reactome:ProteinReference6759,abstraction:NeighborOf,reactome:ProteinReference8696
reactome:ProteinReference10405,abstraction:NeighborOf,reactome:ProteinReference6048
reactome:ProteinReference8657,abstraction:NeighborOf,reactome:ProteinReference8665
reactome:ProteinReference8701,abstraction:NeighborOf,reactome:ProteinReference8728
reactome:ProteinReference5316,abstraction:NeighborOf,reactome:ProteinReference5319
reactome:ProteinReference5708,abstraction:NeighborOf,reactome:ProteinReference8569
reactome:ProteinReference4567,abstraction:NeighborOf,reactome:ProteinReference5004
reactome:ProteinReference4423,abstraction:NeighborOf,reactome:ProteinReference4519
reactome:ProteinReference1095,abstraction:NeighborOf,reactome:ProteinReference1098
reactome:ProteinReference2866,abstraction:NeighborOf,reactome:ProteinReference2870
reactome:ProteinReference8698,abstraction:NeighborOf,reactome:ProteinReference8708
reactome:ProteinReference10829,abstraction:NeighborOf,reactome:ProteinReference5276
reactome:ProteinReference8699,abstraction:NeighborOf,reactome:ProteinReference8738
reactome:ProteinReference2861,abstraction:NeighborOf,reactome:ProteinReference2875
reactome:ProteinReference10663,abstraction:NeighborOf,reactome:ProteinReference1737
reactome:ProteinReference4564,abstraction:NeighborOf,reactome:ProteinReference8996
reactome:ProteinReference2465,abstraction:NeighborOf,reactome:ProteinReference2466
reactome:ProteinReference2935,abstraction:NeighborOf,reactome:ProteinReference2938
reactome:ProteinReference1083,abstraction:NeighborOf,reactome:ProteinReference6987
reactome:ProteinReference8689,abstraction:NeighborOf,reactome:ProteinReference8714
reactome:ProteinReference9704,abstraction:NeighborOf,reactome:ProteinReference9709
reactome:ProteinReference5291,abstraction:NeighborOf,reactome:ProteinReference8328
reactome:ProteinReference3055,abstraction:NeighborOf,reactome:ProteinReference3682
reactome:ProteinReference1214,abstraction:NeighborOf,reactome:ProteinReference6144
reactome:ProteinReference1737,abstraction:NeighborOf,reactome:ProteinReference4385
reactome:ProteinReference2932,abstraction:NeighborOf,reactome:ProteinReference2985
reactome:ProteinReference10580,abstraction:NeighborOf,reactome:ProteinReference11254
reactome:ProteinReference1773,abstraction:NeighborOf,reactome:ProteinReference5140
reactome:ProteinReference8744,abstraction:NeighborOf,reactome:ProteinReference8749
reactome:ProteinReference6254,abstraction:NeighborOf,reactome:ProteinReference8383
reactome:ProteinReference4381,abstraction:NeighborOf,reactome:ProteinReference4483
reactome:ProteinReference4120,abstraction:NeighborOf,reactome:ProteinReference6244
reactome:ProteinReference10614,abstraction:NeighborOf,reactome:ProteinReference4665
reactome:ProteinReference8675,abstraction:NeighborOf,reactome:ProteinReference8709
reactome:ProteinReference8745,abstraction:NeighborOf,reactome:ProteinReference8757
reactome:ProteinReference5316,abstraction:NeighborOf,reactome:ProteinReference5317
reactome:ProteinReference2934,abstraction:NeighborOf,reactome:ProteinReference2971
reactome:ProteinReference5295,abstraction:NeighborOf,reactome:ProteinReference8340
reactome:ProteinReference3355,abstraction:NeighborOf,reactome:ProteinReference3356
reactome:ProteinReference8719,abstraction:NeighborOf,reactome:ProteinReference8729
reactome:ProteinReference8712,abstraction:NeighborOf,reactome:ProteinReference8728
reactome:ProteinReference8647,abstraction:NeighborOf,reactome:ProteinReference8660
reactome:ProteinReference5757,abstraction:NeighborOf,reactome:ProteinReference6181
reactome:ProteinReference3567,abstraction:NeighborOf,reactome:ProteinReference3574
reactome:ProteinReference8645,abstraction:NeighborOf,reactome:ProteinReference8728
reactome:ProteinReference2989,abstraction:NeighborOf,reactome:ProteinReference2998
reactome:ProteinReference7324,abstraction:NeighborOf,reactome:ProteinReference7712
reactome:ProteinReference1737,abstraction:NeighborOf,reactome:ProteinReference5291
reactome:ProteinReference588,abstraction:NeighborOf,reactome:ProteinReference5944
reactome:ProteinReference8649,abstraction:NeighborOf,reactome:ProteinReference8710
reactome:ProteinReference2970,abstraction:NeighborOf,reactome:ProteinReference3071
reactome:ProteinReference6428,abstraction:NeighborOf,reactome:ProteinReference7761
reactome:ProteinReference8643,abstraction:NeighborOf,reactome:ProteinReference8673
reactome:ProteinReference4637,abstraction:NeighborOf,reactome:ProteinReference7844
reactome:ProteinReference8720,abstraction:NeighborOf,reactome:ProteinReference8724
reactome:ProteinReference8657,abstraction:NeighborOf,reactome:ProteinReference8681
reactome:ProteinReference2824,abstraction:NeighborOf,reactome:ProteinReference2900
reactome:ProteinReference2932,abstraction:NeighborOf,reactome:ProteinReference2934
reactome:ProteinReference2872,abstraction:NeighborOf,reactome:ProteinReference2938
reactome:ProteinReference8643,abstraction:NeighborOf,reactome:ProteinReference8657
reactome:ProteinReference3598,abstraction:NeighborOf,reactome:ProteinReference4109
reactome:ProteinReference8664,abstraction:NeighborOf,reactome:ProteinReference8674
reactome:ProteinReference2980,abstraction:NeighborOf,reactome:ProteinReference2999
reactome:ProteinReference8721,abstraction:NeighborOf,reactome:ProteinReference8728
reactome:ProteinReference8706,abstraction:NeighborOf,reactome:ProteinReference8715
reactome:ProteinReference8648,abstraction:NeighborOf,reactome:ProteinReference8681
reactome:ProteinReference4777,abstraction:NeighborOf,reactome:ProteinReference9714
reactome:ProteinReference8746,abstraction:NeighborOf,reactome:ProteinReference8752
reactome:ProteinReference8678,abstraction:NeighborOf,reactome:ProteinReference8720
reactome:ProteinReference8714,abstraction:NeighborOf,reactome:ProteinReference8723
reactome:ProteinReference8656,abstraction:NeighborOf,reactome:ProteinReference8666
reactome:ProteinReference8719,abstraction:NeighborOf,reactome:ProteinReference8738
reactome:ProteinReference5607,abstraction:NeighborOf,reactome:ProteinReference6185
reactome:ProteinReference8777,abstraction:NeighborOf,reactome:ProteinReference8785
reactome:ProteinReference8707,abstraction:NeighborOf,reactome:ProteinReference8733
reactome:ProteinReference10984,abstraction:NeighborOf,reactome:ProteinReference681
reactome:ProteinReference8704,abstraction:NeighborOf,reactome:ProteinReference8723
reactome:ProteinReference8638,abstraction:NeighborOf,reactome:ProteinReference8684
reactome:ProteinReference1736,abstraction:NeighborOf,reactome:ProteinReference4480
reactome:ProteinReference2962,abstraction:NeighborOf,reactome:ProteinReference2989
reactome:ProteinReference8666,abstraction:NeighborOf,reactome:ProteinReference8681
reactome:ProteinReference9932,abstraction:NeighborOf,reactome:ProteinReference9933
reactome:ProteinReference2963,abstraction:NeighborOf,reactome:ProteinReference2972
reactome:ProteinReference8697,abstraction:NeighborOf,reactome:ProteinReference8737
reactome:ProteinReference4457,abstraction:NeighborOf,reactome:ProteinReference5186
reactome:ProteinReference5163,abstraction:NeighborOf,reactome:ProteinReference7609
reactome:ProteinReference3184,abstraction:NeighborOf,reactome:ProteinReference3201
reactome:ProteinReference1088,abstraction:NeighborOf,reactome:ProteinReference8293
reactome:ProteinReference8676,abstraction:NeighborOf,reactome:ProteinReference8693
reactome:ProteinReference8675,abstraction:NeighborOf,reactome:ProteinReference8736
reactome:ProteinReference2215,abstraction:NeighborOf,reactome:ProteinReference2216
reactome:ProteinReference8644,abstraction:NeighborOf,reactome:ProteinReference8661
reactome:ProteinReference11469,abstraction:NeighborOf,reactome:ProteinReference7758
reactome:ProteinReference4481,abstraction:NeighborOf,reactome:ProteinReference5932
reactome:ProteinReference8700,abstraction:NeighborOf,reactome:ProteinReference8733
reactome:ProteinReference10582,abstraction:NeighborOf,reactome:ProteinReference10583
reactome:ProteinReference1091,abstraction:NeighborOf,reactome:ProteinReference7715
reactome:ProteinReference8659,abstraction:NeighborOf,reactome:ProteinReference8689
reactome:ProteinReference8716,abstraction:NeighborOf,reactome:ProteinReference8719
reactome:ProteinReference4512,abstraction:NeighborOf,reactome:ProteinReference9020
reactome:ProteinReference2957,abstraction:NeighborOf,reactome:ProteinReference2961
reactome:ProteinReference1100,abstraction:NeighborOf,reactome:ProteinReference1106
reactome:ProteinReference5570,abstraction:NeighborOf,reactome:ProteinReference6859
reactome:ProteinReference9714,abstraction:NeighborOf,reactome:ProteinReference9715
reactome:ProteinReference8675,abstraction:NeighborOf,reactome:ProteinReference8676
reactome:ProteinReference8711,abstraction:NeighborOf,reactome:ProteinReference8730
reactome:ProteinReference3237,abstraction:NeighborOf,reactome:ProteinReference3893
reactome:ProteinReference8671,abstraction:NeighborOf,reactome:ProteinReference8675
reactome:ProteinReference6185,abstraction:NeighborOf,reactome:ProteinReference6186
reactome:ProteinReference2867,abstraction:NeighborOf,reactome:ProteinReference2870
reactome:ProteinReference4453,abstraction:NeighborOf,reactome:ProteinReference5403
reactome:ProteinReference8675,abstraction:NeighborOf,reactome:ProteinReference8710
reactome:ProteinReference8646,abstraction:NeighborOf,reactome:ProteinReference8705
reactome:ProteinReference8668,abstraction:NeighborOf,reactome:ProteinReference8669
reactome:ProteinReference10591,abstraction:NeighborOf,reactome:ProteinReference10598
reactome:ProteinReference8672,abstraction:NeighborOf,reactome:ProteinReference8674
reactome:ProteinReference10836,abstraction:NeighborOf,reactome:ProteinReference10876
reactome:ProteinReference4456,abstraction:NeighborOf,reactome:ProteinReference7712
reactome:ProteinReference8703,abstraction:NeighborOf,reactome:ProteinReference8716
reactome:ProteinReference8676,abstraction:NeighborOf,reactome:ProteinReference8694
reactome:ProteinReference2873,abstraction:NeighborOf,reactome:ProteinReference2931
reactome:ProteinReference2903,abstraction:NeighborOf,reactome:ProteinReference2937
reactome:ProteinReference10810,abstraction:NeighborOf,reactome:ProteinReference10814
reactome:ProteinReference8643,abstraction:NeighborOf,reactome:ProteinReference8700
reactome:ProteinReference8746,abstraction:NeighborOf,reactome:ProteinReference8758
reactome:ProteinReference10847,abstraction:NeighborOf,reactome:ProteinReference5393
reactome:ProteinReference2956,abstraction:NeighborOf,reactome:ProteinReference2987
reactome:ProteinReference8652,abstraction:NeighborOf,reactome:ProteinReference8702
reactome:ProteinReference5294,abstraction:NeighborOf,reactome:ProteinReference5304
reactome:ProteinReference2960,abstraction:NeighborOf,reactome:ProteinReference2962
reactome:ProteinReference2828,abstraction:NeighborOf,reactome:ProteinReference3038
reactome:ProteinReference8677,abstraction:NeighborOf,reactome:ProteinReference8752
reactome:ProteinReference2447,abstraction:NeighborOf,reactome:ProteinReference2462
reactome:ProteinReference8649,abstraction:NeighborOf,reactome:ProteinReference8729
reactome:ProteinReference2851,abstraction:NeighborOf,reactome:ProteinReference2998
reactome:ProteinReference11006,abstraction:NeighborOf,reactome:ProteinReference7679
reactome:ProteinReference2832,abstraction:NeighborOf,reactome:ProteinReference3038
reactome:ProteinReference2823,abstraction:NeighborOf,reactome:ProteinReference2981
reactome:ProteinReference9704,abstraction:NeighborOf,reactome:ProteinReference9712
reactome:ProteinReference2454,abstraction:NeighborOf,reactome:ProteinReference3184
reactome:ProteinReference4113,abstraction:NeighborOf,reactome:ProteinReference8795
reactome:ProteinReference8731,abstraction:NeighborOf,reactome:ProteinReference8737
reactome:ProteinReference8674,abstraction:NeighborOf,reactome:ProteinReference8714
reactome:ProteinReference2801,abstraction:NeighborOf,reactome:ProteinReference2802
reactome:ProteinReference2958,abstraction:NeighborOf,reactome:ProteinReference2961
reactome:ProteinReference2461,abstraction:NeighborOf,reactome:ProteinReference2466
reactome:ProteinReference8668,abstraction:NeighborOf,reactome:ProteinReference8670
reactome:ProteinReference2466,abstraction:NeighborOf,reactome:ProteinReference3184
reactome:ProteinReference6115,abstraction:NeighborOf,reactome:ProteinReference8578
reactome:ProteinReference3101,abstraction:NeighborOf,reactome:ProteinReference768
reactome:ProteinReference6812,abstraction:NeighborOf,reactome:ProteinReference6814
reactome:ProteinReference7840,abstraction:NeighborOf,reactome:ProteinReference9382
reactome:ProteinReference1736,abstraction:NeighborOf,reactome:ProteinReference4385
reactome:ProteinReference4497,abstraction:NeighborOf,reactome:ProteinReference9708
reactome:ProteinReference2860,abstraction:NeighborOf,reactome:ProteinReference2913
reactome:ProteinReference8736,abstraction:NeighborOf,reactome:ProteinReference8738
reactome:ProteinReference11272,abstraction:NeighborOf,reactome:ProteinReference6136
reactome:ProteinReference8715,abstraction:NeighborOf,reactome:ProteinReference8730
reactome:ProteinReference10890,abstraction:NeighborOf,reactome:ProteinReference7558
reactome:ProteinReference8642,abstraction:NeighborOf,reactome:ProteinReference8749
reactome:ProteinReference8652,abstraction:NeighborOf,reactome:ProteinReference8724
reactome:ProteinReference8680,abstraction:NeighborOf,reactome:ProteinReference8752
reactome:ProteinReference8700,abstraction:NeighborOf,reactome:ProteinReference8706
reactome:ProteinReference1053,abstraction:NeighborOf,reactome:ProteinReference1737
reactome:ProteinReference7330,abstraction:NeighborOf,reactome:ProteinReference7571
reactome:ProteinReference10782,abstraction:NeighborOf,reactome:ProteinReference7663
reactome:ProteinReference1088,abstraction:NeighborOf,reactome:ProteinReference5409
reactome:ProteinReference6185,abstraction:NeighborOf,reactome:ProteinReference8181
reactome:ProteinReference3734,abstraction:NeighborOf,reactome:ProteinReference3735
reactome:ProteinReference8687,abstraction:NeighborOf,reactome:ProteinReference8758
reactome:ProteinReference11433,abstraction:NeighborOf,reactome:ProteinReference4788
reactome:ProteinReference2853,abstraction:NeighborOf,reactome:ProteinReference2927
reactome:ProteinReference8678,abstraction:NeighborOf,reactome:ProteinReference8710
reactome:ProteinReference2851,abstraction:NeighborOf,reactome:ProteinReference2874
reactome:ProteinReference10810,abstraction:NeighborOf,reactome:ProteinReference10811
reactome:ProteinReference8665,abstraction:NeighborOf,reactome:ProteinReference8671
reactome:ProteinReference8652,abstraction:NeighborOf,reactome:ProteinReference8660
reactome:ProteinReference8661,abstraction:NeighborOf,reactome:ProteinReference8678
reactome:ProteinReference1094,abstraction:NeighborOf,reactome:ProteinReference1098
reactome:ProteinReference1100,abstraction:NeighborOf,reactome:ProteinReference1112
reactome:ProteinReference6162,abstraction:NeighborOf,reactome:ProteinReference8722
reactome:ProteinReference8697,abstraction:NeighborOf,reactome:ProteinReference8735
reactome:ProteinReference66,abstraction:NeighborOf,reactome:ProteinReference67
reactome:ProteinReference8681,abstraction:NeighborOf,reactome:ProteinReference8708
reactome:ProteinReference1945,abstraction:NeighborOf,reactome:ProteinReference9357
reactome:ProteinReference5291,abstraction:NeighborOf,reactome:ProteinReference8333
reactome:ProteinReference8675,abstraction:NeighborOf,reactome:ProteinReference8729
reactome:ProteinReference2872,abstraction:NeighborOf,reactome:ProteinReference2933
reactome:ProteinReference5937,abstraction:NeighborOf,reactome:ProteinReference8619
reactome:ProteinReference2454,abstraction:NeighborOf,reactome:ProteinReference2475
reactome:ProteinReference2999,abstraction:NeighborOf,reactome:ProteinReference3001
reactome:ProteinReference2855,abstraction:NeighborOf,reactome:ProteinReference3014
reactome:ProteinReference8666,abstraction:NeighborOf,reactome:ProteinReference8709
reactome:ProteinReference10730,abstraction:NeighborOf,reactome:ProteinReference10731
reactome:ProteinReference1815,abstraction:NeighborOf,reactome:ProteinReference4387
reactome:ProteinReference8696,abstraction:NeighborOf,reactome:ProteinReference8727
reactome:ProteinReference2911,abstraction:NeighborOf,reactome:ProteinReference2937
reactome:ProteinReference8628,abstraction:NeighborOf,reactome:ProteinReference8630
reactome:ProteinReference8659,abstraction:NeighborOf,reactome:ProteinReference8673
reactome:ProteinReference2937,abstraction:NeighborOf,reactome:ProteinReference2938
reactome:ProteinReference2830,abstraction:NeighborOf,reactome:ProteinReference2831
reactome:ProteinReference8689,abstraction:NeighborOf,reactome:ProteinReference8691
reactome:ProteinReference8643,abstraction:NeighborOf,reactome:ProteinReference8671
reactome:ProteinReference8652,abstraction:NeighborOf,reactome:ProteinReference8703
reactome:ProteinReference8703,abstraction:NeighborOf,reactome:ProteinReference8725
reactome:ProteinReference11251,abstraction:NeighborOf,reactome:ProteinReference5907
reactome:ProteinReference8646,abstraction:NeighborOf,reactome:ProteinReference8730
reactome:ProteinReference4764,abstraction:NeighborOf,reactome:ProteinReference4765
reactome:ProteinReference8670,abstraction:NeighborOf,reactome:ProteinReference8727
reactome:ProteinReference2466,abstraction:NeighborOf,reactome:ProteinReference2475
reactome:ProteinReference1736,abstraction:NeighborOf,reactome:ProteinReference4414
reactome:ProteinReference5124,abstraction:NeighborOf,reactome:ProteinReference5129
reactome:ProteinReference8625,abstraction:NeighborOf,reactome:ProteinReference8628
reactome:ProteinReference8675,abstraction:NeighborOf,reactome:ProteinReference8738
reactome:ProteinReference10451,abstraction:NeighborOf,reactome:ProteinReference4450
reactome:ProteinReference8646,abstraction:NeighborOf,reactome:ProteinReference8712
reactome:ProteinReference8666,abstraction:NeighborOf,reactome:ProteinReference8722
reactome:ProteinReference8697,abstraction:NeighborOf,reactome:ProteinReference8708
reactome:ProteinReference2167,abstraction:NeighborOf,reactome:ProteinReference8564
reactome:ProteinReference2454,abstraction:NeighborOf,reactome:ProteinReference3202
reactome:ProteinReference2850,abstraction:NeighborOf,reactome:ProteinReference2979
reactome:ProteinReference5208,abstraction:NeighborOf,reactome:ProteinReference5937
reactome:ProteinReference8706,abstraction:NeighborOf,reactome:ProteinReference8728
reactome:ProteinReference1942,abstraction:NeighborOf,reactome:ProteinReference1948
reactome:ProteinReference3223,abstraction:NeighborOf,reactome:ProteinReference5030
reactome:ProteinReference2956,abstraction:NeighborOf,reactome:ProteinReference3003
reactome:ProteinReference8642,abstraction:NeighborOf,reactome:ProteinReference8687
reactome:ProteinReference3013,abstraction:NeighborOf,reactome:ProteinReference3014
reactome:ProteinReference3023,abstraction:NeighborOf,reactome:ProteinReference3024
reactome:ProteinReference8652,abstraction:NeighborOf,reactome:ProteinReference8715
reactome:ProteinReference6180,abstraction:NeighborOf,reactome:ProteinReference9921
reactome:ProteinReference10592,abstraction:NeighborOf,reactome:ProteinReference10598
reactome:ProteinReference2861,abstraction:NeighborOf,reactome:ProteinReference2900
reactome:ProteinReference10909,abstraction:NeighborOf,reactome:ProteinReference10923
reactome:ProteinReference8651,abstraction:NeighborOf,reactome:ProteinReference8733
reactome:ProteinReference4445,abstraction:NeighborOf,reactome:ProteinReference9746
reactome:ProteinReference2902,abstraction:NeighborOf,reactome:ProteinReference2928
reactome:ProteinReference8686,abstraction:NeighborOf,reactome:ProteinReference8761
reactome:ProteinReference9286,abstraction:NeighborOf,reactome:ProteinReference9715
reactome:ProteinReference2984,abstraction:NeighborOf,reactome:ProteinReference2985
reactome:ProteinReference8696,abstraction:NeighborOf,reactome:ProteinReference8732
reactome:ProteinReference2466,abstraction:NeighborOf,reactome:ProteinReference3202
reactome:ProteinReference1063,abstraction:NeighborOf,reactome:ProteinReference1095
reactome:ProteinReference2828,abstraction:NeighborOf,reactome:ProteinReference2855
reactome:ProteinReference2993,abstraction:NeighborOf,reactome:ProteinReference3001
reactome:ProteinReference3340,abstraction:NeighborOf,reactome:ProteinReference5063
reactome:ProteinReference1800,abstraction:NeighborOf,reactome:ProteinReference1802
reactome:ProteinReference2832,abstraction:NeighborOf,reactome:ProteinReference2855
reactome:ProteinReference2850,abstraction:NeighborOf,reactome:ProteinReference2962
reactome:ProteinReference8670,abstraction:NeighborOf,reactome:ProteinReference8732
reactome:ProteinReference8601,abstraction:NeighborOf,reactome:ProteinReference8610
reactome:ProteinReference5300,abstraction:NeighborOf,reactome:ProteinReference5903
reactome:ProteinReference4567,abstraction:NeighborOf,reactome:ProteinReference8998
reactome:ProteinReference8642,abstraction:NeighborOf,reactome:ProteinReference8680
reactome:ProteinReference10425,abstraction:NeighborOf,reactome:ProteinReference6693
reactome:ProteinReference10897,abstraction:NeighborOf,reactome:ProteinReference5765
reactome:ProteinReference2900,abstraction:NeighborOf,reactome:ProteinReference2901
reactome:ProteinReference4385,abstraction:NeighborOf,reactome:ProteinReference5291
reactome:ProteinReference1905,abstraction:NeighborOf,reactome:ProteinReference1909
reactome:ProteinReference2141,abstraction:NeighborOf,reactome:ProteinReference9343
reactome:ProteinReference8660,abstraction:NeighborOf,reactome:ProteinReference8703
reactome:ProteinReference8697,abstraction:NeighborOf,reactome:ProteinReference8699
reactome:ProteinReference1024,abstraction:NeighborOf,reactome:ProteinReference5443
reactome:ProteinReference11013,abstraction:NeighborOf,reactome:ProteinReference5163
reactome:ProteinReference5381,abstraction:NeighborOf,reactome:ProteinReference5385
reactome:ProteinReference3071,abstraction:NeighborOf,reactome:ProteinReference3072
reactome:ProteinReference4180,abstraction:NeighborOf,reactome:ProteinReference4182
reactome:ProteinReference2884,abstraction:NeighborOf,reactome:ProteinReference3232
reactome:ProteinReference8714,abstraction:NeighborOf,reactome:ProteinReference8727
reactome:ProteinReference6759,abstraction:NeighborOf,reactome:ProteinReference8714
reactome:ProteinReference2992,abstraction:NeighborOf,reactome:ProteinReference3001
reactome:ProteinReference8907,abstraction:NeighborOf,reactome:ProteinReference8922
reactome:ProteinReference1996,abstraction:NeighborOf,reactome:ProteinReference2019
reactome:ProteinReference2972,abstraction:NeighborOf,reactome:ProteinReference2978
reactome:ProteinReference5276,abstraction:NeighborOf,reactome:ProteinReference5277
reactome:ProteinReference2994,abstraction:NeighborOf,reactome:ProteinReference3001
reactome:ProteinReference3213,abstraction:NeighborOf,reactome:ProteinReference3215
reactome:ProteinReference8745,abstraction:NeighborOf,reactome:ProteinReference8749
reactome:ProteinReference175,abstraction:NeighborOf,reactome:ProteinReference8950
reactome:ProteinReference4582,abstraction:NeighborOf,reactome:ProteinReference5214
reactome:ProteinReference2935,abstraction:NeighborOf,reactome:ProteinReference2972
reactome:ProteinReference11367,abstraction:NeighborOf,reactome:ProteinReference6511
reactome:ProteinReference8659,abstraction:NeighborOf,reactome:ProteinReference8700
reactome:ProteinReference6108,abstraction:NeighborOf,reactome:ProteinReference6115
reactome:ProteinReference8651,abstraction:NeighborOf,reactome:ProteinReference8698
reactome:ProteinReference3045,abstraction:NeighborOf,reactome:ProteinReference3357
reactome:ProteinReference2860,abstraction:NeighborOf,reactome:ProteinReference2908
reactome:ProteinReference642,abstraction:NeighborOf,reactome:ProteinReference9820
reactome:ProteinReference8665,abstraction:NeighborOf,reactome:ProteinReference8755
reactome:ProteinReference8660,abstraction:NeighborOf,reactome:ProteinReference8715
reactome:ProteinReference6509,abstraction:NeighborOf,reactome:ProteinReference6513
reactome:ProteinReference8646,abstraction:NeighborOf,reactome:ProteinReference8711
reactome:ProteinReference8705,abstraction:NeighborOf,reactome:ProteinReference8712
reactome:ProteinReference10688,abstraction:NeighborOf,reactome:ProteinReference1901
reactome:ProteinReference1736,abstraction:NeighborOf,reactome:ProteinReference5329
reactome:ProteinReference8720,abstraction:NeighborOf,reactome:ProteinReference8728
reactome:ProteinReference7341,abstraction:NeighborOf,reactome:ProteinReference7777
reactome:ProteinReference1056,abstraction:NeighborOf,reactome:ProteinReference1091
reactome:ProteinReference8690,abstraction:NeighborOf,reactome:ProteinReference8751
reactome:ProteinReference8651,abstraction:NeighborOf,reactome:ProteinReference8684
reactome:ProteinReference11380,abstraction:NeighborOf,reactome:ProteinReference6513
reactome:ProteinReference2465,abstraction:NeighborOf,reactome:ProteinReference2472
reactome:ProteinReference2851,abstraction:NeighborOf,reactome:ProteinReference2872
reactome:ProteinReference1652,abstraction:NeighborOf,reactome:ProteinReference1670
reactome:ProteinReference8651,abstraction:NeighborOf,reactome:ProteinReference8706
reactome:ProteinReference6734,abstraction:NeighborOf,reactome:ProteinReference6735
reactome:ProteinReference8708,abstraction:NeighborOf,reactome:ProteinReference8733
reactome:ProteinReference8701,abstraction:NeighborOf,reactome:ProteinReference8736
reactome:ProteinReference2898,abstraction:NeighborOf,reactome:ProteinReference2904
reactome:ProteinReference8714,abstraction:NeighborOf,reactome:ProteinReference8732
reactome:ProteinReference8756,abstraction:NeighborOf,reactome:ProteinReference8759
reactome:ProteinReference10801,abstraction:NeighborOf,reactome:ProteinReference6105
reactome:ProteinReference4497,abstraction:NeighborOf,reactome:ProteinReference9713
reactome:ProteinReference8625,abstraction:NeighborOf,reactome:ProteinReference8630
reactome:ProteinReference8698,abstraction:NeighborOf,reactome:ProteinReference8727
reactome:ProteinReference8658,abstraction:NeighborOf,reactome:ProteinReference8674
reactome:ProteinReference2987,abstraction:NeighborOf,reactome:ProteinReference2996
reactome:ProteinReference10569,abstraction:NeighborOf,reactome:ProteinReference9052
reactome:ProteinReference1061,abstraction:NeighborOf,reactome:ProteinReference8895
reactome:ProteinReference8718,abstraction:NeighborOf,reactome:ProteinReference8719
reactome:ProteinReference8665,abstraction:NeighborOf,reactome:ProteinReference8681
reactome:ProteinReference1737,abstraction:NeighborOf,reactome:ProteinReference9064
reactome:ProteinReference8650,abstraction:NeighborOf,reactome:ProteinReference8674
reactome:ProteinReference1380,abstraction:NeighborOf,reactome:ProteinReference6244
reactome:ProteinReference2956,abstraction:NeighborOf,reactome:ProteinReference2990
reactome:ProteinReference2982,abstraction:NeighborOf,reactome:ProteinReference2987
reactome:ProteinReference10852,abstraction:NeighborOf,reactome:ProteinReference7330
reactome:ProteinReference8647,abstraction:NeighborOf,reactome:ProteinReference8665
reactome:ProteinReference2931,abstraction:NeighborOf,reactome:ProteinReference2937
reactome:ProteinReference6855,abstraction:NeighborOf,reactome:ProteinReference8104
reactome:ProteinReference8651,abstraction:NeighborOf,reactome:ProteinReference8713
reactome:ProteinReference11278,abstraction:NeighborOf,reactome:ProteinReference7589
reactome:ProteinReference8690,abstraction:NeighborOf,reactome:ProteinReference8765
reactome:ProteinReference1707,abstraction:NeighborOf,reactome:ProteinReference1713
reactome:ProteinReference8701,abstraction:NeighborOf,reactome:ProteinReference8710
reactome:ProteinReference1713,abstraction:NeighborOf,reactome:ProteinReference1719
reactome:ProteinReference2956,abstraction:NeighborOf,reactome:ProteinReference3002
reactome:ProteinReference8697,abstraction:NeighborOf,reactome:ProteinReference8723
reactome:ProteinReference2960,abstraction:NeighborOf,reactome:ProteinReference3001
reactome:ProteinReference8686,abstraction:NeighborOf,reactome:ProteinReference8767
reactome:ProteinReference15,abstraction:NeighborOf,reactome:ProteinReference6660
reactome:ProteinReference7634,abstraction:NeighborOf,reactome:ProteinReference9841
reactome:ProteinReference8758,abstraction:NeighborOf,reactome:ProteinReference8764
reactome:ProteinReference2777,abstraction:NeighborOf,reactome:ProteinReference2778
reactome:ProteinReference8646,abstraction:NeighborOf,reactome:ProteinReference8707
reactome:ProteinReference8643,abstraction:NeighborOf,reactome:ProteinReference8681
reactome:ProteinReference8664,abstraction:NeighborOf,reactome:ProteinReference8673
reactome:ProteinReference10819,abstraction:NeighborOf,reactome:ProteinReference5277
reactome:ProteinReference1984,abstraction:NeighborOf,reactome:ProteinReference1985
reactome:ProteinReference10849,abstraction:NeighborOf,reactome:ProteinReference5393
reactome:ProteinReference2973,abstraction:NeighborOf,reactome:ProteinReference2979
reactome:ProteinReference3204,abstraction:NeighborOf,reactome:ProteinReference3234
reactome:ProteinReference8671,abstraction:NeighborOf,reactome:ProteinReference8734
reactome:ProteinReference10626,abstraction:NeighborOf,reactome:ProteinReference4622
reactome:ProteinReference5190,abstraction:NeighborOf,reactome:ProteinReference5390
reactome:ProteinReference6431,abstraction:NeighborOf,reactome:ProteinReference8573
reactome:ProteinReference8698,abstraction:NeighborOf,reactome:ProteinReference8732
reactome:ProteinReference8645,abstraction:NeighborOf,reactome:ProteinReference8736
reactome:ProteinReference6851,abstraction:NeighborOf,reactome:ProteinReference8776
reactome:ProteinReference2853,abstraction:NeighborOf,reactome:ProteinReference2931
reactome:ProteinReference915,abstraction:NeighborOf,reactome:ProteinReference955
reactome:ProteinReference8660,abstraction:NeighborOf,reactome:ProteinReference8700
reactome:ProteinReference2901,abstraction:NeighborOf,reactome:ProteinReference2902
reactome:ProteinReference5089,abstraction:NeighborOf,reactome:ProteinReference6244
reactome:ProteinReference2864,abstraction:NeighborOf,reactome:ProteinReference2865
reactome:ProteinReference10776,abstraction:NeighborOf,reactome:ProteinReference7661
reactome:ProteinReference6511,abstraction:NeighborOf,reactome:ProteinReference6514
reactome:ProteinReference2851,abstraction:NeighborOf,reactome:ProteinReference2993
reactome:ProteinReference6455,abstraction:NeighborOf,reactome:ProteinReference7071
reactome:ProteinReference588,abstraction:NeighborOf,reactome:ProteinReference5946
reactome:ProteinReference68,abstraction:NeighborOf,reactome:ProteinReference72
reactome:ProteinReference6431,abstraction:NeighborOf,reactome:ProteinReference8567
reactome:ProteinReference8645,abstraction:NeighborOf,reactome:ProteinReference8676
reactome:ProteinReference8659,abstraction:NeighborOf,reactome:ProteinReference8671
reactome:ProteinReference5963,abstraction:NeighborOf,reactome:ProteinReference6028
reactome:ProteinReference2468,abstraction:NeighborOf,reactome:ProteinReference2474
reactome:ProteinReference6185,abstraction:NeighborOf,reactome:ProteinReference8177
reactome:ProteinReference6511,abstraction:NeighborOf,reactome:ProteinReference6516
reactome:ProteinReference1736,abstraction:NeighborOf,reactome:ProteinReference2843
reactome:ProteinReference8645,abstraction:NeighborOf,reactome:ProteinReference8710
reactome:ProteinReference8721,abstraction:NeighborOf,reactome:ProteinReference8736
reactome:ProteinReference7817,abstraction:NeighborOf,reactome:ProteinReference8285
reactome:ProteinReference8644,abstraction:NeighborOf,reactome:ProteinReference8658
reactome:ProteinReference8717,abstraction:NeighborOf,reactome:ProteinReference8722
reactome:ProteinReference2971,abstraction:NeighborOf,reactome:ProteinReference2996
reactome:ProteinReference10779,abstraction:NeighborOf,reactome:ProteinReference10782
reactome:ProteinReference6513,abstraction:NeighborOf,reactome:ProteinReference6514
reactome:ProteinReference8672,abstraction:NeighborOf,reactome:ProteinReference8703
reactome:ProteinReference10685,abstraction:NeighborOf,reactome:ProteinReference5675
reactome:ProteinReference1810,abstraction:NeighborOf,reactome:ProteinReference1813
reactome:ProteinReference1032,abstraction:NeighborOf,reactome:ProteinReference9709
reactome:ProteinReference1094,abstraction:NeighborOf,reactome:ProteinReference1102
reactome:ProteinReference8760,abstraction:NeighborOf,reactome:ProteinReference8761
reactome:ProteinReference2475,abstraction:NeighborOf,reactome:ProteinReference3184
reactome:ProteinReference3210,abstraction:NeighborOf,reactome:ProteinReference3215
reactome:ProteinReference2908,abstraction:NeighborOf,reactome:ProteinReference2935
reactome:ProteinReference10834,abstraction:NeighborOf,reactome:ProteinReference10836
reactome:ProteinReference1058,abstraction:NeighborOf,reactome:ProteinReference1088
reactome:ProteinReference6185,abstraction:NeighborOf,reactome:ProteinReference8178
reactome:ProteinReference1085,abstraction:NeighborOf,reactome:ProteinReference4515
reactome:ProteinReference8747,abstraction:NeighborOf,reactome:ProteinReference8761
reactome:ProteinReference3477,abstraction:NeighborOf,reactome:ProteinReference8195
reactome:ProteinReference5291,abstraction:NeighborOf,reactome:ProteinReference5294
reactome:ProteinReference12169,abstraction:NeighborOf,reactome:ProteinReference5228
reactome:ProteinReference8652,abstraction:NeighborOf,reactome:ProteinReference8728
reactome:ProteinReference10580,abstraction:NeighborOf,reactome:ProteinReference6136
reactome:ProteinReference3003,abstraction:NeighborOf,reactome:ProteinReference3004
reactome:ProteinReference9712,abstraction:NeighborOf,reactome:ProteinReference9721
reactome:ProteinReference8653,abstraction:NeighborOf,reactome:ProteinReference8677
reactome:ProteinReference8672,abstraction:NeighborOf,reactome:ProteinReference8715
reactome:ProteinReference8702,abstraction:NeighborOf,reactome:ProteinReference8733
reactome:ProteinReference8701,abstraction:NeighborOf,reactome:ProteinReference8729
reactome:ProteinReference12147,abstraction:NeighborOf,reactome:ProteinReference12149
reactome:ProteinReference2911,abstraction:NeighborOf,reactome:ProteinReference2963
reactome:ProteinReference8643,abstraction:NeighborOf,reactome:ProteinReference8698
reactome:ProteinReference2446,abstraction:NeighborOf,reactome:ProteinReference3184
reactome:ProteinReference8707,abstraction:NeighborOf,reactome:ProteinReference8726
reactome:ProteinReference8688,abstraction:NeighborOf,reactome:ProteinReference8691
reactome:ProteinReference2928,abstraction:NeighborOf,reactome:ProteinReference2931
reactome:ProteinReference2961,abstraction:NeighborOf,reactome:ProteinReference2972
reactome:ProteinReference1099,abstraction:NeighborOf,reactome:ProteinReference1102
reactome:ProteinReference10444,abstraction:NeighborOf,reactome:ProteinReference11470
reactome:ProteinReference6162,abstraction:NeighborOf,reactome:ProteinReference8726
reactome:ProteinReference3836,abstraction:NeighborOf,reactome:ProteinReference8216
reactome:ProteinReference7658,abstraction:NeighborOf,reactome:ProteinReference7687
reactome:ProteinReference4447,abstraction:NeighborOf,reactome:ProteinReference8576
reactome:ProteinReference8730,abstraction:NeighborOf,reactome:ProteinReference8738
reactome:ProteinReference10481,abstraction:NeighborOf,reactome:ProteinReference1141
reactome:ProteinReference1088,abstraction:NeighborOf,reactome:ProteinReference6032
reactome:ProteinReference7920,abstraction:NeighborOf,reactome:ProteinReference8105
reactome:ProteinReference2419,abstraction:NeighborOf,reactome:ProteinReference2420
reactome:ProteinReference10523,abstraction:NeighborOf,reactome:ProteinReference10525
reactome:ProteinReference5937,abstraction:NeighborOf,reactome:ProteinReference9873
reactome:ProteinReference1736,abstraction:NeighborOf,reactome:ProteinReference4471
reactome:ProteinReference2874,abstraction:NeighborOf,reactome:ProteinReference2931
reactome:ProteinReference9824,abstraction:NeighborOf,reactome:ProteinReference9825
reactome:ProteinReference8662,abstraction:NeighborOf,reactome:ProteinReference8730
reactome:ProteinReference4445,abstraction:NeighborOf,reactome:ProteinReference9247
reactome:ProteinReference10872,abstraction:NeighborOf,reactome:ProteinReference6096
reactome:ProteinReference2461,abstraction:NeighborOf,reactome:ProteinReference2472
reactome:ProteinReference8701,abstraction:NeighborOf,reactome:ProteinReference8738
reactome:ProteinReference6759,abstraction:NeighborOf,reactome:ProteinReference8662
reactome:ProteinReference4437,abstraction:NeighborOf,reactome:ProteinReference4700
reactome:ProteinReference8657,abstraction:NeighborOf,reactome:ProteinReference8680
reactome:ProteinReference8653,abstraction:NeighborOf,reactome:ProteinReference8756
reactome:ProteinReference8670,abstraction:NeighborOf,reactome:ProteinReference8692
reactome:ProteinReference8671,abstraction:NeighborOf,reactome:ProteinReference8718
reactome:ProteinReference8722,abstraction:NeighborOf,reactome:ProteinReference8725
reactome:ProteinReference3072,abstraction:NeighborOf,reactome:ProteinReference3144
reactome:ProteinReference2850,abstraction:NeighborOf,reactome:ProteinReference3001
reactome:ProteinReference2858,abstraction:NeighborOf,reactome:ProteinReference2859
reactome:ProteinReference8648,abstraction:NeighborOf,reactome:ProteinReference8680
reactome:ProteinReference8645,abstraction:NeighborOf,reactome:ProteinReference8729
reactome:ProteinReference2825,abstraction:NeighborOf,reactome:ProteinReference3014
reactome:ProteinReference5126,abstraction:NeighborOf,reactome:ProteinReference5129
reactome:ProteinReference1800,abstraction:NeighborOf,reactome:ProteinReference5635
reactome:ProteinReference10688,abstraction:NeighborOf,reactome:ProteinReference10689
reactome:ProteinReference8661,abstraction:NeighborOf,reactome:ProteinReference8692
reactome:ProteinReference8728,abstraction:NeighborOf,reactome:ProteinReference8733
reactome:ProteinReference3647,abstraction:NeighborOf,reactome:ProteinReference5510
reactome:ProteinReference4481,abstraction:NeighborOf,reactome:ProteinReference5163
reactome:ProteinReference2933,abstraction:NeighborOf,reactome:ProteinReference2961
reactome:ProteinReference8748,abstraction:NeighborOf,reactome:ProteinReference8751
reactome:ProteinReference2876,abstraction:NeighborOf,reactome:ProteinReference2999
reactome:ProteinReference10473,abstraction:NeighborOf,reactome:ProteinReference8610
reactome:ProteinReference2927,abstraction:NeighborOf,reactome:ProteinReference2963
reactome:ProteinReference1063,abstraction:NeighborOf,reactome:ProteinReference1105
reactome:ProteinReference8645,abstraction:NeighborOf,reactome:ProteinReference8646
reactome:ProteinReference8335,abstraction:NeighborOf,reactome:ProteinReference8336
reactome:ProteinReference8706,abstraction:NeighborOf,reactome:ProteinReference8709
reactome:ProteinReference8702,abstraction:NeighborOf,reactome:ProteinReference8706
reactome:ProteinReference3107,abstraction:NeighborOf,reactome:ProteinReference3698
reactome:ProteinReference8760,abstraction:NeighborOf,reactome:ProteinReference8767
reactome:ProteinReference2937,abstraction:NeighborOf,reactome:ProteinReference2972
reactome:ProteinReference8672,abstraction:NeighborOf,reactome:ProteinReference8700
reactome:ProteinReference283,abstraction:NeighborOf,reactome:ProteinReference6401
reactome:ProteinReference4113,abstraction:NeighborOf,reactome:ProteinReference4115
reactome:ProteinReference4456,abstraction:NeighborOf,reactome:ProteinReference4491
reactome:ProteinReference2446,abstraction:NeighborOf,reactome:ProteinReference2475
reactome:ProteinReference8626,abstraction:NeighborOf,reactome:ProteinReference8628
reactome:ProteinReference2475,abstraction:NeighborOf,reactome:ProteinReference3202
reactome:ProteinReference11434,abstraction:NeighborOf,reactome:ProteinReference2970
reactome:ProteinReference8699,abstraction:NeighborOf,reactome:ProteinReference8716
reactome:ProteinReference437,abstraction:NeighborOf,reactome:ProteinReference6188
reactome:ProteinReference4163,abstraction:NeighborOf,reactome:ProteinReference4180
reactome:ProteinReference8344,abstraction:NeighborOf,reactome:ProteinReference8346
reactome:ProteinReference8645,abstraction:NeighborOf,reactome:ProteinReference8738
reactome:ProteinReference8651,abstraction:NeighborOf,reactome:ProteinReference8741
reactome:ProteinReference8702,abstraction:NeighborOf,reactome:ProteinReference8713
reactome:ProteinReference2850,abstraction:NeighborOf,reactome:ProteinReference2859
reactome:ProteinReference8748,abstraction:NeighborOf,reactome:ProteinReference8765
reactome:ProteinReference8643,abstraction:NeighborOf,reactome:ProteinReference8722
reactome:ProteinReference8789,abstraction:NeighborOf,reactome:ProteinReference9709
reactome:ProteinReference6162,abstraction:NeighborOf,reactome:ProteinReference8666
reactome:ProteinReference1271,abstraction:NeighborOf,reactome:ProteinReference5036
reactome:ProteinReference6162,abstraction:NeighborOf,reactome:ProteinReference8721
reactome:ProteinReference8692,abstraction:NeighborOf,reactome:ProteinReference8712
reactome:ProteinReference8689,abstraction:NeighborOf,reactome:ProteinReference8733
reactome:ProteinReference8677,abstraction:NeighborOf,reactome:ProteinReference8753
reactome:ProteinReference2465,abstraction:NeighborOf,reactome:ProteinReference2471
reactome:ProteinReference8659,abstraction:NeighborOf,reactome:ProteinReference8681
reactome:ProteinReference7821,abstraction:NeighborOf,reactome:ProteinReference7829
reactome:ProteinReference8714,abstraction:NeighborOf,reactome:ProteinReference8720
reactome:ProteinReference10479,abstraction:NeighborOf,reactome:ProteinReference8610
reactome:ProteinReference3050,abstraction:NeighborOf,reactome:ProteinReference3055
reactome:ProteinReference8761,abstraction:NeighborOf,reactome:ProteinReference8763
reactome:ProteinReference10785,abstraction:NeighborOf,reactome:ProteinReference7663
reactome:ProteinReference2872,abstraction:NeighborOf,reactome:ProteinReference2874
reactome:ProteinReference1032,abstraction:NeighborOf,reactome:ProteinReference9712
reactome:ProteinReference2852,abstraction:NeighborOf,reactome:ProteinReference2996
reactome:ProteinReference8664,abstraction:NeighborOf,reactome:ProteinReference8671
reactome:ProteinReference3023,abstraction:NeighborOf,reactome:ProteinReference3029
reactome:ProteinReference8668,abstraction:NeighborOf,reactome:ProteinReference8672
reactome:ProteinReference8567,abstraction:NeighborOf,reactome:ProteinReference8618
reactome:ProteinReference8657,abstraction:NeighborOf,reactome:ProteinReference8666
reactome:ProteinReference2987,abstraction:NeighborOf,reactome:ProteinReference2995
reactome:ProteinReference2853,abstraction:NeighborOf,reactome:ProteinReference2873
reactome:ProteinReference8569,abstraction:NeighborOf,reactome:ProteinReference8570
reactome:ProteinReference8704,abstraction:NeighborOf,reactome:ProteinReference8720
reactome:ProteinReference1737,abstraction:NeighborOf,reactome:ProteinReference4437
reactome:ProteinReference2982,abstraction:NeighborOf,reactome:ProteinReference2990
reactome:ProteinReference3039,abstraction:NeighborOf,reactome:ProteinReference5763
reactome:ProteinReference2932,abstraction:NeighborOf,reactome:ProteinReference2983
reactome:ProteinReference2446,abstraction:NeighborOf,reactome:ProteinReference3202
reactome:ProteinReference10684,abstraction:NeighborOf,reactome:ProteinReference1087
reactome:ProteinReference8662,abstraction:NeighborOf,reactome:ProteinReference8711
reactome:ProteinReference2828,abstraction:NeighborOf,reactome:ProteinReference2832
reactome:ProteinReference7833,abstraction:NeighborOf,reactome:ProteinReference8567
reactome:ProteinReference8660,abstraction:NeighborOf,reactome:ProteinReference8665
reactome:ProteinReference2956,abstraction:NeighborOf,reactome:ProteinReference2994
reactome:ProteinReference8656,abstraction:NeighborOf,reactome:ProteinReference8664
reactome:ProteinReference2860,abstraction:NeighborOf,reactome:ProteinReference2934
reactome:ProteinReference11367,abstraction:NeighborOf,reactome:ProteinReference6509
reactome:ProteinReference1124,abstraction:NeighborOf,reactome:ProteinReference1736
reactome:ProteinReference8653,abstraction:NeighborOf,reactome:ProteinReference8762
reactome:ProteinReference8711,abstraction:NeighborOf,reactome:ProteinReference8724
reactome:ProteinReference10838,abstraction:NeighborOf,reactome:ProteinReference10844
reactome:ProteinReference2865,abstraction:NeighborOf,reactome:ProteinReference2866
reactome:ProteinReference8644,abstraction:NeighborOf,reactome:ProteinReference8679
reactome:ProteinReference8669,abstraction:NeighborOf,reactome:ProteinReference8679
reactome:ProteinReference6162,abstraction:NeighborOf,reactome:ProteinReference8717
reactome:ProteinReference4385,abstraction:NeighborOf,reactome:ProteinReference9064
reactome:ProteinReference8666,abstraction:NeighborOf,reactome:ProteinReference8721
reactome:ProteinReference8697,abstraction:NeighborOf,reactome:ProteinReference8727
reactome:ProteinReference2823,abstraction:NeighborOf,reactome:ProteinReference2833
reactome:ProteinReference2854,abstraction:NeighborOf,reactome:ProteinReference2897
reactome:ProteinReference3072,abstraction:NeighborOf,reactome:ProteinReference3151
reactome:ProteinReference5303,abstraction:NeighborOf,reactome:ProteinReference5308
reactome:ProteinReference8689,abstraction:NeighborOf,reactome:ProteinReference8698
reactome:ProteinReference2938,abstraction:NeighborOf,reactome:ProteinReference2963
reactome:ProteinReference8706,abstraction:NeighborOf,reactome:ProteinReference8736
reactome:ProteinReference4776,abstraction:NeighborOf,reactome:ProteinReference68
reactome:ProteinReference4697,abstraction:NeighborOf,reactome:ProteinReference5004
reactome:ProteinReference2995,abstraction:NeighborOf,reactome:ProteinReference3002
reactome:ProteinReference2823,abstraction:NeighborOf,reactome:ProteinReference3037
reactome:ProteinReference9286,abstraction:NeighborOf,reactome:ProteinReference9703
reactome:ProteinReference10820,abstraction:NeighborOf,reactome:ProteinReference7604
reactome:ProteinReference1736,abstraction:NeighborOf,reactome:ProteinReference4379
reactome:ProteinReference1088,abstraction:NeighborOf,reactome:ProteinReference1091
reactome:ProteinReference8658,abstraction:NeighborOf,reactome:ProteinReference8660
reactome:ProteinReference10590,abstraction:NeighborOf,reactome:ProteinReference10598
reactome:ProteinReference1063,abstraction:NeighborOf,reactome:ProteinReference1099
reactome:ProteinReference8695,abstraction:NeighborOf,reactome:ProteinReference8696
reactome:ProteinReference10678,abstraction:NeighborOf,reactome:ProteinReference10680
reactome:ProteinReference10819,abstraction:NeighborOf,reactome:ProteinReference10820
reactome:ProteinReference8650,abstraction:NeighborOf,reactome:ProteinReference8660
reactome:ProteinReference1032,abstraction:NeighborOf,reactome:ProteinReference4497
reactome:ProteinReference8709,abstraction:NeighborOf,reactome:ProteinReference8714
reactome:ProteinReference11029,abstraction:NeighborOf,reactome:ProteinReference7523
reactome:ProteinReference2957,abstraction:NeighborOf,reactome:ProteinReference2959
reactome:ProteinReference2851,abstraction:NeighborOf,reactome:ProteinReference2987
reactome:ProteinReference8726,abstraction:NeighborOf,reactome:ProteinReference8729
reactome:ProteinReference2788,abstraction:NeighborOf,reactome:ProteinReference9439
reactome:ProteinReference10779,abstraction:NeighborOf,reactome:ProteinReference10780
reactome:ProteinReference10611,abstraction:NeighborOf,reactome:ProteinReference8320
reactome:ProteinReference8662,abstraction:NeighborOf,reactome:ProteinReference8707
reactome:ProteinReference8689,abstraction:NeighborOf,reactome:ProteinReference8706
reactome:ProteinReference2960,abstraction:NeighborOf,reactome:ProteinReference2980
reactome:ProteinReference3019,abstraction:NeighborOf,reactome:ProteinReference3047
reactome:ProteinReference6290,abstraction:NeighborOf,reactome:ProteinReference9141
reactome:ProteinReference8644,abstraction:NeighborOf,reactome:ProteinReference8677
reactome:ProteinReference8666,abstraction:NeighborOf,reactome:ProteinReference8717
reactome:ProteinReference2971,abstraction:NeighborOf,reactome:ProteinReference2995
reactome:ProteinReference8756,abstraction:NeighborOf,reactome:ProteinReference8763
reactome:ProteinReference1956,abstraction:NeighborOf,reactome:ProteinReference1959
reactome:ProteinReference8699,abstraction:NeighborOf,reactome:ProteinReference8725
reactome:ProteinReference8659,abstraction:NeighborOf,reactome:ProteinReference8698
reactome:ProteinReference8626,abstraction:NeighborOf,reactome:ProteinReference8630
reactome:ProteinReference2990,abstraction:NeighborOf,reactome:ProteinReference2992
reactome:ProteinReference4576,abstraction:NeighborOf,reactome:ProteinReference6884
reactome:ProteinReference4504,abstraction:NeighborOf,reactome:ProteinReference7595
reactome:ProteinReference8660,abstraction:NeighborOf,reactome:ProteinReference8681
reactome:ProteinReference8671,abstraction:NeighborOf,reactome:ProteinReference8696
reactome:ProteinReference8697,abstraction:NeighborOf,reactome:ProteinReference8732
reactome:ProteinReference8689,abstraction:NeighborOf,reactome:ProteinReference8713
reactome:ProteinReference8729,abstraction:NeighborOf,reactome:ProteinReference8733
reactome:ProteinReference8647,abstraction:NeighborOf,reactome:ProteinReference8676
reactome:ProteinReference8715,abstraction:NeighborOf,reactome:ProteinReference8724
reactome:ProteinReference5937,abstraction:NeighborOf,reactome:ProteinReference9808
reactome:ProteinReference1124,abstraction:NeighborOf,reactome:ProteinReference11272
reactome:ProteinReference2445,abstraction:NeighborOf,reactome:ProteinReference2460
reactome:ProteinReference2973,abstraction:NeighborOf,reactome:ProteinReference2986
reactome:ProteinReference4138,abstraction:NeighborOf,reactome:ProteinReference4182
reactome:ProteinReference8757,abstraction:NeighborOf,reactome:ProteinReference8766
reactome:ProteinReference6851,abstraction:NeighborOf,reactome:ProteinReference8803
reactome:ProteinReference5456,abstraction:NeighborOf,reactome:ProteinReference6774
reactome:ProteinReference1909,abstraction:NeighborOf,reactome:ProteinReference1933
reactome:ProteinReference11264,abstraction:NeighborOf,reactome:ProteinReference4820
reactome:ProteinReference8646,abstraction:NeighborOf,reactome:ProteinReference8702
reactome:ProteinReference1099,abstraction:NeighborOf,reactome:ProteinReference1106
reactome:ProteinReference2935,abstraction:NeighborOf,reactome:ProteinReference2958
reactome:ProteinReference3845,abstraction:NeighborOf,reactome:ProteinReference9755
reactome:ProteinReference8711,abstraction:NeighborOf,reactome:ProteinReference8715
reactome:ProteinReference8653,abstraction:NeighborOf,reactome:ProteinReference8760
reactome:ProteinReference2958,abstraction:NeighborOf,reactome:ProteinReference2959
reactome:ProteinReference10802,abstraction:NeighborOf,reactome:ProteinReference10806
reactome:ProteinReference4652,abstraction:NeighborOf,reactome:ProteinReference5587
reactome:ProteinReference10562,abstraction:NeighborOf,reactome:ProteinReference3232
reactome:ProteinReference8707,abstraction:NeighborOf,reactome:ProteinReference8730
reactome:ProteinReference10811,abstraction:NeighborOf,reactome:ProteinReference10812
reactome:ProteinReference2935,abstraction:NeighborOf,reactome:ProteinReference2956
reactome:ProteinReference8720,abstraction:NeighborOf,reactome:ProteinReference8736
reactome:ProteinReference8650,abstraction:NeighborOf,reactome:ProteinReference8673
reactome:ProteinReference8717,abstraction:NeighborOf,reactome:ProteinReference8726
reactome:ProteinReference8644,abstraction:NeighborOf,reactome:ProteinReference8756
reactome:ProteinReference8712,abstraction:NeighborOf,reactome:ProteinReference8721
reactome:ProteinReference4779,abstraction:NeighborOf,reactome:ProteinReference61
reactome:ProteinReference8709,abstraction:NeighborOf,reactome:ProteinReference8719
reactome:ProteinReference10661,abstraction:NeighborOf,reactome:ProteinReference10671
reactome:ProteinReference6101,abstraction:NeighborOf,reactome:ProteinReference8340
reactome:ProteinReference8650,abstraction:NeighborOf,reactome:ProteinReference8657
reactome:ProteinReference8789,abstraction:NeighborOf,reactome:ProteinReference9712
reactome:ProteinReference8665,abstraction:NeighborOf,reactome:ProteinReference8749
reactome:ProteinReference11287,abstraction:NeighborOf,reactome:ProteinReference11288
reactome:ProteinReference10567,abstraction:NeighborOf,reactome:ProteinReference4490
reactome:ProteinReference1013,abstraction:NeighborOf,reactome:ProteinReference5570
reactome:ProteinReference3207,abstraction:NeighborOf,reactome:ProteinReference3210
reactome:ProteinReference3711,abstraction:NeighborOf,reactome:ProteinReference6244
reactome:ProteinReference10405,abstraction:NeighborOf,reactome:ProteinReference3232
reactome:ProteinReference5030,abstraction:NeighborOf,reactome:ProteinReference5277
reactome:ProteinReference2899,abstraction:NeighborOf,reactome:ProteinReference2930
reactome:ProteinReference1054,abstraction:NeighborOf,reactome:ProteinReference4417
reactome:ProteinReference6162,abstraction:NeighborOf,reactome:ProteinReference8697
reactome:ProteinReference1814,abstraction:NeighborOf,reactome:ProteinReference8631
reactome:ProteinReference8674,abstraction:NeighborOf,reactome:ProteinReference8733
reactome:ProteinReference2978,abstraction:NeighborOf,reactome:ProteinReference2984
reactome:ProteinReference8704,abstraction:NeighborOf,reactome:ProteinReference8710
reactome:ProteinReference5494,abstraction:NeighborOf,reactome:ProteinReference5498
reactome:ProteinReference3207,abstraction:NeighborOf,reactome:ProteinReference3221
reactome:ProteinReference10690,abstraction:NeighborOf,reactome:ProteinReference5675
reactome:ProteinReference8719,abstraction:NeighborOf,reactome:ProteinReference8725
reactome:ProteinReference8731,abstraction:NeighborOf,reactome:ProteinReference8732
reactome:ProteinReference2987,abstraction:NeighborOf,reactome:ProteinReference2997
reactome:ProteinReference1091,abstraction:NeighborOf,reactome:ProteinReference5156
reactome:ProteinReference8700,abstraction:NeighborOf,reactome:ProteinReference8730
reactome:ProteinReference2987,abstraction:NeighborOf,reactome:ProteinReference2991
reactome:ProteinReference8646,abstraction:NeighborOf,reactome:ProteinReference8724
reactome:ProteinReference4453,abstraction:NeighborOf,reactome:ProteinReference5405
reactome:ProteinReference11427,abstraction:NeighborOf,reactome:ProteinReference4788
reactome:ProteinReference8664,abstraction:NeighborOf,reactome:ProteinReference8681
reactome:ProteinReference10478,abstraction:NeighborOf,reactome:ProteinReference8607
reactome:ProteinReference8661,abstraction:NeighborOf,reactome:ProteinReference8714
reactome:ProteinReference2993,abstraction:NeighborOf,reactome:ProteinReference2999
reactome:ProteinReference8690,abstraction:NeighborOf,reactome:ProteinReference8746
reactome:ProteinReference2872,abstraction:NeighborOf,reactome:ProteinReference2958
reactome:ProteinReference11268,abstraction:NeighborOf,reactome:ProteinReference11289
reactome:ProteinReference8712,abstraction:NeighborOf,reactome:ProteinReference8717
reactome:ProteinReference8706,abstraction:NeighborOf,reactome:ProteinReference8729
reactome:ProteinReference4422,abstraction:NeighborOf,reactome:ProteinReference5292
reactome:ProteinReference1094,abstraction:NeighborOf,reactome:ProteinReference1112
reactome:ProteinReference8671,abstraction:NeighborOf,reactome:ProteinReference8731
reactome:ProteinReference1736,abstraction:NeighborOf,reactome:ProteinReference4437
reactome:ProteinReference10630,abstraction:NeighborOf,reactome:ProteinReference3852
reactome:ProteinReference4504,abstraction:NeighborOf,reactome:ProteinReference9029
reactome:ProteinReference8659,abstraction:NeighborOf,reactome:ProteinReference8722
reactome:ProteinReference8652,abstraction:NeighborOf,reactome:ProteinReference8709
reactome:ProteinReference7021,abstraction:NeighborOf,reactome:ProteinReference7022
reactome:ProteinReference2985,abstraction:NeighborOf,reactome:ProteinReference2993
reactome:ProteinReference2956,abstraction:NeighborOf,reactome:ProteinReference2960
reactome:ProteinReference6250,abstraction:NeighborOf,reactome:ProteinReference8907
reactome:ProteinReference8646,abstraction:NeighborOf,reactome:ProteinReference8660
reactome:ProteinReference5319,abstraction:NeighborOf,reactome:ProteinReference5327
reactome:ProteinReference5589,abstraction:NeighborOf,reactome:ProteinReference5597
reactome:ProteinReference2907,abstraction:NeighborOf,reactome:ProteinReference2938
reactome:ProteinReference2931,abstraction:NeighborOf,reactome:ProteinReference2932
reactome:ProteinReference8708,abstraction:NeighborOf,reactome:ProteinReference8726
reactome:ProteinReference8754,abstraction:NeighborOf,reactome:ProteinReference8759
reactome:ProteinReference5512,abstraction:NeighborOf,reactome:ProteinReference5597
reactome:ProteinReference8666,abstraction:NeighborOf,reactome:ProteinReference8697
reactome:ProteinReference8696,abstraction:NeighborOf,reactome:ProteinReference8719
reactome:ProteinReference2539,abstraction:NeighborOf,reactome:ProteinReference5113
reactome:ProteinReference2989,abstraction:NeighborOf,reactome:ProteinReference2990
reactome:ProteinReference2851,abstraction:NeighborOf,reactome:ProteinReference3003
reactome:ProteinReference2898,abstraction:NeighborOf,reactome:ProteinReference2938
reactome:ProteinReference8674,abstraction:NeighborOf,reactome:ProteinReference8698
reactome:ProteinReference2936,abstraction:NeighborOf,reactome:ProteinReference2960
reactome:ProteinReference8670,abstraction:NeighborOf,reactome:ProteinReference8719
reactome:ProteinReference7290,abstraction:NeighborOf,reactome:ProteinReference7294
reactome:ProteinReference8706,abstraction:NeighborOf,reactome:ProteinReference8738
reactome:ProteinReference10560,abstraction:NeighborOf,reactome:ProteinReference2884
reactome:ProteinReference9022,abstraction:NeighborOf,reactome:ProteinReference9024
reactome:ProteinReference8646,abstraction:NeighborOf,reactome:ProteinReference8703
reactome:ProteinReference1099,abstraction:NeighborOf,reactome:ProteinReference1112
reactome:ProteinReference2956,abstraction:NeighborOf,reactome:ProteinReference2989
reactome:ProteinReference3853,abstraction:NeighborOf,reactome:ProteinReference3854
reactome:ProteinReference8665,abstraction:NeighborOf,reactome:ProteinReference8687
reactome:ProteinReference8644,abstraction:NeighborOf,reactome:ProteinReference8762
reactome:ProteinReference10803,abstraction:NeighborOf,reactome:ProteinReference6105
reactome:ProteinReference2990,abstraction:NeighborOf,reactome:ProteinReference3001
reactome:ProteinReference8661,abstraction:NeighborOf,reactome:ProteinReference8719
reactome:ProteinReference8653,abstraction:NeighborOf,reactome:ProteinReference8744
reactome:ProteinReference11300,abstraction:NeighborOf,reactome:ProteinReference11302
reactome:ProteinReference3217,abstraction:NeighborOf,reactome:ProteinReference3218
reactome:ProteinReference175,abstraction:NeighborOf,reactome:ProteinReference4440
reactome:ProteinReference2875,abstraction:NeighborOf,reactome:ProteinReference2900
reactome:ProteinReference2959,abstraction:NeighborOf,reactome:ProteinReference2987
reactome:ProteinReference10831,abstraction:NeighborOf,reactome:ProteinReference5390
reactome:ProteinReference4700,abstraction:NeighborOf,reactome:ProteinReference9064
reactome:ProteinReference9703,abstraction:NeighborOf,reactome:ProteinReference9721
reactome:ProteinReference2971,abstraction:NeighborOf,reactome:ProteinReference2997
reactome:ProteinReference8674,abstraction:NeighborOf,reactome:ProteinReference8706
reactome:ProteinReference2971,abstraction:NeighborOf,reactome:ProteinReference2991
reactome:ProteinReference10402,abstraction:NeighborOf,reactome:ProteinReference4473
reactome:ProteinReference8672,abstraction:NeighborOf,reactome:ProteinReference8681
reactome:ProteinReference1982,abstraction:NeighborOf,reactome:ProteinReference1983
reactome:ProteinReference1124,abstraction:NeighborOf,reactome:ProteinReference11274
reactome:ProteinReference2852,abstraction:NeighborOf,reactome:ProteinReference2995
reactome:ProteinReference1089,abstraction:NeighborOf,reactome:ProteinReference1091
reactome:ProteinReference8702,abstraction:NeighborOf,reactome:ProteinReference8704
reactome:ProteinReference8675,abstraction:NeighborOf,reactome:ProteinReference8716
reactome:ProteinReference8744,abstraction:NeighborOf,reactome:ProteinReference8759
reactome:ProteinReference8660,abstraction:NeighborOf,reactome:ProteinReference8709
reactome:ProteinReference4386,abstraction:NeighborOf,reactome:ProteinReference7589
reactome:ProteinReference2861,abstraction:NeighborOf,reactome:ProteinReference2899
reactome:ProteinReference2982,abstraction:NeighborOf,reactome:ProteinReference2988
reactome:ProteinReference6352,abstraction:NeighborOf,reactome:ProteinReference6354
reactome:ProteinReference8674,abstraction:NeighborOf,reactome:ProteinReference8713
reactome:ProteinReference8646,abstraction:NeighborOf,reactome:ProteinReference8715
reactome:ProteinReference8720,abstraction:NeighborOf,reactome:ProteinReference8729
reactome:ProteinReference6353,abstraction:NeighborOf,reactome:ProteinReference6356
reactome:ProteinReference8700,abstraction:NeighborOf,reactome:ProteinReference8711
reactome:ProteinReference8665,abstraction:NeighborOf,reactome:ProteinReference8680
reactome:ProteinReference2933,abstraction:NeighborOf,reactome:ProteinReference2957
reactome:ProteinReference3923,abstraction:NeighborOf,reactome:ProteinReference3926
reactome:ProteinReference8704,abstraction:NeighborOf,reactome:ProteinReference8729
reactome:ProteinReference235,abstraction:NeighborOf,reactome:ProteinReference4788
reactome:ProteinReference2982,abstraction:NeighborOf,reactome:ProteinReference2994
reactome:ProteinReference5295,abstraction:NeighborOf,reactome:ProteinReference6101
reactome:ProteinReference2469,abstraction:NeighborOf,reactome:ProteinReference2474
reactome:ProteinReference8652,abstraction:NeighborOf,reactome:ProteinReference8736
reactome:ProteinReference3073,abstraction:NeighborOf,reactome:ProteinReference3148
reactome:ProteinReference5307,abstraction:NeighborOf,reactome:ProteinReference5308
reactome:ProteinReference2981,abstraction:NeighborOf,reactome:ProteinReference2986
reactome:ProteinReference1056,abstraction:NeighborOf,reactome:ProteinReference1057
reactome:ProteinReference5156,abstraction:NeighborOf,reactome:ProteinReference5163
reactome:ProteinReference8749,abstraction:NeighborOf,reactome:ProteinReference8760
reactome:ProteinReference1436,abstraction:NeighborOf,reactome:ProteinReference1437
reactome:ProteinReference2960,abstraction:NeighborOf,reactome:ProteinReference2999
reactome:ProteinReference3024,abstraction:NeighborOf,reactome:ProteinReference3025
reactome:ProteinReference8734,abstraction:NeighborOf,reactome:ProteinReference8737
reactome:ProteinReference8643,abstraction:NeighborOf,reactome:ProteinReference8726
reactome:ProteinReference5004,abstraction:NeighborOf,reactome:ProteinReference9024
reactome:ProteinReference5657,abstraction:NeighborOf,reactome:ProteinReference9835
reactome:ProteinReference8660,abstraction:NeighborOf,reactome:ProteinReference8722
reactome:ProteinReference4385,abstraction:NeighborOf,reactome:ProteinReference4437
reactome:ProteinReference8656,abstraction:NeighborOf,reactome:ProteinReference8670
reactome:ProteinReference2911,abstraction:NeighborOf,reactome:ProteinReference2971
reactome:ProteinReference8564,abstraction:NeighborOf,reactome:ProteinReference9286
reactome:ProteinReference5004,abstraction:NeighborOf,reactome:ProteinReference8999
reactome:ProteinReference10776,abstraction:NeighborOf,reactome:ProteinReference7662
reactome:ProteinReference2853,abstraction:NeighborOf,reactome:ProteinReference2901
reactome:ProteinReference1996,abstraction:NeighborOf,reactome:ProteinReference2018
reactome:ProteinReference3102,abstraction:NeighborOf,reactome:ProteinReference768
reactome:ProteinReference5294,abstraction:NeighborOf,reactome:ProteinReference5307
reactome:ProteinReference5139,abstraction:NeighborOf,reactome:ProteinReference5157
reactome:ProteinReference5442,abstraction:NeighborOf,reactome:ProteinReference6462
reactome:ProteinReference1736,abstraction:NeighborOf,reactome:ProteinReference4483
reactome:ProteinReference8643,abstraction:NeighborOf,reactome:ProteinReference8680
reactome:ProteinReference3923,abstraction:NeighborOf,reactome:ProteinReference3931
reactome:ProteinReference8720,abstraction:NeighborOf,reactome:ProteinReference8738
reactome:ProteinReference1095,abstraction:NeighborOf,reactome:ProteinReference1105
reactome:ProteinReference655,abstraction:NeighborOf,reactome:ProteinReference661
reactome:ProteinReference5128,abstraction:NeighborOf,reactome:ProteinReference5131
reactome:ProteinReference8402,abstraction:NeighborOf,reactome:ProteinReference8406
reactome:ProteinReference4769,abstraction:NeighborOf,reactome:ProteinReference82
reactome:ProteinReference9286,abstraction:NeighborOf,reactome:ProteinReference9713
reactome:ProteinReference2851,abstraction:NeighborOf,reactome:ProteinReference2853
reactome:ProteinReference2823,abstraction:NeighborOf,reactome:ProteinReference2900
reactome:ProteinReference8750,abstraction:NeighborOf,reactome:ProteinReference8759
reactome:ProteinReference8333,abstraction:NeighborOf,reactome:ProteinReference8340
reactome:ProteinReference5963,abstraction:NeighborOf,reactome:ProteinReference6780
reactome:ProteinReference10773,abstraction:NeighborOf,reactome:ProteinReference7669
reactome:ProteinReference4114,abstraction:NeighborOf,reactome:ProteinReference642
reactome:ProteinReference10607,abstraction:NeighborOf,reactome:ProteinReference10611
reactome:ProteinReference8755,abstraction:NeighborOf,reactome:ProteinReference8766
reactome:ProteinReference8990,abstraction:NeighborOf,reactome:ProteinReference8994
reactome:ProteinReference8670,abstraction:NeighborOf,reactome:ProteinReference8679
reactome:ProteinReference2851,abstraction:NeighborOf,reactome:ProteinReference2990
reactome:ProteinReference8651,abstraction:NeighborOf,reactome:ProteinReference8652
reactome:ProteinReference1736,abstraction:NeighborOf,reactome:ProteinReference4438
reactome:ProteinReference6759,abstraction:NeighborOf,reactome:ProteinReference8733
reactome:ProteinReference9759,abstraction:NeighborOf,reactome:ProteinReference9763
reactome:ProteinReference5418,abstraction:NeighborOf,reactome:ProteinReference7595
reactome:ProteinReference8700,abstraction:NeighborOf,reactome:ProteinReference8707
reactome:ProteinReference2851,abstraction:NeighborOf,reactome:ProteinReference3002
reactome:ProteinReference2927,abstraction:NeighborOf,reactome:ProteinReference2961
reactome:ProteinReference8650,abstraction:NeighborOf,reactome:ProteinReference8671
reactome:ProteinReference11273,abstraction:NeighborOf,reactome:ProteinReference8740
reactome:ProteinReference8697,abstraction:NeighborOf,reactome:ProteinReference8720
reactome:ProteinReference8661,abstraction:NeighborOf,reactome:ProteinReference8679
reactome:ProteinReference8711,abstraction:NeighborOf,reactome:ProteinReference8728
reactome:ProteinReference2993,abstraction:NeighborOf,reactome:ProteinReference2998
reactome:ProteinReference1021,abstraction:NeighborOf,reactome:ProteinReference4487
reactome:ProteinReference8665,abstraction:NeighborOf,reactome:ProteinReference8666
reactome:ProteinReference2875,abstraction:NeighborOf,reactome:ProteinReference2961
reactome:ProteinReference8698,abstraction:NeighborOf,reactome:ProteinReference8719
reactome:ProteinReference5609,abstraction:NeighborOf,reactome:ProteinReference6751
reactome:ProteinReference70,abstraction:NeighborOf,reactome:ProteinReference71
reactome:ProteinReference2852,abstraction:NeighborOf,reactome:ProteinReference2971
reactome:ProteinReference3929,abstraction:NeighborOf,reactome:ProteinReference659
reactome:ProteinReference8651,abstraction:NeighborOf,reactome:ProteinReference8730
reactome:ProteinReference7670,abstraction:NeighborOf,reactome:ProteinReference7673
reactome:ProteinReference8710,abstraction:NeighborOf,reactome:ProteinReference8722
reactome:ProteinReference67,abstraction:NeighborOf,reactome:ProteinReference68
reactome:ProteinReference5944,abstraction:NeighborOf,reactome:ProteinReference5945
reactome:ProteinReference4422,abstraction:NeighborOf,reactome:ProteinReference5296
reactome:ProteinReference235,abstraction:NeighborOf,reactome:ProteinReference6465
reactome:ProteinReference5376,abstraction:NeighborOf,reactome:ProteinReference5457
reactome:ProteinReference6096,abstraction:NeighborOf,reactome:ProteinReference6097
reactome:ProteinReference3235,abstraction:NeighborOf,reactome:ProteinReference7595
reactome:ProteinReference8564,abstraction:NeighborOf,reactome:ProteinReference9714
reactome:ProteinReference1098,abstraction:NeighborOf,reactome:ProteinReference1114
reactome:ProteinReference6510,abstraction:NeighborOf,reactome:ProteinReference6512
reactome:ProteinReference8689,abstraction:NeighborOf,reactome:ProteinReference8704
reactome:ProteinReference8675,abstraction:NeighborOf,reactome:ProteinReference8725
reactome:ProteinReference2448,abstraction:NeighborOf,reactome:ProteinReference2474
reactome:ProteinReference10689,abstraction:NeighborOf,reactome:ProteinReference5675
reactome:ProteinReference8607,abstraction:NeighborOf,reactome:ProteinReference8610
reactome:ProteinReference2994,abstraction:NeighborOf,reactome:ProteinReference2998
reactome:ProteinReference1013,abstraction:NeighborOf,reactome:ProteinReference5522
reactome:ProteinReference3072,abstraction:NeighborOf,reactome:ProteinReference3138
reactome:ProteinReference8996,abstraction:NeighborOf,reactome:ProteinReference8999
reactome:ProteinReference2860,abstraction:NeighborOf,reactome:ProteinReference2898
reactome:ProteinReference4697,abstraction:NeighborOf,reactome:ProteinReference8998
reactome:ProteinReference2822,abstraction:NeighborOf,reactome:ProteinReference2824
reactome:ProteinReference313,abstraction:NeighborOf,reactome:ProteinReference3918
reactome:ProteinReference2937,abstraction:NeighborOf,reactome:ProteinReference2956
reactome:ProteinReference6162,abstraction:NeighborOf,reactome:ProteinReference8737
reactome:ProteinReference5364,abstraction:NeighborOf,reactome:ProteinReference5378
reactome:ProteinReference8722,abstraction:NeighborOf,reactome:ProteinReference8732
reactome:ProteinReference10833,abstraction:NeighborOf,reactome:ProteinReference10836
reactome:ProteinReference10481,abstraction:NeighborOf,reactome:ProteinReference7713
reactome:ProteinReference1061,abstraction:NeighborOf,reactome:ProteinReference11256
reactome:ProteinReference3212,abstraction:NeighborOf,reactome:ProteinReference3217
reactome:ProteinReference2937,abstraction:NeighborOf,reactome:ProteinReference2959
reactome:ProteinReference4414,abstraction:NeighborOf,reactome:ProteinReference7712
reactome:ProteinReference4406,abstraction:NeighborOf,reactome:ProteinReference4884
reactome:ProteinReference2788,abstraction:NeighborOf,reactome:ProteinReference9953
reactome:ProteinReference2897,abstraction:NeighborOf,reactome:ProteinReference2898
reactome:ProteinReference1063,abstraction:NeighborOf,reactome:ProteinReference1088
reactome:ProteinReference1057,abstraction:NeighborOf,reactome:ProteinReference1065
reactome:ProteinReference11311,abstraction:NeighborOf,reactome:ProteinReference5039
reactome:ProteinReference1095,abstraction:NeighborOf,reactome:ProteinReference1099
reactome:ProteinReference2852,abstraction:NeighborOf,reactome:ProteinReference2997
reactome:ProteinReference8662,abstraction:NeighborOf,reactome:ProteinReference8702
reactome:ProteinReference8672,abstraction:NeighborOf,reactome:ProteinReference8709
reactome:ProteinReference1908,abstraction:NeighborOf,reactome:ProteinReference1933
reactome:ProteinReference8715,abstraction:NeighborOf,reactome:ProteinReference8728
reactome:ProteinReference2852,abstraction:NeighborOf,reactome:ProteinReference2991
reactome:ProteinReference6759,abstraction:NeighborOf,reactome:ProteinReference8706
reactome:ProteinReference7589,abstraction:NeighborOf,reactome:ProteinReference7590
reactome:ProteinReference431,abstraction:NeighborOf,reactome:ProteinReference432
reactome:ProteinReference8734,abstraction:NeighborOf,reactome:ProteinReference8735
reactome:ProteinReference2472,abstraction:NeighborOf,reactome:ProteinReference3184
reactome:ProteinReference11036,abstraction:NeighborOf,reactome:ProteinReference5227
reactome:ProteinReference3649,abstraction:NeighborOf,reactome:ProteinReference5506
reactome:ProteinReference8647,abstraction:NeighborOf,reactome:ProteinReference8666
reactome:ProteinReference6774,abstraction:NeighborOf,reactome:ProteinReference6779
reactome:ProteinReference3847,abstraction:NeighborOf,reactome:ProteinReference4980
reactome:ProteinReference6137,abstraction:NeighborOf,reactome:ProteinReference8694
reactome:ProteinReference1092,abstraction:NeighborOf,reactome:ProteinReference1102
reactome:ProteinReference6759,abstraction:NeighborOf,reactome:ProteinReference8713
reactome:ProteinReference8658,abstraction:NeighborOf,reactome:ProteinReference8665
reactome:ProteinReference8666,abstraction:NeighborOf,reactome:ProteinReference8737
reactome:ProteinReference7670,abstraction:NeighborOf,reactome:ProteinReference7675
reactome:ProteinReference8706,abstraction:NeighborOf,reactome:ProteinReference8717
reactome:ProteinReference8210,abstraction:NeighborOf,reactome:ProteinReference8783
reactome:ProteinReference8642,abstraction:NeighborOf,reactome:ProteinReference8759
reactome:ProteinReference5453,abstraction:NeighborOf,reactome:ProteinReference661
reactome:ProteinReference8650,abstraction:NeighborOf,reactome:ProteinReference8665
reactome:ProteinReference1294,abstraction:NeighborOf,reactome:ProteinReference5110
reactome:ProteinReference10923,abstraction:NeighborOf,reactome:ProteinReference1782
reactome:ProteinReference8702,abstraction:NeighborOf,reactome:ProteinReference8705
reactome:ProteinReference8672,abstraction:NeighborOf,reactome:ProteinReference8722
reactome:ProteinReference6820,abstraction:NeighborOf,reactome:ProteinReference6852
reactome:ProteinReference8662,abstraction:NeighborOf,reactome:ProteinReference8701
reactome:ProteinReference4138,abstraction:NeighborOf,reactome:ProteinReference4163
reactome:ProteinReference8336,abstraction:NeighborOf,reactome:ProteinReference8338
reactome:ProteinReference6354,abstraction:NeighborOf,reactome:ProteinReference6356
reactome:ProteinReference8644,abstraction:NeighborOf,reactome:ProteinReference8744
reactome:ProteinReference8651,abstraction:NeighborOf,reactome:ProteinReference8711
reactome:ProteinReference11274,abstraction:NeighborOf,reactome:ProteinReference3477
reactome:ProteinReference2899,abstraction:NeighborOf,reactome:ProteinReference2929
reactome:ProteinReference10563,abstraction:NeighborOf,reactome:ProteinReference3232
reactome:ProteinReference2938,abstraction:NeighborOf,reactome:ProteinReference2971
reactome:ProteinReference6718,abstraction:NeighborOf,reactome:ProteinReference6721
reactome:ProteinReference1907,abstraction:NeighborOf,reactome:ProteinReference1908
reactome:ProteinReference8662,abstraction:NeighborOf,reactome:ProteinReference8724
reactome:ProteinReference3235,abstraction:NeighborOf,reactome:ProteinReference9029
reactome:ProteinReference8990,abstraction:NeighborOf,reactome:ProteinReference8997
reactome:ProteinReference6773,abstraction:NeighborOf,reactome:ProteinReference9720
reactome:ProteinReference4512,abstraction:NeighborOf,reactome:ProteinReference9024
reactome:ProteinReference1852,abstraction:NeighborOf,reactome:ProteinReference5608
reactome:ProteinReference6092,abstraction:NeighborOf,reactome:ProteinReference9928
reactome:ProteinReference5660,abstraction:NeighborOf,reactome:ProteinReference6689
reactome:ProteinReference2989,abstraction:NeighborOf,reactome:ProteinReference2994
reactome:ProteinReference2908,abstraction:NeighborOf,reactome:ProteinReference2936
reactome:ProteinReference4679,abstraction:NeighborOf,reactome:ProteinReference4686
reactome:ProteinReference2904,abstraction:NeighborOf,reactome:ProteinReference2935
reactome:ProteinReference1032,abstraction:NeighborOf,reactome:ProteinReference9716
reactome:ProteinReference5332,abstraction:NeighborOf,reactome:ProteinReference5335
reactome:ProteinReference1821,abstraction:NeighborOf,reactome:ProteinReference6776
reactome:ProteinReference8646,abstraction:NeighborOf,reactome:ProteinReference8728
reactome:ProteinReference4697,abstraction:NeighborOf,reactome:ProteinReference6947
reactome:ProteinReference5328,abstraction:NeighborOf,reactome:ProteinReference5335
reactome:ProteinReference8666,abstraction:NeighborOf,reactome:ProteinReference8716
reactome:ProteinReference8659,abstraction:NeighborOf,reactome:ProteinReference8726
reactome:ProteinReference11435,abstraction:NeighborOf,reactome:ProteinReference1798
reactome:ProteinReference6353,abstraction:NeighborOf,reactome:ProteinReference6357
reactome:ProteinReference1056,abstraction:NeighborOf,reactome:ProteinReference1065
reactome:ProteinReference1737,abstraction:NeighborOf,reactome:ProteinReference4700
reactome:ProteinReference6440,abstraction:NeighborOf,reactome:ProteinReference6677
reactome:ProteinReference1100,abstraction:NeighborOf,reactome:ProteinReference1118
reactome:ProteinReference8643,abstraction:NeighborOf,reactome:ProteinReference8652
reactome:ProteinReference2472,abstraction:NeighborOf,reactome:ProteinReference2475
reactome:ProteinReference2875,abstraction:NeighborOf,reactome:ProteinReference2972
reactome:ProteinReference4423,abstraction:NeighborOf,reactome:ProteinReference5038
reactome:ProteinReference8659,abstraction:NeighborOf,reactome:ProteinReference8680
reactome:ProteinReference8658,abstraction:NeighborOf,reactome:ProteinReference8681
reactome:ProteinReference8650,abstraction:NeighborOf,reactome:ProteinReference8681
reactome:ProteinReference3055,abstraction:NeighborOf,reactome:ProteinReference3072
reactome:ProteinReference8707,abstraction:NeighborOf,reactome:ProteinReference8735
reactome:ProteinReference6162,abstraction:NeighborOf,reactome:ProteinReference8735
reactome:ProteinReference8671,abstraction:NeighborOf,reactome:ProteinReference8689
reactome:ProteinReference8651,abstraction:NeighborOf,reactome:ProteinReference8707
reactome:ProteinReference9703,abstraction:NeighborOf,reactome:ProteinReference9704
reactome:ProteinReference8642,abstraction:NeighborOf,reactome:ProteinReference8668
reactome:ProteinReference2445,abstraction:NeighborOf,reactome:ProteinReference2448
reactome:ProteinReference8567,abstraction:NeighborOf,reactome:ProteinReference8569
reactome:ProteinReference7158,abstraction:NeighborOf,reactome:ProteinReference7160
reactome:ProteinReference8712,abstraction:NeighborOf,reactome:ProteinReference8737
reactome:ProteinReference11038,abstraction:NeighborOf,reactome:ProteinReference11040
reactome:ProteinReference2933,abstraction:NeighborOf,reactome:ProteinReference2935
reactome:ProteinReference2822,abstraction:NeighborOf,reactome:ProteinReference2832
reactome:ProteinReference5523,abstraction:NeighborOf,reactome:ProteinReference5597
reactome:ProteinReference8674,abstraction:NeighborOf,reactome:ProteinReference8704
reactome:ProteinReference8754,abstraction:NeighborOf,reactome:ProteinReference8763
reactome:ProteinReference5611,abstraction:NeighborOf,reactome:ProteinReference6859
reactome:ProteinReference8701,abstraction:NeighborOf,reactome:ProteinReference8716
reactome:ProteinReference5514,abstraction:NeighborOf,reactome:ProteinReference6435
reactome:ProteinReference1094,abstraction:NeighborOf,reactome:ProteinReference1105
reactome:ProteinReference2472,abstraction:NeighborOf,reactome:ProteinReference3202
reactome:ProteinReference8656,abstraction:NeighborOf,reactome:ProteinReference8661
reactome:ProteinReference2933,abstraction:NeighborOf,reactome:ProteinReference2959
reactome:ProteinReference2907,abstraction:NeighborOf,reactome:ProteinReference2972
reactome:ProteinReference6230,abstraction:NeighborOf,reactome:ProteinReference6231
reactome:ProteinReference5244,abstraction:NeighborOf,reactome:ProteinReference5293
reactome:ProteinReference2167,abstraction:NeighborOf,reactome:ProteinReference9720
reactome:ProteinReference8689,abstraction:NeighborOf,reactome:ProteinReference8705
reactome:ProteinReference3492,abstraction:NeighborOf,reactome:ProteinReference3540
reactome:ProteinReference8668,abstraction:NeighborOf,reactome:ProteinReference8762
reactome:ProteinReference10758,abstraction:NeighborOf,reactome:ProteinReference10761
reactome:ProteinReference8637,abstraction:NeighborOf,reactome:ProteinReference9709
reactome:ProteinReference5611,abstraction:NeighborOf,reactome:ProteinReference6244
reactome:ProteinReference11300,abstraction:NeighborOf,reactome:ProteinReference11301
reactome:ProteinReference8646,abstraction:NeighborOf,reactome:ProteinReference8665
reactome:ProteinReference2926,abstraction:NeighborOf,reactome:ProteinReference3357
reactome:ProteinReference2962,abstraction:NeighborOf,reactome:ProteinReference2971
reactome:ProteinReference8721,abstraction:NeighborOf,reactome:ProteinReference8737
reactome:ProteinReference11043,abstraction:NeighborOf,reactome:ProteinReference7826
reactome:ProteinReference8746,abstraction:NeighborOf,reactome:ProteinReference8755
reactome:ProteinReference6162,abstraction:NeighborOf,reactome:ProteinReference8708
reactome:ProteinReference2098,abstraction:NeighborOf,reactome:ProteinReference4541
reactome:ProteinReference8702,abstraction:NeighborOf,reactome:ProteinReference8730
reactome:ProteinReference8653,abstraction:NeighborOf,reactome:ProteinReference8764
reactome:ProteinReference10892,abstraction:NeighborOf,reactome:ProteinReference4299
reactome:ProteinReference8994,abstraction:NeighborOf,reactome:ProteinReference8995
reactome:ProteinReference10993,abstraction:NeighborOf,reactome:ProteinReference3531
reactome:ProteinReference8712,abstraction:NeighborOf,reactome:ProteinReference8716
reactome:ProteinReference1959,abstraction:NeighborOf,reactome:ProteinReference1960
reactome:ProteinReference8657,abstraction:NeighborOf,reactome:ProteinReference8708
reactome:ProteinReference2957,abstraction:NeighborOf,reactome:ProteinReference2979
reactome:ProteinReference2851,abstraction:NeighborOf,reactome:ProteinReference2994
reactome:ProteinReference8702,abstraction:NeighborOf,reactome:ProteinReference8712
reactome:ProteinReference8745,abstraction:NeighborOf,reactome:ProteinReference8759
reactome:ProteinReference3931,abstraction:NeighborOf,reactome:ProteinReference659
reactome:ProteinReference8645,abstraction:NeighborOf,reactome:ProteinReference8716
reactome:ProteinReference8648,abstraction:NeighborOf,reactome:ProteinReference8708
reactome:ProteinReference6291,abstraction:NeighborOf,reactome:ProteinReference6292
reactome:ProteinReference1736,abstraction:NeighborOf,reactome:ProteinReference4461
reactome:ProteinReference2833,abstraction:NeighborOf,reactome:ProteinReference3014
reactome:ProteinReference10691,abstraction:NeighborOf,reactome:ProteinReference6622
reactome:ProteinReference8713,abstraction:NeighborOf,reactome:ProteinReference8714
reactome:ProteinReference9704,abstraction:NeighborOf,reactome:ProteinReference9721
reactome:ProteinReference8666,abstraction:NeighborOf,reactome:ProteinReference8725
reactome:ProteinReference8644,abstraction:NeighborOf,reactome:ProteinReference8650
reactome:ProteinReference5305,abstraction:NeighborOf,reactome:ProteinReference5308
reactome:ProteinReference2850,abstraction:NeighborOf,reactome:ProteinReference2998
reactome:ProteinReference3209,abstraction:NeighborOf,reactome:ProteinReference3212
reactome:ProteinReference10444,abstraction:NeighborOf,reactome:ProteinReference6794
reactome:ProteinReference6162,abstraction:NeighborOf,reactome:ProteinReference8699
reactome:ProteinReference1105,abstraction:NeighborOf,reactome:ProteinReference1107
reactome:ProteinReference9709,abstraction:NeighborOf,reactome:ProteinReference9721
reactome:ProteinReference8652,abstraction:NeighborOf,reactome:ProteinReference8666
reactome:ProteinReference2957,abstraction:NeighborOf,reactome:ProteinReference2962
reactome:ProteinReference5276,abstraction:NeighborOf,reactome:ProteinReference7604
reactome:ProteinReference8652,abstraction:NeighborOf,reactome:ProteinReference8721
reactome:ProteinReference8666,abstraction:NeighborOf,reactome:ProteinReference8708
reactome:ProteinReference2471,abstraction:NeighborOf,reactome:ProteinReference3181
reactome:ProteinReference5407,abstraction:NeighborOf,reactome:ProteinReference7609
reactome:ProteinReference7314,abstraction:NeighborOf,reactome:ProteinReference7315
reactome:ProteinReference2445,abstraction:NeighborOf,reactome:ProteinReference2466
reactome:ProteinReference4648,abstraction:NeighborOf,reactome:ProteinReference8815
reactome:ProteinReference5304,abstraction:NeighborOf,reactome:ProteinReference5305
reactome:ProteinReference5957,abstraction:NeighborOf,reactome:ProteinReference6831
reactome:ProteinReference2858,abstraction:NeighborOf,reactome:ProteinReference2874
reactome:ProteinReference2962,abstraction:NeighborOf,reactome:ProteinReference2997
reactome:ProteinReference8668,abstraction:NeighborOf,reactome:ProteinReference8751
reactome:ProteinReference8703,abstraction:NeighborOf,reactome:ProteinReference8719
reactome:ProteinReference655,abstraction:NeighborOf,reactome:ProteinReference662
reactome:ProteinReference5407,abstraction:NeighborOf,reactome:ProteinReference9035
reactome:ProteinReference8687,abstraction:NeighborOf,reactome:ProteinReference8755
reactome:ProteinReference4586,abstraction:NeighborOf,reactome:ProteinReference8203
reactome:ProteinReference1128,abstraction:NeighborOf,reactome:ProteinReference1736
reactome:ProteinReference2851,abstraction:NeighborOf,reactome:ProteinReference2861
reactome:ProteinReference5447,abstraction:NeighborOf,reactome:ProteinReference5448
reactome:ProteinReference10757,abstraction:NeighborOf,reactome:ProteinReference10760
reactome:ProteinReference1736,abstraction:NeighborOf,reactome:ProteinReference4462
reactome:ProteinReference8728,abstraction:NeighborOf,reactome:ProteinReference8730
reactome:ProteinReference8649,abstraction:NeighborOf,reactome:ProteinReference8678
reactome:ProteinReference8750,abstraction:NeighborOf,reactome:ProteinReference8763
reactome:ProteinReference1094,abstraction:NeighborOf,reactome:ProteinReference1099
reactome:ProteinReference2980,abstraction:NeighborOf,reactome:ProteinReference2988
reactome:ProteinReference10590,abstraction:NeighborOf,reactome:ProteinReference10591
reactome:ProteinReference8644,abstraction:NeighborOf,reactome:ProteinReference8675
reactome:ProteinReference8669,abstraction:NeighborOf,reactome:ProteinReference8675
reactome:ProteinReference10477,abstraction:NeighborOf,reactome:ProteinReference10479
reactome:ProteinReference2460,abstraction:NeighborOf,reactome:ProteinReference2474
reactome:ProteinReference2927,abstraction:NeighborOf,reactome:ProteinReference2957
reactome:ProteinReference1811,abstraction:NeighborOf,reactome:ProteinReference8907
reactome:ProteinReference8677,abstraction:NeighborOf,reactome:ProteinReference8755
reactome:ProteinReference8710,abstraction:NeighborOf,reactome:ProteinReference8726
reactome:ProteinReference2983,abstraction:NeighborOf,reactome:ProteinReference3003
reactome:ProteinReference8668,abstraction:NeighborOf,reactome:ProteinReference8765
reactome:ProteinReference4662,abstraction:NeighborOf,reactome:ProteinReference8135
reactome:ProteinReference8671,abstraction:NeighborOf,reactome:ProteinReference8673
reactome:ProteinReference10902,abstraction:NeighborOf,reactome:ProteinReference10918
reactome:ProteinReference8652,abstraction:NeighborOf,reactome:ProteinReference8717
reactome:ProteinReference8666,abstraction:NeighborOf,reactome:ProteinReference8699
reactome:ProteinReference2875,abstraction:NeighborOf,reactome:ProteinReference2957
reactome:ProteinReference8700,abstraction:NeighborOf,reactome:ProteinReference8702
reactome:ProteinReference8643,abstraction:NeighborOf,reactome:ProteinReference8651
reactome:ProteinReference6452,abstraction:NeighborOf,reactome:ProteinReference7346
reactome:ProteinReference8713,abstraction:NeighborOf,reactome:ProteinReference8719
reactome:ProteinReference2958,abstraction:NeighborOf,reactome:ProteinReference2962
reactome:ProteinReference1262,abstraction:NeighborOf,reactome:ProteinReference6651
reactome:ProteinReference7939,abstraction:NeighborOf,reactome:ProteinReference9945
reactome:ProteinReference3222,abstraction:NeighborOf,reactome:ProteinReference3226
reactome:ProteinReference10779,abstraction:NeighborOf,reactome:ProteinReference7663
reactome:ProteinReference2992,abstraction:NeighborOf,reactome:ProteinReference2993
reactome:ProteinReference1088,abstraction:NeighborOf,reactome:ProteinReference7725
reactome:ProteinReference8702,abstraction:NeighborOf,reactome:ProteinReference8711
reactome:ProteinReference2850,abstraction:NeighborOf,reactome:ProteinReference2874
reactome:ProteinReference6354,abstraction:NeighborOf,reactome:ProteinReference6357
reactome:ProteinReference8753,abstraction:NeighborOf,reactome:ProteinReference8765
reactome:ProteinReference8707,abstraction:NeighborOf,reactome:ProteinReference8724
reactome:ProteinReference10781,abstraction:NeighborOf,reactome:ProteinReference7663
reactome:ProteinReference2167,abstraction:NeighborOf,reactome:ProteinReference9714
reactome:ProteinReference1736,abstraction:NeighborOf,reactome:ProteinReference4424
reactome:ProteinReference8660,abstraction:NeighborOf,reactome:ProteinReference8666
reactome:ProteinReference8664,abstraction:NeighborOf,reactome:ProteinReference8680
reactome:ProteinReference8660,abstraction:NeighborOf,reactome:ProteinReference8721
reactome:ProteinReference8689,abstraction:NeighborOf,reactome:ProteinReference8730
reactome:ProteinReference7920,abstraction:NeighborOf,reactome:ProteinReference8104
reactome:ProteinReference3512,abstraction:NeighborOf,reactome:ProteinReference3529
reactome:ProteinReference9713,abstraction:NeighborOf,reactome:ProteinReference9721
reactome:ProteinReference2828,abstraction:NeighborOf,reactome:ProteinReference3005
reactome:ProteinReference4363,abstraction:NeighborOf,reactome:ProteinReference4364
reactome:ProteinReference4611,abstraction:NeighborOf,reactome:ProteinReference6048
reactome:ProteinReference8700,abstraction:NeighborOf,reactome:ProteinReference8701
reactome:ProteinReference8895,abstraction:NeighborOf,reactome:ProteinReference8896
reactome:ProteinReference8680,abstraction:NeighborOf,reactome:ProteinReference8755
reactome:ProteinReference5406,abstraction:NeighborOf,reactome:ProteinReference8244
reactome:ProteinReference8712,abstraction:NeighborOf,reactome:ProteinReference8725
reactome:ProteinReference6162,abstraction:NeighborOf,reactome:ProteinReference8723
reactome:ProteinReference12150,abstraction:NeighborOf,reactome:ProteinReference5730
reactome:ProteinReference5163,abstraction:NeighborOf,reactome:ProteinReference5190
reactome:ProteinReference8689,abstraction:NeighborOf,reactome:ProteinReference8712
reactome:ProteinReference6759,abstraction:NeighborOf,reactome:ProteinReference8704
reactome:ProteinReference8692,abstraction:NeighborOf,reactome:ProteinReference8700
reactome:ProteinReference1058,abstraction:NeighborOf,reactome:ProteinReference1064
reactome:ProteinReference4437,abstraction:NeighborOf,reactome:ProteinReference4699
reactome:ProteinReference9955,abstraction:NeighborOf,reactome:ProteinReference9956
reactome:ProteinReference8700,abstraction:NeighborOf,reactome:ProteinReference8724
reactome:ProteinReference10951,abstraction:NeighborOf,reactome:ProteinReference5765
reactome:ProteinReference8649,abstraction:NeighborOf,reactome:ProteinReference8718
reactome:ProteinReference8637,abstraction:NeighborOf,reactome:ProteinReference9712
reactome:ProteinReference8391,abstraction:NeighborOf,reactome:ProteinReference8392
reactome:ProteinReference8674,abstraction:NeighborOf,reactome:ProteinReference8705
reactome:ProteinReference663,abstraction:NeighborOf,reactome:ProteinReference664
reactome:ProteinReference8749,abstraction:NeighborOf,reactome:ProteinReference8764
reactome:ProteinReference8675,abstraction:NeighborOf,reactome:ProteinReference8678
reactome:ProteinReference10687,abstraction:NeighborOf,reactome:ProteinReference5675
reactome:ProteinReference8660,abstraction:NeighborOf,reactome:ProteinReference8717
reactome:ProteinReference3212,abstraction:NeighborOf,reactome:ProteinReference3218
reactome:ProteinReference10836,abstraction:NeighborOf,reactome:ProteinReference11018
reactome:ProteinReference8721,abstraction:NeighborOf,reactome:ProteinReference8725
reactome:ProteinReference5063,abstraction:NeighborOf,reactome:ProteinReference6256
reactome:ProteinReference2930,abstraction:NeighborOf,reactome:ProteinReference3055
reactome:ProteinReference5390,abstraction:NeighborOf,reactome:ProteinReference7324
reactome:ProteinReference10778,abstraction:NeighborOf,reactome:ProteinReference10782
reactome:ProteinReference10580,abstraction:NeighborOf,reactome:ProteinReference8195
reactome:ProteinReference1105,abstraction:NeighborOf,reactome:ProteinReference1119
reactome:ProteinReference8702,abstraction:NeighborOf,reactome:ProteinReference8707
reactome:ProteinReference2959,abstraction:NeighborOf,reactome:ProteinReference2988
reactome:ProteinReference8645,abstraction:NeighborOf,reactome:ProteinReference8664
reactome:ProteinReference8672,abstraction:NeighborOf,reactome:ProteinReference8726
reactome:ProteinReference11433,abstraction:NeighborOf,reactome:ProteinReference2970
reactome:ProteinReference2970,abstraction:NeighborOf,reactome:ProteinReference8907
reactome:ProteinReference2824,abstraction:NeighborOf,reactome:ProteinReference2830
reactome:ProteinReference10833,abstraction:NeighborOf,reactome:ProteinReference3509
reactome:ProteinReference8711,abstraction:NeighborOf,reactome:ProteinReference8736
reactome:ProteinReference6453,abstraction:NeighborOf,reactome:ProteinReference7613
reactome:ProteinReference8687,abstraction:NeighborOf,reactome:ProteinReference8754
reactome:ProteinReference1934,abstraction:NeighborOf,reactome:ProteinReference1936
reactome:ProteinReference10786,abstraction:NeighborOf,reactome:ProteinReference6333
reactome:ProteinReference2957,abstraction:NeighborOf,reactome:ProteinReference2982
reactome:ProteinReference3356,abstraction:NeighborOf,reactome:ProteinReference3357
reactome:ProteinReference2979,abstraction:NeighborOf,reactome:ProteinReference2993
reactome:ProteinReference8717,abstraction:NeighborOf,reactome:ProteinReference8735
reactome:ProteinReference11391,abstraction:NeighborOf,reactome:ProteinReference11392
reactome:ProteinReference8672,abstraction:NeighborOf,reactome:ProteinReference8680
reactome:ProteinReference8751,abstraction:NeighborOf,reactome:ProteinReference8765
reactome:ProteinReference8648,abstraction:NeighborOf,reactome:ProteinReference8656
reactome:ProteinReference5420,abstraction:NeighborOf,reactome:ProteinReference5421
reactome:ProteinReference11156,abstraction:NeighborOf,reactome:ProteinReference5178
reactome:ProteinReference2973,abstraction:NeighborOf,reactome:ProteinReference2998
reactome:ProteinReference11033,abstraction:NeighborOf,reactome:ProteinReference11036
reactome:ProteinReference4188,abstraction:NeighborOf,reactome:ProteinReference6354
reactome:ProteinReference1977,abstraction:NeighborOf,reactome:ProteinReference1978
reactome:ProteinReference1013,abstraction:NeighborOf,reactome:ProteinReference7461
reactome:ProteinReference9754,abstraction:NeighborOf,reactome:ProteinReference9755
reactome:ProteinReference8116,abstraction:NeighborOf,reactome:ProteinReference8293
reactome:ProteinReference2831,abstraction:NeighborOf,reactome:ProteinReference2833
reactome:ProteinReference1092,abstraction:NeighborOf,reactome:ProteinReference1112
reactome:ProteinReference8657,abstraction:NeighborOf,reactome:ProteinReference8668
reactome:ProteinReference2447,abstraction:NeighborOf,reactome:ProteinReference2473
reactome:ProteinReference8755,abstraction:NeighborOf,reactome:ProteinReference8757
reactome:ProteinReference8662,abstraction:NeighborOf,reactome:ProteinReference8728
reactome:ProteinReference4385,abstraction:NeighborOf,reactome:ProteinReference4700
reactome:ProteinReference8642,abstraction:NeighborOf,reactome:ProteinReference8763
reactome:ProteinReference6354,abstraction:NeighborOf,reactome:ProteinReference6355
reactome:ProteinReference3148,abstraction:NeighborOf,reactome:ProteinReference3149
reactome:ProteinReference1088,abstraction:NeighborOf,reactome:ProteinReference7724
reactome:ProteinReference2978,abstraction:NeighborOf,reactome:ProteinReference2985
reactome:ProteinReference3014,abstraction:NeighborOf,reactome:ProteinReference3037
reactome:ProteinReference6274,abstraction:NeighborOf,reactome:ProteinReference664
reactome:ProteinReference8648,abstraction:NeighborOf,reactome:ProteinReference8668
reactome:ProteinReference1032,abstraction:NeighborOf,reactome:ProteinReference9708
reactome:ProteinReference8652,abstraction:NeighborOf,reactome:ProteinReference8697
reactome:ProteinReference5146,abstraction:NeighborOf,reactome:ProteinReference8776
reactome:ProteinReference8689,abstraction:NeighborOf,reactome:ProteinReference8711
reactome:ProteinReference10611,abstraction:NeighborOf,reactome:ProteinReference8575
reactome:ProteinReference701,abstraction:NeighborOf,reactome:ProteinReference8280
reactome:ProteinReference1905,abstraction:NeighborOf,reactome:ProteinReference1908
reactome:ProteinReference10779,abstraction:NeighborOf,reactome:ProteinReference10781
reactome:ProteinReference8729,abstraction:NeighborOf,reactome:ProteinReference8730
reactome:ProteinReference6797,abstraction:NeighborOf,reactome:ProteinReference8605
reactome:ProteinReference2851,abstraction:NeighborOf,reactome:ProteinReference2989
reactome:ProteinReference1088,abstraction:NeighborOf,reactome:ProteinReference2098
reactome:ProteinReference8646,abstraction:NeighborOf,reactome:ProteinReference8709
reactome:ProteinReference8666,abstraction:NeighborOf,reactome:ProteinReference8668
reactome:ProteinReference5039,abstraction:NeighborOf,reactome:ProteinReference6096
reactome:ProteinReference103,abstraction:NeighborOf,reactome:ProteinReference451
reactome:ProteinReference7604,abstraction:NeighborOf,reactome:ProteinReference7856
reactome:ProteinReference10628,abstraction:NeighborOf,reactome:ProteinReference10629
reactome:ProteinReference8709,abstraction:NeighborOf,reactome:ProteinReference8713
reactome:ProteinReference11272,abstraction:NeighborOf,reactome:ProteinReference8740
reactome:ProteinReference1091,abstraction:NeighborOf,reactome:ProteinReference6028
reactome:ProteinReference3730,abstraction:NeighborOf,reactome:ProteinReference4843
reactome:ProteinReference10664,abstraction:NeighborOf,reactome:ProteinReference4729
reactome:ProteinReference6396,abstraction:NeighborOf,reactome:ProteinReference6508
reactome:ProteinReference1797,abstraction:NeighborOf,reactome:ProteinReference1799
reactome:ProteinReference4114,abstraction:NeighborOf,reactome:ProteinReference6243
reactome:ProteinReference8715,abstraction:NeighborOf,reactome:ProteinReference8736
reactome:ProteinReference3237,abstraction:NeighborOf,reactome:ProteinReference7595
reactome:ProteinReference10526,abstraction:NeighborOf,reactome:ProteinReference10527
reactome:ProteinReference8752,abstraction:NeighborOf,reactome:ProteinReference8759
reactome:ProteinReference8657,abstraction:NeighborOf,reactome:ProteinReference8669
reactome:ProteinReference8653,abstraction:NeighborOf,reactome:ProteinReference8752
reactome:ProteinReference3336,abstraction:NeighborOf,reactome:ProteinReference5937
reactome:ProteinReference8708,abstraction:NeighborOf,reactome:ProteinReference8735
reactome:ProteinReference10831,abstraction:NeighborOf,reactome:ProteinReference3598
reactome:ProteinReference10487,abstraction:NeighborOf,reactome:ProteinReference10488
reactome:ProteinReference8648,abstraction:NeighborOf,reactome:ProteinReference8669
reactome:ProteinReference4423,abstraction:NeighborOf,reactome:ProteinReference5292
reactome:ProteinReference2900,abstraction:NeighborOf,reactome:ProteinReference3014
reactome:ProteinReference3917,abstraction:NeighborOf,reactome:ProteinReference3918
reactome:ProteinReference3606,abstraction:NeighborOf,reactome:ProteinReference860
reactome:ProteinReference8706,abstraction:NeighborOf,reactome:ProteinReference8716
reactome:ProteinReference8725,abstraction:NeighborOf,reactome:ProteinReference8737
reactome:ProteinReference2875,abstraction:NeighborOf,reactome:ProteinReference2899
reactome:ProteinReference8672,abstraction:NeighborOf,reactome:ProteinReference8721
reactome:ProteinReference11367,abstraction:NeighborOf,reactome:ProteinReference6510
reactome:ProteinReference4115,abstraction:NeighborOf,reactome:ProteinReference5709
reactome:ProteinReference1064,abstraction:NeighborOf,reactome:ProteinReference1065
reactome:ProteinReference8651,abstraction:NeighborOf,reactome:ProteinReference8702
reactome:ProteinReference8660,abstraction:NeighborOf,reactome:ProteinReference8697
reactome:ProteinReference8666,abstraction:NeighborOf,reactome:ProteinReference8669
reactome:ProteinReference8674,abstraction:NeighborOf,reactome:ProteinReference8730
reactome:ProteinReference2853,abstraction:NeighborOf,reactome:ProteinReference2928
reactome:ProteinReference8689,abstraction:NeighborOf,reactome:ProteinReference8707
reactome:ProteinReference2996,abstraction:NeighborOf,reactome:ProteinReference3004
reactome:ProteinReference9820,abstraction:NeighborOf,reactome:ProteinReference9821
reactome:ProteinReference4458,abstraction:NeighborOf,reactome:ProteinReference5240
reactome:ProteinReference5384,abstraction:NeighborOf,reactome:ProteinReference9279
reactome:ProteinReference3512,abstraction:NeighborOf,reactome:ProteinReference4358
reactome:ProteinReference1100,abstraction:NeighborOf,reactome:ProteinReference1121
reactome:ProteinReference3585,abstraction:NeighborOf,reactome:ProteinReference659
reactome:ProteinReference4156,abstraction:NeighborOf,reactome:ProteinReference9408
reactome:ProteinReference8657,abstraction:NeighborOf,reactome:ProteinReference8670
reactome:ProteinReference8711,abstraction:NeighborOf,reactome:ProteinReference8729
reactome:ProteinReference8649,abstraction:NeighborOf,reactome:ProteinReference8696
reactome:ProteinReference2971,abstraction:NeighborOf,reactome:ProteinReference3004
reactome:ProteinReference8651,abstraction:NeighborOf,reactome:ProteinReference8701
reactome:ProteinReference6396,abstraction:NeighborOf,reactome:ProteinReference9587
reactome:ProteinReference10573,abstraction:NeighborOf,reactome:ProteinReference6101
reactome:ProteinReference8672,abstraction:NeighborOf,reactome:ProteinReference8717
reactome:ProteinReference8646,abstraction:NeighborOf,reactome:ProteinReference8736
reactome:ProteinReference1966,abstraction:NeighborOf,reactome:ProteinReference1967
reactome:ProteinReference8678,abstraction:NeighborOf,reactome:ProteinReference8718
reactome:ProteinReference6759,abstraction:NeighborOf,reactome:ProteinReference8705
reactome:ProteinReference2957,abstraction:NeighborOf,reactome:ProteinReference2986
reactome:ProteinReference8567,abstraction:NeighborOf,reactome:ProteinReference8619
reactome:ProteinReference8659,abstraction:NeighborOf,reactome:ProteinReference8707
reactome:ProteinReference8651,abstraction:NeighborOf,reactome:ProteinReference8724
reactome:ProteinReference8666,abstraction:NeighborOf,reactome:ProteinReference8670
reactome:ProteinReference2798,abstraction:NeighborOf,reactome:ProteinReference9953
reactome:ProteinReference6847,abstraction:NeighborOf,reactome:ProteinReference8618
reactome:ProteinReference8690,abstraction:NeighborOf,reactome:ProteinReference8747
reactome:ProteinReference8656,abstraction:NeighborOf,reactome:ProteinReference8658
reactome:ProteinReference2934,abstraction:NeighborOf,reactome:ProteinReference2938
reactome:ProteinReference2850,abstraction:NeighborOf,reactome:ProteinReference2993
reactome:ProteinReference7662,abstraction:NeighborOf,reactome:ProteinReference7663
reactome:ProteinReference8661,abstraction:NeighborOf,reactome:ProteinReference8713
reactome:ProteinReference6092,abstraction:NeighborOf,reactome:ProteinReference8227
reactome:ProteinReference3237,abstraction:NeighborOf,reactome:ProteinReference9029
reactome:ProteinReference8727,abstraction:NeighborOf,reactome:ProteinReference8737
reactome:ProteinReference8643,abstraction:NeighborOf,reactome:ProteinReference8735
reactome:ProteinReference2855,abstraction:NeighborOf,reactome:ProteinReference2981
reactome:ProteinReference8705,abstraction:NeighborOf,reactome:ProteinReference8722
reactome:ProteinReference2900,abstraction:NeighborOf,reactome:ProteinReference2963
reactome:ProteinReference10473,abstraction:NeighborOf,reactome:ProteinReference10479
reactome:ProteinReference1804,abstraction:NeighborOf,reactome:ProteinReference1809
reactome:ProteinReference2788,abstraction:NeighborOf,reactome:ProteinReference2792
reactome:ProteinReference2875,abstraction:NeighborOf,reactome:ProteinReference2956
reactome:ProteinReference8711,abstraction:NeighborOf,reactome:ProteinReference8738
reactome:ProteinReference2927,abstraction:NeighborOf,reactome:ProteinReference2935
reactome:ProteinReference1957,abstraction:NeighborOf,reactome:ProteinReference1960
reactome:ProteinReference8745,abstraction:NeighborOf,reactome:ProteinReference8763
reactome:ProteinReference8665,abstraction:NeighborOf,reactome:ProteinReference8708
reactome:ProteinReference2875,abstraction:NeighborOf,reactome:ProteinReference2935
reactome:ProteinReference2854,abstraction:NeighborOf,reactome:ProteinReference2860
reactome:ProteinReference2927,abstraction:NeighborOf,reactome:ProteinReference2959
reactome:ProteinReference3087,abstraction:NeighborOf,reactome:ProteinReference3198
reactome:ProteinReference4768,abstraction:NeighborOf,reactome:ProteinReference4770
reactome:ProteinReference2981,abstraction:NeighborOf,reactome:ProteinReference2998
reactome:ProteinReference8717,abstraction:NeighborOf,reactome:ProteinReference8723
reactome:ProteinReference8670,abstraction:NeighborOf,reactome:ProteinReference8675
reactome:ProteinReference2875,abstraction:NeighborOf,reactome:ProteinReference2959
reactome:ProteinReference2447,abstraction:NeighborOf,reactome:ProteinReference2468
reactome:ProteinReference2937,abstraction:NeighborOf,reactome:ProteinReference2962
reactome:ProteinReference8715,abstraction:NeighborOf,reactome:ProteinReference8729
reactome:ProteinReference2462,abstraction:NeighborOf,reactome:ProteinReference2473
reactome:ProteinReference5124,abstraction:NeighborOf,reactome:ProteinReference5131
reactome:ProteinReference8674,abstraction:NeighborOf,reactome:ProteinReference8711
reactome:ProteinReference8706,abstraction:NeighborOf,reactome:ProteinReference8725
reactome:ProteinReference10777,abstraction:NeighborOf,reactome:ProteinReference10782
reactome:ProteinReference2980,abstraction:NeighborOf,reactome:ProteinReference3000
reactome:ProteinReference8761,abstraction:NeighborOf,reactome:ProteinReference8765
reactome:ProteinReference5492,abstraction:NeighborOf,reactome:ProteinReference5497
reactome:ProteinReference2907,abstraction:NeighborOf,reactome:ProteinReference2956
reactome:ProteinReference10780,abstraction:NeighborOf,reactome:ProteinReference10783
reactome:ProteinReference6162,abstraction:NeighborOf,reactome:ProteinReference8727
reactome:ProteinReference8668,abstraction:NeighborOf,reactome:ProteinReference8675
reactome:ProteinReference2824,abstraction:NeighborOf,reactome:ProteinReference3038
reactome:ProteinReference2907,abstraction:NeighborOf,reactome:ProteinReference2935
reactome:ProteinReference10778,abstraction:NeighborOf,reactome:ProteinReference10780
reactome:ProteinReference11274,abstraction:NeighborOf,reactome:ProteinReference11275
reactome:ProteinReference7114,abstraction:NeighborOf,reactome:ProteinReference7115
reactome:ProteinReference2985,abstraction:NeighborOf,reactome:ProteinReference2986
reactome:ProteinReference1100,abstraction:NeighborOf,reactome:ProteinReference1113
reactome:ProteinReference8715,abstraction:NeighborOf,reactome:ProteinReference8738
reactome:ProteinReference8707,abstraction:NeighborOf,reactome:ProteinReference8728
reactome:ProteinReference2907,abstraction:NeighborOf,reactome:ProteinReference2959
reactome:ProteinReference8644,abstraction:NeighborOf,reactome:ProteinReference8659
reactome:ProteinReference11394,abstraction:NeighborOf,reactome:ProteinReference11395
reactome:ProteinReference6317,abstraction:NeighborOf,reactome:ProteinReference6319
reactome:ProteinReference2445,abstraction:NeighborOf,reactome:ProteinReference2472
reactome:ProteinReference1852,abstraction:NeighborOf,reactome:ProteinReference5765
reactome:ProteinReference8647,abstraction:NeighborOf,reactome:ProteinReference8708
reactome:ProteinReference8643,abstraction:NeighborOf,reactome:ProteinReference8699
reactome:ProteinReference1012,abstraction:NeighborOf,reactome:ProteinReference3647
reactome:ProteinReference8672,abstraction:NeighborOf,reactome:ProteinReference8697
reactome:ProteinReference3073,abstraction:NeighborOf,reactome:ProteinReference3107
reactome:ProteinReference8708,abstraction:NeighborOf,reactome:ProteinReference8723
reactome:ProteinReference1736,abstraction:NeighborOf,reactome:ProteinReference4445
reactome:ProteinReference2905,abstraction:NeighborOf,reactome:ProteinReference2935
reactome:ProteinReference8652,abstraction:NeighborOf,reactome:ProteinReference8737
reactome:ProteinReference10572,abstraction:NeighborOf,reactome:ProteinReference10573
reactome:ProteinReference8647,abstraction:NeighborOf,reactome:ProteinReference8664
reactome:ProteinReference2970,abstraction:NeighborOf,reactome:ProteinReference6064
reactome:ProteinReference6509,abstraction:NeighborOf,reactome:ProteinReference6516
reactome:ProteinReference8666,abstraction:NeighborOf,reactome:ProteinReference8727
reactome:ProteinReference8674,abstraction:NeighborOf,reactome:ProteinReference8707
reactome:ProteinReference6759,abstraction:NeighborOf,reactome:ProteinReference8730
reactome:ProteinReference8650,abstraction:NeighborOf,reactome:ProteinReference8680
reactome:ProteinReference6162,abstraction:NeighborOf,reactome:ProteinReference8732
reactome:ProteinReference8665,abstraction:NeighborOf,reactome:ProteinReference8759
reactome:ProteinReference1024,abstraction:NeighborOf,reactome:ProteinReference5522
reactome:ProteinReference8700,abstraction:NeighborOf,reactome:ProteinReference8728
reactome:ProteinReference2901,abstraction:NeighborOf,reactome:ProteinReference2930
reactome:ProteinReference8644,abstraction:NeighborOf,reactome:ProteinReference8752
reactome:ProteinReference6465,abstraction:NeighborOf,reactome:ProteinReference9608
reactome:ProteinReference3891,abstraction:NeighborOf,reactome:ProteinReference390
reactome:ProteinReference8686,abstraction:NeighborOf,reactome:ProteinReference8756
reactome:ProteinReference4457,abstraction:NeighborOf,reactome:ProteinReference5456
reactome:ProteinReference1021,abstraction:NeighborOf,reactome:ProteinReference7864
reactome:ProteinReference11346,abstraction:NeighborOf,reactome:ProteinReference5039
reactome:ProteinReference8699,abstraction:NeighborOf,reactome:ProteinReference8714
reactome:ProteinReference11299,abstraction:NeighborOf,reactome:ProteinReference11300
reactome:ProteinReference8720,abstraction:NeighborOf,reactome:ProteinReference8725
reactome:ProteinReference10780,abstraction:NeighborOf,reactome:ProteinReference10784
reactome:ProteinReference6759,abstraction:NeighborOf,reactome:ProteinReference8712
reactome:ProteinReference1799,abstraction:NeighborOf,reactome:ProteinReference1801
reactome:ProteinReference5124,abstraction:NeighborOf,reactome:ProteinReference5127
reactome:ProteinReference10405,abstraction:NeighborOf,reactome:ProteinReference10562
reactome:ProteinReference8727,abstraction:NeighborOf,reactome:ProteinReference8735
reactome:ProteinReference11359,abstraction:NeighborOf,reactome:ProteinReference11361
reactome:ProteinReference5038,abstraction:NeighborOf,reactome:ProteinReference5042
reactome:ProteinReference5510,abstraction:NeighborOf,reactome:ProteinReference6802
reactome:ProteinReference5316,abstraction:NeighborOf,reactome:ProteinReference8925
reactome:ProteinReference8756,abstraction:NeighborOf,reactome:ProteinReference8765
reactome:ProteinReference10580,abstraction:NeighborOf,reactome:ProteinReference1807
reactome:ProteinReference8678,abstraction:NeighborOf,reactome:ProteinReference8696
reactome:ProteinReference8749,abstraction:NeighborOf,reactome:ProteinReference8758
reactome:ProteinReference8643,abstraction:NeighborOf,reactome:ProteinReference8701
reactome:ProteinReference8646,abstraction:NeighborOf,reactome:ProteinReference8738
reactome:ProteinReference2812,abstraction:NeighborOf,reactome:ProteinReference2813
reactome:ProteinReference9766,abstraction:NeighborOf,reactome:ProteinReference9768
reactome:ProteinReference9948,abstraction:NeighborOf,reactome:ProteinReference9949
reactome:ProteinReference1088,abstraction:NeighborOf,reactome:ProteinReference6786
reactome:ProteinReference8652,abstraction:NeighborOf,reactome:ProteinReference8716
reactome:ProteinReference6424,abstraction:NeighborOf,reactome:ProteinReference6947
reactome:ProteinReference390,abstraction:NeighborOf,reactome:ProteinReference6184
reactome:ProteinReference7330,abstraction:NeighborOf,reactome:ProteinReference8244
reactome:ProteinReference8645,abstraction:NeighborOf,reactome:ProteinReference8678
reactome:ProteinReference11275,abstraction:NeighborOf,reactome:ProteinReference3477
reactome:ProteinReference3195,abstraction:NeighborOf,reactome:ProteinReference6501
reactome:ProteinReference8666,abstraction:NeighborOf,reactome:ProteinReference8732
reactome:ProteinReference8668,abstraction:NeighborOf,reactome:ProteinReference8746
reactome:ProteinReference2831,abstraction:NeighborOf,reactome:ProteinReference2995
reactome:ProteinReference1088,abstraction:NeighborOf,reactome:ProteinReference4564
reactome:ProteinReference2994,abstraction:NeighborOf,reactome:ProteinReference3003
reactome:ProteinReference4139,abstraction:NeighborOf,reactome:ProteinReference4253
reactome:ProteinReference2792,abstraction:NeighborOf,reactome:ProteinReference2795
reactome:ProteinReference82,abstraction:NeighborOf,reactome:ProteinReference88
reactome:ProteinReference8671,abstraction:NeighborOf,reactome:ProteinReference8733
reactome:ProteinReference4423,abstraction:NeighborOf,reactome:ProteinReference5291
reactome:ProteinReference8660,abstraction:NeighborOf,reactome:ProteinReference8737
reactome:ProteinReference1815,abstraction:NeighborOf,reactome:ProteinReference6185
reactome:ProteinReference2933,abstraction:NeighborOf,reactome:ProteinReference2962
reactome:ProteinReference2468,abstraction:NeighborOf,reactome:ProteinReference3184
reactome:ProteinReference10785,abstraction:NeighborOf,reactome:ProteinReference7662
reactome:ProteinReference5146,abstraction:NeighborOf,reactome:ProteinReference8803
reactome:ProteinReference2998,abstraction:NeighborOf,reactome:ProteinReference3004
reactome:ProteinReference8675,abstraction:NeighborOf,reactome:ProteinReference8692
reactome:ProteinReference8643,abstraction:NeighborOf,reactome:ProteinReference8723
reactome:ProteinReference2461,abstraction:NeighborOf,reactome:ProteinReference2462
reactome:ProteinReference6862,abstraction:NeighborOf,reactome:ProteinReference9381
reactome:ProteinReference4686,abstraction:NeighborOf,reactome:ProteinReference5155
reactome:ProteinReference8658,abstraction:NeighborOf,reactome:ProteinReference8666
reactome:ProteinReference2999,abstraction:NeighborOf,reactome:ProteinReference3002
reactome:ProteinReference1061,abstraction:NeighborOf,reactome:ProteinReference1088
reactome:ProteinReference8699,abstraction:NeighborOf,reactome:ProteinReference8719
reactome:ProteinReference2904,abstraction:NeighborOf,reactome:ProteinReference2936
reactome:ProteinReference2972,abstraction:NeighborOf,reactome:ProteinReference2984
reactome:ProteinReference4567,abstraction:NeighborOf,reactome:ProteinReference8995
reactome:ProteinReference8656,abstraction:NeighborOf,reactome:ProteinReference8679
reactome:ProteinReference4497,abstraction:NeighborOf,reactome:ProteinReference9286
reactome:ProteinReference10783,abstraction:NeighborOf,reactome:ProteinReference10784
reactome:ProteinReference6847,abstraction:NeighborOf,reactome:ProteinReference8567
reactome:ProteinReference8665,abstraction:NeighborOf,reactome:ProteinReference8668
reactome:ProteinReference10783,abstraction:NeighborOf,reactome:ProteinReference7661
reactome:ProteinReference8712,abstraction:NeighborOf,reactome:ProteinReference8727
reactome:ProteinReference10837,abstraction:NeighborOf,reactome:ProteinReference10876
reactome:ProteinReference8659,abstraction:NeighborOf,reactome:ProteinReference8735
reactome:ProteinReference7442,abstraction:NeighborOf,reactome:ProteinReference7757
reactome:ProteinReference8702,abstraction:NeighborOf,reactome:ProteinReference8724
reactome:ProteinReference2935,abstraction:NeighborOf,reactome:ProteinReference2960
reactome:ProteinReference7625,abstraction:NeighborOf,reactome:ProteinReference7628
reactome:ProteinReference3039,abstraction:NeighborOf,reactome:ProteinReference5570
reactome:ProteinReference6759,abstraction:NeighborOf,reactome:ProteinReference8711
reactome:ProteinReference2462,abstraction:NeighborOf,reactome:ProteinReference2468
reactome:ProteinReference11038,abstraction:NeighborOf,reactome:ProteinReference11041
reactome:ProteinReference10,abstraction:NeighborOf,reactome:ProteinReference643
reactome:ProteinReference2286,abstraction:NeighborOf,reactome:ProteinReference2292
reactome:ProteinReference8643,abstraction:NeighborOf,reactome:ProteinReference8656
reactome:ProteinReference2957,abstraction:NeighborOf,reactome:ProteinReference2973
reactome:ProteinReference1096,abstraction:NeighborOf,reactome:ProteinReference1102
reactome:ProteinReference8686,abstraction:NeighborOf,reactome:ProteinReference8762
reactome:ProteinReference8660,abstraction:NeighborOf,reactome:ProteinReference8716
reactome:ProteinReference2824,abstraction:NeighborOf,reactome:ProteinReference2855
reactome:ProteinReference8711,abstraction:NeighborOf,reactome:ProteinReference8717
reactome:ProteinReference10829,abstraction:NeighborOf,reactome:ProteinReference7521
reactome:ProteinReference4512,abstraction:NeighborOf,reactome:ProteinReference4584
reactome:ProteinReference8671,abstraction:NeighborOf,reactome:ProteinReference8698
reactome:ProteinReference1099,abstraction:NeighborOf,reactome:ProteinReference1118
reactome:ProteinReference10845,abstraction:NeighborOf,reactome:ProteinReference7712
reactome:ProteinReference4456,abstraction:NeighborOf,reactome:ProteinReference5407
reactome:ProteinReference2997,abstraction:NeighborOf,reactome:ProteinReference3001
reactome:ProteinReference8643,abstraction:NeighborOf,reactome:ProteinReference8668
reactome:ProteinReference8678,abstraction:NeighborOf,reactome:ProteinReference8731
reactome:ProteinReference8721,abstraction:NeighborOf,reactome:ProteinReference8727
reactome:ProteinReference2995,abstraction:NeighborOf,reactome:ProteinReference3014
reactome:ProteinReference4585,abstraction:NeighborOf,reactome:ProteinReference8224
reactome:ProteinReference8752,abstraction:NeighborOf,reactome:ProteinReference8763
reactome:ProteinReference2933,abstraction:NeighborOf,reactome:ProteinReference2936
reactome:ProteinReference2979,abstraction:NeighborOf,reactome:ProteinReference3003
reactome:ProteinReference9760,abstraction:NeighborOf,reactome:ProteinReference9763
reactome:ProteinReference8665,abstraction:NeighborOf,reactome:ProteinReference8669
reactome:ProteinReference3846,abstraction:NeighborOf,reactome:ProteinReference3853
reactome:ProteinReference6034,abstraction:NeighborOf,reactome:ProteinReference6142
reactome:ProteinReference6592,abstraction:NeighborOf,reactome:ProteinReference8116
reactome:ProteinReference2850,abstraction:NeighborOf,reactome:ProteinReference2987
reactome:ProteinReference8712,abstraction:NeighborOf,reactome:ProteinReference8732
reactome:ProteinReference8570,abstraction:NeighborOf,reactome:ProteinReference8574
reactome:ProteinReference2454,abstraction:NeighborOf,reactome:ProteinReference3181
reactome:ProteinReference2468,abstraction:NeighborOf,reactome:ProteinReference2475
reactome:ProteinReference8677,abstraction:NeighborOf,reactome:ProteinReference8687
reactome:ProteinReference9949,abstraction:NeighborOf,reactome:ProteinReference9950
reactome:ProteinReference10776,abstraction:NeighborOf,reactome:ProteinReference7660
reactome:ProteinReference1895,abstraction:NeighborOf,reactome:ProteinReference1903
reactome:ProteinReference6352,abstraction:NeighborOf,reactome:ProteinReference6353
reactome:ProteinReference2872,abstraction:NeighborOf,reactome:ProteinReference2960
reactome:ProteinReference4160,abstraction:NeighborOf,reactome:ProteinReference6244
reactome:ProteinReference8764,abstraction:NeighborOf,reactome:ProteinReference8766
reactome:ProteinReference3159,abstraction:NeighborOf,reactome:ProteinReference3181
reactome:ProteinReference8662,abstraction:NeighborOf,reactome:ProteinReference8736
reactome:ProteinReference8702,abstraction:NeighborOf,reactome:ProteinReference8703
reactome:ProteinReference6535,abstraction:NeighborOf,reactome:ProteinReference6599
reactome:ProteinReference4802,abstraction:NeighborOf,reactome:ProteinReference8391
reactome:ProteinReference8652,abstraction:NeighborOf,reactome:ProteinReference8725
reactome:ProteinReference8661,abstraction:NeighborOf,reactome:ProteinReference8704
reactome:ProteinReference8692,abstraction:NeighborOf,reactome:ProteinReference8722
reactome:ProteinReference2957,abstraction:NeighborOf,reactome:ProteinReference2980
reactome:ProteinReference1057,abstraction:NeighborOf,reactome:ProteinReference1090
reactome:ProteinReference10837,abstraction:NeighborOf,reactome:ProteinReference11019
reactome:ProteinReference8667,abstraction:NeighborOf,reactome:ProteinReference8679
reactome:ProteinReference8689,abstraction:NeighborOf,reactome:ProteinReference8702
reactome:ProteinReference4497,abstraction:NeighborOf,reactome:ProteinReference9714
reactome:ProteinReference1058,abstraction:NeighborOf,reactome:ProteinReference1736
reactome:ProteinReference11045,abstraction:NeighborOf,reactome:ProteinReference825
reactome:ProteinReference1815,abstraction:NeighborOf,reactome:ProteinReference6162
reactome:ProteinReference6759,abstraction:NeighborOf,reactome:ProteinReference8707
reactome:ProteinReference3087,abstraction:NeighborOf,reactome:ProteinReference3204
reactome:ProteinReference3459,abstraction:NeighborOf,reactome:ProteinReference5493
reactome:ProteinReference4800,abstraction:NeighborOf,reactome:ProteinReference49
reactome:ProteinReference5291,abstraction:NeighborOf,reactome:ProteinReference8340
reactome:ProteinReference8643,abstraction:NeighborOf,reactome:ProteinReference8669
reactome:ProteinReference2466,abstraction:NeighborOf,reactome:ProteinReference3181
reactome:ProteinReference8652,abstraction:NeighborOf,reactome:ProteinReference8708
reactome:ProteinReference2994,abstraction:NeighborOf,reactome:ProteinReference3002
reactome:ProteinReference6193,abstraction:NeighborOf,reactome:ProteinReference6278
reactome:ProteinReference8637,abstraction:NeighborOf,reactome:ProteinReference9716
reactome:ProteinReference11036,abstraction:NeighborOf,reactome:ProteinReference11040
reactome:ProteinReference8662,abstraction:NeighborOf,reactome:ProteinReference8710
reactome:ProteinReference1100,abstraction:NeighborOf,reactome:ProteinReference1115
reactome:ProteinReference5036,abstraction:NeighborOf,reactome:ProteinReference5042
reactome:ProteinReference8721,abstraction:NeighborOf,reactome:ProteinReference8732
reactome:ProteinReference10395,abstraction:NeighborOf,reactome:ProteinReference1088
reactome:ProteinReference8715,abstraction:NeighborOf,reactome:ProteinReference8717
reactome:ProteinReference11460,abstraction:NeighborOf,reactome:ProteinReference7755
reactome:ProteinReference1083,abstraction:NeighborOf,reactome:ProteinReference6454
reactome:ProteinReference8665,abstraction:NeighborOf,reactome:ProteinReference8670
reactome:ProteinReference2990,abstraction:NeighborOf,reactome:ProteinReference2993
reactome:ProteinReference8659,abstraction:NeighborOf,reactome:ProteinReference8699
reactome:ProteinReference7118,abstraction:NeighborOf,reactome:ProteinReference7119
reactome:ProteinReference11417,abstraction:NeighborOf,reactome:ProteinReference5507
reactome:ProteinReference10829,abstraction:NeighborOf,reactome:ProteinReference7330
reactome:ProteinReference8702,abstraction:NeighborOf,reactome:ProteinReference8715
reactome:ProteinReference2468,abstraction:NeighborOf,reactome:ProteinReference3202
reactome:ProteinReference8651,abstraction:NeighborOf,reactome:ProteinReference8728
reactome:ProteinReference8705,abstraction:NeighborOf,reactome:ProteinReference8726
reactome:ProteinReference8680,abstraction:NeighborOf,reactome:ProteinReference8687
reactome:ProteinReference2795,abstraction:NeighborOf,reactome:ProteinReference9958
reactome:ProteinReference4418,abstraction:NeighborOf,reactome:ProteinReference8692
reactome:ProteinReference1088,abstraction:NeighborOf,reactome:ProteinReference6173
reactome:ProteinReference2900,abstraction:NeighborOf,reactome:ProteinReference2995
reactome:ProteinReference6048,abstraction:NeighborOf,reactome:ProteinReference6932
reactome:ProteinReference8789,abstraction:NeighborOf,reactome:ProteinReference9721
reactome:ProteinReference8646,abstraction:NeighborOf,reactome:ProteinReference8666
reactome:ProteinReference8659,abstraction:NeighborOf,reactome:ProteinReference8702
reactome:ProteinReference8646,abstraction:NeighborOf,reactome:ProteinReference8721
reactome:ProteinReference5127,abstraction:NeighborOf,reactome:ProteinReference5129
reactome:ProteinReference5318,abstraction:NeighborOf,reactome:ProteinReference5320
reactome:ProteinReference8689,abstraction:NeighborOf,reactome:ProteinReference8724
reactome:ProteinReference5295,abstraction:NeighborOf,reactome:ProteinReference5299
reactome:ProteinReference10580,abstraction:NeighborOf,reactome:ProteinReference11271
reactome:ProteinReference8649,abstraction:NeighborOf,reactome:ProteinReference8714
reactome:ProteinReference8672,abstraction:NeighborOf,reactome:ProteinReference8737
reactome:ProteinReference1032,abstraction:NeighborOf,reactome:ProteinReference8789
reactome:ProteinReference2903,abstraction:NeighborOf,reactome:ProteinReference2904
reactome:ProteinReference10346,abstraction:NeighborOf,reactome:ProteinReference4697
reactome:ProteinReference1154,abstraction:NeighborOf,reactome:ProteinReference1436
reactome:ProteinReference3002,abstraction:NeighborOf,reactome:ProteinReference3004
reactome:ProteinReference2792,abstraction:NeighborOf,reactome:ProteinReference9958
reactome:ProteinReference10523,abstraction:NeighborOf,reactome:ProteinReference10526
reactome:ProteinReference2876,abstraction:NeighborOf,reactome:ProteinReference2983
reactome:ProteinReference8690,abstraction:NeighborOf,reactome:ProteinReference8766
reactome:ProteinReference8696,abstraction:NeighborOf,reactome:ProteinReference8734
reactome:ProteinReference3338,abstraction:NeighborOf,reactome:ProteinReference8210
reactome:ProteinReference10757,abstraction:NeighborOf,reactome:ProteinReference10759
reactome:ProteinReference2825,abstraction:NeighborOf,reactome:ProteinReference2981
reactome:ProteinReference8660,abstraction:NeighborOf,reactome:ProteinReference8725
reactome:ProteinReference2982,abstraction:NeighborOf,reactome:ProteinReference2996
reactome:ProteinReference1058,abstraction:NeighborOf,reactome:ProteinReference1123
reactome:ProteinReference2934,abstraction:NeighborOf,reactome:ProteinReference2972
reactome:ProteinReference8670,abstraction:NeighborOf,reactome:ProteinReference8734
reactome:ProteinReference1099,abstraction:NeighborOf,reactome:ProteinReference1119
reactome:ProteinReference8645,abstraction:NeighborOf,reactome:ProteinReference8661
reactome:ProteinReference3073,abstraction:NeighborOf,reactome:ProteinReference3682
reactome:ProteinReference8659,abstraction:NeighborOf,reactome:ProteinReference8701
reactome:ProteinReference11435,abstraction:NeighborOf,reactome:ProteinReference235
reactome:ProteinReference10364,abstraction:NeighborOf,reactome:ProteinReference10365
reactome:ProteinReference2932,abstraction:NeighborOf,reactome:ProteinReference2961
reactome:ProteinReference6794,abstraction:NeighborOf,reactome:ProteinReference7759
reactome:ProteinReference4321,abstraction:NeighborOf,reactome:ProteinReference8797
reactome:ProteinReference10405,abstraction:NeighborOf,reactome:ProteinReference10560
reactome:ProteinReference8660,abstraction:NeighborOf,reactome:ProteinReference8708
reactome:ProteinReference10375,abstraction:NeighborOf,reactome:ProteinReference4462
reactome:ProteinReference2962,abstraction:NeighborOf,reactome:ProteinReference3004
reactome:ProteinReference5126,abstraction:NeighborOf,reactome:ProteinReference5131
reactome:ProteinReference6162,abstraction:NeighborOf,reactome:ProteinReference8720
reactome:ProteinReference10660,abstraction:NeighborOf,reactome:ProteinReference10661
reactome:ProteinReference1879,abstraction:NeighborOf,reactome:ProteinReference1887
reactome:ProteinReference8646,abstraction:NeighborOf,reactome:ProteinReference8717
reactome:ProteinReference3001,abstraction:NeighborOf,reactome:ProteinReference3004
reactome:ProteinReference1083,abstraction:NeighborOf,reactome:ProteinReference6986
reactome:ProteinReference10569,abstraction:NeighborOf,reactome:ProteinReference7598
reactome:ProteinReference8660,abstraction:NeighborOf,reactome:ProteinReference8664
reactome:ProteinReference6092,abstraction:NeighborOf,reactome:ProteinReference9798
reactome:ProteinReference1737,abstraction:NeighborOf,reactome:ProteinReference4699
reactome:ProteinReference8735,abstraction:NeighborOf,reactome:ProteinReference8737
reactome:ProteinReference1123,abstraction:NeighborOf,reactome:ProteinReference1736
reactome:ProteinReference8647,abstraction:NeighborOf,reactome:ProteinReference8670
reactome:ProteinReference6759,abstraction:NeighborOf,reactome:ProteinReference8674
reactome:ProteinReference2995,abstraction:NeighborOf,reactome:ProteinReference2996
reactome:ProteinReference8710,abstraction:NeighborOf,reactome:ProteinReference8735
reactome:ProteinReference11330,abstraction:NeighborOf,reactome:ProteinReference8116
reactome:ProteinReference4440,abstraction:NeighborOf,reactome:ProteinReference4543
reactome:ProteinReference10781,abstraction:NeighborOf,reactome:ProteinReference7661
reactome:ProteinReference8672,abstraction:NeighborOf,reactome:ProteinReference8716
reactome:ProteinReference6700,abstraction:NeighborOf,reactome:ProteinReference6701
reactome:ProteinReference4777,abstraction:NeighborOf,reactome:ProteinReference9709
reactome:ProteinReference11251,abstraction:NeighborOf,reactome:ProteinReference175
reactome:ProteinReference8689,abstraction:NeighborOf,reactome:ProteinReference8703
reactome:ProteinReference8659,abstraction:NeighborOf,reactome:ProteinReference8723
reactome:ProteinReference1736,abstraction:NeighborOf,reactome:ProteinReference4446
reactome:ProteinReference1974,abstraction:NeighborOf,reactome:ProteinReference1977
reactome:ProteinReference8653,abstraction:NeighborOf,reactome:ProteinReference8753
reactome:ProteinReference2926,abstraction:NeighborOf,reactome:ProteinReference3045
reactome:ProteinReference4778,abstraction:NeighborOf,reactome:ProteinReference67
reactome:ProteinReference8690,abstraction:NeighborOf,reactome:ProteinReference8691
reactome:ProteinReference2850,abstraction:NeighborOf,reactome:ProteinReference3003
reactome:ProteinReference6508,abstraction:NeighborOf,reactome:ProteinReference6513
reactome:ProteinReference8660,abstraction:NeighborOf,reactome:ProteinReference8699
reactome:ProteinReference8662,abstraction:NeighborOf,reactome:ProteinReference8729
reactome:ProteinReference10755,abstraction:NeighborOf,reactome:ProteinReference10761
reactome:ProteinReference60,abstraction:NeighborOf,reactome:ProteinReference61
reactome:ProteinReference8705,abstraction:NeighborOf,reactome:ProteinReference8721
reactome:ProteinReference11381,abstraction:NeighborOf,reactome:ProteinReference6512
reactome:ProteinReference6162,abstraction:NeighborOf,reactome:ProteinReference8672
reactome:ProteinReference10833,abstraction:NeighborOf,reactome:ProteinReference11020
reactome:ProteinReference8760,abstraction:NeighborOf,reactome:ProteinReference8762
reactome:ProteinReference8675,abstraction:NeighborOf,reactome:ProteinReference8714
reactome:ProteinReference663,abstraction:NeighborOf,reactome:ProteinReference665
reactome:ProteinReference5635,abstraction:NeighborOf,reactome:ProteinReference6361
reactome:ProteinReference2858,abstraction:NeighborOf,reactome:ProteinReference2901
reactome:ProteinReference2901,abstraction:NeighborOf,reactome:ProteinReference2929
reactome:ProteinReference8689,abstraction:NeighborOf,reactome:ProteinReference8715
reactome:ProteinReference8657,abstraction:NeighborOf,reactome:ProteinReference8672
reactome:ProteinReference8714,abstraction:NeighborOf,reactome:ProteinReference8734
reactome:ProteinReference6244,abstraction:NeighborOf,reactome:ProteinReference6253
reactome:ProteinReference5496,abstraction:NeighborOf,reactome:ProteinReference6185
reactome:ProteinReference8676,abstraction:NeighborOf,reactome:ProteinReference8695
reactome:ProteinReference5030,abstraction:NeighborOf,reactome:ProteinReference5031
reactome:ProteinReference4456,abstraction:NeighborOf,reactome:ProteinReference4489
reactome:ProteinReference3364,abstraction:NeighborOf,reactome:ProteinReference6831
reactome:ProteinReference9708,abstraction:NeighborOf,reactome:ProteinReference9721
reactome:ProteinReference2926,abstraction:NeighborOf,reactome:ProteinReference2992
reactome:ProteinReference10663,abstraction:NeighborOf,reactome:ProteinReference6101
reactome:ProteinReference2928,abstraction:NeighborOf,reactome:ProteinReference2937
reactome:ProteinReference8648,abstraction:NeighborOf,reactome:ProteinReference8672
reactome:ProteinReference10346,abstraction:NeighborOf,reactome:ProteinReference6101
reactome:ProteinReference8686,abstraction:NeighborOf,reactome:ProteinReference8744
reactome:ProteinReference8662,abstraction:NeighborOf,reactome:ProteinReference8738
reactome:ProteinReference10854,abstraction:NeighborOf,reactome:ProteinReference7330
reactome:ProteinReference4686,abstraction:NeighborOf,reactome:ProteinReference5037
reactome:ProteinReference4994,abstraction:NeighborOf,reactome:ProteinReference5291
reactome:ProteinReference11367,abstraction:NeighborOf,reactome:ProteinReference11380
reactome:ProteinReference8674,abstraction:NeighborOf,reactome:ProteinReference8702
reactome:ProteinReference2956,abstraction:NeighborOf,reactome:ProteinReference2971
reactome:ProteinReference1096,abstraction:NeighborOf,reactome:ProteinReference1106
reactome:ProteinReference2874,abstraction:NeighborOf,reactome:ProteinReference2937
reactome:ProteinReference8666,abstraction:NeighborOf,reactome:ProteinReference8672
reactome:ProteinReference8643,abstraction:NeighborOf,reactome:ProteinReference8727
reactome:ProteinReference5296,abstraction:NeighborOf,reactome:ProteinReference5305
reactome:ProteinReference10784,abstraction:NeighborOf,reactome:ProteinReference7663
reactome:ProteinReference8661,abstraction:NeighborOf,reactome:ProteinReference8705
reactome:ProteinReference3733,abstraction:NeighborOf,reactome:ProteinReference4845
reactome:ProteinReference8690,abstraction:NeighborOf,reactome:ProteinReference8748
reactome:ProteinReference8696,abstraction:NeighborOf,reactome:ProteinReference8718
reactome:ProteinReference2991,abstraction:NeighborOf,reactome:ProteinReference3000
reactome:ProteinReference2936,abstraction:NeighborOf,reactome:ProteinReference2971
reactome:ProteinReference1049,abstraction:NeighborOf,reactome:ProteinReference1050
reactome:ProteinReference6274,abstraction:NeighborOf,reactome:ProteinReference665
reactome:ProteinReference8675,abstraction:NeighborOf,reactome:ProteinReference8719
reactome:ProteinReference4458,abstraction:NeighborOf,reactome:ProteinReference5413
reactome:ProteinReference8698,abstraction:NeighborOf,reactome:ProteinReference8734
reactome:ProteinReference6231,abstraction:NeighborOf,reactome:ProteinReference6232
reactome:ProteinReference8690,abstraction:NeighborOf,reactome:ProteinReference8745
reactome:ProteinReference7007,abstraction:NeighborOf,reactome:ProteinReference7008
reactome:ProteinReference8322,abstraction:NeighborOf,reactome:ProteinReference8323
reactome:ProteinReference1160,abstraction:NeighborOf,reactome:ProteinReference1814
reactome:ProteinReference8707,abstraction:NeighborOf,reactome:ProteinReference8736
reactome:ProteinReference8646,abstraction:NeighborOf,reactome:ProteinReference8697
reactome:ProteinReference4505,abstraction:NeighborOf,reactome:ProteinReference4636
reactome:ProteinReference2873,abstraction:NeighborOf,reactome:ProteinReference2932
reactome:ProteinReference8674,abstraction:NeighborOf,reactome:ProteinReference8724
reactome:ProteinReference9758,abstraction:NeighborOf,reactome:ProteinReference9763
reactome:ProteinReference8747,abstraction:NeighborOf,reactome:ProteinReference8751
reactome:ProteinReference10780,abstraction:NeighborOf,reactome:ProteinReference10785
reactome:ProteinReference4718,abstraction:NeighborOf,reactome:ProteinReference8216
reactome:ProteinReference1100,abstraction:NeighborOf,reactome:ProteinReference1122
reactome:ProteinReference8672,abstraction:NeighborOf,reactome:ProteinReference8725
reactome:ProteinReference6510,abstraction:NeighborOf,reactome:ProteinReference6513
reactome:ProteinReference8678,abstraction:NeighborOf,reactome:ProteinReference8714
reactome:ProteinReference647,abstraction:NeighborOf,reactome:ProteinReference914
reactome:ProteinReference10853,abstraction:NeighborOf,reactome:ProteinReference5407
reactome:ProteinReference5595,abstraction:NeighborOf,reactome:ProteinReference6859
reactome:ProteinReference4515,abstraction:NeighborOf,reactome:ProteinReference4518
reactome:ProteinReference2956,abstraction:NeighborOf,reactome:ProteinReference2997
reactome:ProteinReference66,abstraction:NeighborOf,reactome:ProteinReference71
reactome:ProteinReference8707,abstraction:NeighborOf,reactome:ProteinReference8710
reactome:ProteinReference8709,abstraction:NeighborOf,reactome:ProteinReference8712
reactome:ProteinReference2993,abstraction:NeighborOf,reactome:ProteinReference2994
reactome:ProteinReference2850,abstraction:NeighborOf,reactome:ProteinReference2990
reactome:ProteinReference8760,abstraction:NeighborOf,reactome:ProteinReference8765
reactome:ProteinReference8672,abstraction:NeighborOf,reactome:ProteinReference8708
reactome:ProteinReference2978,abstraction:NeighborOf,reactome:ProteinReference2983
reactome:ProteinReference8725,abstraction:NeighborOf,reactome:ProteinReference8727
reactome:ProteinReference1114,abstraction:NeighborOf,reactome:ProteinReference1119
reactome:ProteinReference1013,abstraction:NeighborOf,reactome:ProteinReference5510
reactome:ProteinReference1058,abstraction:NeighborOf,reactome:ProteinReference1351
reactome:ProteinReference2850,abstraction:NeighborOf,reactome:ProteinReference3002
reactome:ProteinReference8700,abstraction:NeighborOf,reactome:ProteinReference8736
reactome:ProteinReference10833,abstraction:NeighborOf,reactome:ProteinReference10835
reactome:ProteinReference8645,abstraction:NeighborOf,reactome:ProteinReference8692
reactome:ProteinReference1123,abstraction:NeighborOf,reactome:ProteinReference6161
reactome:ProteinReference8702,abstraction:NeighborOf,reactome:ProteinReference8728
reactome:ProteinReference8747,abstraction:NeighborOf,reactome:ProteinReference8765
reactome:ProteinReference5502,abstraction:NeighborOf,reactome:ProteinReference9755
reactome:ProteinReference9714,abstraction:NeighborOf,reactome:ProteinReference9720
reactome:ProteinReference235,abstraction:NeighborOf,reactome:ProteinReference2970
reactome:ProteinReference10801,abstraction:NeighborOf,reactome:ProteinReference5240
reactome:ProteinReference2866,abstraction:NeighborOf,reactome:ProteinReference2868
reactome:ProteinReference2855,abstraction:NeighborOf,reactome:ProteinReference3037
reactome:ProteinReference4777,abstraction:NeighborOf,reactome:ProteinReference9712
reactome:ProteinReference8660,abstraction:NeighborOf,reactome:ProteinReference8668
reactome:ProteinReference6244,abstraction:NeighborOf,reactome:ProteinReference6248
reactome:ProteinReference2824,abstraction:NeighborOf,reactome:ProteinReference2828
reactome:ProteinReference7669,abstraction:NeighborOf,reactome:ProteinReference7675
reactome:ProteinReference382,abstraction:NeighborOf,reactome:ProteinReference7442
reactome:ProteinReference8700,abstraction:NeighborOf,reactome:ProteinReference8710
reactome:ProteinReference3543,abstraction:NeighborOf,reactome:ProteinReference6673
reactome:ProteinReference2813,abstraction:NeighborOf,reactome:ProteinReference3050
reactome:ProteinReference5393,abstraction:NeighborOf,reactome:ProteinReference7604
reactome:ProteinReference8644,abstraction:NeighborOf,reactome:ProteinReference8674
reactome:ProteinReference8669,abstraction:NeighborOf,reactome:ProteinReference8674
reactome:ProteinReference2989,abstraction:NeighborOf,reactome:ProteinReference2996
reactome:ProteinReference1088,abstraction:NeighborOf,reactome:ProteinReference7728
reactome:ProteinReference2454,abstraction:NeighborOf,reactome:ProteinReference2469
reactome:ProteinReference4481,abstraction:NeighborOf,reactome:ProteinReference5415
reactome:ProteinReference8714,abstraction:NeighborOf,reactome:ProteinReference8718
reactome:ProteinReference8674,abstraction:NeighborOf,reactome:ProteinReference8703
reactome:ProteinReference8995,abstraction:NeighborOf,reactome:ProteinReference8997
reactome:ProteinReference8649,abstraction:NeighborOf,reactome:ProteinReference8662
reactome:ProteinReference8748,abstraction:NeighborOf,reactome:ProteinReference8766
reactome:ProteinReference4584,abstraction:NeighborOf,reactome:ProteinReference8203
reactome:ProteinReference8710,abstraction:NeighborOf,reactome:ProteinReference8723
reactome:ProteinReference8672,abstraction:NeighborOf,reactome:ProteinReference8699
reactome:ProteinReference4000,abstraction:NeighborOf,reactome:ProteinReference8910
reactome:ProteinReference8732,abstraction:NeighborOf,reactome:ProteinReference8737
reactome:ProteinReference1096,abstraction:NeighborOf,reactome:ProteinReference1112
reactome:ProteinReference4135,abstraction:NeighborOf,reactome:ProteinReference6244
reactome:ProteinReference2987,abstraction:NeighborOf,reactome:ProteinReference3001
reactome:ProteinReference8704,abstraction:NeighborOf,reactome:ProteinReference8718
reactome:ProteinReference5060,abstraction:NeighborOf,reactome:ProteinReference9867
reactome:ProteinReference8637,abstraction:NeighborOf,reactome:ProteinReference9753
reactome:ProteinReference2927,abstraction:NeighborOf,reactome:ProteinReference2962
reactome:ProteinReference3449,abstraction:NeighborOf,reactome:ProteinReference3622
reactome:ProteinReference8725,abstraction:NeighborOf,reactome:ProteinReference8732
reactome:ProteinReference8652,abstraction:NeighborOf,reactome:ProteinReference8670
reactome:ProteinReference2466,abstraction:NeighborOf,reactome:ProteinReference2469
reactome:ProteinReference2926,abstraction:NeighborOf,reactome:ProteinReference3001
reactome:ProteinReference2824,abstraction:NeighborOf,reactome:ProteinReference2832
reactome:ProteinReference2875,abstraction:NeighborOf,reactome:ProteinReference2962
reactome:ProteinReference8651,abstraction:NeighborOf,reactome:ProteinReference8653
reactome:ProteinReference11023,abstraction:NeighborOf,reactome:ProteinReference11028
reactome:ProteinReference8692,abstraction:NeighborOf,reactome:ProteinReference8726
reactome:ProteinReference8675,abstraction:NeighborOf,reactome:ProteinReference8679
reactome:ProteinReference4501,abstraction:NeighborOf,reactome:ProteinReference9020
reactome:ProteinReference3013,abstraction:NeighborOf,reactome:ProteinReference3037
reactome:ProteinReference8762,abstraction:NeighborOf,reactome:ProteinReference8765
reactome:ProteinReference2981,abstraction:NeighborOf,reactome:ProteinReference2987
reactome:ProteinReference8674,abstraction:NeighborOf,reactome:ProteinReference8715
reactome:ProteinReference2876,abstraction:NeighborOf,reactome:ProteinReference3000
reactome:ProteinReference8723,abstraction:NeighborOf,reactome:ProteinReference8726
reactome:ProteinReference8567,abstraction:NeighborOf,reactome:ProteinReference8568
reactome:ProteinReference8660,abstraction:NeighborOf,reactome:ProteinReference8669
reactome:ProteinReference1736,abstraction:NeighborOf,reactome:ProteinReference4417
reactome:ProteinReference8709,abstraction:NeighborOf,reactome:ProteinReference8711
reactome:ProteinReference2475,abstraction:NeighborOf,reactome:ProteinReference3181
reactome:ProteinReference8178,abstraction:NeighborOf,reactome:ProteinReference8397
reactome:ProteinReference1099,abstraction:NeighborOf,reactome:ProteinReference1121
reactome:ProteinReference8789,abstraction:NeighborOf,reactome:ProteinReference9704
reactome:ProteinReference2982,abstraction:NeighborOf,reactome:ProteinReference2995
reactome:ProteinReference10833,abstraction:NeighborOf,reactome:ProteinReference10834
reactome:ProteinReference2873,abstraction:NeighborOf,reactome:ProteinReference2934
reactome:ProteinReference1736,abstraction:NeighborOf,reactome:ProteinReference4495
reactome:ProteinReference11019,abstraction:NeighborOf,reactome:ProteinReference7774
reactome:ProteinReference8717,abstraction:NeighborOf,reactome:ProteinReference8720
reactome:ProteinReference8644,abstraction:NeighborOf,reactome:ProteinReference8753
reactome:ProteinReference5004,abstraction:NeighborOf,reactome:ProteinReference9022
reactome:ProteinReference5136,abstraction:NeighborOf,reactome:ProteinReference5276
reactome:ProteinReference4489,abstraction:NeighborOf,reactome:ProteinReference5186
reactome:ProteinReference5328,abstraction:NeighborOf,reactome:ProteinReference5329
reactome:ProteinReference5053,abstraction:NeighborOf,reactome:ProteinReference9409
reactome:ProteinReference3365,abstraction:NeighborOf,reactome:ProteinReference7461
reactome:ProteinReference4653,abstraction:NeighborOf,reactome:ProteinReference5037
reactome:ProteinReference8661,abstraction:NeighborOf,reactome:ProteinReference8712
reactome:ProteinReference5514,abstraction:NeighborOf,reactome:ProteinReference5608
reactome:ProteinReference5155,abstraction:NeighborOf,reactome:ProteinReference9035
reactome:ProteinReference6759,abstraction:NeighborOf,reactome:ProteinReference8702
reactome:ProteinReference6396,abstraction:NeighborOf,reactome:ProteinReference6514
reactome:ProteinReference3730,abstraction:NeighborOf,reactome:ProteinReference6895
reactome:ProteinReference1123,abstraction:NeighborOf,reactome:ProteinReference1351
reactome:ProteinReference9712,abstraction:NeighborOf,reactome:ProteinReference9713
reactome:ProteinReference8707,abstraction:NeighborOf,reactome:ProteinReference8729
reactome:ProteinReference8744,abstraction:NeighborOf,reactome:ProteinReference8751
reactome:ProteinReference3000,abstraction:NeighborOf,reactome:ProteinReference3004
reactome:ProteinReference8664,abstraction:NeighborOf,reactome:ProteinReference8668
reactome:ProteinReference8651,abstraction:NeighborOf,reactome:ProteinReference8709
reactome:ProteinReference2907,abstraction:NeighborOf,reactome:ProteinReference2962
reactome:ProteinReference8671,abstraction:NeighborOf,reactome:ProteinReference8726
reactome:ProteinReference6396,abstraction:NeighborOf,reactome:ProteinReference6516
reactome:ProteinReference8647,abstraction:NeighborOf,reactome:ProteinReference8661
reactome:ProteinReference2913,abstraction:NeighborOf,reactome:ProteinReference2937
reactome:ProteinReference8711,abstraction:NeighborOf,reactome:ProteinReference8716
reactome:ProteinReference2446,abstraction:NeighborOf,reactome:ProteinReference3181
reactome:ProteinReference2469,abstraction:NeighborOf,reactome:ProteinReference3184
reactome:ProteinReference11367,abstraction:NeighborOf,reactome:ProteinReference6508
reactome:ProteinReference2927,abstraction:NeighborOf,reactome:ProteinReference2936
reactome:ProteinReference8660,abstraction:NeighborOf,reactome:ProteinReference8670
reactome:ProteinReference5937,abstraction:NeighborOf,reactome:ProteinReference9875
reactome:ProteinReference8727,abstraction:NeighborOf,reactome:ProteinReference8732
reactome:ProteinReference8689,abstraction:NeighborOf,reactome:ProteinReference8728
reactome:ProteinReference8671,abstraction:NeighborOf,reactome:ProteinReference8680
reactome:ProteinReference2971,abstraction:NeighborOf,reactome:ProteinReference3001
reactome:ProteinReference8672,abstraction:NeighborOf,reactome:ProteinReference8723
reactome:ProteinReference2875,abstraction:NeighborOf,reactome:ProteinReference2936
reactome:ProteinReference1013,abstraction:NeighborOf,reactome:ProteinReference3039
reactome:ProteinReference1494,abstraction:NeighborOf,reactome:ProteinReference7748
reactome:ProteinReference8744,abstraction:NeighborOf,reactome:ProteinReference8765
reactome:ProteinReference1061,abstraction:NeighborOf,reactome:ProteinReference7503
reactome:ProteinReference4385,abstraction:NeighborOf,reactome:ProteinReference4699
reactome:ProteinReference8700,abstraction:NeighborOf,reactome:ProteinReference8729
reactome:ProteinReference1123,abstraction:NeighborOf,reactome:ProteinReference7826
reactome:ProteinReference8707,abstraction:NeighborOf,reactome:ProteinReference8738
reactome:ProteinReference10730,abstraction:NeighborOf,reactome:ProteinReference10734
reactome:ProteinReference4541,abstraction:NeighborOf,reactome:ProteinReference4691
reactome:ProteinReference6759,abstraction:NeighborOf,reactome:ProteinReference8724
reactome:ProteinReference2983,abstraction:NeighborOf,reactome:ProteinReference2984
reactome:ProteinReference10829,abstraction:NeighborOf,reactome:ProteinReference10838
reactome:ProteinReference10477,abstraction:NeighborOf,reactome:ProteinReference8601
reactome:ProteinReference2873,abstraction:NeighborOf,reactome:ProteinReference2905
reactome:ProteinReference8708,abstraction:NeighborOf,reactome:ProteinReference8720
reactome:ProteinReference8664,abstraction:NeighborOf,reactome:ProteinReference8669
reactome:ProteinReference2932,abstraction:NeighborOf,reactome:ProteinReference2957
reactome:ProteinReference1797,abstraction:NeighborOf,reactome:ProteinReference1802
reactome:ProteinReference8750,abstraction:NeighborOf,reactome:ProteinReference8751
reactome:ProteinReference216,abstraction:NeighborOf,reactome:ProteinReference5708
reactome:ProteinReference8692,abstraction:NeighborOf,reactome:ProteinReference8721
reactome:ProteinReference8193,abstraction:NeighborOf,reactome:ProteinReference8194
reactome:ProteinReference6779,abstraction:NeighborOf,reactome:ProteinReference6783
reactome:ProteinReference10563,abstraction:NeighborOf,reactome:ProteinReference3864
reactome:ProteinReference647,abstraction:NeighborOf,reactome:ProteinReference648
reactome:ProteinReference6759,abstraction:NeighborOf,reactome:ProteinReference8660
reactome:ProteinReference216,abstraction:NeighborOf,reactome:ProteinReference3559
reactome:ProteinReference8652,abstraction:NeighborOf,reactome:ProteinReference8727
reactome:ProteinReference1088,abstraction:NeighborOf,reactome:ProteinReference1090
reactome:ProteinReference8661,abstraction:NeighborOf,reactome:ProteinReference8711
reactome:ProteinReference4583,abstraction:NeighborOf,reactome:ProteinReference8209
reactome:ProteinReference2907,abstraction:NeighborOf,reactome:ProteinReference2936
reactome:ProteinReference8700,abstraction:NeighborOf,reactome:ProteinReference8738
reactome:ProteinReference8701,abstraction:NeighborOf,reactome:ProteinReference8714
reactome:ProteinReference8759,abstraction:NeighborOf,reactome:ProteinReference8761
reactome:ProteinReference9446,abstraction:NeighborOf,reactome:ProteinReference9953
reactome:ProteinReference8746,abstraction:NeighborOf,reactome:ProteinReference8761
reactome:ProteinReference2928,abstraction:NeighborOf,reactome:ProteinReference2963
reactome:ProteinReference8715,abstraction:NeighborOf,reactome:ProteinReference8716
reactome:ProteinReference2990,abstraction:NeighborOf,reactome:ProteinReference3003
reactome:ProteinReference3073,abstraction:NeighborOf,reactome:ProteinReference3150
reactome:ProteinReference5210,abstraction:NeighborOf,reactome:ProteinReference5212
reactome:ProteinReference8914,abstraction:NeighborOf,reactome:ProteinReference8915
reactome:ProteinReference2847,abstraction:NeighborOf,reactome:ProteinReference6501
reactome:ProteinReference8750,abstraction:NeighborOf,reactome:ProteinReference8765
reactome:ProteinReference8666,abstraction:NeighborOf,reactome:ProteinReference8719
reactome:ProteinReference11367,abstraction:NeighborOf,reactome:ProteinReference9587
reactome:ProteinReference3950,abstraction:NeighborOf,reactome:ProteinReference4458
reactome:ProteinReference5037,abstraction:NeighborOf,reactome:ProteinReference5155
reactome:ProteinReference10444,abstraction:NeighborOf,reactome:ProteinReference7759
reactome:ProteinReference8651,abstraction:NeighborOf,reactome:ProteinReference8736
reactome:ProteinReference9286,abstraction:NeighborOf,reactome:ProteinReference9720
reactome:ProteinReference6947,abstraction:NeighborOf,reactome:ProteinReference7648
reactome:ProteinReference2469,abstraction:NeighborOf,reactome:ProteinReference2475
reactome:ProteinReference8645,abstraction:NeighborOf,reactome:ProteinReference8658
reactome:ProteinReference2466,abstraction:NeighborOf,reactome:ProteinReference8183
reactome:ProteinReference9709,abstraction:NeighborOf,reactome:ProteinReference9715
reactome:ProteinReference1064,abstraction:NeighborOf,reactome:ProteinReference1090
reactome:ProteinReference8646,abstraction:NeighborOf,reactome:ProteinReference8737
reactome:ProteinReference10388,abstraction:NeighborOf,reactome:ProteinReference5291
reactome:ProteinReference9759,abstraction:NeighborOf,reactome:ProteinReference9768
reactome:ProteinReference1099,abstraction:NeighborOf,reactome:ProteinReference1113
reactome:ProteinReference11152,abstraction:NeighborOf,reactome:ProteinReference9352
reactome:ProteinReference6759,abstraction:NeighborOf,reactome:ProteinReference8703
reactome:ProteinReference5964,abstraction:NeighborOf,reactome:ProteinReference6290
reactome:ProteinReference1350,abstraction:NeighborOf,reactome:ProteinReference216
reactome:ProteinReference11117,abstraction:NeighborOf,reactome:ProteinReference11118
reactome:ProteinReference8696,abstraction:NeighborOf,reactome:ProteinReference8731
reactome:ProteinReference2904,abstraction:NeighborOf,reactome:ProteinReference2933
reactome:ProteinReference2905,abstraction:NeighborOf,reactome:ProteinReference2936
reactome:ProteinReference8651,abstraction:NeighborOf,reactome:ProteinReference8710
reactome:ProteinReference2823,abstraction:NeighborOf,reactome:ProteinReference2830
reactome:ProteinReference3196,abstraction:NeighborOf,reactome:ProteinReference3197
reactome:ProteinReference2448,abstraction:NeighborOf,reactome:ProteinReference3184
reactome:ProteinReference8670,abstraction:NeighborOf,reactome:ProteinReference8731
reactome:ProteinReference5522,abstraction:NeighborOf,reactome:ProteinReference5763
reactome:ProteinReference4456,abstraction:NeighborOf,reactome:ProteinReference4636
reactome:ProteinReference8789,abstraction:NeighborOf,reactome:ProteinReference9702
reactome:ProteinReference6291,abstraction:NeighborOf,reactome:ProteinReference9367
reactome:ProteinReference2098,abstraction:NeighborOf,reactome:ProteinReference5181
reactome:ProteinReference8652,abstraction:NeighborOf,reactome:ProteinReference8732
reactome:ProteinReference2997,abstraction:NeighborOf,reactome:ProteinReference2999
reactome:ProteinReference4424,abstraction:NeighborOf,reactome:ProteinReference4449
reactome:ProteinReference1815,abstraction:NeighborOf,reactome:ProteinReference6038
reactome:ProteinReference8711,abstraction:NeighborOf,reactome:ProteinReference8725
reactome:ProteinReference646,abstraction:NeighborOf,reactome:ProteinReference648
reactome:ProteinReference10475,abstraction:NeighborOf,reactome:ProteinReference10479
reactome:ProteinReference9716,abstraction:NeighborOf,reactome:ProteinReference9721
reactome:ProteinReference1731,abstraction:NeighborOf,reactome:ProteinReference703
reactome:ProteinReference8645,abstraction:NeighborOf,reactome:ProteinReference8714
reactome:ProteinReference8643,abstraction:NeighborOf,reactome:ProteinReference8720
reactome:ProteinReference2974,abstraction:NeighborOf,reactome:ProteinReference2984
reactome:ProteinReference5396,abstraction:NeighborOf,reactome:ProteinReference6115
reactome:ProteinReference6759,abstraction:NeighborOf,reactome:ProteinReference8715
reactome:ProteinReference2982,abstraction:NeighborOf,reactome:ProteinReference2997
reactome:ProteinReference2469,abstraction:NeighborOf,reactome:ProteinReference3202
reactome:ProteinReference8701,abstraction:NeighborOf,reactome:ProteinReference8719
reactome:ProteinReference1102,abstraction:NeighborOf,reactome:ProteinReference1112
reactome:ProteinReference8660,abstraction:NeighborOf,reactome:ProteinReference8727
reactome:ProteinReference2982,abstraction:NeighborOf,reactome:ProteinReference2991
reactome:ProteinReference2961,abstraction:NeighborOf,reactome:ProteinReference2984
reactome:ProteinReference4114,abstraction:NeighborOf,reactome:ProteinReference8624
reactome:ProteinReference9759,abstraction:NeighborOf,reactome:ProteinReference9761
reactome:ProteinReference9020,abstraction:NeighborOf,reactome:ProteinReference9021
reactome:ProteinReference1736,abstraction:NeighborOf,reactome:ProteinReference1737
reactome:ProteinReference5125,abstraction:NeighborOf,reactome:ProteinReference5127
reactome:ProteinReference8665,abstraction:NeighborOf,reactome:ProteinReference8672
reactome:ProteinReference11434,abstraction:NeighborOf,reactome:ProteinReference1798
reactome:ProteinReference1100,abstraction:NeighborOf,reactome:ProteinReference1108
reactome:ProteinReference8687,abstraction:NeighborOf,reactome:ProteinReference8761
reactome:ProteinReference2934,abstraction:NeighborOf,reactome:ProteinReference2956
reactome:ProteinReference2959,abstraction:NeighborOf,reactome:ProteinReference2963
reactome:ProteinReference8697,abstraction:NeighborOf,reactome:ProteinReference8734
reactome:ProteinReference5709,abstraction:NeighborOf,reactome:ProteinReference8907
reactome:ProteinReference8658,abstraction:NeighborOf,reactome:ProteinReference8708
reactome:ProteinReference8646,abstraction:NeighborOf,reactome:ProteinReference8716
reactome:ProteinReference11319,abstraction:NeighborOf,reactome:ProteinReference4662
reactome:ProteinReference4188,abstraction:NeighborOf,reactome:ProteinReference6353
reactome:ProteinReference2850,abstraction:NeighborOf,reactome:ProteinReference2994
reactome:ProteinReference8650,abstraction:NeighborOf,reactome:ProteinReference8708
reactome:ProteinReference1063,abstraction:NeighborOf,reactome:ProteinReference1108
reactome:ProteinReference5306,abstraction:NeighborOf,reactome:ProteinReference5967
reactome:ProteinReference10778,abstraction:NeighborOf,reactome:ProteinReference10781
reactome:ProteinReference2926,abstraction:NeighborOf,reactome:ProteinReference3083
reactome:ProteinReference8677,abstraction:NeighborOf,reactome:ProteinReference8761
reactome:ProteinReference8658,abstraction:NeighborOf,reactome:ProteinReference8664
reactome:ProteinReference4685,abstraction:NeighborOf,reactome:ProteinReference48
reactome:ProteinReference2995,abstraction:NeighborOf,reactome:ProteinReference2997
reactome:ProteinReference2854,abstraction:NeighborOf,reactome:ProteinReference2902
reactome:ProteinReference3238,abstraction:NeighborOf,reactome:ProteinReference3893
reactome:ProteinReference8690,abstraction:NeighborOf,reactome:ProteinReference8757
reactome:ProteinReference2934,abstraction:NeighborOf,reactome:ProteinReference2959
reactome:ProteinReference9713,abstraction:NeighborOf,reactome:ProteinReference9715
reactome:ProteinReference2855,abstraction:NeighborOf,reactome:ProteinReference2900
reactome:ProteinReference11434,abstraction:NeighborOf,reactome:ProteinReference11435
reactome:ProteinReference1012,abstraction:NeighborOf,reactome:ProteinReference5595
reactome:ProteinReference8643,abstraction:NeighborOf,reactome:ProteinReference8672
reactome:ProteinReference3487,abstraction:NeighborOf,reactome:ProteinReference6960
reactome:ProteinReference8708,abstraction:NeighborOf,reactome:ProteinReference8736
reactome:ProteinReference8990,abstraction:NeighborOf,reactome:ProteinReference8996
reactome:ProteinReference8705,abstraction:NeighborOf,reactome:ProteinReference8737
reactome:ProteinReference8642,abstraction:NeighborOf,reactome:ProteinReference8751
reactome:ProteinReference4383,abstraction:NeighborOf,reactome:ProteinReference4450
reactome:ProteinReference6047,abstraction:NeighborOf,reactome:ProteinReference6145
reactome:ProteinReference8712,abstraction:NeighborOf,reactome:ProteinReference8719
reactome:ProteinReference8714,abstraction:NeighborOf,reactome:ProteinReference8731
reactome:ProteinReference8674,abstraction:NeighborOf,reactome:ProteinReference8728
reactome:ProteinReference8660,abstraction:NeighborOf,reactome:ProteinReference8732
reactome:ProteinReference2852,abstraction:NeighborOf,reactome:ProteinReference3001
reactome:ProteinReference8759,abstraction:NeighborOf,reactome:ProteinReference8767
reactome:ProteinReference4564,abstraction:NeighborOf,reactome:ProteinReference8999
reactome:ProteinReference8645,abstraction:NeighborOf,reactome:ProteinReference8719
reactome:ProteinReference6171,abstraction:NeighborOf,reactome:ProteinReference8907
reactome:ProteinReference2448,abstraction:NeighborOf,reactome:ProteinReference2475
reactome:ProteinReference8746,abstraction:NeighborOf,reactome:ProteinReference8767
reactome:ProteinReference10836,abstraction:NeighborOf,reactome:ProteinReference3509
reactome:ProteinReference8715,abstraction:NeighborOf,reactome:ProteinReference8725
reactome:ProteinReference2972,abstraction:NeighborOf,reactome:ProteinReference2985
reactome:ProteinReference6162,abstraction:NeighborOf,reactome:ProteinReference6760
reactome:ProteinReference4775,abstraction:NeighborOf,reactome:ProteinReference72
reactome:ProteinReference8708,abstraction:NeighborOf,reactome:ProteinReference8710
reactome:ProteinReference4582,abstraction:NeighborOf,reactome:ProteinReference9719
reactome:ProteinReference2822,abstraction:NeighborOf,reactome:ProteinReference2823
reactome:ProteinReference4541,abstraction:NeighborOf,reactome:ProteinReference6184
reactome:ProteinReference2990,abstraction:NeighborOf,reactome:ProteinReference3002
reactome:ProteinReference1088,abstraction:NeighborOf,reactome:ProteinReference7502
reactome:ProteinReference8710,abstraction:NeighborOf,reactome:ProteinReference8727
reactome:ProteinReference8680,abstraction:NeighborOf,reactome:ProteinReference8761
reactome:ProteinReference6452,abstraction:NeighborOf,reactome:ProteinReference7629
reactome:ProteinReference8642,abstraction:NeighborOf,reactome:ProteinReference8765
reactome:ProteinReference8670,abstraction:NeighborOf,reactome:ProteinReference8674
reactome:ProteinReference2981,abstraction:NeighborOf,reactome:ProteinReference2990
reactome:ProteinReference4564,abstraction:NeighborOf,reactome:ProteinReference8990
reactome:ProteinReference9286,abstraction:NeighborOf,reactome:ProteinReference9714
reactome:ProteinReference6021,abstraction:NeighborOf,reactome:ProteinReference9746
reactome:ProteinReference8731,abstraction:NeighborOf,reactome:ProteinReference8734
reactome:ProteinReference10678,abstraction:NeighborOf,reactome:ProteinReference10681
reactome:ProteinReference5190,abstraction:NeighborOf,reactome:ProteinReference5194
reactome:ProteinReference8692,abstraction:NeighborOf,reactome:ProteinReference8697
reactome:ProteinReference1100,abstraction:NeighborOf,reactome:ProteinReference1111
reactome:ProteinReference3099,abstraction:NeighborOf,reactome:ProteinReference3102
reactome:ProteinReference8702,abstraction:NeighborOf,reactome:ProteinReference8709
reactome:ProteinReference8651,abstraction:NeighborOf,reactome:ProteinReference8729
reactome:ProteinReference1088,abstraction:NeighborOf,reactome:ProteinReference6184
reactome:ProteinReference1736,abstraction:NeighborOf,reactome:ProteinReference4468
reactome:ProteinReference2957,abstraction:NeighborOf,reactome:ProteinReference2978
reactome:ProteinReference10862,abstraction:NeighborOf,reactome:ProteinReference1091
reactome:ProteinReference3521,abstraction:NeighborOf,reactome:ProteinReference5492
reactome:ProteinReference1063,abstraction:NeighborOf,reactome:ProteinReference1111
reactome:ProteinReference8661,abstraction:NeighborOf,reactome:ProteinReference8674
reactome:ProteinReference4777,abstraction:NeighborOf,reactome:ProteinReference67
reactome:ProteinReference2448,abstraction:NeighborOf,reactome:ProteinReference3202
reactome:ProteinReference2852,abstraction:NeighborOf,reactome:ProteinReference2859
reactome:ProteinReference8644,abstraction:NeighborOf,reactome:ProteinReference8660
reactome:ProteinReference10781,abstraction:NeighborOf,reactome:ProteinReference7662
reactome:ProteinReference1013,abstraction:NeighborOf,reactome:ProteinReference6859
reactome:ProteinReference8757,abstraction:NeighborOf,reactome:ProteinReference8759
reactome:ProteinReference8717,abstraction:NeighborOf,reactome:ProteinReference8729
reactome:ProteinReference8698,abstraction:NeighborOf,reactome:ProteinReference8731
reactome:ProteinReference8671,abstraction:NeighborOf,reactome:ProteinReference8730
reactome:ProteinReference1105,abstraction:NeighborOf,reactome:ProteinReference1114
reactome:ProteinReference10829,abstraction:NeighborOf,reactome:ProteinReference8244
reactome:ProteinReference2474,abstraction:NeighborOf,reactome:ProteinReference3184
reactome:ProteinReference5004,abstraction:NeighborOf,reactome:ProteinReference5274
reactome:ProteinReference10599,abstraction:NeighborOf,reactome:ProteinReference10600
reactome:ProteinReference2978,abstraction:NeighborOf,reactome:ProteinReference2981
reactome:ProteinReference1811,abstraction:NeighborOf,reactome:ProteinReference9921
reactome:ProteinReference2825,abstraction:NeighborOf,reactome:ProteinReference3037
reactome:ProteinReference5303,abstraction:NeighborOf,reactome:ProteinReference5306
reactome:ProteinReference9792,abstraction:NeighborOf,reactome:ProteinReference9798
reactome:ProteinReference5356,abstraction:NeighborOf,reactome:ProteinReference8371
reactome:ProteinReference6137,abstraction:NeighborOf,reactome:ProteinReference8676
reactome:ProteinReference8651,abstraction:NeighborOf,reactome:ProteinReference8738
reactome:ProteinReference10777,abstraction:NeighborOf,reactome:ProteinReference7663
reactome:ProteinReference2926,abstraction:NeighborOf,reactome:ProteinReference2980
reactome:ProteinReference8687,abstraction:NeighborOf,reactome:ProteinReference8767
reactome:ProteinReference2851,abstraction:NeighborOf,reactome:ProteinReference3326
reactome:ProteinReference5589,abstraction:NeighborOf,reactome:ProteinReference7817
reactome:ProteinReference8646,abstraction:NeighborOf,reactome:ProteinReference8725
reactome:ProteinReference1094,abstraction:NeighborOf,reactome:ProteinReference1115
reactome:ProteinReference2957,abstraction:NeighborOf,reactome:ProteinReference2958
reactome:ProteinReference11041,abstraction:NeighborOf,reactome:ProteinReference5156
reactome:ProteinReference8668,abstraction:NeighborOf,reactome:ProteinReference8747
reactome:ProteinReference9439,abstraction:NeighborOf,reactome:ProteinReference9953
reactome:ProteinReference1895,abstraction:NeighborOf,reactome:ProteinReference1902
reactome:ProteinReference4718,abstraction:NeighborOf,reactome:ProteinReference4730
reactome:ProteinReference1734,abstraction:NeighborOf,reactome:ProteinReference1736
reactome:ProteinReference3138,abstraction:NeighborOf,reactome:ProteinReference3151
reactome:ProteinReference8697,abstraction:NeighborOf,reactome:ProteinReference8718
reactome:ProteinReference7721,abstraction:NeighborOf,reactome:ProteinReference9949
reactome:ProteinReference8643,abstraction:NeighborOf,reactome:ProteinReference8676
reactome:ProteinReference8646,abstraction:NeighborOf,reactome:ProteinReference8708
reactome:ProteinReference4113,abstraction:NeighborOf,reactome:ProteinReference4114
reactome:ProteinReference8717,abstraction:NeighborOf,reactome:ProteinReference8738
reactome:ProteinReference4697,abstraction:NeighborOf,reactome:ProteinReference8995
reactome:ProteinReference8941,abstraction:NeighborOf,reactome:ProteinReference8942
reactome:ProteinReference8643,abstraction:NeighborOf,reactome:ProteinReference8710
reactome:ProteinReference2911,abstraction:NeighborOf,reactome:ProteinReference2938
reactome:ProteinReference11421,abstraction:NeighborOf,reactome:ProteinReference5030
reactome:ProteinReference6244,abstraction:NeighborOf,reactome:ProteinReference6264
reactome:ProteinReference8644,abstraction:NeighborOf,reactome:ProteinReference8766
reactome:ProteinReference1108,abstraction:NeighborOf,reactome:ProteinReference1111
reactome:ProteinReference2997,abstraction:NeighborOf,reactome:ProteinReference2998
reactome:ProteinReference5443,abstraction:NeighborOf,reactome:ProteinReference5522
reactome:ProteinReference8672,abstraction:NeighborOf,reactome:ProteinReference8727
reactome:ProteinReference2973,abstraction:NeighborOf,reactome:ProteinReference2988
reactome:ProteinReference8646,abstraction:NeighborOf,reactome:ProteinReference8664
reactome:ProteinReference2406,abstraction:NeighborOf,reactome:ProteinReference7846
reactome:ProteinReference2446,abstraction:NeighborOf,reactome:ProteinReference2469
reactome:ProteinReference5944,abstraction:NeighborOf,reactome:ProteinReference5946
reactome:ProteinReference10849,abstraction:NeighborOf,reactome:ProteinReference10850
reactome:ProteinReference8645,abstraction:NeighborOf,reactome:ProteinReference8679
reactome:ProteinReference2865,abstraction:NeighborOf,reactome:ProteinReference2870
reactome:ProteinReference8644,abstraction:NeighborOf,reactome:ProteinReference8673
reactome:ProteinReference8669,abstraction:NeighborOf,reactome:ProteinReference8673
reactome:ProteinReference10685,abstraction:NeighborOf,reactome:ProteinReference10691
reactome:ProteinReference1782,abstraction:NeighborOf,reactome:ProteinReference7755
reactome:ProteinReference4775,abstraction:NeighborOf,reactome:ProteinReference4778
reactome:ProteinReference2973,abstraction:NeighborOf,reactome:ProteinReference2994
reactome:ProteinReference8644,abstraction:NeighborOf,reactome:ProteinReference8657
reactome:ProteinReference10473,abstraction:NeighborOf,reactome:ProteinReference8601
reactome:ProteinReference8708,abstraction:NeighborOf,reactome:ProteinReference8729
reactome:ProteinReference1736,abstraction:NeighborOf,reactome:ProteinReference4440
reactome:ProteinReference5425,abstraction:NeighborOf,reactome:ProteinReference7715
reactome:ProteinReference1099,abstraction:NeighborOf,reactome:ProteinReference1115
reactome:ProteinReference9761,abstraction:NeighborOf,reactome:ProteinReference9763
reactome:ProteinReference8705,abstraction:NeighborOf,reactome:ProteinReference8735
reactome:ProteinReference4579,abstraction:NeighborOf,reactome:ProteinReference5213
reactome:ProteinReference3023,abstraction:NeighborOf,reactome:ProteinReference3025
reactome:ProteinReference2932,abstraction:NeighborOf,reactome:ProteinReference2935
reactome:ProteinReference6034,abstraction:NeighborOf,reactome:ProteinReference6048
reactome:ProteinReference1091,abstraction:NeighborOf,reactome:ProteinReference4402
reactome:ProteinReference8650,abstraction:NeighborOf,reactome:ProteinReference8656
reactome:ProteinReference8680,abstraction:NeighborOf,reactome:ProteinReference8767
reactome:ProteinReference6171,abstraction:NeighborOf,reactome:ProteinReference8804
reactome:ProteinReference2932,abstraction:NeighborOf,reactome:ProteinReference2959
reactome:ProteinReference10954,abstraction:NeighborOf,reactome:ProteinReference4221
reactome:ProteinReference10346,abstraction:NeighborOf,reactome:ProteinReference6947
reactome:ProteinReference10782,abstraction:NeighborOf,reactome:ProteinReference10783
reactome:ProteinReference6043,abstraction:NeighborOf,reactome:ProteinReference6100
reactome:ProteinReference4616,abstraction:NeighborOf,reactome:ProteinReference7639
reactome:ProteinReference2474,abstraction:NeighborOf,reactome:ProteinReference2475
reactome:ProteinReference4387,abstraction:NeighborOf,reactome:ProteinReference503
reactome:ProteinReference9948,abstraction:NeighborOf,reactome:ProteinReference9951
reactome:ProteinReference8745,abstraction:NeighborOf,reactome:ProteinReference8751
reactome:ProteinReference8658,abstraction:NeighborOf,reactome:ProteinReference8668
reactome:ProteinReference1905,abstraction:NeighborOf,reactome:ProteinReference1935
reactome:ProteinReference8659,abstraction:NeighborOf,reactome:ProteinReference8720
reactome:ProteinReference8689,abstraction:NeighborOf,reactome:ProteinReference8709
reactome:ProteinReference2819,abstraction:NeighborOf,reactome:ProteinReference4680
reactome:ProteinReference2989,abstraction:NeighborOf,reactome:ProteinReference2997
reactome:ProteinReference4387,abstraction:NeighborOf,reactome:ProteinReference5291
reactome:ProteinReference11278,abstraction:NeighborOf,reactome:ProteinReference175
reactome:ProteinReference8650,abstraction:NeighborOf,reactome:ProteinReference8668
reactome:ProteinReference8649,abstraction:NeighborOf,reactome:ProteinReference8733
reactome:ProteinReference2989,abstraction:NeighborOf,reactome:ProteinReference2991
reactome:ProteinReference5124,abstraction:NeighborOf,reactome:ProteinReference5126
reactome:ProteinReference2823,abstraction:NeighborOf,reactome:ProteinReference3038
reactome:ProteinReference6773,abstraction:NeighborOf,reactome:ProteinReference8637
reactome:ProteinReference8672,abstraction:NeighborOf,reactome:ProteinReference8732
reactome:ProteinReference10479,abstraction:NeighborOf,reactome:ProteinReference8601
reactome:ProteinReference8708,abstraction:NeighborOf,reactome:ProteinReference8738
reactome:ProteinReference6759,abstraction:NeighborOf,reactome:ProteinReference8728
reactome:ProteinReference2903,abstraction:NeighborOf,reactome:ProteinReference2933
reactome:ProteinReference1123,abstraction:NeighborOf,reactome:ProteinReference4414
reactome:ProteinReference8705,abstraction:NeighborOf,reactome:ProteinReference8708
reactome:ProteinReference2850,abstraction:NeighborOf,reactome:ProteinReference2989
reactome:ProteinReference11,abstraction:NeighborOf,reactome:ProteinReference15
reactome:ProteinReference8745,abstraction:NeighborOf,reactome:ProteinReference8765
reactome:ProteinReference1095,abstraction:NeighborOf,reactome:ProteinReference1100
reactome:ProteinReference6193,abstraction:NeighborOf,reactome:ProteinReference7826
reactome:ProteinReference8647,abstraction:NeighborOf,reactome:ProteinReference8658
reactome:ProteinReference2474,abstraction:NeighborOf,reactome:ProteinReference3202
reactome:ProteinReference8652,abstraction:NeighborOf,reactome:ProteinReference8692
reactome:ProteinReference5675,abstraction:NeighborOf,reactome:ProteinReference6622
reactome:ProteinReference8680,abstraction:NeighborOf,reactome:ProteinReference8708
reactome:ProteinReference8728,abstraction:NeighborOf,reactome:ProteinReference8736
reactome:ProteinReference1141,abstraction:NeighborOf,reactome:ProteinReference5942
reactome:ProteinReference2833,abstraction:NeighborOf,reactome:ProteinReference2981
reactome:ProteinReference4456,abstraction:NeighborOf,reactome:ProteinReference4457
reactome:ProteinReference8703,abstraction:NeighborOf,reactome:ProteinReference8712
reactome:ProteinReference8659,abstraction:NeighborOf,reactome:ProteinReference8672
reactome:ProteinReference8658,abstraction:NeighborOf,reactome:ProteinReference8669
reactome:ProteinReference8748,abstraction:NeighborOf,reactome:ProteinReference8757
reactome:ProteinReference8650,abstraction:NeighborOf,reactome:ProteinReference8669
reactome:ProteinReference4650,abstraction:NeighborOf,reactome:ProteinReference5587
reactome:ProteinReference7322,abstraction:NeighborOf,reactome:ProteinReference7680
reactome:ProteinReference2851,abstraction:NeighborOf,reactome:ProteinReference2971
reactome:ProteinReference2460,abstraction:NeighborOf,reactome:ProteinReference3184
reactome:ProteinReference8643,abstraction:NeighborOf,reactome:ProteinReference8729
reactome:ProteinReference8649,abstraction:NeighborOf,reactome:ProteinReference8698
reactome:ProteinReference10782,abstraction:NeighborOf,reactome:ProteinReference10784
reactome:ProteinReference2959,abstraction:NeighborOf,reactome:ProteinReference2974
reactome:ProteinReference8686,abstraction:NeighborOf,reactome:ProteinReference8752
reactome:ProteinReference4777,abstraction:NeighborOf,reactome:ProteinReference9716
reactome:ProteinReference8653,abstraction:NeighborOf,reactome:ProteinReference8665
reactome:ProteinReference10803,abstraction:NeighborOf,reactome:ProteinReference5240
reactome:ProteinReference3076,abstraction:NeighborOf,reactome:ProteinReference3088
reactome:ProteinReference5320,abstraction:NeighborOf,reactome:ProteinReference5327
reactome:ProteinReference4690,abstraction:NeighborOf,reactome:ProteinReference7821
reactome:ProteinReference8646,abstraction:NeighborOf,reactome:ProteinReference8647
reactome:ProteinReference8671,abstraction:NeighborOf,reactome:ProteinReference8707
reactome:ProteinReference3564,abstraction:NeighborOf,reactome:ProteinReference7513
reactome:ProteinReference8644,abstraction:NeighborOf,reactome:ProteinReference8748
reactome:ProteinReference3647,abstraction:NeighborOf,reactome:ProteinReference5509
reactome:ProteinReference8716,abstraction:NeighborOf,reactome:ProteinReference8722
reactome:ProteinReference3107,abstraction:NeighborOf,reactome:ProteinReference3697
reactome:ProteinReference8689,abstraction:NeighborOf,reactome:ProteinReference8736
reactome:ProteinReference10677,abstraction:NeighborOf,reactome:ProteinReference10678
reactome:ProteinReference8649,abstraction:NeighborOf,reactome:ProteinReference8706
reactome:ProteinReference2787,abstraction:NeighborOf,reactome:ProteinReference9957
reactome:ProteinReference1063,abstraction:NeighborOf,reactome:ProteinReference7729
reactome:ProteinReference5420,abstraction:NeighborOf,reactome:ProteinReference9058
reactome:ProteinReference8637,abstraction:NeighborOf,reactome:ProteinReference8789
reactome:ProteinReference8658,abstraction:NeighborOf,reactome:ProteinReference8670
reactome:ProteinReference2931,abstraction:NeighborOf,reactome:ProteinReference2938
reactome:ProteinReference3837,abstraction:NeighborOf,reactome:ProteinReference3852
reactome:ProteinReference2167,abstraction:NeighborOf,reactome:ProteinReference8637
reactome:ProteinReference1815,abstraction:NeighborOf,reactome:ProteinReference7511
reactome:ProteinReference8653,abstraction:NeighborOf,reactome:ProteinReference8755
reactome:ProteinReference11267,abstraction:NeighborOf,reactome:ProteinReference11268
reactome:ProteinReference5317,abstraction:NeighborOf,reactome:ProteinReference5320
reactome:ProteinReference8402,abstraction:NeighborOf,reactome:ProteinReference8423
reactome:ProteinReference8706,abstraction:NeighborOf,reactome:ProteinReference8719
reactome:ProteinReference8662,abstraction:NeighborOf,reactome:ProteinReference8716
reactome:ProteinReference1933,abstraction:NeighborOf,reactome:ProteinReference1960
reactome:ProteinReference5908,abstraction:NeighborOf,reactome:ProteinReference8848
reactome:ProteinReference10785,abstraction:NeighborOf,reactome:ProteinReference7660
reactome:ProteinReference71,abstraction:NeighborOf,reactome:ProteinReference72
reactome:ProteinReference8744,abstraction:NeighborOf,reactome:ProteinReference8746
reactome:ProteinReference8679,abstraction:NeighborOf,reactome:ProteinReference8696
reactome:ProteinReference8649,abstraction:NeighborOf,reactome:ProteinReference8713
reactome:ProteinReference10801,abstraction:NeighborOf,reactome:ProteinReference10803
reactome:ProteinReference8670,abstraction:NeighborOf,reactome:ProteinReference8689
reactome:ProteinReference8687,abstraction:NeighborOf,reactome:ProteinReference8750
reactome:ProteinReference1988,abstraction:NeighborOf,reactome:ProteinReference1989
reactome:ProteinReference8692,abstraction:NeighborOf,reactome:ProteinReference8737
reactome:ProteinReference2851,abstraction:NeighborOf,reactome:ProteinReference2997
reactome:ProteinReference8673,abstraction:NeighborOf,reactome:ProteinReference8676
reactome:ProteinReference8755,abstraction:NeighborOf,reactome:ProteinReference8759
reactome:ProteinReference1023,abstraction:NeighborOf,reactome:ProteinReference1024
reactome:ProteinReference8723,abstraction:NeighborOf,reactome:ProteinReference8737
reactome:ProteinReference10889,abstraction:NeighborOf,reactome:ProteinReference7558
reactome:ProteinReference5390,abstraction:NeighborOf,reactome:ProteinReference7826
reactome:ProteinReference8704,abstraction:NeighborOf,reactome:ProteinReference8714
reactome:ProteinReference8646,abstraction:NeighborOf,reactome:ProteinReference8668
reactome:ProteinReference4385,abstraction:NeighborOf,reactome:ProteinReference4703
reactome:ProteinReference2981,abstraction:NeighborOf,reactome:ProteinReference2988
reactome:ProteinReference8659,abstraction:NeighborOf,reactome:ProteinReference8736
reactome:ProteinReference2460,abstraction:NeighborOf,reactome:ProteinReference2475
reactome:ProteinReference8384,abstraction:NeighborOf,reactome:ProteinReference8385
reactome:ProteinReference2981,abstraction:NeighborOf,reactome:ProteinReference2994
reactome:ProteinReference8660,abstraction:NeighborOf,reactome:ProteinReference8672
reactome:ProteinReference10688,abstraction:NeighborOf,reactome:ProteinReference10691
reactome:ProteinReference8659,abstraction:NeighborOf,reactome:ProteinReference8676
reactome:ProteinReference2928,abstraction:NeighborOf,reactome:ProteinReference2971
reactome:ProteinReference8659,abstraction:NeighborOf,reactome:ProteinReference8710
reactome:ProteinReference2900,abstraction:NeighborOf,reactome:ProteinReference3004
reactome:ProteinReference1102,abstraction:NeighborOf,reactome:ProteinReference1105
reactome:ProteinReference8705,abstraction:NeighborOf,reactome:ProteinReference8723
reactome:ProteinReference9956,abstraction:NeighborOf,reactome:ProteinReference9957
reactome:ProteinReference6565,abstraction:NeighborOf,reactome:ProteinReference6566
reactome:ProteinReference2823,abstraction:NeighborOf,reactome:ProteinReference2855
reactome:ProteinReference6360,abstraction:NeighborOf,reactome:ProteinReference6464
reactome:ProteinReference1095,abstraction:NeighborOf,reactome:ProteinReference1108
reactome:ProteinReference2787,abstraction:NeighborOf,reactome:ProteinReference2788
reactome:ProteinReference8674,abstraction:NeighborOf,reactome:ProteinReference8709
reactome:ProteinReference8710,abstraction:NeighborOf,reactome:ProteinReference8720
reactome:ProteinReference8644,abstraction:NeighborOf,reactome:ProteinReference8671
reactome:ProteinReference8669,abstraction:NeighborOf,reactome:ProteinReference8671
reactome:ProteinReference10616,abstraction:NeighborOf,reactome:ProteinReference8576
reactome:ProteinReference2825,abstraction:NeighborOf,reactome:ProteinReference2900
reactome:ProteinReference3210,abstraction:NeighborOf,reactome:ProteinReference3212
reactome:ProteinReference8709,abstraction:NeighborOf,reactome:ProteinReference8715
reactome:ProteinReference1092,abstraction:NeighborOf,reactome:ProteinReference1121
reactome:ProteinReference1112,abstraction:NeighborOf,reactome:ProteinReference1118
reactome:ProteinReference8728,abstraction:NeighborOf,reactome:ProteinReference8729
reactome:ProteinReference8678,abstraction:NeighborOf,reactome:ProteinReference8733
reactome:ProteinReference2979,abstraction:NeighborOf,reactome:ProteinReference2999
reactome:ProteinReference7628,abstraction:NeighborOf,reactome:ProteinReference7630
reactome:ProteinReference8699,abstraction:NeighborOf,reactome:ProteinReference8704
reactome:ProteinReference2460,abstraction:NeighborOf,reactome:ProteinReference3202
reactome:ProteinReference1099,abstraction:NeighborOf,reactome:ProteinReference1122
reactome:ProteinReference4767,abstraction:NeighborOf,reactome:ProteinReference4780
reactome:ProteinReference2832,abstraction:NeighborOf,reactome:ProteinReference3014
reactome:ProteinReference2956,abstraction:NeighborOf,reactome:ProteinReference3004
reactome:ProteinReference11273,abstraction:NeighborOf,reactome:ProteinReference11274
reactome:ProteinReference2971,abstraction:NeighborOf,reactome:ProteinReference2972
reactome:ProteinReference5314,abstraction:NeighborOf,reactome:ProteinReference5315
reactome:ProteinReference8729,abstraction:NeighborOf,reactome:ProteinReference8736
reactome:ProteinReference5209,abstraction:NeighborOf,reactome:ProteinReference7766
reactome:ProteinReference8697,abstraction:NeighborOf,reactome:ProteinReference8731
reactome:ProteinReference8656,abstraction:NeighborOf,reactome:ProteinReference8659
reactome:ProteinReference2979,abstraction:NeighborOf,reactome:ProteinReference2984
reactome:ProteinReference2930,abstraction:NeighborOf,reactome:ProteinReference3050
reactome:ProteinReference2472,abstraction:NeighborOf,reactome:ProteinReference3181
reactome:ProteinReference3037,abstraction:NeighborOf,reactome:ProteinReference3038
reactome:ProteinReference5124,abstraction:NeighborOf,reactome:ProteinReference5125
reactome:ProteinReference2927,abstraction:NeighborOf,reactome:ProteinReference2933
reactome:ProteinReference6244,abstraction:NeighborOf,reactome:ProteinReference6250
reactome:ProteinReference10451,abstraction:NeighborOf,reactome:ProteinReference10454
reactome:ProteinReference3354,abstraction:NeighborOf,reactome:ProteinReference3357
reactome:ProteinReference2851,abstraction:NeighborOf,reactome:ProteinReference2876
reactome:ProteinReference8728,abstraction:NeighborOf,reactome:ProteinReference8738
reactome:ProteinReference4653,abstraction:NeighborOf,reactome:ProteinReference4686
reactome:ProteinReference5037,abstraction:NeighborOf,reactome:ProteinReference5042
reactome:ProteinReference1057,abstraction:NeighborOf,reactome:ProteinReference1064
reactome:ProteinReference2959,abstraction:NeighborOf,reactome:ProteinReference2971
reactome:ProteinReference5291,abstraction:NeighborOf,reactome:ProteinReference6101
reactome:ProteinReference8662,abstraction:NeighborOf,reactome:ProteinReference8725
reactome:ProteinReference8646,abstraction:NeighborOf,reactome:ProteinReference8670
reactome:ProteinReference8664,abstraction:NeighborOf,reactome:ProteinReference8672
reactome:ProteinReference4577,abstraction:NeighborOf,reactome:ProteinReference6397
reactome:ProteinReference11359,abstraction:NeighborOf,reactome:ProteinReference11360
reactome:ProteinReference6095,abstraction:NeighborOf,reactome:ProteinReference9357
reactome:ProteinReference8678,abstraction:NeighborOf,reactome:ProteinReference8698
reactome:ProteinReference8647,abstraction:NeighborOf,reactome:ProteinReference8679
reactome:ProteinReference1095,abstraction:NeighborOf,reactome:ProteinReference1111
reactome:ProteinReference6268,abstraction:NeighborOf,reactome:ProteinReference664
reactome:ProteinReference8757,abstraction:NeighborOf,reactome:ProteinReference8763
reactome:ProteinReference8661,abstraction:NeighborOf,reactome:ProteinReference8703
reactome:ProteinReference2957,abstraction:NeighborOf,reactome:ProteinReference2987
reactome:ProteinReference8692,abstraction:NeighborOf,reactome:ProteinReference8735
reactome:ProteinReference5396,abstraction:NeighborOf,reactome:ProteinReference5963
reactome:ProteinReference2454,abstraction:NeighborOf,reactome:ProteinReference3201
reactome:ProteinReference11433,abstraction:NeighborOf,reactome:ProteinReference11434
reactome:ProteinReference4328,abstraction:NeighborOf,reactome:ProteinReference5066
reactome:ProteinReference1153,abstraction:NeighborOf,reactome:ProteinReference5420
reactome:ProteinReference8670,abstraction:NeighborOf,reactome:ProteinReference8673
reactome:ProteinReference10820,abstraction:NeighborOf,reactome:ProteinReference10821
reactome:ProteinReference2876,abstraction:NeighborOf,reactome:ProteinReference2963
reactome:ProteinReference8749,abstraction:NeighborOf,reactome:ProteinReference8755
reactome:ProteinReference8674,abstraction:NeighborOf,reactome:ProteinReference8736
reactome:ProteinReference1057,abstraction:NeighborOf,reactome:ProteinReference1067
reactome:ProteinReference3571,abstraction:NeighborOf,reactome:ProteinReference6692
reactome:ProteinReference8672,abstraction:NeighborOf,reactome:ProteinReference8720
reactome:ProteinReference8752,abstraction:NeighborOf,reactome:ProteinReference8765
reactome:ProteinReference8723,abstraction:NeighborOf,reactome:ProteinReference8735
reactome:ProteinReference2822,abstraction:NeighborOf,reactome:ProteinReference2981
reactome:ProteinReference8689,abstraction:NeighborOf,reactome:ProteinReference8738
reactome:ProteinReference8659,abstraction:NeighborOf,reactome:ProteinReference8729
reactome:ProteinReference8678,abstraction:NeighborOf,reactome:ProteinReference8706
reactome:ProteinReference2795,abstraction:NeighborOf,reactome:ProteinReference9957
reactome:ProteinReference1094,abstraction:NeighborOf,reactome:ProteinReference1100
reactome:ProteinReference2828,abstraction:NeighborOf,reactome:ProteinReference2833
reactome:ProteinReference8642,abstraction:NeighborOf,reactome:ProteinReference8690
reactome:ProteinReference2466,abstraction:NeighborOf,reactome:ProteinReference3201
reactome:ProteinReference8674,abstraction:NeighborOf,reactome:ProteinReference8676
reactome:ProteinReference5318,abstraction:NeighborOf,reactome:ProteinReference5319
reactome:ProteinReference8668,abstraction:NeighborOf,reactome:ProteinReference8766
reactome:ProteinReference5491,abstraction:NeighborOf,reactome:ProteinReference5499
reactome:ProteinReference8661,abstraction:NeighborOf,reactome:ProteinReference8715
reactome:ProteinReference8678,abstraction:NeighborOf,reactome:ProteinReference8713
reactome:ProteinReference3452,abstraction:NeighborOf,reactome:ProteinReference5155
reactome:ProteinReference8733,abstraction:NeighborOf,reactome:ProteinReference8737
reactome:ProteinReference8642,abstraction:NeighborOf,reactome:ProteinReference8746
reactome:ProteinReference8668,abstraction:NeighborOf,reactome:ProteinReference8673
reactome:ProteinReference8753,abstraction:NeighborOf,reactome:ProteinReference8766
reactome:ProteinReference11435,abstraction:NeighborOf,reactome:ProteinReference6465
reactome:ProteinReference4385,abstraction:NeighborOf,reactome:ProteinReference4443
reactome:ProteinReference2792,abstraction:NeighborOf,reactome:ProteinReference9957
reactome:ProteinReference4779,abstraction:NeighborOf,reactome:ProteinReference65
reactome:ProteinReference11271,abstraction:NeighborOf,reactome:ProteinReference6136
reactome:ProteinReference1797,abstraction:NeighborOf,reactome:ProteinReference1800
reactome:ProteinReference8671,abstraction:NeighborOf,reactome:ProteinReference8735
reactome:ProteinReference8692,abstraction:NeighborOf,reactome:ProteinReference8708
reactome:ProteinReference10577,abstraction:NeighborOf,reactome:ProteinReference5964
reactome:ProteinReference1065,abstraction:NeighborOf,reactome:ProteinReference1088
reactome:ProteinReference5331,abstraction:NeighborOf,reactome:ProteinReference5335
reactome:ProteinReference1112,abstraction:NeighborOf,reactome:ProteinReference1119
reactome:ProteinReference11,abstraction:NeighborOf,reactome:ProteinReference6660
reactome:ProteinReference4567,abstraction:NeighborOf,reactome:ProteinReference8999
reactome:ProteinReference2911,abstraction:NeighborOf,reactome:ProteinReference2972
reactome:ProteinReference2854,abstraction:NeighborOf,reactome:ProteinReference2926
reactome:ProteinReference8659,abstraction:NeighborOf,reactome:ProteinReference8738
reactome:ProteinReference2905,abstraction:NeighborOf,reactome:ProteinReference2933
reactome:ProteinReference1092,abstraction:NeighborOf,reactome:ProteinReference1113
reactome:ProteinReference2465,abstraction:NeighborOf,reactome:ProteinReference2473
reactome:ProteinReference10854,abstraction:NeighborOf,reactome:ProteinReference6693
reactome:ProteinReference2445,abstraction:NeighborOf,reactome:ProteinReference2462
reactome:ProteinReference2876,abstraction:NeighborOf,reactome:ProteinReference2996
reactome:ProteinReference8702,abstraction:NeighborOf,reactome:ProteinReference8721
reactome:ProteinReference3927,abstraction:NeighborOf,reactome:ProteinReference659
reactome:ProteinReference10851,abstraction:NeighborOf,reactome:ProteinReference7330
reactome:ProteinReference5660,abstraction:NeighborOf,reactome:ProteinReference6722
reactome:ProteinReference4149,abstraction:NeighborOf,reactome:ProteinReference5660
reactome:ProteinReference2904,abstraction:NeighborOf,reactome:ProteinReference2908
reactome:ProteinReference8649,abstraction:NeighborOf,reactome:ProteinReference8741
reactome:ProteinReference8664,abstraction:NeighborOf,reactome:ProteinReference8676
reactome:ProteinReference2983,abstraction:NeighborOf,reactome:ProteinReference2985
reactome:ProteinReference8652,abstraction:NeighborOf,reactome:ProteinReference8719
reactome:ProteinReference4456,abstraction:NeighborOf,reactome:ProteinReference5186
reactome:ProteinReference2929,abstraction:NeighborOf,reactome:ProteinReference2999
reactome:ProteinReference6759,abstraction:NeighborOf,reactome:ProteinReference8709
reactome:ProteinReference4700,abstraction:NeighborOf,reactome:ProteinReference4703
reactome:ProteinReference1056,abstraction:NeighborOf,reactome:ProteinReference1067
reactome:ProteinReference8696,abstraction:NeighborOf,reactome:ProteinReference8700
reactome:ProteinReference1799,abstraction:NeighborOf,reactome:ProteinReference642
reactome:ProteinReference11273,abstraction:NeighborOf,reactome:ProteinReference3477
reactome:ProteinReference433,abstraction:NeighborOf,reactome:ProteinReference4887
reactome:ProteinReference1024,abstraction:NeighborOf,reactome:ProteinReference3039
reactome:ProteinReference8692,abstraction:NeighborOf,reactome:ProteinReference8699
reactome:ProteinReference2897,abstraction:NeighborOf,reactome:ProteinReference2926
reactome:ProteinReference8644,abstraction:NeighborOf,reactome:ProteinReference8681
reactome:ProteinReference8669,abstraction:NeighborOf,reactome:ProteinReference8681
reactome:ProteinReference8646,abstraction:NeighborOf,reactome:ProteinReference8727
reactome:ProteinReference2872,abstraction:NeighborOf,reactome:ProteinReference2934
reactome:ProteinReference8670,abstraction:NeighborOf,reactome:ProteinReference8700
reactome:ProteinReference8758,abstraction:NeighborOf,reactome:ProteinReference8761
reactome:ProteinReference5752,abstraction:NeighborOf,reactome:ProteinReference5760
reactome:ProteinReference8730,abstraction:NeighborOf,reactome:ProteinReference8733
reactome:ProteinReference3290,abstraction:NeighborOf,reactome:ProteinReference3291
reactome:ProteinReference5291,abstraction:NeighborOf,reactome:ProteinReference5292
reactome:ProteinReference8724,abstraction:NeighborOf,reactome:ProteinReference8726
reactome:ProteinReference3837,abstraction:NeighborOf,reactome:ProteinReference8562
reactome:ProteinReference2981,abstraction:NeighborOf,reactome:ProteinReference2989
reactome:ProteinReference6641,abstraction:NeighborOf,reactome:ProteinReference8907
reactome:ProteinReference8700,abstraction:NeighborOf,reactome:ProteinReference8716
reactome:ProteinReference10560,abstraction:NeighborOf,reactome:ProteinReference3232
reactome:ProteinReference6514,abstraction:NeighborOf,reactome:ProteinReference9587
reactome:ProteinReference10677,abstraction:NeighborOf,reactome:ProteinReference10680
reactome:ProteinReference11155,abstraction:NeighborOf,reactome:ProteinReference11156
reactome:ProteinReference9766,abstraction:NeighborOf,reactome:ProteinReference9767
reactome:ProteinReference2823,abstraction:NeighborOf,reactome:ProteinReference2824
reactome:ProteinReference5443,abstraction:NeighborOf,reactome:ProteinReference5763
reactome:ProteinReference8702,abstraction:NeighborOf,reactome:ProteinReference8717
reactome:ProteinReference8667,abstraction:NeighborOf,reactome:ProteinReference8693
reactome:ProteinReference6773,abstraction:NeighborOf,reactome:ProteinReference9704
reactome:ProteinReference8104,abstraction:NeighborOf,reactome:ProteinReference8116
reactome:ProteinReference8718,abstraction:NeighborOf,reactome:ProteinReference8722
reactome:ProteinReference8729,abstraction:NeighborOf,reactome:ProteinReference8738
reactome:ProteinReference6136,abstraction:NeighborOf,reactome:ProteinReference6774
reactome:ProteinReference7718,abstraction:NeighborOf,reactome:ProteinReference7719
reactome:ProteinReference8661,abstraction:NeighborOf,reactome:ProteinReference8700
reactome:ProteinReference1141,abstraction:NeighborOf,reactome:ProteinReference4580
reactome:ProteinReference8699,abstraction:NeighborOf,reactome:ProteinReference8705
reactome:ProteinReference8564,abstraction:NeighborOf,reactome:ProteinReference9709
reactome:ProteinReference4778,abstraction:NeighborOf,reactome:ProteinReference66
reactome:ProteinReference8749,abstraction:NeighborOf,reactome:ProteinReference8754
reactome:ProteinReference2421,abstraction:NeighborOf,reactome:ProteinReference2422
reactome:ProteinReference8751,abstraction:NeighborOf,reactome:ProteinReference8766
reactome:ProteinReference5214,abstraction:NeighborOf,reactome:ProteinReference8912
reactome:ProteinReference2904,abstraction:NeighborOf,reactome:ProteinReference2931
reactome:ProteinReference1107,abstraction:NeighborOf,reactome:ProteinReference1118
reactome:ProteinReference8649,abstraction:NeighborOf,reactome:ProteinReference8704
reactome:ProteinReference8716,abstraction:NeighborOf,reactome:ProteinReference8726
reactome:ProteinReference175,abstraction:NeighborOf,reactome:ProteinReference5929
reactome:ProteinReference8674,abstraction:NeighborOf,reactome:ProteinReference8729
reactome:ProteinReference1814,abstraction:NeighborOf,reactome:ProteinReference6439
reactome:ProteinReference11367,abstraction:NeighborOf,reactome:ProteinReference6514
reactome:ProteinReference5424,abstraction:NeighborOf,reactome:ProteinReference6753
reactome:ProteinReference10643,abstraction:NeighborOf,reactome:ProteinReference11023
reactome:ProteinReference1023,abstraction:NeighborOf,reactome:ProteinReference5522
reactome:ProteinReference8692,abstraction:NeighborOf,reactome:ProteinReference8701
reactome:ProteinReference1063,abstraction:NeighborOf,reactome:ProteinReference1107
reactome:ProteinReference7511,abstraction:NeighborOf,reactome:ProteinReference7552
reactome:ProteinReference8646,abstraction:NeighborOf,reactome:ProteinReference8732
reactome:ProteinReference3979,abstraction:NeighborOf,reactome:ProteinReference3985
reactome:ProteinReference4440,abstraction:NeighborOf,reactome:ProteinReference5234
reactome:ProteinReference1094,abstraction:NeighborOf,reactome:ProteinReference1108
reactome:ProteinReference8644,abstraction:NeighborOf,reactome:ProteinReference8757
reactome:ProteinReference10756,abstraction:NeighborOf,reactome:ProteinReference10758
reactome:ProteinReference9709,abstraction:NeighborOf,reactome:ProteinReference9713
reactome:ProteinReference5294,abstraction:NeighborOf,reactome:ProteinReference5299
reactome:ProteinReference8668,abstraction:NeighborOf,reactome:ProteinReference8748
reactome:ProteinReference6105,abstraction:NeighborOf,reactome:ProteinReference6107
reactome:ProteinReference4539,abstraction:NeighborOf,reactome:ProteinReference6435
reactome:ProteinReference8671,abstraction:NeighborOf,reactome:ProteinReference8702
reactome:ProteinReference5937,abstraction:NeighborOf,reactome:ProteinReference9841
reactome:ProteinReference4584,abstraction:NeighborOf,reactome:ProteinReference4586
reactome:ProteinReference3598,abstraction:NeighborOf,reactome:ProteinReference4113
reactome:ProteinReference2926,abstraction:NeighborOf,reactome:ProteinReference3198
reactome:ProteinReference2974,abstraction:NeighborOf,reactome:ProteinReference2985
reactome:ProteinReference8273,abstraction:NeighborOf,reactome:ProteinReference8563
reactome:ProteinReference8733,abstraction:NeighborOf,reactome:ProteinReference8735
reactome:ProteinReference1773,abstraction:NeighborOf,reactome:ProteinReference5138
reactome:ProteinReference6162,abstraction:NeighborOf,reactome:ProteinReference8675
reactome:ProteinReference6759,abstraction:NeighborOf,reactome:ProteinReference8736
reactome:ProteinReference2961,abstraction:NeighborOf,reactome:ProteinReference2985
reactome:ProteinReference8690,abstraction:NeighborOf,reactome:ProteinReference8758
reactome:ProteinReference8674,abstraction:NeighborOf,reactome:ProteinReference8738
reactome:ProteinReference10782,abstraction:NeighborOf,reactome:ProteinReference10785
reactome:ProteinReference8692,abstraction:NeighborOf,reactome:ProteinReference8723
reactome:ProteinReference8705,abstraction:NeighborOf,reactome:ProteinReference8727
reactome:ProteinReference1099,abstraction:NeighborOf,reactome:ProteinReference1114
reactome:ProteinReference8689,abstraction:NeighborOf,reactome:ProteinReference8721
reactome:ProteinReference8710,abstraction:NeighborOf,reactome:ProteinReference8729
reactome:ProteinReference1124,abstraction:NeighborOf,reactome:ProteinReference11273
reactome:ProteinReference8665,abstraction:NeighborOf,reactome:ProteinReference8751
reactome:ProteinReference6862,abstraction:NeighborOf,reactome:ProteinReference7842
reactome:ProteinReference1801,abstraction:NeighborOf,reactome:ProteinReference1802
reactome:ProteinReference4735,abstraction:NeighborOf,reactome:ProteinReference9132
reactome:ProteinReference8657,abstraction:NeighborOf,reactome:ProteinReference8675
reactome:ProteinReference8745,abstraction:NeighborOf,reactome:ProteinReference8746
reactome:ProteinReference8671,abstraction:NeighborOf,reactome:ProteinReference8701
reactome:ProteinReference11310,abstraction:NeighborOf,reactome:ProteinReference8116
reactome:ProteinReference4443,abstraction:NeighborOf,reactome:ProteinReference4702
reactome:ProteinReference2861,abstraction:NeighborOf,reactome:ProteinReference2873
reactome:ProteinReference6427,abstraction:NeighborOf,reactome:ProteinReference6465
reactome:ProteinReference10539,abstraction:NeighborOf,reactome:ProteinReference10549
reactome:ProteinReference3181,abstraction:NeighborOf,reactome:ProteinReference3195
reactome:ProteinReference5226,abstraction:NeighborOf,reactome:ProteinReference7290
reactome:ProteinReference8701,abstraction:NeighborOf,reactome:ProteinReference8706
reactome:ProteinReference6465,abstraction:NeighborOf,reactome:ProteinReference8360
reactome:ProteinReference8755,abstraction:NeighborOf,reactome:ProteinReference8763
reactome:ProteinReference8670,abstraction:NeighborOf,reactome:ProteinReference8671
reactome:ProteinReference8665,abstraction:NeighborOf,reactome:ProteinReference8765
reactome:ProteinReference8675,abstraction:NeighborOf,reactome:ProteinReference8704
reactome:ProteinReference3067,abstraction:NeighborOf,reactome:ProteinReference9721
reactome:ProteinReference1935,abstraction:NeighborOf,reactome:ProteinReference1937
reactome:ProteinReference2938,abstraction:NeighborOf,reactome:ProteinReference2972
reactome:ProteinReference3650,abstraction:NeighborOf,reactome:ProteinReference914
reactome:ProteinReference2995,abstraction:NeighborOf,reactome:ProteinReference3004
reactome:ProteinReference8666,abstraction:NeighborOf,reactome:ProteinReference8675
reactome:ProteinReference8701,abstraction:NeighborOf,reactome:ProteinReference8713
reactome:ProteinReference4659,abstraction:NeighborOf,reactome:ProteinReference4690
reactome:ProteinReference2860,abstraction:NeighborOf,reactome:ProteinReference2903
reactome:ProteinReference5332,abstraction:NeighborOf,reactome:ProteinReference5333
reactome:ProteinReference2872,abstraction:NeighborOf,reactome:ProteinReference2971
reactome:ProteinReference8700,abstraction:NeighborOf,reactome:ProteinReference8725
reactome:ProteinReference8689,abstraction:NeighborOf,reactome:ProteinReference8717
reactome:ProteinReference1061,abstraction:NeighborOf,reactome:ProteinReference10811
reactome:ProteinReference8671,abstraction:NeighborOf,reactome:ProteinReference8723
reactome:ProteinReference5328,abstraction:NeighborOf,reactome:ProteinReference5333
reactome:ProteinReference8698,abstraction:NeighborOf,reactome:ProteinReference8700
reactome:ProteinReference1094,abstraction:NeighborOf,reactome:ProteinReference1111
reactome:ProteinReference9708,abstraction:NeighborOf,reactome:ProteinReference9715
reactome:ProteinReference8661,abstraction:NeighborOf,reactome:ProteinReference8671
reactome:ProteinReference10850,abstraction:NeighborOf,reactome:ProteinReference7330
reactome:ProteinReference5409,abstraction:NeighborOf,reactome:ProteinReference6789
reactome:ProteinReference2465,abstraction:NeighborOf,reactome:ProteinReference2468
reactome:ProteinReference2823,abstraction:NeighborOf,reactome:ProteinReference2828
reactome:ProteinReference8716,abstraction:NeighborOf,reactome:ProteinReference8721
reactome:ProteinReference3836,abstraction:NeighborOf,reactome:ProteinReference7526
reactome:ProteinReference1032,abstraction:NeighborOf,reactome:ProteinReference9286
reactome:ProteinReference3149,abstraction:NeighborOf,reactome:ProteinReference3151
reactome:ProteinReference2854,abstraction:NeighborOf,reactome:ProteinReference2899
reactome:ProteinReference8705,abstraction:NeighborOf,reactome:ProteinReference8732
reactome:ProteinReference5305,abstraction:NeighborOf,reactome:ProteinReference5306
reactome:ProteinReference48,abstraction:NeighborOf,reactome:ProteinReference4848
reactome:ProteinReference7817,abstraction:NeighborOf,reactome:ProteinReference8284
reactome:ProteinReference9707,abstraction:NeighborOf,reactome:ProteinReference9712
reactome:ProteinReference2461,abstraction:NeighborOf,reactome:ProteinReference2473
reactome:ProteinReference4113,abstraction:NeighborOf,reactome:ProteinReference642
reactome:ProteinReference10837,abstraction:NeighborOf,reactome:ProteinReference11018
reactome:ProteinReference11029,abstraction:NeighborOf,reactome:ProteinReference11034
reactome:ProteinReference8668,abstraction:NeighborOf,reactome:ProteinReference8671
reactome:ProteinReference5746,abstraction:NeighborOf,reactome:ProteinReference5747
reactome:ProteinReference10689,abstraction:NeighborOf,reactome:ProteinReference10691
reactome:ProteinReference6773,abstraction:NeighborOf,reactome:ProteinReference9702
reactome:ProteinReference2972,abstraction:NeighborOf,reactome:ProteinReference2983
reactome:ProteinReference1107,abstraction:NeighborOf,reactome:ProteinReference1119
reactome:ProteinReference2932,abstraction:NeighborOf,reactome:ProteinReference2979
reactome:ProteinReference3067,abstraction:NeighborOf,reactome:ProteinReference4777
reactome:ProteinReference9826,abstraction:NeighborOf,reactome:ProteinReference9827
reactome:ProteinReference2823,abstraction:NeighborOf,reactome:ProteinReference2832
reactome:ProteinReference1096,abstraction:NeighborOf,reactome:ProteinReference1118
reactome:ProteinReference2788,abstraction:NeighborOf,reactome:ProteinReference9446
reactome:ProteinReference8645,abstraction:NeighborOf,reactome:ProteinReference8706
reactome:ProteinReference6316,abstraction:NeighborOf,reactome:ProteinReference6325
reactome:ProteinReference8699,abstraction:NeighborOf,reactome:ProteinReference8712
reactome:ProteinReference10836,abstraction:NeighborOf,reactome:ProteinReference5155
reactome:ProteinReference5292,abstraction:NeighborOf,reactome:ProteinReference5295
reactome:ProteinReference1092,abstraction:NeighborOf,reactome:ProteinReference1115
reactome:ProteinReference1063,abstraction:NeighborOf,reactome:ProteinReference1119
reactome:ProteinReference10754,abstraction:NeighborOf,reactome:ProteinReference10758
reactome:ProteinReference8924,abstraction:NeighborOf,reactome:ProteinReference8925
reactome:ProteinReference10835,abstraction:NeighborOf,reactome:ProteinReference10836
reactome:ProteinReference8653,abstraction:NeighborOf,reactome:ProteinReference8749
reactome:ProteinReference8564,abstraction:NeighborOf,reactome:ProteinReference9712
reactome:ProteinReference8716,abstraction:NeighborOf,reactome:ProteinReference8717
reactome:ProteinReference2897,abstraction:NeighborOf,reactome:ProteinReference2899
reactome:ProteinReference10385,abstraction:NeighborOf,reactome:ProteinReference10395
reactome:ProteinReference8645,abstraction:NeighborOf,reactome:ProteinReference8713
reactome:ProteinReference2970,abstraction:NeighborOf,reactome:ProteinReference4844
reactome:ProteinReference6100,abstraction:NeighborOf,reactome:ProteinReference7826
reactome:ProteinReference2993,abstraction:NeighborOf,reactome:ProteinReference2996
reactome:ProteinReference1013,abstraction:NeighborOf,reactome:ProteinReference1023
reactome:ProteinReference6139,abstraction:NeighborOf,reactome:ProteinReference7001
reactome:ProteinReference5907,abstraction:NeighborOf,reactome:ProteinReference8950
reactome:ProteinReference10389,abstraction:NeighborOf,reactome:ProteinReference1808
reactome:ProteinReference5329,abstraction:NeighborOf,reactome:ProteinReference5335
reactome:ProteinReference3083,abstraction:NeighborOf,reactome:ProteinReference3198
reactome:ProteinReference74,abstraction:NeighborOf,reactome:ProteinReference75
reactome:ProteinReference8651,abstraction:NeighborOf,reactome:ProteinReference8716
reactome:ProteinReference8686,abstraction:NeighborOf,reactome:ProteinReference8753
reactome:ProteinReference3039,abstraction:NeighborOf,reactome:ProteinReference5510
reactome:ProteinReference1737,abstraction:NeighborOf,reactome:ProteinReference4488
reactome:ProteinReference1098,abstraction:NeighborOf,reactome:ProteinReference1102
reactome:ProteinReference4691,abstraction:NeighborOf,reactome:ProteinReference4696
reactome:ProteinReference2447,abstraction:NeighborOf,reactome:ProteinReference2474
reactome:ProteinReference2851,abstraction:NeighborOf,reactome:ProteinReference2852
reactome:ProteinReference10573,abstraction:NeighborOf,reactome:ProteinReference10663
reactome:ProteinReference8678,abstraction:NeighborOf,reactome:ProteinReference8704
reactome:ProteinReference8658,abstraction:NeighborOf,reactome:ProteinReference8672
reactome:ProteinReference6815,abstraction:NeighborOf,reactome:ProteinReference7904
reactome:ProteinReference3087,abstraction:NeighborOf,reactome:ProteinReference3234
reactome:ProteinReference8650,abstraction:NeighborOf,reactome:ProteinReference8672
reactome:ProteinReference3211,abstraction:NeighborOf,reactome:ProteinReference3221
reactome:ProteinReference2876,abstraction:NeighborOf,reactome:ProteinReference2995
reactome:ProteinReference8726,abstraction:NeighborOf,reactome:ProteinReference8733
reactome:ProteinReference2926,abstraction:NeighborOf,reactome:ProteinReference2931
reactome:ProteinReference1061,abstraction:NeighborOf,reactome:ProteinReference1736
reactome:ProteinReference1054,abstraction:NeighborOf,reactome:ProteinReference5907
reactome:ProteinReference5156,abstraction:NeighborOf,reactome:ProteinReference5390
reactome:ProteinReference1814,abstraction:NeighborOf,reactome:ProteinReference5356
reactome:ProteinReference8649,abstraction:NeighborOf,reactome:ProteinReference8705
reactome:ProteinReference2828,abstraction:NeighborOf,reactome:ProteinReference2995
reactome:ProteinReference3364,abstraction:NeighborOf,reactome:ProteinReference5957
reactome:ProteinReference1108,abstraction:NeighborOf,reactome:ProteinReference1119
reactome:ProteinReference2832,abstraction:NeighborOf,reactome:ProteinReference2995
reactome:ProteinReference1067,abstraction:NeighborOf,reactome:ProteinReference1088
reactome:ProteinReference9763,abstraction:NeighborOf,reactome:ProteinReference9767
reactome:ProteinReference2475,abstraction:NeighborOf,reactome:ProteinReference3201
reactome:ProteinReference2962,abstraction:NeighborOf,reactome:ProteinReference2972
reactome:ProteinReference8662,abstraction:NeighborOf,reactome:ProteinReference8678
reactome:ProteinReference10691,abstraction:NeighborOf,reactome:ProteinReference5675
reactome:ProteinReference6759,abstraction:NeighborOf,reactome:ProteinReference8646
reactome:ProteinReference2960,abstraction:NeighborOf,reactome:ProteinReference2963
reactome:ProteinReference8661,abstraction:NeighborOf,reactome:ProteinReference8665
reactome:ProteinReference11434,abstraction:NeighborOf,reactome:ProteinReference235
reactome:ProteinReference2987,abstraction:NeighborOf,reactome:ProteinReference2993
reactome:ProteinReference2833,abstraction:NeighborOf,reactome:ProteinReference3037
reactome:ProteinReference11433,abstraction:NeighborOf,reactome:ProteinReference1798
reactome:ProteinReference7136,abstraction:NeighborOf,reactome:ProteinReference7137
reactome:ProteinReference1480,abstraction:NeighborOf,reactome:ProteinReference1481
reactome:ProteinReference8668,abstraction:NeighborOf,reactome:ProteinReference8686
reactome:ProteinReference283,abstraction:NeighborOf,reactome:ProteinReference6536
reactome:ProteinReference9021,abstraction:NeighborOf,reactome:ProteinReference9024
reactome:ProteinReference2860,abstraction:NeighborOf,reactome:ProteinReference2935
reactome:ProteinReference6229,abstraction:NeighborOf,reactome:ProteinReference6230
reactome:ProteinReference2852,abstraction:NeighborOf,reactome:ProteinReference2874
reactome:ProteinReference9760,abstraction:NeighborOf,reactome:ProteinReference9768
reactome:ProteinReference4440,abstraction:NeighborOf,reactome:ProteinReference9746
reactome:ProteinReference3928,abstraction:NeighborOf,reactome:ProteinReference659
reactome:ProteinReference8689,abstraction:NeighborOf,reactome:ProteinReference8697
reactome:ProteinReference2875,abstraction:NeighborOf,reactome:ProteinReference2927
reactome:ProteinReference2932,abstraction:NeighborOf,reactome:ProteinReference2936
reactome:ProteinReference5129,abstraction:NeighborOf,reactome:ProteinReference5131
reactome:ProteinReference5635,abstraction:NeighborOf,reactome:ProteinReference6360
reactome:ProteinReference5296,abstraction:NeighborOf,reactome:ProteinReference73
reactome:ProteinReference8653,abstraction:NeighborOf,reactome:ProteinReference8687
reactome:ProteinReference6256,abstraction:NeighborOf,reactome:ProteinReference8922
reactome:ProteinReference2446,abstraction:NeighborOf,reactome:ProteinReference3201
reactome:ProteinReference7839,abstraction:NeighborOf,reactome:ProteinReference9136
reactome:ProteinReference9957,abstraction:NeighborOf,reactome:ProteinReference9958
reactome:ProteinReference348,abstraction:NeighborOf,reactome:ProteinReference7079
reactome:ProteinReference4501,abstraction:NeighborOf,reactome:ProteinReference9024
reactome:ProteinReference3215,abstraction:NeighborOf,reactome:ProteinReference3221
reactome:ProteinReference2813,abstraction:NeighborOf,reactome:ProteinReference2930
reactome:ProteinReference8670,abstraction:NeighborOf,reactome:ProteinReference8681
reactome:ProteinReference1061,abstraction:NeighborOf,reactome:ProteinReference1123
reactome:ProteinReference10686,abstraction:NeighborOf,reactome:ProteinReference10689
reactome:ProteinReference2903,abstraction:NeighborOf,reactome:ProteinReference2931
reactome:ProteinReference6904,abstraction:NeighborOf,reactome:ProteinReference8637
reactome:ProteinReference3682,abstraction:NeighborOf,reactome:ProteinReference3697
reactome:ProteinReference8638,abstraction:NeighborOf,reactome:ProteinReference8642
reactome:ProteinReference2970,abstraction:NeighborOf,reactome:ProteinReference8894
reactome:ProteinReference2989,abstraction:NeighborOf,reactome:ProteinReference3004
reactome:ProteinReference1953,abstraction:NeighborOf,reactome:ProteinReference1954
reactome:ProteinReference8674,abstraction:NeighborOf,reactome:ProteinReference8717
reactome:ProteinReference8748,abstraction:NeighborOf,reactome:ProteinReference8758
reactome:ProteinReference8653,abstraction:NeighborOf,reactome:ProteinReference8680
reactome:ProteinReference8646,abstraction:NeighborOf,reactome:ProteinReference8692
reactome:ProteinReference4696,abstraction:NeighborOf,reactome:ProteinReference8303
reactome:ProteinReference8661,abstraction:NeighborOf,reactome:ProteinReference8681
reactome:ProteinReference8675,abstraction:NeighborOf,reactome:ProteinReference8705
reactome:ProteinReference1950,abstraction:NeighborOf,reactome:ProteinReference1955
reactome:ProteinReference1935,abstraction:NeighborOf,reactome:ProteinReference1936
reactome:ProteinReference1736,abstraction:NeighborOf,reactome:ProteinReference4481
reactome:ProteinReference5234,abstraction:NeighborOf,reactome:ProteinReference6021
reactome:ProteinReference2971,abstraction:NeighborOf,reactome:ProteinReference2993
reactome:ProteinReference2461,abstraction:NeighborOf,reactome:ProteinReference2468
reactome:ProteinReference3569,abstraction:NeighborOf,reactome:ProteinReference659
reactome:ProteinReference8651,abstraction:NeighborOf,reactome:ProteinReference8725
reactome:ProteinReference8696,abstraction:NeighborOf,reactome:ProteinReference8733
reactome:ProteinReference8718,abstraction:NeighborOf,reactome:ProteinReference8726
reactome:ProteinReference8656,abstraction:NeighborOf,reactome:ProteinReference8674
reactome:ProteinReference1112,abstraction:NeighborOf,reactome:ProteinReference1113
reactome:ProteinReference6943,abstraction:NeighborOf,reactome:ProteinReference9675
reactome:ProteinReference2898,abstraction:NeighborOf,reactome:ProteinReference2913
reactome:ProteinReference1799,abstraction:NeighborOf,reactome:ProteinReference5156
reactome:ProteinReference4777,abstraction:NeighborOf,reactome:ProteinReference9721
reactome:ProteinReference3030,abstraction:NeighborOf,reactome:ProteinReference3033
reactome:ProteinReference8643,abstraction:NeighborOf,reactome:ProteinReference8648
reactome:ProteinReference8568,abstraction:NeighborOf,reactome:ProteinReference8574
reactome:ProteinReference2932,abstraction:NeighborOf,reactome:ProteinReference2982
reactome:ProteinReference11470,abstraction:NeighborOf,reactome:ProteinReference6794
reactome:ProteinReference2926,abstraction:NeighborOf,reactome:ProteinReference3204
reactome:ProteinReference2167,abstraction:NeighborOf,reactome:ProteinReference9709
reactome:ProteinReference5382,abstraction:NeighborOf,reactome:ProteinReference5385
reactome:ProteinReference3019,abstraction:NeighborOf,reactome:ProteinReference3020
reactome:ProteinReference6291,abstraction:NeighborOf,reactome:ProteinReference9365
reactome:ProteinReference10866,abstraction:NeighborOf,reactome:ProteinReference10867
reactome:ProteinReference1527,abstraction:NeighborOf,reactome:ProteinReference1528
reactome:ProteinReference8765,abstraction:NeighborOf,reactome:ProteinReference8767
reactome:ProteinReference5127,abstraction:NeighborOf,reactome:ProteinReference5131
reactome:ProteinReference1064,abstraction:NeighborOf,reactome:ProteinReference1067
reactome:ProteinReference10821,abstraction:NeighborOf,reactome:ProteinReference7604
reactome:ProteinReference8692,abstraction:NeighborOf,reactome:ProteinReference8727
reactome:ProteinReference8649,abstraction:NeighborOf,reactome:ProteinReference8730
reactome:ProteinReference4979,abstraction:NeighborOf,reactome:ProteinReference4980
reactome:ProteinReference8713,abstraction:NeighborOf,reactome:ProteinReference8715
reactome:ProteinReference4122,abstraction:NeighborOf,reactome:ProteinReference6244
reactome:ProteinReference8723,abstraction:NeighborOf,reactome:ProteinReference8727
reactome:ProteinReference10686,abstraction:NeighborOf,reactome:ProteinReference5675
reactome:ProteinReference8702,abstraction:NeighborOf,reactome:ProteinReference8737
reactome:ProteinReference8530,abstraction:NeighborOf,reactome:ProteinReference8531
reactome:ProteinReference6773,abstraction:NeighborOf,reactome:ProteinReference9707
reactome:ProteinReference8649,abstraction:NeighborOf,reactome:ProteinReference8712
reactome:ProteinReference10475,abstraction:NeighborOf,reactome:ProteinReference8601
reactome:ProteinReference3198,abstraction:NeighborOf,reactome:ProteinReference3200
reactome:ProteinReference5211,abstraction:NeighborOf,reactome:ProteinReference5214
reactome:ProteinReference8696,abstraction:NeighborOf,reactome:ProteinReference8698
reactome:ProteinReference2911,abstraction:NeighborOf,reactome:ProteinReference2956
reactome:ProteinReference1092,abstraction:NeighborOf,reactome:ProteinReference1122
reactome:ProteinReference1800,abstraction:NeighborOf,reactome:ProteinReference283
reactome:ProteinReference6185,abstraction:NeighborOf,reactome:ProteinReference8182
reactome:ProteinReference10831,abstraction:NeighborOf,reactome:ProteinReference5190
reactome:ProteinReference8998,abstraction:NeighborOf,reactome:ProteinReference8999
reactome:ProteinReference1736,abstraction:NeighborOf,reactome:ProteinReference4488
reactome:ProteinReference8995,abstraction:NeighborOf,reactome:ProteinReference8998
reactome:ProteinReference2876,abstraction:NeighborOf,reactome:ProteinReference2991
reactome:ProteinReference8668,abstraction:NeighborOf,reactome:ProteinReference8757
reactome:ProteinReference8705,abstraction:NeighborOf,reactome:ProteinReference8720
reactome:ProteinReference8670,abstraction:NeighborOf,reactome:ProteinReference8698
reactome:ProteinReference8644,abstraction:NeighborOf,reactome:ProteinReference8749
reactome:ProteinReference2462,abstraction:NeighborOf,reactome:ProteinReference2474
reactome:ProteinReference3099,abstraction:NeighborOf,reactome:ProteinReference3101
reactome:ProteinReference3235,abstraction:NeighborOf,reactome:ProteinReference4504
reactome:ProteinReference2861,abstraction:NeighborOf,reactome:ProteinReference2901
reactome:ProteinReference8645,abstraction:NeighborOf,reactome:ProteinReference8649
reactome:ProteinReference1095,abstraction:NeighborOf,reactome:ProteinReference1107
reactome:ProteinReference6162,abstraction:NeighborOf,reactome:ProteinReference8734
reactome:ProteinReference4584,abstraction:NeighborOf,reactome:ProteinReference8202
reactome:ProteinReference8753,abstraction:NeighborOf,reactome:ProteinReference8757
reactome:ProteinReference8667,abstraction:NeighborOf,reactome:ProteinReference8674
reactome:ProteinReference6508,abstraction:NeighborOf,reactome:ProteinReference6516
reactome:ProteinReference8678,abstraction:NeighborOf,reactome:ProteinReference8705
reactome:ProteinReference8709,abstraction:NeighborOf,reactome:ProteinReference8722
reactome:ProteinReference3067,abstraction:NeighborOf,reactome:ProteinReference9704
reactome:ProteinReference1061,abstraction:NeighborOf,reactome:ProteinReference4402
reactome:ProteinReference8714,abstraction:NeighborOf,reactome:ProteinReference8733
reactome:ProteinReference442,abstraction:NeighborOf,reactome:ProteinReference5532
reactome:ProteinReference2957,abstraction:NeighborOf,reactome:ProteinReference2988
reactome:ProteinReference8701,abstraction:NeighborOf,reactome:ProteinReference8704
reactome:ProteinReference4582,abstraction:NeighborOf,reactome:ProteinReference8896
reactome:ProteinReference1773,abstraction:NeighborOf,reactome:ProteinReference1803
reactome:ProteinReference8692,abstraction:NeighborOf,reactome:ProteinReference8732
reactome:ProteinReference4385,abstraction:NeighborOf,reactome:ProteinReference4701
reactome:ProteinReference2852,abstraction:NeighborOf,reactome:ProteinReference2872
reactome:ProteinReference2851,abstraction:NeighborOf,reactome:ProteinReference3004
reactome:ProteinReference10386,abstraction:NeighborOf,reactome:ProteinReference4387
reactome:ProteinReference8704,abstraction:NeighborOf,reactome:ProteinReference8733
reactome:ProteinReference2788,abstraction:NeighborOf,reactome:ProteinReference9955
reactome:ProteinReference8789,abstraction:NeighborOf,reactome:ProteinReference9703
reactome:ProteinReference5004,abstraction:NeighborOf,reactome:ProteinReference7597
reactome:ProteinReference8723,abstraction:NeighborOf,reactome:ProteinReference8732
reactome:ProteinReference8702,abstraction:NeighborOf,reactome:ProteinReference8716
reactome:ProteinReference6759,abstraction:NeighborOf,reactome:ProteinReference8666
reactome:ProteinReference6759,abstraction:NeighborOf,reactome:ProteinReference8721
reactome:ProteinReference8637,abstraction:NeighborOf,reactome:ProteinReference8912
reactome:ProteinReference2926,abstraction:NeighborOf,reactome:ProteinReference3159
reactome:ProteinReference2929,abstraction:NeighborOf,reactome:ProteinReference2931
reactome:ProteinReference8665,abstraction:NeighborOf,reactome:ProteinReference8675
reactome:ProteinReference10781,abstraction:NeighborOf,reactome:ProteinReference7660
reactome:ProteinReference2822,abstraction:NeighborOf,reactome:ProteinReference2833
reactome:ProteinReference2469,abstraction:NeighborOf,reactome:ProteinReference2471
reactome:ProteinReference2927,abstraction:NeighborOf,reactome:ProteinReference2958
reactome:ProteinReference8666,abstraction:NeighborOf,reactome:ProteinReference8734
reactome:ProteinReference4515,abstraction:NeighborOf,reactome:ProteinReference9020
reactome:ProteinReference5292,abstraction:NeighborOf,reactome:ProteinReference5300
reactome:ProteinReference1023,abstraction:NeighborOf,reactome:ProteinReference5763
reactome:ProteinReference4422,abstraction:NeighborOf,reactome:ProteinReference5308
reactome:ProteinReference8649,abstraction:NeighborOf,reactome:ProteinReference8711
reactome:ProteinReference8675,abstraction:NeighborOf,reactome:ProteinReference8712
reactome:ProteinReference8711,abstraction:NeighborOf,reactome:ProteinReference8719
reactome:ProteinReference2167,abstraction:NeighborOf,reactome:ProteinReference9707
reactome:ProteinReference3072,abstraction:NeighborOf,reactome:ProteinReference3698
reactome:ProteinReference8645,abstraction:NeighborOf,reactome:ProteinReference8704
reactome:ProteinReference8899,abstraction:NeighborOf,reactome:ProteinReference8976
reactome:ProteinReference11272,abstraction:NeighborOf,reactome:ProteinReference3477
reactome:ProteinReference1061,abstraction:NeighborOf,reactome:ProteinReference1351
reactome:ProteinReference7669,abstraction:NeighborOf,reactome:ProteinReference7670
reactome:ProteinReference6759,abstraction:NeighborOf,reactome:ProteinReference8717
reactome:ProteinReference2932,abstraction:NeighborOf,reactome:ProteinReference2986
reactome:ProteinReference11434,abstraction:NeighborOf,reactome:ProteinReference1802
reactome:ProteinReference3235,abstraction:NeighborOf,reactome:ProteinReference3237
reactome:ProteinReference8647,abstraction:NeighborOf,reactome:ProteinReference8650
reactome:ProteinReference8661,abstraction:NeighborOf,reactome:ProteinReference8709
reactome:ProteinReference10755,abstraction:NeighborOf,reactome:ProteinReference10756
reactome:ProteinReference2900,abstraction:NeighborOf,reactome:ProteinReference3037
reactome:ProteinReference10851,abstraction:NeighborOf,reactome:ProteinReference7604
reactome:ProteinReference10918,abstraction:NeighborOf,reactome:ProteinReference9914
reactome:ProteinReference6797,abstraction:NeighborOf,reactome:ProteinReference8603
reactome:ProteinReference2927,abstraction:NeighborOf,reactome:ProteinReference2931
reactome:ProteinReference3055,abstraction:NeighborOf,reactome:ProteinReference3697
reactome:ProteinReference4777,abstraction:NeighborOf,reactome:ProteinReference8789
reactome:ProteinReference8644,abstraction:NeighborOf,reactome:ProteinReference8687
reactome:ProteinReference2979,abstraction:NeighborOf,reactome:ProteinReference2985
reactome:ProteinReference8670,abstraction:NeighborOf,reactome:ProteinReference8722
reactome:ProteinReference3922,abstraction:NeighborOf,reactome:ProteinReference3923
reactome:ProteinReference2873,abstraction:NeighborOf,reactome:ProteinReference2904
reactome:ProteinReference1021,abstraction:NeighborOf,reactome:ProteinReference4543
reactome:ProteinReference2852,abstraction:NeighborOf,reactome:ProteinReference2993
reactome:ProteinReference8689,abstraction:NeighborOf,reactome:ProteinReference8737
reactome:ProteinReference8751,abstraction:NeighborOf,reactome:ProteinReference8757
reactome:ProteinReference8744,abstraction:NeighborOf,reactome:ProteinReference8747
reactome:ProteinReference2833,abstraction:NeighborOf,reactome:ProteinReference2900
reactome:ProteinReference5214,abstraction:NeighborOf,reactome:ProteinReference9751
reactome:ProteinReference10473,abstraction:NeighborOf,reactome:ProteinReference10476
reactome:ProteinReference9758,abstraction:NeighborOf,reactome:ProteinReference9768
reactome:ProteinReference5292,abstraction:NeighborOf,reactome:ProteinReference5304
reactome:ProteinReference10382,abstraction:NeighborOf,reactome:ProteinReference6943
reactome:ProteinReference8646,abstraction:NeighborOf,reactome:ProteinReference8658
reactome:ProteinReference8995,abstraction:NeighborOf,reactome:ProteinReference8996
reactome:ProteinReference6268,abstraction:NeighborOf,reactome:ProteinReference665
reactome:ProteinReference3930,abstraction:NeighborOf,reactome:ProteinReference659
reactome:ProteinReference6510,abstraction:NeighborOf,reactome:ProteinReference6516
reactome:ProteinReference8661,abstraction:NeighborOf,reactome:ProteinReference8722
reactome:ProteinReference8704,abstraction:NeighborOf,reactome:ProteinReference8706
reactome:ProteinReference11427,abstraction:NeighborOf,reactome:ProteinReference11434
reactome:ProteinReference8724,abstraction:NeighborOf,reactome:ProteinReference8737
reactome:ProteinReference1061,abstraction:NeighborOf,reactome:ProteinReference7826
reactome:ProteinReference8686,abstraction:NeighborOf,reactome:ProteinReference8766
reactome:ProteinReference2850,abstraction:NeighborOf,reactome:ProteinReference3338
reactome:ProteinReference1092,abstraction:NeighborOf,reactome:ProteinReference1100
reactome:ProteinReference2851,abstraction:NeighborOf,reactome:ProteinReference2860
reactome:ProteinReference10687,abstraction:NeighborOf,reactome:ProteinReference10691
reactome:ProteinReference5330,abstraction:NeighborOf,reactome:ProteinReference5335
reactome:ProteinReference8665,abstraction:NeighborOf,reactome:ProteinReference8690
reactome:ProteinReference8669,abstraction:NeighborOf,reactome:ProteinReference8680
reactome:ProteinReference8644,abstraction:NeighborOf,reactome:ProteinReference8680
reactome:ProteinReference2861,abstraction:NeighborOf,reactome:ProteinReference2898
reactome:ProteinReference8647,abstraction:NeighborOf,reactome:ProteinReference8675
reactome:ProteinReference2972,abstraction:NeighborOf,reactome:ProteinReference2981
reactome:ProteinReference1058,abstraction:NeighborOf,reactome:ProteinReference1091
reactome:ProteinReference8704,abstraction:NeighborOf,reactome:ProteinReference8713
reactome:ProteinReference1021,abstraction:NeighborOf,reactome:ProteinReference4657
reactome:ProteinReference8649,abstraction:NeighborOf,reactome:ProteinReference8707
reactome:ProteinReference3850,abstraction:NeighborOf,reactome:ProteinReference4887
reactome:ProteinReference4776,abstraction:NeighborOf,reactome:ProteinReference72
reactome:ProteinReference6162,abstraction:NeighborOf,reactome:ProteinReference8718
reactome:ProteinReference8715,abstraction:NeighborOf,reactome:ProteinReference8719
reactome:ProteinReference10408,abstraction:NeighborOf,reactome:ProteinReference8950
reactome:ProteinReference3946,abstraction:NeighborOf,reactome:ProteinReference4146
reactome:ProteinReference8678,abstraction:NeighborOf,reactome:ProteinReference8730
reactome:ProteinReference1107,abstraction:NeighborOf,reactome:ProteinReference1113
reactome:ProteinReference10564,abstraction:NeighborOf,reactome:ProteinReference9058
reactome:ProteinReference5942,abstraction:NeighborOf,reactome:ProteinReference6177
reactome:ProteinReference1096,abstraction:NeighborOf,reactome:ProteinReference1121
reactome:ProteinReference2847,abstraction:NeighborOf,reactome:ProteinReference4204
reactome:ProteinReference8665,abstraction:NeighborOf,reactome:ProteinReference8746
reactome:ProteinReference2468,abstraction:NeighborOf,reactome:ProteinReference3181
reactome:ProteinReference8716,abstraction:NeighborOf,reactome:ProteinReference8737
reactome:ProteinReference9763,abstraction:NeighborOf,reactome:ProteinReference9769
reactome:ProteinReference8689,abstraction:NeighborOf,reactome:ProteinReference8716
reactome:ProteinReference8702,abstraction:NeighborOf,reactome:ProteinReference8725
reactome:ProteinReference3039,abstraction:NeighborOf,reactome:ProteinReference6859
reactome:ProteinReference6244,abstraction:NeighborOf,reactome:ProteinReference6259
reactome:ProteinReference3067,abstraction:NeighborOf,reactome:ProteinReference9702
reactome:ProteinReference8712,abstraction:NeighborOf,reactome:ProteinReference8734
reactome:ProteinReference2938,abstraction:NeighborOf,reactome:ProteinReference2956
reactome:ProteinReference6185,abstraction:NeighborOf,reactome:ProteinReference7894
reactome:ProteinReference1098,abstraction:NeighborOf,reactome:ProteinReference1112
reactome:ProteinReference2446,abstraction:NeighborOf,reactome:ProteinReference2454
reactome:ProteinReference8678,abstraction:NeighborOf,reactome:ProteinReference8712
reactome:ProteinReference3846,abstraction:NeighborOf,reactome:ProteinReference3854
reactome:ProteinReference8702,abstraction:NeighborOf,reactome:ProteinReference8708
reactome:ProteinReference2913,abstraction:NeighborOf,reactome:ProteinReference2935
reactome:ProteinReference2281,abstraction:NeighborOf,reactome:ProteinReference2286
reactome:ProteinReference6147,abstraction:NeighborOf,reactome:ProteinReference6153
reactome:ProteinReference2851,abstraction:NeighborOf,reactome:ProteinReference2858
reactome:ProteinReference2852,abstraction:NeighborOf,reactome:ProteinReference2854
reactome:ProteinReference4499,abstraction:NeighborOf,reactome:ProteinReference9096
reactome:ProteinReference1579,abstraction:NeighborOf,reactome:ProteinReference4497
reactome:ProteinReference661,abstraction:NeighborOf,reactome:ProteinReference662
reactome:ProteinReference2905,abstraction:NeighborOf,reactome:ProteinReference2931
reactome:ProteinReference6932,abstraction:NeighborOf,reactome:ProteinReference7526
reactome:ProteinReference2986,abstraction:NeighborOf,reactome:ProteinReference2995
reactome:ProteinReference8666,abstraction:NeighborOf,reactome:ProteinReference8718
reactome:ProteinReference6147,abstraction:NeighborOf,reactome:ProteinReference6267
reactome:ProteinReference1773,abstraction:NeighborOf,reactome:ProteinReference5153
reactome:ProteinReference8645,abstraction:NeighborOf,reactome:ProteinReference8659
reactome:ProteinReference4414,abstraction:NeighborOf,reactome:ProteinReference7574
reactome:ProteinReference8721,abstraction:NeighborOf,reactome:ProteinReference8734
reactome:ProteinReference10562,abstraction:NeighborOf,reactome:ProteinReference10563
reactome:ProteinReference2853,abstraction:NeighborOf,reactome:ProteinReference2858
reactome:ProteinReference9759,abstraction:NeighborOf,reactome:ProteinReference9767
reactome:ProteinReference2957,abstraction:NeighborOf,reactome:ProteinReference2960
reactome:ProteinReference6759,abstraction:NeighborOf,reactome:ProteinReference8697
reactome:ProteinReference6136,abstraction:NeighborOf,reactome:ProteinReference6147
reactome:ProteinReference8701,abstraction:NeighborOf,reactome:ProteinReference8705
reactome:ProteinReference8756,abstraction:NeighborOf,reactome:ProteinReference8760
reactome:ProteinReference11256,abstraction:NeighborOf,reactome:ProteinReference3100
reactome:ProteinReference8662,abstraction:NeighborOf,reactome:ProteinReference8692
reactome:ProteinReference8646,abstraction:NeighborOf,reactome:ProteinReference8719
reactome:ProteinReference3487,abstraction:NeighborOf,reactome:ProteinReference5450
reactome:ProteinReference2993,abstraction:NeighborOf,reactome:ProteinReference2997
reactome:ProteinReference1061,abstraction:NeighborOf,reactome:ProteinReference1089
reactome:ProteinReference69,abstraction:NeighborOf,reactome:ProteinReference70
reactome:ProteinReference10760,abstraction:NeighborOf,reactome:ProteinReference10761
reactome:ProteinReference10405,abstraction:NeighborOf,reactome:ProteinReference10563
reactome:ProteinReference10437,abstraction:NeighborOf,reactome:ProteinReference7589
reactome:ProteinReference5306,abstraction:NeighborOf,reactome:ProteinReference5307
reactome:ProteinReference10776,abstraction:NeighborOf,reactome:ProteinReference10782
reactome:ProteinReference2973,abstraction:NeighborOf,reactome:ProteinReference2996
reactome:ProteinReference8698,abstraction:NeighborOf,reactome:ProteinReference8722
reactome:ProteinReference8651,abstraction:NeighborOf,reactome:ProteinReference8670
reactome:ProteinReference8565,abstraction:NeighborOf,reactome:ProteinReference9747
reactome:ProteinReference1958,abstraction:NeighborOf,reactome:ProteinReference1959
reactome:ProteinReference1736,abstraction:NeighborOf,reactome:ProteinReference5328
reactome:ProteinReference6358,abstraction:NeighborOf,reactome:ProteinReference6359
reactome:ProteinReference4700,abstraction:NeighborOf,reactome:ProteinReference4701
reactome:ProteinReference4460,abstraction:NeighborOf,reactome:ProteinReference4461
reactome:ProteinReference2982,abstraction:NeighborOf,reactome:ProteinReference2992
reactome:ProteinReference5296,abstraction:NeighborOf,reactome:ProteinReference5300
reactome:ProteinReference4497,abstraction:NeighborOf,reactome:ProteinReference5063
reactome:ProteinReference8678,abstraction:NeighborOf,reactome:ProteinReference8711
reactome:ProteinReference9712,abstraction:NeighborOf,reactome:ProteinReference9720
reactome:ProteinReference1094,abstraction:NeighborOf,reactome:ProteinReference1107
reactome:ProteinReference8656,abstraction:NeighborOf,reactome:ProteinReference8660
reactome:ProteinReference4776,abstraction:NeighborOf,reactome:ProteinReference4778
reactome:ProteinReference2987,abstraction:NeighborOf,reactome:ProteinReference3003
reactome:ProteinReference8686,abstraction:NeighborOf,reactome:ProteinReference8748
reactome:ProteinReference8724,abstraction:NeighborOf,reactome:ProteinReference8735
reactome:ProteinReference502,abstraction:NeighborOf,reactome:ProteinReference5507
reactome:ProteinReference2960,abstraction:NeighborOf,reactome:ProteinReference2971
reactome:ProteinReference4767,abstraction:NeighborOf,reactome:ProteinReference4768
reactome:ProteinReference1088,abstraction:NeighborOf,reactome:ProteinReference7589
reactome:ProteinReference1092,abstraction:NeighborOf,reactome:ProteinReference1108
reactome:ProteinReference6162,abstraction:NeighborOf,reactome:ProteinReference8667
reactome:ProteinReference2981,abstraction:NeighborOf,reactome:ProteinReference3014
reactome:ProteinReference11036,abstraction:NeighborOf,reactome:ProteinReference11037
reactome:ProteinReference8645,abstraction:NeighborOf,reactome:ProteinReference8705
reactome:ProteinReference4467,abstraction:NeighborOf,reactome:ProteinReference8614
reactome:ProteinReference4567,abstraction:NeighborOf,reactome:ProteinReference8994
reactome:ProteinReference1736,abstraction:NeighborOf,reactome:ProteinReference4416
reactome:ProteinReference3207,abstraction:NeighborOf,reactome:ProteinReference3212
reactome:ProteinReference10478,abstraction:NeighborOf,reactome:ProteinReference10479
reactome:ProteinReference8692,abstraction:NeighborOf,reactome:ProteinReference8720
reactome:ProteinReference8689,abstraction:NeighborOf,reactome:ProteinReference8725
reactome:ProteinReference431,abstraction:NeighborOf,reactome:ProteinReference4887
reactome:ProteinReference5709,abstraction:NeighborOf,reactome:ProteinReference6250
reactome:ProteinReference1096,abstraction:NeighborOf,reactome:ProteinReference1113
reactome:ProteinReference8676,abstraction:NeighborOf,reactome:ProteinReference8679
reactome:ProteinReference8657,abstraction:NeighborOf,reactome:ProteinReference8667
reactome:ProteinReference7551,abstraction:NeighborOf,reactome:ProteinReference9921
reactome:ProteinReference10451,abstraction:NeighborOf,reactome:ProteinReference6855
reactome:ProteinReference10755,abstraction:NeighborOf,reactome:ProteinReference10758
reactome:ProteinReference8689,abstraction:NeighborOf,reactome:ProteinReference8708
reactome:ProteinReference3159,abstraction:NeighborOf,reactome:ProteinReference3195
reactome:ProteinReference5295,abstraction:NeighborOf,reactome:ProteinReference5300
reactome:ProteinReference8789,abstraction:NeighborOf,reactome:ProteinReference9713
reactome:ProteinReference5296,abstraction:NeighborOf,reactome:ProteinReference5304
reactome:ProteinReference8712,abstraction:NeighborOf,reactome:ProteinReference8718
reactome:ProteinReference390,abstraction:NeighborOf,reactome:ProteinReference6183
reactome:ProteinReference8642,abstraction:NeighborOf,reactome:ProteinReference8747
reactome:ProteinReference10777,abstraction:NeighborOf,reactome:ProteinReference7662
reactome:ProteinReference5316,abstraction:NeighborOf,reactome:ProteinReference5320
reactome:ProteinReference6342,abstraction:NeighborOf,reactome:ProteinReference6343
reactome:ProteinReference8651,abstraction:NeighborOf,reactome:ProteinReference8678
reactome:ProteinReference8648,abstraction:NeighborOf,reactome:ProteinReference8667
reactome:ProteinReference8907,abstraction:NeighborOf,reactome:ProteinReference8925
reactome:ProteinReference5400,abstraction:NeighborOf,reactome:ProteinReference5401
reactome:ProteinReference8568,abstraction:NeighborOf,reactome:ProteinReference8570
reactome:ProteinReference8779,abstraction:NeighborOf,reactome:ProteinReference8783
reactome:ProteinReference2859,abstraction:NeighborOf,reactome:ProteinReference2874
reactome:ProteinReference7673,abstraction:NeighborOf,reactome:ProteinReference7674
reactome:ProteinReference9079,abstraction:NeighborOf,reactome:ProteinReference9097
reactome:ProteinReference2926,abstraction:NeighborOf,reactome:ProteinReference2930
reactome:ProteinReference8637,abstraction:NeighborOf,reactome:ProteinReference8783
reactome:ProteinReference6162,abstraction:NeighborOf,reactome:ProteinReference8696
reactome:ProteinReference8760,abstraction:NeighborOf,reactome:ProteinReference8766
reactome:ProteinReference2898,abstraction:NeighborOf,reactome:ProteinReference2932
reactome:ProteinReference10769,abstraction:NeighborOf,reactome:ProteinReference10771
reactome:ProteinReference6292,abstraction:NeighborOf,reactome:ProteinReference9367
reactome:ProteinReference8656,abstraction:NeighborOf,reactome:ProteinReference8673
reactome:ProteinReference2454,abstraction:NeighborOf,reactome:ProteinReference2465
reactome:ProteinReference10731,abstraction:NeighborOf,reactome:ProteinReference10732
reactome:ProteinReference8678,abstraction:NeighborOf,reactome:ProteinReference8707
reactome:ProteinReference7653,abstraction:NeighborOf,reactome:ProteinReference7654
reactome:ProteinReference8646,abstraction:NeighborOf,reactome:ProteinReference8679
reactome:ProteinReference2932,abstraction:NeighborOf,reactome:ProteinReference2973
reactome:ProteinReference8674,abstraction:NeighborOf,reactome:ProteinReference8716
reactome:ProteinReference8656,abstraction:NeighborOf,reactome:ProteinReference8657
reactome:ProteinReference8671,abstraction:NeighborOf,reactome:ProteinReference8720
reactome:ProteinReference11417,abstraction:NeighborOf,reactome:ProteinReference6566
reactome:ProteinReference8716,abstraction:NeighborOf,reactome:ProteinReference8725
reactome:ProteinReference3733,abstraction:NeighborOf,reactome:ProteinReference3939
reactome:ProteinReference2822,abstraction:NeighborOf,reactome:ProteinReference2900
reactome:ProteinReference8652,abstraction:NeighborOf,reactome:ProteinReference8675
reactome:ProteinReference8747,abstraction:NeighborOf,reactome:ProteinReference8766
reactome:ProteinReference4192,abstraction:NeighborOf,reactome:ProteinReference8907
reactome:ProteinReference8668,abstraction:NeighborOf,reactome:ProteinReference8749
reactome:ProteinReference10852,abstraction:NeighborOf,reactome:ProteinReference5155
reactome:ProteinReference5304,abstraction:NeighborOf,reactome:ProteinReference5307
reactome:ProteinReference2971,abstraction:NeighborOf,reactome:ProteinReference3003
reactome:ProteinReference1113,abstraction:NeighborOf,reactome:ProteinReference1115
reactome:ProteinReference1061,abstraction:NeighborOf,reactome:ProteinReference2947
reactome:ProteinReference2974,abstraction:NeighborOf,reactome:ProteinReference2983
reactome:ProteinReference1905,abstraction:NeighborOf,reactome:ProteinReference1907
reactome:ProteinReference11381,abstraction:NeighborOf,reactome:ProteinReference6508
reactome:ProteinReference2961,abstraction:NeighborOf,reactome:ProteinReference2983
reactome:ProteinReference1936,abstraction:NeighborOf,reactome:ProteinReference1937
reactome:ProteinReference10473,abstraction:NeighborOf,reactome:ProteinReference10475
reactome:ProteinReference1905,abstraction:NeighborOf,reactome:ProteinReference1933
reactome:ProteinReference5726,abstraction:NeighborOf,reactome:ProteinReference9548
reactome:ProteinReference3543,abstraction:NeighborOf,reactome:ProteinReference5765
reactome:ProteinReference10350,abstraction:NeighborOf,reactome:ProteinReference11013
reactome:ProteinReference3203,abstraction:NeighborOf,reactome:ProteinReference3204
reactome:ProteinReference5570,abstraction:NeighborOf,reactome:ProteinReference5763
reactome:ProteinReference5514,abstraction:NeighborOf,reactome:ProteinReference6678
reactome:ProteinReference8701,abstraction:NeighborOf,reactome:ProteinReference8712
reactome:ProteinReference2473,abstraction:NeighborOf,reactome:ProteinReference3181
reactome:ProteinReference2812,abstraction:NeighborOf,reactome:ProteinReference3050
reactome:ProteinReference8666,abstraction:NeighborOf,reactome:ProteinReference8696
reactome:ProteinReference175,abstraction:NeighborOf,reactome:ProteinReference8794
reactome:ProteinReference2852,abstraction:NeighborOf,reactome:ProteinReference2987
reactome:ProteinReference6773,abstraction:NeighborOf,reactome:ProteinReference9715
reactome:ProteinReference5136,abstraction:NeighborOf,reactome:ProteinReference5277
reactome:ProteinReference6229,abstraction:NeighborOf,reactome:ProteinReference6232
reactome:ProteinReference10474,abstraction:NeighborOf,reactome:ProteinReference10478
reactome:ProteinReference8697,abstraction:NeighborOf,reactome:ProteinReference8733
reactome:ProteinReference10779,abstraction:NeighborOf,reactome:ProteinReference10783
reactome:ProteinReference6115,abstraction:NeighborOf,reactome:ProteinReference8577
reactome:ProteinReference3067,abstraction:NeighborOf,reactome:ProteinReference9707
reactome:ProteinReference4882,abstraction:NeighborOf,reactome:ProteinReference6435
reactome:ProteinReference1362,abstraction:NeighborOf,reactome:ProteinReference5309
reactome:ProteinReference2987,abstraction:NeighborOf,reactome:ProteinReference3002
reactome:ProteinReference3284,abstraction:NeighborOf,reactome:ProteinReference4497
reactome:ProteinReference2932,abstraction:NeighborOf,reactome:ProteinReference2980
reactome:ProteinReference8699,abstraction:NeighborOf,reactome:ProteinReference8703
reactome:ProteinReference1124,abstraction:NeighborOf,reactome:ProteinReference11254
reactome:ProteinReference2984,abstraction:NeighborOf,reactome:ProteinReference2986
reactome:ProteinReference8762,abstraction:NeighborOf,reactome:ProteinReference8766
reactome:ProteinReference8717,abstraction:NeighborOf,reactome:ProteinReference8718
reactome:ProteinReference5138,abstraction:NeighborOf,reactome:ProteinReference5140
reactome:ProteinReference4148,abstraction:NeighborOf,reactome:ProteinReference4149
reactome:ProteinReference8696,abstraction:NeighborOf,reactome:ProteinReference8726
reactome:ProteinReference8570,abstraction:NeighborOf,reactome:ProteinReference8573
reactome:ProteinReference8660,abstraction:NeighborOf,reactome:ProteinReference8675
reactome:ProteinReference10598,abstraction:NeighborOf,reactome:ProteinReference5963
reactome:ProteinReference9708,abstraction:NeighborOf,reactome:ProteinReference9713
reactome:ProteinReference2981,abstraction:NeighborOf,reactome:ProteinReference2996
reactome:ProteinReference1050,abstraction:NeighborOf,reactome:ProteinReference1524
reactome:ProteinReference6185,abstraction:NeighborOf,reactome:ProteinReference8175
reactome:ProteinReference6162,abstraction:NeighborOf,reactome:ProteinReference8731
reactome:ProteinReference8670,abstraction:NeighborOf,reactome:ProteinReference8726
reactome:ProteinReference2995,abstraction:NeighborOf,reactome:ProteinReference3037
reactome:ProteinReference10580,abstraction:NeighborOf,reactome:ProteinReference3477
reactome:ProteinReference2932,abstraction:NeighborOf,reactome:ProteinReference2933
reactome:ProteinReference11381,abstraction:NeighborOf,reactome:ProteinReference9587
reactome:ProteinReference6652,abstraction:NeighborOf,reactome:ProteinReference6656
reactome:ProteinReference8645,abstraction:NeighborOf,reactome:ProteinReference8712
reactome:ProteinReference8699,abstraction:NeighborOf,reactome:ProteinReference8715
reactome:ProteinReference8709,abstraction:NeighborOf,reactome:ProteinReference8721
reactome:ProteinReference11299,abstraction:NeighborOf,reactome:ProteinReference11302
reactome:ProteinReference8627,abstraction:NeighborOf,reactome:ProteinReference8629
reactome:ProteinReference1736,abstraction:NeighborOf,reactome:ProteinReference4408
reactome:ProteinReference8670,abstraction:NeighborOf,reactome:ProteinReference8680
reactome:ProteinReference2898,abstraction:NeighborOf,reactome:ProteinReference2934
reactome:ProteinReference8661,abstraction:NeighborOf,reactome:ProteinReference8726
reactome:ProteinReference8697,abstraction:NeighborOf,reactome:ProteinReference8698
reactome:ProteinReference2850,abstraction:NeighborOf,reactome:ProteinReference2971
reactome:ProteinReference7077,abstraction:NeighborOf,reactome:ProteinReference7078
reactome:ProteinReference10853,abstraction:NeighborOf,reactome:ProteinReference9035
reactome:ProteinReference2926,abstraction:NeighborOf,reactome:ProteinReference3356
reactome:ProteinReference3198,abstraction:NeighborOf,reactome:ProteinReference3204
reactome:ProteinReference8718,abstraction:NeighborOf,reactome:ProteinReference8737
reactome:ProteinReference6137,abstraction:NeighborOf,reactome:ProteinReference9134
reactome:ProteinReference11271,abstraction:NeighborOf,reactome:ProteinReference8195
reactome:ProteinReference10950,abstraction:NeighborOf,reactome:ProteinReference9691
reactome:ProteinReference5329,abstraction:NeighborOf,reactome:ProteinReference5331
reactome:ProteinReference10685,abstraction:NeighborOf,reactome:ProteinReference10687
reactome:ProteinReference8661,abstraction:NeighborOf,reactome:ProteinReference8680
reactome:ProteinReference6759,abstraction:NeighborOf,reactome:ProteinReference8737
reactome:ProteinReference8674,abstraction:NeighborOf,reactome:ProteinReference8725
reactome:ProteinReference1950,abstraction:NeighborOf,reactome:ProteinReference1953
reactome:ProteinReference9759,abstraction:NeighborOf,reactome:ProteinReference9766
reactome:ProteinReference10779,abstraction:NeighborOf,reactome:ProteinReference10784
reactome:ProteinReference2468,abstraction:NeighborOf,reactome:ProteinReference2469
reactome:ProteinReference8701,abstraction:NeighborOf,reactome:ProteinReference8711
reactome:ProteinReference2989,abstraction:NeighborOf,reactome:ProteinReference2992
reactome:ProteinReference8564,abstraction:NeighborOf,reactome:ProteinReference9747
reactome:ProteinReference8745,abstraction:NeighborOf,reactome:ProteinReference8747
reactome:ProteinReference3238,abstraction:NeighborOf,reactome:ProteinReference7595
reactome:ProteinReference2830,abstraction:NeighborOf,reactome:ProteinReference3014
reactome:ProteinReference4321,abstraction:NeighborOf,reactome:ProteinReference8299
reactome:ProteinReference8662,abstraction:NeighborOf,reactome:ProteinReference8714
reactome:ProteinReference1736,abstraction:NeighborOf,reactome:ProteinReference4485
reactome:ProteinReference6759,abstraction:NeighborOf,reactome:ProteinReference6768
reactome:ProteinReference11036,abstraction:NeighborOf,reactome:ProteinReference11043
reactome:ProteinReference4423,abstraction:NeighborOf,reactome:ProteinReference5295
reactome:ProteinReference11274,abstraction:NeighborOf,reactome:ProteinReference8740
reactome:ProteinReference8666,abstraction:NeighborOf,reactome:ProteinReference8731
reactome:ProteinReference8744,abstraction:NeighborOf,reactome:ProteinReference8766
reactome:ProteinReference4718,abstraction:NeighborOf,reactome:ProteinReference6903
reactome:ProteinReference67,abstraction:NeighborOf,reactome:ProteinReference72
reactome:ProteinReference8671,abstraction:NeighborOf,reactome:ProteinReference8736
reactome:ProteinReference2167,abstraction:NeighborOf,reactome:ProteinReference9715
reactome:ProteinReference8697,abstraction:NeighborOf,reactome:ProteinReference8706
reactome:ProteinReference8687,abstraction:NeighborOf,reactome:ProteinReference8756
reactome:ProteinReference3735,abstraction:NeighborOf,reactome:ProteinReference3736
reactome:ProteinReference8668,abstraction:NeighborOf,reactome:ProteinReference8680
reactome:ProteinReference8747,abstraction:NeighborOf,reactome:ProteinReference8748
reactome:ProteinReference3237,abstraction:NeighborOf,reactome:ProteinReference4504
reactome:ProteinReference2971,abstraction:NeighborOf,reactome:ProteinReference3002
reactome:ProteinReference1821,abstraction:NeighborOf,reactome:ProteinReference6445
reactome:ProteinReference2859,abstraction:NeighborOf,reactome:ProteinReference2872
reactome:ProteinReference4699,abstraction:NeighborOf,reactome:ProteinReference9064
reactome:ProteinReference9715,abstraction:NeighborOf,reactome:ProteinReference9721
reactome:ProteinReference8709,abstraction:NeighborOf,reactome:ProteinReference8717
reactome:ProteinReference2823,abstraction:NeighborOf,reactome:ProteinReference3005
reactome:ProteinReference4497,abstraction:NeighborOf,reactome:ProteinReference5523
reactome:ProteinReference8643,abstraction:NeighborOf,reactome:ProteinReference8678
reactome:ProteinReference4497,abstraction:NeighborOf,reactome:ProteinReference9709
reactome:ProteinReference8716,abstraction:NeighborOf,reactome:ProteinReference8723
reactome:ProteinReference8671,abstraction:NeighborOf,reactome:ProteinReference8676
reactome:ProteinReference10776,abstraction:NeighborOf,reactome:ProteinReference10780
reactome:ProteinReference8725,abstraction:NeighborOf,reactome:ProteinReference8734
reactome:ProteinReference1088,abstraction:NeighborOf,reactome:ProteinReference4697
reactome:ProteinReference8647,abstraction:NeighborOf,reactome:ProteinReference8659
reactome:ProteinReference283,abstraction:NeighborOf,reactome:ProteinReference5634
reactome:ProteinReference3099,abstraction:NeighborOf,reactome:ProteinReference768
reactome:ProteinReference8649,abstraction:NeighborOf,reactome:ProteinReference8702
reactome:ProteinReference8671,abstraction:NeighborOf,reactome:ProteinReference8710
reactome:ProteinReference1056,abstraction:NeighborOf,reactome:ProteinReference1088
reactome:ProteinReference8637,abstraction:NeighborOf,reactome:ProteinReference9286
reactome:ProteinReference2787,abstraction:NeighborOf,reactome:ProteinReference9954
reactome:ProteinReference2454,abstraction:NeighborOf,reactome:ProteinReference2461
reactome:ProteinReference2973,abstraction:NeighborOf,reactome:ProteinReference2995
reactome:ProteinReference2908,abstraction:NeighborOf,reactome:ProteinReference2937
reactome:ProteinReference1730,abstraction:NeighborOf,reactome:ProteinReference6420
reactome:ProteinReference8651,abstraction:NeighborOf,reactome:ProteinReference8661
reactome:ProteinReference5356,abstraction:NeighborOf,reactome:ProteinReference6439
reactome:ProteinReference8757,abstraction:NeighborOf,reactome:ProteinReference8765
reactome:ProteinReference2850,abstraction:NeighborOf,reactome:ProteinReference2997
reactome:ProteinReference4259,abstraction:NeighborOf,reactome:ProteinReference4263
reactome:ProteinReference2860,abstraction:NeighborOf,reactome:ProteinReference2936
reactome:ProteinReference8759,abstraction:NeighborOf,reactome:ProteinReference8762
reactome:ProteinReference2446,abstraction:NeighborOf,reactome:ProteinReference2447
reactome:ProteinReference9764,abstraction:NeighborOf,reactome:ProteinReference9765
reactome:ProteinReference6759,abstraction:NeighborOf,reactome:ProteinReference8716
reactome:ProteinReference8746,abstraction:NeighborOf,reactome:ProteinReference8762
reactome:ProteinReference2828,abstraction:NeighborOf,reactome:ProteinReference2831
reactome:ProteinReference1096,abstraction:NeighborOf,reactome:ProteinReference1115
reactome:ProteinReference2898,abstraction:NeighborOf,reactome:ProteinReference2905
reactome:ProteinReference10580,abstraction:NeighborOf,reactome:ProteinReference1124
reactome:ProteinReference8645,abstraction:NeighborOf,reactome:ProteinReference8711
reactome:ProteinReference2852,abstraction:NeighborOf,reactome:ProteinReference3003
reactome:ProteinReference8699,abstraction:NeighborOf,reactome:ProteinReference8700
reactome:ProteinReference2874,abstraction:NeighborOf,reactome:ProteinReference2904
reactome:ProteinReference8662,abstraction:NeighborOf,reactome:ProteinReference8719
reactome:ProteinReference3847,abstraction:NeighborOf,reactome:ProteinReference3851
reactome:ProteinReference2970,abstraction:NeighborOf,reactome:ProteinReference3072
reactome:ProteinReference6512,abstraction:NeighborOf,reactome:ProteinReference6513
reactome:ProteinReference8703,abstraction:NeighborOf,reactome:ProteinReference8722
reactome:ProteinReference3099,abstraction:NeighborOf,reactome:ProteinReference3100
reactome:ProteinReference2936,abstraction:NeighborOf,reactome:ProteinReference2961
reactome:ProteinReference4138,abstraction:NeighborOf,reactome:ProteinReference4254
reactome:ProteinReference8661,abstraction:NeighborOf,reactome:ProteinReference8666
reactome:ProteinReference2850,abstraction:NeighborOf,reactome:ProteinReference4383
reactome:ProteinReference6355,abstraction:NeighborOf,reactome:ProteinReference6356
reactome:ProteinReference8661,abstraction:NeighborOf,reactome:ProteinReference8721
reactome:ProteinReference3197,abstraction:NeighborOf,reactome:ProteinReference3200
reactome:ProteinReference8656,abstraction:NeighborOf,reactome:ProteinReference8671
reactome:ProteinReference8649,abstraction:NeighborOf,reactome:ProteinReference8724
reactome:ProteinReference1053,abstraction:NeighborOf,reactome:ProteinReference1736
reactome:ProteinReference7817,abstraction:NeighborOf,reactome:ProteinReference8619
reactome:ProteinReference2798,abstraction:NeighborOf,reactome:ProteinReference9955
reactome:ProteinReference8698,abstraction:NeighborOf,reactome:ProteinReference8726
reactome:ProteinReference4407,abstraction:NeighborOf,reactome:ProteinReference8298
reactome:ProteinReference3238,abstraction:NeighborOf,reactome:ProteinReference9029
reactome:ProteinReference8726,abstraction:NeighborOf,reactome:ProteinReference8730
reactome:ProteinReference8643,abstraction:NeighborOf,reactome:ProteinReference8718
reactome:ProteinReference3355,abstraction:NeighborOf,reactome:ProteinReference3357
reactome:ProteinReference6509,abstraction:NeighborOf,reactome:ProteinReference6512
reactome:ProteinReference8727,abstraction:NeighborOf,reactome:ProteinReference8734
reactome:ProteinReference2998,abstraction:NeighborOf,reactome:ProteinReference3003
reactome:ProteinReference8712,abstraction:NeighborOf,reactome:ProteinReference8731
reactome:ProteinReference8649,abstraction:NeighborOf,reactome:ProteinReference8660
reactome:ProteinReference8713,abstraction:NeighborOf,reactome:ProteinReference8722
reactome:ProteinReference5063,abstraction:NeighborOf,reactome:ProteinReference8922
reactome:ProteinReference8672,abstraction:NeighborOf,reactome:ProteinReference8675
reactome:ProteinReference1736,abstraction:NeighborOf,reactome:ProteinReference4448
reactome:ProteinReference2822,abstraction:NeighborOf,reactome:ProteinReference2825
reactome:ProteinReference9761,abstraction:NeighborOf,reactome:ProteinReference9768
reactome:ProteinReference11380,abstraction:NeighborOf,reactome:ProteinReference6512
reactome:ProteinReference8675,abstraction:NeighborOf,reactome:ProteinReference8689
reactome:ProteinReference9076,abstraction:NeighborOf,reactome:ProteinReference9080
reactome:ProteinReference1736,abstraction:NeighborOf,reactome:ProteinReference5335
reactome:ProteinReference8687,abstraction:NeighborOf,reactome:ProteinReference8762
reactome:ProteinReference1090,abstraction:NeighborOf,reactome:ProteinReference1123
reactome:ProteinReference8661,abstraction:NeighborOf,reactome:ProteinReference8717
reactome:ProteinReference8718,abstraction:NeighborOf,reactome:ProteinReference8735
reactome:ProteinReference2873,abstraction:NeighborOf,reactome:ProteinReference2938
reactome:ProteinReference8749,abstraction:NeighborOf,reactome:ProteinReference8761
reactome:ProteinReference6316,abstraction:NeighborOf,reactome:ProteinReference6326
reactome:ProteinReference6452,abstraction:NeighborOf,reactome:ProteinReference7625
reactome:ProteinReference10825,abstraction:NeighborOf,reactome:ProteinReference10853
reactome:ProteinReference8702,abstraction:NeighborOf,reactome:ProteinReference8727
reactome:ProteinReference1294,abstraction:NeighborOf,reactome:ProteinReference2539
reactome:ProteinReference3512,abstraction:NeighborOf,reactome:ProteinReference4359
reactome:ProteinReference2820,abstraction:NeighborOf,reactome:ProteinReference2836
reactome:ProteinReference8686,abstraction:NeighborOf,reactome:ProteinReference8757
reactome:ProteinReference11033,abstraction:NeighborOf,reactome:ProteinReference11038
reactome:ProteinReference8744,abstraction:NeighborOf,reactome:ProteinReference8748
reactome:ProteinReference1713,abstraction:NeighborOf,reactome:ProteinReference7097
reactome:ProteinReference8721,abstraction:NeighborOf,reactome:ProteinReference8731
reactome:ProteinReference8649,abstraction:NeighborOf,reactome:ProteinReference8703
reactome:ProteinReference1736,abstraction:NeighborOf,reactome:ProteinReference4472
reactome:ProteinReference8671,abstraction:NeighborOf,reactome:ProteinReference8729
reactome:ProteinReference2850,abstraction:NeighborOf,reactome:ProteinReference2876
reactome:ProteinReference11290,abstraction:NeighborOf,reactome:ProteinReference11292
reactome:ProteinReference3209,abstraction:NeighborOf,reactome:ProteinReference3217
reactome:ProteinReference1956,abstraction:NeighborOf,reactome:ProteinReference1960
reactome:ProteinReference8746,abstraction:NeighborOf,reactome:ProteinReference8765
reactome:ProteinReference2167,abstraction:NeighborOf,reactome:ProteinReference9716
reactome:ProteinReference8744,abstraction:NeighborOf,reactome:ProteinReference8745
reactome:ProteinReference6932,abstraction:NeighborOf,reactome:ProteinReference887
reactome:ProteinReference2875,abstraction:NeighborOf,reactome:ProteinReference2901
reactome:ProteinReference11428,abstraction:NeighborOf,reactome:ProteinReference11434
reactome:ProteinReference10778,abstraction:NeighborOf,reactome:ProteinReference10779
reactome:ProteinReference5305,abstraction:NeighborOf,reactome:ProteinReference5307
reactome:ProteinReference8668,abstraction:NeighborOf,reactome:ProteinReference8758
reactome:ProteinReference2852,abstraction:NeighborOf,reactome:ProteinReference2853
reactome:ProteinReference8704,abstraction:NeighborOf,reactome:ProteinReference8705
reactome:ProteinReference7509,abstraction:NeighborOf,reactome:ProteinReference7552
reactome:ProteinReference193,abstraction:NeighborOf,reactome:ProteinReference348
reactome:ProteinReference1013,abstraction:NeighborOf,reactome:ProteinReference5597
reactome:ProteinReference5273,abstraction:NeighborOf,reactome:ProteinReference5274
reactome:ProteinReference2469,abstraction:NeighborOf,reactome:ProteinReference3181
reactome:ProteinReference1957,abstraction:NeighborOf,reactome:ProteinReference1958
reactome:ProteinReference6759,abstraction:NeighborOf,reactome:ProteinReference8725
reactome:ProteinReference1121,abstraction:NeighborOf,reactome:ProteinReference1122
reactome:ProteinReference6445,abstraction:NeighborOf,reactome:ProteinReference6776
reactome:ProteinReference1112,abstraction:NeighborOf,reactome:ProteinReference1114
reactome:ProteinReference8753,abstraction:NeighborOf,reactome:ProteinReference8758
reactome:ProteinReference11272,abstraction:NeighborOf,reactome:ProteinReference11275
reactome:ProteinReference4783,abstraction:NeighborOf,reactome:ProteinReference4784
reactome:ProteinReference8649,abstraction:NeighborOf,reactome:ProteinReference8715
reactome:ProteinReference3077,abstraction:NeighborOf,reactome:ProteinReference3148
reactome:ProteinReference4564,abstraction:NeighborOf,reactome:ProteinReference5274
reactome:ProteinReference4481,abstraction:NeighborOf,reactome:ProteinReference7609
reactome:ProteinReference9703,abstraction:NeighborOf,reactome:ProteinReference9720
reactome:ProteinReference6759,abstraction:NeighborOf,reactome:ProteinReference8708
reactome:ProteinReference8680,abstraction:NeighborOf,reactome:ProteinReference8762
reactome:ProteinReference4497,abstraction:NeighborOf,reactome:ProteinReference9712
reactome:ProteinReference8656,abstraction:NeighborOf,reactome:ProteinReference8665
reactome:ProteinReference8671,abstraction:NeighborOf,reactome:ProteinReference8738
reactome:ProteinReference8211,abstraction:NeighborOf,reactome:ProteinReference8300
reactome:ProteinReference8665,abstraction:NeighborOf,reactome:ProteinReference8667
reactome:ProteinReference8702,abstraction:NeighborOf,reactome:ProteinReference8732
reactome:ProteinReference2854,abstraction:NeighborOf,reactome:ProteinReference2929
reactome:ProteinReference2852,abstraction:NeighborOf,reactome:ProteinReference3002
reactome:ProteinReference2980,abstraction:NeighborOf,reactome:ProteinReference2992
reactome:ProteinReference6601,abstraction:NeighborOf,reactome:ProteinReference677
reactome:ProteinReference11433,abstraction:NeighborOf,reactome:ProteinReference235
reactome:ProteinReference2868,abstraction:NeighborOf,reactome:ProteinReference2870
reactome:ProteinReference2926,abstraction:NeighborOf,reactome:ProteinReference3087
reactome:ProteinReference3218,abstraction:NeighborOf,reactome:ProteinReference3220
reactome:ProteinReference6137,abstraction:NeighborOf,reactome:ProteinReference8667
reactome:ProteinReference2956,abstraction:NeighborOf,reactome:ProteinReference2972
reactome:ProteinReference2973,abstraction:NeighborOf,reactome:ProteinReference2997
reactome:ProteinReference11043,abstraction:NeighborOf,reactome:ProteinReference5156
reactome:ProteinReference5153,abstraction:NeighborOf,reactome:ProteinReference5156
reactome:ProteinReference2973,abstraction:NeighborOf,reactome:ProteinReference2991
reactome:ProteinReference8652,abstraction:NeighborOf,reactome:ProteinReference8734
reactome:ProteinReference8677,abstraction:NeighborOf,reactome:ProteinReference8751
reactome:ProteinReference5415,abstraction:NeighborOf,reactome:ProteinReference5932
reactome:ProteinReference8678,abstraction:NeighborOf,reactome:ProteinReference8702
reactome:ProteinReference6232,abstraction:NeighborOf,reactome:ProteinReference6233
reactome:ProteinReference8803,abstraction:NeighborOf,reactome:ProteinReference8914
reactome:ProteinReference2980,abstraction:NeighborOf,reactome:ProteinReference2982
reactome:ProteinReference4418,abstraction:NeighborOf,reactome:ProteinReference8688
reactome:ProteinReference8687,abstraction:NeighborOf,reactome:ProteinReference8760
reactome:ProteinReference10773,abstraction:NeighborOf,reactome:ProteinReference7670
reactome:ProteinReference8651,abstraction:NeighborOf,reactome:ProteinReference8692
reactome:ProteinReference8690,abstraction:NeighborOf,reactome:ProteinReference8763
reactome:ProteinReference8763,abstraction:NeighborOf,reactome:ProteinReference8765
reactome:ProteinReference8643,abstraction:NeighborOf,reactome:ProteinReference8667
reactome:ProteinReference8706,abstraction:NeighborOf,reactome:ProteinReference8712
reactome:ProteinReference8645,abstraction:NeighborOf,reactome:ProteinReference8674
reactome:ProteinReference8756,abstraction:NeighborOf,reactome:ProteinReference8764
reactome:ProteinReference8707,abstraction:NeighborOf,reactome:ProteinReference8714
reactome:ProteinReference9702,abstraction:NeighborOf,reactome:ProteinReference9721
reactome:ProteinReference8754,abstraction:NeighborOf,reactome:ProteinReference8760
reactome:ProteinReference8675,abstraction:NeighborOf,reactome:ProteinReference8703
reactome:ProteinReference2936,abstraction:NeighborOf,reactome:ProteinReference2972
reactome:ProteinReference8652,abstraction:NeighborOf,reactome:ProteinReference8659
reactome:ProteinReference1718,abstraction:NeighborOf,reactome:ProteinReference5165
reactome:ProteinReference10809,abstraction:NeighborOf,reactome:ProteinReference10812
reactome:ProteinReference8659,abstraction:NeighborOf,reactome:ProteinReference8678
reactome:ProteinReference4497,abstraction:NeighborOf,reactome:ProteinReference9770
reactome:ProteinReference10732,abstraction:NeighborOf,reactome:ProteinReference10734
reactome:ProteinReference1021,abstraction:NeighborOf,reactome:ProteinReference7847
reactome:ProteinReference8677,abstraction:NeighborOf,reactome:ProteinReference8765
reactome:ProteinReference4706,abstraction:NeighborOf,reactome:ProteinReference4707
reactome:ProteinReference2855,abstraction:NeighborOf,reactome:ProteinReference3038
reactome:ProteinReference8653,abstraction:NeighborOf,reactome:ProteinReference8759
reactome:ProteinReference2446,abstraction:NeighborOf,reactome:ProteinReference2465
reactome:ProteinReference8661,abstraction:NeighborOf,reactome:ProteinReference8697
reactome:ProteinReference8749,abstraction:NeighborOf,reactome:ProteinReference8767
reactome:ProteinReference5982,abstraction:NeighborOf,reactome:ProteinReference8116
reactome:ProteinReference1102,abstraction:NeighborOf,reactome:ProteinReference1115
reactome:ProteinReference66,abstraction:NeighborOf,reactome:ProteinReference70
reactome:ProteinReference1821,abstraction:NeighborOf,reactome:ProteinReference5442
reactome:ProteinReference2974,abstraction:NeighborOf,reactome:ProteinReference2981
reactome:ProteinReference4423,abstraction:NeighborOf,reactome:ProteinReference5037
reactome:ProteinReference3002,abstraction:NeighborOf,reactome:ProteinReference3003
reactome:ProteinReference8656,abstraction:NeighborOf,reactome:ProteinReference8681
reactome:ProteinReference8678,abstraction:NeighborOf,reactome:ProteinReference8724
reactome:ProteinReference10803,abstraction:NeighborOf,reactome:ProteinReference5244
reactome:ProteinReference11117,abstraction:NeighborOf,reactome:ProteinReference11156
reactome:ProteinReference8700,abstraction:NeighborOf,reactome:ProteinReference8714
reactome:ProteinReference8751,abstraction:NeighborOf,reactome:ProteinReference8758
reactome:ProteinReference8675,abstraction:NeighborOf,reactome:ProteinReference8715
reactome:ProteinReference1797,abstraction:NeighborOf,reactome:ProteinReference1801
reactome:ProteinReference6431,abstraction:NeighborOf,reactome:ProteinReference9866
reactome:ProteinReference3197,abstraction:NeighborOf,reactome:ProteinReference3198
reactome:ProteinReference8643,abstraction:NeighborOf,reactome:ProteinReference8696
reactome:ProteinReference10474,abstraction:NeighborOf,reactome:ProteinReference8607
reactome:ProteinReference9888,abstraction:NeighborOf,reactome:ProteinReference9889
reactome:ProteinReference2448,abstraction:NeighborOf,reactome:ProteinReference3181
reactome:ProteinReference8724,abstraction:NeighborOf,reactome:ProteinReference8727
reactome:ProteinReference8570,abstraction:NeighborOf,reactome:ProteinReference8614
reactome:ProteinReference2854,abstraction:NeighborOf,reactome:ProteinReference2859
reactome:ProteinReference8660,abstraction:NeighborOf,reactome:ProteinReference8734
reactome:ProteinReference8629,abstraction:NeighborOf,reactome:ProteinReference8630
reactome:ProteinReference6147,abstraction:NeighborOf,reactome:ProteinReference6179
reactome:ProteinReference2875,abstraction:NeighborOf,reactome:ProteinReference2898
reactome:ProteinReference8714,abstraction:NeighborOf,reactome:ProteinReference8730
reactome:ProteinReference659,abstraction:NeighborOf,reactome:ProteinReference8889
reactome:ProteinReference1907,abstraction:NeighborOf,reactome:ProteinReference1960
reactome:ProteinReference1736,abstraction:NeighborOf,reactome:ProteinReference798
reactome:ProteinReference5443,abstraction:NeighborOf,reactome:ProteinReference7589
reactome:ProteinReference8680,abstraction:NeighborOf,reactome:ProteinReference8765
reactome:ProteinReference3013,abstraction:NeighborOf,reactome:ProteinReference3038
reactome:ProteinReference4423,abstraction:NeighborOf,reactome:ProteinReference5300
reactome:ProteinReference8707,abstraction:NeighborOf,reactome:ProteinReference8719
reactome:ProteinReference12043,abstraction:NeighborOf,reactome:ProteinReference12044
reactome:ProteinReference6433,abstraction:NeighborOf,reactome:ProteinReference6442
reactome:ProteinReference10833,abstraction:NeighborOf,reactome:ProteinReference6785
reactome:ProteinReference8704,abstraction:NeighborOf,reactome:ProteinReference8730
reactome:ProteinReference4096,abstraction:NeighborOf,reactome:ProteinReference4098
reactome:ProteinReference1090,abstraction:NeighborOf,reactome:ProteinReference1351
reactome:ProteinReference6162,abstraction:NeighborOf,reactome:ProteinReference8689
reactome:ProteinReference8716,abstraction:NeighborOf,reactome:ProteinReference8727
reactome:ProteinReference5483,abstraction:NeighborOf,reactome:ProteinReference7508
reactome:ProteinReference8689,abstraction:NeighborOf,reactome:ProteinReference8732
reactome:ProteinReference2979,abstraction:NeighborOf,reactome:ProteinReference2983
reactome:ProteinReference8659,abstraction:NeighborOf,reactome:ProteinReference8718
reactome:ProteinReference2959,abstraction:NeighborOf,reactome:ProteinReference2982
reactome:ProteinReference60,abstraction:NeighborOf,reactome:ProteinReference65
reactome:ProteinReference10820,abstraction:NeighborOf,reactome:ProteinReference7856
reactome:ProteinReference3235,abstraction:NeighborOf,reactome:ProteinReference3238
reactome:ProteinReference6355,abstraction:NeighborOf,reactome:ProteinReference6357
reactome:ProteinReference8704,abstraction:NeighborOf,reactome:ProteinReference8712
reactome:ProteinReference8718,abstraction:NeighborOf,reactome:ProteinReference8723
reactome:ProteinReference3067,abstraction:NeighborOf,reactome:ProteinReference9715
reactome:ProteinReference3049,abstraction:NeighborOf,reactome:ProteinReference3197
reactome:ProteinReference5330,abstraction:NeighborOf,reactome:ProteinReference5331
reactome:ProteinReference8678,abstraction:NeighborOf,reactome:ProteinReference8703
reactome:ProteinReference8724,abstraction:NeighborOf,reactome:ProteinReference8732
reactome:ProteinReference8700,abstraction:NeighborOf,reactome:ProteinReference8719
reactome:ProteinReference11259,abstraction:NeighborOf,reactome:ProteinReference6168
reactome:ProteinReference11251,abstraction:NeighborOf,reactome:ProteinReference8950
reactome:ProteinReference8642,abstraction:NeighborOf,reactome:ProteinReference8748
reactome:ProteinReference10560,abstraction:NeighborOf,reactome:ProteinReference3864
reactome:ProteinReference8687,abstraction:NeighborOf,reactome:ProteinReference8744
reactome:ProteinReference8653,abstraction:NeighborOf,reactome:ProteinReference8668
reactome:ProteinReference8750,abstraction:NeighborOf,reactome:ProteinReference8760
reactome:ProteinReference8667,abstraction:NeighborOf,reactome:ProteinReference8681
reactome:ProteinReference2980,abstraction:NeighborOf,reactome:ProteinReference3001
reactome:ProteinReference8642,abstraction:NeighborOf,reactome:ProteinReference8745
reactome:ProteinReference8747,abstraction:NeighborOf,reactome:ProteinReference8757
reactome:ProteinReference10364,abstraction:NeighborOf,reactome:ProteinReference5291
reactome:ProteinReference8666,abstraction:NeighborOf,reactome:ProteinReference8689
reactome:ProteinReference6162,abstraction:NeighborOf,reactome:ProteinReference6789
reactome:ProteinReference5329,abstraction:NeighborOf,reactome:ProteinReference5330
reactome:ProteinReference9391,abstraction:NeighborOf,reactome:ProteinReference9392
reactome:ProteinReference8675,abstraction:NeighborOf,reactome:ProteinReference8700
reactome:ProteinReference8678,abstraction:NeighborOf,reactome:ProteinReference8715
reactome:ProteinReference8716,abstraction:NeighborOf,reactome:ProteinReference8732
reactome:ProteinReference4702,abstraction:NeighborOf,reactome:ProteinReference9064
reactome:ProteinReference8644,abstraction:NeighborOf,reactome:ProteinReference8708
reactome:ProteinReference8669,abstraction:NeighborOf,reactome:ProteinReference8708
reactome:ProteinReference2999,abstraction:NeighborOf,reactome:ProteinReference3004
reactome:ProteinReference3236,abstraction:NeighborOf,reactome:ProteinReference7595
reactome:ProteinReference4779,abstraction:NeighborOf,reactome:ProteinReference62
reactome:ProteinReference4579,abstraction:NeighborOf,reactome:ProteinReference4760
reactome:ProteinReference2913,abstraction:NeighborOf,reactome:ProteinReference2936
reactome:ProteinReference8696,abstraction:NeighborOf,reactome:ProteinReference8707
reactome:ProteinReference10669,abstraction:NeighborOf,reactome:ProteinReference10670
reactome:ProteinReference10779,abstraction:NeighborOf,reactome:ProteinReference10785
reactome:ProteinReference6773,abstraction:NeighborOf,reactome:ProteinReference9708
reactome:ProteinReference2926,abstraction:NeighborOf,reactome:ProteinReference2960
reactome:ProteinReference2962,abstraction:NeighborOf,reactome:ProteinReference2979
reactome:ProteinReference1204,abstraction:NeighborOf,reactome:ProteinReference3096
reactome:ProteinReference8658,abstraction:NeighborOf,reactome:ProteinReference8675
reactome:ProteinReference11276,abstraction:NeighborOf,reactome:ProteinReference2835
reactome:ProteinReference2981,abstraction:NeighborOf,reactome:ProteinReference2997
reactome:ProteinReference4259,abstraction:NeighborOf,reactome:ProteinReference4261
reactome:ProteinReference10866,abstraction:NeighborOf,reactome:ProteinReference6774
reactome:ProteinReference4383,abstraction:NeighborOf,reactome:ProteinReference4486
reactome:ProteinReference8650,abstraction:NeighborOf,reactome:ProteinReference8675
reactome:ProteinReference2981,abstraction:NeighborOf,reactome:ProteinReference2991
reactome:ProteinReference10777,abstraction:NeighborOf,reactome:ProteinReference10779
reactome:ProteinReference8709,abstraction:NeighborOf,reactome:ProteinReference8737
reactome:ProteinReference8703,abstraction:NeighborOf,reactome:ProteinReference8726
reactome:ProteinReference1107,abstraction:NeighborOf,reactome:ProteinReference1114
reactome:ProteinReference3181,abstraction:NeighborOf,reactome:ProteinReference3184
reactome:ProteinReference7674,abstraction:NeighborOf,reactome:ProteinReference7675
reactome:ProteinReference2461,abstraction:NeighborOf,reactome:ProteinReference3201
reactome:ProteinReference7758,abstraction:NeighborOf,reactome:ProteinReference7759
reactome:ProteinReference3074,abstraction:NeighborOf,reactome:ProteinReference8630
reactome:ProteinReference10876,abstraction:NeighborOf,reactome:ProteinReference11019
reactome:ProteinReference8627,abstraction:NeighborOf,reactome:ProteinReference8628
reactome:ProteinReference1096,abstraction:NeighborOf,reactome:ProteinReference1100
reactome:ProteinReference1063,abstraction:NeighborOf,reactome:ProteinReference1114
reactome:ProteinReference8704,abstraction:NeighborOf,reactome:ProteinReference8711
reactome:ProteinReference11271,abstraction:NeighborOf,reactome:ProteinReference8740
reactome:ProteinReference8680,abstraction:NeighborOf,reactome:ProteinReference8744
reactome:ProteinReference5943,abstraction:NeighborOf,reactome:ProteinReference5944
reactome:ProteinReference8649,abstraction:NeighborOf,reactome:ProteinReference8728
reactome:ProteinReference6396,abstraction:NeighborOf,reactome:ProteinReference6511
reactome:ProteinReference11358,abstraction:NeighborOf,reactome:ProteinReference3101
reactome:ProteinReference2474,abstraction:NeighborOf,reactome:ProteinReference3181
reactome:ProteinReference8660,abstraction:NeighborOf,reactome:ProteinReference8718
reactome:ProteinReference9767,abstraction:NeighborOf,reactome:ProteinReference9768
reactome:ProteinReference2445,abstraction:NeighborOf,reactome:ProteinReference2473
reactome:ProteinReference6171,abstraction:NeighborOf,reactome:ProteinReference8779
reactome:ProteinReference1023,abstraction:NeighborOf,reactome:ProteinReference3039
reactome:ProteinReference9707,abstraction:NeighborOf,reactome:ProteinReference9721
reactome:ProteinReference2446,abstraction:NeighborOf,reactome:ProteinReference2461
reactome:ProteinReference10475,abstraction:NeighborOf,reactome:ProteinReference10476
reactome:ProteinReference8725,abstraction:NeighborOf,reactome:ProteinReference8731
reactome:ProteinReference3924,abstraction:NeighborOf,reactome:ProteinReference659
reactome:ProteinReference3076,abstraction:NeighborOf,reactome:ProteinReference3077
reactome:ProteinReference9914,abstraction:NeighborOf,reactome:ProteinReference9915
reactome:ProteinReference2993,abstraction:NeighborOf,reactome:ProteinReference3004
reactome:ProteinReference8659,abstraction:NeighborOf,reactome:ProteinReference8661
reactome:ProteinReference8659,abstraction:NeighborOf,reactome:ProteinReference8667
reactome:ProteinReference1141,abstraction:NeighborOf,reactome:ProteinReference7729
reactome:ProteinReference8709,abstraction:NeighborOf,reactome:ProteinReference8716
reactome:ProteinReference8672,abstraction:NeighborOf,reactome:ProteinReference8734
reactome:ProteinReference5880,abstraction:NeighborOf,reactome:ProteinReference5881
reactome:ProteinReference2864,abstraction:NeighborOf,reactome:ProteinReference2867
reactome:ProteinReference8665,abstraction:NeighborOf,reactome:ProteinReference8747
reactome:ProteinReference3647,abstraction:NeighborOf,reactome:ProteinReference5727
reactome:ProteinReference8690,abstraction:NeighborOf,reactome:ProteinReference8754
reactome:ProteinReference8651,abstraction:NeighborOf,reactome:ProteinReference8714
reactome:ProteinReference1108,abstraction:NeighborOf,reactome:ProteinReference1114
reactome:ProteinReference1124,abstraction:NeighborOf,reactome:ProteinReference6136
reactome:ProteinReference11254,abstraction:NeighborOf,reactome:ProteinReference8740
reactome:ProteinReference1737,abstraction:NeighborOf,reactome:ProteinReference6101
reactome:ProteinReference3096,abstraction:NeighborOf,reactome:ProteinReference5562
reactome:ProteinReference10776,abstraction:NeighborOf,reactome:ProteinReference10778
reactome:ProteinReference3236,abstraction:NeighborOf,reactome:ProteinReference9029
reactome:ProteinReference8564,abstraction:NeighborOf,reactome:ProteinReference9721
reactome:ProteinReference8644,abstraction:NeighborOf,reactome:ProteinReference8759
reactome:ProteinReference6162,abstraction:NeighborOf,reactome:ProteinReference8662
reactome:ProteinReference3235,abstraction:NeighborOf,reactome:ProteinReference3893
reactome:ProteinReference2994,abstraction:NeighborOf,reactome:ProteinReference3004
reactome:ProteinReference8657,abstraction:NeighborOf,reactome:ProteinReference8673
reactome:ProteinReference8193,abstraction:NeighborOf,reactome:ProteinReference8302
reactome:ProteinReference2167,abstraction:NeighborOf,reactome:ProteinReference9708
reactome:ProteinReference1056,abstraction:NeighborOf,reactome:ProteinReference1150
reactome:ProteinReference1058,abstraction:NeighborOf,reactome:ProteinReference1065
reactome:ProteinReference1102,abstraction:NeighborOf,reactome:ProteinReference1122
reactome:ProteinReference8646,abstraction:NeighborOf,reactome:ProteinReference8650
reactome:ProteinReference8704,abstraction:NeighborOf,reactome:ProteinReference8707
reactome:ProteinReference5234,abstraction:NeighborOf,reactome:ProteinReference8380
reactome:ProteinReference4775,abstraction:NeighborOf,reactome:ProteinReference68
reactome:ProteinReference6759,abstraction:NeighborOf,reactome:ProteinReference8670
reactome:ProteinReference8744,abstraction:NeighborOf,reactome:ProteinReference8757
reactome:ProteinReference4423,abstraction:NeighborOf,reactome:ProteinReference5042
reactome:ProteinReference8686,abstraction:NeighborOf,reactome:ProteinReference8749
reactome:ProteinReference1065,abstraction:NeighborOf,reactome:ProteinReference1736
reactome:ProteinReference3232,abstraction:NeighborOf,reactome:ProteinReference6048
reactome:ProteinReference11038,abstraction:NeighborOf,reactome:ProteinReference11039
reactome:ProteinReference10682,abstraction:NeighborOf,reactome:ProteinReference1085
reactome:ProteinReference236,abstraction:NeighborOf,reactome:ProteinReference6465
reactome:ProteinReference5507,abstraction:NeighborOf,reactome:ProteinReference5765
reactome:ProteinReference8902,abstraction:NeighborOf,reactome:ProteinReference8908
reactome:ProteinReference4499,abstraction:NeighborOf,reactome:ProteinReference9097
reactome:ProteinReference8710,abstraction:NeighborOf,reactome:ProteinReference8718
reactome:ProteinReference7817,abstraction:NeighborOf,reactome:ProteinReference8283
reactome:ProteinReference8703,abstraction:NeighborOf,reactome:ProteinReference8721
reactome:ProteinReference8838,abstraction:NeighborOf,reactome:ProteinReference8839
reactome:ProteinReference3209,abstraction:NeighborOf,reactome:ProteinReference3218
reactome:ProteinReference4680,abstraction:NeighborOf,reactome:ProteinReference9366
reactome:ProteinReference8661,abstraction:NeighborOf,reactome:ProteinReference8737
reactome:ProteinReference3523,abstraction:NeighborOf,reactome:ProteinReference3524
reactome:ProteinReference6101,abstraction:NeighborOf,reactome:ProteinReference9064
reactome:ProteinReference2850,abstraction:NeighborOf,reactome:ProteinReference2852
reactome:ProteinReference8666,abstraction:NeighborOf,reactome:ProteinReference8673
reactome:ProteinReference8727,abstraction:NeighborOf,reactome:ProteinReference8731
reactome:ProteinReference2852,abstraction:NeighborOf,reactome:ProteinReference2861
reactome:ProteinReference11428,abstraction:NeighborOf,reactome:ProteinReference1798
reactome:ProteinReference6064,abstraction:NeighborOf,reactome:ProteinReference8907
reactome:ProteinReference2902,abstraction:NeighborOf,reactome:ProteinReference2930
reactome:ProteinReference10580,abstraction:NeighborOf,reactome:ProteinReference11275
reactome:ProteinReference8647,abstraction:NeighborOf,reactome:ProteinReference8674
reactome:ProteinReference4788,abstraction:NeighborOf,reactome:ProteinReference9608
reactome:ProteinReference8646,abstraction:NeighborOf,reactome:ProteinReference8675
reactome:ProteinReference9702,abstraction:NeighborOf,reactome:ProteinReference9704
reactome:ProteinReference8642,abstraction:NeighborOf,reactome:ProteinReference8686
reactome:ProteinReference3181,abstraction:NeighborOf,reactome:ProteinReference3202
reactome:ProteinReference8627,abstraction:NeighborOf,reactome:ProteinReference8630
reactome:ProteinReference8679,abstraction:NeighborOf,reactome:ProteinReference8693
reactome:ProteinReference4456,abstraction:NeighborOf,reactome:ProteinReference4505
reactome:ProteinReference8628,abstraction:NeighborOf,reactome:ProteinReference8629
reactome:ProteinReference8701,abstraction:NeighborOf,reactome:ProteinReference8703
reactome:ProteinReference8651,abstraction:NeighborOf,reactome:ProteinReference8719
reactome:ProteinReference8713,abstraction:NeighborOf,reactome:ProteinReference8721
reactome:ProteinReference3055,abstraction:NeighborOf,reactome:ProteinReference3073
reactome:ProteinReference2928,abstraction:NeighborOf,reactome:ProteinReference2938
reactome:ProteinReference2932,abstraction:NeighborOf,reactome:ProteinReference2978
reactome:ProteinReference8644,abstraction:NeighborOf,reactome:ProteinReference8656
reactome:ProteinReference1096,abstraction:NeighborOf,reactome:ProteinReference1108
reactome:ProteinReference5244,abstraction:NeighborOf,reactome:ProteinReference6105
reactome:ProteinReference9759,abstraction:NeighborOf,reactome:ProteinReference9760
reactome:ProteinReference7084,abstraction:NeighborOf,reactome:ProteinReference7086
reactome:ProteinReference4538,abstraction:NeighborOf,reactome:ProteinReference6939
reactome:ProteinReference622,abstraction:NeighborOf,reactome:ProteinReference632
reactome:ProteinReference6831,abstraction:NeighborOf,reactome:ProteinReference8567
reactome:ProteinReference1065,abstraction:NeighborOf,reactome:ProteinReference1123
reactome:ProteinReference8645,abstraction:NeighborOf,reactome:ProteinReference8660
reactome:ProteinReference2874,abstraction:NeighborOf,reactome:ProteinReference2938
reactome:ProteinReference4697,abstraction:NeighborOf,reactome:ProteinReference8994
reactome:ProteinReference8708,abstraction:NeighborOf,reactome:ProteinReference8714
reactome:ProteinReference8644,abstraction:NeighborOf,reactome:ProteinReference8668
reactome:ProteinReference11311,abstraction:NeighborOf,reactome:ProteinReference8116
reactome:ProteinReference1736,abstraction:NeighborOf,reactome:ProteinReference4490
reactome:ProteinReference3000,abstraction:NeighborOf,reactome:ProteinReference3003
reactome:ProteinReference9704,abstraction:NeighborOf,reactome:ProteinReference9720
reactome:ProteinReference11390,abstraction:NeighborOf,reactome:ProteinReference11391
reactome:ProteinReference8701,abstraction:NeighborOf,reactome:ProteinReference8715
reactome:ProteinReference8748,abstraction:NeighborOf,reactome:ProteinReference8755
reactome:ProteinReference8699,abstraction:NeighborOf,reactome:ProteinReference8722
reactome:ProteinReference8709,abstraction:NeighborOf,reactome:ProteinReference8725
reactome:ProteinReference2460,abstraction:NeighborOf,reactome:ProteinReference3181
reactome:ProteinReference8756,abstraction:NeighborOf,reactome:ProteinReference8758
reactome:ProteinReference2448,abstraction:NeighborOf,reactome:ProteinReference2469
reactome:ProteinReference8689,abstraction:NeighborOf,reactome:ProteinReference8692
reactome:ProteinReference9709,abstraction:NeighborOf,reactome:ProteinReference9720
reactome:ProteinReference6760,abstraction:NeighborOf,reactome:ProteinReference6767
reactome:ProteinReference2979,abstraction:NeighborOf,reactome:ProteinReference3000
reactome:ProteinReference8713,abstraction:NeighborOf,reactome:ProteinReference8717
reactome:ProteinReference8672,abstraction:NeighborOf,reactome:ProteinReference8718
reactome:ProteinReference8686,abstraction:NeighborOf,reactome:ProteinReference8687
reactome:ProteinReference3565,abstraction:NeighborOf,reactome:ProteinReference8788
reactome:ProteinReference8645,abstraction:NeighborOf,reactome:ProteinReference8703
reactome:ProteinReference8660,abstraction:NeighborOf,reactome:ProteinReference8696
reactome:ProteinReference2958,abstraction:NeighborOf,reactome:ProteinReference2963
reactome:ProteinReference8678,abstraction:NeighborOf,reactome:ProteinReference8728
reactome:ProteinReference6773,abstraction:NeighborOf,reactome:ProteinReference9713
reactome:ProteinReference5945,abstraction:NeighborOf,reactome:ProteinReference5946
reactome:ProteinReference2825,abstraction:NeighborOf,reactome:ProteinReference3038
reactome:ProteinReference2876,abstraction:NeighborOf,reactome:ProteinReference2979
reactome:ProteinReference10838,abstraction:NeighborOf,reactome:ProteinReference7503
reactome:ProteinReference8718,abstraction:NeighborOf,reactome:ProteinReference8727
reactome:ProteinReference2445,abstraction:NeighborOf,reactome:ProteinReference2468
reactome:ProteinReference9954,abstraction:NeighborOf,reactome:ProteinReference9955
reactome:ProteinReference2860,abstraction:NeighborOf,reactome:ProteinReference2933
reactome:ProteinReference5300,abstraction:NeighborOf,reactome:ProteinReference8322
reactome:ProteinReference8696,abstraction:NeighborOf,reactome:ProteinReference8735
reactome:ProteinReference8666,abstraction:NeighborOf,reactome:ProteinReference8700
reactome:ProteinReference6759,abstraction:NeighborOf,reactome:ProteinReference8727
reactome:ProteinReference1736,abstraction:NeighborOf,reactome:ProteinReference4407
reactome:ProteinReference9286,abstraction:NeighborOf,reactome:ProteinReference9709
reactome:ProteinReference8644,abstraction:NeighborOf,reactome:ProteinReference8669
reactome:ProteinReference3851,abstraction:NeighborOf,reactome:ProteinReference4979
reactome:ProteinReference8652,abstraction:NeighborOf,reactome:ProteinReference8731
reactome:ProteinReference8670,abstraction:NeighborOf,reactome:ProteinReference8735
reactome:ProteinReference4163,abstraction:NeighborOf,reactome:ProteinReference4253
reactome:ProteinReference6511,abstraction:NeighborOf,reactome:ProteinReference9587
reactome:ProteinReference4538,abstraction:NeighborOf,reactome:ProteinReference6937
reactome:ProteinReference5234,abstraction:NeighborOf,reactome:ProteinReference7249
reactome:ProteinReference8659,abstraction:NeighborOf,reactome:ProteinReference8692
reactome:ProteinReference9799,abstraction:NeighborOf,reactome:ProteinReference9800
reactome:ProteinReference8716,abstraction:NeighborOf,reactome:ProteinReference8720
reactome:ProteinReference8645,abstraction:NeighborOf,reactome:ProteinReference8715
reactome:ProteinReference1096,abstraction:NeighborOf,reactome:ProteinReference1111
reactome:ProteinReference5410,abstraction:NeighborOf,reactome:ProteinReference5411
reactome:ProteinReference8645,abstraction:NeighborOf,reactome:ProteinReference8657
reactome:ProteinReference8664,abstraction:NeighborOf,reactome:ProteinReference8667
reactome:ProteinReference8564,abstraction:NeighborOf,reactome:ProteinReference8789
reactome:ProteinReference2984,abstraction:NeighborOf,reactome:ProteinReference2998
reactome:ProteinReference3630,abstraction:NeighborOf,reactome:ProteinReference3631
reactome:ProteinReference6048,abstraction:NeighborOf,reactome:ProteinReference7568
reactome:ProteinReference2876,abstraction:NeighborOf,reactome:ProteinReference2962
reactome:ProteinReference8661,abstraction:NeighborOf,reactome:ProteinReference8735
reactome:ProteinReference11381,abstraction:NeighborOf,reactome:ProteinReference6514
reactome:ProteinReference8719,abstraction:NeighborOf,reactome:ProteinReference8722
reactome:ProteinReference8643,abstraction:NeighborOf,reactome:ProteinReference8714
reactome:ProteinReference2872,abstraction:NeighborOf,reactome:ProteinReference2875
reactome:ProteinReference4515,abstraction:NeighborOf,reactome:ProteinReference9024
reactome:ProteinReference2927,abstraction:NeighborOf,reactome:ProteinReference2960
reactome:ProteinReference8697,abstraction:NeighborOf,reactome:ProteinReference8730
reactome:ProteinReference11381,abstraction:NeighborOf,reactome:ProteinReference6516
reactome:ProteinReference11275,abstraction:NeighborOf,reactome:ProteinReference8740
reactome:ProteinReference5038,abstraction:NeighborOf,reactome:ProteinReference5039
reactome:ProteinReference9280,abstraction:NeighborOf,reactome:ProteinReference9281
reactome:ProteinReference9713,abstraction:NeighborOf,reactome:ProteinReference9720
reactome:ProteinReference10829,abstraction:NeighborOf,reactome:ProteinReference5190
reactome:ProteinReference1098,abstraction:NeighborOf,reactome:ProteinReference1118
reactome:ProteinReference11040,abstraction:NeighborOf,reactome:ProteinReference767
reactome:ProteinReference8675,abstraction:NeighborOf,reactome:ProteinReference8681
reactome:ProteinReference6759,abstraction:NeighborOf,reactome:ProteinReference8732
reactome:ProteinReference3836,abstraction:NeighborOf,reactome:ProteinReference4583
reactome:ProteinReference5296,abstraction:NeighborOf,reactome:ProteinReference5307
reactome:ProteinReference4582,abstraction:NeighborOf,reactome:ProteinReference4680
reactome:ProteinReference2956,abstraction:NeighborOf,reactome:ProteinReference2959
reactome:ProteinReference6071,abstraction:NeighborOf,reactome:ProteinReference6072
reactome:ProteinReference89,abstraction:NeighborOf,reactome:ProteinReference90
reactome:ProteinReference8625,abstraction:NeighborOf,reactome:ProteinReference8629
reactome:ProteinReference8642,abstraction:NeighborOf,reactome:ProteinReference8757
reactome:ProteinReference8661,abstraction:NeighborOf,reactome:ProteinReference8725
reactome:ProteinReference2936,abstraction:NeighborOf,reactome:ProteinReference2956
reactome:ProteinReference2866,abstraction:NeighborOf,reactome:ProteinReference2867
reactome:ProteinReference9021,abstraction:NeighborOf,reactome:ProteinReference9022
reactome:ProteinReference2852,abstraction:NeighborOf,reactome:ProteinReference2989
reactome:ProteinReference8677,abstraction:NeighborOf,reactome:ProteinReference8746
reactome:ProteinReference1811,abstraction:NeighborOf,reactome:ProteinReference8567
reactome:ProteinReference5133,abstraction:NeighborOf,reactome:ProteinReference5140
reactome:ProteinReference59,abstraction:NeighborOf,reactome:ProteinReference62
reactome:ProteinReference8646,abstraction:NeighborOf,reactome:ProteinReference8649
reactome:ProteinReference2468,abstraction:NeighborOf,reactome:ProteinReference3201
reactome:ProteinReference2447,abstraction:NeighborOf,reactome:ProteinReference3184
reactome:ProteinReference8694,abstraction:NeighborOf,reactome:ProteinReference8696
reactome:ProteinReference7660,abstraction:NeighborOf,reactome:ProteinReference7663
reactome:ProteinReference8660,abstraction:NeighborOf,reactome:ProteinReference8731
reactome:ProteinReference8661,abstraction:NeighborOf,reactome:ProteinReference8708
reactome:ProteinReference9953,abstraction:NeighborOf,reactome:ProteinReference9955
reactome:ProteinReference8732,abstraction:NeighborOf,reactome:ProteinReference8734
reactome:ProteinReference8657,abstraction:NeighborOf,reactome:ProteinReference8671
reactome:ProteinReference4383,abstraction:NeighborOf,reactome:ProteinReference4477
reactome:ProteinReference8748,abstraction:NeighborOf,reactome:ProteinReference8754
reactome:ProteinReference8687,abstraction:NeighborOf,reactome:ProteinReference8764
reactome:ProteinReference8747,abstraction:NeighborOf,reactome:ProteinReference8749
reactome:ProteinReference2936,abstraction:NeighborOf,reactome:ProteinReference2959
reactome:ProteinReference2904,abstraction:NeighborOf,reactome:ProteinReference2937
reactome:ProteinReference2985,abstraction:NeighborOf,reactome:ProteinReference2996
reactome:ProteinReference5155,abstraction:NeighborOf,reactome:ProteinReference7568
reactome:ProteinReference2875,abstraction:NeighborOf,reactome:ProteinReference2907
reactome:ProteinReference4501,abstraction:NeighborOf,reactome:ProteinReference4512
reactome:ProteinReference4422,abstraction:NeighborOf,reactome:ProteinReference5303
reactome:ProteinReference8754,abstraction:NeighborOf,reactome:ProteinReference8764
reactome:ProteinReference5292,abstraction:NeighborOf,reactome:ProteinReference5303
reactome:ProteinReference8696,abstraction:NeighborOf,reactome:ProteinReference8699
reactome:ProteinReference4113,abstraction:NeighborOf,reactome:ProteinReference8624
reactome:ProteinReference9709,abstraction:NeighborOf,reactome:ProteinReference9714
reactome:ProteinReference10867,abstraction:NeighborOf,reactome:ProteinReference6774
reactome:ProteinReference1798,abstraction:NeighborOf,reactome:ProteinReference1802
reactome:ProteinReference4501,abstraction:NeighborOf,reactome:ProteinReference9022
reactome:ProteinReference5426,abstraction:NeighborOf,reactome:ProteinReference6985
reactome:ProteinReference642,abstraction:NeighborOf,reactome:ProteinReference8907
reactome:ProteinReference2850,abstraction:NeighborOf,reactome:ProteinReference3004
reactome:ProteinReference8670,abstraction:NeighborOf,reactome:ProteinReference8699
reactome:ProteinReference8994,abstraction:NeighborOf,reactome:ProteinReference8996
reactome:ProteinReference10810,abstraction:NeighborOf,reactome:ProteinReference10812
reactome:ProteinReference8722,abstraction:NeighborOf,reactome:ProteinReference8726
reactome:ProteinReference8709,abstraction:NeighborOf,reactome:ProteinReference8723
reactome:ProteinReference7045,abstraction:NeighborOf,reactome:ProteinReference7062
reactome:ProteinReference8645,abstraction:NeighborOf,reactome:ProteinReference8700
reactome:ProteinReference6148,abstraction:NeighborOf,reactome:ProteinReference8227
reactome:ProteinReference8666,abstraction:NeighborOf,reactome:ProteinReference8671
reactome:ProteinReference1204,abstraction:NeighborOf,reactome:ProteinReference5424
reactome:ProteinReference8696,abstraction:NeighborOf,reactome:ProteinReference8702
reactome:ProteinReference2098,abstraction:NeighborOf,reactome:ProteinReference6201
reactome:ProteinReference2828,abstraction:NeighborOf,reactome:ProteinReference2830
reactome:ProteinReference3067,abstraction:NeighborOf,reactome:ProteinReference9703
reactome:ProteinReference2927,abstraction:NeighborOf,reactome:ProteinReference2928
reactome:ProteinReference8661,abstraction:NeighborOf,reactome:ProteinReference8699
reactome:ProteinReference4580,abstraction:NeighborOf,reactome:ProteinReference6957
reactome:ProteinReference8642,abstraction:NeighborOf,reactome:ProteinReference8684
reactome:ProteinReference1065,abstraction:NeighborOf,reactome:ProteinReference1351
reactome:ProteinReference1115,abstraction:NeighborOf,reactome:ProteinReference1119
reactome:ProteinReference2929,abstraction:NeighborOf,reactome:ProteinReference3000
reactome:ProteinReference5004,abstraction:NeighborOf,reactome:ProteinReference9020
reactome:ProteinReference1807,abstraction:NeighborOf,reactome:ProteinReference6136
reactome:ProteinReference5957,abstraction:NeighborOf,reactome:ProteinReference8567
reactome:ProteinReference2875,abstraction:NeighborOf,reactome:ProteinReference2928
reactome:ProteinReference2938,abstraction:NeighborOf,reactome:ProteinReference2960
reactome:ProteinReference6396,abstraction:NeighborOf,reactome:ProteinReference6509
reactome:ProteinReference659,abstraction:NeighborOf,reactome:ProteinReference8361
reactome:ProteinReference8649,abstraction:NeighborOf,reactome:ProteinReference8709
reactome:ProteinReference4138,abstraction:NeighborOf,reactome:ProteinReference4180
reactome:ProteinReference8674,abstraction:NeighborOf,reactome:ProteinReference8692
reactome:ProteinReference3891,abstraction:NeighborOf,reactome:ProteinReference9807
reactome:ProteinReference4487,abstraction:NeighborOf,reactome:ProteinReference8383
reactome:ProteinReference1102,abstraction:NeighborOf,reactome:ProteinReference1108
reactome:ProteinReference3918,abstraction:NeighborOf,reactome:ProteinReference3921
reactome:ProteinReference8698,abstraction:NeighborOf,reactome:ProteinReference8735
reactome:ProteinReference1088,abstraction:NeighborOf,reactome:ProteinReference4410
reactome:ProteinReference8672,abstraction:NeighborOf,reactome:ProteinReference8696
reactome:ProteinReference6924,abstraction:NeighborOf,reactome:ProteinReference6927
reactome:ProteinReference2933,abstraction:NeighborOf,reactome:ProteinReference2937
reactome:ProteinReference4456,abstraction:NeighborOf,reactome:ProteinReference9086
reactome:ProteinReference8697,abstraction:NeighborOf,reactome:ProteinReference8711
reactome:ProteinReference8696,abstraction:NeighborOf,reactome:ProteinReference8701
reactome:ProteinReference4385,abstraction:NeighborOf,reactome:ProteinReference6101
reactome:ProteinReference8564,abstraction:NeighborOf,reactome:ProteinReference9704
reactome:ProteinReference8702,abstraction:NeighborOf,reactome:ProteinReference8719
reactome:ProteinReference2825,abstraction:NeighborOf,reactome:ProteinReference2855
reactome:ProteinReference10777,abstraction:NeighborOf,reactome:ProteinReference7660
reactome:ProteinReference2959,abstraction:NeighborOf,reactome:ProteinReference2980
reactome:ProteinReference6178,abstraction:NeighborOf,reactome:ProteinReference6188
reactome:ProteinReference8670,abstraction:NeighborOf,reactome:ProteinReference8701
reactome:ProteinReference2447,abstraction:NeighborOf,reactome:ProteinReference2475
reactome:ProteinReference2858,abstraction:NeighborOf,reactome:ProteinReference2860
reactome:ProteinReference9286,abstraction:NeighborOf,reactome:ProteinReference9712
reactome:ProteinReference8662,abstraction:NeighborOf,reactome:ProteinReference8713
reactome:ProteinReference1736,abstraction:NeighborOf,reactome:ProteinReference5331
reactome:ProteinReference10776,abstraction:NeighborOf,reactome:ProteinReference10781
reactome:ProteinReference8652,abstraction:NeighborOf,reactome:ProteinReference8753
reactome:ProteinReference8192,abstraction:NeighborOf,reactome:ProteinReference8222
reactome:ProteinReference2926,abstraction:NeighborOf,reactome:ProteinReference3234
reactome:ProteinReference3067,abstraction:NeighborOf,reactome:ProteinReference9708
reactome:ProteinReference2963,abstraction:NeighborOf,reactome:ProteinReference2971
reactome:ProteinReference9713,abstraction:NeighborOf,reactome:ProteinReference9714
reactome:ProteinReference2978,abstraction:NeighborOf,reactome:ProteinReference2979
reactome:ProteinReference2996,abstraction:NeighborOf,reactome:ProteinReference2999
reactome:ProteinReference10478,abstraction:NeighborOf,reactome:ProteinReference8601
reactome:ProteinReference3049,abstraction:NeighborOf,reactome:ProteinReference3195
reactome:ProteinReference8758,abstraction:NeighborOf,reactome:ProteinReference8765
reactome:ProteinReference8696,abstraction:NeighborOf,reactome:ProteinReference8723
reactome:ProteinReference10757,abstraction:NeighborOf,reactome:ProteinReference10761
reactome:ProteinReference2907,abstraction:NeighborOf,reactome:ProteinReference2928
reactome:ProteinReference8282,abstraction:NeighborOf,reactome:ProteinReference8398
reactome:ProteinReference8656,abstraction:NeighborOf,reactome:ProteinReference8680
reactome:ProteinReference4777,abstraction:NeighborOf,reactome:ProteinReference9286
reactome:ProteinReference5420,abstraction:NeighborOf,reactome:ProteinReference6050
reactome:ProteinReference1907,abstraction:NeighborOf,reactome:ProteinReference1909
reactome:ProteinReference2957,abstraction:NeighborOf,reactome:ProteinReference2974
reactome:ProteinReference8670,abstraction:NeighborOf,reactome:ProteinReference8723
reactome:ProteinReference3210,abstraction:NeighborOf,reactome:ProteinReference3213
reactome:ProteinReference8668,abstraction:NeighborOf,reactome:ProteinReference8759
reactome:ProteinReference766,abstraction:NeighborOf,reactome:ProteinReference767
reactome:ProteinReference5036,abstraction:NeighborOf,reactome:ProteinReference5039
reactome:ProteinReference2447,abstraction:NeighborOf,reactome:ProteinReference3202
reactome:ProteinReference1061,abstraction:NeighborOf,reactome:ProteinReference6032
reactome:ProteinReference8665,abstraction:NeighborOf,reactome:ProteinReference8766
reactome:ProteinReference8750,abstraction:NeighborOf,reactome:ProteinReference8764
reactome:ProteinReference10454,abstraction:NeighborOf,reactome:ProteinReference9960
reactome:ProteinReference5155,abstraction:NeighborOf,reactome:ProteinReference7571
reactome:ProteinReference6292,abstraction:NeighborOf,reactome:ProteinReference9365
reactome:ProteinReference2850,abstraction:NeighborOf,reactome:ProteinReference2860
reactome:ProteinReference5748,abstraction:NeighborOf,reactome:ProteinReference5749
reactome:ProteinReference2465,abstraction:NeighborOf,reactome:ProteinReference2474
reactome:ProteinReference7503,abstraction:NeighborOf,reactome:ProteinReference7511
reactome:ProteinReference8644,abstraction:NeighborOf,reactome:ProteinReference8763
reactome:ProteinReference8753,abstraction:NeighborOf,reactome:ProteinReference8759
reactome:ProteinReference8661,abstraction:NeighborOf,reactome:ProteinReference8723
reactome:ProteinReference6849,abstraction:NeighborOf,reactome:ProteinReference8210
reactome:ProteinReference2970,abstraction:NeighborOf,reactome:ProteinReference6465
reactome:ProteinReference8697,abstraction:NeighborOf,reactome:ProteinReference8707
reactome:ProteinReference10838,abstraction:NeighborOf,reactome:ProteinReference7330
reactome:ProteinReference8665,abstraction:NeighborOf,reactome:ProteinReference8673
reactome:ProteinReference9446,abstraction:NeighborOf,reactome:ProteinReference9955
reactome:ProteinReference7023,abstraction:NeighborOf,reactome:ProteinReference7024
reactome:ProteinReference1102,abstraction:NeighborOf,reactome:ProteinReference1111
reactome:ProteinReference2990,abstraction:NeighborOf,reactome:ProteinReference6172
reactome:ProteinReference8649,abstraction:NeighborOf,reactome:ProteinReference8736
reactome:ProteinReference7764,abstraction:NeighborOf,reactome:ProteinReference7765
reactome:ProteinReference5317,abstraction:NeighborOf,reactome:ProteinReference5327
reactome:ProteinReference1111,abstraction:NeighborOf,reactome:ProteinReference1114
reactome:ProteinReference6516,abstraction:NeighborOf,reactome:ProteinReference8770
reactome:ProteinReference8530,abstraction:NeighborOf,reactome:ProteinReference8538
reactome:ProteinReference8625,abstraction:NeighborOf,reactome:ProteinReference8627
reactome:ProteinReference1067,abstraction:NeighborOf,reactome:ProteinReference1123
reactome:ProteinReference8672,abstraction:NeighborOf,reactome:ProteinReference8731
reactome:ProteinReference8698,abstraction:NeighborOf,reactome:ProteinReference8699
reactome:ProteinReference8646,abstraction:NeighborOf,reactome:ProteinReference8734
reactome:ProteinReference5942,abstraction:NeighborOf,reactome:ProteinReference6182
reactome:ProteinReference10385,abstraction:NeighborOf,reactome:ProteinReference4611
reactome:ProteinReference5124,abstraction:NeighborOf,reactome:ProteinReference5128
reactome:ProteinReference8688,abstraction:NeighborOf,reactome:ProteinReference8692
reactome:ProteinReference8659,abstraction:NeighborOf,reactome:ProteinReference8714
reactome:ProteinReference2899,abstraction:NeighborOf,reactome:ProteinReference2926
reactome:ProteinReference8714,abstraction:NeighborOf,reactome:ProteinReference8724
reactome:ProteinReference3073,abstraction:NeighborOf,reactome:ProteinReference3074
reactome:ProteinReference8675,abstraction:NeighborOf,reactome:ProteinReference8722
reactome:ProteinReference5418,abstraction:NeighborOf,reactome:ProteinReference9092
reactome:ProteinReference9760,abstraction:NeighborOf,reactome:ProteinReference9766
reactome:ProteinReference5155,abstraction:NeighborOf,reactome:ProteinReference7602
reactome:ProteinReference4512,abstraction:NeighborOf,reactome:ProteinReference5004
reactome:ProteinReference2460,abstraction:NeighborOf,reactome:ProteinReference2469
reactome:ProteinReference10778,abstraction:NeighborOf,reactome:ProteinReference10783
reactome:ProteinReference2462,abstraction:NeighborOf,reactome:ProteinReference3184
reactome:ProteinReference2539,abstraction:NeighborOf,reactome:ProteinReference5110
reactome:ProteinReference8704,abstraction:NeighborOf,reactome:ProteinReference8724
reactome:ProteinReference8646,abstraction:NeighborOf,reactome:ProteinReference8659
reactome:ProteinReference2850,abstraction:NeighborOf,reactome:ProteinReference2858
reactome:ProteinReference10754,abstraction:NeighborOf,reactome:ProteinReference10760
reactome:ProteinReference4458,abstraction:NeighborOf,reactome:ProteinReference9039
reactome:ProteinReference6861,abstraction:NeighborOf,reactome:ProteinReference9750
reactome:ProteinReference1065,abstraction:NeighborOf,reactome:ProteinReference1089
reactome:ProteinReference8643,abstraction:NeighborOf,reactome:ProteinReference8662
reactome:ProteinReference8661,abstraction:NeighborOf,reactome:ProteinReference8668
reactome:ProteinReference8689,abstraction:NeighborOf,reactome:ProteinReference8719
reactome:ProteinReference8699,abstraction:NeighborOf,reactome:ProteinReference8726
reactome:ProteinReference4443,abstraction:NeighborOf,reactome:ProteinReference9064
reactome:ProteinReference1063,abstraction:NeighborOf,reactome:ProteinReference1141
reactome:ProteinReference2937,abstraction:NeighborOf,reactome:ProteinReference2963
reactome:ProteinReference9702,abstraction:NeighborOf,reactome:ProteinReference9707
reactome:ProteinReference5510,abstraction:NeighborOf,reactome:ProteinReference5763
reactome:ProteinReference6162,abstraction:NeighborOf,reactome:ProteinReference8733
reactome:ProteinReference10688,abstraction:NeighborOf,reactome:ProteinReference10690
reactome:ProteinReference2473,abstraction:NeighborOf,reactome:ProteinReference3201
reactome:ProteinReference1893,abstraction:NeighborOf,reactome:ProteinReference1894
reactome:ProteinReference2928,abstraction:NeighborOf,reactome:ProteinReference2972
reactome:ProteinReference8135,abstraction:NeighborOf,reactome:ProteinReference8137
reactome:ProteinReference5276,abstraction:NeighborOf,reactome:ProteinReference7856
reactome:ProteinReference6244,abstraction:NeighborOf,reactome:ProteinReference6254
reactome:ProteinReference8698,abstraction:NeighborOf,reactome:ProteinReference8701
reactome:ProteinReference2932,abstraction:NeighborOf,reactome:ProteinReference2987
reactome:ProteinReference5500,abstraction:NeighborOf,reactome:ProteinReference5504
reactome:ProteinReference2832,abstraction:NeighborOf,reactome:ProteinReference3037
reactome:ProteinReference2876,abstraction:NeighborOf,reactome:ProteinReference3001
reactome:ProteinReference10820,abstraction:NeighborOf,reactome:ProteinReference5276
reactome:ProteinReference8703,abstraction:NeighborOf,reactome:ProteinReference8737
reactome:ProteinReference5276,abstraction:NeighborOf,reactome:ProteinReference7557
reactome:ProteinReference8647,abstraction:NeighborOf,reactome:ProteinReference8673
reactome:ProteinReference3090,abstraction:NeighborOf,reactome:ProteinReference3091
reactome:ProteinReference2824,abstraction:NeighborOf,reactome:ProteinReference2995
reactome:ProteinReference10677,abstraction:NeighborOf,reactome:ProteinReference10681
reactome:ProteinReference4383,abstraction:NeighborOf,reactome:ProteinReference4479
reactome:ProteinReference1061,abstraction:NeighborOf,reactome:ProteinReference9052
reactome:ProteinReference10474,abstraction:NeighborOf,reactome:ProteinReference10477
reactome:ProteinReference8718,abstraction:NeighborOf,reactome:ProteinReference8720
reactome:ProteinReference8751,abstraction:NeighborOf,reactome:ProteinReference8759
reactome:ProteinReference5163,abstraction:NeighborOf,reactome:ProteinReference5415
reactome:ProteinReference8647,abstraction:NeighborOf,reactome:ProteinReference8657
reactome:ProteinReference8896,abstraction:NeighborOf,reactome:ProteinReference8904
reactome:ProteinReference4445,abstraction:NeighborOf,reactome:ProteinReference5234
reactome:ProteinReference5294,abstraction:NeighborOf,reactome:ProteinReference5300
reactome:ProteinReference4114,abstraction:NeighborOf,reactome:ProteinReference5635
reactome:ProteinReference6759,abstraction:NeighborOf,reactome:ProteinReference8692
reactome:ProteinReference8678,abstraction:NeighborOf,reactome:ProteinReference8709
reactome:ProteinReference10836,abstraction:NeighborOf,reactome:ProteinReference7331
reactome:ProteinReference1032,abstraction:NeighborOf,reactome:ProteinReference2167
reactome:ProteinReference1023,abstraction:NeighborOf,reactome:ProteinReference3647
reactome:ProteinReference2913,abstraction:NeighborOf,reactome:ProteinReference2933
reactome:ProteinReference6418,abstraction:NeighborOf,reactome:ProteinReference6419
reactome:ProteinReference8661,abstraction:NeighborOf,reactome:ProteinReference8669
reactome:ProteinReference5294,abstraction:NeighborOf,reactome:ProteinReference5308
reactome:ProteinReference5295,abstraction:NeighborOf,reactome:ProteinReference5303
reactome:ProteinReference5213,abstraction:NeighborOf,reactome:ProteinReference5214
reactome:ProteinReference4627,abstraction:NeighborOf,reactome:ProteinReference5214
reactome:ProteinReference2454,abstraction:NeighborOf,reactome:ProteinReference2460
reactome:ProteinReference2865,abstraction:NeighborOf,reactome:ProteinReference2868
reactome:ProteinReference7721,abstraction:NeighborOf,reactome:ProteinReference9948
reactome:ProteinReference8705,abstraction:NeighborOf,reactome:ProteinReference8734
reactome:ProteinReference10778,abstraction:NeighborOf,reactome:ProteinReference10784
reactome:ProteinReference8698,abstraction:NeighborOf,reactome:ProteinReference8723
reactome:ProteinReference8645,abstraction:NeighborOf,reactome:ProteinReference8665
reactome:ProteinReference3067,abstraction:NeighborOf,reactome:ProteinReference6773
reactome:ProteinReference8666,abstraction:NeighborOf,reactome:ProteinReference8733
reactome:ProteinReference8713,abstraction:NeighborOf,reactome:ProteinReference8737
reactome:ProteinReference2873,abstraction:NeighborOf,reactome:ProteinReference2935
reactome:ProteinReference3204,abstraction:NeighborOf,reactome:ProteinReference3233
reactome:ProteinReference8665,abstraction:NeighborOf,reactome:ProteinReference8748
reactome:ProteinReference8687,abstraction:NeighborOf,reactome:ProteinReference8752
reactome:ProteinReference6162,abstraction:NeighborOf,reactome:ProteinReference8698
reactome:ProteinReference2462,abstraction:NeighborOf,reactome:ProteinReference2475
reactome:ProteinReference2982,abstraction:NeighborOf,reactome:ProteinReference2993
reactome:ProteinReference10634,abstraction:NeighborOf,reactome:ProteinReference8637
reactome:ProteinReference8711,abstraction:NeighborOf,reactome:ProteinReference8712
reactome:ProteinReference8714,abstraction:NeighborOf,reactome:ProteinReference8715
reactome:ProteinReference2859,abstraction:NeighborOf,reactome:ProteinReference2861
reactome:ProteinReference8719,abstraction:NeighborOf,reactome:ProteinReference8726
reactome:ProteinReference1736,abstraction:NeighborOf,reactome:ProteinReference4473
reactome:ProteinReference2985,abstraction:NeighborOf,reactome:ProteinReference2995
reactome:ProteinReference8665,abstraction:NeighborOf,reactome:ProteinReference8745
reactome:ProteinReference2996,abstraction:NeighborOf,reactome:ProteinReference2998
reactome:ProteinReference8652,abstraction:NeighborOf,reactome:ProteinReference8689
reactome:ProteinReference2957,abstraction:NeighborOf,reactome:ProteinReference2971
reactome:ProteinReference1088,abstraction:NeighborOf,reactome:ProteinReference7716
reactome:ProteinReference175,abstraction:NeighborOf,reactome:ProteinReference7590
reactome:ProteinReference2959,abstraction:NeighborOf,reactome:ProteinReference2972
reactome:ProteinReference8704,abstraction:NeighborOf,reactome:ProteinReference8715
reactome:ProteinReference8747,abstraction:NeighborOf,reactome:ProteinReference8758
reactome:ProteinReference8628,abstraction:NeighborOf,reactome:ProteinReference8631
reactome:ProteinReference655,abstraction:NeighborOf,reactome:ProteinReference656
reactome:ProteinReference6451,abstraction:NeighborOf,reactome:ProteinReference6452
reactome:ProteinReference1815,abstraction:NeighborOf,reactome:ProteinReference6579
reactome:ProteinReference8661,abstraction:NeighborOf,reactome:ProteinReference8670
reactome:ProteinReference8650,abstraction:NeighborOf,reactome:ProteinReference8667
reactome:ProteinReference2854,abstraction:NeighborOf,reactome:ProteinReference2927
reactome:ProteinReference3512,abstraction:NeighborOf,reactome:ProteinReference4357
reactome:ProteinReference8699,abstraction:NeighborOf,reactome:ProteinReference8721
reactome:ProteinReference6162,abstraction:NeighborOf,reactome:ProteinReference8706
reactome:ProteinReference1736,abstraction:NeighborOf,reactome:ProteinReference4409
reactome:ProteinReference3067,abstraction:NeighborOf,reactome:ProteinReference9713
reactome:ProteinReference8707,abstraction:NeighborOf,reactome:ProteinReference8713
reactome:ProteinReference10819,abstraction:NeighborOf,reactome:ProteinReference7856
reactome:ProteinReference2462,abstraction:NeighborOf,reactome:ProteinReference3202
reactome:ProteinReference8713,abstraction:NeighborOf,reactome:ProteinReference8716
reactome:ProteinReference8673,abstraction:NeighborOf,reactome:ProteinReference8679
reactome:ProteinReference8709,abstraction:NeighborOf,reactome:ProteinReference8727
reactome:ProteinReference8726,abstraction:NeighborOf,reactome:ProteinReference8728
reactome:ProteinReference2812,abstraction:NeighborOf,reactome:ProteinReference2930
reactome:ProteinReference6162,abstraction:NeighborOf,reactome:ProteinReference8713
reactome:ProteinReference8666,abstraction:NeighborOf,reactome:ProteinReference8698
reactome:ProteinReference5019,abstraction:NeighborOf,reactome:ProteinReference6244
reactome:ProteinReference10819,abstraction:NeighborOf,reactome:ProteinReference7557
reactome:ProteinReference10685,abstraction:NeighborOf,reactome:ProteinReference1901
reactome:ProteinReference2461,abstraction:NeighborOf,reactome:ProteinReference2474
reactome:ProteinReference5611,abstraction:NeighborOf,reactome:ProteinReference5763
reactome:ProteinReference6104,abstraction:NeighborOf,reactome:ProteinReference6105
reactome:ProteinReference8649,abstraction:NeighborOf,reactome:ProteinReference8738
reactome:ProteinReference6773,abstraction:NeighborOf,reactome:ProteinReference8564
reactome:ProteinReference8645,abstraction:NeighborOf,reactome:ProteinReference8681
reactome:ProteinReference6439,abstraction:NeighborOf,reactome:ProteinReference8371
reactome:ProteinReference8678,abstraction:NeighborOf,reactome:ProteinReference8736
reactome:ProteinReference2935,abstraction:NeighborOf,reactome:ProteinReference2961
reactome:ProteinReference2958,abstraction:NeighborOf,reactome:ProteinReference2971
reactome:ProteinReference8626,abstraction:NeighborOf,reactome:ProteinReference8629
reactome:ProteinReference1067,abstraction:NeighborOf,reactome:ProteinReference1351
reactome:ProteinReference1736,abstraction:NeighborOf,reactome:ProteinReference4386
reactome:ProteinReference2990,abstraction:NeighborOf,reactome:ProteinReference3004
reactome:ProteinReference2897,abstraction:NeighborOf,reactome:ProteinReference2927
reactome:ProteinReference8699,abstraction:NeighborOf,reactome:ProteinReference8717
reactome:ProteinReference9439,abstraction:NeighborOf,reactome:ProteinReference9955
reactome:ProteinReference5331,abstraction:NeighborOf,reactome:ProteinReference5333
reactome:ProteinReference2933,abstraction:NeighborOf,reactome:ProteinReference2963
reactome:ProteinReference2998,abstraction:NeighborOf,reactome:ProteinReference2999
reactome:ProteinReference8710,abstraction:NeighborOf,reactome:ProteinReference8714
reactome:ProteinReference8660,abstraction:NeighborOf,reactome:ProteinReference8689
reactome:ProteinReference8700,abstraction:NeighborOf,reactome:ProteinReference8713
reactome:ProteinReference1098,abstraction:NeighborOf,reactome:ProteinReference1121
reactome:ProteinReference1083,abstraction:NeighborOf,reactome:ProteinReference3562
reactome:ProteinReference2903,abstraction:NeighborOf,reactome:ProteinReference2913
reactome:ProteinReference10475,abstraction:NeighborOf,reactome:ProteinReference10477
reactome:ProteinReference8754,abstraction:NeighborOf,reactome:ProteinReference8758
reactome:ProteinReference8703,abstraction:NeighborOf,reactome:ProteinReference8735
reactome:ProteinReference4422,abstraction:NeighborOf,reactome:ProteinReference5294
reactome:ProteinReference8674,abstraction:NeighborOf,reactome:ProteinReference8719
reactome:ProteinReference7526,abstraction:NeighborOf,reactome:ProteinReference8216
reactome:ProteinReference8709,abstraction:NeighborOf,reactome:ProteinReference8732
reactome:ProteinReference1106,abstraction:NeighborOf,reactome:ProteinReference1108
reactome:ProteinReference5156,abstraction:NeighborOf,reactome:ProteinReference5162
reactome:ProteinReference8662,abstraction:NeighborOf,reactome:ProteinReference8704
reactome:ProteinReference2853,abstraction:NeighborOf,reactome:ProteinReference2874
reactome:ProteinReference5426,abstraction:NeighborOf,reactome:ProteinReference6984
reactome:ProteinReference8719,abstraction:NeighborOf,reactome:ProteinReference8721
reactome:ProteinReference6509,abstraction:NeighborOf,reactome:ProteinReference6510
reactome:ProteinReference10831,abstraction:NeighborOf,reactome:ProteinReference5273
reactome:ProteinReference11036,abstraction:NeighborOf,reactome:ProteinReference6689
reactome:ProteinReference1105,abstraction:NeighborOf,reactome:ProteinReference1106
reactome:ProteinReference3212,abstraction:NeighborOf,reactome:ProteinReference3213
reactome:ProteinReference4584,abstraction:NeighborOf,reactome:ProteinReference8303
reactome:ProteinReference8752,abstraction:NeighborOf,reactome:ProteinReference8757
reactome:ProteinReference8705,abstraction:NeighborOf,reactome:ProteinReference8718
reactome:ProteinReference2872,abstraction:NeighborOf,reactome:ProteinReference2961
reactome:ProteinReference10731,abstraction:NeighborOf,reactome:ProteinReference10734
reactome:ProteinReference2900,abstraction:NeighborOf,reactome:ProteinReference3003
reactome:ProteinReference5937,abstraction:NeighborOf,reactome:ProteinReference7817
reactome:ProteinReference9714,abstraction:NeighborOf,reactome:ProteinReference9716
reactome:ProteinReference10834,abstraction:NeighborOf,reactome:ProteinReference7777
reactome:ProteinReference8990,abstraction:NeighborOf,reactome:ProteinReference8999
reactome:ProteinReference2960,abstraction:NeighborOf,reactome:ProteinReference2992
reactome:ProteinReference2825,abstraction:NeighborOf,reactome:ProteinReference2828
reactome:ProteinReference8659,abstraction:NeighborOf,reactome:ProteinReference8662
reactome:ProteinReference10777,abstraction:NeighborOf,reactome:ProteinReference10783
reactome:ProteinReference3210,abstraction:NeighborOf,reactome:ProteinReference3211
reactome:ProteinReference8703,abstraction:NeighborOf,reactome:ProteinReference8708
reactome:ProteinReference9508,abstraction:NeighborOf,reactome:ProteinReference9545
reactome:ProteinReference8744,abstraction:NeighborOf,reactome:ProteinReference8758
reactome:ProteinReference7628,abstraction:NeighborOf,reactome:ProteinReference7629
reactome:ProteinReference3845,abstraction:NeighborOf,reactome:ProteinReference5502
reactome:ProteinReference8661,abstraction:NeighborOf,reactome:ProteinReference8727
reactome:ProteinReference2978,abstraction:NeighborOf,reactome:ProteinReference2986
reactome:ProteinReference10784,abstraction:NeighborOf,reactome:ProteinReference10785
reactome:ProteinReference2824,abstraction:NeighborOf,reactome:ProteinReference2825
reactome:ProteinReference10563,abstraction:NeighborOf,reactome:ProteinReference6048
reactome:ProteinReference8667,abstraction:NeighborOf,reactome:ProteinReference8695
reactome:ProteinReference1057,abstraction:NeighborOf,reactome:ProteinReference1091
reactome:ProteinReference3712,abstraction:NeighborOf,reactome:ProteinReference6244
reactome:ProteinReference11029,abstraction:NeighborOf,reactome:ProteinReference11033
reactome:ProteinReference8625,abstraction:NeighborOf,reactome:ProteinReference8631
reactome:ProteinReference9758,abstraction:NeighborOf,reactome:ProteinReference9766
reactome:ProteinReference8713,abstraction:NeighborOf,reactome:ProteinReference8725
reactome:ProteinReference622,abstraction:NeighborOf,reactome:ProteinReference633
reactome:ProteinReference2825,abstraction:NeighborOf,reactome:ProteinReference2832
reactome:ProteinReference8647,abstraction:NeighborOf,reactome:ProteinReference8671
reactome:ProteinReference8701,abstraction:NeighborOf,reactome:ProteinReference8709
reactome:ProteinReference8731,abstraction:NeighborOf,reactome:ProteinReference8735
reactome:ProteinReference11433,abstraction:NeighborOf,reactome:ProteinReference6465
reactome:ProteinReference1061,abstraction:NeighborOf,reactome:ProteinReference5420
reactome:ProteinReference5128,abstraction:NeighborOf,reactome:ProteinReference5130
reactome:ProteinReference1106,abstraction:NeighborOf,reactome:ProteinReference1111
reactome:ProteinReference5395,abstraction:NeighborOf,reactome:ProteinReference7330
reactome:ProteinReference10897,abstraction:NeighborOf,reactome:ProteinReference3543
reactome:ProteinReference8665,abstraction:NeighborOf,reactome:ProteinReference8686
reactome:ProteinReference7821,abstraction:NeighborOf,reactome:ProteinReference7824
reactome:ProteinReference1736,abstraction:NeighborOf,reactome:ProteinReference5330
reactome:ProteinReference2787,abstraction:NeighborOf,reactome:ProteinReference9439
reactome:ProteinReference8717,abstraction:NeighborOf,reactome:ProteinReference8733
reactome:ProteinReference8644,abstraction:NeighborOf,reactome:ProteinReference8672
reactome:ProteinReference8669,abstraction:NeighborOf,reactome:ProteinReference8672
reactome:ProteinReference1718,abstraction:NeighborOf,reactome:ProteinReference2597
reactome:ProteinReference6846,abstraction:NeighborOf,reactome:ProteinReference8101
reactome:ProteinReference2469,abstraction:NeighborOf,reactome:ProteinReference3201
reactome:ProteinReference8678,abstraction:NeighborOf,reactome:ProteinReference8729
reactome:ProteinReference8701,abstraction:NeighborOf,reactome:ProteinReference8722
reactome:ProteinReference1091,abstraction:NeighborOf,reactome:ProteinReference7821
reactome:ProteinReference8642,abstraction:NeighborOf,reactome:ProteinReference8644
reactome:ProteinReference2927,abstraction:NeighborOf,reactome:ProteinReference2937
reactome:ProteinReference8750,abstraction:NeighborOf,reactome:ProteinReference8758
reactome:ProteinReference8668,abstraction:NeighborOf,reactome:ProteinReference8763
reactome:ProteinReference8661,abstraction:NeighborOf,reactome:ProteinReference8732
reactome:ProteinReference8674,abstraction:NeighborOf,reactome:ProteinReference8679
reactome:ProteinReference8764,abstraction:NeighborOf,reactome:ProteinReference8765
reactome:ProteinReference10477,abstraction:NeighborOf,reactome:ProteinReference8610
reactome:ProteinReference68,abstraction:NeighborOf,reactome:ProteinReference71
reactome:ProteinReference2989,abstraction:NeighborOf,reactome:ProteinReference2993
reactome:ProteinReference3233,abstraction:NeighborOf,reactome:ProteinReference3234
reactome:ProteinReference2875,abstraction:NeighborOf,reactome:ProteinReference2937
reactome:ProteinReference2806,abstraction:NeighborOf,reactome:ProteinReference7721
reactome:ProteinReference6171,abstraction:NeighborOf,reactome:ProteinReference8781
reactome:ProteinReference1067,abstraction:NeighborOf,reactome:ProteinReference1089
reactome:ProteinReference1098,abstraction:NeighborOf,reactome:ProteinReference1113
reactome:ProteinReference8697,abstraction:NeighborOf,reactome:ProteinReference8702
reactome:ProteinReference3209,abstraction:NeighborOf,reactome:ProteinReference3220
reactome:ProteinReference4538,abstraction:NeighborOf,reactome:ProteinReference6938
reactome:ProteinReference2875,abstraction:NeighborOf,reactome:ProteinReference2911
reactome:ProteinReference8753,abstraction:NeighborOf,reactome:ProteinReference8763
reactome:ProteinReference3509,abstraction:NeighborOf,reactome:ProteinReference6693
reactome:ProteinReference8675,abstraction:NeighborOf,reactome:ProteinReference8726
reactome:ProteinReference1105,abstraction:NeighborOf,reactome:ProteinReference1112
reactome:ProteinReference8660,abstraction:NeighborOf,reactome:ProteinReference8673
reactome:ProteinReference4114,abstraction:NeighborOf,reactome:ProteinReference4137
reactome:ProteinReference8645,abstraction:NeighborOf,reactome:ProteinReference8709
reactome:ProteinReference5126,abstraction:NeighborOf,reactome:ProteinReference5128
reactome:ProteinReference8284,abstraction:NeighborOf,reactome:ProteinReference9861
reactome:ProteinReference8714,abstraction:NeighborOf,reactome:ProteinReference8728
reactome:ProteinReference8649,abstraction:NeighborOf,reactome:ProteinReference8666
reactome:ProteinReference8649,abstraction:NeighborOf,reactome:ProteinReference8721
reactome:ProteinReference3203,abstraction:NeighborOf,reactome:ProteinReference3234
reactome:ProteinReference8675,abstraction:NeighborOf,reactome:ProteinReference8680
reactome:ProteinReference8626,abstraction:NeighborOf,reactome:ProteinReference8627
reactome:ProteinReference8678,abstraction:NeighborOf,reactome:ProteinReference8738
reactome:ProteinReference8672,abstraction:NeighborOf,reactome:ProteinReference8689
reactome:ProteinReference5376,abstraction:NeighborOf,reactome:ProteinReference5378
reactome:ProteinReference8730,abstraction:NeighborOf,reactome:ProteinReference8736
reactome:ProteinReference8704,abstraction:NeighborOf,reactome:ProteinReference8728
reactome:ProteinReference2956,abstraction:NeighborOf,reactome:ProteinReference2979
reactome:ProteinReference8712,abstraction:NeighborOf,reactome:ProteinReference8722
reactome:ProteinReference8697,abstraction:NeighborOf,reactome:ProteinReference8701
reactome:ProteinReference3451,abstraction:NeighborOf,reactome:ProteinReference3622
reactome:ProteinReference4624,abstraction:NeighborOf,reactome:ProteinReference4625
reactome:ProteinReference1736,abstraction:NeighborOf,reactome:ProteinReference4384
reactome:ProteinReference2900,abstraction:NeighborOf,reactome:ProteinReference3002
reactome:ProteinReference8652,abstraction:NeighborOf,reactome:ProteinReference8700
reactome:ProteinReference2984,abstraction:NeighborOf,reactome:ProteinReference2987
reactome:ProteinReference8789,abstraction:NeighborOf,reactome:ProteinReference9720
reactome:ProteinReference5002,abstraction:NeighborOf,reactome:ProteinReference5404
reactome:ProteinReference5004,abstraction:NeighborOf,reactome:ProteinReference9021
reactome:ProteinReference2962,abstraction:NeighborOf,reactome:ProteinReference2999
reactome:ProteinReference8645,abstraction:NeighborOf,reactome:ProteinReference8722
reactome:ProteinReference6091,abstraction:NeighborOf,reactome:ProteinReference9357
reactome:ProteinReference12150,abstraction:NeighborOf,reactome:ProteinReference7128
reactome:ProteinReference2907,abstraction:NeighborOf,reactome:ProteinReference2937
reactome:ProteinReference8692,abstraction:NeighborOf,reactome:ProteinReference8734
reactome:ProteinReference8697,abstraction:NeighborOf,reactome:ProteinReference8724
reactome:ProteinReference2461,abstraction:NeighborOf,reactome:ProteinReference2465
reactome:ProteinReference2854,abstraction:NeighborOf,reactome:ProteinReference2931
reactome:ProteinReference2907,abstraction:NeighborOf,reactome:ProteinReference2911
reactome:ProteinReference2853,abstraction:NeighborOf,reactome:ProteinReference2872
reactome:ProteinReference5382,abstraction:NeighborOf,reactome:ProteinReference5388
reactome:ProteinReference3357,abstraction:NeighborOf,reactome:ProteinReference3358
reactome:ProteinReference5765,abstraction:NeighborOf,reactome:ProteinReference924
reactome:ProteinReference5634,abstraction:NeighborOf,reactome:ProteinReference6401
reactome:ProteinReference6759,abstraction:NeighborOf,reactome:ProteinReference8719
reactome:ProteinReference8723,abstraction:NeighborOf,reactome:ProteinReference8734
reactome:ProteinReference6456,abstraction:NeighborOf,reactome:ProteinReference6462
reactome:ProteinReference8722,abstraction:NeighborOf,reactome:ProteinReference8737
reactome:ProteinReference8703,abstraction:NeighborOf,reactome:ProteinReference8723
reactome:ProteinReference10408,abstraction:NeighborOf,reactome:ProteinReference8936
reactome:ProteinReference2956,abstraction:NeighborOf,reactome:ProteinReference2962
reactome:ProteinReference2872,abstraction:NeighborOf,reactome:ProteinReference2972
reactome:ProteinReference2851,abstraction:NeighborOf,reactome:ProteinReference2956
reactome:ProteinReference4662,abstraction:NeighborOf,reactome:ProteinReference8137
reactome:ProteinReference11460,abstraction:NeighborOf,reactome:ProteinReference1782
reactome:ProteinReference10685,abstraction:NeighborOf,reactome:ProteinReference10689
reactome:ProteinReference8649,abstraction:NeighborOf,reactome:ProteinReference8717
reactome:ProteinReference8721,abstraction:NeighborOf,reactome:ProteinReference8722
reactome:ProteinReference2860,abstraction:NeighborOf,reactome:ProteinReference2931
reactome:ProteinReference8737,abstraction:NeighborOf,reactome:ProteinReference8738
reactome:ProteinReference3733,abstraction:NeighborOf,reactome:ProteinReference3940
reactome:ProteinReference10358,abstraction:NeighborOf,reactome:ProteinReference5074
reactome:ProteinReference8662,abstraction:NeighborOf,reactome:ProteinReference8705
reactome:ProteinReference8646,abstraction:NeighborOf,reactome:ProteinReference8731
reactome:ProteinReference2905,abstraction:NeighborOf,reactome:ProteinReference2937
reactome:ProteinReference63,abstraction:NeighborOf,reactome:ProteinReference65
reactome:ProteinReference2448,abstraction:NeighborOf,reactome:ProteinReference3201
reactome:ProteinReference5063,abstraction:NeighborOf,reactome:ProteinReference8301
reactome:ProteinReference2936,abstraction:NeighborOf,reactome:ProteinReference2962
reactome:ProteinReference1736,abstraction:NeighborOf,reactome:ProteinReference4410
reactome:ProteinReference8751,abstraction:NeighborOf,reactome:ProteinReference8763
reactome:ProteinReference4567,abstraction:NeighborOf,reactome:ProteinReference8996
reactome:ProteinReference2822,abstraction:NeighborOf,reactome:ProteinReference2830
reactome:ProteinReference2897,abstraction:NeighborOf,reactome:ProteinReference2931
reactome:ProteinReference9286,abstraction:NeighborOf,reactome:ProteinReference9716
reactome:ProteinReference7760,abstraction:NeighborOf,reactome:ProteinReference7761
reactome:ProteinReference6162,abstraction:NeighborOf,reactome:ProteinReference8645
reactome:ProteinReference1594,abstraction:NeighborOf,reactome:ProteinReference1613
reactome:ProteinReference8675,abstraction:NeighborOf,reactome:ProteinReference8721
reactome:ProteinReference3198,abstraction:NeighborOf,reactome:ProteinReference3234
reactome:ProteinReference5947,abstraction:NeighborOf,reactome:ProteinReference5951
reactome:ProteinReference9702,abstraction:NeighborOf,reactome:ProteinReference9715
reactome:ProteinReference5329,abstraction:NeighborOf,reactome:ProteinReference5333
reactome:ProteinReference5384,abstraction:NeighborOf,reactome:ProteinReference9278
reactome:ProteinReference1058,abstraction:NeighborOf,reactome:ProteinReference1090
reactome:ProteinReference8665,abstraction:NeighborOf,reactome:ProteinReference8757
reactome:ProteinReference2937,abstraction:NeighborOf,reactome:ProteinReference2961
reactome:ProteinReference4264,abstraction:NeighborOf,reactome:ProteinReference4271
reactome:ProteinReference8135,abstraction:NeighborOf,reactome:ProteinReference8136
reactome:ProteinReference2833,abstraction:NeighborOf,reactome:ProteinReference3038
reactome:ProteinReference2471,abstraction:NeighborOf,reactome:ProteinReference2472
reactome:ProteinReference8642,abstraction:NeighborOf,reactome:ProteinReference8758
reactome:ProteinReference4580,abstraction:NeighborOf,reactome:ProteinReference6955
reactome:ProteinReference7817,abstraction:NeighborOf,reactome:ProteinReference9838
reactome:ProteinReference5937,abstraction:NeighborOf,reactome:ProteinReference9813
reactome:ProteinReference8643,abstraction:NeighborOf,reactome:ProteinReference8733
reactome:ProteinReference8647,abstraction:NeighborOf,reactome:ProteinReference8681
reactome:ProteinReference2858,abstraction:NeighborOf,reactome:ProteinReference2875
reactome:ProteinReference7107,abstraction:NeighborOf,reactome:ProteinReference7163
reactome:ProteinReference11034,abstraction:NeighborOf,reactome:ProteinReference6689
reactome:ProteinReference8709,abstraction:NeighborOf,reactome:ProteinReference8720
reactome:ProteinReference2991,abstraction:NeighborOf,reactome:ProteinReference2999
reactome:ProteinReference10781,abstraction:NeighborOf,reactome:ProteinReference10782
reactome:ProteinReference2446,abstraction:NeighborOf,reactome:ProteinReference2460
reactome:ProteinReference7761,abstraction:NeighborOf,reactome:ProteinReference9801
reactome:ProteinReference10778,abstraction:NeighborOf,reactome:ProteinReference10785
reactome:ProteinReference1736,abstraction:NeighborOf,reactome:ProteinReference8907
reactome:ProteinReference8700,abstraction:NeighborOf,reactome:ProteinReference8704
reactome:ProteinReference4497,abstraction:NeighborOf,reactome:ProteinReference9721
reactome:ProteinReference7660,abstraction:NeighborOf,reactome:ProteinReference7661
reactome:ProteinReference8708,abstraction:NeighborOf,reactome:ProteinReference8713
reactome:ProteinReference2795,abstraction:NeighborOf,reactome:ProteinReference9439
reactome:ProteinReference8652,abstraction:NeighborOf,reactome:ProteinReference8671
reactome:ProteinReference8675,abstraction:NeighborOf,reactome:ProteinReference8717
reactome:ProteinReference9708,abstraction:NeighborOf,reactome:ProteinReference9720
reactome:ProteinReference2928,abstraction:NeighborOf,reactome:ProteinReference2958
reactome:ProteinReference8671,abstraction:NeighborOf,reactome:ProteinReference8678
reactome:ProteinReference9761,abstraction:NeighborOf,reactome:ProteinReference9767
reactome:ProteinReference2928,abstraction:NeighborOf,reactome:ProteinReference2956
reactome:ProteinReference4564,abstraction:NeighborOf,reactome:ProteinReference8997
reactome:ProteinReference8368,abstraction:NeighborOf,reactome:ProteinReference9598
reactome:ProteinReference5523,abstraction:NeighborOf,reactome:ProteinReference7461
reactome:ProteinReference8705,abstraction:NeighborOf,reactome:ProteinReference8731
reactome:ProteinReference8789,abstraction:NeighborOf,reactome:ProteinReference9714
reactome:ProteinReference8672,abstraction:NeighborOf,reactome:ProteinReference8673
reactome:ProteinReference8746,abstraction:NeighborOf,reactome:ProteinReference8747
reactome:ProteinReference1102,abstraction:NeighborOf,reactome:ProteinReference1107
reactome:ProteinReference2935,abstraction:NeighborOf,reactome:ProteinReference2957
reactome:ProteinReference10838,abstraction:NeighborOf,reactome:ProteinReference7604
reactome:ProteinReference10562,abstraction:NeighborOf,reactome:ProteinReference2884
reactome:ProteinReference7761,abstraction:NeighborOf,reactome:ProteinReference9859
reactome:ProteinReference2792,abstraction:NeighborOf,reactome:ProteinReference9439
reactome:ProteinReference8692,abstraction:NeighborOf,reactome:ProteinReference8718
reactome:ProteinReference6270,abstraction:NeighborOf,reactome:ProteinReference6271
reactome:ProteinReference8646,abstraction:NeighborOf,reactome:ProteinReference8674
reactome:ProteinReference2959,abstraction:NeighborOf,reactome:ProteinReference2978
reactome:ProteinReference1056,abstraction:NeighborOf,reactome:ProteinReference1058
reactome:ProteinReference4497,abstraction:NeighborOf,reactome:ProteinReference4777
reactome:ProteinReference8649,abstraction:NeighborOf,reactome:ProteinReference8697
reactome:ProteinReference10567,abstraction:NeighborOf,reactome:ProteinReference10583
reactome:ProteinReference8725,abstraction:NeighborOf,reactome:ProteinReference8733
reactome:ProteinReference2830,abstraction:NeighborOf,reactome:ProteinReference2981
reactome:ProteinReference8722,abstraction:NeighborOf,reactome:ProteinReference8735
reactome:ProteinReference2851,abstraction:NeighborOf,reactome:ProteinReference2854
reactome:ProteinReference5327,abstraction:NeighborOf,reactome:ProteinReference6115
reactome:ProteinReference8678,abstraction:NeighborOf,reactome:ProteinReference8721
reactome:ProteinReference10405,abstraction:NeighborOf,reactome:ProteinReference2884
reactome:ProteinReference10836,abstraction:NeighborOf,reactome:ProteinReference11029
reactome:ProteinReference8568,abstraction:NeighborOf,reactome:ProteinReference8573
reactome:ProteinReference10802,abstraction:NeighborOf,reactome:ProteinReference5244
reactome:ProteinReference8746,abstraction:NeighborOf,reactome:ProteinReference8753
reactome:ProteinReference1066,abstraction:NeighborOf,reactome:ProteinReference9047
reactome:ProteinReference8696,abstraction:NeighborOf,reactome:ProteinReference8720
reactome:ProteinReference2853,abstraction:NeighborOf,reactome:ProteinReference2854
reactome:ProteinReference1098,abstraction:NeighborOf,reactome:ProteinReference1115
reactome:ProteinReference8643,abstraction:NeighborOf,reactome:ProteinReference8706
reactome:ProteinReference1815,abstraction:NeighborOf,reactome:ProteinReference7846
reactome:ProteinReference8668,abstraction:NeighborOf,reactome:ProteinReference8754
reactome:ProteinReference8660,abstraction:NeighborOf,reactome:ProteinReference8671
reactome:ProteinReference8699,abstraction:NeighborOf,reactome:ProteinReference8737
reactome:ProteinReference8670,abstraction:NeighborOf,reactome:ProteinReference8720
reactome:ProteinReference2474,abstraction:NeighborOf,reactome:ProteinReference3201
reactome:ProteinReference8733,abstraction:NeighborOf,reactome:ProteinReference8734
reactome:ProteinReference6243,abstraction:NeighborOf,reactome:ProteinReference6244
reactome:ProteinReference3100,abstraction:NeighborOf,reactome:ProteinReference3102
reactome:ProteinReference2995,abstraction:NeighborOf,reactome:ProteinReference3003
reactome:ProteinReference8662,abstraction:NeighborOf,reactome:ProteinReference8712
reactome:ProteinReference4512,abstraction:NeighborOf,reactome:ProteinReference9021
reactome:ProteinReference8686,abstraction:NeighborOf,reactome:ProteinReference8759
reactome:ProteinReference4669,abstraction:NeighborOf,reactome:ProteinReference8775
reactome:ProteinReference10688,abstraction:NeighborOf,reactome:ProteinReference6622
reactome:ProteinReference7774,abstraction:NeighborOf,reactome:ProteinReference7779
reactome:ProteinReference10611,abstraction:NeighborOf,reactome:ProteinReference10616
reactome:ProteinReference8643,abstraction:NeighborOf,reactome:ProteinReference8713
reactome:ProteinReference5522,abstraction:NeighborOf,reactome:ProteinReference6859
reactome:ProteinReference8753,abstraction:NeighborOf,reactome:ProteinReference8754
reactome:ProteinReference2978,abstraction:NeighborOf,reactome:ProteinReference2980
reactome:ProteinReference10838,abstraction:NeighborOf,reactome:ProteinReference8244
reactome:ProteinReference3067,abstraction:NeighborOf,reactome:ProteinReference8564
reactome:ProteinReference8661,abstraction:NeighborOf,reactome:ProteinReference8720
reactome:ProteinReference8666,abstraction:NeighborOf,reactome:ProteinReference8726
reactome:ProteinReference4611,abstraction:NeighborOf,reactome:ProteinReference6855
reactome:ProteinReference5485,abstraction:NeighborOf,reactome:ProteinReference5486
reactome:ProteinReference8690,abstraction:NeighborOf,reactome:ProteinReference8761
reactome:ProteinReference8678,abstraction:NeighborOf,reactome:ProteinReference8717
reactome:ProteinReference5050,abstraction:NeighborOf,reactome:ProteinReference5225
reactome:ProteinReference2903,abstraction:NeighborOf,reactome:ProteinReference2932
reactome:ProteinReference8726,abstraction:NeighborOf,reactome:ProteinReference8736
reactome:ProteinReference2973,abstraction:NeighborOf,reactome:ProteinReference2992
reactome:ProteinReference3148,abstraction:NeighborOf,reactome:ProteinReference3150
reactome:ProteinReference1100,abstraction:NeighborOf,reactome:ProteinReference1105
reactome:ProteinReference2932,abstraction:NeighborOf,reactome:ProteinReference2988
reactome:ProteinReference8776,abstraction:NeighborOf,reactome:ProteinReference8803
reactome:ProteinReference2854,abstraction:NeighborOf,reactome:ProteinReference2873
reactome:ProteinReference1379,abstraction:NeighborOf,reactome:ProteinReference1435
reactome:ProteinReference10350,abstraction:NeighborOf,reactome:ProteinReference5163
reactome:ProteinReference9897,abstraction:NeighborOf,reactome:ProteinReference9898
reactome:ProteinReference6512,abstraction:NeighborOf,reactome:ProteinReference6516
reactome:ProteinReference4422,abstraction:NeighborOf,reactome:ProteinReference5306
reactome:ProteinReference5510,abstraction:NeighborOf,reactome:ProteinReference6934
reactome:ProteinReference5907,abstraction:NeighborOf,reactome:ProteinReference7604
reactome:ProteinReference8677,abstraction:NeighborOf,reactome:ProteinReference8747
reactome:ProteinReference8666,abstraction:NeighborOf,reactome:ProteinReference8680
reactome:ProteinReference8727,abstraction:NeighborOf,reactome:ProteinReference8733
reactome:ProteinReference5291,abstraction:NeighborOf,reactome:ProteinReference5295
reactome:ProteinReference10829,abstraction:NeighborOf,reactome:ProteinReference4564
reactome:ProteinReference8670,abstraction:NeighborOf,reactome:ProteinReference8672
reactome:ProteinReference2875,abstraction:NeighborOf,reactome:ProteinReference2963
reactome:ProteinReference2973,abstraction:NeighborOf,reactome:ProteinReference2982
reactome:ProteinReference12171,abstraction:NeighborOf,reactome:ProteinReference12172
reactome:ProteinReference2860,abstraction:NeighborOf,reactome:ProteinReference2873
reactome:ProteinReference4581,abstraction:NeighborOf,reactome:ProteinReference6292
reactome:ProteinReference8745,abstraction:NeighborOf,reactome:ProteinReference8758
reactome:ProteinReference8687,abstraction:NeighborOf,reactome:ProteinReference8753
reactome:ProteinReference8675,abstraction:NeighborOf,reactome:ProteinReference8697
reactome:ProteinReference2833,abstraction:NeighborOf,reactome:ProteinReference2855
reactome:ProteinReference9708,abstraction:NeighborOf,reactome:ProteinReference9714
reactome:ProteinReference2933,abstraction:NeighborOf,reactome:ProteinReference2971
reactome:ProteinReference1736,abstraction:NeighborOf,reactome:ProteinReference4444
reactome:ProteinReference6648,abstraction:NeighborOf,reactome:ProteinReference6651
reactome:ProteinReference8661,abstraction:NeighborOf,reactome:ProteinReference8672
reactome:ProteinReference5036,abstraction:NeighborOf,reactome:ProteinReference5483
reactome:ProteinReference8701,abstraction:NeighborOf,reactome:ProteinReference8726
reactome:ProteinReference8706,abstraction:NeighborOf,reactome:ProteinReference8722
reactome:ProteinReference2984,abstraction:NeighborOf,reactome:ProteinReference2990
reactome:ProteinReference2454,abstraction:NeighborOf,reactome:ProteinReference2466
reactome:ProteinReference8719,abstraction:NeighborOf,reactome:ProteinReference8737
reactome:ProteinReference10836,abstraction:NeighborOf,reactome:ProteinReference11021
reactome:ProteinReference5076,abstraction:NeighborOf,reactome:ProteinReference5174
reactome:ProteinReference3364,abstraction:NeighborOf,reactome:ProteinReference8567
reactome:ProteinReference8680,abstraction:NeighborOf,reactome:ProteinReference8747
reactome:ProteinReference4497,abstraction:NeighborOf,reactome:ProteinReference8789
reactome:ProteinReference8656,abstraction:NeighborOf,reactome:ProteinReference8708
reactome:ProteinReference2991,abstraction:NeighborOf,reactome:ProteinReference2998
reactome:ProteinReference1734,abstraction:NeighborOf,reactome:ProteinReference1737
reactome:ProteinReference3213,abstraction:NeighborOf,reactome:ProteinReference3217
reactome:ProteinReference6162,abstraction:NeighborOf,reactome:ProteinReference8693
reactome:ProteinReference1056,abstraction:NeighborOf,reactome:ProteinReference1123
reactome:ProteinReference1529,abstraction:NeighborOf,reactome:ProteinReference5951
reactome:ProteinReference10479,abstraction:NeighborOf,reactome:ProteinReference8607
reactome:ProteinReference2907,abstraction:NeighborOf,reactome:ProteinReference2963
reactome:ProteinReference3039,abstraction:NeighborOf,reactome:ProteinReference5443
reactome:ProteinReference5513,abstraction:NeighborOf,reactome:ProteinReference6930
reactome:ProteinReference8751,abstraction:NeighborOf,reactome:ProteinReference8754
reactome:ProteinReference3649,abstraction:NeighborOf,reactome:ProteinReference5517
reactome:ProteinReference4497,abstraction:NeighborOf,reactome:ProteinReference5447
reactome:ProteinReference3072,abstraction:NeighborOf,reactome:ProteinReference3106
reactome:ProteinReference9955,abstraction:NeighborOf,reactome:ProteinReference9957
reactome:ProteinReference2473,abstraction:NeighborOf,reactome:ProteinReference2474
reactome:ProteinReference2864,abstraction:NeighborOf,reactome:ProteinReference2869
reactome:ProteinReference10754,abstraction:NeighborOf,reactome:ProteinReference10759
reactome:ProteinReference2822,abstraction:NeighborOf,reactome:ProteinReference3038
reactome:ProteinReference5277,abstraction:NeighborOf,reactome:ProteinReference7856
reactome:ProteinReference1736,abstraction:NeighborOf,reactome:ProteinReference4413
reactome:ProteinReference8659,abstraction:NeighborOf,reactome:ProteinReference8733
reactome:ProteinReference8703,abstraction:NeighborOf,reactome:ProteinReference8727
reactome:ProteinReference8651,abstraction:NeighborOf,reactome:ProteinReference8704
reactome:ProteinReference8700,abstraction:NeighborOf,reactome:ProteinReference8705
reactome:ProteinReference77,abstraction:NeighborOf,reactome:ProteinReference79
reactome:ProteinReference8680,abstraction:NeighborOf,reactome:ProteinReference8753
reactome:ProteinReference8712,abstraction:NeighborOf,reactome:ProteinReference8726
reactome:ProteinReference11256,abstraction:NeighborOf,reactome:ProteinReference7787
reactome:ProteinReference5277,abstraction:NeighborOf,reactome:ProteinReference7557
reactome:ProteinReference8696,abstraction:NeighborOf,reactome:ProteinReference8736
reactome:ProteinReference1956,abstraction:NeighborOf,reactome:ProteinReference1957
reactome:ProteinReference8692,abstraction:NeighborOf,reactome:ProteinReference8696
reactome:ProteinReference8380,abstraction:NeighborOf,reactome:ProteinReference8381
reactome:ProteinReference4762,abstraction:NeighborOf,reactome:ProteinReference4763
reactome:ProteinReference8567,abstraction:NeighborOf,reactome:ProteinReference8620
reactome:ProteinReference6104,abstraction:NeighborOf,reactome:ProteinReference6106
reactome:ProteinReference8823,abstraction:NeighborOf,reactome:ProteinReference8907
reactome:ProteinReference8645,abstraction:NeighborOf,reactome:ProteinReference8726
reactome:ProteinReference8704,abstraction:NeighborOf,reactome:ProteinReference8709
reactome:ProteinReference4387,abstraction:NeighborOf,reactome:ProteinReference5440
reactome:ProteinReference8698,abstraction:NeighborOf,reactome:ProteinReference8720
reactome:ProteinReference1610,abstraction:NeighborOf,reactome:ProteinReference1611
reactome:ProteinReference8699,abstraction:NeighborOf,reactome:ProteinReference8735
reactome:ProteinReference1054,abstraction:NeighborOf,reactome:ProteinReference4456
reactome:ProteinReference2903,abstraction:NeighborOf,reactome:ProteinReference2934
reactome:ProteinReference6162,abstraction:NeighborOf,reactome:ProteinReference8694
reactome:ProteinReference10756,abstraction:NeighborOf,reactome:ProteinReference10757
reactome:ProteinReference6101,abstraction:NeighborOf,reactome:ProteinReference8328
reactome:ProteinReference8690,abstraction:NeighborOf,reactome:ProteinReference8767
reactome:ProteinReference408,abstraction:NeighborOf,reactome:ProteinReference8383
reactome:ProteinReference8696,abstraction:NeighborOf,reactome:ProteinReference8710
reactome:ProteinReference8678,abstraction:NeighborOf,reactome:ProteinReference8697
reactome:ProteinReference10454,abstraction:NeighborOf,reactome:ProteinReference4450
reactome:ProteinReference10854,abstraction:NeighborOf,reactome:ProteinReference5155
reactome:ProteinReference8645,abstraction:NeighborOf,reactome:ProteinReference8680
reactome:ProteinReference5765,abstraction:NeighborOf,reactome:ProteinReference7532
reactome:ProteinReference10777,abstraction:NeighborOf,reactome:ProteinReference10785
reactome:ProteinReference8697,abstraction:NeighborOf,reactome:ProteinReference8728
reactome:ProteinReference5240,abstraction:NeighborOf,reactome:ProteinReference5244
reactome:ProteinReference8670,abstraction:NeighborOf,reactome:ProteinReference8676
reactome:ProteinReference2979,abstraction:NeighborOf,reactome:ProteinReference2995
reactome:ProteinReference2460,abstraction:NeighborOf,reactome:ProteinReference3201
reactome:ProteinReference5611,abstraction:NeighborOf,reactome:ProteinReference6934
reactome:ProteinReference7123,abstraction:NeighborOf,reactome:ProteinReference7124
reactome:ProteinReference8713,abstraction:NeighborOf,reactome:ProteinReference8727
reactome:ProteinReference8721,abstraction:NeighborOf,reactome:ProteinReference8726
reactome:ProteinReference8720,abstraction:NeighborOf,reactome:ProteinReference8722
reactome:ProteinReference8670,abstraction:NeighborOf,reactome:ProteinReference8710
reactome:ProteinReference10689,abstraction:NeighborOf,reactome:ProteinReference1901
reactome:ProteinReference8722,abstraction:NeighborOf,reactome:ProteinReference8723
reactome:ProteinReference5267,abstraction:NeighborOf,reactome:ProteinReference6637
reactome:ProteinReference8749,abstraction:NeighborOf,reactome:ProteinReference8756
reactome:ProteinReference5319,abstraction:NeighborOf,reactome:ProteinReference5320
reactome:ProteinReference8667,abstraction:NeighborOf,reactome:ProteinReference8708
reactome:ProteinReference2913,abstraction:NeighborOf,reactome:ProteinReference2931
reactome:ProteinReference2869,abstraction:NeighborOf,reactome:ProteinReference2870
reactome:ProteinReference8703,abstraction:NeighborOf,reactome:ProteinReference8732
reactome:ProteinReference8701,abstraction:NeighborOf,reactome:ProteinReference8721
reactome:ProteinReference1064,abstraction:NeighborOf,reactome:ProteinReference1091
reactome:ProteinReference3077,abstraction:NeighborOf,reactome:ProteinReference3150
reactome:ProteinReference9761,abstraction:NeighborOf,reactome:ProteinReference9766
reactome:ProteinReference8653,abstraction:NeighborOf,reactome:ProteinReference8751
reactome:ProteinReference2824,abstraction:NeighborOf,reactome:ProteinReference2831
reactome:ProteinReference5063,abstraction:NeighborOf,reactome:ProteinReference5709
reactome:ProteinReference2989,abstraction:NeighborOf,reactome:ProteinReference3003
reactome:ProteinReference7817,abstraction:NeighborOf,reactome:ProteinReference9840
reactome:ProteinReference2970,abstraction:NeighborOf,reactome:ProteinReference3074
reactome:ProteinReference9286,abstraction:NeighborOf,reactome:ProteinReference9708
reactome:ProteinReference8699,abstraction:NeighborOf,reactome:ProteinReference8708
reactome:ProteinReference8668,abstraction:NeighborOf,reactome:ProteinReference8676
reactome:ProteinReference1013,abstraction:NeighborOf,reactome:ProteinReference1024
reactome:ProteinReference6162,abstraction:NeighborOf,reactome:ProteinReference8652
reactome:ProteinReference3088,abstraction:NeighborOf,reactome:ProteinReference3093
reactome:ProteinReference2873,abstraction:NeighborOf,reactome:ProteinReference2936
reactome:ProteinReference60,abstraction:NeighborOf,reactome:ProteinReference62
reactome:ProteinReference8736,abstraction:NeighborOf,reactome:ProteinReference8737
reactome:ProteinReference6396,abstraction:NeighborOf,reactome:ProteinReference6510
reactome:ProteinReference8726,abstraction:NeighborOf,reactome:ProteinReference8738
reactome:ProteinReference2981,abstraction:NeighborOf,reactome:ProteinReference2992
reactome:ProteinReference8646,abstraction:NeighborOf,reactome:ProteinReference8689
reactome:ProteinReference10686,abstraction:NeighborOf,reactome:ProteinReference10691
reactome:ProteinReference1834,abstraction:NeighborOf,reactome:ProteinReference5113
reactome:ProteinReference10849,abstraction:NeighborOf,reactome:ProteinReference7604
reactome:ProteinReference8652,abstraction:NeighborOf,reactome:ProteinReference8698
reactome:ProteinReference8649,abstraction:NeighborOf,reactome:ProteinReference8737
reactome:ProteinReference8659,abstraction:NeighborOf,reactome:ProteinReference8706
reactome:ProteinReference1098,abstraction:NeighborOf,reactome:ProteinReference1122
reactome:ProteinReference11036,abstraction:NeighborOf,reactome:ProteinReference5390
reactome:ProteinReference8713,abstraction:NeighborOf,reactome:ProteinReference8732
reactome:ProteinReference2876,abstraction:NeighborOf,reactome:ProteinReference2998
reactome:ProteinReference5967,abstraction:NeighborOf,reactome:ProteinReference6855
reactome:ProteinReference8714,abstraction:NeighborOf,reactome:ProteinReference8736
reactome:ProteinReference1063,abstraction:NeighborOf,reactome:ProteinReference1096
reactome:ProteinReference2903,abstraction:NeighborOf,reactome:ProteinReference2905
reactome:ProteinReference8653,abstraction:NeighborOf,reactome:ProteinReference8765
reactome:ProteinReference8658,abstraction:NeighborOf,reactome:ProteinReference8673
reactome:ProteinReference8719,abstraction:NeighborOf,reactome:ProteinReference8735
reactome:ProteinReference4497,abstraction:NeighborOf,reactome:ProteinReference9704
reactome:ProteinReference10876,abstraction:NeighborOf,reactome:ProteinReference11018
reactome:ProteinReference5330,abstraction:NeighborOf,reactome:ProteinReference5333
reactome:ProteinReference8705,abstraction:NeighborOf,reactome:ProteinReference8714
reactome:ProteinReference3340,abstraction:NeighborOf,reactome:ProteinReference8301
reactome:ProteinReference2937,abstraction:NeighborOf,reactome:ProteinReference2957
reactome:ProteinReference1901,abstraction:NeighborOf,reactome:ProteinReference6622
reactome:ProteinReference10730,abstraction:NeighborOf,reactome:ProteinReference10733
reactome:ProteinReference8747,abstraction:NeighborOf,reactome:ProteinReference8759
reactome:ProteinReference6162,abstraction:NeighborOf,reactome:ProteinReference8730
reactome:ProteinReference8660,abstraction:NeighborOf,reactome:ProteinReference8733
reactome:ProteinReference2858,abstraction:NeighborOf,reactome:ProteinReference2900
reactome:ProteinReference8701,abstraction:NeighborOf,reactome:ProteinReference8717
reactome:ProteinReference8692,abstraction:NeighborOf,reactome:ProteinReference8731
reactome:ProteinReference7309,abstraction:NeighborOf,reactome:ProteinReference7310
reactome:ProteinReference4662,abstraction:NeighborOf,reactome:ProteinReference8136
reactome:ProteinReference8704,abstraction:NeighborOf,reactome:ProteinReference8736
reactome:ProteinReference6100,abstraction:NeighborOf,reactome:ProteinReference7821
reactome:ProteinReference8659,abstraction:NeighborOf,reactome:ProteinReference8713
reactome:ProteinReference2981,abstraction:NeighborOf,reactome:ProteinReference2982
reactome:ProteinReference8652,abstraction:NeighborOf,reactome:ProteinReference8684
reactome:ProteinReference8707,abstraction:NeighborOf,reactome:ProteinReference8712
reactome:ProteinReference8645,abstraction:NeighborOf,reactome:ProteinReference8666
reactome:ProteinReference8723,abstraction:NeighborOf,reactome:ProteinReference8731
reactome:ProteinReference1736,abstraction:NeighborOf,reactome:ProteinReference4412
reactome:ProteinReference8645,abstraction:NeighborOf,reactome:ProteinReference8721
reactome:ProteinReference2980,abstraction:NeighborOf,reactome:ProteinReference2987
reactome:ProteinReference2935,abstraction:NeighborOf,reactome:ProteinReference2959
reactome:ProteinReference8651,abstraction:NeighborOf,reactome:ProteinReference8659
reactome:ProteinReference6510,abstraction:NeighborOf,reactome:ProteinReference6511
reactome:ProteinReference1059,abstraction:NeighborOf,reactome:ProteinReference1060
reactome:ProteinReference2798,abstraction:NeighborOf,reactome:ProteinReference9957
reactome:ProteinReference7670,abstraction:NeighborOf,reactome:ProteinReference7674
reactome:ProteinReference3210,abstraction:NeighborOf,reactome:ProteinReference3217
reactome:ProteinReference8748,abstraction:NeighborOf,reactome:ProteinReference8761
reactome:ProteinReference8531,abstraction:NeighborOf,reactome:ProteinReference8538
reactome:ProteinReference2911,abstraction:NeighborOf,reactome:ProteinReference2934
reactome:ProteinReference8338,abstraction:NeighborOf,reactome:ProteinReference8339
reactome:ProteinReference4443,abstraction:NeighborOf,reactome:ProteinReference4700
reactome:ProteinReference1106,abstraction:NeighborOf,reactome:ProteinReference1107
reactome:ProteinReference10754,abstraction:NeighborOf,reactome:ProteinReference10757
reactome:ProteinReference8649,abstraction:NeighborOf,reactome:ProteinReference8716
reactome:ProteinReference1092,abstraction:NeighborOf,reactome:ProteinReference1098
reactome:ProteinReference8693,abstraction:NeighborOf,reactome:ProteinReference8696
reactome:ProteinReference4095,abstraction:NeighborOf,reactome:ProteinReference4096
reactome:ProteinReference8696,abstraction:NeighborOf,reactome:ProteinReference8729
reactome:ProteinReference8662,abstraction:NeighborOf,reactome:ProteinReference8674
reactome:ProteinReference3207,abstraction:NeighborOf,reactome:ProteinReference3213
reactome:ProteinReference8603,abstraction:NeighborOf,reactome:ProteinReference8604
reactome:ProteinReference9716,abstraction:NeighborOf,reactome:ProteinReference9720
reactome:ProteinReference2795,abstraction:NeighborOf,reactome:ProteinReference9953
reactome:ProteinReference8666,abstraction:NeighborOf,reactome:ProteinReference8730
reactome:ProteinReference11256,abstraction:NeighborOf,reactome:ProteinReference5420
reactome:ProteinReference8700,abstraction:NeighborOf,reactome:ProteinReference8712
reactome:ProteinReference8749,abstraction:NeighborOf,reactome:ProteinReference8762
reactome:ProteinReference8670,abstraction:NeighborOf,reactome:ProteinReference8729
reactome:ProteinReference2872,abstraction:NeighborOf,reactome:ProteinReference2956
reactome:ProteinReference2822,abstraction:NeighborOf,reactome:ProteinReference2855
reactome:ProteinReference8560,abstraction:NeighborOf,reactome:ProteinReference8561
reactome:ProteinReference8660,abstraction:NeighborOf,reactome:ProteinReference8698
reactome:ProteinReference1056,abstraction:NeighborOf,reactome:ProteinReference1351
reactome:ProteinReference10451,abstraction:NeighborOf,reactome:ProteinReference6079
reactome:ProteinReference8656,abstraction:NeighborOf,reactome:ProteinReference8668
reactome:ProteinReference8645,abstraction:NeighborOf,reactome:ProteinReference8717
reactome:ProteinReference1933,abstraction:NeighborOf,reactome:ProteinReference1935
reactome:ProteinReference8643,abstraction:NeighborOf,reactome:ProteinReference8645
reactome:ProteinReference2872,abstraction:NeighborOf,reactome:ProteinReference2935
reactome:ProteinReference1773,abstraction:NeighborOf,reactome:ProteinReference7308
reactome:ProteinReference4732,abstraction:NeighborOf,reactome:ProteinReference4733
reactome:ProteinReference8752,abstraction:NeighborOf,reactome:ProteinReference8758
reactome:ProteinReference3838,abstraction:NeighborOf,reactome:ProteinReference4584
reactome:ProteinReference8902,abstraction:NeighborOf,reactome:ProteinReference9344
reactome:ProteinReference9702,abstraction:NeighborOf,reactome:ProteinReference9703
reactome:ProteinReference8698,abstraction:NeighborOf,reactome:ProteinReference8710
reactome:ProteinReference8710,abstraction:NeighborOf,reactome:ProteinReference8733
reactome:ProteinReference8675,abstraction:NeighborOf,reactome:ProteinReference8737
reactome:ProteinReference2792,abstraction:NeighborOf,reactome:ProteinReference9953
reactome:ProteinReference2872,abstraction:NeighborOf,reactome:ProteinReference2959
reactome:ProteinReference6944,abstraction:NeighborOf,reactome:ProteinReference6946
reactome:ProteinReference2098,abstraction:NeighborOf,reactome:ProteinReference6084
reactome:ProteinReference8643,abstraction:NeighborOf,reactome:ProteinReference8704
reactome:ProteinReference8759,abstraction:NeighborOf,reactome:ProteinReference8766
reactome:ProteinReference8746,abstraction:NeighborOf,reactome:ProteinReference8766
reactome:ProteinReference8696,abstraction:NeighborOf,reactome:ProteinReference8738
reactome:ProteinReference8974,abstraction:NeighborOf,reactome:ProteinReference8975
reactome:ProteinReference3336,abstraction:NeighborOf,reactome:ProteinReference3337
reactome:ProteinReference4221,abstraction:NeighborOf,reactome:ProteinReference9691
reactome:ProteinReference8652,abstraction:NeighborOf,reactome:ProteinReference8722
reactome:ProteinReference8671,abstraction:NeighborOf,reactome:ProteinReference8692
reactome:ProteinReference1063,abstraction:NeighborOf,reactome:ProteinReference7728
reactome:ProteinReference8651,abstraction:NeighborOf,reactome:ProteinReference8705
reactome:ProteinReference2905,abstraction:NeighborOf,reactome:ProteinReference2932
reactome:ProteinReference6435,abstraction:NeighborOf,reactome:ProteinReference6681
reactome:ProteinReference2989,abstraction:NeighborOf,reactome:ProteinReference3002
reactome:ProteinReference10408,abstraction:NeighborOf,reactome:ProteinReference11251
reactome:ProteinReference6278,abstraction:NeighborOf,reactome:ProteinReference8190
reactome:ProteinReference8707,abstraction:NeighborOf,reactome:ProteinReference8711
reactome:ProteinReference1736,abstraction:NeighborOf,reactome:ProteinReference4439
reactome:ProteinReference6162,abstraction:NeighborOf,reactome:ProteinReference8711
reactome:ProteinReference8699,abstraction:NeighborOf,reactome:ProteinReference8723
reactome:ProteinReference4413,abstraction:NeighborOf,reactome:ProteinReference8966
reactome:ProteinReference8568,abstraction:NeighborOf,reactome:ProteinReference8569
reactome:ProteinReference10829,abstraction:NeighborOf,reactome:ProteinReference5274
reactome:ProteinReference6048,abstraction:NeighborOf,reactome:ProteinReference7330
reactome:ProteinReference2866,abstraction:NeighborOf,reactome:ProteinReference2869
reactome:ProteinReference8656,abstraction:NeighborOf,reactome:ProteinReference8669
reactome:ProteinReference5291,abstraction:NeighborOf,reactome:ProteinReference5300
reactome:ProteinReference2854,abstraction:NeighborOf,reactome:ProteinReference2901
reactome:ProteinReference2984,abstraction:NeighborOf,reactome:ProteinReference2988
reactome:ProteinReference1057,abstraction:NeighborOf,reactome:ProteinReference1089
reactome:ProteinReference4456,abstraction:NeighborOf,reactome:ProteinReference5155
reactome:ProteinReference8766,abstraction:NeighborOf,reactome:ProteinReference8767
reactome:ProteinReference8690,abstraction:NeighborOf,reactome:ProteinReference8750
reactome:ProteinReference2981,abstraction:NeighborOf,reactome:ProteinReference3037
reactome:ProteinReference1098,abstraction:NeighborOf,reactome:ProteinReference1100
reactome:ProteinReference8714,abstraction:NeighborOf,reactome:ProteinReference8729
reactome:ProteinReference2984,abstraction:NeighborOf,reactome:ProteinReference2994
reactome:ProteinReference8646,abstraction:NeighborOf,reactome:ProteinReference8673
reactome:ProteinReference10825,abstraction:NeighborOf,reactome:ProteinReference7609
reactome:ProteinReference5125,abstraction:NeighborOf,reactome:ProteinReference5129
reactome:ProteinReference3477,abstraction:NeighborOf,reactome:ProteinReference8740
reactome:ProteinReference4584,abstraction:NeighborOf,reactome:ProteinReference8192
reactome:ProteinReference11427,abstraction:NeighborOf,reactome:ProteinReference6465
reactome:ProteinReference8646,abstraction:NeighborOf,reactome:ProteinReference8657
reactome:ProteinReference10832,abstraction:NeighborOf,reactome:ProteinReference10836
reactome:ProteinReference1085,abstraction:NeighborOf,reactome:ProteinReference1086
reactome:ProteinReference2446,abstraction:NeighborOf,reactome:ProteinReference2448
reactome:ProteinReference10379,abstraction:NeighborOf,reactome:ProteinReference8104
reactome:ProteinReference8686,abstraction:NeighborOf,reactome:ProteinReference8763
reactome:ProteinReference4497,abstraction:NeighborOf,reactome:ProteinReference9702
reactome:ProteinReference6508,abstraction:NeighborOf,reactome:ProteinReference6512
reactome:ProteinReference8667,abstraction:NeighborOf,reactome:ProteinReference8668
reactome:ProteinReference2853,abstraction:NeighborOf,reactome:ProteinReference2930
reactome:ProteinReference6162,abstraction:NeighborOf,reactome:ProteinReference8651
reactome:ProteinReference10825,abstraction:NeighborOf,reactome:ProteinReference9035
reactome:ProteinReference1718,abstraction:NeighborOf,reactome:ProteinReference5166
reactome:ProteinReference2901,abstraction:NeighborOf,reactome:ProteinReference2926
reactome:ProteinReference5605,abstraction:NeighborOf,reactome:ProteinReference6244
reactome:ProteinReference1061,abstraction:NeighborOf,reactome:ProteinReference1065
reactome:ProteinReference8748,abstraction:NeighborOf,reactome:ProteinReference8767
reactome:ProteinReference2960,abstraction:NeighborOf,reactome:ProteinReference2972
reactome:ProteinReference8687,abstraction:NeighborOf,reactome:ProteinReference8766
reactome:ProteinReference8763,abstraction:NeighborOf,reactome:ProteinReference8766
reactome:ProteinReference2972,abstraction:NeighborOf,reactome:ProteinReference2979
reactome:ProteinReference4383,abstraction:NeighborOf,reactome:ProteinReference4451
reactome:ProteinReference2897,abstraction:NeighborOf,reactome:ProteinReference2901
reactome:ProteinReference8672,abstraction:NeighborOf,reactome:ProteinReference8733
reactome:ProteinReference8649,abstraction:NeighborOf,reactome:ProteinReference8725
reactome:ProteinReference3824,abstraction:NeighborOf,reactome:ProteinReference6849
reactome:ProteinReference4582,abstraction:NeighborOf,reactome:ProteinReference9430
reactome:ProteinReference10922,abstraction:NeighborOf,reactome:ProteinReference11271
reactome:ProteinReference8706,abstraction:NeighborOf,reactome:ProteinReference8726
reactome:ProteinReference8714,abstraction:NeighborOf,reactome:ProteinReference8738
reactome:ProteinReference8677,abstraction:NeighborOf,reactome:ProteinReference8766
reactome:ProteinReference5316,abstraction:NeighborOf,reactome:ProteinReference5327
reactome:ProteinReference727,abstraction:NeighborOf,reactome:ProteinReference728
reactome:ProteinReference2851,abstraction:NeighborOf,reactome:ProteinReference2979
reactome:ProteinReference2978,abstraction:NeighborOf,reactome:ProteinReference2998
reactome:ProteinReference6162,abstraction:NeighborOf,reactome:ProteinReference8707
reactome:ProteinReference2898,abstraction:NeighborOf,reactome:ProteinReference2900
reactome:ProteinReference8649,abstraction:NeighborOf,reactome:ProteinReference8708
reactome:ProteinReference8644,abstraction:NeighborOf,reactome:ProteinReference8751
reactome:ProteinReference5155,abstraction:NeighborOf,reactome:ProteinReference7330
reactome:ProteinReference8710,abstraction:NeighborOf,reactome:ProteinReference8713
reactome:ProteinReference3739,abstraction:NeighborOf,reactome:ProteinReference3773
reactome:ProteinReference5234,abstraction:NeighborOf,reactome:ProteinReference9247
reactome:ProteinReference8704,abstraction:NeighborOf,reactome:ProteinReference8738
reactome:ProteinReference8719,abstraction:NeighborOf,reactome:ProteinReference8723
reactome:ProteinReference2931,abstraction:NeighborOf,reactome:ProteinReference2934
reactome:ProteinReference11380,abstraction:NeighborOf,reactome:ProteinReference6508
reactome:ProteinReference8643,abstraction:NeighborOf,reactome:ProteinReference8644
reactome:ProteinReference8674,abstraction:NeighborOf,reactome:ProteinReference8675
reactome:ProteinReference8645,abstraction:NeighborOf,reactome:ProteinReference8697
reactome:ProteinReference5004,abstraction:NeighborOf,reactome:ProteinReference8990
reactome:ProteinReference5124,abstraction:NeighborOf,reactome:ProteinReference5130
reactome:ProteinReference8698,abstraction:NeighborOf,reactome:ProteinReference8729
reactome:ProteinReference8378,abstraction:NeighborOf,reactome:ProteinReference8379
reactome:ProteinReference4582,abstraction:NeighborOf,reactome:ProteinReference4583
reactome:ProteinReference1294,abstraction:NeighborOf,reactome:ProteinReference1295
reactome:ProteinReference5708,abstraction:NeighborOf,reactome:ProteinReference8568
reactome:ProteinReference8667,abstraction:NeighborOf,reactome:ProteinReference8669
reactome:ProteinReference9073,abstraction:NeighborOf,reactome:ProteinReference9081
reactome:ProteinReference5303,abstraction:NeighborOf,reactome:ProteinReference5305
reactome:ProteinReference8637,abstraction:NeighborOf,reactome:ProteinReference9720
reactome:ProteinReference1056,abstraction:NeighborOf,reactome:ProteinReference1089
reactome:ProteinReference7660,abstraction:NeighborOf,reactome:ProteinReference7662
reactome:ProteinReference2851,abstraction:NeighborOf,reactome:ProteinReference2962
reactome:ProteinReference743,abstraction:NeighborOf,reactome:ProteinReference8380
reactome:ProteinReference4139,abstraction:NeighborOf,reactome:ProteinReference4163
reactome:ProteinReference2957,abstraction:NeighborOf,reactome:ProteinReference2981
reactome:ProteinReference2905,abstraction:NeighborOf,reactome:ProteinReference2934
reactome:ProteinReference8703,abstraction:NeighborOf,reactome:ProteinReference8720
reactome:ProteinReference8658,abstraction:NeighborOf,reactome:ProteinReference8671
reactome:ProteinReference8644,abstraction:NeighborOf,reactome:ProteinReference8765
reactome:ProteinReference8675,abstraction:NeighborOf,reactome:ProteinReference8735
reactome:ProteinReference10825,abstraction:NeighborOf,reactome:ProteinReference4456
reactome:ProteinReference3213,abstraction:NeighborOf,reactome:ProteinReference3218
reactome:ProteinReference10833,abstraction:NeighborOf,reactome:ProteinReference11019
reactome:ProteinReference8647,abstraction:NeighborOf,reactome:ProteinReference8680
reactome:ProteinReference11367,abstraction:NeighborOf,reactome:ProteinReference6396
reactome:ProteinReference8746,abstraction:NeighborOf,reactome:ProteinReference8748
reactome:ProteinReference8680,abstraction:NeighborOf,reactome:ProteinReference8766
reactome:ProteinReference1088,abstraction:NeighborOf,reactome:ProteinReference1123
reactome:ProteinReference8672,abstraction:NeighborOf,reactome:ProteinReference8698
reactome:ProteinReference8678,abstraction:NeighborOf,reactome:ProteinReference8716
reactome:ProteinReference8725,abstraction:NeighborOf,reactome:ProteinReference8726
reactome:ProteinReference2823,abstraction:NeighborOf,reactome:ProteinReference2995
reactome:ProteinReference3072,abstraction:NeighborOf,reactome:ProteinReference3148
reactome:ProteinReference8702,abstraction:NeighborOf,reactome:ProteinReference8734
reactome:ProteinReference8722,abstraction:NeighborOf,reactome:ProteinReference8727
reactome:ProteinReference2788,abstraction:NeighborOf,reactome:ProteinReference9956
reactome:ProteinReference8666,abstraction:NeighborOf,reactome:ProteinReference8707
reactome:ProteinReference11256,abstraction:NeighborOf,reactome:ProteinReference6048
reactome:ProteinReference2928,abstraction:NeighborOf,reactome:ProteinReference2930
reactome:ProteinReference4488,abstraction:NeighborOf,reactome:ProteinReference8778
reactome:ProteinReference8698,abstraction:NeighborOf,reactome:ProteinReference8738
reactome:ProteinReference8646,abstraction:NeighborOf,reactome:ProteinReference8700
reactome:ProteinReference2420,abstraction:NeighborOf,reactome:ProteinReference6198
reactome:ProteinReference10385,abstraction:NeighborOf,reactome:ProteinReference8104
reactome:ProteinReference659,abstraction:NeighborOf,reactome:ProteinReference6851
reactome:ProteinReference5216,abstraction:NeighborOf,reactome:ProteinReference659
reactome:ProteinReference8963,abstraction:NeighborOf,reactome:ProteinReference9781
reactome:ProteinReference5292,abstraction:NeighborOf,reactome:ProteinReference5296
reactome:ProteinReference2446,abstraction:NeighborOf,reactome:ProteinReference2466
reactome:ProteinReference10872,abstraction:NeighborOf,reactome:ProteinReference6774
reactome:ProteinReference5582,abstraction:NeighborOf,reactome:ProteinReference6440
reactome:ProteinReference2995,abstraction:NeighborOf,reactome:ProteinReference3038
reactome:ProteinReference4417,abstraction:NeighborOf,reactome:ProteinReference4492
reactome:ProteinReference8667,abstraction:NeighborOf,reactome:ProteinReference8670
reactome:ProteinReference2927,abstraction:NeighborOf,reactome:ProteinReference2971
reactome:ProteinReference6509,abstraction:NeighborOf,reactome:ProteinReference9587
reactome:ProteinReference8651,abstraction:NeighborOf,reactome:ProteinReference8712
reactome:ProteinReference5903,abstraction:NeighborOf,reactome:ProteinReference8322
reactome:ProteinReference2454,abstraction:NeighborOf,reactome:ProteinReference2472
reactome:ProteinReference8717,abstraction:NeighborOf,reactome:ProteinReference8730
reactome:ProteinReference2867,abstraction:NeighborOf,reactome:ProteinReference2869
reactome:ProteinReference8757,abstraction:NeighborOf,reactome:ProteinReference8760
reactome:ProteinReference8720,abstraction:NeighborOf,reactome:ProteinReference8726
reactome:ProteinReference2875,abstraction:NeighborOf,reactome:ProteinReference2971
reactome:ProteinReference1172,abstraction:NeighborOf,reactome:ProteinReference2199
reactome:ProteinReference4496,abstraction:NeighborOf,reactome:ProteinReference9470
reactome:ProteinReference1263,abstraction:NeighborOf,reactome:ProteinReference6651
reactome:ProteinReference6361,abstraction:NeighborOf,reactome:ProteinReference6401
reactome:ProteinReference11380,abstraction:NeighborOf,reactome:ProteinReference9587
reactome:ProteinReference8675,abstraction:NeighborOf,reactome:ProteinReference8708
reactome:ProteinReference6137,abstraction:NeighborOf,reactome:ProteinReference8693
reactome:ProteinReference1098,abstraction:NeighborOf,reactome:ProteinReference1108
reactome:ProteinReference5038,abstraction:NeighborOf,reactome:ProteinReference5291
reactome:ProteinReference8652,abstraction:NeighborOf,reactome:ProteinReference8741
reactome:ProteinReference8755,abstraction:NeighborOf,reactome:ProteinReference8756
reactome:ProteinReference8706,abstraction:NeighborOf,reactome:ProteinReference8721
reactome:ProteinReference1124,abstraction:NeighborOf,reactome:ProteinReference11271
reactome:ProteinReference2466,abstraction:NeighborOf,reactome:ProteinReference2472
reactome:ProteinReference8643,abstraction:NeighborOf,reactome:ProteinReference8705
reactome:ProteinReference4423,abstraction:NeighborOf,reactome:ProteinReference5036
reactome:ProteinReference10444,abstraction:NeighborOf,reactome:ProteinReference11471
reactome:ProteinReference2907,abstraction:NeighborOf,reactome:ProteinReference2961
reactome:ProteinReference2973,abstraction:NeighborOf,reactome:ProteinReference2980
reactome:ProteinReference8692,abstraction:NeighborOf,reactome:ProteinReference8714
reactome:ProteinReference4538,abstraction:NeighborOf,reactome:ProteinReference6949
reactome:ProteinReference1800,abstraction:NeighborOf,reactome:ProteinReference6401
reactome:ProteinReference4619,abstraction:NeighborOf,reactome:ProteinReference7564
reactome:ProteinReference8665,abstraction:NeighborOf,reactome:ProteinReference8758
reactome:ProteinReference10730,abstraction:NeighborOf,reactome:ProteinReference10732
reactome:ProteinReference1088,abstraction:NeighborOf,reactome:ProteinReference4541
reactome:ProteinReference8659,abstraction:NeighborOf,reactome:ProteinReference8704
reactome:ProteinReference6932,abstraction:NeighborOf,reactome:ProteinReference8943
reactome:ProteinReference2668,abstraction:NeighborOf,reactome:ProteinReference8371
reactome:ProteinReference3720,abstraction:NeighborOf,reactome:ProteinReference6244
reactome:ProteinReference1736,abstraction:NeighborOf,reactome:ProteinReference4455
reactome:ProteinReference7331,abstraction:NeighborOf,reactome:ProteinReference7338
reactome:ProteinReference4515,abstraction:NeighborOf,reactome:ProteinReference9022
reactome:ProteinReference2830,abstraction:NeighborOf,reactome:ProteinReference3037
reactome:ProteinReference8677,abstraction:NeighborOf,reactome:ProteinReference8748
reactome:ProteinReference8564,abstraction:NeighborOf,reactome:ProteinReference9703
reactome:ProteinReference10687,abstraction:NeighborOf,reactome:ProteinReference1901
reactome:ProteinReference8675,abstraction:NeighborOf,reactome:ProteinReference8699
reactome:ProteinReference10780,abstraction:NeighborOf,reactome:ProteinReference7663
reactome:ProteinReference59,abstraction:NeighborOf,reactome:ProteinReference61
reactome:ProteinReference8677,abstraction:NeighborOf,reactome:ProteinReference8745
reactome:ProteinReference8708,abstraction:NeighborOf,reactome:ProteinReference8730
reactome:ProteinReference4440,abstraction:NeighborOf,reactome:ProteinReference4445
reactome:ProteinReference6135,abstraction:NeighborOf,reactome:ProteinReference6757
reactome:ProteinReference8671,abstraction:NeighborOf,reactome:ProteinReference8714
reactome:ProteinReference8760,abstraction:NeighborOf,reactome:ProteinReference8763
reactome:ProteinReference3207,abstraction:NeighborOf,reactome:ProteinReference3211
reactome:ProteinReference9702,abstraction:NeighborOf,reactome:ProteinReference9713
reactome:ProteinReference2934,abstraction:NeighborOf,reactome:ProteinReference2937
reactome:ProteinReference8708,abstraction:NeighborOf,reactome:ProteinReference8712
reactome:ProteinReference3196,abstraction:NeighborOf,reactome:ProteinReference3200
reactome:ProteinReference4187,abstraction:NeighborOf,reactome:ProteinReference5872
reactome:ProteinReference1098,abstraction:NeighborOf,reactome:ProteinReference1111
reactome:ProteinReference8689,abstraction:NeighborOf,reactome:ProteinReference8734
reactome:ProteinReference8678,abstraction:NeighborOf,reactome:ProteinReference8725
reactome:ProteinReference8646,abstraction:NeighborOf,reactome:ProteinReference8671
reactome:ProteinReference8748,abstraction:NeighborOf,reactome:ProteinReference8750
reactome:ProteinReference8747,abstraction:NeighborOf,reactome:ProteinReference8763
reactome:ProteinReference8730,abstraction:NeighborOf,reactome:ProteinReference8737
reactome:ProteinReference8697,abstraction:NeighborOf,reactome:ProteinReference8736
reactome:ProteinReference6244,abstraction:NeighborOf,reactome:ProteinReference6252
reactome:ProteinReference8720,abstraction:NeighborOf,reactome:ProteinReference8721
reactome:ProteinReference11389,abstraction:NeighborOf,reactome:ProteinReference2778
reactome:ProteinReference8680,abstraction:NeighborOf,reactome:ProteinReference8748
reactome:ProteinReference4564,abstraction:NeighborOf,reactome:ProteinReference4697
reactome:ProteinReference5606,abstraction:NeighborOf,reactome:ProteinReference6679
reactome:ProteinReference10836,abstraction:NeighborOf,reactome:ProteinReference11030
reactome:ProteinReference2997,abstraction:NeighborOf,reactome:ProteinReference3004
reactome:ProteinReference3020,abstraction:NeighborOf,reactome:ProteinReference3047
reactome:ProteinReference8678,abstraction:NeighborOf,reactome:ProteinReference8708
reactome:ProteinReference2986,abstraction:NeighborOf,reactome:ProteinReference2998
reactome:ProteinReference10846,abstraction:NeighborOf,reactome:ProteinReference10987
reactome:ProteinReference11114,abstraction:NeighborOf,reactome:ProteinReference11117
reactome:ProteinReference8704,abstraction:NeighborOf,reactome:ProteinReference8721
reactome:ProteinReference10686,abstraction:NeighborOf,reactome:ProteinReference10688
reactome:ProteinReference6759,abstraction:NeighborOf,reactome:ProteinReference8675
reactome:ProteinReference2982,abstraction:NeighborOf,reactome:ProteinReference2989
reactome:ProteinReference8724,abstraction:NeighborOf,reactome:ProteinReference8734
reactome:ProteinReference3210,abstraction:NeighborOf,reactome:ProteinReference3218
reactome:ProteinReference8701,abstraction:NeighborOf,reactome:ProteinReference8737
reactome:ProteinReference3598,abstraction:NeighborOf,reactome:ProteinReference5273
reactome:ProteinReference8697,abstraction:NeighborOf,reactome:ProteinReference8710
reactome:ProteinReference6318,abstraction:NeighborOf,reactome:ProteinReference6319
reactome:ProteinReference5907,abstraction:NeighborOf,reactome:ProteinReference5929
reactome:ProteinReference4697,abstraction:NeighborOf,reactome:ProteinReference8996
reactome:ProteinReference10812,abstraction:NeighborOf,reactome:ProteinReference1088
reactome:ProteinReference10783,abstraction:NeighborOf,reactome:ProteinReference7663
reactome:ProteinReference4705,abstraction:NeighborOf,reactome:ProteinReference8779
reactome:ProteinReference2822,abstraction:NeighborOf,reactome:ProteinReference2828
reactome:ProteinReference8699,abstraction:NeighborOf,reactome:ProteinReference8727
reactome:ProteinReference3100,abstraction:NeighborOf,reactome:ProteinReference8907
reactome:ProteinReference8644,abstraction:NeighborOf,reactome:ProteinReference8648
reactome:ProteinReference2852,abstraction:NeighborOf,reactome:ProteinReference2876
reactome:ProteinReference5613,abstraction:NeighborOf,reactome:ProteinReference5614
reactome:ProteinReference6773,abstraction:NeighborOf,reactome:ProteinReference9286
reactome:ProteinReference8345,abstraction:NeighborOf,reactome:ProteinReference8346
reactome:ProteinReference8714,abstraction:NeighborOf,reactome:ProteinReference8717
reactome:ProteinReference5294,abstraction:NeighborOf,reactome:ProteinReference5303
reactome:ProteinReference8716,abstraction:NeighborOf,reactome:ProteinReference8734
reactome:ProteinReference8653,abstraction:NeighborOf,reactome:ProteinReference8690
reactome:ProteinReference8675,abstraction:NeighborOf,reactome:ProteinReference8723
reactome:ProteinReference8662,abstraction:NeighborOf,reactome:ProteinReference8703
reactome:ProteinReference2031,abstraction:NeighborOf,reactome:ProteinReference2032
reactome:ProteinReference8652,abstraction:NeighborOf,reactome:ProteinReference8726
reactome:ProteinReference8732,abstraction:NeighborOf,reactome:ProteinReference8733
reactome:ProteinReference8704,abstraction:NeighborOf,reactome:ProteinReference8717
reactome:ProteinReference8643,abstraction:NeighborOf,reactome:ProteinReference8730
reactome:ProteinReference6173,abstraction:NeighborOf,reactome:ProteinReference7442
reactome:ProteinReference8762,abstraction:NeighborOf,reactome:ProteinReference8763
reactome:ProteinReference2956,abstraction:NeighborOf,reactome:ProteinReference2999
reactome:ProteinReference1089,abstraction:NeighborOf,reactome:ProteinReference1123
reactome:ProteinReference2823,abstraction:NeighborOf,reactome:ProteinReference2825
reactome:ProteinReference8653,abstraction:NeighborOf,reactome:ProteinReference8746
reactome:ProteinReference1214,abstraction:NeighborOf,reactome:ProteinReference6034
reactome:ProteinReference8708,abstraction:NeighborOf,reactome:ProteinReference8711
reactome:ProteinReference8643,abstraction:NeighborOf,reactome:ProteinReference8712
reactome:ProteinReference8645,abstraction:NeighborOf,reactome:ProteinReference8737
reactome:ProteinReference6139,abstraction:NeighborOf,reactome:ProteinReference6147
reactome:ProteinReference5423,abstraction:NeighborOf,reactome:ProteinReference8399
reactome:ProteinReference10950,abstraction:NeighborOf,reactome:ProteinReference6852
reactome:ProteinReference3354,abstraction:NeighborOf,reactome:ProteinReference3358
reactome:ProteinReference4778,abstraction:NeighborOf,reactome:ProteinReference72
reactome:ProteinReference8662,abstraction:NeighborOf,reactome:ProteinReference8715
reactome:ProteinReference1736,abstraction:NeighborOf,reactome:ProteinReference5333
reactome:ProteinReference10,abstraction:NeighborOf,reactome:ProteinReference674
reactome:ProteinReference7799,abstraction:NeighborOf,reactome:ProteinReference8400
reactome:ProteinReference8699,abstraction:NeighborOf,reactome:ProteinReference8732
reactome:ProteinReference4699,abstraction:NeighborOf,reactome:ProteinReference4703
reactome:ProteinReference1934,abstraction:NeighborOf,reactome:ProteinReference1937
reactome:ProteinReference8666,abstraction:NeighborOf,reactome:ProteinReference8735
reactome:ProteinReference8777,abstraction:NeighborOf,reactome:ProteinReference8779
reactome:ProteinReference10598,abstraction:NeighborOf,reactome:ProteinReference10599
reactome:ProteinReference10474,abstraction:NeighborOf,reactome:ProteinReference8610
reactome:ProteinReference8719,abstraction:NeighborOf,reactome:ProteinReference8727
reactome:ProteinReference2448,abstraction:NeighborOf,reactome:ProteinReference2465
reactome:ProteinReference4224,abstraction:NeighborOf,reactome:ProteinReference6244
reactome:ProteinReference5295,abstraction:NeighborOf,reactome:ProteinReference5296
reactome:ProteinReference5316,abstraction:NeighborOf,reactome:ProteinReference8924
reactome:ProteinReference9782,abstraction:NeighborOf,reactome:ProteinReference9783
reactome:ProteinReference10852,abstraction:NeighborOf,reactome:ProteinReference6693
reactome:ProteinReference8649,abstraction:NeighborOf,reactome:ProteinReference8670
reactome:ProteinReference8725,abstraction:NeighborOf,reactome:ProteinReference8730
reactome:ProteinReference1099,abstraction:NeighborOf,reactome:ProteinReference1105
reactome:ProteinReference2972,abstraction:NeighborOf,reactome:ProteinReference2986
reactome:ProteinReference8660,abstraction:NeighborOf,reactome:ProteinReference8726
reactome:ProteinReference3386,abstraction:NeighborOf,reactome:ProteinReference3567
reactome:ProteinReference8755,abstraction:NeighborOf,reactome:ProteinReference8760
reactome:ProteinReference6773,abstraction:NeighborOf,reactome:ProteinReference9714
reactome:ProteinReference4775,abstraction:NeighborOf,reactome:ProteinReference4777
reactome:ProteinReference8744,abstraction:NeighborOf,reactome:ProteinReference8763
reactome:ProteinReference6353,abstraction:NeighborOf,reactome:ProteinReference6355
reactome:ProteinReference8676,abstraction:NeighborOf,reactome:ProteinReference8681
reactome:ProteinReference2167,abstraction:NeighborOf,reactome:ProteinReference9286
reactome:ProteinReference8659,abstraction:NeighborOf,reactome:ProteinReference8705
reactome:ProteinReference3920,abstraction:NeighborOf,reactome:ProteinReference3921
reactome:ProteinReference3087,abstraction:NeighborOf,reactome:ProteinReference3203
reactome:ProteinReference8697,abstraction:NeighborOf,reactome:ProteinReference8729
reactome:ProteinReference8660,abstraction:NeighborOf,reactome:ProteinReference8680
reactome:ProteinReference66,abstraction:NeighborOf,reactome:ProteinReference68
reactome:ProteinReference6798,abstraction:NeighborOf,reactome:ProteinReference9921
reactome:ProteinReference8677,abstraction:NeighborOf,reactome:ProteinReference8686
reactome:ProteinReference10832,abstraction:NeighborOf,reactome:ProteinReference3509
reactome:ProteinReference1736,abstraction:NeighborOf,reactome:ProteinReference4477
reactome:ProteinReference8651,abstraction:NeighborOf,reactome:ProteinReference8674
reactome:ProteinReference8671,abstraction:NeighborOf,reactome:ProteinReference8679
reactome:ProteinReference2932,abstraction:NeighborOf,reactome:ProteinReference2937
reactome:ProteinReference1105,abstraction:NeighborOf,reactome:ProteinReference1118
reactome:ProteinReference1736,abstraction:NeighborOf,reactome:ProteinReference6850
reactome:ProteinReference6818,abstraction:NeighborOf,reactome:ProteinReference8210
reactome:ProteinReference8643,abstraction:NeighborOf,reactome:ProteinReference8711
reactome:ProteinReference8995,abstraction:NeighborOf,reactome:ProteinReference8999
reactome:ProteinReference5126,abstraction:NeighborOf,reactome:ProteinReference5130
reactome:ProteinReference11367,abstraction:NeighborOf,reactome:ProteinReference11381
reactome:ProteinReference2454,abstraction:NeighborOf,reactome:ProteinReference2471
reactome:ProteinReference2445,abstraction:NeighborOf,reactome:ProteinReference2474
reactome:ProteinReference8719,abstraction:NeighborOf,reactome:ProteinReference8732
reactome:ProteinReference6162,abstraction:NeighborOf,reactome:ProteinReference8702
reactome:ProteinReference5605,abstraction:NeighborOf,reactome:ProteinReference7951
reactome:ProteinReference2465,abstraction:NeighborOf,reactome:ProteinReference3184
reactome:ProteinReference8646,abstraction:NeighborOf,reactome:ProteinReference8681
reactome:ProteinReference6759,abstraction:NeighborOf,reactome:ProteinReference8649
reactome:ProteinReference1024,abstraction:NeighborOf,reactome:ProteinReference5611
reactome:ProteinReference3196,abstraction:NeighborOf,reactome:ProteinReference3198
reactome:ProteinReference9707,abstraction:NeighborOf,reactome:ProteinReference9713
reactome:ProteinReference8697,abstraction:NeighborOf,reactome:ProteinReference8738
reactome:ProteinReference8716,abstraction:NeighborOf,reactome:ProteinReference8718
reactome:ProteinReference8662,abstraction:NeighborOf,reactome:ProteinReference8700
reactome:ProteinReference10862,abstraction:NeighborOf,reactome:ProteinReference1088
reactome:ProteinReference8754,abstraction:NeighborOf,reactome:ProteinReference8755
reactome:ProteinReference2466,abstraction:NeighborOf,reactome:ProteinReference2471
reactome:ProteinReference8680,abstraction:NeighborOf,reactome:ProteinReference8686
reactome:ProteinReference10687,abstraction:NeighborOf,reactome:ProteinReference10689
reactome:ProteinReference8701,abstraction:NeighborOf,reactome:ProteinReference8725
reactome:ProteinReference2853,abstraction:NeighborOf,reactome:ProteinReference2861
reactome:ProteinReference3319,abstraction:NeighborOf,reactome:ProteinReference3320
reactome:ProteinReference5589,abstraction:NeighborOf,reactome:ProteinReference5937
reactome:ProteinReference11290,abstraction:NeighborOf,reactome:ProteinReference11291
reactome:ProteinReference1088,abstraction:NeighborOf,reactome:ProteinReference1089
reactome:ProteinReference8727,abstraction:NeighborOf,reactome:ProteinReference8730
reactome:ProteinReference4564,abstraction:NeighborOf,reactome:ProteinReference5004
reactome:ProteinReference8746,abstraction:NeighborOf,reactome:ProteinReference8757
reactome:ProteinReference8712,abstraction:NeighborOf,reactome:ProteinReference8735
reactome:ProteinReference6162,abstraction:NeighborOf,reactome:ProteinReference8701
reactome:ProteinReference2801,abstraction:NeighborOf,reactome:ProteinReference8602
reactome:ProteinReference4718,abstraction:NeighborOf,reactome:ProteinReference4729
reactome:ProteinReference8651,abstraction:NeighborOf,reactome:ProteinReference8753
reactome:ProteinReference4512,abstraction:NeighborOf,reactome:ProteinReference4515
reactome:ProteinReference4669,abstraction:NeighborOf,reactome:ProteinReference9434
reactome:ProteinReference8701,abstraction:NeighborOf,reactome:ProteinReference8708
reactome:ProteinReference2777,abstraction:NeighborOf,reactome:ProteinReference5038
reactome:ProteinReference4115,abstraction:NeighborOf,reactome:ProteinReference8907
reactome:ProteinReference3383,abstraction:NeighborOf,reactome:ProteinReference3386
reactome:ProteinReference6162,abstraction:NeighborOf,reactome:ProteinReference8724
reactome:ProteinReference1061,abstraction:NeighborOf,reactome:ProteinReference6173
reactome:ProteinReference3211,abstraction:NeighborOf,reactome:ProteinReference3212
reactome:ProteinReference8666,abstraction:NeighborOf,reactome:ProteinReference8702
reactome:ProteinReference2876,abstraction:NeighborOf,reactome:ProteinReference2987
reactome:ProteinReference6850,abstraction:NeighborOf,reactome:ProteinReference7724
reactome:ProteinReference8726,abstraction:NeighborOf,reactome:ProteinReference8737
reactome:ProteinReference2830,abstraction:NeighborOf,reactome:ProteinReference2900
reactome:ProteinReference5317,abstraction:NeighborOf,reactome:ProteinReference5318
reactome:ProteinReference1064,abstraction:NeighborOf,reactome:ProteinReference1089
reactome:ProteinReference1736,abstraction:NeighborOf,reactome:ProteinReference4418
reactome:ProteinReference2831,abstraction:NeighborOf,reactome:ProteinReference3014
reactome:ProteinReference8711,abstraction:NeighborOf,reactome:ProteinReference8722
reactome:ProteinReference10954,abstraction:NeighborOf,reactome:ProteinReference6851
reactome:ProteinReference8643,abstraction:NeighborOf,reactome:ProteinReference8707
reactome:ProteinReference2935,abstraction:NeighborOf,reactome:ProteinReference2962
reactome:ProteinReference6244,abstraction:NeighborOf,reactome:ProteinReference936
reactome:ProteinReference2859,abstraction:NeighborOf,reactome:ProteinReference2897
reactome:ProteinReference8747,abstraction:NeighborOf,reactome:ProteinReference8754
reactome:ProteinReference6317,abstraction:NeighborOf,reactome:ProteinReference6325
reactome:ProteinReference2845,abstraction:NeighborOf,reactome:ProteinReference6718
reactome:ProteinReference8721,abstraction:NeighborOf,reactome:ProteinReference8735
reactome:ProteinReference4393,abstraction:NeighborOf,reactome:ProteinReference5395
reactome:ProteinReference10475,abstraction:NeighborOf,reactome:ProteinReference8610
reactome:ProteinReference2947,abstraction:NeighborOf,reactome:ProteinReference6956
reactome:ProteinReference2445,abstraction:NeighborOf,reactome:ProteinReference2446
reactome:ProteinReference9803,abstraction:NeighborOf,reactome:ProteinReference9804
reactome:ProteinReference8564,abstraction:NeighborOf,reactome:ProteinReference8565
reactome:ProteinReference1094,abstraction:NeighborOf,reactome:ProteinReference1096
reactome:ProteinReference6250,abstraction:NeighborOf,reactome:ProteinReference8922
reactome:ProteinReference7609,abstraction:NeighborOf,reactome:ProteinReference9035
reactome:ProteinReference4160,abstraction:NeighborOf,reactome:ProteinReference791
reactome:ProteinReference10819,abstraction:NeighborOf,reactome:ProteinReference7604
reactome:ProteinReference1089,abstraction:NeighborOf,reactome:ProteinReference1351
reactome:ProteinReference10846,abstraction:NeighborOf,reactome:ProteinReference5456
reactome:ProteinReference8645,abstraction:NeighborOf,reactome:ProteinReference8725
reactome:ProteinReference8666,abstraction:NeighborOf,reactome:ProteinReference8701
reactome:ProteinReference2907,abstraction:NeighborOf,reactome:ProteinReference2957
reactome:ProteinReference2465,abstraction:NeighborOf,reactome:ProteinReference2475
reactome:ProteinReference10378,abstraction:NeighborOf,reactome:ProteinReference8966
reactome:ProteinReference5299,abstraction:NeighborOf,reactome:ProteinReference5300
reactome:ProteinReference2934,abstraction:NeighborOf,reactome:ProteinReference2963
reactome:ProteinReference622,abstraction:NeighborOf,reactome:ProteinReference634
reactome:ProteinReference8644,abstraction:NeighborOf,reactome:ProteinReference8690
reactome:ProteinReference8645,abstraction:NeighborOf,reactome:ProteinReference8708
reactome:ProteinReference8659,abstraction:NeighborOf,reactome:ProteinReference8730
reactome:ProteinReference8646,abstraction:NeighborOf,reactome:ProteinReference8698
reactome:ProteinReference8702,abstraction:NeighborOf,reactome:ProteinReference8731
reactome:ProteinReference6181,abstraction:NeighborOf,reactome:ProteinReference8772
reactome:ProteinReference2858,abstraction:NeighborOf,reactome:ProteinReference2899
reactome:ProteinReference8680,abstraction:NeighborOf,reactome:ProteinReference8681
reactome:ProteinReference2446,abstraction:NeighborOf,reactome:ProteinReference2472
