Source,Interaction,Target
reactome:SmallMolecule618,abstraction:ReactsWith,reactome:SmallMolecule2606
reactome:SmallMolecule1760,abstraction:ReactsWith,reactome:SmallMolecule710
reactome:SmallMolecule1579,abstraction:ReactsWith,reactome:SmallMolecule1385
reactome:SmallMolecule934,abstraction:ReactsWith,reactome:SmallMolecule770
reactome:SmallMolecule1111,abstraction:ReactsWith,reactome:SmallMolecule1388
reactome:SmallMolecule3,abstraction:ReactsWith,reactome:SmallMolecule1102
reactome:SmallMolecule2044,abstraction:ReactsWith,reactome:SmallMolecule622
reactome:SmallMolecule2,abstraction:ReactsWith,reactome:SmallMolecule2323
reactome:SmallMolecule1834,abstraction:ReactsWith,reactome:SmallMolecule377
reactome:SmallMolecule111,abstraction:ReactsWith,reactome:SmallMolecule121
reactome:SmallMolecule981,abstraction:ReactsWith,reactome:SmallMolecule541
reactome:SmallMolecule1460,abstraction:ReactsWith,reactome:SmallMolecule369
reactome:SmallMolecule619,abstraction:ReactsWith,reactome:SmallMolecule2911
reactome:SmallMolecule2037,abstraction:ReactsWith,reactome:SmallMolecule99
reactome:SmallMolecule1148,abstraction:ReactsWith,reactome:SmallMolecule2
reactome:SmallMolecule638,abstraction:ReactsWith,reactome:SmallMolecule3063
reactome:SmallMolecule3074,abstraction:ReactsWith,reactome:SmallMolecule1268
reactome:SmallMolecule3,abstraction:ReactsWith,reactome:SmallMolecule1759
reactome:SmallMolecule552,abstraction:ReactsWith,reactome:SmallMolecule3691
reactome:SmallMolecule619,abstraction:ReactsWith,reactome:SmallMolecule3125
reactome:SmallMolecule306,abstraction:ReactsWith,reactome:SmallMolecule293
reactome:SmallMolecule554,abstraction:ReactsWith,reactome:SmallMolecule553
reactome:SmallMolecule3565,abstraction:ReactsWith,reactome:SmallMolecule2
reactome:SmallMolecule864,abstraction:ReactsWith,reactome:SmallMolecule865
reactome:SmallMolecule1409,abstraction:ReactsWith,reactome:SmallMolecule1303
reactome:SmallMolecule34,abstraction:ReactsWith,reactome:SmallMolecule2661
reactome:SmallMolecule1385,abstraction:ReactsWith,reactome:SmallMolecule1579
reactome:SmallMolecule514,abstraction:ReactsWith,reactome:SmallMolecule3
reactome:SmallMolecule1383,abstraction:ReactsWith,reactome:SmallMolecule35
reactome:SmallMolecule2,abstraction:ReactsWith,reactome:SmallMolecule2611
reactome:SmallMolecule999,abstraction:ReactsWith,reactome:SmallMolecule541
reactome:SmallMolecule3300,abstraction:ReactsWith,reactome:SmallMolecule99
reactome:SmallMolecule1943,abstraction:ReactsWith,reactome:SmallMolecule1135
reactome:SmallMolecule2981,abstraction:ReactsWith,reactome:SmallMolecule2988
reactome:SmallMolecule2811,abstraction:ReactsWith,reactome:SmallMolecule377
reactome:SmallMolecule633,abstraction:ReactsWith,reactome:SmallMolecule1920
reactome:SmallMolecule3544,abstraction:ReactsWith,reactome:SmallMolecule566
reactome:SmallMolecule1432,abstraction:ReactsWith,reactome:SmallMolecule1309
reactome:SmallMolecule1343,abstraction:ReactsWith,reactome:SmallMolecule1351
reactome:SmallMolecule2454,abstraction:ReactsWith,reactome:SmallMolecule3
reactome:SmallMolecule618,abstraction:ReactsWith,reactome:SmallMolecule1175
reactome:SmallMolecule292,abstraction:ReactsWith,reactome:SmallMolecule3
reactome:SmallMolecule377,abstraction:ReactsWith,reactome:SmallMolecule1838
reactome:SmallMolecule1887,abstraction:ReactsWith,reactome:SmallMolecule2
reactome:SmallMolecule375,abstraction:ReactsWith,reactome:SmallMolecule2310
reactome:SmallMolecule3378,abstraction:ReactsWith,reactome:SmallMolecule3
reactome:SmallMolecule2467,abstraction:ReactsWith,reactome:SmallMolecule618
reactome:SmallMolecule2,abstraction:ReactsWith,reactome:SmallMolecule2249
reactome:SmallMolecule3,abstraction:ReactsWith,reactome:SmallMolecule3173
reactome:SmallMolecule3,abstraction:ReactsWith,reactome:SmallMolecule101
reactome:SmallMolecule1252,abstraction:ReactsWith,reactome:SmallMolecule1251
reactome:SmallMolecule2663,abstraction:ReactsWith,reactome:SmallMolecule1383
reactome:SmallMolecule4536,abstraction:ReactsWith,reactome:SmallMolecule4535
reactome:SmallMolecule1343,abstraction:ReactsWith,reactome:SmallMolecule5236
reactome:SmallMolecule2351,abstraction:ReactsWith,reactome:SmallMolecule99
reactome:SmallMolecule1584,abstraction:ReactsWith,reactome:SmallMolecule1510
reactome:SmallMolecule1297,abstraction:ReactsWith,reactome:SmallMolecule551
reactome:SmallMolecule2621,abstraction:ReactsWith,reactome:SmallMolecule34
reactome:SmallMolecule2267,abstraction:ReactsWith,reactome:SmallMolecule2266
reactome:SmallMolecule1662,abstraction:ReactsWith,reactome:SmallMolecule2
reactome:SmallMolecule853,abstraction:ReactsWith,reactome:SmallMolecule2516
reactome:SmallMolecule99,abstraction:ReactsWith,reactome:SmallMolecule271
reactome:SmallMolecule619,abstraction:ReactsWith,reactome:SmallMolecule1926
reactome:SmallMolecule1409,abstraction:ReactsWith,reactome:SmallMolecule1448
reactome:SmallMolecule1418,abstraction:ReactsWith,reactome:SmallMolecule1303
reactome:SmallMolecule535,abstraction:ReactsWith,reactome:SmallMolecule3626
reactome:SmallMolecule591,abstraction:ReactsWith,reactome:SmallMolecule1493
reactome:SmallMolecule2872,abstraction:ReactsWith,reactome:SmallMolecule618
reactome:SmallMolecule33,abstraction:ReactsWith,reactome:SmallMolecule1390
reactome:SmallMolecule99,abstraction:ReactsWith,reactome:SmallMolecule5066
reactome:SmallMolecule2621,abstraction:ReactsWith,reactome:SmallMolecule1340
reactome:SmallMolecule1482,abstraction:ReactsWith,reactome:SmallMolecule3
reactome:SmallMolecule2,abstraction:ReactsWith,reactome:SmallMolecule342
reactome:SmallMolecule3,abstraction:ReactsWith,reactome:SmallMolecule2898
reactome:SmallMolecule863,abstraction:ReactsWith,reactome:SmallMolecule6
reactome:SmallMolecule492,abstraction:ReactsWith,reactome:SmallMolecule591
reactome:SmallMolecule619,abstraction:ReactsWith,reactome:SmallMolecule1954
reactome:SmallMolecule1584,abstraction:ReactsWith,reactome:SmallMolecule1587
reactome:SmallMolecule34,abstraction:ReactsWith,reactome:SmallMolecule2438
reactome:SmallMolecule619,abstraction:ReactsWith,reactome:SmallMolecule1187
reactome:SmallMolecule1343,abstraction:ReactsWith,reactome:SmallMolecule683
reactome:SmallMolecule739,abstraction:ReactsWith,reactome:SmallMolecule740
reactome:SmallMolecule1196,abstraction:ReactsWith,reactome:SmallMolecule3441
reactome:SmallMolecule1061,abstraction:ReactsWith,reactome:SmallMolecule869
reactome:SmallMolecule1808,abstraction:ReactsWith,reactome:SmallMolecule618
reactome:SmallMolecule220,abstraction:ReactsWith,reactome:SmallMolecule535
reactome:SmallMolecule1135,abstraction:ReactsWith,reactome:SmallMolecule434
reactome:SmallMolecule434,abstraction:ReactsWith,reactome:SmallMolecule306
reactome:SmallMolecule3709,abstraction:ReactsWith,reactome:SmallMolecule1503
reactome:SmallMolecule893,abstraction:ReactsWith,reactome:SmallMolecule99
reactome:SmallMolecule1949,abstraction:ReactsWith,reactome:SmallMolecule99
reactome:SmallMolecule3,abstraction:ReactsWith,reactome:SmallMolecule3443
reactome:SmallMolecule618,abstraction:ReactsWith,reactome:SmallMolecule2188
reactome:SmallMolecule1268,abstraction:ReactsWith,reactome:SmallMolecule3113
reactome:SmallMolecule2831,abstraction:ReactsWith,reactome:SmallMolecule378
reactome:SmallMolecule2784,abstraction:ReactsWith,reactome:SmallMolecule854
reactome:SmallMolecule1187,abstraction:ReactsWith,reactome:SmallMolecule99
reactome:SmallMolecule1985,abstraction:ReactsWith,reactome:SmallMolecule1986
reactome:SmallMolecule549,abstraction:ReactsWith,reactome:SmallMolecule1685
reactome:SmallMolecule2672,abstraction:ReactsWith,reactome:SmallMolecule1137
reactome:SmallMolecule1931,abstraction:ReactsWith,reactome:SmallMolecule633
reactome:SmallMolecule619,abstraction:ReactsWith,reactome:SmallMolecule2856
reactome:SmallMolecule1135,abstraction:ReactsWith,reactome:SmallMolecule3121
reactome:SmallMolecule2,abstraction:ReactsWith,reactome:SmallMolecule1042
reactome:SmallMolecule2,abstraction:ReactsWith,reactome:SmallMolecule1055
reactome:SmallMolecule96,abstraction:ReactsWith,reactome:SmallMolecule619
reactome:SmallMolecule2282,abstraction:ReactsWith,reactome:SmallMolecule2879
reactome:SmallMolecule163,abstraction:ReactsWith,reactome:SmallMolecule612
reactome:SmallMolecule564,abstraction:ReactsWith,reactome:SmallMolecule3191
reactome:SmallMolecule301,abstraction:ReactsWith,reactome:SmallMolecule293
reactome:SmallMolecule2967,abstraction:ReactsWith,reactome:SmallMolecule33
reactome:SmallMolecule1876,abstraction:ReactsWith,reactome:SmallMolecule619
reactome:SmallMolecule619,abstraction:ReactsWith,reactome:SmallMolecule1806
reactome:SmallMolecule619,abstraction:ReactsWith,reactome:SmallMolecule1927
reactome:SmallMolecule1294,abstraction:ReactsWith,reactome:SmallMolecule1216
reactome:SmallMolecule2041,abstraction:ReactsWith,reactome:SmallMolecule618
reactome:SmallMolecule561,abstraction:ReactsWith,reactome:SmallMolecule3691
reactome:SmallMolecule2632,abstraction:ReactsWith,reactome:SmallMolecule2
reactome:SmallMolecule3383,abstraction:ReactsWith,reactome:SmallMolecule220
reactome:SmallMolecule1370,abstraction:ReactsWith,reactome:SmallMolecule1343
reactome:SmallMolecule2895,abstraction:ReactsWith,reactome:SmallMolecule33
reactome:SmallMolecule846,abstraction:ReactsWith,reactome:SmallMolecule361
reactome:SmallMolecule99,abstraction:ReactsWith,reactome:SmallMolecule1196
reactome:SmallMolecule2909,abstraction:ReactsWith,reactome:SmallMolecule3
reactome:SmallMolecule2028,abstraction:ReactsWith,reactome:SmallMolecule2015
reactome:SmallMolecule4,abstraction:ReactsWith,reactome:SmallMolecule295
reactome:SmallMolecule1903,abstraction:ReactsWith,reactome:SmallMolecule99
reactome:SmallMolecule325,abstraction:ReactsWith,reactome:SmallMolecule3264
reactome:SmallMolecule1828,abstraction:ReactsWith,reactome:SmallMolecule99
reactome:SmallMolecule3214,abstraction:ReactsWith,reactome:SmallMolecule554
reactome:SmallMolecule7,abstraction:ReactsWith,reactome:SmallMolecule554
reactome:SmallMolecule4600,abstraction:ReactsWith,reactome:SmallMolecule4624
reactome:SmallMolecule1146,abstraction:ReactsWith,reactome:SmallMolecule1283
reactome:SmallMolecule101,abstraction:ReactsWith,reactome:SmallMolecule3
reactome:SmallMolecule33,abstraction:ReactsWith,reactome:SmallMolecule2968
reactome:SmallMolecule1612,abstraction:ReactsWith,reactome:SmallMolecule3
reactome:SmallMolecule1178,abstraction:ReactsWith,reactome:SmallMolecule1315
reactome:SmallMolecule618,abstraction:ReactsWith,reactome:SmallMolecule1967
reactome:SmallMolecule1115,abstraction:ReactsWith,reactome:SmallMolecule3985
reactome:SmallMolecule2,abstraction:ReactsWith,reactome:SmallMolecule1404
reactome:SmallMolecule4986,abstraction:ReactsWith,reactome:SmallMolecule110
reactome:SmallMolecule618,abstraction:ReactsWith,reactome:SmallMolecule3138
reactome:SmallMolecule569,abstraction:ReactsWith,reactome:SmallMolecule3628
reactome:SmallMolecule770,abstraction:ReactsWith,reactome:SmallMolecule964
reactome:SmallMolecule99,abstraction:ReactsWith,reactome:SmallMolecule2628
reactome:SmallMolecule4534,abstraction:ReactsWith,reactome:SmallMolecule4537
reactome:SmallMolecule1111,abstraction:ReactsWith,reactome:SmallMolecule2811
reactome:SmallMolecule618,abstraction:ReactsWith,reactome:SmallMolecule2842
reactome:SmallMolecule619,abstraction:ReactsWith,reactome:SmallMolecule2108
reactome:SmallMolecule1283,abstraction:ReactsWith,reactome:SmallMolecule1146
reactome:SmallMolecule2,abstraction:ReactsWith,reactome:SmallMolecule2601
reactome:SmallMolecule100,abstraction:ReactsWith,reactome:SmallMolecule110
reactome:SmallMolecule3,abstraction:ReactsWith,reactome:SmallMolecule4640
reactome:SmallMolecule2,abstraction:ReactsWith,reactome:SmallMolecule777
reactome:SmallMolecule4419,abstraction:ReactsWith,reactome:SmallMolecule4420
reactome:SmallMolecule1344,abstraction:ReactsWith,reactome:SmallMolecule377
reactome:SmallMolecule2911,abstraction:ReactsWith,reactome:SmallMolecule99
reactome:SmallMolecule34,abstraction:ReactsWith,reactome:SmallMolecule2395
reactome:SmallMolecule3539,abstraction:ReactsWith,reactome:SmallMolecule3540
reactome:SmallMolecule2543,abstraction:ReactsWith,reactome:SmallMolecule938
reactome:SmallMolecule633,abstraction:ReactsWith,reactome:SmallMolecule2759
reactome:SmallMolecule44,abstraction:ReactsWith,reactome:SmallMolecule100
reactome:SmallMolecule99,abstraction:ReactsWith,reactome:SmallMolecule1127
reactome:SmallMolecule3113,abstraction:ReactsWith,reactome:SmallMolecule638
reactome:SmallMolecule4073,abstraction:ReactsWith,reactome:SmallMolecule109
reactome:SmallMolecule1343,abstraction:ReactsWith,reactome:SmallMolecule2822
reactome:SmallMolecule3053,abstraction:ReactsWith,reactome:SmallMolecule3013
reactome:SmallMolecule3063,abstraction:ReactsWith,reactome:SmallMolecule1178
reactome:SmallMolecule3,abstraction:ReactsWith,reactome:SmallMolecule848
reactome:SmallMolecule2932,abstraction:ReactsWith,reactome:SmallMolecule1303
reactome:SmallMolecule633,abstraction:ReactsWith,reactome:SmallMolecule1945
reactome:SmallMolecule619,abstraction:ReactsWith,reactome:SmallMolecule1803
reactome:SmallMolecule2291,abstraction:ReactsWith,reactome:SmallMolecule377
reactome:SmallMolecule1447,abstraction:ReactsWith,reactome:SmallMolecule1409
reactome:SmallMolecule220,abstraction:ReactsWith,reactome:SmallMolecule325
reactome:SmallMolecule865,abstraction:ReactsWith,reactome:SmallMolecule864
reactome:SmallMolecule564,abstraction:ReactsWith,reactome:SmallMolecule3192
reactome:SmallMolecule3463,abstraction:ReactsWith,reactome:SmallMolecule563
reactome:SmallMolecule2338,abstraction:ReactsWith,reactome:SmallMolecule2322
reactome:SmallMolecule34,abstraction:ReactsWith,reactome:SmallMolecule3519
reactome:SmallMolecule3,abstraction:ReactsWith,reactome:SmallMolecule622
reactome:SmallMolecule33,abstraction:ReactsWith,reactome:SmallMolecule2967
reactome:SmallMolecule1405,abstraction:ReactsWith,reactome:SmallMolecule1424
reactome:SmallMolecule619,abstraction:ReactsWith,reactome:SmallMolecule2670
reactome:SmallMolecule1576,abstraction:ReactsWith,reactome:SmallMolecule1573
reactome:SmallMolecule3522,abstraction:ReactsWith,reactome:SmallMolecule34
reactome:SmallMolecule2037,abstraction:ReactsWith,reactome:SmallMolecule2015
reactome:SmallMolecule618,abstraction:ReactsWith,reactome:SmallMolecule2776
reactome:SmallMolecule3453,abstraction:ReactsWith,reactome:SmallMolecule3
reactome:SmallMolecule2430,abstraction:ReactsWith,reactome:SmallMolecule99
reactome:SmallMolecule1316,abstraction:ReactsWith,reactome:SmallMolecule1289
reactome:SmallMolecule2291,abstraction:ReactsWith,reactome:SmallMolecule2295
reactome:SmallMolecule365,abstraction:ReactsWith,reactome:SmallMolecule572
reactome:SmallMolecule1135,abstraction:ReactsWith,reactome:SmallMolecule1884
reactome:SmallMolecule1640,abstraction:ReactsWith,reactome:SmallMolecule3372
reactome:SmallMolecule102,abstraction:ReactsWith,reactome:SmallMolecule916
reactome:SmallMolecule3106,abstraction:ReactsWith,reactome:SmallMolecule1178
reactome:SmallMolecule105,abstraction:ReactsWith,reactome:SmallMolecule115
reactome:SmallMolecule3253,abstraction:ReactsWith,reactome:SmallMolecule220
reactome:SmallMolecule551,abstraction:ReactsWith,reactome:SmallMolecule1297
reactome:SmallMolecule2983,abstraction:ReactsWith,reactome:SmallMolecule2989
reactome:SmallMolecule3013,abstraction:ReactsWith,reactome:SmallMolecule366
reactome:SmallMolecule880,abstraction:ReactsWith,reactome:SmallMolecule1034
reactome:SmallMolecule2,abstraction:ReactsWith,reactome:SmallMolecule2673
reactome:SmallMolecule1955,abstraction:ReactsWith,reactome:SmallMolecule619
reactome:SmallMolecule99,abstraction:ReactsWith,reactome:SmallMolecule2428
reactome:SmallMolecule3,abstraction:ReactsWith,reactome:SmallMolecule1669
reactome:SmallMolecule453,abstraction:ReactsWith,reactome:SmallMolecule299
reactome:SmallMolecule618,abstraction:ReactsWith,reactome:SmallMolecule37
reactome:SmallMolecule1920,abstraction:ReactsWith,reactome:SmallMolecule377
reactome:SmallMolecule385,abstraction:ReactsWith,reactome:SmallMolecule100
reactome:SmallMolecule838,abstraction:ReactsWith,reactome:SmallMolecule2
reactome:SmallMolecule962,abstraction:ReactsWith,reactome:SmallMolecule770
reactome:SmallMolecule3,abstraction:ReactsWith,reactome:SmallMolecule2326
reactome:SmallMolecule2,abstraction:ReactsWith,reactome:SmallMolecule1629
reactome:SmallMolecule3,abstraction:ReactsWith,reactome:SmallMolecule911
reactome:SmallMolecule857,abstraction:ReactsWith,reactome:SmallMolecule1369
reactome:SmallMolecule100,abstraction:ReactsWith,reactome:SmallMolecule328
reactome:SmallMolecule356,abstraction:ReactsWith,reactome:SmallMolecule342
reactome:SmallMolecule3138,abstraction:ReactsWith,reactome:SmallMolecule618
reactome:SmallMolecule2,abstraction:ReactsWith,reactome:SmallMolecule1564
reactome:SmallMolecule425,abstraction:ReactsWith,reactome:SmallMolecule98
reactome:SmallMolecule2253,abstraction:ReactsWith,reactome:SmallMolecule99
reactome:SmallMolecule2,abstraction:ReactsWith,reactome:SmallMolecule3460
reactome:SmallMolecule1682,abstraction:ReactsWith,reactome:SmallMolecule550
reactome:SmallMolecule3,abstraction:ReactsWith,reactome:SmallMolecule566
reactome:SmallMolecule432,abstraction:ReactsWith,reactome:SmallMolecule34
reactome:SmallMolecule99,abstraction:ReactsWith,reactome:SmallMolecule1245
reactome:SmallMolecule622,abstraction:ReactsWith,reactome:SmallMolecule3492
reactome:SmallMolecule1347,abstraction:ReactsWith,reactome:SmallMolecule33
reactome:SmallMolecule3053,abstraction:ReactsWith,reactome:SmallMolecule591
reactome:SmallMolecule3268,abstraction:ReactsWith,reactome:SmallMolecule869
reactome:SmallMolecule2089,abstraction:ReactsWith,reactome:SmallMolecule618
reactome:SmallMolecule1460,abstraction:ReactsWith,reactome:SmallMolecule2257
reactome:SmallMolecule2944,abstraction:ReactsWith,reactome:SmallMolecule416
reactome:SmallMolecule375,abstraction:ReactsWith,reactome:SmallMolecule2
reactome:SmallMolecule2284,abstraction:ReactsWith,reactome:SmallMolecule33
reactome:SmallMolecule1905,abstraction:ReactsWith,reactome:SmallMolecule838
reactome:SmallMolecule99,abstraction:ReactsWith,reactome:SmallMolecule7
reactome:SmallMolecule617,abstraction:ReactsWith,reactome:SmallMolecule2251
reactome:SmallMolecule4580,abstraction:ReactsWith,reactome:SmallMolecule2251
reactome:SmallMolecule1797,abstraction:ReactsWith,reactome:SmallMolecule1799
reactome:SmallMolecule35,abstraction:ReactsWith,reactome:SmallMolecule743
reactome:SmallMolecule633,abstraction:ReactsWith,reactome:SmallMolecule2749
reactome:SmallMolecule3,abstraction:ReactsWith,reactome:SmallMolecule11
reactome:SmallMolecule99,abstraction:ReactsWith,reactome:SmallMolecule3061
reactome:SmallMolecule560,abstraction:ReactsWith,reactome:SmallMolecule559
reactome:SmallMolecule2643,abstraction:ReactsWith,reactome:SmallMolecule220
reactome:SmallMolecule859,abstraction:ReactsWith,reactome:SmallMolecule34
reactome:SmallMolecule1343,abstraction:ReactsWith,reactome:SmallMolecule1368
reactome:SmallMolecule622,abstraction:ReactsWith,reactome:SmallMolecule2668
reactome:SmallMolecule3217,abstraction:ReactsWith,reactome:SmallMolecule3
reactome:SmallMolecule1503,abstraction:ReactsWith,reactome:SmallMolecule1479
reactome:SmallMolecule868,abstraction:ReactsWith,reactome:SmallMolecule869
reactome:SmallMolecule416,abstraction:ReactsWith,reactome:SmallMolecule2944
reactome:SmallMolecule1178,abstraction:ReactsWith,reactome:SmallMolecule1286
reactome:SmallMolecule2770,abstraction:ReactsWith,reactome:SmallMolecule3
reactome:SmallMolecule2,abstraction:ReactsWith,reactome:SmallMolecule4
reactome:SmallMolecule1833,abstraction:ReactsWith,reactome:SmallMolecule633
reactome:SmallMolecule3,abstraction:ReactsWith,reactome:SmallMolecule2482
reactome:SmallMolecule2335,abstraction:ReactsWith,reactome:SmallMolecule2
reactome:SmallMolecule3,abstraction:ReactsWith,reactome:SmallMolecule2072
reactome:SmallMolecule1945,abstraction:ReactsWith,reactome:SmallMolecule633
reactome:SmallMolecule591,abstraction:ReactsWith,reactome:SmallMolecule2639
reactome:SmallMolecule2828,abstraction:ReactsWith,reactome:SmallMolecule536
reactome:SmallMolecule1825,abstraction:ReactsWith,reactome:SmallMolecule5069
reactome:SmallMolecule2507,abstraction:ReactsWith,reactome:SmallMolecule3
reactome:SmallMolecule619,abstraction:ReactsWith,reactome:SmallMolecule1955
reactome:SmallMolecule101,abstraction:ReactsWith,reactome:SmallMolecule356
reactome:SmallMolecule34,abstraction:ReactsWith,reactome:SmallMolecule3289
reactome:SmallMolecule2449,abstraction:ReactsWith,reactome:SmallMolecule2
reactome:SmallMolecule3128,abstraction:ReactsWith,reactome:SmallMolecule1178
reactome:SmallMolecule3626,abstraction:ReactsWith,reactome:SmallMolecule535
reactome:SmallMolecule99,abstraction:ReactsWith,reactome:SmallMolecule2
reactome:SmallMolecule514,abstraction:ReactsWith,reactome:SmallMolecule710
reactome:SmallMolecule743,abstraction:ReactsWith,reactome:SmallMolecule1841
reactome:SmallMolecule618,abstraction:ReactsWith,reactome:SmallMolecule1228
reactome:SmallMolecule1547,abstraction:ReactsWith,reactome:SmallMolecule774
reactome:SmallMolecule738,abstraction:ReactsWith,reactome:SmallMolecule741
reactome:SmallMolecule244,abstraction:ReactsWith,reactome:SmallMolecule619
reactome:SmallMolecule5026,abstraction:ReactsWith,reactome:SmallMolecule619
reactome:SmallMolecule1207,abstraction:ReactsWith,reactome:SmallMolecule619
reactome:SmallMolecule185,abstraction:ReactsWith,reactome:SmallMolecule44
reactome:SmallMolecule2011,abstraction:ReactsWith,reactome:SmallMolecule1196
reactome:SmallMolecule3548,abstraction:ReactsWith,reactome:SmallMolecule1464
reactome:SmallMolecule2178,abstraction:ReactsWith,reactome:SmallMolecule618
reactome:SmallMolecule1283,abstraction:ReactsWith,reactome:SmallMolecule1284
reactome:SmallMolecule1344,abstraction:ReactsWith,reactome:SmallMolecule2282
reactome:SmallMolecule2039,abstraction:ReactsWith,reactome:SmallMolecule622
reactome:SmallMolecule1367,abstraction:ReactsWith,reactome:SmallMolecule33
reactome:SmallMolecule1303,abstraction:ReactsWith,reactome:SmallMolecule1427
reactome:SmallMolecule770,abstraction:ReactsWith,reactome:SmallMolecule1736
reactome:SmallMolecule3,abstraction:ReactsWith,reactome:SmallMolecule2908
reactome:SmallMolecule34,abstraction:ReactsWith,reactome:SmallMolecule536
reactome:SmallMolecule2213,abstraction:ReactsWith,reactome:SmallMolecule622
reactome:SmallMolecule1306,abstraction:ReactsWith,reactome:SmallMolecule1445
reactome:SmallMolecule563,abstraction:ReactsWith,reactome:SmallMolecule3464
reactome:SmallMolecule549,abstraction:ReactsWith,reactome:SmallMolecule994
reactome:SmallMolecule591,abstraction:ReactsWith,reactome:SmallMolecule748
reactome:SmallMolecule24,abstraction:ReactsWith,reactome:SmallMolecule2
reactome:SmallMolecule1766,abstraction:ReactsWith,reactome:SmallMolecule2
reactome:SmallMolecule1803,abstraction:ReactsWith,reactome:SmallMolecule619
reactome:SmallMolecule219,abstraction:ReactsWith,reactome:SmallMolecule220
reactome:SmallMolecule3,abstraction:ReactsWith,reactome:SmallMolecule343
reactome:SmallMolecule1343,abstraction:ReactsWith,reactome:SmallMolecule1372
reactome:SmallMolecule1228,abstraction:ReactsWith,reactome:SmallMolecule618
reactome:SmallMolecule1538,abstraction:ReactsWith,reactome:SmallMolecule3
reactome:SmallMolecule9,abstraction:ReactsWith,reactome:SmallMolecule3
reactome:SmallMolecule125,abstraction:ReactsWith,reactome:SmallMolecule618
reactome:SmallMolecule1293,abstraction:ReactsWith,reactome:SmallMolecule1289
reactome:SmallMolecule2671,abstraction:ReactsWith,reactome:SmallMolecule33
reactome:SmallMolecule1556,abstraction:ReactsWith,reactome:SmallMolecule591
reactome:SmallMolecule2908,abstraction:ReactsWith,reactome:SmallMolecule3
reactome:SmallMolecule2814,abstraction:ReactsWith,reactome:SmallMolecule1343
reactome:SmallMolecule1372,abstraction:ReactsWith,reactome:SmallMolecule33
reactome:SmallMolecule195,abstraction:ReactsWith,reactome:SmallMolecule3
reactome:SmallMolecule1432,abstraction:ReactsWith,reactome:SmallMolecule1308
reactome:SmallMolecule915,abstraction:ReactsWith,reactome:SmallMolecule102
reactome:SmallMolecule1339,abstraction:ReactsWith,reactome:SmallMolecule1475
reactome:SmallMolecule1505,abstraction:ReactsWith,reactome:SmallMolecule3
reactome:SmallMolecule1573,abstraction:ReactsWith,reactome:SmallMolecule1576
reactome:SmallMolecule1251,abstraction:ReactsWith,reactome:SmallMolecule1252
reactome:SmallMolecule619,abstraction:ReactsWith,reactome:SmallMolecule2616
reactome:SmallMolecule1606,abstraction:ReactsWith,reactome:SmallMolecule3
reactome:SmallMolecule43,abstraction:ReactsWith,reactome:SmallMolecule98
reactome:SmallMolecule1575,abstraction:ReactsWith,reactome:SmallMolecule33
reactome:SmallMolecule2,abstraction:ReactsWith,reactome:SmallMolecule3386
reactome:SmallMolecule1289,abstraction:ReactsWith,reactome:SmallMolecule1268
reactome:SmallMolecule618,abstraction:ReactsWith,reactome:SmallMolecule1266
reactome:SmallMolecule3526,abstraction:ReactsWith,reactome:SmallMolecule99
reactome:SmallMolecule2824,abstraction:ReactsWith,reactome:SmallMolecule1410
reactome:SmallMolecule1739,abstraction:ReactsWith,reactome:SmallMolecule770
reactome:SmallMolecule855,abstraction:ReactsWith,reactome:SmallMolecule378
reactome:SmallMolecule3537,abstraction:ReactsWith,reactome:SmallMolecule2
reactome:SmallMolecule1640,abstraction:ReactsWith,reactome:SmallMolecule880
reactome:SmallMolecule591,abstraction:ReactsWith,reactome:SmallMolecule2456
reactome:SmallMolecule375,abstraction:ReactsWith,reactome:SmallMolecule99
reactome:SmallMolecule1611,abstraction:ReactsWith,reactome:SmallMolecule3
reactome:SmallMolecule2026,abstraction:ReactsWith,reactome:SmallMolecule618
reactome:SmallMolecule4579,abstraction:ReactsWith,reactome:SmallMolecule4580
reactome:SmallMolecule2,abstraction:ReactsWith,reactome:SmallMolecule3458
reactome:SmallMolecule3191,abstraction:ReactsWith,reactome:SmallMolecule564
reactome:SmallMolecule3080,abstraction:ReactsWith,reactome:SmallMolecule638
reactome:SmallMolecule1448,abstraction:ReactsWith,reactome:SmallMolecule1410
reactome:SmallMolecule618,abstraction:ReactsWith,reactome:SmallMolecule1873
reactome:SmallMolecule1663,abstraction:ReactsWith,reactome:SmallMolecule3
reactome:SmallMolecule1887,abstraction:ReactsWith,reactome:SmallMolecule743
reactome:SmallMolecule36,abstraction:ReactsWith,reactome:SmallMolecule2807
reactome:SmallMolecule99,abstraction:ReactsWith,reactome:SmallMolecule43
reactome:SmallMolecule2041,abstraction:ReactsWith,reactome:SmallMolecule622
reactome:SmallMolecule2670,abstraction:ReactsWith,reactome:SmallMolecule99
reactome:SmallMolecule100,abstraction:ReactsWith,reactome:SmallMolecule342
reactome:SmallMolecule3039,abstraction:ReactsWith,reactome:SmallMolecule632
reactome:SmallMolecule2,abstraction:ReactsWith,reactome:SmallMolecule846
reactome:SmallMolecule770,abstraction:ReactsWith,reactome:SmallMolecule925
reactome:SmallMolecule292,abstraction:ReactsWith,reactome:SmallMolecule2
reactome:SmallMolecule1383,abstraction:ReactsWith,reactome:SmallMolecule36
reactome:SmallMolecule2,abstraction:ReactsWith,reactome:SmallMolecule535
reactome:SmallMolecule619,abstraction:ReactsWith,reactome:SmallMolecule1817
reactome:SmallMolecule368,abstraction:ReactsWith,reactome:SmallMolecule1460
reactome:SmallMolecule3293,abstraction:ReactsWith,reactome:SmallMolecule2787
reactome:SmallMolecule1926,abstraction:ReactsWith,reactome:SmallMolecule618
reactome:SmallMolecule554,abstraction:ReactsWith,reactome:SmallMolecule3214
reactome:SmallMolecule1256,abstraction:ReactsWith,reactome:SmallMolecule1196
reactome:SmallMolecule3,abstraction:ReactsWith,reactome:SmallMolecule1750
reactome:SmallMolecule1364,abstraction:ReactsWith,reactome:SmallMolecule1111
reactome:SmallMolecule3,abstraction:ReactsWith,reactome:SmallMolecule26
reactome:SmallMolecule33,abstraction:ReactsWith,reactome:SmallMolecule2963
reactome:SmallMolecule44,abstraction:ReactsWith,reactome:SmallMolecule161
reactome:SmallMolecule1335,abstraction:ReactsWith,reactome:SmallMolecule1111
reactome:SmallMolecule1339,abstraction:ReactsWith,reactome:SmallMolecule1376
reactome:SmallMolecule2007,abstraction:ReactsWith,reactome:SmallMolecule99
reactome:SmallMolecule1135,abstraction:ReactsWith,reactome:SmallMolecule34
reactome:SmallMolecule907,abstraction:ReactsWith,reactome:SmallMolecule3
reactome:SmallMolecule2910,abstraction:ReactsWith,reactome:SmallMolecule99
reactome:SmallMolecule710,abstraction:ReactsWith,reactome:SmallMolecule2952
reactome:SmallMolecule2,abstraction:ReactsWith,reactome:SmallMolecule369
reactome:SmallMolecule1055,abstraction:ReactsWith,reactome:SmallMolecule2
reactome:SmallMolecule911,abstraction:ReactsWith,reactome:SmallMolecule2643
reactome:SmallMolecule1753,abstraction:ReactsWith,reactome:SmallMolecule3
reactome:SmallMolecule2890,abstraction:ReactsWith,reactome:SmallMolecule2889
reactome:SmallMolecule3631,abstraction:ReactsWith,reactome:SmallMolecule569
reactome:SmallMolecule350,abstraction:ReactsWith,reactome:SmallMolecule3
reactome:SmallMolecule1619,abstraction:ReactsWith,reactome:SmallMolecule3
reactome:SmallMolecule1299,abstraction:ReactsWith,reactome:SmallMolecule1298
reactome:SmallMolecule683,abstraction:ReactsWith,reactome:SmallMolecule4420
reactome:SmallMolecule1948,abstraction:ReactsWith,reactome:SmallMolecule619
reactome:SmallMolecule3045,abstraction:ReactsWith,reactome:SmallMolecule564
reactome:SmallMolecule99,abstraction:ReactsWith,reactome:SmallMolecule385
reactome:SmallMolecule1341,abstraction:ReactsWith,reactome:SmallMolecule33
reactome:SmallMolecule3,abstraction:ReactsWith,reactome:SmallMolecule19
reactome:SmallMolecule1111,abstraction:ReactsWith,reactome:SmallMolecule1364
reactome:SmallMolecule2415,abstraction:ReactsWith,reactome:SmallMolecule619
reactome:SmallMolecule618,abstraction:ReactsWith,reactome:SmallMolecule1647
reactome:SmallMolecule3,abstraction:ReactsWith,reactome:SmallMolecule663
reactome:SmallMolecule3142,abstraction:ReactsWith,reactome:SmallMolecule3
reactome:SmallMolecule277,abstraction:ReactsWith,reactome:SmallMolecule271
reactome:SmallMolecule1178,abstraction:ReactsWith,reactome:SmallMolecule3092
reactome:SmallMolecule2815,abstraction:ReactsWith,reactome:SmallMolecule3
reactome:SmallMolecule619,abstraction:ReactsWith,reactome:SmallMolecule1895
reactome:SmallMolecule33,abstraction:ReactsWith,reactome:SmallMolecule1500
reactome:SmallMolecule375,abstraction:ReactsWith,reactome:SmallMolecule2850
reactome:SmallMolecule2776,abstraction:ReactsWith,reactome:SmallMolecule619
reactome:SmallMolecule4347,abstraction:ReactsWith,reactome:SmallMolecule591
reactome:SmallMolecule1289,abstraction:ReactsWith,reactome:SmallMolecule1292
reactome:SmallMolecule1142,abstraction:ReactsWith,reactome:SmallMolecule1178
reactome:SmallMolecule552,abstraction:ReactsWith,reactome:SmallMolecule3684
reactome:SmallMolecule3132,abstraction:ReactsWith,reactome:SmallMolecule1268
reactome:SmallMolecule3065,abstraction:ReactsWith,reactome:SmallMolecule1268
reactome:SmallMolecule423,abstraction:ReactsWith,reactome:SmallMolecule375
reactome:SmallMolecule347,abstraction:ReactsWith,reactome:SmallMolecule2
reactome:SmallMolecule368,abstraction:ReactsWith,reactome:SmallMolecule618
reactome:SmallMolecule482,abstraction:ReactsWith,reactome:SmallMolecule100
reactome:SmallMolecule3,abstraction:ReactsWith,reactome:SmallMolecule4959
reactome:SmallMolecule220,abstraction:ReactsWith,reactome:SmallMolecule2912
reactome:SmallMolecule102,abstraction:ReactsWith,reactome:SmallMolecule366
reactome:SmallMolecule310,abstraction:ReactsWith,reactome:SmallMolecule591
reactome:SmallMolecule770,abstraction:ReactsWith,reactome:SmallMolecule1738
reactome:SmallMolecule774,abstraction:ReactsWith,reactome:SmallMolecule1468
reactome:SmallMolecule99,abstraction:ReactsWith,reactome:SmallMolecule455
reactome:SmallMolecule1790,abstraction:ReactsWith,reactome:SmallMolecule619
reactome:SmallMolecule377,abstraction:ReactsWith,reactome:SmallMolecule682
reactome:SmallMolecule109,abstraction:ReactsWith,reactome:SmallMolecule638
reactome:SmallMolecule564,abstraction:ReactsWith,reactome:SmallMolecule3199
reactome:SmallMolecule770,abstraction:ReactsWith,reactome:SmallMolecule948
reactome:SmallMolecule2496,abstraction:ReactsWith,reactome:SmallMolecule33
reactome:SmallMolecule557,abstraction:ReactsWith,reactome:SmallMolecule926
reactome:SmallMolecule2342,abstraction:ReactsWith,reactome:SmallMolecule2282
reactome:SmallMolecule211,abstraction:ReactsWith,reactome:SmallMolecule100
reactome:SmallMolecule99,abstraction:ReactsWith,reactome:SmallMolecule2910
reactome:SmallMolecule33,abstraction:ReactsWith,reactome:SmallMolecule859
reactome:SmallMolecule3,abstraction:ReactsWith,reactome:SmallMolecule221
reactome:SmallMolecule2,abstraction:ReactsWith,reactome:SmallMolecule325
reactome:SmallMolecule2768,abstraction:ReactsWith,reactome:SmallMolecule125
reactome:SmallMolecule366,abstraction:ReactsWith,reactome:SmallMolecule3015
reactome:SmallMolecule2574,abstraction:ReactsWith,reactome:SmallMolecule2260
reactome:SmallMolecule2412,abstraction:ReactsWith,reactome:SmallMolecule1640
reactome:SmallMolecule3156,abstraction:ReactsWith,reactome:SmallMolecule622
reactome:SmallMolecule101,abstraction:ReactsWith,reactome:SmallMolecule2
reactome:SmallMolecule2,abstraction:ReactsWith,reactome:SmallMolecule349
reactome:SmallMolecule4606,abstraction:ReactsWith,reactome:SmallMolecule619
reactome:SmallMolecule5066,abstraction:ReactsWith,reactome:SmallMolecule619
reactome:SmallMolecule99,abstraction:ReactsWith,reactome:SmallMolecule1503
reactome:SmallMolecule1424,abstraction:ReactsWith,reactome:SmallMolecule1306
reactome:SmallMolecule2724,abstraction:ReactsWith,reactome:SmallMolecule710
reactome:SmallMolecule2629,abstraction:ReactsWith,reactome:SmallMolecule2
reactome:SmallMolecule1693,abstraction:ReactsWith,reactome:SmallMolecule561
reactome:SmallMolecule1464,abstraction:ReactsWith,reactome:SmallMolecule3548
reactome:SmallMolecule1107,abstraction:ReactsWith,reactome:SmallMolecule742
reactome:SmallMolecule880,abstraction:ReactsWith,reactome:SmallMolecule1029
reactome:SmallMolecule2983,abstraction:ReactsWith,reactome:SmallMolecule2986
reactome:SmallMolecule1353,abstraction:ReactsWith,reactome:SmallMolecule1339
reactome:SmallMolecule157,abstraction:ReactsWith,reactome:SmallMolecule366
reactome:SmallMolecule329,abstraction:ReactsWith,reactome:SmallMolecule100
reactome:SmallMolecule1178,abstraction:ReactsWith,reactome:SmallMolecule1291
reactome:SmallMolecule2564,abstraction:ReactsWith,reactome:SmallMolecule591
reactome:SmallMolecule900,abstraction:ReactsWith,reactome:SmallMolecule909
reactome:SmallMolecule5170,abstraction:ReactsWith,reactome:SmallMolecule4410
reactome:SmallMolecule3,abstraction:ReactsWith,reactome:SmallMolecule5213
reactome:SmallMolecule1370,abstraction:ReactsWith,reactome:SmallMolecule1111
reactome:SmallMolecule375,abstraction:ReactsWith,reactome:SmallMolecule2770
reactome:SmallMolecule2839,abstraction:ReactsWith,reactome:SmallMolecule709
reactome:SmallMolecule988,abstraction:ReactsWith,reactome:SmallMolecule992
reactome:SmallMolecule4,abstraction:ReactsWith,reactome:SmallMolecule2868
reactome:SmallMolecule633,abstraction:ReactsWith,reactome:SmallMolecule1881
reactome:SmallMolecule150,abstraction:ReactsWith,reactome:SmallMolecule140
reactome:SmallMolecule1912,abstraction:ReactsWith,reactome:SmallMolecule1915
reactome:SmallMolecule619,abstraction:ReactsWith,reactome:SmallMolecule1231
reactome:SmallMolecule3,abstraction:ReactsWith,reactome:SmallMolecule2490
reactome:SmallMolecule1020,abstraction:ReactsWith,reactome:SmallMolecule1536
reactome:SmallMolecule541,abstraction:ReactsWith,reactome:SmallMolecule984
reactome:SmallMolecule2,abstraction:ReactsWith,reactome:SmallMolecule1911
reactome:SmallMolecule1292,abstraction:ReactsWith,reactome:SmallMolecule1289
reactome:SmallMolecule1613,abstraction:ReactsWith,reactome:SmallMolecule3
reactome:SmallMolecule1568,abstraction:ReactsWith,reactome:SmallMolecule774
reactome:SmallMolecule770,abstraction:ReactsWith,reactome:SmallMolecule957
reactome:SmallMolecule3,abstraction:ReactsWith,reactome:SmallMolecule2338
reactome:SmallMolecule3302,abstraction:ReactsWith,reactome:SmallMolecule3
reactome:SmallMolecule549,abstraction:ReactsWith,reactome:SmallMolecule983
reactome:SmallMolecule1049,abstraction:ReactsWith,reactome:SmallMolecule1040
reactome:SmallMolecule2069,abstraction:ReactsWith,reactome:SmallMolecule622
reactome:SmallMolecule3,abstraction:ReactsWith,reactome:SmallMolecule42
reactome:SmallMolecule654,abstraction:ReactsWith,reactome:SmallMolecule3
reactome:SmallMolecule3453,abstraction:ReactsWith,reactome:SmallMolecule2
reactome:SmallMolecule33,abstraction:ReactsWith,reactome:SmallMolecule1370
reactome:SmallMolecule487,abstraction:ReactsWith,reactome:SmallMolecule2
reactome:SmallMolecule34,abstraction:ReactsWith,reactome:SmallMolecule2665
reactome:SmallMolecule1437,abstraction:ReactsWith,reactome:SmallMolecule1306
reactome:SmallMolecule102,abstraction:ReactsWith,reactome:SmallMolecule411
reactome:SmallMolecule2367,abstraction:ReactsWith,reactome:SmallMolecule880
reactome:SmallMolecule3,abstraction:ReactsWith,reactome:SmallMolecule1297
reactome:SmallMolecule377,abstraction:ReactsWith,reactome:SmallMolecule1374
reactome:SmallMolecule1918,abstraction:ReactsWith,reactome:SmallMolecule377
reactome:SmallMolecule100,abstraction:ReactsWith,reactome:SmallMolecule3471
reactome:SmallMolecule1268,abstraction:ReactsWith,reactome:SmallMolecule3092
reactome:SmallMolecule3692,abstraction:ReactsWith,reactome:SmallMolecule552
reactome:SmallMolecule2,abstraction:ReactsWith,reactome:SmallMolecule18
reactome:SmallMolecule988,abstraction:ReactsWith,reactome:SmallMolecule989
reactome:SmallMolecule2630,abstraction:ReactsWith,reactome:SmallMolecule2
reactome:SmallMolecule3,abstraction:ReactsWith,reactome:SmallMolecule126
reactome:SmallMolecule111,abstraction:ReactsWith,reactome:SmallMolecule101
reactome:SmallMolecule2,abstraction:ReactsWith,reactome:SmallMolecule1567
reactome:SmallMolecule2930,abstraction:ReactsWith,reactome:SmallMolecule1409
reactome:SmallMolecule537,abstraction:ReactsWith,reactome:SmallMolecule3318
reactome:SmallMolecule99,abstraction:ReactsWith,reactome:SmallMolecule3325
reactome:SmallMolecule2260,abstraction:ReactsWith,reactome:SmallMolecule348
reactome:SmallMolecule99,abstraction:ReactsWith,reactome:SmallMolecule2652
reactome:SmallMolecule880,abstraction:ReactsWith,reactome:SmallMolecule1825
reactome:SmallMolecule33,abstraction:ReactsWith,reactome:SmallMolecule2284
reactome:SmallMolecule1372,abstraction:ReactsWith,reactome:SmallMolecule1339
reactome:SmallMolecule2310,abstraction:ReactsWith,reactome:SmallMolecule857
reactome:SmallMolecule1484,abstraction:ReactsWith,reactome:SmallMolecule1297
reactome:SmallMolecule333,abstraction:ReactsWith,reactome:SmallMolecule100
reactome:SmallMolecule1582,abstraction:ReactsWith,reactome:SmallMolecule591
reactome:SmallMolecule946,abstraction:ReactsWith,reactome:SmallMolecule770
reactome:SmallMolecule774,abstraction:ReactsWith,reactome:SmallMolecule1578
reactome:SmallMolecule612,abstraction:ReactsWith,reactome:SmallMolecule132
reactome:SmallMolecule3,abstraction:ReactsWith,reactome:SmallMolecule1538
reactome:SmallMolecule3289,abstraction:ReactsWith,reactome:SmallMolecule34
reactome:SmallMolecule1640,abstraction:ReactsWith,reactome:SmallMolecule2488
reactome:SmallMolecule2556,abstraction:ReactsWith,reactome:SmallMolecule2552
reactome:SmallMolecule2,abstraction:ReactsWith,reactome:SmallMolecule327
reactome:SmallMolecule2491,abstraction:ReactsWith,reactome:SmallMolecule33
reactome:SmallMolecule622,abstraction:ReactsWith,reactome:SmallMolecule2188
reactome:SmallMolecule2262,abstraction:ReactsWith,reactome:SmallMolecule683
reactome:SmallMolecule2,abstraction:ReactsWith,reactome:SmallMolecule4941
reactome:SmallMolecule561,abstraction:ReactsWith,reactome:SmallMolecule999
reactome:SmallMolecule99,abstraction:ReactsWith,reactome:SmallMolecule968
reactome:SmallMolecule2322,abstraction:ReactsWith,reactome:SmallMolecule3459
reactome:SmallMolecule1343,abstraction:ReactsWith,reactome:SmallMolecule1135
reactome:SmallMolecule2108,abstraction:ReactsWith,reactome:SmallMolecule99
reactome:SmallMolecule619,abstraction:ReactsWith,reactome:SmallMolecule1770
reactome:SmallMolecule619,abstraction:ReactsWith,reactome:SmallMolecule773
reactome:SmallMolecule1635,abstraction:ReactsWith,reactome:SmallMolecule591
reactome:SmallMolecule554,abstraction:ReactsWith,reactome:SmallMolecule3225
reactome:SmallMolecule2629,abstraction:ReactsWith,reactome:SmallMolecule99
reactome:SmallMolecule1797,abstraction:ReactsWith,reactome:SmallMolecule1798
reactome:SmallMolecule541,abstraction:ReactsWith,reactome:SmallMolecule981
reactome:SmallMolecule3,abstraction:ReactsWith,reactome:SmallMolecule1262
reactome:SmallMolecule3013,abstraction:ReactsWith,reactome:SmallMolecule102
reactome:SmallMolecule2428,abstraction:ReactsWith,reactome:SmallMolecule99
reactome:SmallMolecule2770,abstraction:ReactsWith,reactome:SmallMolecule2
reactome:SmallMolecule1,abstraction:ReactsWith,reactome:SmallMolecule537
reactome:SmallMolecule100,abstraction:ReactsWith,reactome:SmallMolecule98
reactome:SmallMolecule3,abstraction:ReactsWith,reactome:SmallMolecule1628
reactome:SmallMolecule2,abstraction:ReactsWith,reactome:SmallMolecule1868
reactome:SmallMolecule370,abstraction:ReactsWith,reactome:SmallMolecule371
reactome:SmallMolecule638,abstraction:ReactsWith,reactome:SmallMolecule3089
reactome:SmallMolecule1178,abstraction:ReactsWith,reactome:SmallMolecule3117
reactome:SmallMolecule1178,abstraction:ReactsWith,reactome:SmallMolecule3096
reactome:SmallMolecule3070,abstraction:ReactsWith,reactome:SmallMolecule1268
reactome:SmallMolecule357,abstraction:ReactsWith,reactome:SmallMolecule407
reactome:SmallMolecule1640,abstraction:ReactsWith,reactome:SmallMolecule2485
reactome:SmallMolecule638,abstraction:ReactsWith,reactome:SmallMolecule3074
reactome:SmallMolecule2886,abstraction:ReactsWith,reactome:SmallMolecule2888
reactome:SmallMolecule1561,abstraction:ReactsWith,reactome:SmallMolecule1018
reactome:SmallMolecule770,abstraction:ReactsWith,reactome:SmallMolecule943
reactome:SmallMolecule101,abstraction:ReactsWith,reactome:SmallMolecule111
reactome:SmallMolecule2926,abstraction:ReactsWith,reactome:SmallMolecule2847
reactome:SmallMolecule1040,abstraction:ReactsWith,reactome:SmallMolecule1024
reactome:SmallMolecule1362,abstraction:ReactsWith,reactome:SmallMolecule33
reactome:SmallMolecule2572,abstraction:ReactsWith,reactome:SmallMolecule4537
reactome:SmallMolecule710,abstraction:ReactsWith,reactome:SmallMolecule1896
reactome:SmallMolecule2805,abstraction:ReactsWith,reactome:SmallMolecule1339
reactome:SmallMolecule2221,abstraction:ReactsWith,reactome:SmallMolecule2225
reactome:SmallMolecule34,abstraction:ReactsWith,reactome:SmallMolecule377
reactome:SmallMolecule591,abstraction:ReactsWith,reactome:SmallMolecule2502
reactome:SmallMolecule220,abstraction:ReactsWith,reactome:SmallMolecule2916
reactome:SmallMolecule3374,abstraction:ReactsWith,reactome:SmallMolecule3375
reactome:SmallMolecule3,abstraction:ReactsWith,reactome:SmallMolecule1109
reactome:SmallMolecule2915,abstraction:ReactsWith,reactome:SmallMolecule2914
reactome:SmallMolecule1949,abstraction:ReactsWith,reactome:SmallMolecule619
reactome:SmallMolecule2949,abstraction:ReactsWith,reactome:SmallMolecule633
reactome:SmallMolecule2267,abstraction:ReactsWith,reactome:SmallMolecule377
reactome:SmallMolecule2509,abstraction:ReactsWith,reactome:SmallMolecule3
reactome:SmallMolecule3,abstraction:ReactsWith,reactome:SmallMolecule96
reactome:SmallMolecule304,abstraction:ReactsWith,reactome:SmallMolecule3
reactome:SmallMolecule230,abstraction:ReactsWith,reactome:SmallMolecule2
reactome:SmallMolecule100,abstraction:ReactsWith,reactome:SmallMolecule476
reactome:SmallMolecule33,abstraction:ReactsWith,reactome:SmallMolecule2671
reactome:SmallMolecule3123,abstraction:ReactsWith,reactome:SmallMolecule1178
reactome:SmallMolecule1313,abstraction:ReactsWith,reactome:SmallMolecule1216
reactome:SmallMolecule1992,abstraction:ReactsWith,reactome:SmallMolecule1111
reactome:SmallMolecule2790,abstraction:ReactsWith,reactome:SmallMolecule375
reactome:SmallMolecule959,abstraction:ReactsWith,reactome:SmallMolecule770
reactome:SmallMolecule619,abstraction:ReactsWith,reactome:SmallMolecule1804
reactome:SmallMolecule377,abstraction:ReactsWith,reactome:SmallMolecule434
reactome:SmallMolecule3085,abstraction:ReactsWith,reactome:SmallMolecule1268
reactome:SmallMolecule3,abstraction:ReactsWith,reactome:SmallMolecule2925
reactome:SmallMolecule220,abstraction:ReactsWith,reactome:SmallMolecule3527
reactome:SmallMolecule3414,abstraction:ReactsWith,reactome:SmallMolecule1111
reactome:SmallMolecule2982,abstraction:ReactsWith,reactome:SmallMolecule2981
reactome:SmallMolecule622,abstraction:ReactsWith,reactome:SmallMolecule2159
reactome:SmallMolecule299,abstraction:ReactsWith,reactome:SmallMolecule923
reactome:SmallMolecule34,abstraction:ReactsWith,reactome:SmallMolecule1366
reactome:SmallMolecule99,abstraction:ReactsWith,reactome:SmallMolecule1949
reactome:SmallMolecule33,abstraction:ReactsWith,reactome:SmallMolecule1585
reactome:SmallMolecule550,abstraction:ReactsWith,reactome:SmallMolecule983
reactome:SmallMolecule907,abstraction:ReactsWith,reactome:SmallMolecule710
reactome:SmallMolecule2375,abstraction:ReactsWith,reactome:SmallMolecule2
reactome:SmallMolecule1841,abstraction:ReactsWith,reactome:SmallMolecule2
reactome:SmallMolecule2908,abstraction:ReactsWith,reactome:SmallMolecule2
reactome:SmallMolecule377,abstraction:ReactsWith,reactome:SmallMolecule3121
reactome:SmallMolecule1495,abstraction:ReactsWith,reactome:SmallMolecule1020
reactome:SmallMolecule99,abstraction:ReactsWith,reactome:SmallMolecule1830
reactome:SmallMolecule3,abstraction:ReactsWith,reactome:SmallMolecule3503
reactome:SmallMolecule2,abstraction:ReactsWith,reactome:SmallMolecule1620
reactome:SmallMolecule2089,abstraction:ReactsWith,reactome:SmallMolecule619
reactome:SmallMolecule1576,abstraction:ReactsWith,reactome:SmallMolecule33
reactome:SmallMolecule2327,abstraction:ReactsWith,reactome:SmallMolecule375
reactome:SmallMolecule865,abstraction:ReactsWith,reactome:SmallMolecule709
reactome:SmallMolecule622,abstraction:ReactsWith,reactome:SmallMolecule3287
reactome:SmallMolecule2,abstraction:ReactsWith,reactome:SmallMolecule2416
reactome:SmallMolecule591,abstraction:ReactsWith,reactome:SmallMolecule4547
reactome:SmallMolecule657,abstraction:ReactsWith,reactome:SmallMolecule3
reactome:SmallMolecule3,abstraction:ReactsWith,reactome:SmallMolecule2462
reactome:SmallMolecule2320,abstraction:ReactsWith,reactome:SmallMolecule2318
reactome:SmallMolecule3061,abstraction:ReactsWith,reactome:SmallMolecule619
reactome:SmallMolecule1178,abstraction:ReactsWith,reactome:SmallMolecule3063
reactome:SmallMolecule1623,abstraction:ReactsWith,reactome:SmallMolecule3
reactome:SmallMolecule306,abstraction:ReactsWith,reactome:SmallMolecule435
reactome:SmallMolecule101,abstraction:ReactsWith,reactome:SmallMolecule337
reactome:SmallMolecule2810,abstraction:ReactsWith,reactome:SmallMolecule1343
reactome:SmallMolecule2447,abstraction:ReactsWith,reactome:SmallMolecule2436
reactome:SmallMolecule618,abstraction:ReactsWith,reactome:SmallMolecule2251
reactome:SmallMolecule99,abstraction:ReactsWith,reactome:SmallMolecule3561
reactome:SmallMolecule540,abstraction:ReactsWith,reactome:SmallMolecule539
reactome:SmallMolecule1388,abstraction:ReactsWith,reactome:SmallMolecule34
reactome:SmallMolecule2611,abstraction:ReactsWith,reactome:SmallMolecule3
reactome:SmallMolecule1481,abstraction:ReactsWith,reactome:SmallMolecule774
reactome:SmallMolecule2572,abstraction:ReactsWith,reactome:SmallMolecule4536
reactome:SmallMolecule222,abstraction:ReactsWith,reactome:SmallMolecule2760
reactome:SmallMolecule618,abstraction:ReactsWith,reactome:SmallMolecule174
reactome:SmallMolecule2325,abstraction:ReactsWith,reactome:SmallMolecule2332
reactome:SmallMolecule618,abstraction:ReactsWith,reactome:SmallMolecule4582
reactome:SmallMolecule3,abstraction:ReactsWith,reactome:SmallMolecule1764
reactome:SmallMolecule3057,abstraction:ReactsWith,reactome:SmallMolecule3056
reactome:SmallMolecule286,abstraction:ReactsWith,reactome:SmallMolecule275
reactome:SmallMolecule1681,abstraction:ReactsWith,reactome:SmallMolecule567
reactome:SmallMolecule606,abstraction:ReactsWith,reactome:SmallMolecule3
reactome:SmallMolecule1308,abstraction:ReactsWith,reactome:SmallMolecule1432
reactome:SmallMolecule1895,abstraction:ReactsWith,reactome:SmallMolecule554
reactome:SmallMolecule2865,abstraction:ReactsWith,reactome:SmallMolecule306
reactome:SmallMolecule742,abstraction:ReactsWith,reactome:SmallMolecule619
reactome:SmallMolecule1135,abstraction:ReactsWith,reactome:SmallMolecule1882
reactome:SmallMolecule1290,abstraction:ReactsWith,reactome:SmallMolecule1178
reactome:SmallMolecule1820,abstraction:ReactsWith,reactome:SmallMolecule99
reactome:SmallMolecule2806,abstraction:ReactsWith,reactome:SmallMolecule34
reactome:SmallMolecule99,abstraction:ReactsWith,reactome:SmallMolecule2911
reactome:SmallMolecule193,abstraction:ReactsWith,reactome:SmallMolecule618
reactome:SmallMolecule619,abstraction:ReactsWith,reactome:SmallMolecule1461
reactome:SmallMolecule1111,abstraction:ReactsWith,reactome:SmallMolecule1343
reactome:SmallMolecule943,abstraction:ReactsWith,reactome:SmallMolecule770
reactome:SmallMolecule33,abstraction:ReactsWith,reactome:SmallMolecule1491
reactome:SmallMolecule3176,abstraction:ReactsWith,reactome:SmallMolecule99
reactome:SmallMolecule99,abstraction:ReactsWith,reactome:SmallMolecule3125
reactome:SmallMolecule1360,abstraction:ReactsWith,reactome:SmallMolecule1111
reactome:SmallMolecule537,abstraction:ReactsWith,reactome:SmallMolecule619
reactome:SmallMolecule1049,abstraction:ReactsWith,reactome:SmallMolecule1024
reactome:SmallMolecule1788,abstraction:ReactsWith,reactome:SmallMolecule3
reactome:SmallMolecule1295,abstraction:ReactsWith,reactome:SmallMolecule1283
reactome:SmallMolecule425,abstraction:ReactsWith,reactome:SmallMolecule4459
reactome:SmallMolecule220,abstraction:ReactsWith,reactome:SmallMolecule2899
reactome:SmallMolecule1268,abstraction:ReactsWith,reactome:SmallMolecule3117
reactome:SmallMolecule2670,abstraction:ReactsWith,reactome:SmallMolecule622
reactome:SmallMolecule1337,abstraction:ReactsWith,reactome:SmallMolecule1339
reactome:SmallMolecule1268,abstraction:ReactsWith,reactome:SmallMolecule3096
reactome:SmallMolecule470,abstraction:ReactsWith,reactome:SmallMolecule100
reactome:SmallMolecule109,abstraction:ReactsWith,reactome:SmallMolecule3
reactome:SmallMolecule1196,abstraction:ReactsWith,reactome:SmallMolecule2574
reactome:SmallMolecule99,abstraction:ReactsWith,reactome:SmallMolecule2773
reactome:SmallMolecule2400,abstraction:ReactsWith,reactome:SmallMolecule35
reactome:SmallMolecule1243,abstraction:ReactsWith,reactome:SmallMolecule3
reactome:SmallMolecule2326,abstraction:ReactsWith,reactome:SmallMolecule361
reactome:SmallMolecule34,abstraction:ReactsWith,reactome:SmallMolecule859
reactome:SmallMolecule1540,abstraction:ReactsWith,reactome:SmallMolecule3
reactome:SmallMolecule110,abstraction:ReactsWith,reactome:SmallMolecule98
reactome:SmallMolecule851,abstraction:ReactsWith,reactome:SmallMolecule619
reactome:SmallMolecule619,abstraction:ReactsWith,reactome:SmallMolecule1828
reactome:SmallMolecule1378,abstraction:ReactsWith,reactome:SmallMolecule1339
reactome:SmallMolecule4941,abstraction:ReactsWith,reactome:SmallMolecule3
reactome:SmallMolecule293,abstraction:ReactsWith,reactome:SmallMolecule622
reactome:SmallMolecule732,abstraction:ReactsWith,reactome:SmallMolecule730
reactome:SmallMolecule105,abstraction:ReactsWith,reactome:SmallMolecule101
reactome:SmallMolecule619,abstraction:ReactsWith,reactome:SmallMolecule562
reactome:SmallMolecule110,abstraction:ReactsWith,reactome:SmallMolecule4992
reactome:SmallMolecule618,abstraction:ReactsWith,reactome:SmallMolecule1822
reactome:SmallMolecule619,abstraction:ReactsWith,reactome:SmallMolecule1903
reactome:SmallMolecule2340,abstraction:ReactsWith,reactome:SmallMolecule442
reactome:SmallMolecule2,abstraction:ReactsWith,reactome:SmallMolecule2451
reactome:SmallMolecule2341,abstraction:ReactsWith,reactome:SmallMolecule99
reactome:SmallMolecule350,abstraction:ReactsWith,reactome:SmallMolecule2
reactome:SmallMolecule563,abstraction:ReactsWith,reactome:SmallMolecule3453
reactome:SmallMolecule377,abstraction:ReactsWith,reactome:SmallMolecule1884
reactome:SmallMolecule377,abstraction:ReactsWith,reactome:SmallMolecule1339
reactome:SmallMolecule33,abstraction:ReactsWith,reactome:SmallMolecule2779
reactome:SmallMolecule1647,abstraction:ReactsWith,reactome:SmallMolecule618
reactome:SmallMolecule102,abstraction:ReactsWith,reactome:SmallMolecule409
reactome:SmallMolecule2,abstraction:ReactsWith,reactome:SmallMolecule927
reactome:SmallMolecule2890,abstraction:ReactsWith,reactome:SmallMolecule2892
reactome:SmallMolecule633,abstraction:ReactsWith,reactome:SmallMolecule2695
reactome:SmallMolecule612,abstraction:ReactsWith,reactome:SmallMolecule102
reactome:SmallMolecule3,abstraction:ReactsWith,reactome:SmallMolecule780
reactome:SmallMolecule1639,abstraction:ReactsWith,reactome:SmallMolecule1640
reactome:SmallMolecule3,abstraction:ReactsWith,reactome:SmallMolecule618
reactome:SmallMolecule622,abstraction:ReactsWith,reactome:SmallMolecule1228
reactome:SmallMolecule1303,abstraction:ReactsWith,reactome:SmallMolecule1423
reactome:SmallMolecule3,abstraction:ReactsWith,reactome:SmallMolecule866
reactome:SmallMolecule1339,abstraction:ReactsWith,reactome:SmallMolecule33
reactome:SmallMolecule1104,abstraction:ReactsWith,reactome:SmallMolecule3
reactome:SmallMolecule3,abstraction:ReactsWith,reactome:SmallMolecule109
reactome:SmallMolecule35,abstraction:ReactsWith,reactome:SmallMolecule36
reactome:SmallMolecule3344,abstraction:ReactsWith,reactome:SmallMolecule1825
reactome:SmallMolecule99,abstraction:ReactsWith,reactome:SmallMolecule1954
reactome:SmallMolecule740,abstraction:ReactsWith,reactome:SmallMolecule739
reactome:SmallMolecule1299,abstraction:ReactsWith,reactome:SmallMolecule1848
reactome:SmallMolecule375,abstraction:ReactsWith,reactome:SmallMolecule2327
reactome:SmallMolecule99,abstraction:ReactsWith,reactome:SmallMolecule911
reactome:SmallMolecule389,abstraction:ReactsWith,reactome:SmallMolecule100
reactome:SmallMolecule2433,abstraction:ReactsWith,reactome:SmallMolecule4
reactome:SmallMolecule99,abstraction:ReactsWith,reactome:SmallMolecule1187
reactome:SmallMolecule3259,abstraction:ReactsWith,reactome:SmallMolecule220
reactome:SmallMolecule1178,abstraction:ReactsWith,reactome:SmallMolecule1313
reactome:SmallMolecule770,abstraction:ReactsWith,reactome:SmallMolecule5191
reactome:SmallMolecule1134,abstraction:ReactsWith,reactome:SmallMolecule377
reactome:SmallMolecule3985,abstraction:ReactsWith,reactome:SmallMolecule1115
reactome:SmallMolecule2930,abstraction:ReactsWith,reactome:SmallMolecule1410
reactome:SmallMolecule618,abstraction:ReactsWith,reactome:SmallMolecule2039
reactome:SmallMolecule2324,abstraction:ReactsWith,reactome:SmallMolecule2325
reactome:SmallMolecule3,abstraction:ReactsWith,reactome:SmallMolecule17
reactome:SmallMolecule1268,abstraction:ReactsWith,reactome:SmallMolecule3063
reactome:SmallMolecule36,abstraction:ReactsWith,reactome:SmallMolecule1383
reactome:SmallMolecule685,abstraction:ReactsWith,reactome:SmallMolecule100
reactome:SmallMolecule2,abstraction:ReactsWith,reactome:SmallMolecule2381
reactome:SmallMolecule2320,abstraction:ReactsWith,reactome:SmallMolecule1343
reactome:SmallMolecule4536,abstraction:ReactsWith,reactome:SmallMolecule4534
reactome:SmallMolecule2072,abstraction:ReactsWith,reactome:SmallMolecule3
reactome:SmallMolecule2873,abstraction:ReactsWith,reactome:SmallMolecule2874
reactome:SmallMolecule3078,abstraction:ReactsWith,reactome:SmallMolecule638
reactome:SmallMolecule99,abstraction:ReactsWith,reactome:SmallMolecule2856
reactome:SmallMolecule3540,abstraction:ReactsWith,reactome:SmallMolecule3539
reactome:SmallMolecule99,abstraction:ReactsWith,reactome:SmallMolecule2592
reactome:SmallMolecule2807,abstraction:ReactsWith,reactome:SmallMolecule35
reactome:SmallMolecule220,abstraction:ReactsWith,reactome:SmallMolecule3249
reactome:SmallMolecule1888,abstraction:ReactsWith,reactome:SmallMolecule2
reactome:SmallMolecule2998,abstraction:ReactsWith,reactome:SmallMolecule2981
reactome:SmallMolecule99,abstraction:ReactsWith,reactome:SmallMolecule1927
reactome:SmallMolecule99,abstraction:ReactsWith,reactome:SmallMolecule1806
reactome:SmallMolecule1926,abstraction:ReactsWith,reactome:SmallMolecule619
reactome:SmallMolecule619,abstraction:ReactsWith,reactome:SmallMolecule1924
reactome:SmallMolecule3,abstraction:ReactsWith,reactome:SmallMolecule1638
reactome:SmallMolecule6,abstraction:ReactsWith,reactome:SmallMolecule2384
reactome:SmallMolecule102,abstraction:ReactsWith,reactome:SmallMolecule721
reactome:SmallMolecule306,abstraction:ReactsWith,reactome:SmallMolecule2310
reactome:SmallMolecule37,abstraction:ReactsWith,reactome:SmallMolecule618
reactome:SmallMolecule3691,abstraction:ReactsWith,reactome:SmallMolecule561
reactome:SmallMolecule2,abstraction:ReactsWith,reactome:SmallMolecule3263
reactome:SmallMolecule2850,abstraction:ReactsWith,reactome:SmallMolecule375
reactome:SmallMolecule1283,abstraction:ReactsWith,reactome:SmallMolecule1319
reactome:SmallMolecule99,abstraction:ReactsWith,reactome:SmallMolecule1808
reactome:SmallMolecule2776,abstraction:ReactsWith,reactome:SmallMolecule618
reactome:SmallMolecule774,abstraction:ReactsWith,reactome:SmallMolecule1589
reactome:SmallMolecule1150,abstraction:ReactsWith,reactome:SmallMolecule1149
reactome:SmallMolecule710,abstraction:ReactsWith,reactome:SmallMolecule2724
reactome:SmallMolecule744,abstraction:ReactsWith,reactome:SmallMolecule3
reactome:SmallMolecule127,abstraction:ReactsWith,reactome:SmallMolecule5033
reactome:SmallMolecule4653,abstraction:ReactsWith,reactome:SmallMolecule3
reactome:SmallMolecule319,abstraction:ReactsWith,reactome:SmallMolecule100
reactome:SmallMolecule618,abstraction:ReactsWith,reactome:SmallMolecule1926
reactome:SmallMolecule2963,abstraction:ReactsWith,reactome:SmallMolecule33
reactome:SmallMolecule2,abstraction:ReactsWith,reactome:SmallMolecule489
reactome:SmallMolecule1355,abstraction:ReactsWith,reactome:SmallMolecule1343
reactome:SmallMolecule846,abstraction:ReactsWith,reactome:SmallMolecule3
reactome:SmallMolecule4546,abstraction:ReactsWith,reactome:SmallMolecule2
reactome:SmallMolecule4582,abstraction:ReactsWith,reactome:SmallMolecule618
reactome:SmallMolecule618,abstraction:ReactsWith,reactome:SmallMolecule1815
reactome:SmallMolecule99,abstraction:ReactsWith,reactome:SmallMolecule97
reactome:SmallMolecule3295,abstraction:ReactsWith,reactome:SmallMolecule34
reactome:SmallMolecule3427,abstraction:ReactsWith,reactome:SmallMolecule3
reactome:SmallMolecule618,abstraction:ReactsWith,reactome:SmallMolecule3
reactome:SmallMolecule638,abstraction:ReactsWith,reactome:SmallMolecule3094
reactome:SmallMolecule743,abstraction:ReactsWith,reactome:SmallMolecule1888
reactome:SmallMolecule619,abstraction:ReactsWith,reactome:SmallMolecule4479
reactome:SmallMolecule99,abstraction:ReactsWith,reactome:SmallMolecule2108
reactome:SmallMolecule2813,abstraction:ReactsWith,reactome:SmallMolecule33
reactome:SmallMolecule3691,abstraction:ReactsWith,reactome:SmallMolecule552
reactome:SmallMolecule618,abstraction:ReactsWith,reactome:SmallMolecule1250
reactome:SmallMolecule3292,abstraction:ReactsWith,reactome:SmallMolecule34
reactome:SmallMolecule1799,abstraction:ReactsWith,reactome:SmallMolecule1798
reactome:SmallMolecule113,abstraction:ReactsWith,reactome:SmallMolecule109
reactome:SmallMolecule44,abstraction:ReactsWith,reactome:SmallMolecule326
reactome:SmallMolecule1790,abstraction:ReactsWith,reactome:SmallMolecule618
reactome:SmallMolecule1778,abstraction:ReactsWith,reactome:SmallMolecule3557
reactome:SmallMolecule2668,abstraction:ReactsWith,reactome:SmallMolecule622
reactome:SmallMolecule654,abstraction:ReactsWith,reactome:SmallMolecule2
reactome:SmallMolecule619,abstraction:ReactsWith,reactome:SmallMolecule3559
reactome:SmallMolecule1299,abstraction:ReactsWith,reactome:SmallMolecule1441
reactome:SmallMolecule2,abstraction:ReactsWith,reactome:SmallMolecule1017
reactome:SmallMolecule1835,abstraction:ReactsWith,reactome:SmallMolecule1137
reactome:SmallMolecule220,abstraction:ReactsWith,reactome:SmallMolecule176
reactome:SmallMolecule549,abstraction:ReactsWith,reactome:SmallMolecule804
reactome:SmallMolecule3401,abstraction:ReactsWith,reactome:SmallMolecule869
reactome:SmallMolecule99,abstraction:ReactsWith,reactome:SmallMolecule1803
reactome:SmallMolecule292,abstraction:ReactsWith,reactome:SmallMolecule911
reactome:SmallMolecule99,abstraction:ReactsWith,reactome:SmallMolecule343
reactome:SmallMolecule551,abstraction:ReactsWith,reactome:SmallMolecule3627
reactome:SmallMolecule2611,abstraction:ReactsWith,reactome:SmallMolecule1196
reactome:SmallMolecule3,abstraction:ReactsWith,reactome:SmallMolecule2630
reactome:SmallMolecule3,abstraction:ReactsWith,reactome:SmallMolecule2476
reactome:SmallMolecule3378,abstraction:ReactsWith,reactome:SmallMolecule911
reactome:SmallMolecule2959,abstraction:ReactsWith,reactome:SmallMolecule2
reactome:SmallMolecule1503,abstraction:ReactsWith,reactome:SmallMolecule99
reactome:SmallMolecule2667,abstraction:ReactsWith,reactome:SmallMolecule36
reactome:SmallMolecule770,abstraction:ReactsWith,reactome:SmallMolecule962
reactome:SmallMolecule99,abstraction:ReactsWith,reactome:SmallMolecule2670
reactome:SmallMolecule1196,abstraction:ReactsWith,reactome:SmallMolecule3305
reactome:SmallMolecule2039,abstraction:ReactsWith,reactome:SmallMolecule618
reactome:SmallMolecule3,abstraction:ReactsWith,reactome:SmallMolecule2480
reactome:SmallMolecule622,abstraction:ReactsWith,reactome:SmallMolecule1802
reactome:SmallMolecule157,abstraction:ReactsWith,reactome:SmallMolecule102
reactome:SmallMolecule2028,abstraction:ReactsWith,reactome:SmallMolecule618
reactome:SmallMolecule2803,abstraction:ReactsWith,reactome:SmallMolecule1339
reactome:SmallMolecule2043,abstraction:ReactsWith,reactome:SmallMolecule618
reactome:SmallMolecule591,abstraction:ReactsWith,reactome:SmallMolecule2589
reactome:SmallMolecule3113,abstraction:ReactsWith,reactome:SmallMolecule1178
reactome:SmallMolecule619,abstraction:ReactsWith,reactome:SmallMolecule3623
reactome:SmallMolecule3,abstraction:ReactsWith,reactome:SmallMolecule360
reactome:SmallMolecule1312,abstraction:ReactsWith,reactome:SmallMolecule1146
reactome:SmallMolecule1175,abstraction:ReactsWith,reactome:SmallMolecule99
reactome:SmallMolecule4595,abstraction:ReactsWith,reactome:SmallMolecule4596
reactome:SmallMolecule377,abstraction:ReactsWith,reactome:SmallMolecule2663
reactome:SmallMolecule5069,abstraction:ReactsWith,reactome:SmallMolecule3344
reactome:SmallMolecule377,abstraction:ReactsWith,reactome:SmallMolecule2753
reactome:SmallMolecule1196,abstraction:ReactsWith,reactome:SmallMolecule1256
reactome:SmallMolecule34,abstraction:ReactsWith,reactome:SmallMolecule2806
reactome:SmallMolecule2604,abstraction:ReactsWith,reactome:SmallMolecule618
reactome:SmallMolecule619,abstraction:ReactsWith,reactome:SmallMolecule2924
reactome:SmallMolecule1178,abstraction:ReactsWith,reactome:SmallMolecule3106
reactome:SmallMolecule33,abstraction:ReactsWith,reactome:SmallMolecule2822
reactome:SmallMolecule2670,abstraction:ReactsWith,reactome:SmallMolecule619
reactome:SmallMolecule1500,abstraction:ReactsWith,reactome:SmallMolecule33
reactome:SmallMolecule1916,abstraction:ReactsWith,reactome:SmallMolecule377
reactome:SmallMolecule2355,abstraction:ReactsWith,reactome:SmallMolecule2
reactome:SmallMolecule1220,abstraction:ReactsWith,reactome:SmallMolecule1196
reactome:SmallMolecule619,abstraction:ReactsWith,reactome:SmallMolecule3300
reactome:SmallMolecule2676,abstraction:ReactsWith,reactome:SmallMolecule2677
reactome:SmallMolecule2889,abstraction:ReactsWith,reactome:SmallMolecule377
reactome:SmallMolecule1883,abstraction:ReactsWith,reactome:SmallMolecule1135
reactome:SmallMolecule3543,abstraction:ReactsWith,reactome:SmallMolecule3539
reactome:SmallMolecule2282,abstraction:ReactsWith,reactome:SmallMolecule1996
reactome:SmallMolecule780,abstraction:ReactsWith,reactome:SmallMolecule1538
reactome:SmallMolecule591,abstraction:ReactsWith,reactome:SmallMolecule3165
reactome:SmallMolecule619,abstraction:ReactsWith,reactome:SmallMolecule1971
reactome:SmallMolecule1522,abstraction:ReactsWith,reactome:SmallMolecule591
reactome:SmallMolecule2759,abstraction:ReactsWith,reactome:SmallMolecule377
reactome:SmallMolecule407,abstraction:ReactsWith,reactome:SmallMolecule329
reactome:SmallMolecule774,abstraction:ReactsWith,reactome:SmallMolecule1652
reactome:SmallMolecule350,abstraction:ReactsWith,reactome:SmallMolecule2595
reactome:SmallMolecule1120,abstraction:ReactsWith,reactome:SmallMolecule99
reactome:SmallMolecule3472,abstraction:ReactsWith,reactome:SmallMolecule3
reactome:SmallMolecule736,abstraction:ReactsWith,reactome:SmallMolecule3
reactome:SmallMolecule3344,abstraction:ReactsWith,reactome:SmallMolecule3580
reactome:SmallMolecule1898,abstraction:ReactsWith,reactome:SmallMolecule619
reactome:SmallMolecule3,abstraction:ReactsWith,reactome:SmallMolecule513
reactome:SmallMolecule2878,abstraction:ReactsWith,reactome:SmallMolecule3
reactome:SmallMolecule536,abstraction:ReactsWith,reactome:SmallMolecule34
reactome:SmallMolecule3130,abstraction:ReactsWith,reactome:SmallMolecule638
reactome:SmallMolecule2824,abstraction:ReactsWith,reactome:SmallMolecule1409
reactome:SmallMolecule2746,abstraction:ReactsWith,reactome:SmallMolecule2284
reactome:SmallMolecule633,abstraction:ReactsWith,reactome:SmallMolecule1931
reactome:SmallMolecule1770,abstraction:ReactsWith,reactome:SmallMolecule563
reactome:SmallMolecule3,abstraction:ReactsWith,reactome:SmallMolecule1278
reactome:SmallMolecule3577,abstraction:ReactsWith,reactome:SmallMolecule3638
reactome:SmallMolecule375,abstraction:ReactsWith,reactome:SmallMolecule350
reactome:SmallMolecule3710,abstraction:ReactsWith,reactome:SmallMolecule2544
reactome:SmallMolecule3,abstraction:ReactsWith,reactome:SmallMolecule2845
reactome:SmallMolecule1016,abstraction:ReactsWith,reactome:SmallMolecule3
reactome:SmallMolecule1954,abstraction:ReactsWith,reactome:SmallMolecule622
reactome:SmallMolecule1370,abstraction:ReactsWith,reactome:SmallMolecule33
reactome:SmallMolecule4989,abstraction:ReactsWith,reactome:SmallMolecule110
reactome:SmallMolecule710,abstraction:ReactsWith,reactome:SmallMolecule3153
reactome:SmallMolecule1584,abstraction:ReactsWith,reactome:SmallMolecule1588
reactome:SmallMolecule271,abstraction:ReactsWith,reactome:SmallMolecule442
reactome:SmallMolecule1448,abstraction:ReactsWith,reactome:SmallMolecule1409
reactome:SmallMolecule1107,abstraction:ReactsWith,reactome:SmallMolecule1117
reactome:SmallMolecule377,abstraction:ReactsWith,reactome:SmallMolecule34
reactome:SmallMolecule1944,abstraction:ReactsWith,reactome:SmallMolecule1135
reactome:SmallMolecule2,abstraction:ReactsWith,reactome:SmallMolecule893
reactome:SmallMolecule1422,abstraction:ReactsWith,reactome:SmallMolecule1299
reactome:SmallMolecule886,abstraction:ReactsWith,reactome:SmallMolecule2
reactome:SmallMolecule1266,abstraction:ReactsWith,reactome:SmallMolecule99
reactome:SmallMolecule1300,abstraction:ReactsWith,reactome:SmallMolecule1303
reactome:SmallMolecule1178,abstraction:ReactsWith,reactome:SmallMolecule3128
reactome:SmallMolecule770,abstraction:ReactsWith,reactome:SmallMolecule965
reactome:SmallMolecule1834,abstraction:ReactsWith,reactome:SmallMolecule1135
reactome:SmallMolecule2552,abstraction:ReactsWith,reactome:SmallMolecule2556
reactome:SmallMolecule1445,abstraction:ReactsWith,reactome:SmallMolecule1422
reactome:SmallMolecule896,abstraction:ReactsWith,reactome:SmallMolecule3
reactome:SmallMolecule619,abstraction:ReactsWith,reactome:SmallMolecule1808
reactome:SmallMolecule537,abstraction:ReactsWith,reactome:SmallMolecule194
reactome:SmallMolecule3,abstraction:ReactsWith,reactome:SmallMolecule1140
reactome:SmallMolecule3300,abstraction:ReactsWith,reactome:SmallMolecule618
reactome:SmallMolecule618,abstraction:ReactsWith,reactome:SmallMolecule271
reactome:SmallMolecule633,abstraction:ReactsWith,reactome:SmallMolecule377
reactome:SmallMolecule880,abstraction:ReactsWith,reactome:SmallMolecule1033
reactome:SmallMolecule99,abstraction:ReactsWith,reactome:SmallMolecule1955
reactome:SmallMolecule3364,abstraction:ReactsWith,reactome:SmallMolecule34
reactome:SmallMolecule342,abstraction:ReactsWith,reactome:SmallMolecule100
reactome:SmallMolecule1135,abstraction:ReactsWith,reactome:SmallMolecule1945
reactome:SmallMolecule99,abstraction:ReactsWith,reactome:SmallMolecule6
reactome:SmallMolecule1508,abstraction:ReactsWith,reactome:SmallMolecule3
reactome:SmallMolecule1512,abstraction:ReactsWith,reactome:SmallMolecule774
reactome:SmallMolecule968,abstraction:ReactsWith,reactome:SmallMolecule99
reactome:SmallMolecule3453,abstraction:ReactsWith,reactome:SmallMolecule848
reactome:SmallMolecule1640,abstraction:ReactsWith,reactome:SmallMolecule2412
reactome:SmallMolecule397,abstraction:ReactsWith,reactome:SmallMolecule2619
reactome:SmallMolecule864,abstraction:ReactsWith,reactome:SmallMolecule867
reactome:SmallMolecule1343,abstraction:ReactsWith,reactome:SmallMolecule2814
reactome:SmallMolecule855,abstraction:ReactsWith,reactome:SmallMolecule33
reactome:SmallMolecule1804,abstraction:ReactsWith,reactome:SmallMolecule99
reactome:SmallMolecule3074,abstraction:ReactsWith,reactome:SmallMolecule638
reactome:SmallMolecule1910,abstraction:ReactsWith,reactome:SmallMolecule554
reactome:SmallMolecule741,abstraction:ReactsWith,reactome:SmallMolecule739
reactome:SmallMolecule1632,abstraction:ReactsWith,reactome:SmallMolecule3
reactome:SmallMolecule3218,abstraction:ReactsWith,reactome:SmallMolecule554
reactome:SmallMolecule2922,abstraction:ReactsWith,reactome:SmallMolecule99
reactome:SmallMolecule1854,abstraction:ReactsWith,reactome:SmallMolecule1306
reactome:SmallMolecule1841,abstraction:ReactsWith,reactome:SmallMolecule743
reactome:SmallMolecule5023,abstraction:ReactsWith,reactome:SmallMolecule5033
reactome:SmallMolecule1137,abstraction:ReactsWith,reactome:SmallMolecule33
reactome:SmallMolecule1933,abstraction:ReactsWith,reactome:SmallMolecule622
reactome:SmallMolecule1573,abstraction:ReactsWith,reactome:SmallMolecule1475
reactome:SmallMolecule1018,abstraction:ReactsWith,reactome:SmallMolecule2
reactome:SmallMolecule377,abstraction:ReactsWith,reactome:SmallMolecule853
reactome:SmallMolecule2,abstraction:ReactsWith,reactome:SmallMolecule2676
reactome:SmallMolecule2,abstraction:ReactsWith,reactome:SmallMolecule2335
reactome:SmallMolecule609,abstraction:ReactsWith,reactome:SmallMolecule610
reactome:SmallMolecule2,abstraction:ReactsWith,reactome:SmallMolecule1841
reactome:SmallMolecule638,abstraction:ReactsWith,reactome:SmallMolecule3132
reactome:SmallMolecule2773,abstraction:ReactsWith,reactome:SmallMolecule99
reactome:SmallMolecule377,abstraction:ReactsWith,reactome:SmallMolecule2889
reactome:SmallMolecule844,abstraction:ReactsWith,reactome:SmallMolecule863
reactome:SmallMolecule619,abstraction:ReactsWith,reactome:SmallMolecule1809
reactome:SmallMolecule619,abstraction:ReactsWith,reactome:SmallMolecule625
reactome:SmallMolecule3029,abstraction:ReactsWith,reactome:SmallMolecule99
reactome:SmallMolecule5027,abstraction:ReactsWith,reactome:SmallMolecule5019
reactome:SmallMolecule619,abstraction:ReactsWith,reactome:SmallMolecule1870
reactome:SmallMolecule377,abstraction:ReactsWith,reactome:SmallMolecule2803
reactome:SmallMolecule127,abstraction:ReactsWith,reactome:SmallMolecule5048
reactome:SmallMolecule100,abstraction:ReactsWith,reactome:SmallMolecule361
reactome:SmallMolecule1303,abstraction:ReactsWith,reactome:SmallMolecule1850
reactome:SmallMolecule3330,abstraction:ReactsWith,reactome:SmallMolecule3331
reactome:SmallMolecule100,abstraction:ReactsWith,reactome:SmallMolecule187
reactome:SmallMolecule619,abstraction:ReactsWith,reactome:SmallMolecule343
reactome:SmallMolecule1829,abstraction:ReactsWith,reactome:SmallMolecule99
reactome:SmallMolecule567,abstraction:ReactsWith,reactome:SmallMolecule1681
reactome:SmallMolecule99,abstraction:ReactsWith,reactome:SmallMolecule4583
reactome:SmallMolecule657,abstraction:ReactsWith,reactome:SmallMolecule2
reactome:SmallMolecule1268,abstraction:ReactsWith,reactome:SmallMolecule3106
reactome:SmallMolecule560,abstraction:ReactsWith,reactome:SmallMolecule569
reactome:SmallMolecule3,abstraction:ReactsWith,reactome:SmallMolecule3578
reactome:SmallMolecule3092,abstraction:ReactsWith,reactome:SmallMolecule1268
reactome:SmallMolecule1117,abstraction:ReactsWith,reactome:SmallMolecule99
reactome:SmallMolecule2812,abstraction:ReactsWith,reactome:SmallMolecule33
reactome:SmallMolecule1339,abstraction:ReactsWith,reactome:SmallMolecule1357
reactome:SmallMolecule710,abstraction:ReactsWith,reactome:SmallMolecule972
reactome:SmallMolecule33,abstraction:ReactsWith,reactome:SmallMolecule855
reactome:SmallMolecule3573,abstraction:ReactsWith,reactome:SmallMolecule846
reactome:SmallMolecule4596,abstraction:ReactsWith,reactome:SmallMolecule4595
reactome:SmallMolecule361,abstraction:ReactsWith,reactome:SmallMolecule846
reactome:SmallMolecule1107,abstraction:ReactsWith,reactome:SmallMolecule1120
reactome:SmallMolecule633,abstraction:ReactsWith,reactome:SmallMolecule1833
reactome:SmallMolecule1356,abstraction:ReactsWith,reactome:SmallMolecule1111
reactome:SmallMolecule1135,abstraction:ReactsWith,reactome:SmallMolecule1354
reactome:SmallMolecule1949,abstraction:ReactsWith,reactome:SmallMolecule618
reactome:SmallMolecule2611,abstraction:ReactsWith,reactome:SmallMolecule2
reactome:SmallMolecule1827,abstraction:ReactsWith,reactome:SmallMolecule99
reactome:SmallMolecule1318,abstraction:ReactsWith,reactome:SmallMolecule1178
reactome:SmallMolecule3553,abstraction:ReactsWith,reactome:SmallMolecule3546
reactome:SmallMolecule99,abstraction:ReactsWith,reactome:SmallMolecule2616
reactome:SmallMolecule2,abstraction:ReactsWith,reactome:SmallMolecule1614
reactome:SmallMolecule2049,abstraction:ReactsWith,reactome:SmallMolecule3
reactome:SmallMolecule3377,abstraction:ReactsWith,reactome:SmallMolecule100
reactome:SmallMolecule35,abstraction:ReactsWith,reactome:SmallMolecule1383
reactome:SmallMolecule2973,abstraction:ReactsWith,reactome:SmallMolecule1299
reactome:SmallMolecule2,abstraction:ReactsWith,reactome:SmallMolecule2959
reactome:SmallMolecule537,abstraction:ReactsWith,reactome:SmallMolecule1764
reactome:SmallMolecule1947,abstraction:ReactsWith,reactome:SmallMolecule554
reactome:SmallMolecule516,abstraction:ReactsWith,reactome:SmallMolecule2435
reactome:SmallMolecule101,abstraction:ReactsWith,reactome:SmallMolecule97
reactome:SmallMolecule1422,abstraction:ReactsWith,reactome:SmallMolecule1417
reactome:SmallMolecule2663,abstraction:ReactsWith,reactome:SmallMolecule34
reactome:SmallMolecule2778,abstraction:ReactsWith,reactome:SmallMolecule378
reactome:SmallMolecule536,abstraction:ReactsWith,reactome:SmallMolecule2401
reactome:SmallMolecule1442,abstraction:ReactsWith,reactome:SmallMolecule1303
reactome:SmallMolecule1196,abstraction:ReactsWith,reactome:SmallMolecule2010
reactome:SmallMolecule1504,abstraction:ReactsWith,reactome:SmallMolecule1020
reactome:SmallMolecule1071,abstraction:ReactsWith,reactome:SmallMolecule3
reactome:SmallMolecule2749,abstraction:ReactsWith,reactome:SmallMolecule633
reactome:SmallMolecule33,abstraction:ReactsWith,reactome:SmallMolecule1372
reactome:SmallMolecule618,abstraction:ReactsWith,reactome:SmallMolecule1255
reactome:SmallMolecule1268,abstraction:ReactsWith,reactome:SmallMolecule1288
reactome:SmallMolecule1216,abstraction:ReactsWith,reactome:SmallMolecule1318
reactome:SmallMolecule4534,abstraction:ReactsWith,reactome:SmallMolecule4536
reactome:SmallMolecule981,abstraction:ReactsWith,reactome:SmallMolecule561
reactome:SmallMolecule33,abstraction:ReactsWith,reactome:SmallMolecule2491
reactome:SmallMolecule3,abstraction:ReactsWith,reactome:SmallMolecule24
reactome:SmallMolecule618,abstraction:ReactsWith,reactome:SmallMolecule350
reactome:SmallMolecule295,abstraction:ReactsWith,reactome:SmallMolecule271
reactome:SmallMolecule1501,abstraction:ReactsWith,reactome:SmallMolecule1343
reactome:SmallMolecule109,abstraction:ReactsWith,reactome:SmallMolecule2
reactome:SmallMolecule3,abstraction:ReactsWith,reactome:SmallMolecule3474
reactome:SmallMolecule2748,abstraction:ReactsWith,reactome:SmallMolecule2752
reactome:SmallMolecule2970,abstraction:ReactsWith,reactome:SmallMolecule2971
reactome:SmallMolecule3117,abstraction:ReactsWith,reactome:SmallMolecule1268
reactome:SmallMolecule351,abstraction:ReactsWith,reactome:SmallMolecule2619
reactome:SmallMolecule1903,abstraction:ReactsWith,reactome:SmallMolecule618
reactome:SmallMolecule2760,abstraction:ReactsWith,reactome:SmallMolecule222
reactome:SmallMolecule2483,abstraction:ReactsWith,reactome:SmallMolecule3
reactome:SmallMolecule4941,abstraction:ReactsWith,reactome:SmallMolecule2
reactome:SmallMolecule1561,abstraction:ReactsWith,reactome:SmallMolecule591
reactome:SmallMolecule378,abstraction:ReactsWith,reactome:SmallMolecule377
reactome:SmallMolecule2210,abstraction:ReactsWith,reactome:SmallMolecule622
reactome:SmallMolecule999,abstraction:ReactsWith,reactome:SmallMolecule561
reactome:SmallMolecule3,abstraction:ReactsWith,reactome:SmallMolecule15
reactome:SmallMolecule220,abstraction:ReactsWith,reactome:SmallMolecule1505
reactome:SmallMolecule1040,abstraction:ReactsWith,reactome:SmallMolecule3
reactome:SmallMolecule3,abstraction:ReactsWith,reactome:SmallMolecule38
reactome:SmallMolecule618,abstraction:ReactsWith,reactome:SmallMolecule1127
reactome:SmallMolecule1268,abstraction:ReactsWith,reactome:SmallMolecule3128
reactome:SmallMolecule351,abstraction:ReactsWith,reactome:SmallMolecule774
reactome:SmallMolecule99,abstraction:ReactsWith,reactome:SmallMolecule1817
reactome:SmallMolecule3061,abstraction:ReactsWith,reactome:SmallMolecule618
reactome:SmallMolecule271,abstraction:ReactsWith,reactome:SmallMolecule99
reactome:SmallMolecule1764,abstraction:ReactsWith,reactome:SmallMolecule3
reactome:SmallMolecule619,abstraction:ReactsWith,reactome:SmallMolecule1125
reactome:SmallMolecule2835,abstraction:ReactsWith,reactome:SmallMolecule3
reactome:SmallMolecule3,abstraction:ReactsWith,reactome:SmallMolecule2777
reactome:SmallMolecule1537,abstraction:ReactsWith,reactome:SmallMolecule1536
reactome:SmallMolecule304,abstraction:ReactsWith,reactome:SmallMolecule99
reactome:SmallMolecule3080,abstraction:ReactsWith,reactome:SmallMolecule1178
reactome:SmallMolecule477,abstraction:ReactsWith,reactome:SmallMolecule1566
reactome:SmallMolecule3,abstraction:ReactsWith,reactome:SmallMolecule3465
reactome:SmallMolecule1196,abstraction:ReactsWith,reactome:SmallMolecule1250
reactome:SmallMolecule2779,abstraction:ReactsWith,reactome:SmallMolecule33
reactome:SmallMolecule3,abstraction:ReactsWith,reactome:SmallMolecule2577
reactome:SmallMolecule4931,abstraction:ReactsWith,reactome:SmallMolecule3
reactome:SmallMolecule1926,abstraction:ReactsWith,reactome:SmallMolecule554
reactome:SmallMolecule2816,abstraction:ReactsWith,reactome:SmallMolecule3
reactome:SmallMolecule44,abstraction:ReactsWith,reactome:SmallMolecule97
reactome:SmallMolecule541,abstraction:ReactsWith,reactome:SmallMolecule3585
reactome:SmallMolecule745,abstraction:ReactsWith,reactome:SmallMolecule31
reactome:SmallMolecule2823,abstraction:ReactsWith,reactome:SmallMolecule1343
reactome:SmallMolecule880,abstraction:ReactsWith,reactome:SmallMolecule2634
reactome:SmallMolecule5252,abstraction:ReactsWith,reactome:SmallMolecule591
reactome:SmallMolecule328,abstraction:ReactsWith,reactome:SmallMolecule100
reactome:SmallMolecule3,abstraction:ReactsWith,reactome:SmallMolecule896
reactome:SmallMolecule1870,abstraction:ReactsWith,reactome:SmallMolecule619
reactome:SmallMolecule1596,abstraction:ReactsWith,reactome:SmallMolecule1487
reactome:SmallMolecule377,abstraction:ReactsWith,reactome:SmallMolecule5405
reactome:SmallMolecule774,abstraction:ReactsWith,reactome:SmallMolecule1568
reactome:SmallMolecule1941,abstraction:ReactsWith,reactome:SmallMolecule99
reactome:SmallMolecule2279,abstraction:ReactsWith,reactome:SmallMolecule1137
reactome:SmallMolecule1306,abstraction:ReactsWith,reactome:SmallMolecule1406
reactome:SmallMolecule1809,abstraction:ReactsWith,reactome:SmallMolecule619
reactome:SmallMolecule306,abstraction:ReactsWith,reactome:SmallMolecule377
reactome:SmallMolecule4537,abstraction:ReactsWith,reactome:SmallMolecule4535
reactome:SmallMolecule3471,abstraction:ReactsWith,reactome:SmallMolecule100
reactome:SmallMolecule535,abstraction:ReactsWith,reactome:SmallMolecule3575
reactome:SmallMolecule722,abstraction:ReactsWith,reactome:SmallMolecule99
reactome:SmallMolecule2683,abstraction:ReactsWith,reactome:SmallMolecule1178
reactome:SmallMolecule4558,abstraction:ReactsWith,reactome:SmallMolecule820
reactome:SmallMolecule726,abstraction:ReactsWith,reactome:SmallMolecule682
reactome:SmallMolecule473,abstraction:ReactsWith,reactome:SmallMolecule2
reactome:SmallMolecule100,abstraction:ReactsWith,reactome:SmallMolecule383
reactome:SmallMolecule770,abstraction:ReactsWith,reactome:SmallMolecule953
reactome:SmallMolecule3,abstraction:ReactsWith,reactome:SmallMolecule2669
reactome:SmallMolecule99,abstraction:ReactsWith,reactome:SmallMolecule1895
reactome:SmallMolecule99,abstraction:ReactsWith,reactome:SmallMolecule863
reactome:SmallMolecule2943,abstraction:ReactsWith,reactome:SmallMolecule435
reactome:SmallMolecule2936,abstraction:ReactsWith,reactome:SmallMolecule1299
reactome:SmallMolecule100,abstraction:ReactsWith,reactome:SmallMolecule393
reactome:SmallMolecule105,abstraction:ReactsWith,reactome:SmallMolecule568
reactome:SmallMolecule1802,abstraction:ReactsWith,reactome:SmallMolecule622
reactome:SmallMolecule2438,abstraction:ReactsWith,reactome:SmallMolecule34
reactome:SmallMolecule100,abstraction:ReactsWith,reactome:SmallMolecule317
reactome:SmallMolecule945,abstraction:ReactsWith,reactome:SmallMolecule770
reactome:SmallMolecule591,abstraction:ReactsWith,reactome:SmallMolecule612
reactome:SmallMolecule1149,abstraction:ReactsWith,reactome:SmallMolecule1150
reactome:SmallMolecule407,abstraction:ReactsWith,reactome:SmallMolecule100
reactome:SmallMolecule880,abstraction:ReactsWith,reactome:SmallMolecule1640
reactome:SmallMolecule1954,abstraction:ReactsWith,reactome:SmallMolecule619
reactome:SmallMolecule3056,abstraction:ReactsWith,reactome:SmallMolecule3055
reactome:SmallMolecule3013,abstraction:ReactsWith,reactome:SmallMolecule3053
reactome:SmallMolecule1478,abstraction:ReactsWith,reactome:SmallMolecule774
reactome:SmallMolecule1111,abstraction:ReactsWith,reactome:SmallMolecule34
reactome:SmallMolecule2676,abstraction:ReactsWith,reactome:SmallMolecule3
reactome:SmallMolecule1888,abstraction:ReactsWith,reactome:SmallMolecule743
reactome:SmallMolecule1838,abstraction:ReactsWith,reactome:SmallMolecule633
reactome:SmallMolecule125,abstraction:ReactsWith,reactome:SmallMolecule2260
reactome:SmallMolecule1423,abstraction:ReactsWith,reactome:SmallMolecule1303
reactome:SmallMolecule1196,abstraction:ReactsWith,reactome:SmallMolecule3258
reactome:SmallMolecule2256,abstraction:ReactsWith,reactome:SmallMolecule2251
reactome:SmallMolecule127,abstraction:ReactsWith,reactome:SmallMolecule5023
reactome:SmallMolecule1317,abstraction:ReactsWith,reactome:SmallMolecule1268
reactome:SmallMolecule710,abstraction:ReactsWith,reactome:SmallMolecule1926
reactome:SmallMolecule555,abstraction:ReactsWith,reactome:SmallMolecule1673
reactome:SmallMolecule619,abstraction:ReactsWith,reactome:SmallMolecule1075
reactome:SmallMolecule554,abstraction:ReactsWith,reactome:SmallMolecule3229
reactome:SmallMolecule2,abstraction:ReactsWith,reactome:SmallMolecule1794
reactome:SmallMolecule2523,abstraction:ReactsWith,reactome:SmallMolecule377
reactome:SmallMolecule1924,abstraction:ReactsWith,reactome:SmallMolecule99
reactome:SmallMolecule618,abstraction:ReactsWith,reactome:SmallMolecule7
reactome:SmallMolecule317,abstraction:ReactsWith,reactome:SmallMolecule100
reactome:SmallMolecule1973,abstraction:ReactsWith,reactome:SmallMolecule99
reactome:SmallMolecule2854,abstraction:ReactsWith,reactome:SmallMolecule3
reactome:SmallMolecule3437,abstraction:ReactsWith,reactome:SmallMolecule3
reactome:SmallMolecule2605,abstraction:ReactsWith,reactome:SmallMolecule2
reactome:SmallMolecule610,abstraction:ReactsWith,reactome:SmallMolecule4611
reactome:SmallMolecule99,abstraction:ReactsWith,reactome:SmallMolecule2922
reactome:SmallMolecule710,abstraction:ReactsWith,reactome:SmallMolecule3
reactome:SmallMolecule1298,abstraction:ReactsWith,reactome:SmallMolecule1299
reactome:SmallMolecule618,abstraction:ReactsWith,reactome:SmallMolecule3061
reactome:SmallMolecule1019,abstraction:ReactsWith,reactome:SmallMolecule3
reactome:SmallMolecule5023,abstraction:ReactsWith,reactome:SmallMolecule5048
reactome:SmallMolecule2616,abstraction:ReactsWith,reactome:SmallMolecule99
reactome:SmallMolecule1788,abstraction:ReactsWith,reactome:SmallMolecule99
reactome:SmallMolecule2807,abstraction:ReactsWith,reactome:SmallMolecule36
reactome:SmallMolecule1920,abstraction:ReactsWith,reactome:SmallMolecule1135
reactome:SmallMolecule5033,abstraction:ReactsWith,reactome:SmallMolecule5023
reactome:SmallMolecule2403,abstraction:ReactsWith,reactome:SmallMolecule2402
reactome:SmallMolecule1135,abstraction:ReactsWith,reactome:SmallMolecule633
reactome:SmallMolecule34,abstraction:ReactsWith,reactome:SmallMolecule2310
reactome:SmallMolecule3,abstraction:ReactsWith,reactome:SmallMolecule193
reactome:SmallMolecule2683,abstraction:ReactsWith,reactome:SmallMolecule1291
reactome:SmallMolecule33,abstraction:ReactsWith,reactome:SmallMolecule1367
reactome:SmallMolecule1178,abstraction:ReactsWith,reactome:SmallMolecule3070
reactome:SmallMolecule744,abstraction:ReactsWith,reactome:SmallMolecule2
reactome:SmallMolecule1299,abstraction:ReactsWith,reactome:SmallMolecule1847
reactome:SmallMolecule622,abstraction:ReactsWith,reactome:SmallMolecule2201
reactome:SmallMolecule1495,abstraction:ReactsWith,reactome:SmallMolecule3
reactome:SmallMolecule2490,abstraction:ReactsWith,reactome:SmallMolecule3
reactome:SmallMolecule1231,abstraction:ReactsWith,reactome:SmallMolecule99
reactome:SmallMolecule2784,abstraction:ReactsWith,reactome:SmallMolecule34
reactome:SmallMolecule1513,abstraction:ReactsWith,reactome:SmallMolecule3
reactome:SmallMolecule1370,abstraction:ReactsWith,reactome:SmallMolecule1339
reactome:SmallMolecule3539,abstraction:ReactsWith,reactome:SmallMolecule3543
reactome:SmallMolecule161,abstraction:ReactsWith,reactome:SmallMolecule100
reactome:SmallMolecule846,abstraction:ReactsWith,reactome:SmallMolecule845
reactome:SmallMolecule971,abstraction:ReactsWith,reactome:SmallMolecule619
reactome:SmallMolecule2912,abstraction:ReactsWith,reactome:SmallMolecule220
reactome:SmallMolecule604,abstraction:ReactsWith,reactome:SmallMolecule3
reactome:SmallMolecule1911,abstraction:ReactsWith,reactome:SmallMolecule2
reactome:SmallMolecule34,abstraction:ReactsWith,reactome:SmallMolecule3522
reactome:SmallMolecule710,abstraction:ReactsWith,reactome:SmallMolecule3154
reactome:SmallMolecule3,abstraction:ReactsWith,reactome:SmallMolecule2048
reactome:SmallMolecule698,abstraction:ReactsWith,reactome:SmallMolecule2257
reactome:SmallMolecule2,abstraction:ReactsWith,reactome:SmallMolecule1632
reactome:SmallMolecule1299,abstraction:ReactsWith,reactome:SmallMolecule1303
reactome:SmallMolecule33,abstraction:ReactsWith,reactome:SmallMolecule2895
reactome:SmallMolecule710,abstraction:ReactsWith,reactome:SmallMolecule3378
reactome:SmallMolecule99,abstraction:ReactsWith,reactome:SmallMolecule2880
reactome:SmallMolecule1776,abstraction:ReactsWith,reactome:SmallMolecule2
reactome:SmallMolecule591,abstraction:ReactsWith,reactome:SmallMolecule163
reactome:SmallMolecule3808,abstraction:ReactsWith,reactome:SmallMolecule2260
reactome:SmallMolecule33,abstraction:ReactsWith,reactome:SmallMolecule32
reactome:SmallMolecule845,abstraction:ReactsWith,reactome:SmallMolecule99
reactome:SmallMolecule2963,abstraction:ReactsWith,reactome:SmallMolecule3041
reactome:SmallMolecule99,abstraction:ReactsWith,reactome:SmallMolecule1231
reactome:SmallMolecule3562,abstraction:ReactsWith,reactome:SmallMolecule1503
reactome:SmallMolecule3167,abstraction:ReactsWith,reactome:SmallMolecule591
reactome:SmallMolecule2,abstraction:ReactsWith,reactome:SmallMolecule2355
reactome:SmallMolecule1996,abstraction:ReactsWith,reactome:SmallMolecule2282
reactome:SmallMolecule1126,abstraction:ReactsWith,reactome:SmallMolecule618
reactome:SmallMolecule1111,abstraction:ReactsWith,reactome:SmallMolecule1369
reactome:SmallMolecule502,abstraction:ReactsWith,reactome:SmallMolecule100
reactome:SmallMolecule6,abstraction:ReactsWith,reactome:SmallMolecule3
reactome:SmallMolecule298,abstraction:ReactsWith,reactome:SmallMolecule299
reactome:SmallMolecule306,abstraction:ReactsWith,reactome:SmallMolecule1135
reactome:SmallMolecule375,abstraction:ReactsWith,reactome:SmallMolecule2841
reactome:SmallMolecule2251,abstraction:ReactsWith,reactome:SmallMolecule3042
reactome:SmallMolecule3,abstraction:ReactsWith,reactome:SmallMolecule1617
reactome:SmallMolecule2322,abstraction:ReactsWith,reactome:SmallMolecule535
reactome:SmallMolecule1410,abstraction:ReactsWith,reactome:SmallMolecule1409
reactome:SmallMolecule633,abstraction:ReactsWith,reactome:SmallMolecule2757
reactome:SmallMolecule552,abstraction:ReactsWith,reactome:SmallMolecule3692
reactome:SmallMolecule127,abstraction:ReactsWith,reactome:SmallMolecule124
reactome:SmallMolecule140,abstraction:ReactsWith,reactome:SmallMolecule100
reactome:SmallMolecule537,abstraction:ReactsWith,reactome:SmallMolecule4649
reactome:SmallMolecule770,abstraction:ReactsWith,reactome:SmallMolecule929
reactome:SmallMolecule566,abstraction:ReactsWith,reactome:SmallMolecule894
reactome:SmallMolecule194,abstraction:ReactsWith,reactome:SmallMolecule3
reactome:SmallMolecule1309,abstraction:ReactsWith,reactome:SmallMolecule1432
reactome:SmallMolecule1793,abstraction:ReactsWith,reactome:SmallMolecule99
reactome:SmallMolecule100,abstraction:ReactsWith,reactome:SmallMolecule158
reactome:SmallMolecule389,abstraction:ReactsWith,reactome:SmallMolecule99
reactome:SmallMolecule1814,abstraction:ReactsWith,reactome:SmallMolecule619
reactome:SmallMolecule1853,abstraction:ReactsWith,reactome:SmallMolecule1306
reactome:SmallMolecule2015,abstraction:ReactsWith,reactome:SmallMolecule2157
reactome:SmallMolecule5069,abstraction:ReactsWith,reactome:SmallMolecule1825
reactome:SmallMolecule3575,abstraction:ReactsWith,reactome:SmallMolecule535
reactome:SmallMolecule1505,abstraction:ReactsWith,reactome:SmallMolecule10
reactome:SmallMolecule37,abstraction:ReactsWith,reactome:SmallMolecule619
reactome:SmallMolecule377,abstraction:ReactsWith,reactome:SmallMolecule1882
reactome:SmallMolecule33,abstraction:ReactsWith,reactome:SmallMolecule1584
reactome:SmallMolecule1339,abstraction:ReactsWith,reactome:SmallMolecule2803
reactome:SmallMolecule8,abstraction:ReactsWith,reactome:SmallMolecule22
reactome:SmallMolecule1474,abstraction:ReactsWith,reactome:SmallMolecule742
reactome:SmallMolecule1496,abstraction:ReactsWith,reactome:SmallMolecule1497
reactome:SmallMolecule770,abstraction:ReactsWith,reactome:SmallMolecule1132
reactome:SmallMolecule442,abstraction:ReactsWith,reactome:SmallMolecule2322
reactome:SmallMolecule476,abstraction:ReactsWith,reactome:SmallMolecule100
reactome:SmallMolecule1736,abstraction:ReactsWith,reactome:SmallMolecule770
reactome:SmallMolecule5035,abstraction:ReactsWith,reactome:SmallMolecule5036
reactome:SmallMolecule1072,abstraction:ReactsWith,reactome:SmallMolecule3
reactome:SmallMolecule3472,abstraction:ReactsWith,reactome:SmallMolecule2
reactome:SmallMolecule2,abstraction:ReactsWith,reactome:SmallMolecule1662
reactome:SmallMolecule867,abstraction:ReactsWith,reactome:SmallMolecule864
reactome:SmallMolecule2666,abstraction:ReactsWith,reactome:SmallMolecule2661
reactome:SmallMolecule2764,abstraction:ReactsWith,reactome:SmallMolecule1411
reactome:SmallMolecule1967,abstraction:ReactsWith,reactome:SmallMolecule99
reactome:SmallMolecule111,abstraction:ReactsWith,reactome:SmallMolecule112
reactome:SmallMolecule1135,abstraction:ReactsWith,reactome:SmallMolecule3978
reactome:SmallMolecule2437,abstraction:ReactsWith,reactome:SmallMolecule4
reactome:SmallMolecule622,abstraction:ReactsWith,reactome:SmallMolecule1246
reactome:SmallMolecule99,abstraction:ReactsWith,reactome:SmallMolecule1770
reactome:SmallMolecule349,abstraction:ReactsWith,reactome:SmallMolecule2
reactome:SmallMolecule99,abstraction:ReactsWith,reactome:SmallMolecule773
reactome:SmallMolecule2014,abstraction:ReactsWith,reactome:SmallMolecule2015
reactome:SmallMolecule1268,abstraction:ReactsWith,reactome:SmallMolecule3070
reactome:SmallMolecule3,abstraction:ReactsWith,reactome:SmallMolecule1792
reactome:SmallMolecule1016,abstraction:ReactsWith,reactome:SmallMolecule2
reactome:SmallMolecule2619,abstraction:ReactsWith,reactome:SmallMolecule397
reactome:SmallMolecule618,abstraction:ReactsWith,reactome:SmallMolecule1231
reactome:SmallMolecule1742,abstraction:ReactsWith,reactome:SmallMolecule3
reactome:SmallMolecule1479,abstraction:ReactsWith,reactome:SmallMolecule3
reactome:SmallMolecule1111,abstraction:ReactsWith,reactome:SmallMolecule3292
reactome:SmallMolecule375,abstraction:ReactsWith,reactome:SmallMolecule721
reactome:SmallMolecule353,abstraction:ReactsWith,reactome:SmallMolecule1460
reactome:SmallMolecule3547,abstraction:ReactsWith,reactome:SmallMolecule3
reactome:SmallMolecule4933,abstraction:ReactsWith,reactome:SmallMolecule3
reactome:SmallMolecule2,abstraction:ReactsWith,reactome:SmallMolecule292
reactome:SmallMolecule619,abstraction:ReactsWith,reactome:SmallMolecule2922
reactome:SmallMolecule728,abstraction:ReactsWith,reactome:SmallMolecule727
reactome:SmallMolecule220,abstraction:ReactsWith,reactome:SmallMolecule3253
reactome:SmallMolecule109,abstraction:ReactsWith,reactome:SmallMolecule636
reactome:SmallMolecule618,abstraction:ReactsWith,reactome:SmallMolecule99
reactome:SmallMolecule378,abstraction:ReactsWith,reactome:SmallMolecule2661
reactome:SmallMolecule3,abstraction:ReactsWith,reactome:SmallMolecule2520
reactome:SmallMolecule1230,abstraction:ReactsWith,reactome:SmallMolecule99
reactome:SmallMolecule1196,abstraction:ReactsWith,reactome:SmallMolecule2042
reactome:SmallMolecule1810,abstraction:ReactsWith,reactome:SmallMolecule99
reactome:SmallMolecule2471,abstraction:ReactsWith,reactome:SmallMolecule3
reactome:SmallMolecule2,abstraction:ReactsWith,reactome:SmallMolecule3448
reactome:SmallMolecule1125,abstraction:ReactsWith,reactome:SmallMolecule99
reactome:SmallMolecule1593,abstraction:ReactsWith,reactome:SmallMolecule774
reactome:SmallMolecule4639,abstraction:ReactsWith,reactome:SmallMolecule3
reactome:SmallMolecule683,abstraction:ReactsWith,reactome:SmallMolecule3033
reactome:SmallMolecule805,abstraction:ReactsWith,reactome:SmallMolecule552
reactome:SmallMolecule1045,abstraction:ReactsWith,reactome:SmallMolecule3
reactome:SmallMolecule863,abstraction:ReactsWith,reactome:SmallMolecule709
reactome:SmallMolecule1135,abstraction:ReactsWith,reactome:SmallMolecule1881
reactome:SmallMolecule858,abstraction:ReactsWith,reactome:SmallMolecule99
reactome:SmallMolecule1178,abstraction:ReactsWith,reactome:SmallMolecule2683
reactome:SmallMolecule33,abstraction:ReactsWith,reactome:SmallMolecule378
reactome:SmallMolecule3,abstraction:ReactsWith,reactome:SmallMolecule4653
reactome:SmallMolecule3042,abstraction:ReactsWith,reactome:SmallMolecule2256
reactome:SmallMolecule3296,abstraction:ReactsWith,reactome:SmallMolecule2663
reactome:SmallMolecule1135,abstraction:ReactsWith,reactome:SmallMolecule1834
reactome:SmallMolecule853,abstraction:ReactsWith,reactome:SmallMolecule377
reactome:SmallMolecule1744,abstraction:ReactsWith,reactome:SmallMolecule869
reactome:SmallMolecule3068,abstraction:ReactsWith,reactome:SmallMolecule1268
reactome:SmallMolecule99,abstraction:ReactsWith,reactome:SmallMolecule618
reactome:SmallMolecule1632,abstraction:ReactsWith,reactome:SmallMolecule2
reactome:SmallMolecule425,abstraction:ReactsWith,reactome:SmallMolecule100
reactome:SmallMolecule1817,abstraction:ReactsWith,reactome:SmallMolecule619
reactome:SmallMolecule3544,abstraction:ReactsWith,reactome:SmallMolecule551
reactome:SmallMolecule3,abstraction:ReactsWith,reactome:SmallMolecule1484
reactome:SmallMolecule619,abstraction:ReactsWith,reactome:SmallMolecule96
reactome:SmallMolecule2,abstraction:ReactsWith,reactome:SmallMolecule460
reactome:SmallMolecule3,abstraction:ReactsWith,reactome:SmallMolecule4933
reactome:SmallMolecule1618,abstraction:ReactsWith,reactome:SmallMolecule2
reactome:SmallMolecule552,abstraction:ReactsWith,reactome:SmallMolecule805
reactome:SmallMolecule2895,abstraction:ReactsWith,reactome:SmallMolecule633
reactome:SmallMolecule1792,abstraction:ReactsWith,reactome:SmallMolecule3
reactome:SmallMolecule1422,abstraction:ReactsWith,reactome:SmallMolecule1851
reactome:SmallMolecule622,abstraction:ReactsWith,reactome:SmallMolecule3
reactome:SmallMolecule3,abstraction:ReactsWith,reactome:SmallMolecule1104
reactome:SmallMolecule619,abstraction:ReactsWith,reactome:SmallMolecule2767
reactome:SmallMolecule2435,abstraction:ReactsWith,reactome:SmallMolecule513
reactome:SmallMolecule3557,abstraction:ReactsWith,reactome:SmallMolecule1778
reactome:SmallMolecule773,abstraction:ReactsWith,reactome:SmallMolecule99
reactome:SmallMolecule4600,abstraction:ReactsWith,reactome:SmallMolecule614
reactome:SmallMolecule99,abstraction:ReactsWith,reactome:SmallMolecule1804
reactome:SmallMolecule774,abstraction:ReactsWith,reactome:SmallMolecule351
reactome:SmallMolecule1620,abstraction:ReactsWith,reactome:SmallMolecule3
reactome:SmallMolecule222,abstraction:ReactsWith,reactome:SmallMolecule2754
reactome:SmallMolecule1299,abstraction:ReactsWith,reactome:SmallMolecule1445
reactome:SmallMolecule619,abstraction:ReactsWith,reactome:SmallMolecule1827
reactome:SmallMolecule1115,abstraction:ReactsWith,reactome:SmallMolecule1107
reactome:SmallMolecule1024,abstraction:ReactsWith,reactome:SmallMolecule1049
reactome:SmallMolecule2634,abstraction:ReactsWith,reactome:SmallMolecule1029
reactome:SmallMolecule377,abstraction:ReactsWith,reactome:SmallMolecule2523
reactome:SmallMolecule353,abstraction:ReactsWith,reactome:SmallMolecule618
reactome:SmallMolecule2147,abstraction:ReactsWith,reactome:SmallMolecule618
reactome:SmallMolecule2811,abstraction:ReactsWith,reactome:SmallMolecule1344
reactome:SmallMolecule455,abstraction:ReactsWith,reactome:SmallMolecule2
reactome:SmallMolecule1312,abstraction:ReactsWith,reactome:SmallMolecule1283
reactome:SmallMolecule1983,abstraction:ReactsWith,reactome:SmallMolecule1987
reactome:SmallMolecule1536,abstraction:ReactsWith,reactome:SmallMolecule1020
reactome:SmallMolecule1020,abstraction:ReactsWith,reactome:SmallMolecule1495
reactome:SmallMolecule136,abstraction:ReactsWith,reactome:SmallMolecule3
reactome:SmallMolecule1411,abstraction:ReactsWith,reactome:SmallMolecule2764
reactome:SmallMolecule1467,abstraction:ReactsWith,reactome:SmallMolecule1464
reactome:SmallMolecule3,abstraction:ReactsWith,reactome:SmallMolecule974
reactome:SmallMolecule377,abstraction:ReactsWith,reactome:SmallMolecule1134
reactome:SmallMolecule100,abstraction:ReactsWith,reactome:SmallMolecule483
reactome:SmallMolecule591,abstraction:ReactsWith,reactome:SmallMolecule1556
reactome:SmallMolecule563,abstraction:ReactsWith,reactome:SmallMolecule1175
reactome:SmallMolecule2,abstraction:ReactsWith,reactome:SmallMolecule30
reactome:SmallMolecule99,abstraction:ReactsWith,reactome:SmallMolecule1126
reactome:SmallMolecule3554,abstraction:ReactsWith,reactome:SmallMolecule3546
reactome:SmallMolecule880,abstraction:ReactsWith,reactome:SmallMolecule3342
reactome:SmallMolecule3096,abstraction:ReactsWith,reactome:SmallMolecule1268
reactome:SmallMolecule306,abstraction:ReactsWith,reactome:SmallMolecule2865
reactome:SmallMolecule2380,abstraction:ReactsWith,reactome:SmallMolecule6
reactome:SmallMolecule2,abstraction:ReactsWith,reactome:SmallMolecule908
reactome:SmallMolecule810,abstraction:ReactsWith,reactome:SmallMolecule42
reactome:SmallMolecule2037,abstraction:ReactsWith,reactome:SmallMolecule619
reactome:SmallMolecule3,abstraction:ReactsWith,reactome:SmallMolecule2815
reactome:SmallMolecule1344,abstraction:ReactsWith,reactome:SmallMolecule2779
reactome:SmallMolecule1365,abstraction:ReactsWith,reactome:SmallMolecule1339
reactome:SmallMolecule3399,abstraction:ReactsWith,reactome:SmallMolecule3
reactome:SmallMolecule99,abstraction:ReactsWith,reactome:SmallMolecule2643
reactome:SmallMolecule377,abstraction:ReactsWith,reactome:SmallMolecule1920
reactome:SmallMolecule34,abstraction:ReactsWith,reactome:SmallMolecule1110
reactome:SmallMolecule2502,abstraction:ReactsWith,reactome:SmallMolecule591
reactome:SmallMolecule3503,abstraction:ReactsWith,reactome:SmallMolecule3
reactome:SmallMolecule2647,abstraction:ReactsWith,reactome:SmallMolecule102
reactome:SmallMolecule5261,abstraction:ReactsWith,reactome:SmallMolecule100
reactome:SmallMolecule1268,abstraction:ReactsWith,reactome:SmallMolecule3074
reactome:SmallMolecule302,abstraction:ReactsWith,reactome:SmallMolecule2
reactome:SmallMolecule186,abstraction:ReactsWith,reactome:SmallMolecule100
reactome:SmallMolecule3300,abstraction:ReactsWith,reactome:SmallMolecule619
reactome:SmallMolecule2971,abstraction:ReactsWith,reactome:SmallMolecule178
reactome:SmallMolecule381,abstraction:ReactsWith,reactome:SmallMolecule100
reactome:SmallMolecule3,abstraction:ReactsWith,reactome:SmallMolecule2252
reactome:SmallMolecule10,abstraction:ReactsWith,reactome:SmallMolecule603
reactome:SmallMolecule448,abstraction:ReactsWith,reactome:SmallMolecule299
reactome:SmallMolecule1896,abstraction:ReactsWith,reactome:SmallMolecule710
reactome:SmallMolecule2251,abstraction:ReactsWith,reactome:SmallMolecule4580
reactome:SmallMolecule854,abstraction:ReactsWith,reactome:SmallMolecule377
reactome:SmallMolecule1499,abstraction:ReactsWith,reactome:SmallMolecule3
reactome:SmallMolecule99,abstraction:ReactsWith,reactome:SmallMolecule1461
reactome:SmallMolecule95,abstraction:ReactsWith,reactome:SmallMolecule4931
reactome:SmallMolecule2042,abstraction:ReactsWith,reactome:SmallMolecule3
reactome:SmallMolecule2986,abstraction:ReactsWith,reactome:SmallMolecule2983
reactome:SmallMolecule434,abstraction:ReactsWith,reactome:SmallMolecule34
reactome:SmallMolecule3,abstraction:ReactsWith,reactome:SmallMolecule2432
reactome:SmallMolecule490,abstraction:ReactsWith,reactome:SmallMolecule100
reactome:SmallMolecule3132,abstraction:ReactsWith,reactome:SmallMolecule638
reactome:SmallMolecule3065,abstraction:ReactsWith,reactome:SmallMolecule638
reactome:SmallMolecule1470,abstraction:ReactsWith,reactome:SmallMolecule3
reactome:SmallMolecule1040,abstraction:ReactsWith,reactome:SmallMolecule2
reactome:SmallMolecule2920,abstraction:ReactsWith,reactome:SmallMolecule2
reactome:SmallMolecule1354,abstraction:ReactsWith,reactome:SmallMolecule33
reactome:SmallMolecule5187,abstraction:ReactsWith,reactome:SmallMolecule1535
reactome:SmallMolecule618,abstraction:ReactsWith,reactome:SmallMolecule2953
reactome:SmallMolecule1025,abstraction:ReactsWith,reactome:SmallMolecule2
reactome:SmallMolecule3465,abstraction:ReactsWith,reactome:SmallMolecule3
reactome:SmallMolecule2251,abstraction:ReactsWith,reactome:SmallMolecule618
reactome:SmallMolecule1299,abstraction:ReactsWith,reactome:SmallMolecule1408
reactome:SmallMolecule3,abstraction:ReactsWith,reactome:SmallMolecule2478
reactome:SmallMolecule1463,abstraction:ReactsWith,reactome:SmallMolecule774
reactome:SmallMolecule99,abstraction:ReactsWith,reactome:SmallMolecule1828
reactome:SmallMolecule4931,abstraction:ReactsWith,reactome:SmallMolecule2
reactome:SmallMolecule3,abstraction:ReactsWith,reactome:SmallMolecule3579
reactome:SmallMolecule99,abstraction:ReactsWith,reactome:SmallMolecule562
reactome:SmallMolecule3,abstraction:ReactsWith,reactome:SmallMolecule348
reactome:SmallMolecule2038,abstraction:ReactsWith,reactome:SmallMolecule622
reactome:SmallMolecule43,abstraction:ReactsWith,reactome:SmallMolecule100
reactome:SmallMolecule3,abstraction:ReactsWith,reactome:SmallMolecule2495
reactome:SmallMolecule1740,abstraction:ReactsWith,reactome:SmallMolecule770
reactome:SmallMolecule3,abstraction:ReactsWith,reactome:SmallMolecule2519
reactome:SmallMolecule1806,abstraction:ReactsWith,reactome:SmallMolecule99
reactome:SmallMolecule1380,abstraction:ReactsWith,reactome:SmallMolecule34
reactome:SmallMolecule1135,abstraction:ReactsWith,reactome:SmallMolecule1837
reactome:SmallMolecule3,abstraction:ReactsWith,reactome:SmallMolecule2816
reactome:SmallMolecule99,abstraction:ReactsWith,reactome:SmallMolecule1903
reactome:SmallMolecule3,abstraction:ReactsWith,reactome:SmallMolecule2040
reactome:SmallMolecule2326,abstraction:ReactsWith,reactome:SmallMolecule3
reactome:SmallMolecule2663,abstraction:ReactsWith,reactome:SmallMolecule33
reactome:SmallMolecule710,abstraction:ReactsWith,reactome:SmallMolecule1872
reactome:SmallMolecule35,abstraction:ReactsWith,reactome:SmallMolecule2807
reactome:SmallMolecule1962,abstraction:ReactsWith,reactome:SmallMolecule1137
reactome:SmallMolecule1303,abstraction:ReactsWith,reactome:SmallMolecule1445
reactome:SmallMolecule1343,abstraction:ReactsWith,reactome:SmallMolecule2810
reactome:SmallMolecule844,abstraction:ReactsWith,reactome:SmallMolecule622
reactome:SmallMolecule2,abstraction:ReactsWith,reactome:SmallMolecule1018
reactome:SmallMolecule3192,abstraction:ReactsWith,reactome:SmallMolecule3412
reactome:SmallMolecule3,abstraction:ReactsWith,reactome:SmallMolecule194
reactome:SmallMolecule126,abstraction:ReactsWith,reactome:SmallMolecule3
reactome:SmallMolecule1807,abstraction:ReactsWith,reactome:SmallMolecule99
reactome:SmallMolecule100,abstraction:ReactsWith,reactome:SmallMolecule324
reactome:SmallMolecule1394,abstraction:ReactsWith,reactome:SmallMolecule3
reactome:SmallMolecule561,abstraction:ReactsWith,reactome:SmallMolecule995
reactome:SmallMolecule17,abstraction:ReactsWith,reactome:SmallMolecule3
reactome:SmallMolecule5047,abstraction:ReactsWith,reactome:SmallMolecule5033
reactome:SmallMolecule893,abstraction:ReactsWith,reactome:SmallMolecule619
reactome:SmallMolecule957,abstraction:ReactsWith,reactome:SmallMolecule770
reactome:SmallMolecule2638,abstraction:ReactsWith,reactome:SmallMolecule591
reactome:SmallMolecule619,abstraction:ReactsWith,reactome:SmallMolecule618
reactome:SmallMolecule1357,abstraction:ReactsWith,reactome:SmallMolecule1339
reactome:SmallMolecule1880,abstraction:ReactsWith,reactome:SmallMolecule633
reactome:SmallMolecule2,abstraction:ReactsWith,reactome:SmallMolecule1016
reactome:SmallMolecule3,abstraction:ReactsWith,reactome:SmallMolecule1042
reactome:SmallMolecule1187,abstraction:ReactsWith,reactome:SmallMolecule619
reactome:SmallMolecule455,abstraction:ReactsWith,reactome:SmallMolecule99
reactome:SmallMolecule2330,abstraction:ReactsWith,reactome:SmallMolecule442
reactome:SmallMolecule102,abstraction:ReactsWith,reactome:SmallMolecule280
reactome:SmallMolecule618,abstraction:ReactsWith,reactome:SmallMolecule2015
reactome:SmallMolecule1842,abstraction:ReactsWith,reactome:SmallMolecule2
reactome:SmallMolecule3032,abstraction:ReactsWith,reactome:SmallMolecule3033
reactome:SmallMolecule378,abstraction:ReactsWith,reactome:SmallMolecule857
reactome:SmallMolecule3585,abstraction:ReactsWith,reactome:SmallMolecule541
reactome:SmallMolecule2676,abstraction:ReactsWith,reactome:SmallMolecule2
reactome:SmallMolecule619,abstraction:ReactsWith,reactome:SmallMolecule1900
reactome:SmallMolecule3018,abstraction:ReactsWith,reactome:SmallMolecule3016
reactome:SmallMolecule2636,abstraction:ReactsWith,reactome:SmallMolecule34
reactome:SmallMolecule102,abstraction:ReactsWith,reactome:SmallMolecule132
reactome:SmallMolecule2330,abstraction:ReactsWith,reactome:SmallMolecule2
reactome:SmallMolecule1918,abstraction:ReactsWith,reactome:SmallMolecule1135
reactome:SmallMolecule99,abstraction:ReactsWith,reactome:SmallMolecule513
reactome:SmallMolecule1794,abstraction:ReactsWith,reactome:SmallMolecule2
reactome:SmallMolecule366,abstraction:ReactsWith,reactome:SmallMolecule157
reactome:SmallMolecule1266,abstraction:ReactsWith,reactome:SmallMolecule619
reactome:SmallMolecule3445,abstraction:ReactsWith,reactome:SmallMolecule3
reactome:SmallMolecule3563,abstraction:ReactsWith,reactome:SmallMolecule569
reactome:SmallMolecule3,abstraction:ReactsWith,reactome:SmallMolecule1746
reactome:SmallMolecule9,abstraction:ReactsWith,reactome:SmallMolecule2
reactome:SmallMolecule100,abstraction:ReactsWith,reactome:SmallMolecule329
reactome:SmallMolecule3383,abstraction:ReactsWith,reactome:SmallMolecule3
reactome:SmallMolecule3437,abstraction:ReactsWith,reactome:SmallMolecule2
reactome:SmallMolecule1858,abstraction:ReactsWith,reactome:SmallMolecule1856
reactome:SmallMolecule3,abstraction:ReactsWith,reactome:SmallMolecule1
reactome:SmallMolecule1870,abstraction:ReactsWith,reactome:SmallMolecule618
reactome:SmallMolecule710,abstraction:ReactsWith,reactome:SmallMolecule2
reactome:SmallMolecule1903,abstraction:ReactsWith,reactome:SmallMolecule619
reactome:SmallMolecule1828,abstraction:ReactsWith,reactome:SmallMolecule619
reactome:SmallMolecule2538,abstraction:ReactsWith,reactome:SmallMolecule938
reactome:SmallMolecule1303,abstraction:ReactsWith,reactome:SmallMolecule1855
reactome:SmallMolecule619,abstraction:ReactsWith,reactome:SmallMolecule1810
reactome:SmallMolecule4,abstraction:ReactsWith,reactome:SmallMolecule2437
reactome:SmallMolecule4601,abstraction:ReactsWith,reactome:SmallMolecule4600
reactome:SmallMolecule536,abstraction:ReactsWith,reactome:SmallMolecule1572
reactome:SmallMolecule1911,abstraction:ReactsWith,reactome:SmallMolecule743
reactome:SmallMolecule1049,abstraction:ReactsWith,reactome:SmallMolecule2
reactome:SmallMolecule385,abstraction:ReactsWith,reactome:SmallMolecule99
reactome:SmallMolecule619,abstraction:ReactsWith,reactome:SmallMolecule1793
reactome:SmallMolecule99,abstraction:ReactsWith,reactome:SmallMolecule1924
reactome:SmallMolecule1804,abstraction:ReactsWith,reactome:SmallMolecule619
reactome:SmallMolecule619,abstraction:ReactsWith,reactome:SmallMolecule4551
reactome:SmallMolecule43,abstraction:ReactsWith,reactome:SmallMolecule5
reactome:SmallMolecule1992,abstraction:ReactsWith,reactome:SmallMolecule34
reactome:SmallMolecule2922,abstraction:ReactsWith,reactome:SmallMolecule619
reactome:SmallMolecule3,abstraction:ReactsWith,reactome:SmallMolecule1997
reactome:SmallMolecule2472,abstraction:ReactsWith,reactome:SmallMolecule3
reactome:SmallMolecule2787,abstraction:ReactsWith,reactome:SmallMolecule3293
reactome:SmallMolecule908,abstraction:ReactsWith,reactome:SmallMolecule2
reactome:SmallMolecule3,abstraction:ReactsWith,reactome:SmallMolecule551
reactome:SmallMolecule710,abstraction:ReactsWith,reactome:SmallMolecule1762
reactome:SmallMolecule5073,abstraction:ReactsWith,reactome:SmallMolecule5075
reactome:SmallMolecule3,abstraction:ReactsWith,reactome:SmallMolecule1070
reactome:SmallMolecule1629,abstraction:ReactsWith,reactome:SmallMolecule2
reactome:SmallMolecule3414,abstraction:ReactsWith,reactome:SmallMolecule34
reactome:SmallMolecule3078,abstraction:ReactsWith,reactome:SmallMolecule1178
reactome:SmallMolecule377,abstraction:ReactsWith,reactome:SmallMolecule1945
reactome:SmallMolecule1954,abstraction:ReactsWith,reactome:SmallMolecule618
reactome:SmallMolecule2911,abstraction:ReactsWith,reactome:SmallMolecule619
reactome:SmallMolecule1196,abstraction:ReactsWith,reactome:SmallMolecule99
reactome:SmallMolecule2,abstraction:ReactsWith,reactome:SmallMolecule657
reactome:SmallMolecule1111,abstraction:ReactsWith,reactome:SmallMolecule33
reactome:SmallMolecule591,abstraction:ReactsWith,reactome:SmallMolecule3167
reactome:SmallMolecule3510,abstraction:ReactsWith,reactome:SmallMolecule1178
reactome:SmallMolecule1303,abstraction:ReactsWith,reactome:SmallMolecule1442
reactome:SmallMolecule1111,abstraction:ReactsWith,reactome:SmallMolecule2523
reactome:SmallMolecule2,abstraction:ReactsWith,reactome:SmallMolecule361
reactome:SmallMolecule1306,abstraction:ReactsWith,reactome:SmallMolecule1854
reactome:SmallMolecule743,abstraction:ReactsWith,reactome:SmallMolecule35
reactome:SmallMolecule101,abstraction:ReactsWith,reactome:SmallMolecule112
reactome:SmallMolecule1931,abstraction:ReactsWith,reactome:SmallMolecule377
reactome:SmallMolecule710,abstraction:ReactsWith,reactome:SmallMolecule2693
reactome:SmallMolecule3,abstraction:ReactsWith,reactome:SmallMolecule2133
reactome:SmallMolecule99,abstraction:ReactsWith,reactome:SmallMolecule2627
reactome:SmallMolecule3257,abstraction:ReactsWith,reactome:SmallMolecule220
reactome:SmallMolecule3,abstraction:ReactsWith,reactome:SmallMolecule2073
reactome:SmallMolecule709,abstraction:ReactsWith,reactome:SmallMolecule3176
reactome:SmallMolecule3255,abstraction:ReactsWith,reactome:SmallMolecule220
reactome:SmallMolecule3247,abstraction:ReactsWith,reactome:SmallMolecule1268
reactome:SmallMolecule3372,abstraction:ReactsWith,reactome:SmallMolecule1640
reactome:SmallMolecule2,abstraction:ReactsWith,reactome:SmallMolecule1888
reactome:SmallMolecule618,abstraction:ReactsWith,reactome:SmallMolecule1949
reactome:SmallMolecule6,abstraction:ReactsWith,reactome:SmallMolecule2
reactome:SmallMolecule176,abstraction:ReactsWith,reactome:SmallMolecule220
reactome:SmallMolecule5053,abstraction:ReactsWith,reactome:SmallMolecule915
reactome:SmallMolecule1017,abstraction:ReactsWith,reactome:SmallMolecule3
reactome:SmallMolecule344,abstraction:ReactsWith,reactome:SmallMolecule352
reactome:SmallMolecule44,abstraction:ReactsWith,reactome:SmallMolecule399
reactome:SmallMolecule2767,abstraction:ReactsWith,reactome:SmallMolecule619
reactome:SmallMolecule1780,abstraction:ReactsWith,reactome:SmallMolecule1778
reactome:SmallMolecule3,abstraction:ReactsWith,reactome:SmallMolecule3466
reactome:SmallMolecule3172,abstraction:ReactsWith,reactome:SmallMolecule3
reactome:SmallMolecule1248,abstraction:ReactsWith,reactome:SmallMolecule591
reactome:SmallMolecule5105,abstraction:ReactsWith,reactome:SmallMolecule3543
reactome:SmallMolecule107,abstraction:ReactsWith,reactome:SmallMolecule101
reactome:SmallMolecule619,abstraction:ReactsWith,reactome:SmallMolecule5026
reactome:SmallMolecule1,abstraction:ReactsWith,reactome:SmallMolecule361
reactome:SmallMolecule34,abstraction:ReactsWith,reactome:SmallMolecule1135
reactome:SmallMolecule3325,abstraction:ReactsWith,reactome:SmallMolecule99
reactome:SmallMolecule1023,abstraction:ReactsWith,reactome:SmallMolecule3
reactome:SmallMolecule3070,abstraction:ReactsWith,reactome:SmallMolecule638
reactome:SmallMolecule377,abstraction:ReactsWith,reactome:SmallMolecule1354
reactome:SmallMolecule99,abstraction:ReactsWith,reactome:SmallMolecule2772
reactome:SmallMolecule2751,abstraction:ReactsWith,reactome:SmallMolecule1343
reactome:SmallMolecule1409,abstraction:ReactsWith,reactome:SmallMolecule2930
reactome:SmallMolecule1899,abstraction:ReactsWith,reactome:SmallMolecule99
reactome:SmallMolecule99,abstraction:ReactsWith,reactome:SmallMolecule3623
reactome:SmallMolecule1825,abstraction:ReactsWith,reactome:SmallMolecule3344
reactome:SmallMolecule619,abstraction:ReactsWith,reactome:SmallMolecule515
reactome:SmallMolecule280,abstraction:ReactsWith,reactome:SmallMolecule102
reactome:SmallMolecule2042,abstraction:ReactsWith,reactome:SmallMolecule1196
reactome:SmallMolecule100,abstraction:ReactsWith,reactome:SmallMolecule482
reactome:SmallMolecule377,abstraction:ReactsWith,reactome:SmallMolecule2267
reactome:SmallMolecule99,abstraction:ReactsWith,reactome:SmallMolecule2924
reactome:SmallMolecule2253,abstraction:ReactsWith,reactome:SmallMolecule619
reactome:SmallMolecule281,abstraction:ReactsWith,reactome:SmallMolecule100
reactome:SmallMolecule99,abstraction:ReactsWith,reactome:SmallMolecule3575
reactome:SmallMolecule1186,abstraction:ReactsWith,reactome:SmallMolecule1268
reactome:SmallMolecule2576,abstraction:ReactsWith,reactome:SmallMolecule99
reactome:SmallMolecule3,abstraction:ReactsWith,reactome:SmallMolecule2464
reactome:SmallMolecule3,abstraction:ReactsWith,reactome:SmallMolecule1068
reactome:SmallMolecule2953,abstraction:ReactsWith,reactome:SmallMolecule271
reactome:SmallMolecule4585,abstraction:ReactsWith,reactome:SmallMolecule99
reactome:SmallMolecule2,abstraction:ReactsWith,reactome:SmallMolecule1040
reactome:SmallMolecule99,abstraction:ReactsWith,reactome:SmallMolecule3300
reactome:SmallMolecule3628,abstraction:ReactsWith,reactome:SmallMolecule569
reactome:SmallMolecule1343,abstraction:ReactsWith,reactome:SmallMolecule1111
reactome:SmallMolecule306,abstraction:ReactsWith,reactome:SmallMolecule2285
reactome:SmallMolecule710,abstraction:ReactsWith,reactome:SmallMolecule99
reactome:SmallMolecule100,abstraction:ReactsWith,reactome:SmallMolecule139
reactome:SmallMolecule3249,abstraction:ReactsWith,reactome:SmallMolecule220
reactome:SmallMolecule3085,abstraction:ReactsWith,reactome:SmallMolecule638
reactome:SmallMolecule683,abstraction:ReactsWith,reactome:SmallMolecule4419
reactome:SmallMolecule99,abstraction:ReactsWith,reactome:SmallMolecule1971
reactome:SmallMolecule3397,abstraction:ReactsWith,reactome:SmallMolecule2
reactome:SmallMolecule2323,abstraction:ReactsWith,reactome:SmallMolecule325
reactome:SmallMolecule2,abstraction:ReactsWith,reactome:SmallMolecule37
reactome:SmallMolecule618,abstraction:ReactsWith,reactome:SmallMolecule3125
reactome:SmallMolecule1998,abstraction:ReactsWith,reactome:SmallMolecule710
reactome:SmallMolecule2747,abstraction:ReactsWith,reactome:SmallMolecule2746
reactome:SmallMolecule2320,abstraction:ReactsWith,reactome:SmallMolecule33
reactome:SmallMolecule3298,abstraction:ReactsWith,reactome:SmallMolecule99
reactome:SmallMolecule4600,abstraction:ReactsWith,reactome:SmallMolecule4696
reactome:SmallMolecule1339,abstraction:ReactsWith,reactome:SmallMolecule1365
reactome:SmallMolecule865,abstraction:ReactsWith,reactome:SmallMolecule774
reactome:SmallMolecule677,abstraction:ReactsWith,reactome:SmallMolecule99
reactome:SmallMolecule97,abstraction:ReactsWith,reactome:SmallMolecule100
reactome:SmallMolecule3385,abstraction:ReactsWith,reactome:SmallMolecule361
reactome:SmallMolecule618,abstraction:ReactsWith,reactome:SmallMolecule2026
reactome:SmallMolecule1847,abstraction:ReactsWith,reactome:SmallMolecule1299
reactome:SmallMolecule220,abstraction:ReactsWith,reactome:SmallMolecule3020
reactome:SmallMolecule619,abstraction:ReactsWith,reactome:SmallMolecule253
reactome:SmallMolecule5191,abstraction:ReactsWith,reactome:SmallMolecule770
reactome:SmallMolecule1941,abstraction:ReactsWith,reactome:SmallMolecule619
reactome:SmallMolecule1196,abstraction:ReactsWith,reactome:SmallMolecule1259
reactome:SmallMolecule1429,abstraction:ReactsWith,reactome:SmallMolecule1306
reactome:SmallMolecule100,abstraction:ReactsWith,reactome:SmallMolecule474
reactome:SmallMolecule109,abstraction:ReactsWith,reactome:SmallMolecule10
reactome:SmallMolecule1135,abstraction:ReactsWith,reactome:SmallMolecule1134
reactome:SmallMolecule361,abstraction:ReactsWith,reactome:SmallMolecule2335
reactome:SmallMolecule2989,abstraction:ReactsWith,reactome:SmallMolecule2983
reactome:SmallMolecule99,abstraction:ReactsWith,reactome:SmallMolecule2633
reactome:SmallMolecule541,abstraction:ReactsWith,reactome:SmallMolecule792
reactome:SmallMolecule2659,abstraction:ReactsWith,reactome:SmallMolecule351
reactome:SmallMolecule1352,abstraction:ReactsWith,reactome:SmallMolecule1111
reactome:SmallMolecule112,abstraction:ReactsWith,reactome:SmallMolecule111
reactome:SmallMolecule4615,abstraction:ReactsWith,reactome:SmallMolecule2
reactome:SmallMolecule1859,abstraction:ReactsWith,reactome:SmallMolecule1303
reactome:SmallMolecule97,abstraction:ReactsWith,reactome:SmallMolecule3
reactome:SmallMolecule591,abstraction:ReactsWith,reactome:SmallMolecule734
reactome:SmallMolecule569,abstraction:ReactsWith,reactome:SmallMolecule3544
reactome:SmallMolecule743,abstraction:ReactsWith,reactome:SmallMolecule313
reactome:SmallMolecule2,abstraction:ReactsWith,reactome:SmallMolecule3453
reactome:SmallMolecule1689,abstraction:ReactsWith,reactome:SmallMolecule541
reactome:SmallMolecule324,abstraction:ReactsWith,reactome:SmallMolecule44
reactome:SmallMolecule1315,abstraction:ReactsWith,reactome:SmallMolecule1216
reactome:SmallMolecule433,abstraction:ReactsWith,reactome:SmallMolecule34
reactome:SmallMolecule3130,abstraction:ReactsWith,reactome:SmallMolecule1178
reactome:SmallMolecule549,abstraction:ReactsWith,reactome:SmallMolecule3691
reactome:SmallMolecule4624,abstraction:ReactsWith,reactome:SmallMolecule4600
reactome:SmallMolecule1931,abstraction:ReactsWith,reactome:SmallMolecule1135
reactome:SmallMolecule877,abstraction:ReactsWith,reactome:SmallMolecule3
reactome:SmallMolecule1135,abstraction:ReactsWith,reactome:SmallMolecule1920
reactome:SmallMolecule3392,abstraction:ReactsWith,reactome:SmallMolecule3
reactome:SmallMolecule554,abstraction:ReactsWith,reactome:SmallMolecule1175
reactome:SmallMolecule34,abstraction:ReactsWith,reactome:SmallMolecule4552
reactome:SmallMolecule304,abstraction:ReactsWith,reactome:SmallMolecule6
reactome:SmallMolecule1345,abstraction:ReactsWith,reactome:SmallMolecule1111
reactome:SmallMolecule399,abstraction:ReactsWith,reactome:SmallMolecule44
reactome:SmallMolecule1368,abstraction:ReactsWith,reactome:SmallMolecule1343
reactome:SmallMolecule741,abstraction:ReactsWith,reactome:SmallMolecule738
reactome:SmallMolecule6,abstraction:ReactsWith,reactome:SmallMolecule99
reactome:SmallMolecule619,abstraction:ReactsWith,reactome:SmallMolecule3298
reactome:SmallMolecule4600,abstraction:ReactsWith,reactome:SmallMolecule4614
reactome:SmallMolecule875,abstraction:ReactsWith,reactome:SmallMolecule537
reactome:SmallMolecule3,abstraction:ReactsWith,reactome:SmallMolecule776
reactome:SmallMolecule1881,abstraction:ReactsWith,reactome:SmallMolecule633
reactome:SmallMolecule3636,abstraction:ReactsWith,reactome:SmallMolecule3546
reactome:SmallMolecule1001,abstraction:ReactsWith,reactome:SmallMolecule561
reactome:SmallMolecule5,abstraction:ReactsWith,reactome:SmallMolecule100
reactome:SmallMolecule1620,abstraction:ReactsWith,reactome:SmallMolecule2
reactome:SmallMolecule1855,abstraction:ReactsWith,reactome:SmallMolecule1858
reactome:SmallMolecule854,abstraction:ReactsWith,reactome:SmallMolecule2806
reactome:SmallMolecule770,abstraction:ReactsWith,reactome:SmallMolecule945
reactome:SmallMolecule554,abstraction:ReactsWith,reactome:SmallMolecule3218
reactome:SmallMolecule618,abstraction:ReactsWith,reactome:SmallMolecule1954
reactome:SmallMolecule2,abstraction:ReactsWith,reactome:SmallMolecule710
reactome:SmallMolecule2627,abstraction:ReactsWith,reactome:SmallMolecule99
reactome:SmallMolecule99,abstraction:ReactsWith,reactome:SmallMolecule865
reactome:SmallMolecule1924,abstraction:ReactsWith,reactome:SmallMolecule619
reactome:SmallMolecule622,abstraction:ReactsWith,reactome:SmallMolecule2164
reactome:SmallMolecule1303,abstraction:ReactsWith,reactome:SmallMolecule1300
reactome:SmallMolecule618,abstraction:ReactsWith,reactome:SmallMolecule2041
reactome:SmallMolecule638,abstraction:ReactsWith,reactome:SmallMolecule3102
reactome:SmallMolecule710,abstraction:ReactsWith,reactome:SmallMolecule885
reactome:SmallMolecule33,abstraction:ReactsWith,reactome:SmallMolecule1576
reactome:SmallMolecule1973,abstraction:ReactsWith,reactome:SmallMolecule619
reactome:SmallMolecule2778,abstraction:ReactsWith,reactome:SmallMolecule1343
reactome:SmallMolecule1432,abstraction:ReactsWith,reactome:SmallMolecule1431
reactome:SmallMolecule99,abstraction:ReactsWith,reactome:SmallMolecule279
reactome:SmallMolecule99,abstraction:ReactsWith,reactome:SmallMolecule1809
reactome:SmallMolecule2310,abstraction:ReactsWith,reactome:SmallMolecule306
reactome:SmallMolecule325,abstraction:ReactsWith,reactome:SmallMolecule2323
reactome:SmallMolecule1833,abstraction:ReactsWith,reactome:SmallMolecule377
reactome:SmallMolecule738,abstraction:ReactsWith,reactome:SmallMolecule740
reactome:SmallMolecule638,abstraction:ReactsWith,reactome:SmallMolecule3080
reactome:SmallMolecule99,abstraction:ReactsWith,reactome:SmallMolecule1870
reactome:SmallMolecule1107,abstraction:ReactsWith,reactome:SmallMolecule99
reactome:SmallMolecule2616,abstraction:ReactsWith,reactome:SmallMolecule619
reactome:SmallMolecule98,abstraction:ReactsWith,reactome:SmallMolecule109
reactome:SmallMolecule136,abstraction:ReactsWith,reactome:SmallMolecule2
reactome:SmallMolecule100,abstraction:ReactsWith,reactome:SmallMolecule185
reactome:SmallMolecule1945,abstraction:ReactsWith,reactome:SmallMolecule377
reactome:SmallMolecule3,abstraction:ReactsWith,reactome:SmallMolecule3324
reactome:SmallMolecule710,abstraction:ReactsWith,reactome:SmallMolecule3383
reactome:SmallMolecule3276,abstraction:ReactsWith,reactome:SmallMolecule1196
reactome:SmallMolecule3074,abstraction:ReactsWith,reactome:SmallMolecule1178
reactome:SmallMolecule2,abstraction:ReactsWith,reactome:SmallMolecule4931
reactome:SmallMolecule774,abstraction:ReactsWith,reactome:SmallMolecule1463
reactome:SmallMolecule251,abstraction:ReactsWith,reactome:SmallMolecule99
reactome:SmallMolecule2407,abstraction:ReactsWith,reactome:SmallMolecule3
reactome:SmallMolecule1231,abstraction:ReactsWith,reactome:SmallMolecule619
reactome:SmallMolecule618,abstraction:ReactsWith,reactome:SmallMolecule2856
reactome:SmallMolecule378,abstraction:ReactsWith,reactome:SmallMolecule2831
reactome:SmallMolecule591,abstraction:ReactsWith,reactome:SmallMolecule2564
reactome:SmallMolecule1585,abstraction:ReactsWith,reactome:SmallMolecule33
reactome:SmallMolecule2353,abstraction:ReactsWith,reactome:SmallMolecule6
reactome:SmallMolecule569,abstraction:ReactsWith,reactome:SmallMolecule3563
reactome:SmallMolecule338,abstraction:ReactsWith,reactome:SmallMolecule100
reactome:SmallMolecule508,abstraction:ReactsWith,reactome:SmallMolecule100
reactome:SmallMolecule302,abstraction:ReactsWith,reactome:SmallMolecule743
reactome:SmallMolecule2,abstraction:ReactsWith,reactome:SmallMolecule4625
reactome:SmallMolecule3121,abstraction:ReactsWith,reactome:SmallMolecule633
reactome:SmallMolecule3,abstraction:ReactsWith,reactome:SmallMolecule2430
reactome:SmallMolecule127,abstraction:ReactsWith,reactome:SmallMolecule5027
reactome:SmallMolecule377,abstraction:ReactsWith,reactome:SmallMolecule633
reactome:SmallMolecule3,abstraction:ReactsWith,reactome:SmallMolecule136
reactome:SmallMolecule618,abstraction:ReactsWith,reactome:SmallMolecule1927
reactome:SmallMolecule115,abstraction:ReactsWith,reactome:SmallMolecule117
reactome:SmallMolecule291,abstraction:ReactsWith,reactome:SmallMolecule99
reactome:SmallMolecule174,abstraction:ReactsWith,reactome:SmallMolecule3
reactome:SmallMolecule3503,abstraction:ReactsWith,reactome:SmallMolecule2
reactome:SmallMolecule1020,abstraction:ReactsWith,reactome:SmallMolecule774
reactome:SmallMolecule989,abstraction:ReactsWith,reactome:SmallMolecule988
reactome:SmallMolecule709,abstraction:ReactsWith,reactome:SmallMolecule2007
reactome:SmallMolecule3,abstraction:ReactsWith,reactome:SmallMolecule2835
reactome:SmallMolecule345,abstraction:ReactsWith,reactome:SmallMolecule2
reactome:SmallMolecule3,abstraction:ReactsWith,reactome:SmallMolecule1631
reactome:SmallMolecule2164,abstraction:ReactsWith,reactome:SmallMolecule622
reactome:SmallMolecule1348,abstraction:ReactsWith,reactome:SmallMolecule1343
reactome:SmallMolecule1559,abstraction:ReactsWith,reactome:SmallMolecule774
reactome:SmallMolecule618,abstraction:ReactsWith,reactome:SmallMolecule1808
reactome:SmallMolecule3,abstraction:ReactsWith,reactome:SmallMolecule1760
reactome:SmallMolecule377,abstraction:ReactsWith,reactome:SmallMolecule1994
reactome:SmallMolecule325,abstraction:ReactsWith,reactome:SmallMolecule220
reactome:SmallMolecule894,abstraction:ReactsWith,reactome:SmallMolecule566
reactome:SmallMolecule591,abstraction:ReactsWith,reactome:SmallMolecule1635
reactome:SmallMolecule1134,abstraction:ReactsWith,reactome:SmallMolecule1135
reactome:SmallMolecule2133,abstraction:ReactsWith,reactome:SmallMolecule3
reactome:SmallMolecule6,abstraction:ReactsWith,reactome:SmallMolecule455
reactome:SmallMolecule1303,abstraction:ReactsWith,reactome:SmallMolecule1849
reactome:SmallMolecule3,abstraction:ReactsWith,reactome:SmallMolecule1471
reactome:SmallMolecule2482,abstraction:ReactsWith,reactome:SmallMolecule3
reactome:SmallMolecule2639,abstraction:ReactsWith,reactome:SmallMolecule591
reactome:SmallMolecule3383,abstraction:ReactsWith,reactome:SmallMolecule710
reactome:SmallMolecule2260,abstraction:ReactsWith,reactome:SmallMolecule125
reactome:SmallMolecule2256,abstraction:ReactsWith,reactome:SmallMolecule99
reactome:SmallMolecule99,abstraction:ReactsWith,reactome:SmallMolecule619
reactome:SmallMolecule618,abstraction:ReactsWith,reactome:SmallMolecule2108
reactome:SmallMolecule3,abstraction:ReactsWith,reactome:SmallMolecule3267
reactome:SmallMolecule591,abstraction:ReactsWith,reactome:SmallMolecule492
reactome:SmallMolecule1196,abstraction:ReactsWith,reactome:SmallMolecule4582
reactome:SmallMolecule2,abstraction:ReactsWith,reactome:SmallMolecule487
reactome:SmallMolecule1111,abstraction:ReactsWith,reactome:SmallMolecule1339
reactome:SmallMolecule1459,abstraction:ReactsWith,reactome:SmallMolecule618
reactome:SmallMolecule2910,abstraction:ReactsWith,reactome:SmallMolecule619
reactome:SmallMolecule438,abstraction:ReactsWith,reactome:SmallMolecule102
reactome:SmallMolecule638,abstraction:ReactsWith,reactome:SmallMolecule3247
reactome:SmallMolecule1306,abstraction:ReactsWith,reactome:SmallMolecule1429
reactome:SmallMolecule3013,abstraction:ReactsWith,reactome:SmallMolecule3016
reactome:SmallMolecule2051,abstraction:ReactsWith,reactome:SmallMolecule710
reactome:SmallMolecule2585,abstraction:ReactsWith,reactome:SmallMolecule3
reactome:SmallMolecule1994,abstraction:ReactsWith,reactome:SmallMolecule377
reactome:SmallMolecule99,abstraction:ReactsWith,reactome:SmallMolecule1125
reactome:SmallMolecule2,abstraction:ReactsWith,reactome:SmallMolecule3437
reactome:SmallMolecule770,abstraction:ReactsWith,reactome:SmallMolecule1734
reactome:SmallMolecule619,abstraction:ReactsWith,reactome:SmallMolecule3465
reactome:SmallMolecule377,abstraction:ReactsWith,reactome:SmallMolecule2756
reactome:SmallMolecule3154,abstraction:ReactsWith,reactome:SmallMolecule710
reactome:SmallMolecule2037,abstraction:ReactsWith,reactome:SmallMolecule618
reactome:SmallMolecule1196,abstraction:ReactsWith,reactome:SmallMolecule2038
reactome:SmallMolecule618,abstraction:ReactsWith,reactome:SmallMolecule343
reactome:SmallMolecule3324,abstraction:ReactsWith,reactome:SmallMolecule3
reactome:SmallMolecule100,abstraction:ReactsWith,reactome:SmallMolecule5
reactome:SmallMolecule619,abstraction:ReactsWith,reactome:SmallMolecule537
reactome:SmallMolecule2847,abstraction:ReactsWith,reactome:SmallMolecule2301
reactome:SmallMolecule619,abstraction:ReactsWith,reactome:SmallMolecule2037
reactome:SmallMolecule1339,abstraction:ReactsWith,reactome:SmallMolecule2317
reactome:SmallMolecule710,abstraction:ReactsWith,reactome:SmallMolecule1202
reactome:SmallMolecule126,abstraction:ReactsWith,reactome:SmallMolecule2
reactome:SmallMolecule710,abstraction:ReactsWith,reactome:SmallMolecule1759
reactome:SmallMolecule350,abstraction:ReactsWith,reactome:SmallMolecule618
reactome:SmallMolecule17,abstraction:ReactsWith,reactome:SmallMolecule2
reactome:SmallMolecule2,abstraction:ReactsWith,reactome:SmallMolecule660
reactome:SmallMolecule3006,abstraction:ReactsWith,reactome:SmallMolecule3005
reactome:SmallMolecule2332,abstraction:ReactsWith,reactome:SmallMolecule2325
reactome:SmallMolecule515,abstraction:ReactsWith,reactome:SmallMolecule99
reactome:SmallMolecule1842,abstraction:ReactsWith,reactome:SmallMolecule743
reactome:SmallMolecule33,abstraction:ReactsWith,reactome:SmallMolecule2807
reactome:SmallMolecule3,abstraction:ReactsWith,reactome:SmallMolecule1023
reactome:SmallMolecule2,abstraction:ReactsWith,reactome:SmallMolecule883
reactome:SmallMolecule3,abstraction:ReactsWith,reactome:SmallMolecule1612
reactome:SmallMolecule2405,abstraction:ReactsWith,reactome:SmallMolecule2402
reactome:SmallMolecule3443,abstraction:ReactsWith,reactome:SmallMolecule3
reactome:SmallMolecule10,abstraction:ReactsWith,reactome:SmallMolecule109
reactome:SmallMolecule220,abstraction:ReactsWith,reactome:SmallMolecule174
reactome:SmallMolecule3,abstraction:ReactsWith,reactome:SmallMolecule1069
reactome:SmallMolecule2403,abstraction:ReactsWith,reactome:SmallMolecule2405
reactome:SmallMolecule3,abstraction:ReactsWith,reactome:SmallMolecule2126
reactome:SmallMolecule619,abstraction:ReactsWith,reactome:SmallMolecule2669
reactome:SmallMolecule1584,abstraction:ReactsWith,reactome:SmallMolecule33
reactome:SmallMolecule2283,abstraction:ReactsWith,reactome:SmallMolecule377
reactome:SmallMolecule2,abstraction:ReactsWith,reactome:SmallMolecule810
reactome:SmallMolecule110,abstraction:ReactsWith,reactome:SmallMolecule100
reactome:SmallMolecule100,abstraction:ReactsWith,reactome:SmallMolecule5261
reactome:SmallMolecule2401,abstraction:ReactsWith,reactome:SmallMolecule34
reactome:SmallMolecule1111,abstraction:ReactsWith,reactome:SmallMolecule1992
reactome:SmallMolecule3,abstraction:ReactsWith,reactome:SmallMolecule2322
reactome:SmallMolecule3178,abstraction:ReactsWith,reactome:SmallMolecule3179
reactome:SmallMolecule591,abstraction:ReactsWith,reactome:SmallMolecule1637
reactome:SmallMolecule1178,abstraction:ReactsWith,reactome:SmallMolecule1294
reactome:SmallMolecule1479,abstraction:ReactsWith,reactome:SmallMolecule1503
reactome:SmallMolecule377,abstraction:ReactsWith,reactome:SmallMolecule3978
reactome:SmallMolecule1230,abstraction:ReactsWith,reactome:SmallMolecule619
reactome:SmallMolecule3,abstraction:ReactsWith,reactome:SmallMolecule3445
reactome:SmallMolecule2921,abstraction:ReactsWith,reactome:SmallMolecule2
reactome:SmallMolecule3082,abstraction:ReactsWith,reactome:SmallMolecule3083
reactome:SmallMolecule1125,abstraction:ReactsWith,reactome:SmallMolecule619
reactome:SmallMolecule537,abstraction:ReactsWith,reactome:SmallMolecule1
reactome:SmallMolecule112,abstraction:ReactsWith,reactome:SmallMolecule101
reactome:SmallMolecule99,abstraction:ReactsWith,reactome:SmallMolecule1075
reactome:SmallMolecule2310,abstraction:ReactsWith,reactome:SmallMolecule99
reactome:SmallMolecule178,abstraction:ReactsWith,reactome:SmallMolecule2971
reactome:SmallMolecule361,abstraction:ReactsWith,reactome:SmallMolecule329
reactome:SmallMolecule2381,abstraction:ReactsWith,reactome:SmallMolecule2
reactome:SmallMolecule2,abstraction:ReactsWith,reactome:SmallMolecule138
reactome:SmallMolecule622,abstraction:ReactsWith,reactome:SmallMolecule2220
reactome:SmallMolecule100,abstraction:ReactsWith,reactome:SmallMolecule356
reactome:SmallMolecule3,abstraction:ReactsWith,reactome:SmallMolecule834
reactome:SmallMolecule1063,abstraction:ReactsWith,reactome:SmallMolecule869
reactome:SmallMolecule115,abstraction:ReactsWith,reactome:SmallMolecule102
reactome:SmallMolecule3094,abstraction:ReactsWith,reactome:SmallMolecule1268
reactome:SmallMolecule1196,abstraction:ReactsWith,reactome:SmallMolecule2039
reactome:SmallMolecule364,abstraction:ReactsWith,reactome:SmallMolecule100
reactome:SmallMolecule4537,abstraction:ReactsWith,reactome:SmallMolecule4534
reactome:SmallMolecule2574,abstraction:ReactsWith,reactome:SmallMolecule1196
reactome:SmallMolecule1916,abstraction:ReactsWith,reactome:SmallMolecule1135
reactome:SmallMolecule2,abstraction:ReactsWith,reactome:SmallMolecule654
reactome:SmallMolecule3018,abstraction:ReactsWith,reactome:SmallMolecule3013
reactome:SmallMolecule1417,abstraction:ReactsWith,reactome:SmallMolecule1422
reactome:SmallMolecule3465,abstraction:ReactsWith,reactome:SmallMolecule99
reactome:SmallMolecule377,abstraction:ReactsWith,reactome:SmallMolecule1881
reactome:SmallMolecule3098,abstraction:ReactsWith,reactome:SmallMolecule1268
reactome:SmallMolecule1359,abstraction:ReactsWith,reactome:SmallMolecule1343
reactome:SmallMolecule100,abstraction:ReactsWith,reactome:SmallMolecule265
reactome:SmallMolecule773,abstraction:ReactsWith,reactome:SmallMolecule619
reactome:SmallMolecule337,abstraction:ReactsWith,reactome:SmallMolecule100
reactome:SmallMolecule2977,abstraction:ReactsWith,reactome:SmallMolecule1303
reactome:SmallMolecule377,abstraction:ReactsWith,reactome:SmallMolecule1834
reactome:SmallMolecule770,abstraction:ReactsWith,reactome:SmallMolecule941
reactome:SmallMolecule369,abstraction:ReactsWith,reactome:SmallMolecule271
reactome:SmallMolecule4621,abstraction:ReactsWith,reactome:SmallMolecule535
reactome:SmallMolecule743,abstraction:ReactsWith,reactome:SmallMolecule2
reactome:SmallMolecule1501,abstraction:ReactsWith,reactome:SmallMolecule33
reactome:SmallMolecule34,abstraction:ReactsWith,reactome:SmallMolecule3521
reactome:SmallMolecule2,abstraction:ReactsWith,reactome:SmallMolecule3472
reactome:SmallMolecule2663,abstraction:ReactsWith,reactome:SmallMolecule2664
reactome:SmallMolecule5048,abstraction:ReactsWith,reactome:SmallMolecule5023
reactome:SmallMolecule1410,abstraction:ReactsWith,reactome:SmallMolecule2824
reactome:SmallMolecule2515,abstraction:ReactsWith,reactome:SmallMolecule3
reactome:SmallMolecule361,abstraction:ReactsWith,reactome:SmallMolecule291
reactome:SmallMolecule322,abstraction:ReactsWith,reactome:SmallMolecule44
reactome:SmallMolecule5213,abstraction:ReactsWith,reactome:SmallMolecule3
reactome:SmallMolecule132,abstraction:ReactsWith,reactome:SmallMolecule612
reactome:SmallMolecule1266,abstraction:ReactsWith,reactome:SmallMolecule618
reactome:SmallMolecule2301,abstraction:ReactsWith,reactome:SmallMolecule2780
reactome:SmallMolecule3,abstraction:ReactsWith,reactome:SmallMolecule18
reactome:SmallMolecule618,abstraction:ReactsWith,reactome:SmallMolecule368
reactome:SmallMolecule3,abstraction:ReactsWith,reactome:SmallMolecule2129
reactome:SmallMolecule299,abstraction:ReactsWith,reactome:SmallMolecule453
reactome:SmallMolecule3623,abstraction:ReactsWith,reactome:SmallMolecule99
reactome:SmallMolecule941,abstraction:ReactsWith,reactome:SmallMolecule770
reactome:SmallMolecule915,abstraction:ReactsWith,reactome:SmallMolecule3013
reactome:SmallMolecule1385,abstraction:ReactsWith,reactome:SmallMolecule857
reactome:SmallMolecule3,abstraction:ReactsWith,reactome:SmallMolecule4606
reactome:SmallMolecule621,abstraction:ReactsWith,reactome:SmallMolecule619
reactome:SmallMolecule860,abstraction:ReactsWith,reactome:SmallMolecule36
reactome:SmallMolecule460,abstraction:ReactsWith,reactome:SmallMolecule2
reactome:SmallMolecule2832,abstraction:ReactsWith,reactome:SmallMolecule306
reactome:SmallMolecule3033,abstraction:ReactsWith,reactome:SmallMolecule3034
reactome:SmallMolecule1017,abstraction:ReactsWith,reactome:SmallMolecule2
reactome:SmallMolecule33,abstraction:ReactsWith,reactome:SmallMolecule1362
reactome:SmallMolecule2382,abstraction:ReactsWith,reactome:SmallMolecule2327
reactome:SmallMolecule770,abstraction:ReactsWith,reactome:SmallMolecule3605
reactome:SmallMolecule591,abstraction:ReactsWith,reactome:SmallMolecule4303
reactome:SmallMolecule2823,abstraction:ReactsWith,reactome:SmallMolecule33
reactome:SmallMolecule1023,abstraction:ReactsWith,reactome:SmallMolecule2
reactome:SmallMolecule1804,abstraction:ReactsWith,reactome:SmallMolecule618
reactome:SmallMolecule2160,abstraction:ReactsWith,reactome:SmallMolecule3
reactome:SmallMolecule100,abstraction:ReactsWith,reactome:SmallMolecule478
reactome:SmallMolecule3,abstraction:ReactsWith,reactome:SmallMolecule1466
reactome:SmallMolecule1343,abstraction:ReactsWith,reactome:SmallMolecule2823
reactome:SmallMolecule2275,abstraction:ReactsWith,reactome:SmallMolecule1196
reactome:SmallMolecule633,abstraction:ReactsWith,reactome:SmallMolecule1135
reactome:SmallMolecule99,abstraction:ReactsWith,reactome:SmallMolecule3573
reactome:SmallMolecule34,abstraction:ReactsWith,reactome:SmallMolecule2796
reactome:SmallMolecule3,abstraction:ReactsWith,reactome:SmallMolecule537
reactome:SmallMolecule99,abstraction:ReactsWith,reactome:SmallMolecule722
reactome:SmallMolecule2524,abstraction:ReactsWith,reactome:SmallMolecule591
reactome:SmallMolecule34,abstraction:ReactsWith,reactome:SmallMolecule3295
reactome:SmallMolecule4,abstraction:ReactsWith,reactome:SmallMolecule2448
reactome:SmallMolecule1369,abstraction:ReactsWith,reactome:SmallMolecule857
reactome:SmallMolecule3,abstraction:ReactsWith,reactome:SmallMolecule3142
reactome:SmallMolecule638,abstraction:ReactsWith,reactome:SmallMolecule3068
reactome:SmallMolecule38,abstraction:ReactsWith,reactome:SmallMolecule3
reactome:SmallMolecule619,abstraction:ReactsWith,reactome:SmallMolecule1941
reactome:SmallMolecule3474,abstraction:ReactsWith,reactome:SmallMolecule3
reactome:SmallMolecule618,abstraction:ReactsWith,reactome:SmallMolecule353
reactome:SmallMolecule342,abstraction:ReactsWith,reactome:SmallMolecule271
reactome:SmallMolecule1805,abstraction:ReactsWith,reactome:SmallMolecule710
reactome:SmallMolecule3,abstraction:ReactsWith,reactome:SmallMolecule4544
reactome:SmallMolecule710,abstraction:ReactsWith,reactome:SmallMolecule3559
reactome:SmallMolecule1196,abstraction:ReactsWith,reactome:SmallMolecule2011
reactome:SmallMolecule2199,abstraction:ReactsWith,reactome:SmallMolecule622
reactome:SmallMolecule2108,abstraction:ReactsWith,reactome:SmallMolecule619
reactome:SmallMolecule95,abstraction:ReactsWith,reactome:SmallMolecule3
reactome:SmallMolecule2756,abstraction:ReactsWith,reactome:SmallMolecule377
reactome:SmallMolecule2283,abstraction:ReactsWith,reactome:SmallMolecule2282
reactome:SmallMolecule3559,abstraction:ReactsWith,reactome:SmallMolecule710
reactome:SmallMolecule342,abstraction:ReactsWith,reactome:SmallMolecule356
reactome:SmallMolecule33,abstraction:ReactsWith,reactome:SmallMolecule2812
reactome:SmallMolecule3,abstraction:ReactsWith,reactome:SmallMolecule1868
reactome:SmallMolecule33,abstraction:ReactsWith,reactome:SmallMolecule1343
reactome:SmallMolecule880,abstraction:ReactsWith,reactome:SmallMolecule1028
reactome:SmallMolecule880,abstraction:ReactsWith,reactome:SmallMolecule1642
reactome:SmallMolecule1317,abstraction:ReactsWith,reactome:SmallMolecule1289
reactome:SmallMolecule1827,abstraction:ReactsWith,reactome:SmallMolecule618
reactome:SmallMolecule307,abstraction:ReactsWith,reactome:SmallMolecule102
reactome:SmallMolecule1997,abstraction:ReactsWith,reactome:SmallMolecule3
reactome:SmallMolecule3448,abstraction:ReactsWith,reactome:SmallMolecule3
reactome:SmallMolecule220,abstraction:ReactsWith,reactome:SmallMolecule3
reactome:SmallMolecule2753,abstraction:ReactsWith,reactome:SmallMolecule633
reactome:SmallMolecule680,abstraction:ReactsWith,reactome:SmallMolecule844
reactome:SmallMolecule4535,abstraction:ReactsWith,reactome:SmallMolecule4534
reactome:SmallMolecule1188,abstraction:ReactsWith,reactome:SmallMolecule1187
reactome:SmallMolecule618,abstraction:ReactsWith,reactome:SmallMolecule5213
reactome:SmallMolecule416,abstraction:ReactsWith,reactome:SmallMolecule99
reactome:SmallMolecule3342,abstraction:ReactsWith,reactome:SmallMolecule880
reactome:SmallMolecule34,abstraction:ReactsWith,reactome:SmallMolecule1380
reactome:SmallMolecule3,abstraction:ReactsWith,reactome:SmallMolecule4639
reactome:SmallMolecule5067,abstraction:ReactsWith,reactome:SmallMolecule618
reactome:SmallMolecule563,abstraction:ReactsWith,reactome:SmallMolecule543
reactome:SmallMolecule3,abstraction:ReactsWith,reactome:SmallMolecule2481
reactome:SmallMolecule2833,abstraction:ReactsWith,reactome:SmallMolecule377
reactome:SmallMolecule3072,abstraction:ReactsWith,reactome:SmallMolecule1268
reactome:SmallMolecule2448,abstraction:ReactsWith,reactome:SmallMolecule4
reactome:SmallMolecule710,abstraction:ReactsWith,reactome:SmallMolecule1947
reactome:SmallMolecule377,abstraction:ReactsWith,reactome:SmallMolecule2785
reactome:SmallMolecule3,abstraction:ReactsWith,reactome:SmallMolecule1019
reactome:SmallMolecule614,abstraction:ReactsWith,reactome:SmallMolecule4600
reactome:SmallMolecule3,abstraction:ReactsWith,reactome:SmallMolecule1022
reactome:SmallMolecule698,abstraction:ReactsWith,reactome:SmallMolecule3
reactome:SmallMolecule774,abstraction:ReactsWith,reactome:SmallMolecule1512
reactome:SmallMolecule3092,abstraction:ReactsWith,reactome:SmallMolecule638
reactome:SmallMolecule3,abstraction:ReactsWith,reactome:SmallMolecule2902
reactome:SmallMolecule2480,abstraction:ReactsWith,reactome:SmallMolecule3
reactome:SmallMolecule638,abstraction:ReactsWith,reactome:SmallMolecule2689
reactome:SmallMolecule2544,abstraction:ReactsWith,reactome:SmallMolecule3710
reactome:SmallMolecule1555,abstraction:ReactsWith,reactome:SmallMolecule3
reactome:SmallMolecule3094,abstraction:ReactsWith,reactome:SmallMolecule638
reactome:SmallMolecule377,abstraction:ReactsWith,reactome:SmallMolecule1837
reactome:SmallMolecule1137,abstraction:ReactsWith,reactome:SmallMolecule2279
reactome:SmallMolecule97,abstraction:ReactsWith,reactome:SmallMolecule2
reactome:SmallMolecule938,abstraction:ReactsWith,reactome:SmallMolecule2538
reactome:SmallMolecule1410,abstraction:ReactsWith,reactome:SmallMolecule1448
reactome:SmallMolecule4551,abstraction:ReactsWith,reactome:SmallMolecule99
reactome:SmallMolecule442,abstraction:ReactsWith,reactome:SmallMolecule535
reactome:SmallMolecule2,abstraction:ReactsWith,reactome:SmallMolecule2584
reactome:SmallMolecule2592,abstraction:ReactsWith,reactome:SmallMolecule3
reactome:SmallMolecule3392,abstraction:ReactsWith,reactome:SmallMolecule2
reactome:SmallMolecule3098,abstraction:ReactsWith,reactome:SmallMolecule638
reactome:SmallMolecule220,abstraction:ReactsWith,reactome:SmallMolecule3378
reactome:SmallMolecule2979,abstraction:ReactsWith,reactome:SmallMolecule1303
reactome:SmallMolecule2811,abstraction:ReactsWith,reactome:SmallMolecule1111
reactome:SmallMolecule622,abstraction:ReactsWith,reactome:SmallMolecule2203
reactome:SmallMolecule846,abstraction:ReactsWith,reactome:SmallMolecule2
reactome:SmallMolecule3558,abstraction:ReactsWith,reactome:SmallMolecule3
reactome:SmallMolecule329,abstraction:ReactsWith,reactome:SmallMolecule101
reactome:SmallMolecule3125,abstraction:ReactsWith,reactome:SmallMolecule99
reactome:SmallMolecule351,abstraction:ReactsWith,reactome:SmallMolecule1505
reactome:SmallMolecule3379,abstraction:ReactsWith,reactome:SmallMolecule1196
reactome:SmallMolecule2917,abstraction:ReactsWith,reactome:SmallMolecule3
reactome:SmallMolecule3427,abstraction:ReactsWith,reactome:SmallMolecule2
reactome:SmallMolecule709,abstraction:ReactsWith,reactome:SmallMolecule2839
reactome:SmallMolecule5351,abstraction:ReactsWith,reactome:SmallMolecule622
reactome:SmallMolecule2,abstraction:ReactsWith,reactome:SmallMolecule4546
reactome:SmallMolecule1929,abstraction:ReactsWith,reactome:SmallMolecule99
reactome:SmallMolecule774,abstraction:ReactsWith,reactome:SmallMolecule1547
reactome:SmallMolecule99,abstraction:ReactsWith,reactome:SmallMolecule96
reactome:SmallMolecule2770,abstraction:ReactsWith,reactome:SmallMolecule375
reactome:SmallMolecule1286,abstraction:ReactsWith,reactome:SmallMolecule1178
reactome:SmallMolecule378,abstraction:ReactsWith,reactome:SmallMolecule1135
reactome:SmallMolecule192,abstraction:ReactsWith,reactome:SmallMolecule2
reactome:SmallMolecule1216,abstraction:ReactsWith,reactome:SmallMolecule1315
reactome:SmallMolecule483,abstraction:ReactsWith,reactome:SmallMolecule100
reactome:SmallMolecule2,abstraction:ReactsWith,reactome:SmallMolecule2677
reactome:SmallMolecule36,abstraction:ReactsWith,reactome:SmallMolecule2667
reactome:SmallMolecule271,abstraction:ReactsWith,reactome:SmallMolecule2953
reactome:SmallMolecule3635,abstraction:ReactsWith,reactome:SmallMolecule3546
reactome:SmallMolecule618,abstraction:ReactsWith,reactome:SmallMolecule1895
reactome:SmallMolecule1111,abstraction:ReactsWith,reactome:SmallMolecule1360
reactome:SmallMolecule622,abstraction:ReactsWith,reactome:SmallMolecule2038
reactome:SmallMolecule710,abstraction:ReactsWith,reactome:SmallMolecule1927
reactome:SmallMolecule1344,abstraction:ReactsWith,reactome:SmallMolecule2811
reactome:SmallMolecule3117,abstraction:ReactsWith,reactome:SmallMolecule638
reactome:SmallMolecule99,abstraction:ReactsWith,reactome:SmallMolecule1827
reactome:SmallMolecule1941,abstraction:ReactsWith,reactome:SmallMolecule618
reactome:SmallMolecule4583,abstraction:ReactsWith,reactome:SmallMolecule99
reactome:SmallMolecule618,abstraction:ReactsWith,reactome:SmallMolecule477
reactome:SmallMolecule880,abstraction:ReactsWith,reactome:SmallMolecule1038
reactome:SmallMolecule3459,abstraction:ReactsWith,reactome:SmallMolecule2322
reactome:SmallMolecule2694,abstraction:ReactsWith,reactome:SmallMolecule618
reactome:SmallMolecule2588,abstraction:ReactsWith,reactome:SmallMolecule2
reactome:SmallMolecule564,abstraction:ReactsWith,reactome:SmallMolecule3045
reactome:SmallMolecule2014,abstraction:ReactsWith,reactome:SmallMolecule618
reactome:SmallMolecule2877,abstraction:ReactsWith,reactome:SmallMolecule2619
reactome:SmallMolecule1032,abstraction:ReactsWith,reactome:SmallMolecule880
reactome:SmallMolecule1306,abstraction:ReactsWith,reactome:SmallMolecule1299
reactome:SmallMolecule869,abstraction:ReactsWith,reactome:SmallMolecule1211
reactome:SmallMolecule863,abstraction:ReactsWith,reactome:SmallMolecule844
reactome:SmallMolecule1343,abstraction:ReactsWith,reactome:SmallMolecule33
reactome:SmallMolecule2659,abstraction:ReactsWith,reactome:SmallMolecule1794
reactome:SmallMolecule2932,abstraction:ReactsWith,reactome:SmallMolecule1299
reactome:SmallMolecule361,abstraction:ReactsWith,reactome:SmallMolecule100
reactome:SmallMolecule3013,abstraction:ReactsWith,reactome:SmallMolecule915
reactome:SmallMolecule1879,abstraction:ReactsWith,reactome:SmallMolecule633
reactome:SmallMolecule99,abstraction:ReactsWith,reactome:SmallMolecule1
reactome:SmallMolecule455,abstraction:ReactsWith,reactome:SmallMolecule6
reactome:SmallMolecule541,abstraction:ReactsWith,reactome:SmallMolecule999
reactome:SmallMolecule99,abstraction:ReactsWith,reactome:SmallMolecule141
reactome:SmallMolecule633,abstraction:ReactsWith,reactome:SmallMolecule1916
reactome:SmallMolecule2,abstraction:ReactsWith,reactome:SmallMolecule3397
reactome:SmallMolecule44,abstraction:ReactsWith,reactome:SmallMolecule186
reactome:SmallMolecule2,abstraction:ReactsWith,reactome:SmallMolecule344
reactome:SmallMolecule1445,abstraction:ReactsWith,reactome:SmallMolecule1303
reactome:SmallMolecule1880,abstraction:ReactsWith,reactome:SmallMolecule377
reactome:SmallMolecule3560,abstraction:ReactsWith,reactome:SmallMolecule99
reactome:SmallMolecule2781,abstraction:ReactsWith,reactome:SmallMolecule99
reactome:SmallMolecule34,abstraction:ReactsWith,reactome:SmallMolecule6
reactome:SmallMolecule4581,abstraction:ReactsWith,reactome:SmallMolecule844
reactome:SmallMolecule3,abstraction:ReactsWith,reactome:SmallMolecule1499
reactome:SmallMolecule102,abstraction:ReactsWith,reactome:SmallMolecule2651
reactome:SmallMolecule591,abstraction:ReactsWith,reactome:SmallMolecule3265
reactome:SmallMolecule361,abstraction:ReactsWith,reactome:SmallMolecule3
reactome:SmallMolecule2514,abstraction:ReactsWith,reactome:SmallMolecule3
reactome:SmallMolecule1179,abstraction:ReactsWith,reactome:SmallMolecule1184
reactome:SmallMolecule1111,abstraction:ReactsWith,reactome:SmallMolecule1345
reactome:SmallMolecule3251,abstraction:ReactsWith,reactome:SmallMolecule220
reactome:SmallMolecule1820,abstraction:ReactsWith,reactome:SmallMolecule619
reactome:SmallMolecule3579,abstraction:ReactsWith,reactome:SmallMolecule3
reactome:SmallMolecule2645,abstraction:ReactsWith,reactome:SmallMolecule34
reactome:SmallMolecule1268,abstraction:ReactsWith,reactome:SmallMolecule1293
reactome:SmallMolecule393,abstraction:ReactsWith,reactome:SmallMolecule100
reactome:SmallMolecule1818,abstraction:ReactsWith,reactome:SmallMolecule99
reactome:SmallMolecule2754,abstraction:ReactsWith,reactome:SmallMolecule222
reactome:SmallMolecule1178,abstraction:ReactsWith,reactome:SmallMolecule1216
reactome:SmallMolecule99,abstraction:ReactsWith,reactome:SmallMolecule3028
reactome:SmallMolecule550,abstraction:ReactsWith,reactome:SmallMolecule802
reactome:SmallMolecule2,abstraction:ReactsWith,reactome:SmallMolecule4615
reactome:SmallMolecule101,abstraction:ReactsWith,reactome:SmallMolecule107
reactome:SmallMolecule1973,abstraction:ReactsWith,reactome:SmallMolecule618
reactome:SmallMolecule3701,abstraction:ReactsWith,reactome:SmallMolecule3691
reactome:SmallMolecule348,abstraction:ReactsWith,reactome:SmallMolecule2260
reactome:SmallMolecule3,abstraction:ReactsWith,reactome:SmallMolecule607
reactome:SmallMolecule3,abstraction:ReactsWith,reactome:SmallMolecule2483
reactome:SmallMolecule619,abstraction:ReactsWith,reactome:SmallMolecule1807
reactome:SmallMolecule346,abstraction:ReactsWith,reactome:SmallMolecule2
reactome:SmallMolecule369,abstraction:ReactsWith,reactome:SmallMolecule2
reactome:SmallMolecule1868,abstraction:ReactsWith,reactome:SmallMolecule3
reactome:SmallMolecule4410,abstraction:ReactsWith,reactome:SmallMolecule5170
reactome:SmallMolecule3375,abstraction:ReactsWith,reactome:SmallMolecule3374
reactome:SmallMolecule619,abstraction:ReactsWith,reactome:SmallMolecule220
reactome:SmallMolecule378,abstraction:ReactsWith,reactome:SmallMolecule2798
reactome:SmallMolecule2930,abstraction:ReactsWith,reactome:SmallMolecule1303
reactome:SmallMolecule3,abstraction:ReactsWith,reactome:SmallMolecule5452
reactome:SmallMolecule97,abstraction:ReactsWith,reactome:SmallMolecule99
reactome:SmallMolecule591,abstraction:ReactsWith,reactome:SmallMolecule365
reactome:SmallMolecule1178,abstraction:ReactsWith,reactome:SmallMolecule3089
reactome:SmallMolecule2,abstraction:ReactsWith,reactome:SmallMolecule9
reactome:SmallMolecule622,abstraction:ReactsWith,reactome:SmallMolecule2039
reactome:SmallMolecule1250,abstraction:ReactsWith,reactome:SmallMolecule1196
reactome:SmallMolecule1546,abstraction:ReactsWith,reactome:SmallMolecule774
reactome:SmallMolecule3,abstraction:ReactsWith,reactome:SmallMolecule2493
reactome:SmallMolecule1178,abstraction:ReactsWith,reactome:SmallMolecule3074
reactome:SmallMolecule901,abstraction:ReactsWith,reactome:SmallMolecule864
reactome:SmallMolecule1231,abstraction:ReactsWith,reactome:SmallMolecule618
reactome:SmallMolecule32,abstraction:ReactsWith,reactome:SmallMolecule33
reactome:SmallMolecule1794,abstraction:ReactsWith,reactome:SmallMolecule2659
reactome:SmallMolecule33,abstraction:ReactsWith,reactome:SmallMolecule2965
reactome:SmallMolecule3041,abstraction:ReactsWith,reactome:SmallMolecule33
reactome:SmallMolecule1547,abstraction:ReactsWith,reactome:SmallMolecule3
reactome:SmallMolecule343,abstraction:ReactsWith,reactome:SmallMolecule100
reactome:SmallMolecule5,abstraction:ReactsWith,reactome:SmallMolecule116
reactome:SmallMolecule883,abstraction:ReactsWith,reactome:SmallMolecule2
reactome:SmallMolecule3,abstraction:ReactsWith,reactome:SmallMolecule1275
reactome:SmallMolecule1873,abstraction:ReactsWith,reactome:SmallMolecule99
reactome:SmallMolecule846,abstraction:ReactsWith,reactome:SmallMolecule99
reactome:SmallMolecule1899,abstraction:ReactsWith,reactome:SmallMolecule619
reactome:SmallMolecule3,abstraction:ReactsWith,reactome:SmallMolecule1050
reactome:SmallMolecule3546,abstraction:ReactsWith,reactome:SmallMolecule3636
reactome:SmallMolecule3290,abstraction:ReactsWith,reactome:SmallMolecule2663
reactome:SmallMolecule5,abstraction:ReactsWith,reactome:SmallMolecule43
reactome:SmallMolecule295,abstraction:ReactsWith,reactome:SmallMolecule1343
reactome:SmallMolecule1427,abstraction:ReactsWith,reactome:SmallMolecule1303
reactome:SmallMolecule880,abstraction:ReactsWith,reactome:SmallMolecule2367
reactome:SmallMolecule618,abstraction:ReactsWith,reactome:SmallMolecule3503
reactome:SmallMolecule343,abstraction:ReactsWith,reactome:SmallMolecule3
reactome:SmallMolecule125,abstraction:ReactsWith,reactome:SmallMolecule2768
reactome:SmallMolecule3132,abstraction:ReactsWith,reactome:SmallMolecule1178
reactome:SmallMolecule3065,abstraction:ReactsWith,reactome:SmallMolecule1178
reactome:SmallMolecule3,abstraction:ReactsWith,reactome:SmallMolecule2674
reactome:SmallMolecule3,abstraction:ReactsWith,reactome:SmallMolecule1277
reactome:SmallMolecule1216,abstraction:ReactsWith,reactome:SmallMolecule1286
reactome:SmallMolecule100,abstraction:ReactsWith,reactome:SmallMolecule1543
reactome:SmallMolecule2260,abstraction:ReactsWith,reactome:SmallMolecule3808
reactome:SmallMolecule98,abstraction:ReactsWith,reactome:SmallMolecule110
reactome:SmallMolecule377,abstraction:ReactsWith,reactome:SmallMolecule2636
reactome:SmallMolecule619,abstraction:ReactsWith,reactome:SmallMolecule971
reactome:SmallMolecule2572,abstraction:ReactsWith,reactome:SmallMolecule4535
reactome:SmallMolecule543,abstraction:ReactsWith,reactome:SmallMolecule544
reactome:SmallMolecule4536,abstraction:ReactsWith,reactome:SmallMolecule2572
reactome:SmallMolecule2,abstraction:ReactsWith,reactome:SmallMolecule2920
reactome:SmallMolecule770,abstraction:ReactsWith,reactome:SmallMolecule950
reactome:SmallMolecule1762,abstraction:ReactsWith,reactome:SmallMolecule3
reactome:SmallMolecule1572,abstraction:ReactsWith,reactome:SmallMolecule2401
reactome:SmallMolecule2179,abstraction:ReactsWith,reactome:SmallMolecule3
reactome:SmallMolecule1178,abstraction:ReactsWith,reactome:SmallMolecule3192
reactome:SmallMolecule342,abstraction:ReactsWith,reactome:SmallMolecule2
reactome:SmallMolecule566,abstraction:ReactsWith,reactome:SmallMolecule3544
reactome:SmallMolecule622,abstraction:ReactsWith,reactome:SmallMolecule1954
reactome:SmallMolecule350,abstraction:ReactsWith,reactome:SmallMolecule375
reactome:SmallMolecule938,abstraction:ReactsWith,reactome:SmallMolecule2543
reactome:SmallMolecule3,abstraction:ReactsWith,reactome:SmallMolecule4578
reactome:SmallMolecule622,abstraction:ReactsWith,reactome:SmallMolecule2041
reactome:SmallMolecule2,abstraction:ReactsWith,reactome:SmallMolecule902
reactome:SmallMolecule33,abstraction:ReactsWith,reactome:SmallMolecule2778
reactome:SmallMolecule99,abstraction:ReactsWith,reactome:SmallMolecule1900
reactome:SmallMolecule864,abstraction:ReactsWith,reactome:SmallMolecule4
reactome:SmallMolecule618,abstraction:ReactsWith,reactome:SmallMolecule2067
reactome:SmallMolecule541,abstraction:ReactsWith,reactome:SmallMolecule3582
reactome:SmallMolecule618,abstraction:ReactsWith,reactome:SmallMolecule2841
reactome:SmallMolecule4544,abstraction:ReactsWith,reactome:SmallMolecule3
reactome:SmallMolecule99,abstraction:ReactsWith,reactome:SmallMolecule389
reactome:SmallMolecule34,abstraction:ReactsWith,reactome:SmallMolecule433
reactome:SmallMolecule223,abstraction:ReactsWith,reactome:SmallMolecule100
reactome:SmallMolecule193,abstraction:ReactsWith,reactome:SmallMolecule220
reactome:SmallMolecule2,abstraction:ReactsWith,reactome:SmallMolecule346
reactome:SmallMolecule2091,abstraction:ReactsWith,reactome:SmallMolecule3
reactome:SmallMolecule2,abstraction:ReactsWith,reactome:SmallMolecule3385
reactome:SmallMolecule485,abstraction:ReactsWith,reactome:SmallMolecule100
reactome:SmallMolecule1927,abstraction:ReactsWith,reactome:SmallMolecule710
reactome:SmallMolecule4931,abstraction:ReactsWith,reactome:SmallMolecule95
reactome:SmallMolecule618,abstraction:ReactsWith,reactome:SmallMolecule1770
reactome:SmallMolecule1461,abstraction:ReactsWith,reactome:SmallMolecule99
reactome:SmallMolecule2,abstraction:ReactsWith,reactome:SmallMolecule1105
reactome:SmallMolecule618,abstraction:ReactsWith,reactome:SmallMolecule773
reactome:SmallMolecule4,abstraction:ReactsWith,reactome:SmallMolecule710
reactome:SmallMolecule3270,abstraction:ReactsWith,reactome:SmallMolecule3271
reactome:SmallMolecule1822,abstraction:ReactsWith,reactome:SmallMolecule99
reactome:SmallMolecule1214,abstraction:ReactsWith,reactome:SmallMolecule1215
reactome:SmallMolecule3,abstraction:ReactsWith,reactome:SmallMolecule875
reactome:SmallMolecule2356,abstraction:ReactsWith,reactome:SmallMolecule3
reactome:SmallMolecule869,abstraction:ReactsWith,reactome:SmallMolecule3409
reactome:SmallMolecule138,abstraction:ReactsWith,reactome:SmallMolecule2
reactome:SmallMolecule636,abstraction:ReactsWith,reactome:SmallMolecule109
reactome:SmallMolecule2784,abstraction:ReactsWith,reactome:SmallMolecule2785
reactome:SmallMolecule619,abstraction:ReactsWith,reactome:SmallMolecule1230
reactome:SmallMolecule99,abstraction:ReactsWith,reactome:SmallMolecule1810
reactome:SmallMolecule619,abstraction:ReactsWith,reactome:SmallMolecule2089
reactome:SmallMolecule3,abstraction:ReactsWith,reactome:SmallMolecule1605
reactome:SmallMolecule4583,abstraction:ReactsWith,reactome:SmallMolecule4585
reactome:SmallMolecule99,abstraction:ReactsWith,reactome:SmallMolecule1115
reactome:SmallMolecule2899,abstraction:ReactsWith,reactome:SmallMolecule220
reactome:SmallMolecule99,abstraction:ReactsWith,reactome:SmallMolecule1793
reactome:SmallMolecule99,abstraction:ReactsWith,reactome:SmallMolecule709
reactome:SmallMolecule3,abstraction:ReactsWith,reactome:SmallMolecule2611
reactome:SmallMolecule1343,abstraction:ReactsWith,reactome:SmallMolecule2965
reactome:SmallMolecule99,abstraction:ReactsWith,reactome:SmallMolecule4551
reactome:SmallMolecule3523,abstraction:ReactsWith,reactome:SmallMolecule34
reactome:SmallMolecule1578,abstraction:ReactsWith,reactome:SmallMolecule774
reactome:SmallMolecule683,abstraction:ReactsWith,reactome:SmallMolecule1135
reactome:SmallMolecule4351,abstraction:ReactsWith,reactome:SmallMolecule591
reactome:SmallMolecule1477,abstraction:ReactsWith,reactome:SmallMolecule99
reactome:SmallMolecule618,abstraction:ReactsWith,reactome:SmallMolecule2694
reactome:SmallMolecule1268,abstraction:ReactsWith,reactome:SmallMolecule3089
reactome:SmallMolecule770,abstraction:ReactsWith,reactome:SmallMolecule946
reactome:SmallMolecule34,abstraction:ReactsWith,reactome:SmallMolecule1343
reactome:SmallMolecule2007,abstraction:ReactsWith,reactome:SmallMolecule709
reactome:SmallMolecule535,abstraction:ReactsWith,reactome:SmallMolecule4653
reactome:SmallMolecule1339,abstraction:ReactsWith,reactome:SmallMolecule1353
reactome:SmallMolecule1108,abstraction:ReactsWith,reactome:SmallMolecule2
reactome:SmallMolecule3013,abstraction:ReactsWith,reactome:SmallMolecule591
reactome:SmallMolecule220,abstraction:ReactsWith,reactome:SmallMolecule3814
reactome:SmallMolecule1882,abstraction:ReactsWith,reactome:SmallMolecule633
reactome:SmallMolecule618,abstraction:ReactsWith,reactome:SmallMolecule2028
reactome:SmallMolecule2619,abstraction:ReactsWith,reactome:SmallMolecule2877
reactome:SmallMolecule2677,abstraction:ReactsWith,reactome:SmallMolecule2676
reactome:SmallMolecule4585,abstraction:ReactsWith,reactome:SmallMolecule4583
reactome:SmallMolecule1830,abstraction:ReactsWith,reactome:SmallMolecule99
reactome:SmallMolecule3,abstraction:ReactsWith,reactome:SmallMolecule2276
reactome:SmallMolecule3,abstraction:ReactsWith,reactome:SmallMolecule2249
reactome:SmallMolecule2894,abstraction:ReactsWith,reactome:SmallMolecule2282
reactome:SmallMolecule3563,abstraction:ReactsWith,reactome:SmallMolecule3
reactome:SmallMolecule187,abstraction:ReactsWith,reactome:SmallMolecule44
reactome:SmallMolecule1954,abstraction:ReactsWith,reactome:SmallMolecule554
reactome:SmallMolecule1230,abstraction:ReactsWith,reactome:SmallMolecule618
reactome:SmallMolecule1137,abstraction:ReactsWith,reactome:SmallMolecule295
reactome:SmallMolecule514,abstraction:ReactsWith,reactome:SmallMolecule618
reactome:SmallMolecule3089,abstraction:ReactsWith,reactome:SmallMolecule1268
reactome:SmallMolecule867,abstraction:ReactsWith,reactome:SmallMolecule903
reactome:SmallMolecule2601,abstraction:ReactsWith,reactome:SmallMolecule3
reactome:SmallMolecule1549,abstraction:ReactsWith,reactome:SmallMolecule3
reactome:SmallMolecule3,abstraction:ReactsWith,reactome:SmallMolecule220
reactome:SmallMolecule537,abstraction:ReactsWith,reactome:SmallMolecule179
reactome:SmallMolecule99,abstraction:ReactsWith,reactome:SmallMolecule677
reactome:SmallMolecule2387,abstraction:ReactsWith,reactome:SmallMolecule2
reactome:SmallMolecule619,abstraction:ReactsWith,reactome:SmallMolecule2923
reactome:SmallMolecule3,abstraction:ReactsWith,reactome:SmallMolecule1495
reactome:SmallMolecule1132,abstraction:ReactsWith,reactome:SmallMolecule770
reactome:SmallMolecule2,abstraction:ReactsWith,reactome:SmallMolecule1609
reactome:SmallMolecule618,abstraction:ReactsWith,reactome:SmallMolecule1804
reactome:SmallMolecule2759,abstraction:ReactsWith,reactome:SmallMolecule1344
reactome:SmallMolecule99,abstraction:ReactsWith,reactome:SmallMolecule2629
reactome:SmallMolecule101,abstraction:ReactsWith,reactome:SmallMolecule1
reactome:SmallMolecule2,abstraction:ReactsWith,reactome:SmallMolecule3
reactome:SmallMolecule377,abstraction:ReactsWith,reactome:SmallMolecule2805
reactome:SmallMolecule2,abstraction:ReactsWith,reactome:SmallMolecule1234
reactome:SmallMolecule2402,abstraction:ReactsWith,reactome:SmallMolecule2405
reactome:SmallMolecule3,abstraction:ReactsWith,reactome:SmallMolecule2030
reactome:SmallMolecule1284,abstraction:ReactsWith,reactome:SmallMolecule1146
reactome:SmallMolecule1175,abstraction:ReactsWith,reactome:SmallMolecule619
reactome:SmallMolecule2,abstraction:ReactsWith,reactome:SmallMolecule302
reactome:SmallMolecule561,abstraction:ReactsWith,reactome:SmallMolecule1003
reactome:SmallMolecule972,abstraction:ReactsWith,reactome:SmallMolecule710
reactome:SmallMolecule2285,abstraction:ReactsWith,reactome:SmallMolecule306
reactome:SmallMolecule304,abstraction:ReactsWith,reactome:SmallMolecule3578
reactome:SmallMolecule293,abstraction:ReactsWith,reactome:SmallMolecule301
reactome:SmallMolecule4583,abstraction:ReactsWith,reactome:SmallMolecule4582
reactome:SmallMolecule2768,abstraction:ReactsWith,reactome:SmallMolecule2259
reactome:SmallMolecule1343,abstraction:ReactsWith,reactome:SmallMolecule2778
reactome:SmallMolecule4,abstraction:ReactsWith,reactome:SmallMolecule2
reactome:SmallMolecule2905,abstraction:ReactsWith,reactome:SmallMolecule351
reactome:SmallMolecule773,abstraction:ReactsWith,reactome:SmallMolecule618
reactome:SmallMolecule2,abstraction:ReactsWith,reactome:SmallMolecule2379
reactome:SmallMolecule853,abstraction:ReactsWith,reactome:SmallMolecule378
reactome:SmallMolecule622,abstraction:ReactsWith,reactome:SmallMolecule2670
reactome:SmallMolecule618,abstraction:ReactsWith,reactome:SmallMolecule1126
reactome:SmallMolecule38,abstraction:ReactsWith,reactome:SmallMolecule2
reactome:SmallMolecule7,abstraction:ReactsWith,reactome:SmallMolecule3
reactome:SmallMolecule4479,abstraction:ReactsWith,reactome:SmallMolecule4949
reactome:SmallMolecule1343,abstraction:ReactsWith,reactome:SmallMolecule1339
reactome:SmallMolecule770,abstraction:ReactsWith,reactome:SmallMolecule978
reactome:SmallMolecule1884,abstraction:ReactsWith,reactome:SmallMolecule633
reactome:SmallMolecule742,abstraction:ReactsWith,reactome:SmallMolecule1107
reactome:SmallMolecule158,abstraction:ReactsWith,reactome:SmallMolecule100
reactome:SmallMolecule2,abstraction:ReactsWith,reactome:SmallMolecule1776
reactome:SmallMolecule2409,abstraction:ReactsWith,reactome:SmallMolecule33
reactome:SmallMolecule619,abstraction:ReactsWith,reactome:SmallMolecule1116
reactome:SmallMolecule99,abstraction:ReactsWith,reactome:SmallMolecule515
reactome:SmallMolecule99,abstraction:ReactsWith,reactome:SmallMolecule1653
reactome:SmallMolecule2,abstraction:ReactsWith,reactome:SmallMolecule362
reactome:SmallMolecule43,abstraction:ReactsWith,reactome:SmallMolecule3
reactome:SmallMolecule1,abstraction:ReactsWith,reactome:SmallMolecule3
reactome:SmallMolecule95,abstraction:ReactsWith,reactome:SmallMolecule2
reactome:SmallMolecule3068,abstraction:ReactsWith,reactome:SmallMolecule638
reactome:SmallMolecule633,abstraction:ReactsWith,reactome:SmallMolecule1344
reactome:SmallMolecule141,abstraction:ReactsWith,reactome:SmallMolecule2
reactome:SmallMolecule740,abstraction:ReactsWith,reactome:SmallMolecule738
reactome:SmallMolecule2,abstraction:ReactsWith,reactome:SmallMolecule8
reactome:SmallMolecule2318,abstraction:ReactsWith,reactome:SmallMolecule1339
reactome:SmallMolecule3,abstraction:ReactsWith,reactome:SmallMolecule1141
reactome:SmallMolecule619,abstraction:ReactsWith,reactome:SmallMolecule2415
reactome:SmallMolecule551,abstraction:ReactsWith,reactome:SmallMolecule563
reactome:SmallMolecule34,abstraction:ReactsWith,reactome:SmallMolecule32
reactome:SmallMolecule121,abstraction:ReactsWith,reactome:SmallMolecule3
reactome:SmallMolecule1216,abstraction:ReactsWith,reactome:SmallMolecule1290
reactome:SmallMolecule2825,abstraction:ReactsWith,reactome:SmallMolecule1299
reactome:SmallMolecule2,abstraction:ReactsWith,reactome:SmallMolecule2610
reactome:SmallMolecule4419,abstraction:ReactsWith,reactome:SmallMolecule683
reactome:SmallMolecule3448,abstraction:ReactsWith,reactome:SmallMolecule2
reactome:SmallMolecule3070,abstraction:ReactsWith,reactome:SmallMolecule1178
reactome:SmallMolecule1268,abstraction:ReactsWith,reactome:SmallMolecule1317
reactome:SmallMolecule1837,abstraction:ReactsWith,reactome:SmallMolecule633
reactome:SmallMolecule638,abstraction:ReactsWith,reactome:SmallMolecule1268
reactome:SmallMolecule426,abstraction:ReactsWith,reactome:SmallMolecule346
reactome:SmallMolecule110,abstraction:ReactsWith,reactome:SmallMolecule3516
reactome:SmallMolecule743,abstraction:ReactsWith,reactome:SmallMolecule1105
reactome:SmallMolecule3,abstraction:ReactsWith,reactome:SmallMolecule2454
reactome:SmallMolecule3209,abstraction:ReactsWith,reactome:SmallMolecule554
reactome:SmallMolecule1796,abstraction:ReactsWith,reactome:SmallMolecule99
reactome:SmallMolecule269,abstraction:ReactsWith,reactome:SmallMolecule279
reactome:SmallMolecule1137,abstraction:ReactsWith,reactome:SmallMolecule2672
reactome:SmallMolecule1405,abstraction:ReactsWith,reactome:SmallMolecule1437
reactome:SmallMolecule375,abstraction:ReactsWith,reactome:SmallMolecule2620
reactome:SmallMolecule30,abstraction:ReactsWith,reactome:SmallMolecule3
reactome:SmallMolecule97,abstraction:ReactsWith,reactome:SmallMolecule101
reactome:SmallMolecule1216,abstraction:ReactsWith,reactome:SmallMolecule1178
reactome:SmallMolecule291,abstraction:ReactsWith,reactome:SmallMolecule368
reactome:SmallMolecule3625,abstraction:ReactsWith,reactome:SmallMolecule2
reactome:SmallMolecule377,abstraction:ReactsWith,reactome:SmallMolecule2804
reactome:SmallMolecule554,abstraction:ReactsWith,reactome:SmallMolecule174
reactome:SmallMolecule1187,abstraction:ReactsWith,reactome:SmallMolecule1188
reactome:SmallMolecule911,abstraction:ReactsWith,reactome:SmallMolecule2344
reactome:SmallMolecule2550,abstraction:ReactsWith,reactome:SmallMolecule591
reactome:SmallMolecule122,abstraction:ReactsWith,reactome:SmallMolecule115
reactome:SmallMolecule271,abstraction:ReactsWith,reactome:SmallMolecule2856
reactome:SmallMolecule3824,abstraction:ReactsWith,reactome:SmallMolecule5044
reactome:SmallMolecule612,abstraction:ReactsWith,reactome:SmallMolecule3013
reactome:SmallMolecule442,abstraction:ReactsWith,reactome:SmallMolecule361
reactome:SmallMolecule2934,abstraction:ReactsWith,reactome:SmallMolecule2930
reactome:SmallMolecule33,abstraction:ReactsWith,reactome:SmallMolecule3041
reactome:SmallMolecule1897,abstraction:ReactsWith,reactome:SmallMolecule99
reactome:SmallMolecule99,abstraction:ReactsWith,reactome:SmallMolecule253
reactome:SmallMolecule515,abstraction:ReactsWith,reactome:SmallMolecule619
reactome:SmallMolecule2606,abstraction:ReactsWith,reactome:SmallMolecule618
reactome:SmallMolecule1110,abstraction:ReactsWith,reactome:SmallMolecule1111
reactome:SmallMolecule1560,abstraction:ReactsWith,reactome:SmallMolecule774
reactome:SmallMolecule2515,abstraction:ReactsWith,reactome:SmallMolecule99
reactome:SmallMolecule3085,abstraction:ReactsWith,reactome:SmallMolecule1178
reactome:SmallMolecule2328,abstraction:ReactsWith,reactome:SmallMolecule2
reactome:SmallMolecule2958,abstraction:ReactsWith,reactome:SmallMolecule220
reactome:SmallMolecule157,abstraction:ReactsWith,reactome:SmallMolecule915
reactome:SmallMolecule33,abstraction:ReactsWith,reactome:SmallMolecule1111
reactome:SmallMolecule710,abstraction:ReactsWith,reactome:SmallMolecule881
reactome:SmallMolecule2661,abstraction:ReactsWith,reactome:SmallMolecule378
reactome:SmallMolecule774,abstraction:ReactsWith,reactome:SmallMolecule1020
reactome:SmallMolecule2592,abstraction:ReactsWith,reactome:SmallMolecule2
reactome:SmallMolecule1303,abstraction:ReactsWith,reactome:SmallMolecule1450
reactome:SmallMolecule1412,abstraction:ReactsWith,reactome:SmallMolecule1408
reactome:SmallMolecule3982,abstraction:ReactsWith,reactome:SmallMolecule33
reactome:SmallMolecule3096,abstraction:ReactsWith,reactome:SmallMolecule638
reactome:SmallMolecule632,abstraction:ReactsWith,reactome:SmallMolecule3039
reactome:SmallMolecule3,abstraction:ReactsWith,reactome:SmallMolecule2601
reactome:SmallMolecule968,abstraction:ReactsWith,reactome:SmallMolecule619
reactome:SmallMolecule618,abstraction:ReactsWith,reactome:SmallMolecule1903
reactome:SmallMolecule1178,abstraction:ReactsWith,reactome:SmallMolecule3094
reactome:SmallMolecule101,abstraction:ReactsWith,reactome:SmallMolecule338
reactome:SmallMolecule34,abstraction:ReactsWith,reactome:SmallMolecule1388
reactome:SmallMolecule638,abstraction:ReactsWith,reactome:SmallMolecule3104
reactome:SmallMolecule3385,abstraction:ReactsWith,reactome:SmallMolecule3
reactome:SmallMolecule880,abstraction:ReactsWith,reactome:SmallMolecule1032
reactome:SmallMolecule333,abstraction:ReactsWith,reactome:SmallMolecule343
reactome:SmallMolecule2108,abstraction:ReactsWith,reactome:SmallMolecule618
reactome:SmallMolecule1111,abstraction:ReactsWith,reactome:SmallMolecule3414
reactome:SmallMolecule377,abstraction:ReactsWith,reactome:SmallMolecule2759
reactome:SmallMolecule660,abstraction:ReactsWith,reactome:SmallMolecule3
reactome:SmallMolecule100,abstraction:ReactsWith,reactome:SmallMolecule470
reactome:SmallMolecule1024,abstraction:ReactsWith,reactome:SmallMolecule1040
reactome:SmallMolecule976,abstraction:ReactsWith,reactome:SmallMolecule770
reactome:SmallMolecule2670,abstraction:ReactsWith,reactome:SmallMolecule325
reactome:SmallMolecule633,abstraction:ReactsWith,reactome:SmallMolecule1919
reactome:SmallMolecule3,abstraction:ReactsWith,reactome:SmallMolecule2899
reactome:SmallMolecule1770,abstraction:ReactsWith,reactome:SmallMolecule99
reactome:SmallMolecule610,abstraction:ReactsWith,reactome:SmallMolecule4623
reactome:SmallMolecule2,abstraction:ReactsWith,reactome:SmallMolecule313
reactome:SmallMolecule99,abstraction:ReactsWith,reactome:SmallMolecule3298
reactome:SmallMolecule1306,abstraction:ReactsWith,reactome:SmallMolecule1424
reactome:SmallMolecule1944,abstraction:ReactsWith,reactome:SmallMolecule377
reactome:SmallMolecule633,abstraction:ReactsWith,reactome:SmallMolecule1943
reactome:SmallMolecule1919,abstraction:ReactsWith,reactome:SmallMolecule2753
reactome:SmallMolecule4649,abstraction:ReactsWith,reactome:SmallMolecule537
reactome:SmallMolecule633,abstraction:ReactsWith,reactome:SmallMolecule1892
reactome:SmallMolecule2603,abstraction:ReactsWith,reactome:SmallMolecule2
reactome:SmallMolecule1927,abstraction:ReactsWith,reactome:SmallMolecule99
reactome:SmallMolecule1652,abstraction:ReactsWith,reactome:SmallMolecule774
reactome:SmallMolecule1829,abstraction:ReactsWith,reactome:SmallMolecule619
reactome:SmallMolecule881,abstraction:ReactsWith,reactome:SmallMolecule710
reactome:SmallMolecule2619,abstraction:ReactsWith,reactome:SmallMolecule351
reactome:SmallMolecule1855,abstraction:ReactsWith,reactome:SmallMolecule1303
reactome:SmallMolecule220,abstraction:ReactsWith,reactome:SmallMolecule2820
reactome:SmallMolecule1628,abstraction:ReactsWith,reactome:SmallMolecule3
reactome:SmallMolecule3,abstraction:ReactsWith,reactome:SmallMolecule2469
reactome:SmallMolecule562,abstraction:ReactsWith,reactome:SmallMolecule99
reactome:SmallMolecule356,abstraction:ReactsWith,reactome:SmallMolecule100
reactome:SmallMolecule743,abstraction:ReactsWith,reactome:SmallMolecule302
reactome:SmallMolecule2,abstraction:ReactsWith,reactome:SmallMolecule121
reactome:SmallMolecule101,abstraction:ReactsWith,reactome:SmallMolecule407
reactome:SmallMolecule1227,abstraction:ReactsWith,reactome:SmallMolecule3
reactome:SmallMolecule100,abstraction:ReactsWith,reactome:SmallMolecule326
reactome:SmallMolecule2,abstraction:ReactsWith,reactome:SmallMolecule3395
reactome:SmallMolecule1042,abstraction:ReactsWith,reactome:SmallMolecule3
reactome:SmallMolecule555,abstraction:ReactsWith,reactome:SmallMolecule3699
reactome:SmallMolecule612,abstraction:ReactsWith,reactome:SmallMolecule591
reactome:SmallMolecule938,abstraction:ReactsWith,reactome:SmallMolecule553
reactome:SmallMolecule824,abstraction:ReactsWith,reactome:SmallMolecule3
reactome:SmallMolecule2313,abstraction:ReactsWith,reactome:SmallMolecule683
reactome:SmallMolecule774,abstraction:ReactsWith,reactome:SmallMolecule1593
reactome:SmallMolecule1827,abstraction:ReactsWith,reactome:SmallMolecule619
reactome:SmallMolecule34,abstraction:ReactsWith,reactome:SmallMolecule854
reactome:SmallMolecule1622,abstraction:ReactsWith,reactome:SmallMolecule3
reactome:SmallMolecule338,abstraction:ReactsWith,reactome:SmallMolecule101
reactome:SmallMolecule1102,abstraction:ReactsWith,reactome:SmallMolecule3
reactome:SmallMolecule141,abstraction:ReactsWith,reactome:SmallMolecule99
reactome:SmallMolecule2401,abstraction:ReactsWith,reactome:SmallMolecule1572
reactome:SmallMolecule489,abstraction:ReactsWith,reactome:SmallMolecule2
reactome:SmallMolecule253,abstraction:ReactsWith,reactome:SmallMolecule99
reactome:SmallMolecule6,abstraction:ReactsWith,reactome:SmallMolecule863
reactome:SmallMolecule34,abstraction:ReactsWith,reactome:SmallMolecule378
reactome:SmallMolecule2751,abstraction:ReactsWith,reactome:SmallMolecule33
reactome:SmallMolecule619,abstraction:ReactsWith,reactome:SmallMolecule1078
reactome:SmallMolecule710,abstraction:ReactsWith,reactome:SmallMolecule96
reactome:SmallMolecule2906,abstraction:ReactsWith,reactome:SmallMolecule3
reactome:SmallMolecule3229,abstraction:ReactsWith,reactome:SmallMolecule554
reactome:SmallMolecule2965,abstraction:ReactsWith,reactome:SmallMolecule1343
reactome:SmallMolecule612,abstraction:ReactsWith,reactome:SmallMolecule3165
reactome:SmallMolecule220,abstraction:ReactsWith,reactome:SmallMolecule99
reactome:SmallMolecule1673,abstraction:ReactsWith,reactome:SmallMolecule555
reactome:SmallMolecule1383,abstraction:ReactsWith,reactome:SmallMolecule2663
reactome:SmallMolecule3,abstraction:ReactsWith,reactome:SmallMolecule1564
reactome:SmallMolecule3,abstraction:ReactsWith,reactome:SmallMolecule2260
reactome:SmallMolecule721,abstraction:ReactsWith,reactome:SmallMolecule2
reactome:SmallMolecule1762,abstraction:ReactsWith,reactome:SmallMolecule710
reactome:SmallMolecule3637,abstraction:ReactsWith,reactome:SmallMolecule3546
reactome:SmallMolecule1343,abstraction:ReactsWith,reactome:SmallMolecule1342
reactome:SmallMolecule2,abstraction:ReactsWith,reactome:SmallMolecule3392
reactome:SmallMolecule34,abstraction:ReactsWith,reactome:SmallMolecule2784
reactome:SmallMolecule3,abstraction:ReactsWith,reactome:SmallMolecule195
reactome:SmallMolecule5044,abstraction:ReactsWith,reactome:SmallMolecule3824
reactome:SmallMolecule1027,abstraction:ReactsWith,reactome:SmallMolecule880
reactome:SmallMolecule1062,abstraction:ReactsWith,reactome:SmallMolecule869
reactome:SmallMolecule633,abstraction:ReactsWith,reactome:SmallMolecule632
reactome:SmallMolecule115,abstraction:ReactsWith,reactome:SmallMolecule105
reactome:SmallMolecule3623,abstraction:ReactsWith,reactome:SmallMolecule619
reactome:SmallMolecule2188,abstraction:ReactsWith,reactome:SmallMolecule622
reactome:SmallMolecule698,abstraction:ReactsWith,reactome:SmallMolecule99
reactome:SmallMolecule1196,abstraction:ReactsWith,reactome:SmallMolecule1227
reactome:SmallMolecule5027,abstraction:ReactsWith,reactome:SmallMolecule127
reactome:SmallMolecule1868,abstraction:ReactsWith,reactome:SmallMolecule2
reactome:SmallMolecule4547,abstraction:ReactsWith,reactome:SmallMolecule591
reactome:SmallMolecule1759,abstraction:ReactsWith,reactome:SmallMolecule3
reactome:SmallMolecule1137,abstraction:ReactsWith,reactome:SmallMolecule1836
reactome:SmallMolecule633,abstraction:ReactsWith,reactome:SmallMolecule1879
reactome:SmallMolecule271,abstraction:ReactsWith,reactome:SmallMolecule619
reactome:SmallMolecule876,abstraction:ReactsWith,reactome:SmallMolecule900
reactome:SmallMolecule33,abstraction:ReactsWith,reactome:SmallMolecule2269
reactome:SmallMolecule2782,abstraction:ReactsWith,reactome:SmallMolecule378
reactome:SmallMolecule157,abstraction:ReactsWith,reactome:SmallMolecule3013
reactome:SmallMolecule2592,abstraction:ReactsWith,reactome:SmallMolecule99
reactome:SmallMolecule591,abstraction:ReactsWith,reactome:SmallMolecule1235
reactome:SmallMolecule1339,abstraction:ReactsWith,reactome:SmallMolecule1338
reactome:SmallMolecule4580,abstraction:ReactsWith,reactome:SmallMolecule4579
reactome:SmallMolecule377,abstraction:ReactsWith,reactome:SmallMolecule2282
reactome:SmallMolecule1571,abstraction:ReactsWith,reactome:SmallMolecule1572
reactome:SmallMolecule2952,abstraction:ReactsWith,reactome:SmallMolecule3
reactome:SmallMolecule3,abstraction:ReactsWith,reactome:SmallMolecule1742
reactome:SmallMolecule2785,abstraction:ReactsWith,reactome:SmallMolecule377
reactome:SmallMolecule33,abstraction:ReactsWith,reactome:SmallMolecule432
reactome:SmallMolecule1268,abstraction:ReactsWith,reactome:SmallMolecule3094
reactome:SmallMolecule1306,abstraction:ReactsWith,reactome:SmallMolecule1422
reactome:SmallMolecule2270,abstraction:ReactsWith,reactome:SmallMolecule2517
reactome:SmallMolecule554,abstraction:ReactsWith,reactome:SmallMolecule1926
reactome:SmallMolecule3,abstraction:ReactsWith,reactome:SmallMolecule1613
reactome:SmallMolecule953,abstraction:ReactsWith,reactome:SmallMolecule770
reactome:SmallMolecule2,abstraction:ReactsWith,reactome:SmallMolecule350
reactome:SmallMolecule3179,abstraction:ReactsWith,reactome:SmallMolecule3178
reactome:SmallMolecule3,abstraction:ReactsWith,reactome:SmallMolecule1463
reactome:SmallMolecule99,abstraction:ReactsWith,reactome:SmallMolecule1818
reactome:SmallMolecule911,abstraction:ReactsWith,reactome:SmallMolecule361
reactome:SmallMolecule99,abstraction:ReactsWith,reactome:SmallMolecule3465
reactome:SmallMolecule1268,abstraction:ReactsWith,reactome:SmallMolecule3080
reactome:SmallMolecule770,abstraction:ReactsWith,reactome:SmallMolecule952
reactome:SmallMolecule306,abstraction:ReactsWith,reactome:SmallMolecule2832
reactome:SmallMolecule99,abstraction:ReactsWith,reactome:SmallMolecule537
reactome:SmallMolecule3016,abstraction:ReactsWith,reactome:SmallMolecule3013
reactome:SmallMolecule2250,abstraction:ReactsWith,reactome:SmallMolecule442
reactome:SmallMolecule99,abstraction:ReactsWith,reactome:SmallMolecule2037
reactome:SmallMolecule591,abstraction:ReactsWith,reactome:SmallMolecule4347
reactome:SmallMolecule1343,abstraction:ReactsWith,reactome:SmallMolecule34
reactome:SmallMolecule3546,abstraction:ReactsWith,reactome:SmallMolecule3637
reactome:SmallMolecule306,abstraction:ReactsWith,reactome:SmallMolecule5190
reactome:SmallMolecule1305,abstraction:ReactsWith,reactome:SmallMolecule1306
reactome:SmallMolecule342,abstraction:ReactsWith,reactome:SmallMolecule101
reactome:SmallMolecule4424,abstraction:ReactsWith,reactome:SmallMolecule710
reactome:SmallMolecule2983,abstraction:ReactsWith,reactome:SmallMolecule3003
reactome:SmallMolecule34,abstraction:ReactsWith,reactome:SmallMolecule3523
reactome:SmallMolecule1178,abstraction:ReactsWith,reactome:SmallMolecule3132
reactome:SmallMolecule1343,abstraction:ReactsWith,reactome:SmallMolecule2664
reactome:SmallMolecule3211,abstraction:ReactsWith,reactome:SmallMolecule554
reactome:SmallMolecule2772,abstraction:ReactsWith,reactome:SmallMolecule99
reactome:SmallMolecule3,abstraction:ReactsWith,reactome:SmallMolecule2917
reactome:SmallMolecule3136,abstraction:ReactsWith,reactome:SmallMolecule1268
reactome:SmallMolecule2250,abstraction:ReactsWith,reactome:SmallMolecule2
reactome:SmallMolecule2256,abstraction:ReactsWith,reactome:SmallMolecule3042
reactome:SmallMolecule591,abstraction:ReactsWith,reactome:SmallMolecule2528
reactome:SmallMolecule730,abstraction:ReactsWith,reactome:SmallMolecule731
reactome:SmallMolecule899,abstraction:ReactsWith,reactome:SmallMolecule2
reactome:SmallMolecule2574,abstraction:ReactsWith,reactome:SmallMolecule3
reactome:SmallMolecule591,abstraction:ReactsWith,reactome:SmallMolecule2316
reactome:SmallMolecule633,abstraction:ReactsWith,reactome:SmallMolecule306
reactome:SmallMolecule619,abstraction:ReactsWith,reactome:SmallMolecule1948
reactome:SmallMolecule220,abstraction:ReactsWith,reactome:SmallMolecule3383
reactome:SmallMolecule99,abstraction:ReactsWith,reactome:SmallMolecule2669
reactome:SmallMolecule4534,abstraction:ReactsWith,reactome:SmallMolecule4535
reactome:SmallMolecule1361,abstraction:ReactsWith,reactome:SmallMolecule1339
reactome:SmallMolecule618,abstraction:ReactsWith,reactome:SmallMolecule3300
reactome:SmallMolecule1339,abstraction:ReactsWith,reactome:SmallMolecule2805
reactome:SmallMolecule1343,abstraction:ReactsWith,reactome:SmallMolecule1359
reactome:SmallMolecule2778,abstraction:ReactsWith,reactome:SmallMolecule33
reactome:SmallMolecule4544,abstraction:ReactsWith,reactome:SmallMolecule2
reactome:SmallMolecule1670,abstraction:ReactsWith,reactome:SmallMolecule591
reactome:SmallMolecule1836,abstraction:ReactsWith,reactome:SmallMolecule1137
reactome:SmallMolecule2395,abstraction:ReactsWith,reactome:SmallMolecule34
reactome:SmallMolecule618,abstraction:ReactsWith,reactome:SmallMolecule1971
reactome:SmallMolecule407,abstraction:ReactsWith,reactome:SmallMolecule337
reactome:SmallMolecule3,abstraction:ReactsWith,reactome:SmallMolecule2863
reactome:SmallMolecule3247,abstraction:ReactsWith,reactome:SmallMolecule638
reactome:SmallMolecule3,abstraction:ReactsWith,reactome:SmallMolecule3386
reactome:SmallMolecule3134,abstraction:ReactsWith,reactome:SmallMolecule1268
reactome:SmallMolecule1291,abstraction:ReactsWith,reactome:SmallMolecule1178
reactome:SmallMolecule3199,abstraction:ReactsWith,reactome:SmallMolecule564
reactome:SmallMolecule1350,abstraction:ReactsWith,reactome:SmallMolecule33
reactome:SmallMolecule3492,abstraction:ReactsWith,reactome:SmallMolecule622
reactome:SmallMolecule1788,abstraction:ReactsWith,reactome:SmallMolecule619
reactome:SmallMolecule1196,abstraction:ReactsWith,reactome:SmallMolecule1220
reactome:SmallMolecule3176,abstraction:ReactsWith,reactome:SmallMolecule709
reactome:SmallMolecule1406,abstraction:ReactsWith,reactome:SmallMolecule1405
reactome:SmallMolecule3020,abstraction:ReactsWith,reactome:SmallMolecule220
reactome:SmallMolecule99,abstraction:ReactsWith,reactome:SmallMolecule375
reactome:SmallMolecule2322,abstraction:ReactsWith,reactome:SmallMolecule710
reactome:SmallMolecule1538,abstraction:ReactsWith,reactome:SmallMolecule780
reactome:SmallMolecule1289,abstraction:ReactsWith,reactome:SmallMolecule1288
reactome:SmallMolecule1459,abstraction:ReactsWith,reactome:SmallMolecule1460
reactome:SmallMolecule220,abstraction:ReactsWith,reactome:SmallMolecule5215
reactome:SmallMolecule539,abstraction:ReactsWith,reactome:SmallMolecule540
reactome:SmallMolecule1987,abstraction:ReactsWith,reactome:SmallMolecule1983
reactome:SmallMolecule1795,abstraction:ReactsWith,reactome:SmallMolecule99
reactome:SmallMolecule102,abstraction:ReactsWith,reactome:SmallMolecule98
reactome:SmallMolecule1534,abstraction:ReactsWith,reactome:SmallMolecule3
reactome:SmallMolecule537,abstraction:ReactsWith,reactome:SmallMolecule875
reactome:SmallMolecule1656,abstraction:ReactsWith,reactome:SmallMolecule1671
reactome:SmallMolecule551,abstraction:ReactsWith,reactome:SmallMolecule3544
reactome:SmallMolecule3125,abstraction:ReactsWith,reactome:SmallMolecule619
reactome:SmallMolecule1108,abstraction:ReactsWith,reactome:SmallMolecule743
reactome:SmallMolecule32,abstraction:ReactsWith,reactome:SmallMolecule34
reactome:SmallMolecule591,abstraction:ReactsWith,reactome:SmallMolecule3400
reactome:SmallMolecule3298,abstraction:ReactsWith,reactome:SmallMolecule618
reactome:SmallMolecule98,abstraction:ReactsWith,reactome:SmallMolecule102
reactome:SmallMolecule2389,abstraction:ReactsWith,reactome:SmallMolecule2
reactome:SmallMolecule378,abstraction:ReactsWith,reactome:SmallMolecule855
reactome:SmallMolecule2,abstraction:ReactsWith,reactome:SmallMolecule7
reactome:SmallMolecule3,abstraction:ReactsWith,reactome:SmallMolecule846
reactome:SmallMolecule676,abstraction:ReactsWith,reactome:SmallMolecule99
reactome:SmallMolecule992,abstraction:ReactsWith,reactome:SmallMolecule988
reactome:SmallMolecule3,abstraction:ReactsWith,reactome:SmallMolecule535
reactome:SmallMolecule622,abstraction:ReactsWith,reactome:SmallMolecule1933
reactome:SmallMolecule1186,abstraction:ReactsWith,reactome:SmallMolecule638
reactome:SmallMolecule1638,abstraction:ReactsWith,reactome:SmallMolecule3
reactome:SmallMolecule3321,abstraction:ReactsWith,reactome:SmallMolecule3
reactome:SmallMolecule633,abstraction:ReactsWith,reactome:SmallMolecule1880
reactome:SmallMolecule26,abstraction:ReactsWith,reactome:SmallMolecule3
reactome:SmallMolecule1135,abstraction:ReactsWith,reactome:SmallMolecule1931
reactome:SmallMolecule1838,abstraction:ReactsWith,reactome:SmallMolecule377
reactome:SmallMolecule1227,abstraction:ReactsWith,reactome:SmallMolecule1196
reactome:SmallMolecule102,abstraction:ReactsWith,reactome:SmallMolecule476
reactome:SmallMolecule3267,abstraction:ReactsWith,reactome:SmallMolecule3
reactome:SmallMolecule2127,abstraction:ReactsWith,reactome:SmallMolecule3
reactome:SmallMolecule1339,abstraction:ReactsWith,reactome:SmallMolecule2804
reactome:SmallMolecule220,abstraction:ReactsWith,reactome:SmallMolecule3251
reactome:SmallMolecule2,abstraction:ReactsWith,reactome:SmallMolecule442
reactome:SmallMolecule632,abstraction:ReactsWith,reactome:SmallMolecule633
reactome:SmallMolecule477,abstraction:ReactsWith,reactome:SmallMolecule618
reactome:SmallMolecule2804,abstraction:ReactsWith,reactome:SmallMolecule1339
reactome:SmallMolecule3,abstraction:ReactsWith,reactome:SmallMolecule2127
reactome:SmallMolecule6,abstraction:ReactsWith,reactome:SmallMolecule2390
reactome:SmallMolecule1303,abstraction:ReactsWith,reactome:SmallMolecule1457
reactome:SmallMolecule1412,abstraction:ReactsWith,reactome:SmallMolecule2763
reactome:SmallMolecule220,abstraction:ReactsWith,reactome:SmallMolecule3259
reactome:SmallMolecule619,abstraction:ReactsWith,reactome:SmallMolecule4606
reactome:SmallMolecule770,abstraction:ReactsWith,reactome:SmallMolecule947
reactome:SmallMolecule1617,abstraction:ReactsWith,reactome:SmallMolecule3
reactome:SmallMolecule3225,abstraction:ReactsWith,reactome:SmallMolecule554
reactome:SmallMolecule44,abstraction:ReactsWith,reactome:SmallMolecule322
reactome:SmallMolecule4640,abstraction:ReactsWith,reactome:SmallMolecule3
reactome:SmallMolecule3033,abstraction:ReactsWith,reactome:SmallMolecule683
reactome:SmallMolecule1299,abstraction:ReactsWith,reactome:SmallMolecule1402
reactome:SmallMolecule4,abstraction:ReactsWith,reactome:SmallMolecule101
reactome:SmallMolecule34,abstraction:ReactsWith,reactome:SmallMolecule1111
reactome:SmallMolecule1135,abstraction:ReactsWith,reactome:SmallMolecule377
reactome:SmallMolecule306,abstraction:ReactsWith,reactome:SmallMolecule2794
reactome:SmallMolecule3560,abstraction:ReactsWith,reactome:SmallMolecule619
reactome:SmallMolecule2402,abstraction:ReactsWith,reactome:SmallMolecule2403
reactome:SmallMolecule3691,abstraction:ReactsWith,reactome:SmallMolecule3701
reactome:SmallMolecule1178,abstraction:ReactsWith,reactome:SmallMolecule3068
reactome:SmallMolecule3,abstraction:ReactsWith,reactome:SmallMolecule2619
reactome:SmallMolecule3626,abstraction:ReactsWith,reactome:SmallMolecule99
reactome:SmallMolecule710,abstraction:ReactsWith,reactome:SmallMolecule1826
reactome:SmallMolecule1567,abstraction:ReactsWith,reactome:SmallMolecule591
reactome:SmallMolecule178,abstraction:ReactsWith,reactome:SmallMolecule537
reactome:SmallMolecule618,abstraction:ReactsWith,reactome:SmallMolecule1870
reactome:SmallMolecule1268,abstraction:ReactsWith,reactome:SmallMolecule3132
reactome:SmallMolecule1605,abstraction:ReactsWith,reactome:SmallMolecule3
reactome:SmallMolecule140,abstraction:ReactsWith,reactome:SmallMolecule150
reactome:SmallMolecule2923,abstraction:ReactsWith,reactome:SmallMolecule1196
reactome:SmallMolecule2326,abstraction:ReactsWith,reactome:SmallMolecule2
reactome:SmallMolecule1793,abstraction:ReactsWith,reactome:SmallMolecule619
reactome:SmallMolecule1385,abstraction:ReactsWith,reactome:SmallMolecule1585
reactome:SmallMolecule7,abstraction:ReactsWith,reactome:SmallMolecule2
reactome:SmallMolecule100,abstraction:ReactsWith,reactome:SmallMolecule157
reactome:SmallMolecule1115,abstraction:ReactsWith,reactome:SmallMolecule99
reactome:SmallMolecule2856,abstraction:ReactsWith,reactome:SmallMolecule271
reactome:SmallMolecule43,abstraction:ReactsWith,reactome:SmallMolecule2
reactome:SmallMolecule858,abstraction:ReactsWith,reactome:SmallMolecule375
reactome:SmallMolecule370,abstraction:ReactsWith,reactome:SmallMolecule375
reactome:SmallMolecule1535,abstraction:ReactsWith,reactome:SmallMolecule5187
reactome:SmallMolecule3104,abstraction:ReactsWith,reactome:SmallMolecule1268
reactome:SmallMolecule3546,abstraction:ReactsWith,reactome:SmallMolecule3550
reactome:SmallMolecule633,abstraction:ReactsWith,reactome:SmallMolecule2895
reactome:SmallMolecule438,abstraction:ReactsWith,reactome:SmallMolecule98
reactome:SmallMolecule2669,abstraction:ReactsWith,reactome:SmallMolecule3
reactome:SmallMolecule1034,abstraction:ReactsWith,reactome:SmallMolecule880
reactome:SmallMolecule2252,abstraction:ReactsWith,reactome:SmallMolecule3
reactome:SmallMolecule478,abstraction:ReactsWith,reactome:SmallMolecule100
reactome:SmallMolecule618,abstraction:ReactsWith,reactome:SmallMolecule193
reactome:SmallMolecule1351,abstraction:ReactsWith,reactome:SmallMolecule1343
reactome:SmallMolecule99,abstraction:ReactsWith,reactome:SmallMolecule1941
reactome:SmallMolecule121,abstraction:ReactsWith,reactome:SmallMolecule2
reactome:SmallMolecule3142,abstraction:ReactsWith,reactome:SmallMolecule618
reactome:SmallMolecule1798,abstraction:ReactsWith,reactome:SmallMolecule1797
reactome:SmallMolecule33,abstraction:ReactsWith,reactome:SmallMolecule2746
reactome:SmallMolecule3458,abstraction:ReactsWith,reactome:SmallMolecule2
reactome:SmallMolecule638,abstraction:ReactsWith,reactome:SmallMolecule3085
reactome:SmallMolecule102,abstraction:ReactsWith,reactome:SmallMolecule307
reactome:SmallMolecule853,abstraction:ReactsWith,reactome:SmallMolecule1344
reactome:SmallMolecule2019,abstraction:ReactsWith,reactome:SmallMolecule710
reactome:SmallMolecule709,abstraction:ReactsWith,reactome:SmallMolecule291
reactome:SmallMolecule407,abstraction:ReactsWith,reactome:SmallMolecule101
reactome:SmallMolecule101,abstraction:ReactsWith,reactome:SmallMolecule357
reactome:SmallMolecule2356,abstraction:ReactsWith,reactome:SmallMolecule99
reactome:SmallMolecule1967,abstraction:ReactsWith,reactome:SmallMolecule619
reactome:SmallMolecule638,abstraction:ReactsWith,reactome:SmallMolecule1186
reactome:SmallMolecule1003,abstraction:ReactsWith,reactome:SmallMolecule561
reactome:SmallMolecule1986,abstraction:ReactsWith,reactome:SmallMolecule1985
reactome:SmallMolecule1833,abstraction:ReactsWith,reactome:SmallMolecule1135
reactome:SmallMolecule4427,abstraction:ReactsWith,reactome:SmallMolecule3
reactome:SmallMolecule5105,abstraction:ReactsWith,reactome:SmallMolecule3539
reactome:SmallMolecule33,abstraction:ReactsWith,reactome:SmallMolecule2823
reactome:SmallMolecule3,abstraction:ReactsWith,reactome:SmallMolecule2604
reactome:SmallMolecule1879,abstraction:ReactsWith,reactome:SmallMolecule377
reactome:SmallMolecule30,abstraction:ReactsWith,reactome:SmallMolecule2
reactome:SmallMolecule1135,abstraction:ReactsWith,reactome:SmallMolecule1833
reactome:SmallMolecule1945,abstraction:ReactsWith,reactome:SmallMolecule1135
reactome:SmallMolecule983,abstraction:ReactsWith,reactome:SmallMolecule550
reactome:SmallMolecule2677,abstraction:ReactsWith,reactome:SmallMolecule3
reactome:SmallMolecule3,abstraction:ReactsWith,reactome:SmallMolecule3448
reactome:SmallMolecule34,abstraction:ReactsWith,reactome:SmallMolecule1340
reactome:SmallMolecule1175,abstraction:ReactsWith,reactome:SmallMolecule618
reactome:SmallMolecule618,abstraction:ReactsWith,reactome:SmallMolecule619
reactome:SmallMolecule371,abstraction:ReactsWith,reactome:SmallMolecule370
reactome:SmallMolecule2,abstraction:ReactsWith,reactome:SmallMolecule500
reactome:SmallMolecule2597,abstraction:ReactsWith,reactome:SmallMolecule2
reactome:SmallMolecule2390,abstraction:ReactsWith,reactome:SmallMolecule6
reactome:SmallMolecule1615,abstraction:ReactsWith,reactome:SmallMolecule3
reactome:SmallMolecule1810,abstraction:ReactsWith,reactome:SmallMolecule619
reactome:SmallMolecule100,abstraction:ReactsWith,reactome:SmallMolecule319
reactome:SmallMolecule3,abstraction:ReactsWith,reactome:SmallMolecule2356
reactome:SmallMolecule2898,abstraction:ReactsWith,reactome:SmallMolecule3
reactome:SmallMolecule537,abstraction:ReactsWith,reactome:SmallMolecule178
reactome:SmallMolecule916,abstraction:ReactsWith,reactome:SmallMolecule102
reactome:SmallMolecule3,abstraction:ReactsWith,reactome:SmallMolecule3302
reactome:SmallMolecule2,abstraction:ReactsWith,reactome:SmallMolecule43
reactome:SmallMolecule5036,abstraction:ReactsWith,reactome:SmallMolecule5035
reactome:SmallMolecule3,abstraction:ReactsWith,reactome:SmallMolecule3456
reactome:SmallMolecule618,abstraction:ReactsWith,reactome:SmallMolecule2014
reactome:SmallMolecule2,abstraction:ReactsWith,reactome:SmallMolecule192
reactome:SmallMolecule3385,abstraction:ReactsWith,reactome:SmallMolecule2
reactome:SmallMolecule2494,abstraction:ReactsWith,reactome:SmallMolecule3
reactome:SmallMolecule3192,abstraction:ReactsWith,reactome:SmallMolecule564
reactome:SmallMolecule1443,abstraction:ReactsWith,reactome:SmallMolecule1422
reactome:SmallMolecule100,abstraction:ReactsWith,reactome:SmallMolecule508
reactome:SmallMolecule99,abstraction:ReactsWith,reactome:SmallMolecule2520
reactome:SmallMolecule53,abstraction:ReactsWith,reactome:SmallMolecule619
reactome:SmallMolecule299,abstraction:ReactsWith,reactome:SmallMolecule448
reactome:SmallMolecule2847,abstraction:ReactsWith,reactome:SmallMolecule2926
reactome:SmallMolecule660,abstraction:ReactsWith,reactome:SmallMolecule2
reactome:SmallMolecule638,abstraction:ReactsWith,reactome:SmallMolecule3072
reactome:SmallMolecule4420,abstraction:ReactsWith,reactome:SmallMolecule4419
reactome:SmallMolecule2960,abstraction:ReactsWith,reactome:SmallMolecule3
reactome:SmallMolecule1759,abstraction:ReactsWith,reactome:SmallMolecule710
reactome:SmallMolecule1943,abstraction:ReactsWith,reactome:SmallMolecule633
reactome:SmallMolecule1346,abstraction:ReactsWith,reactome:SmallMolecule1339
reactome:SmallMolecule709,abstraction:ReactsWith,reactome:SmallMolecule858
reactome:SmallMolecule869,abstraction:ReactsWith,reactome:SmallMolecule3268
reactome:SmallMolecule633,abstraction:ReactsWith,reactome:SmallMolecule1944
reactome:SmallMolecule1294,abstraction:ReactsWith,reactome:SmallMolecule1178
reactome:SmallMolecule2,abstraction:ReactsWith,reactome:SmallMolecule99
reactome:SmallMolecule3,abstraction:ReactsWith,reactome:SmallMolecule514
reactome:SmallMolecule99,abstraction:ReactsWith,reactome:SmallMolecule1973
reactome:SmallMolecule2,abstraction:ReactsWith,reactome:SmallMolecule288
reactome:SmallMolecule2,abstraction:ReactsWith,reactome:SmallMolecule3048
reactome:SmallMolecule124,abstraction:ReactsWith,reactome:SmallMolecule127
reactome:SmallMolecule3814,abstraction:ReactsWith,reactome:SmallMolecule220
reactome:SmallMolecule1777,abstraction:ReactsWith,reactome:SmallMolecule2
reactome:SmallMolecule3092,abstraction:ReactsWith,reactome:SmallMolecule1178
reactome:SmallMolecule956,abstraction:ReactsWith,reactome:SmallMolecule770
reactome:SmallMolecule3094,abstraction:ReactsWith,reactome:SmallMolecule1178
reactome:SmallMolecule2952,abstraction:ReactsWith,reactome:SmallMolecule710
reactome:SmallMolecule42,abstraction:ReactsWith,reactome:SmallMolecule591
reactome:SmallMolecule1268,abstraction:ReactsWith,reactome:SmallMolecule3068
reactome:SmallMolecule3032,abstraction:ReactsWith,reactome:SmallMolecule683
reactome:SmallMolecule3577,abstraction:ReactsWith,reactome:SmallMolecule3640
reactome:SmallMolecule34,abstraction:ReactsWith,reactome:SmallMolecule432
reactome:SmallMolecule516,abstraction:ReactsWith,reactome:SmallMolecule99
reactome:SmallMolecule3,abstraction:ReactsWith,reactome:SmallMolecule1505
reactome:SmallMolecule4611,abstraction:ReactsWith,reactome:SmallMolecule610
reactome:SmallMolecule3347,abstraction:ReactsWith,reactome:SmallMolecule3353
reactome:SmallMolecule3,abstraction:ReactsWith,reactome:SmallMolecule30
reactome:SmallMolecule770,abstraction:ReactsWith,reactome:SmallMolecule956
reactome:SmallMolecule1284,abstraction:ReactsWith,reactome:SmallMolecule1283
reactome:SmallMolecule7,abstraction:ReactsWith,reactome:SmallMolecule99
reactome:SmallMolecule513,abstraction:ReactsWith,reactome:SmallMolecule2435
reactome:SmallMolecule1042,abstraction:ReactsWith,reactome:SmallMolecule2
reactome:SmallMolecule619,abstraction:ReactsWith,reactome:SmallMolecule851
reactome:SmallMolecule535,abstraction:ReactsWith,reactome:SmallMolecule2322
reactome:SmallMolecule43,abstraction:ReactsWith,reactome:SmallMolecule99
reactome:SmallMolecule2,abstraction:ReactsWith,reactome:SmallMolecule2328
reactome:SmallMolecule1338,abstraction:ReactsWith,reactome:SmallMolecule1339
reactome:SmallMolecule880,abstraction:ReactsWith,reactome:SmallMolecule1036
reactome:SmallMolecule3,abstraction:ReactsWith,reactome:SmallMolecule1045
reactome:SmallMolecule3,abstraction:ReactsWith,reactome:SmallMolecule304
reactome:SmallMolecule2432,abstraction:ReactsWith,reactome:SmallMolecule3
reactome:SmallMolecule306,abstraction:ReactsWith,reactome:SmallMolecule2517
reactome:SmallMolecule3841,abstraction:ReactsWith,reactome:SmallMolecule3
reactome:SmallMolecule591,abstraction:ReactsWith,reactome:SmallMolecule733
reactome:SmallMolecule3,abstraction:ReactsWith,reactome:SmallMolecule1512
reactome:SmallMolecule110,abstraction:ReactsWith,reactome:SmallMolecule97
reactome:SmallMolecule710,abstraction:ReactsWith,reactome:SmallMolecule1805
reactome:SmallMolecule618,abstraction:ReactsWith,reactome:SmallMolecule1075
reactome:SmallMolecule1431,abstraction:ReactsWith,reactome:SmallMolecule1432
reactome:SmallMolecule2,abstraction:ReactsWith,reactome:SmallMolecule2330
reactome:SmallMolecule944,abstraction:ReactsWith,reactome:SmallMolecule537
reactome:SmallMolecule3043,abstraction:ReactsWith,reactome:SmallMolecule3055
reactome:SmallMolecule591,abstraction:ReactsWith,reactome:SmallMolecule4351
reactome:SmallMolecule3,abstraction:ReactsWith,reactome:SmallMolecule3169
reactome:SmallMolecule3,abstraction:ReactsWith,reactome:SmallMolecule1606
reactome:SmallMolecule2797,abstraction:ReactsWith,reactome:SmallMolecule34
reactome:SmallMolecule3359,abstraction:ReactsWith,reactome:SmallMolecule3360
reactome:SmallMolecule100,abstraction:ReactsWith,reactome:SmallMolecule161
reactome:SmallMolecule34,abstraction:ReactsWith,reactome:SmallMolecule2401
reactome:SmallMolecule3117,abstraction:ReactsWith,reactome:SmallMolecule1178
reactome:SmallMolecule1299,abstraction:ReactsWith,reactome:SmallMolecule2930
reactome:SmallMolecule3630,abstraction:ReactsWith,reactome:SmallMolecule569
reactome:SmallMolecule1070,abstraction:ReactsWith,reactome:SmallMolecule3
reactome:SmallMolecule2787,abstraction:ReactsWith,reactome:SmallMolecule34
reactome:SmallMolecule2266,abstraction:ReactsWith,reactome:SmallMolecule2267
reactome:SmallMolecule3,abstraction:ReactsWith,reactome:SmallMolecule4941
reactome:SmallMolecule3639,abstraction:ReactsWith,reactome:SmallMolecule3577
reactome:SmallMolecule2777,abstraction:ReactsWith,reactome:SmallMolecule3
reactome:SmallMolecule2949,abstraction:ReactsWith,reactome:SmallMolecule306
reactome:SmallMolecule2,abstraction:ReactsWith,reactome:SmallMolecule46
reactome:SmallMolecule2,abstraction:ReactsWith,reactome:SmallMolecule455
reactome:SmallMolecule2,abstraction:ReactsWith,reactome:SmallMolecule2595
reactome:SmallMolecule543,abstraction:ReactsWith,reactome:SmallMolecule566
reactome:SmallMolecule375,abstraction:ReactsWith,reactome:SmallMolecule370
reactome:SmallMolecule682,abstraction:ReactsWith,reactome:SmallMolecule726
reactome:SmallMolecule1734,abstraction:ReactsWith,reactome:SmallMolecule770
reactome:SmallMolecule1499,abstraction:ReactsWith,reactome:SmallMolecule1503
reactome:SmallMolecule1385,abstraction:ReactsWith,reactome:SmallMolecule1581
reactome:SmallMolecule1299,abstraction:ReactsWith,reactome:SmallMolecule1306
reactome:SmallMolecule554,abstraction:ReactsWith,reactome:SmallMolecule7
reactome:SmallMolecule1276,abstraction:ReactsWith,reactome:SmallMolecule3
reactome:SmallMolecule2,abstraction:ReactsWith,reactome:SmallMolecule885
reactome:SmallMolecule3,abstraction:ReactsWith,reactome:SmallMolecule1547
reactome:SmallMolecule731,abstraction:ReactsWith,reactome:SmallMolecule732
reactome:SmallMolecule1067,abstraction:ReactsWith,reactome:SmallMolecule3
reactome:SmallMolecule618,abstraction:ReactsWith,reactome:SmallMolecule2043
reactome:SmallMolecule2763,abstraction:ReactsWith,reactome:SmallMolecule1412
reactome:SmallMolecule2267,abstraction:ReactsWith,reactome:SmallMolecule3284
reactome:SmallMolecule99,abstraction:ReactsWith,reactome:SmallMolecule2249
reactome:SmallMolecule454,abstraction:ReactsWith,reactome:SmallMolecule100
reactome:SmallMolecule99,abstraction:ReactsWith,reactome:SmallMolecule1807
reactome:SmallMolecule2405,abstraction:ReactsWith,reactome:SmallMolecule2403
reactome:SmallMolecule2338,abstraction:ReactsWith,reactome:SmallMolecule3
reactome:SmallMolecule3,abstraction:ReactsWith,reactome:SmallMolecule1555
reactome:SmallMolecule2,abstraction:ReactsWith,reactome:SmallMolecule3427
reactome:SmallMolecule1856,abstraction:ReactsWith,reactome:SmallMolecule1858
reactome:SmallMolecule99,abstraction:ReactsWith,reactome:SmallMolecule220
reactome:SmallMolecule2282,abstraction:ReactsWith,reactome:SmallMolecule2342
reactome:SmallMolecule3398,abstraction:ReactsWith,reactome:SmallMolecule2
reactome:SmallMolecule619,abstraction:ReactsWith,reactome:SmallMolecule1795
reactome:SmallMolecule591,abstraction:ReactsWith,reactome:SmallMolecule3309
reactome:SmallMolecule3465,abstraction:ReactsWith,reactome:SmallMolecule618
reactome:SmallMolecule1806,abstraction:ReactsWith,reactome:SmallMolecule619
reactome:SmallMolecule709,abstraction:ReactsWith,reactome:SmallMolecule3526
reactome:SmallMolecule3264,abstraction:ReactsWith,reactome:SmallMolecule325
reactome:SmallMolecule3,abstraction:ReactsWith,reactome:SmallMolecule1753
reactome:SmallMolecule1512,abstraction:ReactsWith,reactome:SmallMolecule3
reactome:SmallMolecule591,abstraction:ReactsWith,reactome:SmallMolecule1582
reactome:SmallMolecule2,abstraction:ReactsWith,reactome:SmallMolecule2597
reactome:SmallMolecule3003,abstraction:ReactsWith,reactome:SmallMolecule2983
reactome:SmallMolecule3577,abstraction:ReactsWith,reactome:SmallMolecule3639
reactome:SmallMolecule1586,abstraction:ReactsWith,reactome:SmallMolecule1585
reactome:SmallMolecule710,abstraction:ReactsWith,reactome:SmallMolecule862
reactome:SmallMolecule739,abstraction:ReactsWith,reactome:SmallMolecule738
reactome:SmallMolecule3,abstraction:ReactsWith,reactome:SmallMolecule3156
reactome:SmallMolecule1640,abstraction:ReactsWith,reactome:SmallMolecule1639
reactome:SmallMolecule2807,abstraction:ReactsWith,reactome:SmallMolecule33
reactome:SmallMolecule1807,abstraction:ReactsWith,reactome:SmallMolecule619
reactome:SmallMolecule2,abstraction:ReactsWith,reactome:SmallMolecule4622
reactome:SmallMolecule846,abstraction:ReactsWith,reactome:SmallMolecule3573
reactome:SmallMolecule3,abstraction:ReactsWith,reactome:SmallMolecule5349
reactome:SmallMolecule663,abstraction:ReactsWith,reactome:SmallMolecule3
reactome:SmallMolecule554,abstraction:ReactsWith,reactome:SmallMolecule1895
reactome:SmallMolecule3331,abstraction:ReactsWith,reactome:SmallMolecule3330
reactome:SmallMolecule743,abstraction:ReactsWith,reactome:SmallMolecule288
reactome:SmallMolecule1882,abstraction:ReactsWith,reactome:SmallMolecule377
reactome:SmallMolecule361,abstraction:ReactsWith,reactome:SmallMolecule3385
reactome:SmallMolecule2780,abstraction:ReactsWith,reactome:SmallMolecule34
reactome:SmallMolecule455,abstraction:ReactsWith,reactome:SmallMolecule619
reactome:SmallMolecule100,abstraction:ReactsWith,reactome:SmallMolecule502
reactome:SmallMolecule366,abstraction:ReactsWith,reactome:SmallMolecule102
reactome:SmallMolecule619,abstraction:ReactsWith,reactome:SmallMolecule1477
reactome:SmallMolecule710,abstraction:ReactsWith,reactome:SmallMolecule566
reactome:SmallMolecule1314,abstraction:ReactsWith,reactome:SmallMolecule1289
reactome:SmallMolecule1634,abstraction:ReactsWith,reactome:SmallMolecule2
reactome:SmallMolecule99,abstraction:ReactsWith,reactome:SmallMolecule971
reactome:SmallMolecule619,abstraction:ReactsWith,reactome:SmallMolecule1973
reactome:SmallMolecule1426,abstraction:ReactsWith,reactome:SmallMolecule1299
reactome:SmallMolecule271,abstraction:ReactsWith,reactome:SmallMolecule618
reactome:SmallMolecule838,abstraction:ReactsWith,reactome:SmallMolecule1905
reactome:SmallMolecule3976,abstraction:ReactsWith,reactome:SmallMolecule683
reactome:SmallMolecule2916,abstraction:ReactsWith,reactome:SmallMolecule220
reactome:SmallMolecule1314,abstraction:ReactsWith,reactome:SmallMolecule1268
reactome:SmallMolecule1319,abstraction:ReactsWith,reactome:SmallMolecule1283
reactome:SmallMolecule2652,abstraction:ReactsWith,reactome:SmallMolecule99
reactome:SmallMolecule3,abstraction:ReactsWith,reactome:SmallMolecule1620
reactome:SmallMolecule683,abstraction:ReactsWith,reactome:SmallMolecule1343
reactome:SmallMolecule2,abstraction:ReactsWith,reactome:SmallMolecule2770
reactome:SmallMolecule1135,abstraction:ReactsWith,reactome:SmallMolecule1916
reactome:SmallMolecule696,abstraction:ReactsWith,reactome:SmallMolecule591
reactome:SmallMolecule3005,abstraction:ReactsWith,reactome:SmallMolecule3007
reactome:SmallMolecule1135,abstraction:ReactsWith,reactome:SmallMolecule2757
reactome:SmallMolecule1303,abstraction:ReactsWith,reactome:SmallMolecule2930
reactome:SmallMolecule2915,abstraction:ReactsWith,reactome:SmallMolecule1196
reactome:SmallMolecule2953,abstraction:ReactsWith,reactome:SmallMolecule618
reactome:SmallMolecule619,abstraction:ReactsWith,reactome:SmallMolecule1929
reactome:SmallMolecule2,abstraction:ReactsWith,reactome:SmallMolecule1108
reactome:SmallMolecule1075,abstraction:ReactsWith,reactome:SmallMolecule2
reactome:SmallMolecule561,abstraction:ReactsWith,reactome:SmallMolecule1001
reactome:SmallMolecule2923,abstraction:ReactsWith,reactome:SmallMolecule99
reactome:SmallMolecule3083,abstraction:ReactsWith,reactome:SmallMolecule3082
reactome:SmallMolecule1018,abstraction:ReactsWith,reactome:SmallMolecule109
reactome:SmallMolecule3,abstraction:ReactsWith,reactome:SmallMolecule1276
reactome:SmallMolecule1572,abstraction:ReactsWith,reactome:SmallMolecule34
reactome:SmallMolecule857,abstraction:ReactsWith,reactome:SmallMolecule2310
reactome:SmallMolecule885,abstraction:ReactsWith,reactome:SmallMolecule3
reactome:SmallMolecule1669,abstraction:ReactsWith,reactome:SmallMolecule3
reactome:SmallMolecule2132,abstraction:ReactsWith,reactome:SmallMolecule622
reactome:SmallMolecule3,abstraction:ReactsWith,reactome:SmallMolecule736
reactome:SmallMolecule1303,abstraction:ReactsWith,reactome:SmallMolecule1306
reactome:SmallMolecule2467,abstraction:ReactsWith,reactome:SmallMolecule3
reactome:SmallMolecule1343,abstraction:ReactsWith,reactome:SmallMolecule2523
reactome:SmallMolecule99,abstraction:ReactsWith,reactome:SmallMolecule3176
reactome:SmallMolecule1491,abstraction:ReactsWith,reactome:SmallMolecule33
reactome:SmallMolecule3258,abstraction:ReactsWith,reactome:SmallMolecule1196
reactome:SmallMolecule365,abstraction:ReactsWith,reactome:SmallMolecule591
reactome:SmallMolecule2572,abstraction:ReactsWith,reactome:SmallMolecule4534
reactome:SmallMolecule3,abstraction:ReactsWith,reactome:SmallMolecule361
reactome:SmallMolecule1109,abstraction:ReactsWith,reactome:SmallMolecule3
reactome:SmallMolecule3378,abstraction:ReactsWith,reactome:SmallMolecule220
reactome:SmallMolecule99,abstraction:ReactsWith,reactome:SmallMolecule1230
reactome:SmallMolecule550,abstraction:ReactsWith,reactome:SmallMolecule1682
reactome:SmallMolecule844,abstraction:ReactsWith,reactome:SmallMolecule680
reactome:SmallMolecule1409,abstraction:ReactsWith,reactome:SmallMolecule2826
reactome:SmallMolecule99,abstraction:ReactsWith,reactome:SmallMolecule2089
reactome:SmallMolecule3007,abstraction:ReactsWith,reactome:SmallMolecule3006
reactome:SmallMolecule774,abstraction:ReactsWith,reactome:SmallMolecule1559
reactome:SmallMolecule2795,abstraction:ReactsWith,reactome:SmallMolecule34
reactome:SmallMolecule622,abstraction:ReactsWith,reactome:SmallMolecule2132
reactome:SmallMolecule3,abstraction:ReactsWith,reactome:SmallMolecule1788
reactome:SmallMolecule619,abstraction:ReactsWith,reactome:SmallMolecule1790
reactome:SmallMolecule2,abstraction:ReactsWith,reactome:SmallMolecule2605
reactome:SmallMolecule3412,abstraction:ReactsWith,reactome:SmallMolecule3192
reactome:SmallMolecule306,abstraction:ReactsWith,reactome:SmallMolecule2784
reactome:SmallMolecule738,abstraction:ReactsWith,reactome:SmallMolecule739
reactome:SmallMolecule2643,abstraction:ReactsWith,reactome:SmallMolecule99
reactome:SmallMolecule26,abstraction:ReactsWith,reactome:SmallMolecule2
reactome:SmallMolecule3,abstraction:ReactsWith,reactome:SmallMolecule3854
reactome:SmallMolecule1460,abstraction:ReactsWith,reactome:SmallMolecule368
reactome:SmallMolecule633,abstraction:ReactsWith,reactome:SmallMolecule1838
reactome:SmallMolecule3076,abstraction:ReactsWith,reactome:SmallMolecule1268
reactome:SmallMolecule4427,abstraction:ReactsWith,reactome:SmallMolecule710
reactome:SmallMolecule3464,abstraction:ReactsWith,reactome:SmallMolecule563
reactome:SmallMolecule710,abstraction:ReactsWith,reactome:SmallMolecule279
reactome:SmallMolecule44,abstraction:ReactsWith,reactome:SmallMolecule328
reactome:SmallMolecule1587,abstraction:ReactsWith,reactome:SmallMolecule1584
reactome:SmallMolecule618,abstraction:ReactsWith,reactome:SmallMolecule194
reactome:SmallMolecule2,abstraction:ReactsWith,reactome:SmallMolecule743
reactome:SmallMolecule2,abstraction:ReactsWith,reactome:SmallMolecule101
reactome:SmallMolecule3153,abstraction:ReactsWith,reactome:SmallMolecule710
reactome:SmallMolecule1235,abstraction:ReactsWith,reactome:SmallMolecule591
reactome:SmallMolecule619,abstraction:ReactsWith,reactome:SmallMolecule1651
reactome:SmallMolecule1778,abstraction:ReactsWith,reactome:SmallMolecule1779
reactome:SmallMolecule3,abstraction:ReactsWith,reactome:SmallMolecule4427
reactome:SmallMolecule2,abstraction:ReactsWith,reactome:SmallMolecule1766
reactome:SmallMolecule100,abstraction:ReactsWith,reactome:SmallMolecule425
reactome:SmallMolecule2595,abstraction:ReactsWith,reactome:SmallMolecule2
reactome:SmallMolecule3567,abstraction:ReactsWith,reactome:SmallMolecule2
reactome:SmallMolecule554,abstraction:ReactsWith,reactome:SmallMolecule3503
reactome:SmallMolecule1342,abstraction:ReactsWith,reactome:SmallMolecule1343
reactome:SmallMolecule3,abstraction:ReactsWith,reactome:SmallMolecule2451
reactome:SmallMolecule1617,abstraction:ReactsWith,reactome:SmallMolecule2
reactome:SmallMolecule274,abstraction:ReactsWith,reactome:SmallMolecule3
reactome:SmallMolecule3,abstraction:ReactsWith,reactome:SmallMolecule2494
reactome:SmallMolecule869,abstraction:ReactsWith,reactome:SmallMolecule3401
reactome:SmallMolecule1464,abstraction:ReactsWith,reactome:SmallMolecule1467
reactome:SmallMolecule34,abstraction:ReactsWith,reactome:SmallMolecule3520
reactome:SmallMolecule710,abstraction:ReactsWith,reactome:SmallMolecule864
reactome:SmallMolecule618,abstraction:ReactsWith,reactome:SmallMolecule554
reactome:SmallMolecule99,abstraction:ReactsWith,reactome:SmallMolecule2923
reactome:SmallMolecule3325,abstraction:ReactsWith,reactome:SmallMolecule619
reactome:SmallMolecule618,abstraction:ReactsWith,reactome:SmallMolecule1827
reactome:SmallMolecule2628,abstraction:ReactsWith,reactome:SmallMolecule99
reactome:SmallMolecule3,abstraction:ReactsWith,reactome:SmallMolecule3563
reactome:SmallMolecule2,abstraction:ReactsWith,reactome:SmallMolecule2898
reactome:SmallMolecule2757,abstraction:ReactsWith,reactome:SmallMolecule633
reactome:SmallMolecule3072,abstraction:ReactsWith,reactome:SmallMolecule638
reactome:SmallMolecule3125,abstraction:ReactsWith,reactome:SmallMolecule618
reactome:SmallMolecule2,abstraction:ReactsWith,reactome:SmallMolecule2352
reactome:SmallMolecule1991,abstraction:ReactsWith,reactome:SmallMolecule710
reactome:SmallMolecule537,abstraction:ReactsWith,reactome:SmallMolecule944
reactome:SmallMolecule3263,abstraction:ReactsWith,reactome:SmallMolecule3
reactome:SmallMolecule3339,abstraction:ReactsWith,reactome:SmallMolecule3
reactome:SmallMolecule2,abstraction:ReactsWith,reactome:SmallMolecule3567
reactome:SmallMolecule1892,abstraction:ReactsWith,reactome:SmallMolecule633
reactome:SmallMolecule2856,abstraction:ReactsWith,reactome:SmallMolecule99
reactome:SmallMolecule1929,abstraction:ReactsWith,reactome:SmallMolecule618
reactome:SmallMolecule1460,abstraction:ReactsWith,reactome:SmallMolecule353
reactome:SmallMolecule1022,abstraction:ReactsWith,reactome:SmallMolecule3
reactome:SmallMolecule572,abstraction:ReactsWith,reactome:SmallMolecule365
reactome:SmallMolecule3056,abstraction:ReactsWith,reactome:SmallMolecule3057
reactome:SmallMolecule3,abstraction:ReactsWith,reactome:SmallMolecule1040
reactome:SmallMolecule591,abstraction:ReactsWith,reactome:SmallMolecule696
reactome:SmallMolecule2900,abstraction:ReactsWith,reactome:SmallMolecule2901
reactome:SmallMolecule377,abstraction:ReactsWith,reactome:SmallMolecule2831
reactome:SmallMolecule1417,abstraction:ReactsWith,reactome:SmallMolecule1303
reactome:SmallMolecule101,abstraction:ReactsWith,reactome:SmallMolecule105
reactome:SmallMolecule563,abstraction:ReactsWith,reactome:SmallMolecule3463
reactome:SmallMolecule1297,abstraction:ReactsWith,reactome:SmallMolecule3
reactome:SmallMolecule1178,abstraction:ReactsWith,reactome:SmallMolecule1268
reactome:SmallMolecule326,abstraction:ReactsWith,reactome:SmallMolecule100
reactome:SmallMolecule3415,abstraction:ReactsWith,reactome:SmallMolecule2663
reactome:SmallMolecule549,abstraction:ReactsWith,reactome:SmallMolecule805
reactome:SmallMolecule5,abstraction:ReactsWith,reactome:SmallMolecule99
reactome:SmallMolecule100,abstraction:ReactsWith,reactome:SmallMolecule43
reactome:SmallMolecule99,abstraction:ReactsWith,reactome:SmallMolecule1116
reactome:SmallMolecule2693,abstraction:ReactsWith,reactome:SmallMolecule710
reactome:SmallMolecule3158,abstraction:ReactsWith,reactome:SmallMolecule869
reactome:SmallMolecule99,abstraction:ReactsWith,reactome:SmallMolecule244
reactome:SmallMolecule185,abstraction:ReactsWith,reactome:SmallMolecule100
reactome:SmallMolecule1075,abstraction:ReactsWith,reactome:SmallMolecule99
reactome:SmallMolecule3102,abstraction:ReactsWith,reactome:SmallMolecule1268
reactome:SmallMolecule100,abstraction:ReactsWith,reactome:SmallMolecule438
reactome:SmallMolecule3,abstraction:ReactsWith,reactome:SmallMolecule2467
reactome:SmallMolecule1038,abstraction:ReactsWith,reactome:SmallMolecule1029
reactome:SmallMolecule3298,abstraction:ReactsWith,reactome:SmallMolecule619
reactome:SmallMolecule2925,abstraction:ReactsWith,reactome:SmallMolecule3
reactome:SmallMolecule99,abstraction:ReactsWith,reactome:SmallMolecule2415
reactome:SmallMolecule743,abstraction:ReactsWith,reactome:SmallMolecule1108
reactome:SmallMolecule1111,abstraction:ReactsWith,reactome:SmallMolecule3289
reactome:SmallMolecule33,abstraction:ReactsWith,reactome:SmallMolecule1501
reactome:SmallMolecule3526,abstraction:ReactsWith,reactome:SmallMolecule709
reactome:SmallMolecule2663,abstraction:ReactsWith,reactome:SmallMolecule3290
reactome:SmallMolecule2677,abstraction:ReactsWith,reactome:SmallMolecule2
reactome:SmallMolecule860,abstraction:ReactsWith,reactome:SmallMolecule1383
reactome:SmallMolecule1366,abstraction:ReactsWith,reactome:SmallMolecule34
reactome:SmallMolecule100,abstraction:ReactsWith,reactome:SmallMolecule99
reactome:SmallMolecule618,abstraction:ReactsWith,reactome:SmallMolecule1460
reactome:SmallMolecule619,abstraction:ReactsWith,reactome:SmallMolecule893
reactome:SmallMolecule2517,abstraction:ReactsWith,reactome:SmallMolecule306
reactome:SmallMolecule3551,abstraction:ReactsWith,reactome:SmallMolecule1505
reactome:SmallMolecule3,abstraction:ReactsWith,reactome:SmallMolecule1508
reactome:SmallMolecule1615,abstraction:ReactsWith,reactome:SmallMolecule2
reactome:SmallMolecule100,abstraction:ReactsWith,reactome:SmallMolecule333
reactome:SmallMolecule903,abstraction:ReactsWith,reactome:SmallMolecule867
reactome:SmallMolecule1024,abstraction:ReactsWith,reactome:SmallMolecule3
reactome:SmallMolecule867,abstraction:ReactsWith,reactome:SmallMolecule361
reactome:SmallMolecule3,abstraction:ReactsWith,reactome:SmallMolecule3263
reactome:SmallMolecule2620,abstraction:ReactsWith,reactome:SmallMolecule2
reactome:SmallMolecule1793,abstraction:ReactsWith,reactome:SmallMolecule618
reactome:SmallMolecule3,abstraction:ReactsWith,reactome:SmallMolecule3453
reactome:SmallMolecule1818,abstraction:ReactsWith,reactome:SmallMolecule618
reactome:SmallMolecule2898,abstraction:ReactsWith,reactome:SmallMolecule2
reactome:SmallMolecule2188,abstraction:ReactsWith,reactome:SmallMolecule618
reactome:SmallMolecule2990,abstraction:ReactsWith,reactome:SmallMolecule2983
reactome:SmallMolecule33,abstraction:ReactsWith,reactome:SmallMolecule1339
reactome:SmallMolecule2575,abstraction:ReactsWith,reactome:SmallMolecule100
reactome:SmallMolecule2,abstraction:ReactsWith,reactome:SmallMolecule1615
reactome:SmallMolecule3068,abstraction:ReactsWith,reactome:SmallMolecule1178
reactome:SmallMolecule99,abstraction:ReactsWith,reactome:SmallMolecule2576
reactome:SmallMolecule1880,abstraction:ReactsWith,reactome:SmallMolecule1135
reactome:SmallMolecule100,abstraction:ReactsWith,reactome:SmallMolecule140
reactome:SmallMolecule101,abstraction:ReactsWith,reactome:SmallMolecule342
reactome:SmallMolecule3,abstraction:ReactsWith,reactome:SmallMolecule3444
reactome:SmallMolecule2695,abstraction:ReactsWith,reactome:SmallMolecule633
reactome:SmallMolecule3048,abstraction:ReactsWith,reactome:SmallMolecule3
reactome:SmallMolecule591,abstraction:ReactsWith,reactome:SmallMolecule4548
reactome:SmallMolecule2419,abstraction:ReactsWith,reactome:SmallMolecule911
reactome:SmallMolecule2,abstraction:ReactsWith,reactome:SmallMolecule230
reactome:SmallMolecule1589,abstraction:ReactsWith,reactome:SmallMolecule774
reactome:SmallMolecule100,abstraction:ReactsWith,reactome:SmallMolecule385
reactome:SmallMolecule409,abstraction:ReactsWith,reactome:SmallMolecule102
reactome:SmallMolecule683,abstraction:ReactsWith,reactome:SmallMolecule3976
reactome:SmallMolecule2805,abstraction:ReactsWith,reactome:SmallMolecule377
reactome:SmallMolecule710,abstraction:ReactsWith,reactome:SmallMolecule1998
reactome:SmallMolecule2681,abstraction:ReactsWith,reactome:SmallMolecule2680
reactome:SmallMolecule2110,abstraction:ReactsWith,reactome:SmallMolecule99
reactome:SmallMolecule291,abstraction:ReactsWith,reactome:SmallMolecule375
reactome:SmallMolecule619,abstraction:ReactsWith,reactome:SmallMolecule1897
reactome:SmallMolecule774,abstraction:ReactsWith,reactome:SmallMolecule1546
reactome:SmallMolecule100,abstraction:ReactsWith,reactome:SmallMolecule490
reactome:SmallMolecule34,abstraction:ReactsWith,reactome:SmallMolecule33
reactome:SmallMolecule2,abstraction:ReactsWith,reactome:SmallMolecule848
reactome:SmallMolecule1653,abstraction:ReactsWith,reactome:SmallMolecule99
reactome:SmallMolecule1967,abstraction:ReactsWith,reactome:SmallMolecule618
reactome:SmallMolecule22,abstraction:ReactsWith,reactome:SmallMolecule8
reactome:SmallMolecule1487,abstraction:ReactsWith,reactome:SmallMolecule1596
reactome:SmallMolecule1343,abstraction:ReactsWith,reactome:SmallMolecule2279
reactome:SmallMolecule375,abstraction:ReactsWith,reactome:SmallMolecule2790
reactome:SmallMolecule3192,abstraction:ReactsWith,reactome:SmallMolecule1178
reactome:SmallMolecule618,abstraction:ReactsWith,reactome:SmallMolecule1811
reactome:SmallMolecule4611,abstraction:ReactsWith,reactome:SmallMolecule134
reactome:SmallMolecule1505,abstraction:ReactsWith,reactome:SmallMolecule351
reactome:SmallMolecule1873,abstraction:ReactsWith,reactome:SmallMolecule618
reactome:SmallMolecule3,abstraction:ReactsWith,reactome:SmallMolecule1017
reactome:SmallMolecule1135,abstraction:ReactsWith,reactome:SmallMolecule683
reactome:SmallMolecule911,abstraction:ReactsWith,reactome:SmallMolecule292
reactome:SmallMolecule607,abstraction:ReactsWith,reactome:SmallMolecule3
reactome:SmallMolecule591,abstraction:ReactsWith,reactome:SmallMolecule2548
reactome:SmallMolecule2257,abstraction:ReactsWith,reactome:SmallMolecule698
reactome:SmallMolecule1344,abstraction:ReactsWith,reactome:SmallMolecule853
reactome:SmallMolecule3042,abstraction:ReactsWith,reactome:SmallMolecule2251
reactome:SmallMolecule3,abstraction:ReactsWith,reactome:SmallMolecule4931
reactome:SmallMolecule351,abstraction:ReactsWith,reactome:SmallMolecule2905
reactome:SmallMolecule34,abstraction:ReactsWith,reactome:SmallMolecule3364
reactome:SmallMolecule1107,abstraction:ReactsWith,reactome:SmallMolecule619
reactome:SmallMolecule99,abstraction:ReactsWith,reactome:SmallMolecule2007
reactome:SmallMolecule3096,abstraction:ReactsWith,reactome:SmallMolecule1178
reactome:SmallMolecule356,abstraction:ReactsWith,reactome:SmallMolecule101
reactome:SmallMolecule3138,abstraction:ReactsWith,reactome:SmallMolecule3
reactome:SmallMolecule561,abstraction:ReactsWith,reactome:SmallMolecule997
reactome:SmallMolecule2462,abstraction:ReactsWith,reactome:SmallMolecule3
reactome:SmallMolecule4459,abstraction:ReactsWith,reactome:SmallMolecule425
reactome:SmallMolecule251,abstraction:ReactsWith,reactome:SmallMolecule619
reactome:SmallMolecule2,abstraction:ReactsWith,reactome:SmallMolecule1669
reactome:SmallMolecule633,abstraction:ReactsWith,reactome:SmallMolecule1918
reactome:SmallMolecule2451,abstraction:ReactsWith,reactome:SmallMolecule3
reactome:SmallMolecule2669,abstraction:ReactsWith,reactome:SmallMolecule99
reactome:SmallMolecule2432,abstraction:ReactsWith,reactome:SmallMolecule2
reactome:SmallMolecule638,abstraction:ReactsWith,reactome:SmallMolecule3065
reactome:SmallMolecule2,abstraction:ReactsWith,reactome:SmallMolecule2632
reactome:SmallMolecule2516,abstraction:ReactsWith,reactome:SmallMolecule853
reactome:SmallMolecule1534,abstraction:ReactsWith,reactome:SmallMolecule1503
reactome:SmallMolecule1299,abstraction:ReactsWith,reactome:SmallMolecule2977
reactome:SmallMolecule2,abstraction:ReactsWith,reactome:SmallMolecule2326
reactome:SmallMolecule1278,abstraction:ReactsWith,reactome:SmallMolecule3
reactome:SmallMolecule869,abstraction:ReactsWith,reactome:SmallMolecule1744
reactome:SmallMolecule2,abstraction:ReactsWith,reactome:SmallMolecule911
reactome:SmallMolecule100,abstraction:ReactsWith,reactome:SmallMolecule337
reactome:SmallMolecule2822,abstraction:ReactsWith,reactome:SmallMolecule1343
reactome:SmallMolecule1343,abstraction:ReactsWith,reactome:SmallMolecule1501
reactome:SmallMolecule1299,abstraction:ReactsWith,reactome:SmallMolecule1859
reactome:SmallMolecule1269,abstraction:ReactsWith,reactome:SmallMolecule3083
reactome:SmallMolecule34,abstraction:ReactsWith,reactome:SmallMolecule2517
reactome:SmallMolecule853,abstraction:ReactsWith,reactome:SmallMolecule854
reactome:SmallMolecule6,abstraction:ReactsWith,reactome:SmallMolecule2377
reactome:SmallMolecule1497,abstraction:ReactsWith,reactome:SmallMolecule1496
reactome:SmallMolecule34,abstraction:ReactsWith,reactome:SmallMolecule2621
reactome:SmallMolecule3,abstraction:ReactsWith,reactome:SmallMolecule2018
reactome:SmallMolecule3,abstraction:ReactsWith,reactome:SmallMolecule1243
reactome:SmallMolecule360,abstraction:ReactsWith,reactome:SmallMolecule3
reactome:SmallMolecule35,abstraction:ReactsWith,reactome:SmallMolecule2667
reactome:SmallMolecule1971,abstraction:ReactsWith,reactome:SmallMolecule99
reactome:SmallMolecule633,abstraction:ReactsWith,reactome:SmallMolecule1883
reactome:SmallMolecule2746,abstraction:ReactsWith,reactome:SmallMolecule2747
reactome:SmallMolecule3,abstraction:ReactsWith,reactome:SmallMolecule1020
reactome:SmallMolecule99,abstraction:ReactsWith,reactome:SmallMolecule1078
reactome:SmallMolecule3446,abstraction:ReactsWith,reactome:SmallMolecule537
reactome:SmallMolecule100,abstraction:ReactsWith,reactome:SmallMolecule209
reactome:SmallMolecule368,abstraction:ReactsWith,reactome:SmallMolecule291
reactome:SmallMolecule1493,abstraction:ReactsWith,reactome:SmallMolecule591
reactome:SmallMolecule2651,abstraction:ReactsWith,reactome:SmallMolecule102
reactome:SmallMolecule2322,abstraction:ReactsWith,reactome:SmallMolecule3
reactome:SmallMolecule1881,abstraction:ReactsWith,reactome:SmallMolecule377
reactome:SmallMolecule638,abstraction:ReactsWith,reactome:SmallMolecule3078
reactome:SmallMolecule99,abstraction:ReactsWith,reactome:SmallMolecule2430
reactome:SmallMolecule174,abstraction:ReactsWith,reactome:SmallMolecule618
reactome:SmallMolecule1585,abstraction:ReactsWith,reactome:SmallMolecule1586
reactome:SmallMolecule3167,abstraction:ReactsWith,reactome:SmallMolecule612
reactome:SmallMolecule880,abstraction:ReactsWith,reactome:SmallMolecule5069
reactome:SmallMolecule1503,abstraction:ReactsWith,reactome:SmallMolecule1499
reactome:SmallMolecule2259,abstraction:ReactsWith,reactome:SmallMolecule2768
reactome:SmallMolecule618,abstraction:ReactsWith,reactome:SmallMolecule1793
reactome:SmallMolecule99,abstraction:ReactsWith,reactome:SmallMolecule846
reactome:SmallMolecule618,abstraction:ReactsWith,reactome:SmallMolecule709
reactome:SmallMolecule619,abstraction:ReactsWith,reactome:SmallMolecule244
reactome:SmallMolecule3102,abstraction:ReactsWith,reactome:SmallMolecule638
reactome:SmallMolecule2851,abstraction:ReactsWith,reactome:SmallMolecule3
reactome:SmallMolecule513,abstraction:ReactsWith,reactome:SmallMolecule3
reactome:SmallMolecule1268,abstraction:ReactsWith,reactome:SmallMolecule1314
reactome:SmallMolecule2,abstraction:ReactsWith,reactome:SmallMolecule2592
reactome:SmallMolecule99,abstraction:ReactsWith,reactome:SmallMolecule416
reactome:SmallMolecule33,abstraction:ReactsWith,reactome:SmallMolecule3205
reactome:SmallMolecule2,abstraction:ReactsWith,reactome:SmallMolecule2633
reactome:SmallMolecule2523,abstraction:ReactsWith,reactome:SmallMolecule1111
reactome:SmallMolecule537,abstraction:ReactsWith,reactome:SmallMolecule1107
reactome:SmallMolecule377,abstraction:ReactsWith,reactome:SmallMolecule1931
reactome:SmallMolecule3509,abstraction:ReactsWith,reactome:SmallMolecule2
reactome:SmallMolecule2,abstraction:ReactsWith,reactome:SmallMolecule4630
reactome:SmallMolecule2,abstraction:ReactsWith,reactome:SmallMolecule2327
reactome:SmallMolecule1822,abstraction:ReactsWith,reactome:SmallMolecule618
reactome:SmallMolecule622,abstraction:ReactsWith,reactome:SmallMolecule5351
reactome:SmallMolecule102,abstraction:ReactsWith,reactome:SmallMolecule915
reactome:SmallMolecule44,abstraction:ReactsWith,reactome:SmallMolecule1
reactome:SmallMolecule3,abstraction:ReactsWith,reactome:SmallMolecule3437
reactome:SmallMolecule2338,abstraction:ReactsWith,reactome:SmallMolecule2
reactome:SmallMolecule4600,abstraction:ReactsWith,reactome:SmallMolecule4601
reactome:SmallMolecule683,abstraction:ReactsWith,reactome:SmallMolecule3032
reactome:SmallMolecule858,abstraction:ReactsWith,reactome:SmallMolecule709
reactome:SmallMolecule10,abstraction:ReactsWith,reactome:SmallMolecule351
reactome:SmallMolecule2,abstraction:ReactsWith,reactome:SmallMolecule3625
reactome:SmallMolecule1196,abstraction:ReactsWith,reactome:SmallMolecule2040
reactome:SmallMolecule5215,abstraction:ReactsWith,reactome:SmallMolecule220
reactome:SmallMolecule99,abstraction:ReactsWith,reactome:SmallMolecule676
reactome:SmallMolecule885,abstraction:ReactsWith,reactome:SmallMolecule710
reactome:SmallMolecule369,abstraction:ReactsWith,reactome:SmallMolecule618
reactome:SmallMolecule1307,abstraction:ReactsWith,reactome:SmallMolecule1303
reactome:SmallMolecule610,abstraction:ReactsWith,reactome:SmallMolecule609
reactome:SmallMolecule535,abstraction:ReactsWith,reactome:SmallMolecule220
reactome:SmallMolecule220,abstraction:ReactsWith,reactome:SmallMolecule3255
reactome:SmallMolecule2467,abstraction:ReactsWith,reactome:SmallMolecule710
reactome:SmallMolecule1202,abstraction:ReactsWith,reactome:SmallMolecule710
reactome:SmallMolecule3580,abstraction:ReactsWith,reactome:SmallMolecule3344
reactome:SmallMolecule1848,abstraction:ReactsWith,reactome:SmallMolecule1299
reactome:SmallMolecule1111,abstraction:ReactsWith,reactome:SmallMolecule1335
reactome:SmallMolecule4696,abstraction:ReactsWith,reactome:SmallMolecule4600
reactome:SmallMolecule3,abstraction:ReactsWith,reactome:SmallMolecule1024
reactome:SmallMolecule713,abstraction:ReactsWith,reactome:SmallMolecule1510
reactome:SmallMolecule3121,abstraction:ReactsWith,reactome:SmallMolecule377
reactome:SmallMolecule591,abstraction:ReactsWith,reactome:SmallMolecule1248
reactome:SmallMolecule2310,abstraction:ReactsWith,reactome:SmallMolecule375
reactome:SmallMolecule1468,abstraction:ReactsWith,reactome:SmallMolecule774
reactome:SmallMolecule3,abstraction:ReactsWith,reactome:SmallMolecule907
reactome:SmallMolecule2,abstraction:ReactsWith,reactome:SmallMolecule97
reactome:SmallMolecule3016,abstraction:ReactsWith,reactome:SmallMolecule3018
reactome:SmallMolecule3265,abstraction:ReactsWith,reactome:SmallMolecule915
reactome:SmallMolecule2787,abstraction:ReactsWith,reactome:SmallMolecule33
reactome:SmallMolecule663,abstraction:ReactsWith,reactome:SmallMolecule2
reactome:SmallMolecule2746,abstraction:ReactsWith,reactome:SmallMolecule33
reactome:SmallMolecule33,abstraction:ReactsWith,reactome:SmallMolecule2663
reactome:SmallMolecule1412,abstraction:ReactsWith,reactome:SmallMolecule1299
reactome:SmallMolecule3,abstraction:ReactsWith,reactome:SmallMolecule2960
reactome:SmallMolecule97,abstraction:ReactsWith,reactome:SmallMolecule44
reactome:SmallMolecule619,abstraction:ReactsWith,reactome:SmallMolecule251
reactome:SmallMolecule862,abstraction:ReactsWith,reactome:SmallMolecule710
reactome:SmallMolecule1056,abstraction:ReactsWith,reactome:SmallMolecule3
reactome:SmallMolecule99,abstraction:ReactsWith,reactome:SmallMolecule774
reactome:SmallMolecule2068,abstraction:ReactsWith,reactome:SmallMolecule622
reactome:SmallMolecule34,abstraction:ReactsWith,reactome:SmallMolecule434
reactome:SmallMolecule3409,abstraction:ReactsWith,reactome:SmallMolecule869
reactome:SmallMolecule1196,abstraction:ReactsWith,reactome:SmallMolecule1241
reactome:SmallMolecule3028,abstraction:ReactsWith,reactome:SmallMolecule99
reactome:SmallMolecule3,abstraction:ReactsWith,reactome:SmallMolecule1534
reactome:SmallMolecule2731,abstraction:ReactsWith,reactome:SmallMolecule3
reactome:SmallMolecule544,abstraction:ReactsWith,reactome:SmallMolecule543
reactome:SmallMolecule1290,abstraction:ReactsWith,reactome:SmallMolecule1216
reactome:SmallMolecule853,abstraction:ReactsWith,reactome:SmallMolecule2522
reactome:SmallMolecule1303,abstraction:ReactsWith,reactome:SmallMolecule1299
reactome:SmallMolecule3,abstraction:ReactsWith,reactome:SmallMolecule2676
reactome:SmallMolecule3033,abstraction:ReactsWith,reactome:SmallMolecule3032
reactome:SmallMolecule3,abstraction:ReactsWith,reactome:SmallMolecule2335
reactome:SmallMolecule1609,abstraction:ReactsWith,reactome:SmallMolecule3
reactome:SmallMolecule2908,abstraction:ReactsWith,reactome:SmallMolecule220
reactome:SmallMolecule1178,abstraction:ReactsWith,reactome:SmallMolecule3102
reactome:SmallMolecule3854,abstraction:ReactsWith,reactome:SmallMolecule3
reactome:SmallMolecule2352,abstraction:ReactsWith,reactome:SmallMolecule2
reactome:SmallMolecule33,abstraction:ReactsWith,reactome:SmallMolecule1112
reactome:SmallMolecule99,abstraction:ReactsWith,reactome:SmallMolecule125
reactome:SmallMolecule3205,abstraction:ReactsWith,reactome:SmallMolecule33
reactome:SmallMolecule770,abstraction:ReactsWith,reactome:SmallMolecule1739
reactome:SmallMolecule619,abstraction:ReactsWith,reactome:SmallMolecule1765
reactome:SmallMolecule911,abstraction:ReactsWith,reactome:SmallMolecule3
reactome:SmallMolecule2,abstraction:ReactsWith,reactome:SmallMolecule343
reactome:SmallMolecule1268,abstraction:ReactsWith,reactome:SmallMolecule1316
reactome:SmallMolecule591,abstraction:ReactsWith,reactome:SmallMolecule1484
reactome:SmallMolecule35,abstraction:ReactsWith,reactome:SmallMolecule2400
reactome:SmallMolecule1505,abstraction:ReactsWith,reactome:SmallMolecule220
reactome:SmallMolecule2404,abstraction:ReactsWith,reactome:SmallMolecule2402
reactome:SmallMolecule1851,abstraction:ReactsWith,reactome:SmallMolecule1422
reactome:SmallMolecule2301,abstraction:ReactsWith,reactome:SmallMolecule2847
reactome:SmallMolecule618,abstraction:ReactsWith,reactome:SmallMolecule1653
reactome:SmallMolecule1303,abstraction:ReactsWith,reactome:SmallMolecule2977
reactome:SmallMolecule2961,abstraction:ReactsWith,reactome:SmallMolecule100
reactome:SmallMolecule2924,abstraction:ReactsWith,reactome:SmallMolecule99
reactome:SmallMolecule1919,abstraction:ReactsWith,reactome:SmallMolecule633
reactome:SmallMolecule855,abstraction:ReactsWith,reactome:SmallMolecule857
reactome:SmallMolecule3489,abstraction:ReactsWith,reactome:SmallMolecule99
reactome:SmallMolecule1178,abstraction:ReactsWith,reactome:SmallMolecule3080
reactome:SmallMolecule1075,abstraction:ReactsWith,reactome:SmallMolecule743
reactome:SmallMolecule1303,abstraction:ReactsWith,reactome:SmallMolecule1859
reactome:SmallMolecule3684,abstraction:ReactsWith,reactome:SmallMolecule552
reactome:SmallMolecule3100,abstraction:ReactsWith,reactome:SmallMolecule1268
reactome:SmallMolecule2282,abstraction:ReactsWith,reactome:SmallMolecule377
reactome:SmallMolecule2360,abstraction:ReactsWith,reactome:SmallMolecule34
reactome:SmallMolecule3521,abstraction:ReactsWith,reactome:SmallMolecule34
reactome:SmallMolecule99,abstraction:ReactsWith,reactome:SmallMolecule1948
reactome:SmallMolecule3089,abstraction:ReactsWith,reactome:SmallMolecule638
reactome:SmallMolecule4537,abstraction:ReactsWith,reactome:SmallMolecule2572
reactome:SmallMolecule734,abstraction:ReactsWith,reactome:SmallMolecule591
reactome:SmallMolecule2260,abstraction:ReactsWith,reactome:SmallMolecule2574
reactome:SmallMolecule710,abstraction:ReactsWith,reactome:SmallMolecule4424
reactome:SmallMolecule1408,abstraction:ReactsWith,reactome:SmallMolecule1299
reactome:SmallMolecule101,abstraction:ReactsWith,reactome:SmallMolecule4
reactome:SmallMolecule377,abstraction:ReactsWith,reactome:SmallMolecule1833
reactome:SmallMolecule927,abstraction:ReactsWith,reactome:SmallMolecule2
reactome:SmallMolecule2,abstraction:ReactsWith,reactome:SmallMolecule2659
reactome:SmallMolecule3083,abstraction:ReactsWith,reactome:SmallMolecule1178
reactome:SmallMolecule100,abstraction:ReactsWith,reactome:SmallMolecule101
reactome:SmallMolecule1110,abstraction:ReactsWith,reactome:SmallMolecule34
reactome:SmallMolecule2520,abstraction:ReactsWith,reactome:SmallMolecule3
reactome:SmallMolecule1147,abstraction:ReactsWith,reactome:SmallMolecule3
reactome:SmallMolecule33,abstraction:ReactsWith,reactome:SmallMolecule34
reactome:SmallMolecule591,abstraction:ReactsWith,reactome:SmallMolecule42
reactome:SmallMolecule3,abstraction:ReactsWith,reactome:SmallMolecule1614
reactome:SmallMolecule1313,abstraction:ReactsWith,reactome:SmallMolecule1178
reactome:SmallMolecule1669,abstraction:ReactsWith,reactome:SmallMolecule2
reactome:SmallMolecule1408,abstraction:ReactsWith,reactome:SmallMolecule1412
reactome:SmallMolecule1275,abstraction:ReactsWith,reactome:SmallMolecule3
reactome:SmallMolecule361,abstraction:ReactsWith,reactome:SmallMolecule442
reactome:SmallMolecule969,abstraction:ReactsWith,reactome:SmallMolecule710
reactome:SmallMolecule2316,abstraction:ReactsWith,reactome:SmallMolecule591
reactome:SmallMolecule2,abstraction:ReactsWith,reactome:SmallMolecule2603
reactome:SmallMolecule3851,abstraction:ReactsWith,reactome:SmallMolecule3
reactome:SmallMolecule2,abstraction:ReactsWith,reactome:SmallMolecule1051
reactome:SmallMolecule33,abstraction:ReactsWith,reactome:SmallMolecule2664
reactome:SmallMolecule3034,abstraction:ReactsWith,reactome:SmallMolecule3033
reactome:SmallMolecule3,abstraction:ReactsWith,reactome:SmallMolecule3547
reactome:SmallMolecule638,abstraction:ReactsWith,reactome:SmallMolecule3123
reactome:SmallMolecule1811,abstraction:ReactsWith,reactome:SmallMolecule618
reactome:SmallMolecule5069,abstraction:ReactsWith,reactome:SmallMolecule880
reactome:SmallMolecule3465,abstraction:ReactsWith,reactome:SmallMolecule619
reactome:SmallMolecule2965,abstraction:ReactsWith,reactome:SmallMolecule33
reactome:SmallMolecule99,abstraction:ReactsWith,reactome:SmallMolecule678
reactome:SmallMolecule543,abstraction:ReactsWith,reactome:SmallMolecule551
reactome:SmallMolecule1109,abstraction:ReactsWith,reactome:SmallMolecule2
reactome:SmallMolecule1631,abstraction:ReactsWith,reactome:SmallMolecule3
reactome:SmallMolecule3083,abstraction:ReactsWith,reactome:SmallMolecule1269
reactome:SmallMolecule11,abstraction:ReactsWith,reactome:SmallMolecule3
reactome:SmallMolecule1409,abstraction:ReactsWith,reactome:SmallMolecule1447
reactome:SmallMolecule1339,abstraction:ReactsWith,reactome:SmallMolecule1337
reactome:SmallMolecule559,abstraction:ReactsWith,reactome:SmallMolecule560
reactome:SmallMolecule102,abstraction:ReactsWith,reactome:SmallMolecule3013
reactome:SmallMolecule4549,abstraction:ReactsWith,reactome:SmallMolecule591
reactome:SmallMolecule361,abstraction:ReactsWith,reactome:SmallMolecule2
reactome:SmallMolecule351,abstraction:ReactsWith,reactome:SmallMolecule2
reactome:SmallMolecule1363,abstraction:ReactsWith,reactome:SmallMolecule1343
reactome:SmallMolecule1564,abstraction:ReactsWith,reactome:SmallMolecule1508
reactome:SmallMolecule3247,abstraction:ReactsWith,reactome:SmallMolecule1178
reactome:SmallMolecule1460,abstraction:ReactsWith,reactome:SmallMolecule618
reactome:SmallMolecule2663,abstraction:ReactsWith,reactome:SmallMolecule377
reactome:SmallMolecule770,abstraction:ReactsWith,reactome:SmallMolecule931
reactome:SmallMolecule2282,abstraction:ReactsWith,reactome:SmallMolecule2894
reactome:SmallMolecule1463,abstraction:ReactsWith,reactome:SmallMolecule3
reactome:SmallMolecule117,abstraction:ReactsWith,reactome:SmallMolecule115
reactome:SmallMolecule516,abstraction:ReactsWith,reactome:SmallMolecule619
reactome:SmallMolecule2,abstraction:ReactsWith,reactome:SmallMolecule1545
reactome:SmallMolecule1404,abstraction:ReactsWith,reactome:SmallMolecule2
reactome:SmallMolecule1383,abstraction:ReactsWith,reactome:SmallMolecule1994
reactome:SmallMolecule1343,abstraction:ReactsWith,reactome:SmallMolecule1995
reactome:SmallMolecule1765,abstraction:ReactsWith,reactome:SmallMolecule99
reactome:SmallMolecule5169,abstraction:ReactsWith,reactome:SmallMolecule1640
reactome:SmallMolecule3,abstraction:ReactsWith,reactome:SmallMolecule606
reactome:SmallMolecule1687,abstraction:ReactsWith,reactome:SmallMolecule541
reactome:SmallMolecule2203,abstraction:ReactsWith,reactome:SmallMolecule622
reactome:SmallMolecule2,abstraction:ReactsWith,reactome:SmallMolecule26
reactome:SmallMolecule2,abstraction:ReactsWith,reactome:SmallMolecule345
reactome:SmallMolecule1178,abstraction:ReactsWith,reactome:SmallMolecule3247
reactome:SmallMolecule99,abstraction:ReactsWith,reactome:SmallMolecule1814
reactome:SmallMolecule1303,abstraction:ReactsWith,reactome:SmallMolecule1417
reactome:SmallMolecule622,abstraction:ReactsWith,reactome:SmallMolecule2044
reactome:SmallMolecule869,abstraction:ReactsWith,reactome:SmallMolecule3158
reactome:SmallMolecule3121,abstraction:ReactsWith,reactome:SmallMolecule1135
reactome:SmallMolecule1503,abstraction:ReactsWith,reactome:SmallMolecule3709
reactome:SmallMolecule2,abstraction:ReactsWith,reactome:SmallMolecule3529
reactome:SmallMolecule377,abstraction:ReactsWith,reactome:SmallMolecule1135
reactome:SmallMolecule99,abstraction:ReactsWith,reactome:SmallMolecule2351
reactome:SmallMolecule3364,abstraction:ReactsWith,reactome:SmallMolecule859
reactome:SmallMolecule709,abstraction:ReactsWith,reactome:SmallMolecule99
reactome:SmallMolecule618,abstraction:ReactsWith,reactome:SmallMolecule3298
reactome:SmallMolecule3475,abstraction:ReactsWith,reactome:SmallMolecule2338
reactome:SmallMolecule3578,abstraction:ReactsWith,reactome:SmallMolecule304
reactome:SmallMolecule3,abstraction:ReactsWith,reactome:SmallMolecule1549
reactome:SmallMolecule2,abstraction:ReactsWith,reactome:SmallMolecule40
reactome:SmallMolecule100,abstraction:ReactsWith,reactome:SmallMolecule2961
reactome:SmallMolecule3,abstraction:ReactsWith,reactome:SmallMolecule2472
reactome:SmallMolecule348,abstraction:ReactsWith,reactome:SmallMolecule3
reactome:SmallMolecule99,abstraction:ReactsWith,reactome:SmallMolecule4606
reactome:SmallMolecule1895,abstraction:ReactsWith,reactome:SmallMolecule99
reactome:SmallMolecule1484,abstraction:ReactsWith,reactome:SmallMolecule591
reactome:SmallMolecule2,abstraction:ReactsWith,reactome:SmallMolecule6
reactome:SmallMolecule619,abstraction:ReactsWith,reactome:SmallMolecule1823
reactome:SmallMolecule3263,abstraction:ReactsWith,reactome:SmallMolecule2
reactome:SmallMolecule2,abstraction:ReactsWith,reactome:SmallMolecule663
reactome:SmallMolecule2803,abstraction:ReactsWith,reactome:SmallMolecule377
reactome:SmallMolecule2519,abstraction:ReactsWith,reactome:SmallMolecule3
reactome:SmallMolecule1186,abstraction:ReactsWith,reactome:SmallMolecule1178
reactome:SmallMolecule1567,abstraction:ReactsWith,reactome:SmallMolecule2
reactome:SmallMolecule2643,abstraction:ReactsWith,reactome:SmallMolecule911
reactome:SmallMolecule1464,abstraction:ReactsWith,reactome:SmallMolecule1463
reactome:SmallMolecule1343,abstraction:ReactsWith,reactome:SmallMolecule295
reactome:SmallMolecule554,abstraction:ReactsWith,reactome:SmallMolecule1947
reactome:SmallMolecule774,abstraction:ReactsWith,reactome:SmallMolecule99
reactome:SmallMolecule33,abstraction:ReactsWith,reactome:SmallMolecule2782
reactome:SmallMolecule2,abstraction:ReactsWith,reactome:SmallMolecule473
reactome:SmallMolecule1268,abstraction:ReactsWith,reactome:SmallMolecule3102
reactome:SmallMolecule4597,abstraction:ReactsWith,reactome:SmallMolecule4598
reactome:SmallMolecule2276,abstraction:ReactsWith,reactome:SmallMolecule3
reactome:SmallMolecule2,abstraction:ReactsWith,reactome:SmallMolecule368
reactome:SmallMolecule99,abstraction:ReactsWith,reactome:SmallMolecule304
reactome:SmallMolecule5075,abstraction:ReactsWith,reactome:SmallMolecule5073
reactome:SmallMolecule1422,abstraction:ReactsWith,reactome:SmallMolecule1303
reactome:SmallMolecule1250,abstraction:ReactsWith,reactome:SmallMolecule618
reactome:SmallMolecule3467,abstraction:ReactsWith,reactome:SmallMolecule3
reactome:SmallMolecule2523,abstraction:ReactsWith,reactome:SmallMolecule1344
reactome:SmallMolecule343,abstraction:ReactsWith,reactome:SmallMolecule2
reactome:SmallMolecule3386,abstraction:ReactsWith,reactome:SmallMolecule3
reactome:SmallMolecule855,abstraction:ReactsWith,reactome:SmallMolecule536
reactome:SmallMolecule554,abstraction:ReactsWith,reactome:SmallMolecule1954
reactome:SmallMolecule1297,abstraction:ReactsWith,reactome:SmallMolecule2
reactome:SmallMolecule950,abstraction:ReactsWith,reactome:SmallMolecule770
reactome:SmallMolecule541,abstraction:ReactsWith,reactome:SmallMolecule1689
reactome:SmallMolecule742,abstraction:ReactsWith,reactome:SmallMolecule1982
reactome:SmallMolecule1178,abstraction:ReactsWith,reactome:SmallMolecule1186
reactome:SmallMolecule792,abstraction:ReactsWith,reactome:SmallMolecule541
reactome:SmallMolecule33,abstraction:ReactsWith,reactome:SmallMolecule2809
reactome:SmallMolecule4535,abstraction:ReactsWith,reactome:SmallMolecule2572
reactome:SmallMolecule2628,abstraction:ReactsWith,reactome:SmallMolecule911
reactome:SmallMolecule1569,abstraction:ReactsWith,reactome:SmallMolecule774
reactome:SmallMolecule3265,abstraction:ReactsWith,reactome:SmallMolecule591
reactome:SmallMolecule3044,abstraction:ReactsWith,reactome:SmallMolecule564
reactome:SmallMolecule99,abstraction:ReactsWith,reactome:SmallMolecule1107
reactome:SmallMolecule1111,abstraction:ReactsWith,reactome:SmallMolecule377
reactome:SmallMolecule591,abstraction:ReactsWith,reactome:SmallMolecule5255
reactome:SmallMolecule1236,abstraction:ReactsWith,reactome:SmallMolecule591
reactome:SmallMolecule2073,abstraction:ReactsWith,reactome:SmallMolecule3
reactome:SmallMolecule2,abstraction:ReactsWith,reactome:SmallMolecule353
reactome:SmallMolecule3573,abstraction:ReactsWith,reactome:SmallMolecule99
reactome:SmallMolecule3561,abstraction:ReactsWith,reactome:SmallMolecule99
reactome:SmallMolecule911,abstraction:ReactsWith,reactome:SmallMolecule511
reactome:SmallMolecule2,abstraction:ReactsWith,reactome:SmallMolecule95
reactome:SmallMolecule377,abstraction:ReactsWith,reactome:SmallMolecule2798
reactome:SmallMolecule1640,abstraction:ReactsWith,reactome:SmallMolecule1029
reactome:SmallMolecule351,abstraction:ReactsWith,reactome:SmallMolecule99
reactome:SmallMolecule96,abstraction:ReactsWith,reactome:SmallMolecule3
reactome:SmallMolecule2376,abstraction:ReactsWith,reactome:SmallMolecule3
reactome:SmallMolecule99,abstraction:ReactsWith,reactome:SmallMolecule2839
reactome:SmallMolecule2493,abstraction:ReactsWith,reactome:SmallMolecule3
reactome:SmallMolecule3048,abstraction:ReactsWith,reactome:SmallMolecule2
reactome:SmallMolecule1374,abstraction:ReactsWith,reactome:SmallMolecule377
reactome:SmallMolecule2880,abstraction:ReactsWith,reactome:SmallMolecule99
reactome:SmallMolecule377,abstraction:ReactsWith,reactome:SmallMolecule2283
reactome:SmallMolecule4551,abstraction:ReactsWith,reactome:SmallMolecule619
reactome:SmallMolecule2690,abstraction:ReactsWith,reactome:SmallMolecule591
reactome:SmallMolecule3,abstraction:ReactsWith,reactome:SmallMolecule2668
reactome:SmallMolecule3360,abstraction:ReactsWith,reactome:SmallMolecule3359
reactome:SmallMolecule1175,abstraction:ReactsWith,reactome:SmallMolecule554
reactome:SmallMolecule33,abstraction:ReactsWith,reactome:SmallMolecule1358
reactome:SmallMolecule774,abstraction:ReactsWith,reactome:SmallMolecule1481
reactome:SmallMolecule2784,abstraction:ReactsWith,reactome:SmallMolecule377
reactome:SmallMolecule1808,abstraction:ReactsWith,reactome:SmallMolecule99
reactome:SmallMolecule3,abstraction:ReactsWith,reactome:SmallMolecule1632
reactome:SmallMolecule618,abstraction:ReactsWith,reactome:SmallMolecule1818
reactome:SmallMolecule1268,abstraction:ReactsWith,reactome:SmallMolecule3247
reactome:SmallMolecule618,abstraction:ReactsWith,reactome:SmallMolecule3465
reactome:SmallMolecule1026,abstraction:ReactsWith,reactome:SmallMolecule880
reactome:SmallMolecule2260,abstraction:ReactsWith,reactome:SmallMolecule291
reactome:SmallMolecule633,abstraction:ReactsWith,reactome:SmallMolecule33
reactome:SmallMolecule99,abstraction:ReactsWith,reactome:SmallMolecule2341
reactome:SmallMolecule1929,abstraction:ReactsWith,reactome:SmallMolecule619
reactome:SmallMolecule713,abstraction:ReactsWith,reactome:SmallMolecule1584
reactome:SmallMolecule337,abstraction:ReactsWith,reactome:SmallMolecule101
reactome:SmallMolecule2,abstraction:ReactsWith,reactome:SmallMolecule1634
reactome:SmallMolecule618,abstraction:ReactsWith,reactome:SmallMolecule2037
reactome:SmallMolecule2652,abstraction:ReactsWith,reactome:SmallMolecule619
reactome:SmallMolecule1358,abstraction:ReactsWith,reactome:SmallMolecule33
reactome:SmallMolecule2,abstraction:ReactsWith,reactome:SmallMolecule2338
reactome:SmallMolecule2159,abstraction:ReactsWith,reactome:SmallMolecule618
reactome:SmallMolecule2914,abstraction:ReactsWith,reactome:SmallMolecule2915
reactome:SmallMolecule619,abstraction:ReactsWith,reactome:SmallMolecule2781
reactome:SmallMolecule2753,abstraction:ReactsWith,reactome:SmallMolecule377
reactome:SmallMolecule2456,abstraction:ReactsWith,reactome:SmallMolecule591
reactome:SmallMolecule2596,abstraction:ReactsWith,reactome:SmallMolecule99
reactome:SmallMolecule1291,abstraction:ReactsWith,reactome:SmallMolecule2683
reactome:SmallMolecule618,abstraction:ReactsWith,reactome:SmallMolecule3142
reactome:SmallMolecule1306,abstraction:ReactsWith,reactome:SmallMolecule1853
reactome:SmallMolecule2,abstraction:ReactsWith,reactome:SmallMolecule2250
reactome:SmallMolecule3,abstraction:ReactsWith,reactome:SmallMolecule3558
reactome:SmallMolecule99,abstraction:ReactsWith,reactome:SmallMolecule742
reactome:SmallMolecule619,abstraction:ReactsWith,reactome:SmallMolecule1814
reactome:SmallMolecule742,abstraction:ReactsWith,reactome:SmallMolecule1474
reactome:SmallMolecule2,abstraction:ReactsWith,reactome:SmallMolecule1297
reactome:SmallMolecule2634,abstraction:ReactsWith,reactome:SmallMolecule880
reactome:SmallMolecule357,abstraction:ReactsWith,reactome:SmallMolecule100
reactome:SmallMolecule1823,abstraction:ReactsWith,reactome:SmallMolecule99
reactome:SmallMolecule2282,abstraction:ReactsWith,reactome:SmallMolecule2283
reactome:SmallMolecule220,abstraction:ReactsWith,reactome:SmallMolecule2643
reactome:SmallMolecule2601,abstraction:ReactsWith,reactome:SmallMolecule2
reactome:SmallMolecule1339,abstraction:ReactsWith,reactome:SmallMolecule377
reactome:SmallMolecule95,abstraction:ReactsWith,reactome:SmallMolecule4932
reactome:SmallMolecule2416,abstraction:ReactsWith,reactome:SmallMolecule2
reactome:SmallMolecule3,abstraction:ReactsWith,reactome:SmallMolecule1394
reactome:SmallMolecule2,abstraction:ReactsWith,reactome:SmallMolecule126
reactome:SmallMolecule2661,abstraction:ReactsWith,reactome:SmallMolecule34
reactome:SmallMolecule377,abstraction:ReactsWith,reactome:SmallMolecule1916
reactome:SmallMolecule591,abstraction:ReactsWith,reactome:SmallMolecule1236
reactome:SmallMolecule2,abstraction:ReactsWith,reactome:SmallMolecule1048
reactome:SmallMolecule343,abstraction:ReactsWith,reactome:SmallMolecule99
reactome:SmallMolecule1746,abstraction:ReactsWith,reactome:SmallMolecule3
reactome:SmallMolecule3605,abstraction:ReactsWith,reactome:SmallMolecule770
reactome:SmallMolecule1143,abstraction:ReactsWith,reactome:SmallMolecule1144
reactome:SmallMolecule377,abstraction:ReactsWith,reactome:SmallMolecule2291
reactome:SmallMolecule2674,abstraction:ReactsWith,reactome:SmallMolecule3
reactome:SmallMolecule377,abstraction:ReactsWith,reactome:SmallMolecule2757
reactome:SmallMolecule2451,abstraction:ReactsWith,reactome:SmallMolecule2
reactome:SmallMolecule1344,abstraction:ReactsWith,reactome:SmallMolecule2523
reactome:SmallMolecule34,abstraction:ReactsWith,reactome:SmallMolecule2663
reactome:SmallMolecule2752,abstraction:ReactsWith,reactome:SmallMolecule2748
reactome:SmallMolecule343,abstraction:ReactsWith,reactome:SmallMolecule333
reactome:SmallMolecule99,abstraction:ReactsWith,reactome:SmallMolecule851
reactome:SmallMolecule4585,abstraction:ReactsWith,reactome:SmallMolecule709
reactome:SmallMolecule997,abstraction:ReactsWith,reactome:SmallMolecule561
reactome:SmallMolecule1268,abstraction:ReactsWith,reactome:SmallMolecule1186
reactome:SmallMolecule109,abstraction:ReactsWith,reactome:SmallMolecule1561
reactome:SmallMolecule2322,abstraction:ReactsWith,reactome:SmallMolecule442
reactome:SmallMolecule723,abstraction:ReactsWith,reactome:SmallMolecule101
reactome:SmallMolecule2781,abstraction:ReactsWith,reactome:SmallMolecule619
reactome:SmallMolecule1344,abstraction:ReactsWith,reactome:SmallMolecule1374
reactome:SmallMolecule638,abstraction:ReactsWith,reactome:SmallMolecule3134
reactome:SmallMolecule360,abstraction:ReactsWith,reactome:SmallMolecule2
reactome:SmallMolecule3453,abstraction:ReactsWith,reactome:SmallMolecule563
reactome:SmallMolecule1947,abstraction:ReactsWith,reactome:SmallMolecule710
reactome:SmallMolecule2344,abstraction:ReactsWith,reactome:SmallMolecule911
reactome:SmallMolecule2,abstraction:ReactsWith,reactome:SmallMolecule3387
reactome:SmallMolecule1303,abstraction:ReactsWith,reactome:SmallMolecule1418
reactome:SmallMolecule1343,abstraction:ReactsWith,reactome:SmallMolecule2320
reactome:SmallMolecule1660,abstraction:ReactsWith,reactome:SmallMolecule1659
reactome:SmallMolecule743,abstraction:ReactsWith,reactome:SmallMolecule1075
reactome:SmallMolecule709,abstraction:ReactsWith,reactome:SmallMolecule4585
reactome:SmallMolecule306,abstraction:ReactsWith,reactome:SmallMolecule2849
reactome:SmallMolecule1874,abstraction:ReactsWith,reactome:SmallMolecule99
reactome:SmallMolecule2166,abstraction:ReactsWith,reactome:SmallMolecule3
reactome:SmallMolecule2436,abstraction:ReactsWith,reactome:SmallMolecule2447
reactome:SmallMolecule100,abstraction:ReactsWith,reactome:SmallMolecule97
reactome:SmallMolecule313,abstraction:ReactsWith,reactome:SmallMolecule2
reactome:SmallMolecule110,abstraction:ReactsWith,reactome:SmallMolecule4989
reactome:SmallMolecule911,abstraction:ReactsWith,reactome:SmallMolecule2419
reactome:SmallMolecule194,abstraction:ReactsWith,reactome:SmallMolecule618
reactome:SmallMolecule3,abstraction:ReactsWith,reactome:SmallMolecule2909
reactome:SmallMolecule2318,abstraction:ReactsWith,reactome:SmallMolecule2320
reactome:SmallMolecule1245,abstraction:ReactsWith,reactome:SmallMolecule99
reactome:SmallMolecule33,abstraction:ReactsWith,reactome:SmallMolecule2751
reactome:SmallMolecule1,abstraction:ReactsWith,reactome:SmallMolecule2
reactome:SmallMolecule4,abstraction:ReactsWith,reactome:SmallMolecule2445
reactome:SmallMolecule3543,abstraction:ReactsWith,reactome:SmallMolecule5105
reactome:SmallMolecule2633,abstraction:ReactsWith,reactome:SmallMolecule2
reactome:SmallMolecule243,abstraction:ReactsWith,reactome:SmallMolecule554
reactome:SmallMolecule306,abstraction:ReactsWith,reactome:SmallMolecule2885
reactome:SmallMolecule99,abstraction:ReactsWith,reactome:SmallMolecule1788
reactome:SmallMolecule328,abstraction:ReactsWith,reactome:SmallMolecule44
reactome:SmallMolecule15,abstraction:ReactsWith,reactome:SmallMolecule3
reactome:SmallMolecule42,abstraction:ReactsWith,reactome:SmallMolecule810
reactome:SmallMolecule1020,abstraction:ReactsWith,reactome:SmallMolecule1504
reactome:SmallMolecule3136,abstraction:ReactsWith,reactome:SmallMolecule638
reactome:SmallMolecule220,abstraction:ReactsWith,reactome:SmallMolecule3257
reactome:SmallMolecule3627,abstraction:ReactsWith,reactome:SmallMolecule551
reactome:SmallMolecule2,abstraction:ReactsWith,reactome:SmallMolecule886
reactome:SmallMolecule2018,abstraction:ReactsWith,reactome:SmallMolecule3
reactome:SmallMolecule619,abstraction:ReactsWith,reactome:SmallMolecule1107
reactome:SmallMolecule1127,abstraction:ReactsWith,reactome:SmallMolecule99
reactome:SmallMolecule869,abstraction:ReactsWith,reactome:SmallMolecule1063
reactome:SmallMolecule1068,abstraction:ReactsWith,reactome:SmallMolecule3
reactome:SmallMolecule3,abstraction:ReactsWith,reactome:SmallMolecule292
reactome:SmallMolecule3600,abstraction:ReactsWith,reactome:SmallMolecule3
reactome:SmallMolecule3,abstraction:ReactsWith,reactome:SmallMolecule3467
reactome:SmallMolecule1926,abstraction:ReactsWith,reactome:SmallMolecule710
reactome:SmallMolecule100,abstraction:ReactsWith,reactome:SmallMolecule343
reactome:SmallMolecule3,abstraction:ReactsWith,reactome:SmallMolecule2049
reactome:SmallMolecule1873,abstraction:ReactsWith,reactome:SmallMolecule619
reactome:SmallMolecule1852,abstraction:ReactsWith,reactome:SmallMolecule1422
reactome:SmallMolecule3,abstraction:ReactsWith,reactome:SmallMolecule3841
reactome:SmallMolecule2130,abstraction:ReactsWith,reactome:SmallMolecule3
reactome:SmallMolecule99,abstraction:ReactsWith,reactome:SmallMolecule351
reactome:SmallMolecule619,abstraction:ReactsWith,reactome:SmallMolecule1175
reactome:SmallMolecule1216,abstraction:ReactsWith,reactome:SmallMolecule1313
reactome:SmallMolecule2659,abstraction:ReactsWith,reactome:SmallMolecule2
reactome:SmallMolecule99,abstraction:ReactsWith,reactome:SmallMolecule1795
reactome:SmallMolecule3134,abstraction:ReactsWith,reactome:SmallMolecule638
reactome:SmallMolecule2,abstraction:ReactsWith,reactome:SmallMolecule1109
reactome:SmallMolecule2015,abstraction:ReactsWith,reactome:SmallMolecule2028
reactome:SmallMolecule3691,abstraction:ReactsWith,reactome:SmallMolecule549
reactome:SmallMolecule973,abstraction:ReactsWith,reactome:SmallMolecule2
reactome:SmallMolecule2015,abstraction:ReactsWith,reactome:SmallMolecule618
reactome:SmallMolecule619,abstraction:ReactsWith,reactome:SmallMolecule3560
reactome:SmallMolecule3544,abstraction:ReactsWith,reactome:SmallMolecule569
reactome:SmallMolecule995,abstraction:ReactsWith,reactome:SmallMolecule561
reactome:SmallMolecule1318,abstraction:ReactsWith,reactome:SmallMolecule1216
reactome:SmallMolecule732,abstraction:ReactsWith,reactome:SmallMolecule731
reactome:SmallMolecule2,abstraction:ReactsWith,reactome:SmallMolecule3264
reactome:SmallMolecule857,abstraction:ReactsWith,reactome:SmallMolecule1385
reactome:SmallMolecule710,abstraction:ReactsWith,reactome:SmallMolecule1760
reactome:SmallMolecule3559,abstraction:ReactsWith,reactome:SmallMolecule619
reactome:SmallMolecule3456,abstraction:ReactsWith,reactome:SmallMolecule3
reactome:SmallMolecule1107,abstraction:ReactsWith,reactome:SmallMolecule1115
reactome:SmallMolecule2464,abstraction:ReactsWith,reactome:SmallMolecule3
reactome:SmallMolecule569,abstraction:ReactsWith,reactome:SmallMolecule3630
reactome:SmallMolecule34,abstraction:ReactsWith,reactome:SmallMolecule853
reactome:SmallMolecule1410,abstraction:ReactsWith,reactome:SmallMolecule2930
reactome:SmallMolecule563,abstraction:ReactsWith,reactome:SmallMolecule1770
reactome:SmallMolecule296,abstraction:ReactsWith,reactome:SmallMolecule100
reactome:SmallMolecule2,abstraction:ReactsWith,reactome:SmallMolecule1618
reactome:SmallMolecule2826,abstraction:ReactsWith,reactome:SmallMolecule1409
reactome:SmallMolecule2,abstraction:ReactsWith,reactome:SmallMolecule2375
reactome:SmallMolecule911,abstraction:ReactsWith,reactome:SmallMolecule2
reactome:SmallMolecule1343,abstraction:ReactsWith,reactome:SmallMolecule1348
reactome:SmallMolecule1838,abstraction:ReactsWith,reactome:SmallMolecule1135
reactome:SmallMolecule1343,abstraction:ReactsWith,reactome:SmallMolecule1363
reactome:SmallMolecule553,abstraction:ReactsWith,reactome:SmallMolecule554
reactome:SmallMolecule1859,abstraction:ReactsWith,reactome:SmallMolecule1299
reactome:SmallMolecule1376,abstraction:ReactsWith,reactome:SmallMolecule1339
reactome:SmallMolecule880,abstraction:ReactsWith,reactome:SmallMolecule1031
reactome:SmallMolecule612,abstraction:ReactsWith,reactome:SmallMolecule163
reactome:SmallMolecule965,abstraction:ReactsWith,reactome:SmallMolecule770
reactome:SmallMolecule3,abstraction:ReactsWith,reactome:SmallMolecule2179
reactome:SmallMolecule99,abstraction:ReactsWith,reactome:SmallMolecule1477
reactome:SmallMolecule3063,abstraction:ReactsWith,reactome:SmallMolecule1268
reactome:SmallMolecule633,abstraction:ReactsWith,reactome:SmallMolecule3121
reactome:SmallMolecule2798,abstraction:ReactsWith,reactome:SmallMolecule377
reactome:SmallMolecule1596,abstraction:ReactsWith,reactome:SmallMolecule1597
reactome:SmallMolecule869,abstraction:ReactsWith,reactome:SmallMolecule1062
reactome:SmallMolecule3,abstraction:ReactsWith,reactome:SmallMolecule824
reactome:SmallMolecule2885,abstraction:ReactsWith,reactome:SmallMolecule306
reactome:SmallMolecule2525,abstraction:ReactsWith,reactome:SmallMolecule591
reactome:SmallMolecule1029,abstraction:ReactsWith,reactome:SmallMolecule2634
reactome:SmallMolecule2,abstraction:ReactsWith,reactome:SmallMolecule3503
reactome:SmallMolecule377,abstraction:ReactsWith,reactome:SmallMolecule2779
reactome:SmallMolecule619,abstraction:ReactsWith,reactome:SmallMolecule742
reactome:SmallMolecule222,abstraction:ReactsWith,reactome:SmallMolecule377
reactome:SmallMolecule618,abstraction:ReactsWith,reactome:SmallMolecule1941
reactome:SmallMolecule2,abstraction:ReactsWith,reactome:SmallMolecule838
reactome:SmallMolecule3587,abstraction:ReactsWith,reactome:SmallMolecule541
reactome:SmallMolecule4630,abstraction:ReactsWith,reactome:SmallMolecule2
reactome:SmallMolecule127,abstraction:ReactsWith,reactome:SmallMolecule5047
reactome:SmallMolecule291,abstraction:ReactsWith,reactome:SmallMolecule709
reactome:SmallMolecule1450,abstraction:ReactsWith,reactome:SmallMolecule1303
reactome:SmallMolecule161,abstraction:ReactsWith,reactome:SmallMolecule44
reactome:SmallMolecule3,abstraction:ReactsWith,reactome:SmallMolecule3161
reactome:SmallMolecule3,abstraction:ReactsWith,reactome:SmallMolecule1611
reactome:SmallMolecule698,abstraction:ReactsWith,reactome:SmallMolecule2329
reactome:SmallMolecule1892,abstraction:ReactsWith,reactome:SmallMolecule377
reactome:SmallMolecule1343,abstraction:ReactsWith,reactome:SmallMolecule2751
reactome:SmallMolecule1461,abstraction:ReactsWith,reactome:SmallMolecule619
reactome:SmallMolecule1020,abstraction:ReactsWith,reactome:SmallMolecule3
reactome:SmallMolecule3106,abstraction:ReactsWith,reactome:SmallMolecule1268
reactome:SmallMolecule3098,abstraction:ReactsWith,reactome:SmallMolecule1178
reactome:SmallMolecule3978,abstraction:ReactsWith,reactome:SmallMolecule377
reactome:SmallMolecule619,abstraction:ReactsWith,reactome:SmallMolecule1898
reactome:SmallMolecule377,abstraction:ReactsWith,reactome:SmallMolecule35
reactome:SmallMolecule603,abstraction:ReactsWith,reactome:SmallMolecule2
reactome:SmallMolecule2260,abstraction:ReactsWith,reactome:SmallMolecule3
reactome:SmallMolecule2,abstraction:ReactsWith,reactome:SmallMolecule3565
reactome:SmallMolecule99,abstraction:ReactsWith,reactome:SmallMolecule1929
reactome:SmallMolecule361,abstraction:ReactsWith,reactome:SmallMolecule101
reactome:SmallMolecule5033,abstraction:ReactsWith,reactome:SmallMolecule5047
reactome:SmallMolecule1,abstraction:ReactsWith,reactome:SmallMolecule99
reactome:SmallMolecule513,abstraction:ReactsWith,reactome:SmallMolecule99
reactome:SmallMolecule1349,abstraction:ReactsWith,reactome:SmallMolecule1111
reactome:SmallMolecule2633,abstraction:ReactsWith,reactome:SmallMolecule99
reactome:SmallMolecule3,abstraction:ReactsWith,reactome:SmallMolecule2091
reactome:SmallMolecule109,abstraction:ReactsWith,reactome:SmallMolecule113
reactome:SmallMolecule923,abstraction:ReactsWith,reactome:SmallMolecule299
reactome:SmallMolecule34,abstraction:ReactsWith,reactome:SmallMolecule2797
reactome:SmallMolecule1339,abstraction:ReactsWith,reactome:SmallMolecule1370
reactome:SmallMolecule1029,abstraction:ReactsWith,reactome:SmallMolecule1640
reactome:SmallMolecule2523,abstraction:ReactsWith,reactome:SmallMolecule1343
reactome:SmallMolecule3575,abstraction:ReactsWith,reactome:SmallMolecule99
reactome:SmallMolecule4536,abstraction:ReactsWith,reactome:SmallMolecule4537
reactome:SmallMolecule1883,abstraction:ReactsWith,reactome:SmallMolecule633
reactome:SmallMolecule3516,abstraction:ReactsWith,reactome:SmallMolecule110
reactome:SmallMolecule1477,abstraction:ReactsWith,reactome:SmallMolecule619
reactome:SmallMolecule362,abstraction:ReactsWith,reactome:SmallMolecule2
reactome:SmallMolecule100,abstraction:ReactsWith,reactome:SmallMolecule381
reactome:SmallMolecule306,abstraction:ReactsWith,reactome:SmallMolecule2949
reactome:SmallMolecule1288,abstraction:ReactsWith,reactome:SmallMolecule1268
reactome:SmallMolecule3344,abstraction:ReactsWith,reactome:SmallMolecule880
reactome:SmallMolecule1900,abstraction:ReactsWith,reactome:SmallMolecule99
reactome:SmallMolecule591,abstraction:ReactsWith,reactome:SmallMolecule4549
reactome:SmallMolecule425,abstraction:ReactsWith,reactome:SmallMolecule102
reactome:SmallMolecule329,abstraction:ReactsWith,reactome:SmallMolecule407
reactome:SmallMolecule864,abstraction:ReactsWith,reactome:SmallMolecule710
reactome:SmallMolecule1875,abstraction:ReactsWith,reactome:SmallMolecule99
reactome:SmallMolecule1444,abstraction:ReactsWith,reactome:SmallMolecule1306
reactome:SmallMolecule618,abstraction:ReactsWith,reactome:SmallMolecule1459
reactome:SmallMolecule561,abstraction:ReactsWith,reactome:SmallMolecule1693
reactome:SmallMolecule619,abstraction:ReactsWith,reactome:SmallMolecule1788
reactome:SmallMolecule99,abstraction:ReactsWith,reactome:SmallMolecule1790
reactome:SmallMolecule3104,abstraction:ReactsWith,reactome:SmallMolecule638
reactome:SmallMolecule1830,abstraction:ReactsWith,reactome:SmallMolecule619
reactome:SmallMolecule1078,abstraction:ReactsWith,reactome:SmallMolecule99
reactome:SmallMolecule2251,abstraction:ReactsWith,reactome:SmallMolecule617
reactome:SmallMolecule612,abstraction:ReactsWith,reactome:SmallMolecule2647
reactome:SmallMolecule619,abstraction:ReactsWith,reactome:SmallMolecule1967
reactome:SmallMolecule774,abstraction:ReactsWith,reactome:SmallMolecule1560
reactome:SmallMolecule121,abstraction:ReactsWith,reactome:SmallMolecule111
reactome:SmallMolecule3,abstraction:ReactsWith,reactome:SmallMolecule1067
reactome:SmallMolecule3503,abstraction:ReactsWith,reactome:SmallMolecule618
reactome:SmallMolecule2225,abstraction:ReactsWith,reactome:SmallMolecule2221
reactome:SmallMolecule3261,abstraction:ReactsWith,reactome:SmallMolecule220
reactome:SmallMolecule710,abstraction:ReactsWith,reactome:SmallMolecule2322
reactome:SmallMolecule1879,abstraction:ReactsWith,reactome:SmallMolecule1135
reactome:SmallMolecule2584,abstraction:ReactsWith,reactome:SmallMolecule2
reactome:SmallMolecule434,abstraction:ReactsWith,reactome:SmallMolecule377
reactome:SmallMolecule1614,abstraction:ReactsWith,reactome:SmallMolecule3
reactome:SmallMolecule1228,abstraction:ReactsWith,reactome:SmallMolecule99
reactome:SmallMolecule96,abstraction:ReactsWith,reactome:SmallMolecule710
reactome:SmallMolecule3,abstraction:ReactsWith,reactome:SmallMolecule1147
reactome:SmallMolecule618,abstraction:ReactsWith,reactome:SmallMolecule1973
reactome:SmallMolecule125,abstraction:ReactsWith,reactome:SmallMolecule99
reactome:SmallMolecule99,abstraction:ReactsWith,reactome:SmallMolecule3709
reactome:SmallMolecule99,abstraction:ReactsWith,reactome:SmallMolecule1651
reactome:SmallMolecule110,abstraction:ReactsWith,reactome:SmallMolecule4986
reactome:SmallMolecule2,abstraction:ReactsWith,reactome:SmallMolecule744
reactome:SmallMolecule855,abstraction:ReactsWith,reactome:SmallMolecule377
reactome:SmallMolecule1764,abstraction:ReactsWith,reactome:SmallMolecule537
reactome:SmallMolecule774,abstraction:ReactsWith,reactome:SmallMolecule1513
reactome:SmallMolecule33,abstraction:ReactsWith,reactome:SmallMolecule2523
reactome:SmallMolecule3173,abstraction:ReactsWith,reactome:SmallMolecule3
reactome:SmallMolecule848,abstraction:ReactsWith,reactome:SmallMolecule3453
reactome:SmallMolecule2871,abstraction:ReactsWith,reactome:SmallMolecule3
reactome:SmallMolecule1944,abstraction:ReactsWith,reactome:SmallMolecule633
reactome:SmallMolecule368,abstraction:ReactsWith,reactome:SmallMolecule2
reactome:SmallMolecule1815,abstraction:ReactsWith,reactome:SmallMolecule99
reactome:SmallMolecule2595,abstraction:ReactsWith,reactome:SmallMolecule350
reactome:SmallMolecule3387,abstraction:ReactsWith,reactome:SmallMolecule2
reactome:SmallMolecule4420,abstraction:ReactsWith,reactome:SmallMolecule683
reactome:SmallMolecule34,abstraction:ReactsWith,reactome:SmallMolecule3292
reactome:SmallMolecule100,abstraction:ReactsWith,reactome:SmallMolecule318
reactome:SmallMolecule1834,abstraction:ReactsWith,reactome:SmallMolecule633
reactome:SmallMolecule911,abstraction:ReactsWith,reactome:SmallMolecule99
reactome:SmallMolecule102,abstraction:ReactsWith,reactome:SmallMolecule100
reactome:SmallMolecule1994,abstraction:ReactsWith,reactome:SmallMolecule1383
reactome:SmallMolecule1484,abstraction:ReactsWith,reactome:SmallMolecule3
reactome:SmallMolecule1577,abstraction:ReactsWith,reactome:SmallMolecule774
reactome:SmallMolecule1561,abstraction:ReactsWith,reactome:SmallMolecule109
reactome:SmallMolecule900,abstraction:ReactsWith,reactome:SmallMolecule876
reactome:SmallMolecule3,abstraction:ReactsWith,reactome:SmallMolecule2854
reactome:SmallMolecule3128,abstraction:ReactsWith,reactome:SmallMolecule1268
reactome:SmallMolecule2159,abstraction:ReactsWith,reactome:SmallMolecule622
reactome:SmallMolecule2,abstraction:ReactsWith,reactome:SmallMolecule109
reactome:SmallMolecule2,abstraction:ReactsWith,reactome:SmallMolecule721
reactome:SmallMolecule99,abstraction:ReactsWith,reactome:SmallMolecule1207
reactome:SmallMolecule3386,abstraction:ReactsWith,reactome:SmallMolecule2
reactome:SmallMolecule3,abstraction:ReactsWith,reactome:SmallMolecule2861
reactome:SmallMolecule3082,abstraction:ReactsWith,reactome:SmallMolecule1178
reactome:SmallMolecule1457,abstraction:ReactsWith,reactome:SmallMolecule1303
reactome:SmallMolecule929,abstraction:ReactsWith,reactome:SmallMolecule770
reactome:SmallMolecule354,abstraction:ReactsWith,reactome:SmallMolecule100
reactome:SmallMolecule306,abstraction:ReactsWith,reactome:SmallMolecule434
reactome:SmallMolecule3,abstraction:ReactsWith,reactome:SmallMolecule1016
reactome:SmallMolecule134,abstraction:ReactsWith,reactome:SmallMolecule4611
reactome:SmallMolecule511,abstraction:ReactsWith,reactome:SmallMolecule911
reactome:SmallMolecule101,abstraction:ReactsWith,reactome:SmallMolecule361
reactome:SmallMolecule2,abstraction:ReactsWith,reactome:SmallMolecule2588
reactome:SmallMolecule1424,abstraction:ReactsWith,reactome:SmallMolecule1405
reactome:SmallMolecule1105,abstraction:ReactsWith,reactome:SmallMolecule2
reactome:SmallMolecule99,abstraction:ReactsWith,reactome:SmallMolecule1796
reactome:SmallMolecule569,abstraction:ReactsWith,reactome:SmallMolecule3631
reactome:SmallMolecule2,abstraction:ReactsWith,reactome:SmallMolecule17
reactome:SmallMolecule1339,abstraction:ReactsWith,reactome:SmallMolecule1378
reactome:SmallMolecule100,abstraction:ReactsWith,reactome:SmallMolecule364
reactome:SmallMolecule770,abstraction:ReactsWith,reactome:SmallMolecule976
reactome:SmallMolecule2520,abstraction:ReactsWith,reactome:SmallMolecule99
reactome:SmallMolecule619,abstraction:ReactsWith,reactome:SmallMolecule37
reactome:SmallMolecule5358,abstraction:ReactsWith,reactome:SmallMolecule5360
reactome:SmallMolecule3013,abstraction:ReactsWith,reactome:SmallMolecule3018
reactome:SmallMolecule3082,abstraction:ReactsWith,reactome:SmallMolecule1269
reactome:SmallMolecule3072,abstraction:ReactsWith,reactome:SmallMolecule1178
reactome:SmallMolecule1637,abstraction:ReactsWith,reactome:SmallMolecule591
reactome:SmallMolecule6,abstraction:ReactsWith,reactome:SmallMolecule34
reactome:SmallMolecule1872,abstraction:ReactsWith,reactome:SmallMolecule710
reactome:SmallMolecule2661,abstraction:ReactsWith,reactome:SmallMolecule2666
reactome:SmallMolecule3633,abstraction:ReactsWith,reactome:SmallMolecule3546
reactome:SmallMolecule157,abstraction:ReactsWith,reactome:SmallMolecule100
reactome:SmallMolecule1505,abstraction:ReactsWith,reactome:SmallMolecule3551
reactome:SmallMolecule1796,abstraction:ReactsWith,reactome:SmallMolecule619
reactome:SmallMolecule3,abstraction:ReactsWith,reactome:SmallMolecule2952
reactome:SmallMolecule2636,abstraction:ReactsWith,reactome:SmallMolecule377
reactome:SmallMolecule1545,abstraction:ReactsWith,reactome:SmallMolecule2
reactome:SmallMolecule3349,abstraction:ReactsWith,reactome:SmallMolecule3
reactome:SmallMolecule1651,abstraction:ReactsWith,reactome:SmallMolecule99
reactome:SmallMolecule1178,abstraction:ReactsWith,reactome:SmallMolecule3083
reactome:SmallMolecule619,abstraction:ReactsWith,reactome:SmallMolecule516
reactome:SmallMolecule1339,abstraction:ReactsWith,reactome:SmallMolecule1361
reactome:SmallMolecule2522,abstraction:ReactsWith,reactome:SmallMolecule853
reactome:SmallMolecule34,abstraction:ReactsWith,reactome:SmallMolecule2780
reactome:SmallMolecule1175,abstraction:ReactsWith,reactome:SmallMolecule563
reactome:SmallMolecule1897,abstraction:ReactsWith,reactome:SmallMolecule619
reactome:SmallMolecule2,abstraction:ReactsWith,reactome:SmallMolecule1630
reactome:SmallMolecule99,abstraction:ReactsWith,reactome:SmallMolecule893
reactome:SmallMolecule554,abstraction:ReactsWith,reactome:SmallMolecule243
reactome:SmallMolecule770,abstraction:ReactsWith,reactome:SmallMolecule934
reactome:SmallMolecule3169,abstraction:ReactsWith,reactome:SmallMolecule3
reactome:SmallMolecule1779,abstraction:ReactsWith,reactome:SmallMolecule1778
reactome:SmallMolecule435,abstraction:ReactsWith,reactome:SmallMolecule306
reactome:SmallMolecule377,abstraction:ReactsWith,reactome:SmallMolecule222
reactome:SmallMolecule1437,abstraction:ReactsWith,reactome:SmallMolecule1405
reactome:SmallMolecule1241,abstraction:ReactsWith,reactome:SmallMolecule1196
reactome:SmallMolecule1111,abstraction:ReactsWith,reactome:SmallMolecule1356
reactome:SmallMolecule619,abstraction:ReactsWith,reactome:SmallMolecule1899
reactome:SmallMolecule2663,abstraction:ReactsWith,reactome:SmallMolecule3296
reactome:SmallMolecule1475,abstraction:ReactsWith,reactome:SmallMolecule1573
reactome:SmallMolecule1826,abstraction:ReactsWith,reactome:SmallMolecule710
reactome:SmallMolecule4,abstraction:ReactsWith,reactome:SmallMolecule864
reactome:SmallMolecule378,abstraction:ReactsWith,reactome:SmallMolecule2778
reactome:SmallMolecule2849,abstraction:ReactsWith,reactome:SmallMolecule306
reactome:SmallMolecule1216,abstraction:ReactsWith,reactome:SmallMolecule1294
reactome:SmallMolecule820,abstraction:ReactsWith,reactome:SmallMolecule4558
reactome:SmallMolecule2630,abstraction:ReactsWith,reactome:SmallMolecule361
reactome:SmallMolecule1884,abstraction:ReactsWith,reactome:SmallMolecule377
reactome:SmallMolecule619,abstraction:ReactsWith,reactome:SmallMolecule1876
reactome:SmallMolecule220,abstraction:ReactsWith,reactome:SmallMolecule2908
reactome:SmallMolecule3,abstraction:ReactsWith,reactome:SmallMolecule657
reactome:SmallMolecule1196,abstraction:ReactsWith,reactome:SmallMolecule2048
reactome:SmallMolecule377,abstraction:ReactsWith,reactome:SmallMolecule1919
reactome:SmallMolecule102,abstraction:ReactsWith,reactome:SmallMolecule5
reactome:SmallMolecule566,abstraction:ReactsWith,reactome:SmallMolecule3
reactome:SmallMolecule3,abstraction:ReactsWith,reactome:SmallMolecule1472
reactome:SmallMolecule2779,abstraction:ReactsWith,reactome:SmallMolecule377
reactome:SmallMolecule4606,abstraction:ReactsWith,reactome:SmallMolecule3
reactome:SmallMolecule377,abstraction:ReactsWith,reactome:SmallMolecule1943
reactome:SmallMolecule638,abstraction:ReactsWith,reactome:SmallMolecule3098
reactome:SmallMolecule46,abstraction:ReactsWith,reactome:SmallMolecule3
reactome:SmallMolecule591,abstraction:ReactsWith,reactome:SmallMolecule2525
reactome:SmallMolecule438,abstraction:ReactsWith,reactome:SmallMolecule100
reactome:SmallMolecule2924,abstraction:ReactsWith,reactome:SmallMolecule619
reactome:SmallMolecule377,abstraction:ReactsWith,reactome:SmallMolecule1892
reactome:SmallMolecule1269,abstraction:ReactsWith,reactome:SmallMolecule3082
reactome:SmallMolecule1259,abstraction:ReactsWith,reactome:SmallMolecule1196
reactome:SmallMolecule537,abstraction:ReactsWith,reactome:SmallMolecule3446
reactome:SmallMolecule99,abstraction:ReactsWith,reactome:SmallMolecule1897
reactome:SmallMolecule1770,abstraction:ReactsWith,reactome:SmallMolecule619
reactome:SmallMolecule5190,abstraction:ReactsWith,reactome:SmallMolecule306
reactome:SmallMolecule36,abstraction:ReactsWith,reactome:SmallMolecule860
reactome:SmallMolecule2664,abstraction:ReactsWith,reactome:SmallMolecule1343
reactome:SmallMolecule541,abstraction:ReactsWith,reactome:SmallMolecule3587
reactome:SmallMolecule361,abstraction:ReactsWith,reactome:SmallMolecule2326
reactome:SmallMolecule5452,abstraction:ReactsWith,reactome:SmallMolecule3
reactome:SmallMolecule361,abstraction:ReactsWith,reactome:SmallMolecule911
reactome:SmallMolecule3,abstraction:ReactsWith,reactome:SmallMolecule121
reactome:SmallMolecule619,abstraction:ReactsWith,reactome:SmallMolecule1228
reactome:SmallMolecule1837,abstraction:ReactsWith,reactome:SmallMolecule377
reactome:SmallMolecule2327,abstraction:ReactsWith,reactome:SmallMolecule2382
reactome:SmallMolecule2323,abstraction:ReactsWith,reactome:SmallMolecule2
reactome:SmallMolecule34,abstraction:ReactsWith,reactome:SmallMolecule2666
reactome:SmallMolecule3,abstraction:ReactsWith,reactome:SmallMolecule3138
reactome:SmallMolecule1380,abstraction:ReactsWith,reactome:SmallMolecule859
reactome:SmallMolecule3,abstraction:ReactsWith,reactome:SmallMolecule2851
reactome:SmallMolecule1927,abstraction:ReactsWith,reactome:SmallMolecule619
reactome:SmallMolecule33,abstraction:ReactsWith,reactome:SmallMolecule1575
reactome:SmallMolecule3025,abstraction:ReactsWith,reactome:SmallMolecule3
reactome:SmallMolecule2569,abstraction:ReactsWith,reactome:SmallMolecule1640
reactome:SmallMolecule2478,abstraction:ReactsWith,reactome:SmallMolecule3
reactome:SmallMolecule2,abstraction:ReactsWith,reactome:SmallMolecule2630
reactome:SmallMolecule2839,abstraction:ReactsWith,reactome:SmallMolecule99
reactome:SmallMolecule1303,abstraction:ReactsWith,reactome:SmallMolecule1309
reactome:SmallMolecule2040,abstraction:ReactsWith,reactome:SmallMolecule3
reactome:SmallMolecule562,abstraction:ReactsWith,reactome:SmallMolecule619
reactome:SmallMolecule220,abstraction:ReactsWith,reactome:SmallMolecule193
reactome:SmallMolecule2,abstraction:ReactsWith,reactome:SmallMolecule1777
reactome:SmallMolecule2260,abstraction:ReactsWith,reactome:SmallMolecule1196
reactome:SmallMolecule10,abstraction:ReactsWith,reactome:SmallMolecule1505
reactome:SmallMolecule888,abstraction:ReactsWith,reactome:SmallMolecule549
reactome:SmallMolecule2474,abstraction:ReactsWith,reactome:SmallMolecule3
reactome:SmallMolecule2528,abstraction:ReactsWith,reactome:SmallMolecule591
reactome:SmallMolecule186,abstraction:ReactsWith,reactome:SmallMolecule44
reactome:SmallMolecule1588,abstraction:ReactsWith,reactome:SmallMolecule1584
reactome:SmallMolecule31,abstraction:ReactsWith,reactome:SmallMolecule745
reactome:SmallMolecule1299,abstraction:ReactsWith,reactome:SmallMolecule2979
reactome:SmallMolecule4636,abstraction:ReactsWith,reactome:SmallMolecule4637
reactome:SmallMolecule1409,abstraction:ReactsWith,reactome:SmallMolecule1410
reactome:SmallMolecule1213,abstraction:ReactsWith,reactome:SmallMolecule869
reactome:SmallMolecule1178,abstraction:ReactsWith,reactome:SmallMolecule3510
reactome:SmallMolecule633,abstraction:ReactsWith,reactome:SmallMolecule2753
reactome:SmallMolecule638,abstraction:ReactsWith,reactome:SmallMolecule3130
reactome:SmallMolecule3,abstraction:ReactsWith,reactome:SmallMolecule1565
reactome:SmallMolecule253,abstraction:ReactsWith,reactome:SmallMolecule619
reactome:SmallMolecule619,abstraction:ReactsWith,reactome:SmallMolecule1874
reactome:SmallMolecule3,abstraction:ReactsWith,reactome:SmallMolecule3392
reactome:SmallMolecule313,abstraction:ReactsWith,reactome:SmallMolecule743
reactome:SmallMolecule220,abstraction:ReactsWith,reactome:SmallMolecule619
reactome:SmallMolecule194,abstraction:ReactsWith,reactome:SmallMolecule537
reactome:SmallMolecule619,abstraction:ReactsWith,reactome:SmallMolecule1207
reactome:SmallMolecule377,abstraction:ReactsWith,reactome:SmallMolecule632
reactome:SmallMolecule3,abstraction:ReactsWith,reactome:SmallMolecule698
reactome:SmallMolecule1882,abstraction:ReactsWith,reactome:SmallMolecule1135
reactome:SmallMolecule1,abstraction:ReactsWith,reactome:SmallMolecule101
reactome:SmallMolecule1107,abstraction:ReactsWith,reactome:SmallMolecule537
reactome:SmallMolecule3,abstraction:ReactsWith,reactome:SmallMolecule4641
reactome:SmallMolecule40,abstraction:ReactsWith,reactome:SmallMolecule303
reactome:SmallMolecule638,abstraction:ReactsWith,reactome:SmallMolecule1142
reactome:SmallMolecule3,abstraction:ReactsWith,reactome:SmallMolecule556
reactome:SmallMolecule619,abstraction:ReactsWith,reactome:SmallMolecule1820
reactome:SmallMolecule1405,abstraction:ReactsWith,reactome:SmallMolecule1306
reactome:SmallMolecule1069,abstraction:ReactsWith,reactome:SmallMolecule3
reactome:SmallMolecule1765,abstraction:ReactsWith,reactome:SmallMolecule619
reactome:SmallMolecule619,abstraction:ReactsWith,reactome:SmallMolecule1796
reactome:SmallMolecule15,abstraction:ReactsWith,reactome:SmallMolecule2
reactome:SmallMolecule3,abstraction:ReactsWith,reactome:SmallMolecule1546
reactome:SmallMolecule3007,abstraction:ReactsWith,reactome:SmallMolecule3005
reactome:SmallMolecule1344,abstraction:ReactsWith,reactome:SmallMolecule1994
reactome:SmallMolecule3,abstraction:ReactsWith,reactome:SmallMolecule37
reactome:SmallMolecule1142,abstraction:ReactsWith,reactome:SmallMolecule1268
reactome:SmallMolecule618,abstraction:ReactsWith,reactome:SmallMolecule1230
reactome:SmallMolecule3520,abstraction:ReactsWith,reactome:SmallMolecule34
reactome:SmallMolecule34,abstraction:ReactsWith,reactome:SmallMolecule2885
reactome:SmallMolecule618,abstraction:ReactsWith,reactome:SmallMolecule2601
reactome:SmallMolecule618,abstraction:ReactsWith,reactome:SmallMolecule2089
reactome:SmallMolecule3,abstraction:ReactsWith,reactome:SmallMolecule1622
reactome:SmallMolecule964,abstraction:ReactsWith,reactome:SmallMolecule770
reactome:SmallMolecule859,abstraction:ReactsWith,reactome:SmallMolecule1380
reactome:SmallMolecule1876,abstraction:ReactsWith,reactome:SmallMolecule99
reactome:SmallMolecule377,abstraction:ReactsWith,reactome:SmallMolecule855
reactome:SmallMolecule4932,abstraction:ReactsWith,reactome:SmallMolecule95
reactome:SmallMolecule174,abstraction:ReactsWith,reactome:SmallMolecule554
reactome:SmallMolecule44,abstraction:ReactsWith,reactome:SmallMolecule393
reactome:SmallMolecule2485,abstraction:ReactsWith,reactome:SmallMolecule1640
reactome:SmallMolecule618,abstraction:ReactsWith,reactome:SmallMolecule1997
reactome:SmallMolecule857,abstraction:ReactsWith,reactome:SmallMolecule855
reactome:SmallMolecule931,abstraction:ReactsWith,reactome:SmallMolecule770
reactome:SmallMolecule351,abstraction:ReactsWith,reactome:SmallMolecule10
reactome:SmallMolecule710,abstraction:ReactsWith,reactome:SmallMolecule1991
reactome:SmallMolecule1750,abstraction:ReactsWith,reactome:SmallMolecule3
reactome:SmallMolecule3,abstraction:ReactsWith,reactome:SmallMolecule2042
reactome:SmallMolecule3,abstraction:ReactsWith,reactome:SmallMolecule3851
reactome:SmallMolecule2295,abstraction:ReactsWith,reactome:SmallMolecule2291
reactome:SmallMolecule109,abstraction:ReactsWith,reactome:SmallMolecule98
reactome:SmallMolecule110,abstraction:ReactsWith,reactome:SmallMolecule126
reactome:SmallMolecule2,abstraction:ReactsWith,reactome:SmallMolecule2620
reactome:SmallMolecule33,abstraction:ReactsWith,reactome:SmallMolecule2409
reactome:SmallMolecule2404,abstraction:ReactsWith,reactome:SmallMolecule2405
reactome:SmallMolecule1656,abstraction:ReactsWith,reactome:SmallMolecule3
reactome:SmallMolecule1196,abstraction:ReactsWith,reactome:SmallMolecule3276
reactome:SmallMolecule2610,abstraction:ReactsWith,reactome:SmallMolecule3
reactome:SmallMolecule2310,abstraction:ReactsWith,reactome:SmallMolecule34
reactome:SmallMolecule33,abstraction:ReactsWith,reactome:SmallMolecule1137
reactome:SmallMolecule3102,abstraction:ReactsWith,reactome:SmallMolecule1178
reactome:SmallMolecule1178,abstraction:ReactsWith,reactome:SmallMolecule3104
reactome:SmallMolecule33,abstraction:ReactsWith,reactome:SmallMolecule1354
reactome:SmallMolecule1564,abstraction:ReactsWith,reactome:SmallMolecule3
reactome:SmallMolecule618,abstraction:ReactsWith,reactome:SmallMolecule2147
reactome:SmallMolecule4548,abstraction:ReactsWith,reactome:SmallMolecule591
reactome:SmallMolecule3,abstraction:ReactsWith,reactome:SmallMolecule604
reactome:SmallMolecule1510,abstraction:ReactsWith,reactome:SmallMolecule713
reactome:SmallMolecule514,abstraction:ReactsWith,reactome:SmallMolecule2435
reactome:SmallMolecule3,abstraction:ReactsWith,reactome:SmallMolecule1516
reactome:SmallMolecule3707,abstraction:ReactsWith,reactome:SmallMolecule869
reactome:SmallMolecule1837,abstraction:ReactsWith,reactome:SmallMolecule1135
reactome:SmallMolecule612,abstraction:ReactsWith,reactome:SmallMolecule3167
reactome:SmallMolecule554,abstraction:ReactsWith,reactome:SmallMolecule618
reactome:SmallMolecule2673,abstraction:ReactsWith,reactome:SmallMolecule2
reactome:SmallMolecule377,abstraction:ReactsWith,reactome:SmallMolecule306
reactome:SmallMolecule99,abstraction:ReactsWith,reactome:SmallMolecule251
reactome:SmallMolecule1268,abstraction:ReactsWith,reactome:SmallMolecule3065
reactome:SmallMolecule435,abstraction:ReactsWith,reactome:SmallMolecule2943
reactome:SmallMolecule351,abstraction:ReactsWith,reactome:SmallMolecule2659
reactome:SmallMolecule5349,abstraction:ReactsWith,reactome:SmallMolecule3
reactome:SmallMolecule3318,abstraction:ReactsWith,reactome:SmallMolecule537
reactome:SmallMolecule585,abstraction:ReactsWith,reactome:SmallMolecule2
reactome:SmallMolecule731,abstraction:ReactsWith,reactome:SmallMolecule730
reactome:SmallMolecule3,abstraction:ReactsWith,reactome:SmallMolecule710
reactome:SmallMolecule1303,abstraction:ReactsWith,reactome:SmallMolecule2979
reactome:SmallMolecule4552,abstraction:ReactsWith,reactome:SmallMolecule34
reactome:SmallMolecule4582,abstraction:ReactsWith,reactome:SmallMolecule1196
reactome:SmallMolecule442,abstraction:ReactsWith,reactome:SmallMolecule3
reactome:SmallMolecule549,abstraction:ReactsWith,reactome:SmallMolecule888
reactome:SmallMolecule3076,abstraction:ReactsWith,reactome:SmallMolecule638
reactome:SmallMolecule984,abstraction:ReactsWith,reactome:SmallMolecule541
reactome:SmallMolecule678,abstraction:ReactsWith,reactome:SmallMolecule99
reactome:SmallMolecule2796,abstraction:ReactsWith,reactome:SmallMolecule34
reactome:SmallMolecule99,abstraction:ReactsWith,reactome:SmallMolecule1765
reactome:SmallMolecule880,abstraction:ReactsWith,reactome:SmallMolecule1026
reactome:SmallMolecule2377,abstraction:ReactsWith,reactome:SmallMolecule6
reactome:SmallMolecule2979,abstraction:ReactsWith,reactome:SmallMolecule1299
reactome:SmallMolecule271,abstraction:ReactsWith,reactome:SmallMolecule295
reactome:SmallMolecule1373,abstraction:ReactsWith,reactome:SmallMolecule1339
reactome:SmallMolecule1340,abstraction:ReactsWith,reactome:SmallMolecule2621
reactome:SmallMolecule3351,abstraction:ReactsWith,reactome:SmallMolecule3347
reactome:SmallMolecule3,abstraction:ReactsWith,reactome:SmallMolecule3172
reactome:SmallMolecule1982,abstraction:ReactsWith,reactome:SmallMolecule742
reactome:SmallMolecule1955,abstraction:ReactsWith,reactome:SmallMolecule99
reactome:SmallMolecule42,abstraction:ReactsWith,reactome:SmallMolecule3
reactome:SmallMolecule2517,abstraction:ReactsWith,reactome:SmallMolecule2270
reactome:SmallMolecule3460,abstraction:ReactsWith,reactome:SmallMolecule2
reactome:SmallMolecule709,abstraction:ReactsWith,reactome:SmallMolecule4583
reactome:SmallMolecule1268,abstraction:ReactsWith,reactome:SmallMolecule1289
reactome:SmallMolecule3,abstraction:ReactsWith,reactome:SmallMolecule1623
reactome:SmallMolecule551,abstraction:ReactsWith,reactome:SmallMolecule543
reactome:SmallMolecule2666,abstraction:ReactsWith,reactome:SmallMolecule34
reactome:SmallMolecule3156,abstraction:ReactsWith,reactome:SmallMolecule3
reactome:SmallMolecule1795,abstraction:ReactsWith,reactome:SmallMolecule619
reactome:SmallMolecule865,abstraction:ReactsWith,reactome:SmallMolecule99
reactome:SmallMolecule2,abstraction:ReactsWith,reactome:SmallMolecule862
reactome:SmallMolecule1196,abstraction:ReactsWith,reactome:SmallMolecule2611
reactome:SmallMolecule288,abstraction:ReactsWith,reactome:SmallMolecule2
reactome:SmallMolecule369,abstraction:ReactsWith,reactome:SmallMolecule1460
reactome:SmallMolecule2039,abstraction:ReactsWith,reactome:SmallMolecule1196
reactome:SmallMolecule2822,abstraction:ReactsWith,reactome:SmallMolecule33
reactome:SmallMolecule1536,abstraction:ReactsWith,reactome:SmallMolecule1537
reactome:SmallMolecule2782,abstraction:ReactsWith,reactome:SmallMolecule33
reactome:SmallMolecule564,abstraction:ReactsWith,reactome:SmallMolecule3044
reactome:SmallMolecule1075,abstraction:ReactsWith,reactome:SmallMolecule618
reactome:SmallMolecule377,abstraction:ReactsWith,reactome:SmallMolecule36
reactome:SmallMolecule1488,abstraction:ReactsWith,reactome:SmallMolecule1487
reactome:SmallMolecule1299,abstraction:ReactsWith,reactome:SmallMolecule1412
reactome:SmallMolecule100,abstraction:ReactsWith,reactome:SmallMolecule338
reactome:SmallMolecule99,abstraction:ReactsWith,reactome:SmallMolecule2256
reactome:SmallMolecule2263,abstraction:ReactsWith,reactome:SmallMolecule33
reactome:SmallMolecule952,abstraction:ReactsWith,reactome:SmallMolecule770
reactome:SmallMolecule638,abstraction:ReactsWith,reactome:SmallMolecule3136
reactome:SmallMolecule1283,abstraction:ReactsWith,reactome:SmallMolecule1295
reactome:SmallMolecule378,abstraction:ReactsWith,reactome:SmallMolecule34
reactome:SmallMolecule2,abstraction:ReactsWith,reactome:SmallMolecule24
reactome:SmallMolecule1503,abstraction:ReactsWith,reactome:SmallMolecule3562
reactome:SmallMolecule3089,abstraction:ReactsWith,reactome:SmallMolecule1178
reactome:SmallMolecule100,abstraction:ReactsWith,reactome:SmallMolecule399
reactome:SmallMolecule1994,abstraction:ReactsWith,reactome:SmallMolecule1344
reactome:SmallMolecule1324,abstraction:ReactsWith,reactome:SmallMolecule742
reactome:SmallMolecule2040,abstraction:ReactsWith,reactome:SmallMolecule1196
reactome:SmallMolecule683,abstraction:ReactsWith,reactome:SmallMolecule2313
reactome:SmallMolecule845,abstraction:ReactsWith,reactome:SmallMolecule846
reactome:SmallMolecule1546,abstraction:ReactsWith,reactome:SmallMolecule3
reactome:SmallMolecule550,abstraction:ReactsWith,reactome:SmallMolecule1003
reactome:SmallMolecule1642,abstraction:ReactsWith,reactome:SmallMolecule880
reactome:SmallMolecule100,abstraction:ReactsWith,reactome:SmallMolecule109
reactome:SmallMolecule1630,abstraction:ReactsWith,reactome:SmallMolecule2
reactome:SmallMolecule1178,abstraction:ReactsWith,reactome:SmallMolecule638
reactome:SmallMolecule2435,abstraction:ReactsWith,reactome:SmallMolecule514
reactome:SmallMolecule2955,abstraction:ReactsWith,reactome:SmallMolecule2954
reactome:SmallMolecule2157,abstraction:ReactsWith,reactome:SmallMolecule2015
reactome:SmallMolecule2,abstraction:ReactsWith,reactome:SmallMolecule15
reactome:SmallMolecule1614,abstraction:ReactsWith,reactome:SmallMolecule2
reactome:SmallMolecule3,abstraction:ReactsWith,reactome:SmallMolecule2
reactome:SmallMolecule3,abstraction:ReactsWith,reactome:SmallMolecule2160
reactome:SmallMolecule541,abstraction:ReactsWith,reactome:SmallMolecule1687
reactome:SmallMolecule343,abstraction:ReactsWith,reactome:SmallMolecule619
reactome:SmallMolecule2015,abstraction:ReactsWith,reactome:SmallMolecule2014
reactome:SmallMolecule743,abstraction:ReactsWith,reactome:SmallMolecule1842
reactome:SmallMolecule591,abstraction:ReactsWith,reactome:SmallMolecule5250
reactome:SmallMolecule3466,abstraction:ReactsWith,reactome:SmallMolecule3
reactome:SmallMolecule591,abstraction:ReactsWith,reactome:SmallMolecule1561
reactome:SmallMolecule3582,abstraction:ReactsWith,reactome:SmallMolecule541
reactome:SmallMolecule99,abstraction:ReactsWith,reactome:SmallMolecule535
reactome:SmallMolecule365,abstraction:ReactsWith,reactome:SmallMolecule612
reactome:SmallMolecule33,abstraction:ReactsWith,reactome:SmallMolecule1347
reactome:SmallMolecule537,abstraction:ReactsWith,reactome:SmallMolecule3
reactome:SmallMolecule1268,abstraction:ReactsWith,reactome:SmallMolecule3104
reactome:SmallMolecule3165,abstraction:ReactsWith,reactome:SmallMolecule591
reactome:SmallMolecule2045,abstraction:ReactsWith,reactome:SmallMolecule622
reactome:SmallMolecule2753,abstraction:ReactsWith,reactome:SmallMolecule1919
reactome:SmallMolecule2110,abstraction:ReactsWith,reactome:SmallMolecule618
reactome:SmallMolecule915,abstraction:ReactsWith,reactome:SmallMolecule3265
reactome:SmallMolecule1117,abstraction:ReactsWith,reactome:SmallMolecule1107
reactome:SmallMolecule1799,abstraction:ReactsWith,reactome:SmallMolecule1797
reactome:SmallMolecule34,abstraction:ReactsWith,reactome:SmallMolecule2421
reactome:SmallMolecule4600,abstraction:ReactsWith,reactome:SmallMolecule4604
reactome:SmallMolecule299,abstraction:ReactsWith,reactome:SmallMolecule298
reactome:SmallMolecule474,abstraction:ReactsWith,reactome:SmallMolecule100
reactome:SmallMolecule1405,abstraction:ReactsWith,reactome:SmallMolecule1406
reactome:SmallMolecule244,abstraction:ReactsWith,reactome:SmallMolecule99
reactome:SmallMolecule2930,abstraction:ReactsWith,reactome:SmallMolecule1299
reactome:SmallMolecule566,abstraction:ReactsWith,reactome:SmallMolecule710
reactome:SmallMolecule1653,abstraction:ReactsWith,reactome:SmallMolecule618
reactome:SmallMolecule442,abstraction:ReactsWith,reactome:SmallMolecule2340
reactome:SmallMolecule3,abstraction:ReactsWith,reactome:SmallMolecule660
reactome:SmallMolecule3,abstraction:ReactsWith,reactome:SmallMolecule1663
reactome:SmallMolecule638,abstraction:ReactsWith,reactome:SmallMolecule3092
reactome:SmallMolecule99,abstraction:ReactsWith,reactome:SmallMolecule1823
reactome:SmallMolecule1105,abstraction:ReactsWith,reactome:SmallMolecule743
reactome:SmallMolecule2,abstraction:ReactsWith,reactome:SmallMolecule2921
reactome:SmallMolecule33,abstraction:ReactsWith,reactome:SmallMolecule633
reactome:SmallMolecule1196,abstraction:ReactsWith,reactome:SmallMolecule2915
reactome:SmallMolecule3554,abstraction:ReactsWith,reactome:SmallMolecule1505
reactome:SmallMolecule2,abstraction:ReactsWith,reactome:SmallMolecule3398
reactome:SmallMolecule36,abstraction:ReactsWith,reactome:SmallMolecule377
reactome:SmallMolecule442,abstraction:ReactsWith,reactome:SmallMolecule271
reactome:SmallMolecule1402,abstraction:ReactsWith,reactome:SmallMolecule1299
reactome:SmallMolecule591,abstraction:ReactsWith,reactome:SmallMolecule1522
reactome:SmallMolecule3287,abstraction:ReactsWith,reactome:SmallMolecule622
reactome:SmallMolecule2785,abstraction:ReactsWith,reactome:SmallMolecule306
reactome:SmallMolecule638,abstraction:ReactsWith,reactome:SmallMolecule1178
reactome:SmallMolecule3123,abstraction:ReactsWith,reactome:SmallMolecule1268
reactome:SmallMolecule1135,abstraction:ReactsWith,reactome:SmallMolecule1943
reactome:SmallMolecule591,abstraction:ReactsWith,reactome:SmallMolecule2638
reactome:SmallMolecule1803,abstraction:ReactsWith,reactome:SmallMolecule99
reactome:SmallMolecule1508,abstraction:ReactsWith,reactome:SmallMolecule1564
reactome:SmallMolecule1135,abstraction:ReactsWith,reactome:SmallMolecule1892
reactome:SmallMolecule295,abstraction:ReactsWith,reactome:SmallMolecule4
reactome:SmallMolecule2,abstraction:ReactsWith,reactome:SmallMolecule2908
reactome:SmallMolecule3,abstraction:ReactsWith,reactome:SmallMolecule810
reactome:SmallMolecule632,abstraction:ReactsWith,reactome:SmallMolecule377
reactome:SmallMolecule295,abstraction:ReactsWith,reactome:SmallMolecule1137
reactome:SmallMolecule618,abstraction:ReactsWith,reactome:SmallMolecule1078
reactome:SmallMolecule1268,abstraction:ReactsWith,reactome:SmallMolecule1292
reactome:SmallMolecule2,abstraction:ReactsWith,reactome:SmallMolecule375
reactome:SmallMolecule622,abstraction:ReactsWith,reactome:SmallMolecule897
reactome:SmallMolecule2251,abstraction:ReactsWith,reactome:SmallMolecule2256
reactome:SmallMolecule1306,abstraction:ReactsWith,reactome:SmallMolecule1444
reactome:SmallMolecule3395,abstraction:ReactsWith,reactome:SmallMolecule2
reactome:SmallMolecule3529,abstraction:ReactsWith,reactome:SmallMolecule2
reactome:SmallMolecule99,abstraction:ReactsWith,reactome:SmallMolecule3489
reactome:SmallMolecule948,abstraction:ReactsWith,reactome:SmallMolecule770
reactome:SmallMolecule2820,abstraction:ReactsWith,reactome:SmallMolecule220
reactome:SmallMolecule1111,abstraction:ReactsWith,reactome:SmallMolecule1372
reactome:SmallMolecule591,abstraction:ReactsWith,reactome:SmallMolecule3053
reactome:SmallMolecule619,abstraction:ReactsWith,reactome:SmallMolecule2110
reactome:SmallMolecule40,abstraction:ReactsWith,reactome:SmallMolecule3
reactome:SmallMolecule854,abstraction:ReactsWith,reactome:SmallMolecule2784
reactome:SmallMolecule3,abstraction:ReactsWith,reactome:SmallMolecule2515
reactome:SmallMolecule2220,abstraction:ReactsWith,reactome:SmallMolecule622
reactome:SmallMolecule3,abstraction:ReactsWith,reactome:SmallMolecule43
reactome:SmallMolecule1505,abstraction:ReactsWith,reactome:SmallMolecule3554
reactome:SmallMolecule3006,abstraction:ReactsWith,reactome:SmallMolecule3007
reactome:SmallMolecule1466,abstraction:ReactsWith,reactome:SmallMolecule3
reactome:SmallMolecule2886,abstraction:ReactsWith,reactome:SmallMolecule2890
reactome:SmallMolecule1146,abstraction:ReactsWith,reactome:SmallMolecule1284
reactome:SmallMolecule740,abstraction:ReactsWith,reactome:SmallMolecule741
reactome:SmallMolecule915,abstraction:ReactsWith,reactome:SmallMolecule157
reactome:SmallMolecule858,abstraction:ReactsWith,reactome:SmallMolecule535
reactome:SmallMolecule3,abstraction:ReactsWith,reactome:SmallMolecule654
reactome:SmallMolecule1354,abstraction:ReactsWith,reactome:SmallMolecule377
reactome:SmallMolecule618,abstraction:ReactsWith,reactome:SmallMolecule369
reactome:SmallMolecule885,abstraction:ReactsWith,reactome:SmallMolecule2
reactome:SmallMolecule1268,abstraction:ReactsWith,reactome:SmallMolecule638
reactome:SmallMolecule34,abstraction:ReactsWith,reactome:SmallMolecule1572
reactome:SmallMolecule2962,abstraction:ReactsWith,reactome:SmallMolecule2963
reactome:SmallMolecule4600,abstraction:ReactsWith,reactome:SmallMolecule4706
reactome:SmallMolecule911,abstraction:ReactsWith,reactome:SmallMolecule3378
reactome:SmallMolecule3353,abstraction:ReactsWith,reactome:SmallMolecule3347
reactome:SmallMolecule2845,abstraction:ReactsWith,reactome:SmallMolecule3
reactome:SmallMolecule867,abstraction:ReactsWith,reactome:SmallMolecule2
reactome:SmallMolecule1881,abstraction:ReactsWith,reactome:SmallMolecule1135
reactome:SmallMolecule99,abstraction:ReactsWith,reactome:SmallMolecule2356
reactome:SmallMolecule3,abstraction:ReactsWith,reactome:SmallMolecule3048
reactome:SmallMolecule100,abstraction:ReactsWith,reactome:SmallMolecule44
reactome:SmallMolecule46,abstraction:ReactsWith,reactome:SmallMolecule2
reactome:SmallMolecule2,abstraction:ReactsWith,reactome:SmallMolecule603
reactome:SmallMolecule1111,abstraction:ReactsWith,reactome:SmallMolecule1352
reactome:SmallMolecule3,abstraction:ReactsWith,reactome:SmallMolecule3472
reactome:SmallMolecule19,abstraction:ReactsWith,reactome:SmallMolecule3
reactome:SmallMolecule1135,abstraction:ReactsWith,reactome:SmallMolecule1879
reactome:SmallMolecule862,abstraction:ReactsWith,reactome:SmallMolecule2
reactome:SmallMolecule1196,abstraction:ReactsWith,reactome:SmallMolecule2923
reactome:SmallMolecule1796,abstraction:ReactsWith,reactome:SmallMolecule618
reactome:SmallMolecule3695,abstraction:ReactsWith,reactome:SmallMolecule561
reactome:SmallMolecule3,abstraction:ReactsWith,reactome:SmallMolecule2574
reactome:SmallMolecule3540,abstraction:ReactsWith,reactome:SmallMolecule5257
reactome:SmallMolecule18,abstraction:ReactsWith,reactome:SmallMolecule3
reactome:SmallMolecule2817,abstraction:ReactsWith,reactome:SmallMolecule2327
reactome:SmallMolecule1487,abstraction:ReactsWith,reactome:SmallMolecule1488
reactome:SmallMolecule102,abstraction:ReactsWith,reactome:SmallMolecule438
reactome:SmallMolecule357,abstraction:ReactsWith,reactome:SmallMolecule101
reactome:SmallMolecule99,abstraction:ReactsWith,reactome:SmallMolecule2781
reactome:SmallMolecule3,abstraction:ReactsWith,reactome:SmallMolecule2376
reactome:SmallMolecule3305,abstraction:ReactsWith,reactome:SmallMolecule1196
reactome:SmallMolecule7,abstraction:ReactsWith,reactome:SmallMolecule619
reactome:SmallMolecule618,abstraction:ReactsWith,reactome:SmallMolecule125
reactome:SmallMolecule44,abstraction:ReactsWith,reactome:SmallMolecule156
reactome:SmallMolecule1306,abstraction:ReactsWith,reactome:SmallMolecule1405
reactome:SmallMolecule1897,abstraction:ReactsWith,reactome:SmallMolecule618
reactome:SmallMolecule1178,abstraction:ReactsWith,reactome:SmallMolecule3134
reactome:SmallMolecule1339,abstraction:ReactsWith,reactome:SmallMolecule1372
reactome:SmallMolecule34,abstraction:ReactsWith,reactome:SmallMolecule2645
reactome:SmallMolecule610,abstraction:ReactsWith,reactome:SmallMolecule4603
reactome:SmallMolecule2,abstraction:ReactsWith,reactome:SmallMolecule1617
reactome:SmallMolecule1234,abstraction:ReactsWith,reactome:SmallMolecule3
reactome:SmallMolecule1948,abstraction:ReactsWith,reactome:SmallMolecule99
reactome:SmallMolecule1111,abstraction:ReactsWith,reactome:SmallMolecule1110
reactome:SmallMolecule2672,abstraction:ReactsWith,reactome:SmallMolecule33
reactome:SmallMolecule551,abstraction:ReactsWith,reactome:SmallMolecule3
reactome:SmallMolecule5213,abstraction:ReactsWith,reactome:SmallMolecule618
reactome:SmallMolecule638,abstraction:ReactsWith,reactome:SmallMolecule3076
reactome:SmallMolecule377,abstraction:ReactsWith,reactome:SmallMolecule378
reactome:SmallMolecule33,abstraction:ReactsWith,reactome:SmallMolecule2672
reactome:SmallMolecule2325,abstraction:ReactsWith,reactome:SmallMolecule2324
reactome:SmallMolecule1519,abstraction:ReactsWith,reactome:SmallMolecule3
reactome:SmallMolecule163,abstraction:ReactsWith,reactome:SmallMolecule591
reactome:SmallMolecule1372,abstraction:ReactsWith,reactome:SmallMolecule1111
reactome:SmallMolecule618,abstraction:ReactsWith,reactome:SmallMolecule1948
reactome:SmallMolecule2,abstraction:ReactsWith,reactome:SmallMolecule2631
reactome:SmallMolecule4992,abstraction:ReactsWith,reactome:SmallMolecule110
reactome:SmallMolecule1196,abstraction:ReactsWith,reactome:SmallMolecule2260
reactome:SmallMolecule1676,abstraction:ReactsWith,reactome:SmallMolecule541
reactome:SmallMolecule2403,abstraction:ReactsWith,reactome:SmallMolecule2404
reactome:SmallMolecule618,abstraction:ReactsWith,reactome:SmallMolecule2604
reactome:SmallMolecule773,abstraction:ReactsWith,reactome:SmallMolecule774
reactome:SmallMolecule2889,abstraction:ReactsWith,reactome:SmallMolecule2890
reactome:SmallMolecule618,abstraction:ReactsWith,reactome:SmallMolecule2012
reactome:SmallMolecule126,abstraction:ReactsWith,reactome:SmallMolecule110
reactome:SmallMolecule2848,abstraction:ReactsWith,reactome:SmallMolecule1343
reactome:SmallMolecule857,abstraction:ReactsWith,reactome:SmallMolecule378
reactome:SmallMolecule2776,abstraction:ReactsWith,reactome:SmallMolecule99
reactome:SmallMolecule3013,abstraction:ReactsWith,reactome:SmallMolecule612
reactome:SmallMolecule2901,abstraction:ReactsWith,reactome:SmallMolecule2900
reactome:SmallMolecule710,abstraction:ReactsWith,reactome:SmallMolecule969
reactome:SmallMolecule2,abstraction:ReactsWith,reactome:SmallMolecule867
reactome:SmallMolecule2,abstraction:ReactsWith,reactome:SmallMolecule900
reactome:SmallMolecule1111,abstraction:ReactsWith,reactome:SmallMolecule1349
reactome:SmallMolecule633,abstraction:ReactsWith,reactome:SmallMolecule1882
reactome:SmallMolecule1875,abstraction:ReactsWith,reactome:SmallMolecule619
reactome:SmallMolecule109,abstraction:ReactsWith,reactome:SmallMolecule4073
reactome:SmallMolecule1146,abstraction:ReactsWith,reactome:SmallMolecule1312
reactome:SmallMolecule844,abstraction:ReactsWith,reactome:SmallMolecule4581
reactome:SmallMolecule33,abstraction:ReactsWith,reactome:SmallMolecule2787
reactome:SmallMolecule3,abstraction:ReactsWith,reactome:SmallMolecule1056
reactome:SmallMolecule1770,abstraction:ReactsWith,reactome:SmallMolecule618
reactome:SmallMolecule1858,abstraction:ReactsWith,reactome:SmallMolecule1855
reactome:SmallMolecule1943,abstraction:ReactsWith,reactome:SmallMolecule377
reactome:SmallMolecule3,abstraction:ReactsWith,reactome:SmallMolecule2130
reactome:SmallMolecule1135,abstraction:ReactsWith,reactome:SmallMolecule306
reactome:SmallMolecule1178,abstraction:ReactsWith,reactome:SmallMolecule3085
reactome:SmallMolecule99,abstraction:ReactsWith,reactome:SmallMolecule3526
reactome:SmallMolecule2892,abstraction:ReactsWith,reactome:SmallMolecule2890
reactome:SmallMolecule1927,abstraction:ReactsWith,reactome:SmallMolecule618
reactome:SmallMolecule101,abstraction:ReactsWith,reactome:SmallMolecule329
reactome:SmallMolecule603,abstraction:ReactsWith,reactome:SmallMolecule10
reactome:SmallMolecule100,abstraction:ReactsWith,reactome:SmallMolecule223
reactome:SmallMolecule99,abstraction:ReactsWith,reactome:SmallMolecule100
reactome:SmallMolecule876,abstraction:ReactsWith,reactome:SmallMolecule903
reactome:SmallMolecule1790,abstraction:ReactsWith,reactome:SmallMolecule99
reactome:SmallMolecule3,abstraction:ReactsWith,reactome:SmallMolecule1540
reactome:SmallMolecule1597,abstraction:ReactsWith,reactome:SmallMolecule1596
reactome:SmallMolecule2269,abstraction:ReactsWith,reactome:SmallMolecule33
reactome:SmallMolecule3,abstraction:ReactsWith,reactome:SmallMolecule3383
reactome:SmallMolecule306,abstraction:ReactsWith,reactome:SmallMolecule2785
reactome:SmallMolecule279,abstraction:ReactsWith,reactome:SmallMolecule710
reactome:SmallMolecule2,abstraction:ReactsWith,reactome:SmallMolecule1075
reactome:SmallMolecule1516,abstraction:ReactsWith,reactome:SmallMolecule3
reactome:SmallMolecule8,abstraction:ReactsWith,reactome:SmallMolecule3
reactome:SmallMolecule1918,abstraction:ReactsWith,reactome:SmallMolecule633
reactome:SmallMolecule500,abstraction:ReactsWith,reactome:SmallMolecule2
reactome:SmallMolecule591,abstraction:ReactsWith,reactome:SmallMolecule2550
reactome:SmallMolecule619,abstraction:ReactsWith,reactome:SmallMolecule3489
reactome:SmallMolecule3344,abstraction:ReactsWith,reactome:SmallMolecule5069
reactome:SmallMolecule2010,abstraction:ReactsWith,reactome:SmallMolecule1196
reactome:SmallMolecule100,abstraction:ReactsWith,reactome:SmallMolecule685
reactome:SmallMolecule3,abstraction:ReactsWith,reactome:SmallMolecule2407
reactome:SmallMolecule2954,abstraction:ReactsWith,reactome:SmallMolecule2955
reactome:SmallMolecule638,abstraction:ReactsWith,reactome:SmallMolecule3117
reactome:SmallMolecule3100,abstraction:ReactsWith,reactome:SmallMolecule638
reactome:SmallMolecule638,abstraction:ReactsWith,reactome:SmallMolecule3096
reactome:SmallMolecule34,abstraction:ReactsWith,reactome:SmallMolecule1992
reactome:SmallMolecule4606,abstraction:ReactsWith,reactome:SmallMolecule99
reactome:SmallMolecule1033,abstraction:ReactsWith,reactome:SmallMolecule880
reactome:SmallMolecule1354,abstraction:ReactsWith,reactome:SmallMolecule1135
reactome:SmallMolecule5066,abstraction:ReactsWith,reactome:SmallMolecule99
reactome:SmallMolecule897,abstraction:ReactsWith,reactome:SmallMolecule622
reactome:SmallMolecule33,abstraction:ReactsWith,reactome:SmallMolecule2320
reactome:SmallMolecule853,abstraction:ReactsWith,reactome:SmallMolecule34
reactome:SmallMolecule1997,abstraction:ReactsWith,reactome:SmallMolecule618
reactome:SmallMolecule638,abstraction:ReactsWith,reactome:SmallMolecule3100
reactome:SmallMolecule1303,abstraction:ReactsWith,reactome:SmallMolecule2826
reactome:SmallMolecule1585,abstraction:ReactsWith,reactome:SmallMolecule1510
reactome:SmallMolecule2404,abstraction:ReactsWith,reactome:SmallMolecule2403
reactome:SmallMolecule2610,abstraction:ReactsWith,reactome:SmallMolecule2
reactome:SmallMolecule2907,abstraction:ReactsWith,reactome:SmallMolecule2015
reactome:SmallMolecule591,abstraction:ReactsWith,reactome:SmallMolecule1670
reactome:SmallMolecule407,abstraction:ReactsWith,reactome:SmallMolecule338
reactome:SmallMolecule4578,abstraction:ReactsWith,reactome:SmallMolecule3
reactome:SmallMolecule99,abstraction:ReactsWith,reactome:SmallMolecule1175
reactome:SmallMolecule1564,abstraction:ReactsWith,reactome:SmallMolecule2
reactome:SmallMolecule591,abstraction:ReactsWith,reactome:SmallMolecule2566
reactome:SmallMolecule774,abstraction:ReactsWith,reactome:SmallMolecule773
reactome:SmallMolecule2421,abstraction:ReactsWith,reactome:SmallMolecule34
reactome:SmallMolecule3295,abstraction:ReactsWith,reactome:SmallMolecule1111
reactome:SmallMolecule585,abstraction:ReactsWith,reactome:SmallMolecule743
reactome:SmallMolecule3136,abstraction:ReactsWith,reactome:SmallMolecule1178
reactome:SmallMolecule1178,abstraction:ReactsWith,reactome:SmallMolecule3072
reactome:SmallMolecule875,abstraction:ReactsWith,reactome:SmallMolecule3
reactome:SmallMolecule1018,abstraction:ReactsWith,reactome:SmallMolecule1561
reactome:SmallMolecule99,abstraction:ReactsWith,reactome:SmallMolecule3560
reactome:SmallMolecule377,abstraction:ReactsWith,reactome:SmallMolecule2811
reactome:SmallMolecule5033,abstraction:ReactsWith,reactome:SmallMolecule127
reactome:SmallMolecule1135,abstraction:ReactsWith,reactome:SmallMolecule1343
reactome:SmallMolecule2780,abstraction:ReactsWith,reactome:SmallMolecule2301
reactome:SmallMolecule569,abstraction:ReactsWith,reactome:SmallMolecule560
reactome:SmallMolecule24,abstraction:ReactsWith,reactome:SmallMolecule3
reactome:SmallMolecule2763,abstraction:ReactsWith,reactome:SmallMolecule622
reactome:SmallMolecule554,abstraction:ReactsWith,reactome:SmallMolecule1910
reactome:SmallMolecule2831,abstraction:ReactsWith,reactome:SmallMolecule377
reactome:SmallMolecule1135,abstraction:ReactsWith,reactome:SmallMolecule1880
reactome:SmallMolecule591,abstraction:ReactsWith,reactome:SmallMolecule2524
reactome:SmallMolecule2842,abstraction:ReactsWith,reactome:SmallMolecule618
reactome:SmallMolecule743,abstraction:ReactsWith,reactome:SmallMolecule585
reactome:SmallMolecule1685,abstraction:ReactsWith,reactome:SmallMolecule549
reactome:SmallMolecule1659,abstraction:ReactsWith,reactome:SmallMolecule1660
reactome:SmallMolecule1441,abstraction:ReactsWith,reactome:SmallMolecule1299
reactome:SmallMolecule1328,abstraction:ReactsWith,reactome:SmallMolecule1327
reactome:SmallMolecule442,abstraction:ReactsWith,reactome:SmallMolecule2
reactome:SmallMolecule3,abstraction:ReactsWith,reactome:SmallMolecule2677
reactome:SmallMolecule1268,abstraction:ReactsWith,reactome:SmallMolecule3134
reactome:SmallMolecule33,abstraction:ReactsWith,reactome:SmallMolecule1341
reactome:SmallMolecule2665,abstraction:ReactsWith,reactome:SmallMolecule34
reactome:SmallMolecule2973,abstraction:ReactsWith,reactome:SmallMolecule1303
reactome:SmallMolecule3134,abstraction:ReactsWith,reactome:SmallMolecule1178
reactome:SmallMolecule848,abstraction:ReactsWith,reactome:SmallMolecule3
reactome:SmallMolecule1503,abstraction:ReactsWith,reactome:SmallMolecule1534
reactome:SmallMolecule3709,abstraction:ReactsWith,reactome:SmallMolecule99
reactome:SmallMolecule2981,abstraction:ReactsWith,reactome:SmallMolecule2982
reactome:SmallMolecule2030,abstraction:ReactsWith,reactome:SmallMolecule3
reactome:SmallMolecule710,abstraction:ReactsWith,reactome:SmallMolecule4
reactome:SmallMolecule192,abstraction:ReactsWith,reactome:SmallMolecule537
reactome:SmallMolecule911,abstraction:ReactsWith,reactome:SmallMolecule2628
reactome:SmallMolecule2,abstraction:ReactsWith,reactome:SmallMolecule42
reactome:SmallMolecule1778,abstraction:ReactsWith,reactome:SmallMolecule1780
reactome:SmallMolecule2435,abstraction:ReactsWith,reactome:SmallMolecule516
reactome:SmallMolecule99,abstraction:ReactsWith,reactome:SmallMolecule5
reactome:SmallMolecule1178,abstraction:ReactsWith,reactome:SmallMolecule1318
reactome:SmallMolecule2981,abstraction:ReactsWith,reactome:SmallMolecule2998
reactome:SmallMolecule4303,abstraction:ReactsWith,reactome:SmallMolecule591
reactome:SmallMolecule682,abstraction:ReactsWith,reactome:SmallMolecule377
reactome:SmallMolecule35,abstraction:ReactsWith,reactome:SmallMolecule377
reactome:SmallMolecule1798,abstraction:ReactsWith,reactome:SmallMolecule1799
reactome:SmallMolecule42,abstraction:ReactsWith,reactome:SmallMolecule2
reactome:SmallMolecule288,abstraction:ReactsWith,reactome:SmallMolecule743
reactome:SmallMolecule1114,abstraction:ReactsWith,reactome:SmallMolecule536
reactome:SmallMolecule2923,abstraction:ReactsWith,reactome:SmallMolecule619
reactome:SmallMolecule1428,abstraction:ReactsWith,reactome:SmallMolecule1422
reactome:SmallMolecule2826,abstraction:ReactsWith,reactome:SmallMolecule1303
reactome:SmallMolecule275,abstraction:ReactsWith,reactome:SmallMolecule286
reactome:SmallMolecule864,abstraction:ReactsWith,reactome:SmallMolecule901
reactome:SmallMolecule1315,abstraction:ReactsWith,reactome:SmallMolecule1178
reactome:SmallMolecule2322,abstraction:ReactsWith,reactome:SmallMolecule2338
reactome:SmallMolecule3347,abstraction:ReactsWith,reactome:SmallMolecule3351
reactome:SmallMolecule100,abstraction:ReactsWith,reactome:SmallMolecule296
reactome:SmallMolecule541,abstraction:ReactsWith,reactome:SmallMolecule1676
reactome:SmallMolecule3,abstraction:ReactsWith,reactome:SmallMolecule1482
reactome:SmallMolecule1268,abstraction:ReactsWith,reactome:SmallMolecule3085
reactome:SmallMolecule2357,abstraction:ReactsWith,reactome:SmallMolecule6
reactome:SmallMolecule2495,abstraction:ReactsWith,reactome:SmallMolecule3
reactome:SmallMolecule3113,abstraction:ReactsWith,reactome:SmallMolecule1268
reactome:SmallMolecule2785,abstraction:ReactsWith,reactome:SmallMolecule2784
reactome:SmallMolecule132,abstraction:ReactsWith,reactome:SmallMolecule102
reactome:SmallMolecule2862,abstraction:ReactsWith,reactome:SmallMolecule618
reactome:SmallMolecule99,abstraction:ReactsWith,reactome:SmallMolecule1898
reactome:SmallMolecule854,abstraction:ReactsWith,reactome:SmallMolecule34
reactome:SmallMolecule3629,abstraction:ReactsWith,reactome:SmallMolecule569
reactome:SmallMolecule726,abstraction:ReactsWith,reactome:SmallMolecule683
reactome:SmallMolecule622,abstraction:ReactsWith,reactome:SmallMolecule2069
reactome:SmallMolecule983,abstraction:ReactsWith,reactome:SmallMolecule549
reactome:SmallMolecule1343,abstraction:ReactsWith,reactome:SmallMolecule1355
reactome:SmallMolecule1255,abstraction:ReactsWith,reactome:SmallMolecule618
reactome:SmallMolecule99,abstraction:ReactsWith,reactome:SmallMolecule1875
reactome:SmallMolecule100,abstraction:ReactsWith,reactome:SmallMolecule354
reactome:SmallMolecule2577,abstraction:ReactsWith,reactome:SmallMolecule3
reactome:SmallMolecule3,abstraction:ReactsWith,reactome:SmallMolecule1479
reactome:SmallMolecule2267,abstraction:ReactsWith,reactome:SmallMolecule2274
reactome:SmallMolecule1340,abstraction:ReactsWith,reactome:SmallMolecule34
reactome:SmallMolecule116,abstraction:ReactsWith,reactome:SmallMolecule5
reactome:SmallMolecule2335,abstraction:ReactsWith,reactome:SmallMolecule361
reactome:SmallMolecule2809,abstraction:ReactsWith,reactome:SmallMolecule33
reactome:SmallMolecule774,abstraction:ReactsWith,reactome:SmallMolecule1577
reactome:SmallMolecule866,abstraction:ReactsWith,reactome:SmallMolecule3
reactome:SmallMolecule2841,abstraction:ReactsWith,reactome:SmallMolecule618
reactome:SmallMolecule5257,abstraction:ReactsWith,reactome:SmallMolecule3540
reactome:SmallMolecule2279,abstraction:ReactsWith,reactome:SmallMolecule1343
reactome:SmallMolecule325,abstraction:ReactsWith,reactome:SmallMolecule2
reactome:SmallMolecule1422,abstraction:ReactsWith,reactome:SmallMolecule1445
reactome:SmallMolecule633,abstraction:ReactsWith,reactome:SmallMolecule2949
reactome:SmallMolecule2631,abstraction:ReactsWith,reactome:SmallMolecule2
reactome:SmallMolecule2,abstraction:ReactsWith,reactome:SmallMolecule2432
reactome:SmallMolecule2481,abstraction:ReactsWith,reactome:SmallMolecule3
reactome:SmallMolecule2879,abstraction:ReactsWith,reactome:SmallMolecule2282
reactome:SmallMolecule34,abstraction:ReactsWith,reactome:SmallMolecule2360
reactome:SmallMolecule1031,abstraction:ReactsWith,reactome:SmallMolecule880
reactome:SmallMolecule770,abstraction:ReactsWith,reactome:SmallMolecule959
reactome:SmallMolecule1422,abstraction:ReactsWith,reactome:SmallMolecule1852
reactome:SmallMolecule3,abstraction:ReactsWith,reactome:SmallMolecule174
reactome:SmallMolecule2863,abstraction:ReactsWith,reactome:SmallMolecule3
reactome:SmallMolecule366,abstraction:ReactsWith,reactome:SmallMolecule915
reactome:SmallMolecule2668,abstraction:ReactsWith,reactome:SmallMolecule3
reactome:SmallMolecule1126,abstraction:ReactsWith,reactome:SmallMolecule1127
reactome:SmallMolecule3,abstraction:ReactsWith,reactome:SmallMolecule9
reactome:SmallMolecule537,abstraction:ReactsWith,reactome:SmallMolecule2
reactome:SmallMolecule99,abstraction:ReactsWith,reactome:SmallMolecule1967
reactome:SmallMolecule2067,abstraction:ReactsWith,reactome:SmallMolecule618
reactome:SmallMolecule33,abstraction:ReactsWith,reactome:SmallMolecule3982
reactome:SmallMolecule710,abstraction:ReactsWith,reactome:SmallMolecule2863
reactome:SmallMolecule377,abstraction:ReactsWith,reactome:SmallMolecule1111
reactome:SmallMolecule854,abstraction:ReactsWith,reactome:SmallMolecule853
reactome:SmallMolecule3055,abstraction:ReactsWith,reactome:SmallMolecule3043
reactome:SmallMolecule2,abstraction:ReactsWith,reactome:SmallMolecule348
reactome:SmallMolecule3,abstraction:ReactsWith,reactome:SmallMolecule3349
reactome:SmallMolecule221,abstraction:ReactsWith,reactome:SmallMolecule3
reactome:SmallMolecule99,abstraction:ReactsWith,reactome:SmallMolecule2310
reactome:SmallMolecule4603,abstraction:ReactsWith,reactome:SmallMolecule610
reactome:SmallMolecule1268,abstraction:ReactsWith,reactome:SmallMolecule3072
reactome:SmallMolecule625,abstraction:ReactsWith,reactome:SmallMolecule619
reactome:SmallMolecule291,abstraction:ReactsWith,reactome:SmallMolecule2260
reactome:SmallMolecule2327,abstraction:ReactsWith,reactome:SmallMolecule2
reactome:SmallMolecule4600,abstraction:ReactsWith,reactome:SmallMolecule4627
reactome:SmallMolecule3503,abstraction:ReactsWith,reactome:SmallMolecule554
reactome:SmallMolecule3013,abstraction:ReactsWith,reactome:SmallMolecule157
reactome:SmallMolecule1137,abstraction:ReactsWith,reactome:SmallMolecule1835
reactome:SmallMolecule2,abstraction:ReactsWith,reactome:SmallMolecule899
reactome:SmallMolecule97,abstraction:ReactsWith,reactome:SmallMolecule110
reactome:SmallMolecule563,abstraction:ReactsWith,reactome:SmallMolecule551
reactome:SmallMolecule2855,abstraction:ReactsWith,reactome:SmallMolecule3
reactome:SmallMolecule1299,abstraction:ReactsWith,reactome:SmallMolecule1422
reactome:SmallMolecule2517,abstraction:ReactsWith,reactome:SmallMolecule34
reactome:SmallMolecule2249,abstraction:ReactsWith,reactome:SmallMolecule3
reactome:SmallMolecule2856,abstraction:ReactsWith,reactome:SmallMolecule619
reactome:SmallMolecule378,abstraction:ReactsWith,reactome:SmallMolecule33
reactome:SmallMolecule3,abstraction:ReactsWith,reactome:SmallMolecule3025
reactome:SmallMolecule3104,abstraction:ReactsWith,reactome:SmallMolecule1178
reactome:SmallMolecule721,abstraction:ReactsWith,reactome:SmallMolecule102
reactome:SmallMolecule591,abstraction:ReactsWith,reactome:SmallMolecule2690
reactome:SmallMolecule1299,abstraction:ReactsWith,reactome:SmallMolecule2973
reactome:SmallMolecule209,abstraction:ReactsWith,reactome:SmallMolecule100
reactome:SmallMolecule2284,abstraction:ReactsWith,reactome:SmallMolecule2746
reactome:SmallMolecule1178,abstraction:ReactsWith,reactome:SmallMolecule3082
reactome:SmallMolecule619,abstraction:ReactsWith,reactome:SmallMolecule2253
reactome:SmallMolecule618,abstraction:ReactsWith,reactome:SmallMolecule2872
reactome:SmallMolecule5023,abstraction:ReactsWith,reactome:SmallMolecule127
reactome:SmallMolecule140,abstraction:ReactsWith,reactome:SmallMolecule102
reactome:SmallMolecule568,abstraction:ReactsWith,reactome:SmallMolecule105
reactome:SmallMolecule1111,abstraction:ReactsWith,reactome:SmallMolecule1370
reactome:SmallMolecule1135,abstraction:ReactsWith,reactome:SmallMolecule1944
reactome:SmallMolecule1369,abstraction:ReactsWith,reactome:SmallMolecule1111
reactome:SmallMolecule622,abstraction:ReactsWith,reactome:SmallMolecule844
reactome:SmallMolecule1309,abstraction:ReactsWith,reactome:SmallMolecule1303
reactome:SmallMolecule271,abstraction:ReactsWith,reactome:SmallMolecule342
reactome:SmallMolecule99,abstraction:ReactsWith,reactome:SmallMolecule2776
reactome:SmallMolecule99,abstraction:ReactsWith,reactome:SmallMolecule698
reactome:SmallMolecule99,abstraction:ReactsWith,reactome:SmallMolecule2596
reactome:SmallMolecule1246,abstraction:ReactsWith,reactome:SmallMolecule622
reactome:SmallMolecule543,abstraction:ReactsWith,reactome:SmallMolecule563
reactome:SmallMolecule377,abstraction:ReactsWith,reactome:SmallMolecule2833
reactome:SmallMolecule383,abstraction:ReactsWith,reactome:SmallMolecule100
reactome:SmallMolecule279,abstraction:ReactsWith,reactome:SmallMolecule99
reactome:SmallMolecule554,abstraction:ReactsWith,reactome:SmallMolecule3211
reactome:SmallMolecule101,abstraction:ReactsWith,reactome:SmallMolecule100
reactome:SmallMolecule1075,abstraction:ReactsWith,reactome:SmallMolecule619
reactome:SmallMolecule343,abstraction:ReactsWith,reactome:SmallMolecule618
reactome:SmallMolecule324,abstraction:ReactsWith,reactome:SmallMolecule100
reactome:SmallMolecule1609,abstraction:ReactsWith,reactome:SmallMolecule2
reactome:SmallMolecule566,abstraction:ReactsWith,reactome:SmallMolecule543
reactome:SmallMolecule622,abstraction:ReactsWith,reactome:SmallMolecule2763
reactome:SmallMolecule3,abstraction:ReactsWith,reactome:SmallMolecule2507
reactome:SmallMolecule33,abstraction:ReactsWith,reactome:SmallMolecule2263
reactome:SmallMolecule476,abstraction:ReactsWith,reactome:SmallMolecule102
reactome:SmallMolecule2267,abstraction:ReactsWith,reactome:SmallMolecule2889
reactome:SmallMolecule5250,abstraction:ReactsWith,reactome:SmallMolecule591
reactome:SmallMolecule2089,abstraction:ReactsWith,reactome:SmallMolecule99
reactome:SmallMolecule399,abstraction:ReactsWith,reactome:SmallMolecule100
reactome:SmallMolecule2379,abstraction:ReactsWith,reactome:SmallMolecule2
reactome:SmallMolecule553,abstraction:ReactsWith,reactome:SmallMolecule938
reactome:SmallMolecule869,abstraction:ReactsWith,reactome:SmallMolecule1964
reactome:SmallMolecule1196,abstraction:ReactsWith,reactome:SmallMolecule3379
reactome:SmallMolecule2,abstraction:ReactsWith,reactome:SmallMolecule1
reactome:SmallMolecule102,abstraction:ReactsWith,reactome:SmallMolecule612
reactome:SmallMolecule1581,abstraction:ReactsWith,reactome:SmallMolecule1385
reactome:SmallMolecule3,abstraction:ReactsWith,reactome:SmallMolecule3385
reactome:SmallMolecule3061,abstraction:ReactsWith,reactome:SmallMolecule99
reactome:SmallMolecule442,abstraction:ReactsWith,reactome:SmallMolecule2330
reactome:SmallMolecule1306,abstraction:ReactsWith,reactome:SmallMolecule1305
reactome:SmallMolecule3,abstraction:ReactsWith,reactome:SmallMolecule1615
reactome:SmallMolecule638,abstraction:ReactsWith,reactome:SmallMolecule3113
reactome:SmallMolecule40,abstraction:ReactsWith,reactome:SmallMolecule2
reactome:SmallMolecule2,abstraction:ReactsWith,reactome:SmallMolecule141
reactome:SmallMolecule2971,abstraction:ReactsWith,reactome:SmallMolecule2970
reactome:SmallMolecule2428,abstraction:ReactsWith,reactome:SmallMolecule3
reactome:SmallMolecule869,abstraction:ReactsWith,reactome:SmallMolecule1213
reactome:SmallMolecule2757,abstraction:ReactsWith,reactome:SmallMolecule377
reactome:SmallMolecule2274,abstraction:ReactsWith,reactome:SmallMolecule853
reactome:SmallMolecule139,abstraction:ReactsWith,reactome:SmallMolecule100
reactome:SmallMolecule1116,abstraction:ReactsWith,reactome:SmallMolecule99
reactome:SmallMolecule193,abstraction:ReactsWith,reactome:SmallMolecule3
reactome:SmallMolecule3,abstraction:ReactsWith,reactome:SmallMolecule1513
reactome:SmallMolecule1135,abstraction:ReactsWith,reactome:SmallMolecule378
reactome:SmallMolecule99,abstraction:ReactsWith,reactome:SmallMolecule516
reactome:SmallMolecule100,abstraction:ReactsWith,reactome:SmallMolecule454
reactome:SmallMolecule535,abstraction:ReactsWith,reactome:SmallMolecule858
reactome:SmallMolecule537,abstraction:ReactsWith,reactome:SmallMolecule192
reactome:SmallMolecule2317,abstraction:ReactsWith,reactome:SmallMolecule1339
reactome:SmallMolecule1289,abstraction:ReactsWith,reactome:SmallMolecule1293
reactome:SmallMolecule974,abstraction:ReactsWith,reactome:SmallMolecule3
reactome:SmallMolecule34,abstraction:ReactsWith,reactome:SmallMolecule2787
reactome:SmallMolecule2861,abstraction:ReactsWith,reactome:SmallMolecule3
reactome:SmallMolecule1306,abstraction:ReactsWith,reactome:SmallMolecule1303
reactome:SmallMolecule1178,abstraction:ReactsWith,reactome:SmallMolecule3098
reactome:SmallMolecule618,abstraction:ReactsWith,reactome:SmallMolecule2159
reactome:SmallMolecule742,abstraction:ReactsWith,reactome:SmallMolecule99
reactome:SmallMolecule361,abstraction:ReactsWith,reactome:SmallMolecule2630
reactome:SmallMolecule44,abstraction:ReactsWith,reactome:SmallMolecule185
reactome:SmallMolecule2110,abstraction:ReactsWith,reactome:SmallMolecule619
reactome:SmallMolecule366,abstraction:ReactsWith,reactome:SmallMolecule3013
reactome:SmallMolecule1327,abstraction:ReactsWith,reactome:SmallMolecule1328
reactome:SmallMolecule2523,abstraction:ReactsWith,reactome:SmallMolecule33
reactome:SmallMolecule3,abstraction:ReactsWith,reactome:SmallMolecule3600
reactome:SmallMolecule36,abstraction:ReactsWith,reactome:SmallMolecule35
reactome:SmallMolecule774,abstraction:ReactsWith,reactome:SmallMolecule1478
reactome:SmallMolecule99,abstraction:ReactsWith,reactome:SmallMolecule1899
reactome:SmallMolecule1303,abstraction:ReactsWith,reactome:SmallMolecule1307
reactome:SmallMolecule1288,abstraction:ReactsWith,reactome:SmallMolecule1289
reactome:SmallMolecule537,abstraction:ReactsWith,reactome:SmallMolecule99
reactome:SmallMolecule2889,abstraction:ReactsWith,reactome:SmallMolecule2267
reactome:SmallMolecule619,abstraction:ReactsWith,reactome:SmallMolecule1875
reactome:SmallMolecule100,abstraction:ReactsWith,reactome:SmallMolecule3377
reactome:SmallMolecule1513,abstraction:ReactsWith,reactome:SmallMolecule774
reactome:SmallMolecule2899,abstraction:ReactsWith,reactome:SmallMolecule3
reactome:SmallMolecule1127,abstraction:ReactsWith,reactome:SmallMolecule618
reactome:SmallMolecule622,abstraction:ReactsWith,reactome:SmallMolecule1819
reactome:SmallMolecule99,abstraction:ReactsWith,reactome:SmallMolecule1876
reactome:SmallMolecule1390,abstraction:ReactsWith,reactome:SmallMolecule33
reactome:SmallMolecule1819,abstraction:ReactsWith,reactome:SmallMolecule622
reactome:SmallMolecule1211,abstraction:ReactsWith,reactome:SmallMolecule869
reactome:SmallMolecule536,abstraction:ReactsWith,reactome:SmallMolecule1114
reactome:SmallMolecule1406,abstraction:ReactsWith,reactome:SmallMolecule1306
reactome:SmallMolecule1383,abstraction:ReactsWith,reactome:SmallMolecule860
reactome:SmallMolecule2,abstraction:ReactsWith,reactome:SmallMolecule3537
reactome:SmallMolecule3400,abstraction:ReactsWith,reactome:SmallMolecule591
reactome:SmallMolecule851,abstraction:ReactsWith,reactome:SmallMolecule99
reactome:SmallMolecule3,abstraction:ReactsWith,reactome:SmallMolecule2871
reactome:SmallMolecule1344,abstraction:ReactsWith,reactome:SmallMolecule2759
reactome:SmallMolecule619,abstraction:ReactsWith,reactome:SmallMolecule271
reactome:SmallMolecule100,abstraction:ReactsWith,reactome:SmallMolecule186
reactome:SmallMolecule99,abstraction:ReactsWith,reactome:SmallMolecule710
reactome:SmallMolecule3,abstraction:ReactsWith,reactome:SmallMolecule2134
reactome:SmallMolecule1303,abstraction:ReactsWith,reactome:SmallMolecule1422
reactome:SmallMolecule1475,abstraction:ReactsWith,reactome:SmallMolecule1339
reactome:SmallMolecule18,abstraction:ReactsWith,reactome:SmallMolecule2
reactome:SmallMolecule2630,abstraction:ReactsWith,reactome:SmallMolecule3
reactome:SmallMolecule880,abstraction:ReactsWith,reactome:SmallMolecule3344
reactome:SmallMolecule350,abstraction:ReactsWith,reactome:SmallMolecule2678
reactome:SmallMolecule1303,abstraction:ReactsWith,reactome:SmallMolecule2973
reactome:SmallMolecule612,abstraction:ReactsWith,reactome:SmallMolecule365
reactome:SmallMolecule3,abstraction:ReactsWith,reactome:SmallMolecule1609
reactome:SmallMolecule2620,abstraction:ReactsWith,reactome:SmallMolecule375
reactome:SmallMolecule1316,abstraction:ReactsWith,reactome:SmallMolecule1268
reactome:SmallMolecule619,abstraction:ReactsWith,reactome:SmallMolecule5066
reactome:SmallMolecule99,abstraction:ReactsWith,reactome:SmallMolecule1228
reactome:SmallMolecule99,abstraction:ReactsWith,reactome:SmallMolecule1829
reactome:SmallMolecule1178,abstraction:ReactsWith,reactome:SmallMolecule3130
reactome:SmallMolecule100,abstraction:ReactsWith,reactome:SmallMolecule281
reactome:SmallMolecule2983,abstraction:ReactsWith,reactome:SmallMolecule2990
reactome:SmallMolecule377,abstraction:ReactsWith,reactome:SmallMolecule1918
reactome:SmallMolecule834,abstraction:ReactsWith,reactome:SmallMolecule3
reactome:SmallMolecule1215,abstraction:ReactsWith,reactome:SmallMolecule1214
reactome:SmallMolecule619,abstraction:ReactsWith,reactome:SmallMolecule621
reactome:SmallMolecule393,abstraction:ReactsWith,reactome:SmallMolecule44
reactome:SmallMolecule1234,abstraction:ReactsWith,reactome:SmallMolecule2
reactome:SmallMolecule3550,abstraction:ReactsWith,reactome:SmallMolecule3546
reactome:SmallMolecule915,abstraction:ReactsWith,reactome:SmallMolecule5053
reactome:SmallMolecule306,abstraction:ReactsWith,reactome:SmallMolecule2830
reactome:SmallMolecule3,abstraction:ReactsWith,reactome:SmallMolecule1234
reactome:SmallMolecule3080,abstraction:ReactsWith,reactome:SmallMolecule1268
reactome:SmallMolecule2669,abstraction:ReactsWith,reactome:SmallMolecule619
reactome:SmallMolecule618,abstraction:ReactsWith,reactome:SmallMolecule2467
reactome:SmallMolecule633,abstraction:ReactsWith,reactome:SmallMolecule1884
reactome:SmallMolecule346,abstraction:ReactsWith,reactome:SmallMolecule426
reactome:SmallMolecule3,abstraction:ReactsWith,reactome:SmallMolecule1619
reactome:SmallMolecule156,abstraction:ReactsWith,reactome:SmallMolecule44
reactome:SmallMolecule1299,abstraction:ReactsWith,reactome:SmallMolecule2932
reactome:SmallMolecule2601,abstraction:ReactsWith,reactome:SmallMolecule618
reactome:SmallMolecule1127,abstraction:ReactsWith,reactome:SmallMolecule1126
reactome:SmallMolecule348,abstraction:ReactsWith,reactome:SmallMolecule2
reactome:SmallMolecule2,abstraction:ReactsWith,reactome:SmallMolecule1025
reactome:SmallMolecule293,abstraction:ReactsWith,reactome:SmallMolecule306
reactome:SmallMolecule1178,abstraction:ReactsWith,reactome:SmallMolecule1142
reactome:SmallMolecule377,abstraction:ReactsWith,reactome:SmallMolecule1883
reactome:SmallMolecule591,abstraction:ReactsWith,reactome:SmallMolecule310
reactome:SmallMolecule638,abstraction:ReactsWith,reactome:SmallMolecule3106
reactome:SmallMolecule810,abstraction:ReactsWith,reactome:SmallMolecule3
reactome:SmallMolecule99,abstraction:ReactsWith,reactome:SmallMolecule1874
reactome:SmallMolecule3,abstraction:ReactsWith,reactome:SmallMolecule2585
reactome:SmallMolecule2663,abstraction:ReactsWith,reactome:SmallMolecule3415
reactome:SmallMolecule1971,abstraction:ReactsWith,reactome:SmallMolecule619
reactome:SmallMolecule1137,abstraction:ReactsWith,reactome:SmallMolecule1962
reactome:SmallMolecule2134,abstraction:ReactsWith,reactome:SmallMolecule3
reactome:SmallMolecule2,abstraction:ReactsWith,reactome:SmallMolecule2449
reactome:SmallMolecule618,abstraction:ReactsWith,reactome:SmallMolecule1929
reactome:SmallMolecule619,abstraction:ReactsWith,reactome:SmallMolecule2776
reactome:SmallMolecule3,abstraction:ReactsWith,reactome:SmallMolecule2592
reactome:SmallMolecule1040,abstraction:ReactsWith,reactome:SmallMolecule1049
reactome:SmallMolecule352,abstraction:ReactsWith,reactome:SmallMolecule344
reactome:SmallMolecule377,abstraction:ReactsWith,reactome:SmallMolecule1344
reactome:SmallMolecule220,abstraction:ReactsWith,reactome:SmallMolecule3261
reactome:SmallMolecule1472,abstraction:ReactsWith,reactome:SmallMolecule3
reactome:SmallMolecule3,abstraction:ReactsWith,reactome:SmallMolecule8
reactome:SmallMolecule1445,abstraction:ReactsWith,reactome:SmallMolecule1306
reactome:SmallMolecule3,abstraction:ReactsWith,reactome:SmallMolecule3378
reactome:SmallMolecule710,abstraction:ReactsWith,reactome:SmallMolecule514
reactome:SmallMolecule554,abstraction:ReactsWith,reactome:SmallMolecule3220
reactome:SmallMolecule271,abstraction:ReactsWith,reactome:SmallMolecule277
reactome:SmallMolecule407,abstraction:ReactsWith,reactome:SmallMolecule357
reactome:SmallMolecule3,abstraction:ReactsWith,reactome:SmallMolecule2610
reactome:SmallMolecule1029,abstraction:ReactsWith,reactome:SmallMolecule1038
reactome:SmallMolecule3,abstraction:ReactsWith,reactome:SmallMolecule2906
reactome:SmallMolecule2548,abstraction:ReactsWith,reactome:SmallMolecule591
reactome:SmallMolecule2798,abstraction:ReactsWith,reactome:SmallMolecule378
reactome:SmallMolecule99,abstraction:ReactsWith,reactome:SmallMolecule1820
reactome:SmallMolecule1995,abstraction:ReactsWith,reactome:SmallMolecule1343
reactome:SmallMolecule7,abstraction:ReactsWith,reactome:SmallMolecule618
reactome:SmallMolecule99,abstraction:ReactsWith,reactome:SmallMolecule1266
reactome:SmallMolecule1510,abstraction:ReactsWith,reactome:SmallMolecule1584
reactome:SmallMolecule37,abstraction:ReactsWith,reactome:SmallMolecule3
reactome:SmallMolecule1286,abstraction:ReactsWith,reactome:SmallMolecule1216
reactome:SmallMolecule8,abstraction:ReactsWith,reactome:SmallMolecule2
reactome:SmallMolecule2757,abstraction:ReactsWith,reactome:SmallMolecule1135
reactome:SmallMolecule1306,abstraction:ReactsWith,reactome:SmallMolecule1437
reactome:SmallMolecule271,abstraction:ReactsWith,reactome:SmallMolecule2789
reactome:SmallMolecule3063,abstraction:ReactsWith,reactome:SmallMolecule638
reactome:SmallMolecule1339,abstraction:ReactsWith,reactome:SmallMolecule1373
reactome:SmallMolecule1268,abstraction:ReactsWith,reactome:SmallMolecule3098
reactome:SmallMolecule1926,abstraction:ReactsWith,reactome:SmallMolecule99
reactome:SmallMolecule618,abstraction:ReactsWith,reactome:SmallMolecule1790
reactome:SmallMolecule326,abstraction:ReactsWith,reactome:SmallMolecule44
reactome:SmallMolecule743,abstraction:ReactsWith,reactome:SmallMolecule777
reactome:SmallMolecule622,abstraction:ReactsWith,reactome:SmallMolecule2068
reactome:SmallMolecule1892,abstraction:ReactsWith,reactome:SmallMolecule1135
reactome:SmallMolecule3473,abstraction:ReactsWith,reactome:SmallMolecule2
reactome:SmallMolecule99,abstraction:ReactsWith,reactome:SmallMolecule845
reactome:SmallMolecule1471,abstraction:ReactsWith,reactome:SmallMolecule3
reactome:SmallMolecule3,abstraction:ReactsWith,reactome:SmallMolecule97
reactome:SmallMolecule4959,abstraction:ReactsWith,reactome:SmallMolecule3
reactome:SmallMolecule99,abstraction:ReactsWith,reactome:SmallMolecule1873
reactome:SmallMolecule1126,abstraction:ReactsWith,reactome:SmallMolecule99
reactome:SmallMolecule535,abstraction:ReactsWith,reactome:SmallMolecule3
reactome:SmallMolecule102,abstraction:ReactsWith,reactome:SmallMolecule2647
reactome:SmallMolecule3978,abstraction:ReactsWith,reactome:SmallMolecule1135
reactome:SmallMolecule4604,abstraction:ReactsWith,reactome:SmallMolecule4600
reactome:SmallMolecule98,abstraction:ReactsWith,reactome:SmallMolecule100
reactome:SmallMolecule220,abstraction:ReactsWith,reactome:SmallMolecule2958
reactome:SmallMolecule683,abstraction:ReactsWith,reactome:SmallMolecule2262
reactome:SmallMolecule1112,abstraction:ReactsWith,reactome:SmallMolecule33
reactome:SmallMolecule6,abstraction:ReactsWith,reactome:SmallMolecule2353
reactome:SmallMolecule638,abstraction:ReactsWith,reactome:SmallMolecule3128
reactome:SmallMolecule2282,abstraction:ReactsWith,reactome:SmallMolecule1344
reactome:SmallMolecule4598,abstraction:ReactsWith,reactome:SmallMolecule4597
reactome:SmallMolecule3378,abstraction:ReactsWith,reactome:SmallMolecule710
reactome:SmallMolecule947,abstraction:ReactsWith,reactome:SmallMolecule770
reactome:SmallMolecule2829,abstraction:ReactsWith,reactome:SmallMolecule33
reactome:SmallMolecule3,abstraction:ReactsWith,reactome:SmallMolecule10
reactome:SmallMolecule1566,abstraction:ReactsWith,reactome:SmallMolecule477
reactome:SmallMolecule3546,abstraction:ReactsWith,reactome:SmallMolecule3554
reactome:SmallMolecule3106,abstraction:ReactsWith,reactome:SmallMolecule638
reactome:SmallMolecule1916,abstraction:ReactsWith,reactome:SmallMolecule633
reactome:SmallMolecule2830,abstraction:ReactsWith,reactome:SmallMolecule306
reactome:SmallMolecule1078,abstraction:ReactsWith,reactome:SmallMolecule618
reactome:SmallMolecule3699,abstraction:ReactsWith,reactome:SmallMolecule555
reactome:SmallMolecule1514,abstraction:ReactsWith,reactome:SmallMolecule591
reactome:SmallMolecule44,abstraction:ReactsWith,reactome:SmallMolecule187
reactome:SmallMolecule353,abstraction:ReactsWith,reactome:SmallMolecule2
reactome:SmallMolecule265,abstraction:ReactsWith,reactome:SmallMolecule100
reactome:SmallMolecule730,abstraction:ReactsWith,reactome:SmallMolecule732
reactome:SmallMolecule3,abstraction:ReactsWith,reactome:SmallMolecule2509
reactome:SmallMolecule1135,abstraction:ReactsWith,reactome:SmallMolecule1838
reactome:SmallMolecule777,abstraction:ReactsWith,reactome:SmallMolecule2
reactome:SmallMolecule1003,abstraction:ReactsWith,reactome:SmallMolecule550
reactome:SmallMolecule1671,abstraction:ReactsWith,reactome:SmallMolecule1656
reactome:SmallMolecule561,abstraction:ReactsWith,reactome:SmallMolecule3695
reactome:SmallMolecule2759,abstraction:ReactsWith,reactome:SmallMolecule633
reactome:SmallMolecule2863,abstraction:ReactsWith,reactome:SmallMolecule710
reactome:SmallMolecule902,abstraction:ReactsWith,reactome:SmallMolecule2
reactome:SmallMolecule2963,abstraction:ReactsWith,reactome:SmallMolecule2962
reactome:SmallMolecule2,abstraction:ReactsWith,reactome:SmallMolecule1148
reactome:SmallMolecule178,abstraction:ReactsWith,reactome:SmallMolecule710
reactome:SmallMolecule863,abstraction:ReactsWith,reactome:SmallMolecule99
reactome:SmallMolecule2401,abstraction:ReactsWith,reactome:SmallMolecule536
reactome:SmallMolecule1268,abstraction:ReactsWith,reactome:SmallMolecule3130
reactome:SmallMolecule101,abstraction:ReactsWith,reactome:SmallMolecule723
reactome:SmallMolecule1339,abstraction:ReactsWith,reactome:SmallMolecule1111
reactome:SmallMolecule2664,abstraction:ReactsWith,reactome:SmallMolecule33
reactome:SmallMolecule848,abstraction:ReactsWith,reactome:SmallMolecule2
reactome:SmallMolecule1303,abstraction:ReactsWith,reactome:SmallMolecule2932
reactome:SmallMolecule102,abstraction:ReactsWith,reactome:SmallMolecule157
reactome:SmallMolecule612,abstraction:ReactsWith,reactome:SmallMolecule619
reactome:SmallMolecule2402,abstraction:ReactsWith,reactome:SmallMolecule2404
reactome:SmallMolecule434,abstraction:ReactsWith,reactome:SmallMolecule1135
reactome:SmallMolecule3489,abstraction:ReactsWith,reactome:SmallMolecule619
reactome:SmallMolecule344,abstraction:ReactsWith,reactome:SmallMolecule2
reactome:SmallMolecule1372,abstraction:ReactsWith,reactome:SmallMolecule1343
reactome:SmallMolecule1293,abstraction:ReactsWith,reactome:SmallMolecule1268
reactome:SmallMolecule1815,abstraction:ReactsWith,reactome:SmallMolecule618
reactome:SmallMolecule2,abstraction:ReactsWith,reactome:SmallMolecule2629
reactome:SmallMolecule739,abstraction:ReactsWith,reactome:SmallMolecule741
reactome:SmallMolecule2758,abstraction:ReactsWith,reactome:SmallMolecule222
reactome:SmallMolecule618,abstraction:ReactsWith,reactome:SmallMolecule1796
reactome:SmallMolecule2476,abstraction:ReactsWith,reactome:SmallMolecule3
reactome:SmallMolecule3,abstraction:ReactsWith,reactome:SmallMolecule1470
reactome:SmallMolecule99,abstraction:ReactsWith,reactome:SmallMolecule1647
reactome:SmallMolecule1268,abstraction:ReactsWith,reactome:SmallMolecule1142
reactome:SmallMolecule2445,abstraction:ReactsWith,reactome:SmallMolecule4
reactome:SmallMolecule709,abstraction:ReactsWith,reactome:SmallMolecule865
reactome:SmallMolecule619,abstraction:ReactsWith,reactome:SmallMolecule1829
reactome:SmallMolecule2604,abstraction:ReactsWith,reactome:SmallMolecule3
reactome:SmallMolecule1184,abstraction:ReactsWith,reactome:SmallMolecule1179
reactome:SmallMolecule3,abstraction:ReactsWith,reactome:SmallMolecule2474
reactome:SmallMolecule3,abstraction:ReactsWith,reactome:SmallMolecule3217
reactome:SmallMolecule174,abstraction:ReactsWith,reactome:SmallMolecule220
reactome:SmallMolecule322,abstraction:ReactsWith,reactome:SmallMolecule100
reactome:SmallMolecule1178,abstraction:ReactsWith,reactome:SmallMolecule3065
reactome:SmallMolecule2977,abstraction:ReactsWith,reactome:SmallMolecule1299
reactome:SmallMolecule6,abstraction:ReactsWith,reactome:SmallMolecule304
reactome:SmallMolecule377,abstraction:ReactsWith,reactome:SmallMolecule2807
reactome:SmallMolecule774,abstraction:ReactsWith,reactome:SmallMolecule865
reactome:SmallMolecule569,abstraction:ReactsWith,reactome:SmallMolecule3629
reactome:SmallMolecule1178,abstraction:ReactsWith,reactome:SmallMolecule3136
reactome:SmallMolecule1277,abstraction:ReactsWith,reactome:SmallMolecule3
reactome:SmallMolecule99,abstraction:ReactsWith,reactome:SmallMolecule2515
reactome:SmallMolecule2,abstraction:ReactsWith,reactome:SmallMolecule136
reactome:SmallMolecule3640,abstraction:ReactsWith,reactome:SmallMolecule3577
reactome:SmallMolecule2048,abstraction:ReactsWith,reactome:SmallMolecule3
reactome:SmallMolecule619,abstraction:ReactsWith,reactome:SmallMolecule1245
reactome:SmallMolecule2,abstraction:ReactsWith,reactome:SmallMolecule360
reactome:SmallMolecule591,abstraction:ReactsWith,reactome:SmallMolecule1567
reactome:SmallMolecule1339,abstraction:ReactsWith,reactome:SmallMolecule2833
reactome:SmallMolecule1299,abstraction:ReactsWith,reactome:SmallMolecule1426
reactome:SmallMolecule1289,abstraction:ReactsWith,reactome:SmallMolecule1314
reactome:SmallMolecule3076,abstraction:ReactsWith,reactome:SmallMolecule1178
reactome:SmallMolecule1178,abstraction:ReactsWith,reactome:SmallMolecule3078
reactome:SmallMolecule1283,abstraction:ReactsWith,reactome:SmallMolecule1312
reactome:SmallMolecule619,abstraction:ReactsWith,reactome:SmallMolecule7
reactome:SmallMolecule4534,abstraction:ReactsWith,reactome:SmallMolecule2572
reactome:SmallMolecule3128,abstraction:ReactsWith,reactome:SmallMolecule638
reactome:SmallMolecule1460,abstraction:ReactsWith,reactome:SmallMolecule1459
reactome:SmallMolecule925,abstraction:ReactsWith,reactome:SmallMolecule770
reactome:SmallMolecule2968,abstraction:ReactsWith,reactome:SmallMolecule33
reactome:SmallMolecule619,abstraction:ReactsWith,reactome:SmallMolecule3061
reactome:SmallMolecule2469,abstraction:ReactsWith,reactome:SmallMolecule3
reactome:SmallMolecule102,abstraction:ReactsWith,reactome:SmallMolecule115
reactome:SmallMolecule1289,abstraction:ReactsWith,reactome:SmallMolecule1317
reactome:SmallMolecule1344,abstraction:ReactsWith,reactome:SmallMolecule633
reactome:SmallMolecule2,abstraction:ReactsWith,reactome:SmallMolecule2389
reactome:SmallMolecule1738,abstraction:ReactsWith,reactome:SmallMolecule770
reactome:SmallMolecule536,abstraction:ReactsWith,reactome:SmallMolecule855
reactome:SmallMolecule1898,abstraction:ReactsWith,reactome:SmallMolecule99
reactome:SmallMolecule2807,abstraction:ReactsWith,reactome:SmallMolecule377
reactome:SmallMolecule1140,abstraction:ReactsWith,reactome:SmallMolecule3
reactome:SmallMolecule4706,abstraction:ReactsWith,reactome:SmallMolecule4600
reactome:SmallMolecule1919,abstraction:ReactsWith,reactome:SmallMolecule377
reactome:SmallMolecule1028,abstraction:ReactsWith,reactome:SmallMolecule880
reactome:SmallMolecule2833,abstraction:ReactsWith,reactome:SmallMolecule1339
reactome:SmallMolecule619,abstraction:ReactsWith,reactome:SmallMolecule1266
reactome:SmallMolecule377,abstraction:ReactsWith,reactome:SmallMolecule1879
reactome:SmallMolecule3546,abstraction:ReactsWith,reactome:SmallMolecule3553
reactome:SmallMolecule1,abstraction:ReactsWith,reactome:SmallMolecule44
reactome:SmallMolecule3546,abstraction:ReactsWith,reactome:SmallMolecule3635
reactome:SmallMolecule1964,abstraction:ReactsWith,reactome:SmallMolecule869
reactome:SmallMolecule3571,abstraction:ReactsWith,reactome:SmallMolecule3
reactome:SmallMolecule2126,abstraction:ReactsWith,reactome:SmallMolecule3
reactome:SmallMolecule903,abstraction:ReactsWith,reactome:SmallMolecule876
reactome:SmallMolecule3,abstraction:ReactsWith,reactome:SmallMolecule40
reactome:SmallMolecule96,abstraction:ReactsWith,reactome:SmallMolecule99
reactome:SmallMolecule33,abstraction:ReactsWith,reactome:SmallMolecule2813
reactome:SmallMolecule618,abstraction:ReactsWith,reactome:SmallMolecule2881
reactome:SmallMolecule618,abstraction:ReactsWith,reactome:SmallMolecule1897
reactome:SmallMolecule3284,abstraction:ReactsWith,reactome:SmallMolecule2267
reactome:SmallMolecule10,abstraction:ReactsWith,reactome:SmallMolecule3
reactome:SmallMolecule3,abstraction:ReactsWith,reactome:SmallMolecule6
reactome:SmallMolecule1178,abstraction:ReactsWith,reactome:SmallMolecule1290
reactome:SmallMolecule3,abstraction:ReactsWith,reactome:SmallMolecule274
reactome:SmallMolecule2,abstraction:ReactsWith,reactome:SmallMolecule1887
reactome:SmallMolecule1111,abstraction:ReactsWith,reactome:SmallMolecule3295
reactome:SmallMolecule619,abstraction:ReactsWith,reactome:SmallMolecule1873
reactome:SmallMolecule3271,abstraction:ReactsWith,reactome:SmallMolecule3270
reactome:SmallMolecule100,abstraction:ReactsWith,reactome:SmallMolecule485
reactome:SmallMolecule3,abstraction:ReactsWith,reactome:SmallMolecule350
reactome:SmallMolecule4614,abstraction:ReactsWith,reactome:SmallMolecule4600
reactome:SmallMolecule1895,abstraction:ReactsWith,reactome:SmallMolecule619
reactome:SmallMolecule1640,abstraction:ReactsWith,reactome:SmallMolecule2569
reactome:SmallMolecule2841,abstraction:ReactsWith,reactome:SmallMolecule375
reactome:SmallMolecule880,abstraction:ReactsWith,reactome:SmallMolecule1027
reactome:SmallMolecule2,abstraction:ReactsWith,reactome:SmallMolecule352
reactome:SmallMolecule4641,abstraction:ReactsWith,reactome:SmallMolecule3
reactome:SmallMolecule3,abstraction:ReactsWith,reactome:SmallMolecule1072
reactome:SmallMolecule2015,abstraction:ReactsWith,reactome:SmallMolecule2037
reactome:SmallMolecule294,abstraction:ReactsWith,reactome:SmallMolecule293
reactome:SmallMolecule2249,abstraction:ReactsWith,reactome:SmallMolecule2
reactome:SmallMolecule2,abstraction:ReactsWith,reactome:SmallMolecule1842
reactome:SmallMolecule1422,abstraction:ReactsWith,reactome:SmallMolecule1428
reactome:SmallMolecule3161,abstraction:ReactsWith,reactome:SmallMolecule3
reactome:SmallMolecule271,abstraction:ReactsWith,reactome:SmallMolecule369
reactome:SmallMolecule932,abstraction:ReactsWith,reactome:SmallMolecule770
reactome:SmallMolecule1920,abstraction:ReactsWith,reactome:SmallMolecule633
reactome:SmallMolecule3,abstraction:ReactsWith,reactome:SmallMolecule3399
reactome:SmallMolecule1884,abstraction:ReactsWith,reactome:SmallMolecule1135
reactome:SmallMolecule721,abstraction:ReactsWith,reactome:SmallMolecule375
reactome:SmallMolecule2,abstraction:ReactsWith,reactome:SmallMolecule1023
reactome:SmallMolecule179,abstraction:ReactsWith,reactome:SmallMolecule537
reactome:SmallMolecule1289,abstraction:ReactsWith,reactome:SmallMolecule1316
reactome:SmallMolecule34,abstraction:ReactsWith,reactome:SmallMolecule2636
reactome:SmallMolecule3220,abstraction:ReactsWith,reactome:SmallMolecule554
reactome:SmallMolecule1383,abstraction:ReactsWith,reactome:SmallMolecule377
reactome:SmallMolecule344,abstraction:ReactsWith,reactome:SmallMolecule99
reactome:SmallMolecule3453,abstraction:ReactsWith,reactome:SmallMolecule710
reactome:SmallMolecule327,abstraction:ReactsWith,reactome:SmallMolecule2
reactome:SmallMolecule5255,abstraction:ReactsWith,reactome:SmallMolecule591
reactome:SmallMolecule33,abstraction:ReactsWith,reactome:SmallMolecule2848
reactome:SmallMolecule375,abstraction:ReactsWith,reactome:SmallMolecule423
reactome:SmallMolecule4,abstraction:ReactsWith,reactome:SmallMolecule2433
reactome:SmallMolecule2806,abstraction:ReactsWith,reactome:SmallMolecule854
reactome:SmallMolecule1374,abstraction:ReactsWith,reactome:SmallMolecule1344
reactome:SmallMolecule33,abstraction:ReactsWith,reactome:SmallMolecule2496
reactome:SmallMolecule1178,abstraction:ReactsWith,reactome:SmallMolecule1269
reactome:SmallMolecule804,abstraction:ReactsWith,reactome:SmallMolecule549
reactome:SmallMolecule4583,abstraction:ReactsWith,reactome:SmallMolecule709
reactome:SmallMolecule3519,abstraction:ReactsWith,reactome:SmallMolecule34
reactome:SmallMolecule1850,abstraction:ReactsWith,reactome:SmallMolecule1303
reactome:SmallMolecule34,abstraction:ReactsWith,reactome:SmallMolecule3414
reactome:SmallMolecule1585,abstraction:ReactsWith,reactome:SmallMolecule1385
reactome:SmallMolecule3015,abstraction:ReactsWith,reactome:SmallMolecule366
reactome:SmallMolecule2678,abstraction:ReactsWith,reactome:SmallMolecule350
reactome:SmallMolecule710,abstraction:ReactsWith,reactome:SmallMolecule4427
reactome:SmallMolecule2157,abstraction:ReactsWith,reactome:SmallMolecule618
reactome:SmallMolecule99,abstraction:ReactsWith,reactome:SmallMolecule1117
reactome:SmallMolecule279,abstraction:ReactsWith,reactome:SmallMolecule269
reactome:SmallMolecule1268,abstraction:ReactsWith,reactome:SmallMolecule3136
reactome:SmallMolecule1120,abstraction:ReactsWith,reactome:SmallMolecule1107
reactome:SmallMolecule900,abstraction:ReactsWith,reactome:SmallMolecule2
reactome:SmallMolecule1584,abstraction:ReactsWith,reactome:SmallMolecule713
reactome:SmallMolecule3,abstraction:ReactsWith,reactome:SmallMolecule2428
reactome:SmallMolecule3,abstraction:ReactsWith,reactome:SmallMolecule95
reactome:SmallMolecule4537,abstraction:ReactsWith,reactome:SmallMolecule4536
reactome:SmallMolecule1135,abstraction:ReactsWith,reactome:SmallMolecule1918
reactome:SmallMolecule1299,abstraction:ReactsWith,reactome:SmallMolecule2825
reactome:SmallMolecule3561,abstraction:ReactsWith,reactome:SmallMolecule619
reactome:SmallMolecule3,abstraction:ReactsWith,reactome:SmallMolecule1519
reactome:SmallMolecule2619,abstraction:ReactsWith,reactome:SmallMolecule3
reactome:SmallMolecule1268,abstraction:ReactsWith,reactome:SmallMolecule3078
reactome:SmallMolecule2856,abstraction:ReactsWith,reactome:SmallMolecule618
reactome:SmallMolecule978,abstraction:ReactsWith,reactome:SmallMolecule770
reactome:SmallMolecule1196,abstraction:ReactsWith,reactome:SmallMolecule2275
reactome:SmallMolecule1051,abstraction:ReactsWith,reactome:SmallMolecule2
reactome:SmallMolecule99,abstraction:ReactsWith,reactome:SmallMolecule2110
reactome:SmallMolecule3,abstraction:ReactsWith,reactome:SmallMolecule3339
reactome:SmallMolecule1510,abstraction:ReactsWith,reactome:SmallMolecule1585
reactome:SmallMolecule869,abstraction:ReactsWith,reactome:SmallMolecule3707
reactome:SmallMolecule1178,abstraction:ReactsWith,reactome:SmallMolecule3123
reactome:SmallMolecule306,abstraction:ReactsWith,reactome:SmallMolecule633
reactome:SmallMolecule638,abstraction:ReactsWith,reactome:SmallMolecule3070
reactome:SmallMolecule770,abstraction:ReactsWith,reactome:SmallMolecule932
reactome:SmallMolecule710,abstraction:ReactsWith,reactome:SmallMolecule2019
reactome:SmallMolecule1135,abstraction:ReactsWith,reactome:SmallMolecule1883
reactome:SmallMolecule318,abstraction:ReactsWith,reactome:SmallMolecule100
reactome:SmallMolecule5405,abstraction:ReactsWith,reactome:SmallMolecule377
reactome:SmallMolecule869,abstraction:ReactsWith,reactome:SmallMolecule868
reactome:SmallMolecule3055,abstraction:ReactsWith,reactome:SmallMolecule3056
reactome:SmallMolecule622,abstraction:ReactsWith,reactome:SmallMolecule2213
reactome:SmallMolecule3,abstraction:ReactsWith,reactome:SmallMolecule1656
reactome:SmallMolecule1141,abstraction:ReactsWith,reactome:SmallMolecule3
reactome:SmallMolecule2680,abstraction:ReactsWith,reactome:SmallMolecule2681
reactome:SmallMolecule1463,abstraction:ReactsWith,reactome:SmallMolecule1464
reactome:SmallMolecule633,abstraction:ReactsWith,reactome:SmallMolecule1834
reactome:SmallMolecule3,abstraction:ReactsWith,reactome:SmallMolecule7
reactome:SmallMolecule1808,abstraction:ReactsWith,reactome:SmallMolecule619
reactome:SmallMolecule4535,abstraction:ReactsWith,reactome:SmallMolecule4537
reactome:SmallMolecule3289,abstraction:ReactsWith,reactome:SmallMolecule1111
reactome:SmallMolecule2405,abstraction:ReactsWith,reactome:SmallMolecule2404
reactome:SmallMolecule2667,abstraction:ReactsWith,reactome:SmallMolecule35
reactome:SmallMolecule3,abstraction:ReactsWith,reactome:SmallMolecule1071
reactome:SmallMolecule619,abstraction:ReactsWith,reactome:SmallMolecule99
reactome:SmallMolecule2874,abstraction:ReactsWith,reactome:SmallMolecule2873
reactome:SmallMolecule857,abstraction:ReactsWith,reactome:SmallMolecule33
reactome:SmallMolecule377,abstraction:ReactsWith,reactome:SmallMolecule1880
reactome:SmallMolecule1825,abstraction:ReactsWith,reactome:SmallMolecule880
reactome:SmallMolecule4582,abstraction:ReactsWith,reactome:SmallMolecule4583
reactome:SmallMolecule1292,abstraction:ReactsWith,reactome:SmallMolecule1268
reactome:SmallMolecule710,abstraction:ReactsWith,reactome:SmallMolecule2467
reactome:SmallMolecule618,abstraction:ReactsWith,reactome:SmallMolecule5067
reactome:SmallMolecule536,abstraction:ReactsWith,reactome:SmallMolecule2828
reactome:SmallMolecule3,abstraction:ReactsWith,reactome:SmallMolecule442
reactome:SmallMolecule743,abstraction:ReactsWith,reactome:SmallMolecule1887
reactome:SmallMolecule622,abstraction:ReactsWith,reactome:SmallMolecule3156
reactome:SmallMolecule2,abstraction:ReactsWith,reactome:SmallMolecule347
reactome:SmallMolecule2589,abstraction:ReactsWith,reactome:SmallMolecule591
reactome:SmallMolecule1572,abstraction:ReactsWith,reactome:SmallMolecule536
reactome:SmallMolecule2249,abstraction:ReactsWith,reactome:SmallMolecule99
reactome:SmallMolecule2789,abstraction:ReactsWith,reactome:SmallMolecule271
reactome:SmallMolecule1178,abstraction:ReactsWith,reactome:SmallMolecule3076
reactome:SmallMolecule99,abstraction:ReactsWith,reactome:SmallMolecule1120
reactome:SmallMolecule2988,abstraction:ReactsWith,reactome:SmallMolecule2981
reactome:SmallMolecule1445,abstraction:ReactsWith,reactome:SmallMolecule1299
reactome:SmallMolecule1142,abstraction:ReactsWith,reactome:SmallMolecule638
reactome:SmallMolecule1823,abstraction:ReactsWith,reactome:SmallMolecule619
reactome:SmallMolecule361,abstraction:ReactsWith,reactome:SmallMolecule867
reactome:SmallMolecule3005,abstraction:ReactsWith,reactome:SmallMolecule3006
reactome:SmallMolecule5,abstraction:ReactsWith,reactome:SmallMolecule102
reactome:SmallMolecule3,abstraction:ReactsWith,reactome:SmallMolecule3571
reactome:SmallMolecule1343,abstraction:ReactsWith,reactome:SmallMolecule2848
reactome:SmallMolecule99,abstraction:ReactsWith,reactome:SmallMolecule3626
reactome:SmallMolecule375,abstraction:ReactsWith,reactome:SmallMolecule291
reactome:SmallMolecule2,abstraction:ReactsWith,reactome:SmallMolecule38
reactome:SmallMolecule1268,abstraction:ReactsWith,reactome:SmallMolecule1178
reactome:SmallMolecule2048,abstraction:ReactsWith,reactome:SmallMolecule1196
reactome:SmallMolecule3041,abstraction:ReactsWith,reactome:SmallMolecule2963
reactome:SmallMolecule554,abstraction:ReactsWith,reactome:SmallMolecule3209
reactome:SmallMolecule99,abstraction:ReactsWith,reactome:SmallMolecule4585
reactome:SmallMolecule805,abstraction:ReactsWith,reactome:SmallMolecule549
reactome:SmallMolecule780,abstraction:ReactsWith,reactome:SmallMolecule3
reactome:SmallMolecule1870,abstraction:ReactsWith,reactome:SmallMolecule99
reactome:SmallMolecule100,abstraction:ReactsWith,reactome:SmallMolecule389
reactome:SmallMolecule291,abstraction:ReactsWith,reactome:SmallMolecule361
reactome:SmallMolecule710,abstraction:ReactsWith,reactome:SmallMolecule3453
reactome:SmallMolecule1816,abstraction:ReactsWith,reactome:SmallMolecule622
reactome:SmallMolecule1144,abstraction:ReactsWith,reactome:SmallMolecule1143
reactome:SmallMolecule2,abstraction:ReactsWith,reactome:SmallMolecule973
reactome:SmallMolecule774,abstraction:ReactsWith,reactome:SmallMolecule1569
reactome:SmallMolecule100,abstraction:ReactsWith,reactome:SmallMolecule407
reactome:SmallMolecule1228,abstraction:ReactsWith,reactome:SmallMolecule622
reactome:SmallMolecule2,abstraction:ReactsWith,reactome:SmallMolecule537
reactome:SmallMolecule5047,abstraction:ReactsWith,reactome:SmallMolecule127
reactome:SmallMolecule1809,abstraction:ReactsWith,reactome:SmallMolecule99
reactome:SmallMolecule100,abstraction:ReactsWith,reactome:SmallMolecule102
reactome:SmallMolecule378,abstraction:ReactsWith,reactome:SmallMolecule853
reactome:SmallMolecule2430,abstraction:ReactsWith,reactome:SmallMolecule3
reactome:SmallMolecule535,abstraction:ReactsWith,reactome:SmallMolecule4621
reactome:SmallMolecule4622,abstraction:ReactsWith,reactome:SmallMolecule2
reactome:SmallMolecule618,abstraction:ReactsWith,reactome:SmallMolecule2110
reactome:SmallMolecule810,abstraction:ReactsWith,reactome:SmallMolecule2
reactome:SmallMolecule1050,abstraction:ReactsWith,reactome:SmallMolecule3
reactome:SmallMolecule1760,abstraction:ReactsWith,reactome:SmallMolecule3
reactome:SmallMolecule101,abstraction:ReactsWith,reactome:SmallMolecule103
reactome:SmallMolecule1303,abstraction:ReactsWith,reactome:SmallMolecule1409
reactome:SmallMolecule591,abstraction:ReactsWith,reactome:SmallMolecule5252
reactome:SmallMolecule99,abstraction:ReactsWith,reactome:SmallMolecule344
reactome:SmallMolecule2327,abstraction:ReactsWith,reactome:SmallMolecule2817
reactome:SmallMolecule3,abstraction:ReactsWith,reactome:SmallMolecule1762
reactome:SmallMolecule3539,abstraction:ReactsWith,reactome:SmallMolecule5105
reactome:SmallMolecule5019,abstraction:ReactsWith,reactome:SmallMolecule5027
reactome:SmallMolecule622,abstraction:ReactsWith,reactome:SmallMolecule2199
reactome:SmallMolecule802,abstraction:ReactsWith,reactome:SmallMolecule550
reactome:SmallMolecule537,abstraction:ReactsWith,reactome:SmallMolecule949
reactome:SmallMolecule338,abstraction:ReactsWith,reactome:SmallMolecule407
reactome:SmallMolecule1207,abstraction:ReactsWith,reactome:SmallMolecule99
reactome:SmallMolecule1874,abstraction:ReactsWith,reactome:SmallMolecule619
reactome:SmallMolecule591,abstraction:ReactsWith,reactome:SmallMolecule1514
reactome:SmallMolecule4627,abstraction:ReactsWith,reactome:SmallMolecule4600
reactome:SmallMolecule99,abstraction:ReactsWith,reactome:SmallMolecule291
reactome:SmallMolecule33,abstraction:ReactsWith,reactome:SmallMolecule1350
reactome:SmallMolecule2,abstraction:ReactsWith,reactome:SmallMolecule4544
reactome:SmallMolecule4479,abstraction:ReactsWith,reactome:SmallMolecule619
reactome:SmallMolecule2329,abstraction:ReactsWith,reactome:SmallMolecule698
reactome:SmallMolecule4535,abstraction:ReactsWith,reactome:SmallMolecule4536
reactome:SmallMolecule619,abstraction:ReactsWith,reactome:SmallMolecule455
reactome:SmallMolecule1299,abstraction:ReactsWith,reactome:SmallMolecule2936
reactome:SmallMolecule3444,abstraction:ReactsWith,reactome:SmallMolecule3
reactome:SmallMolecule1954,abstraction:ReactsWith,reactome:SmallMolecule99
reactome:SmallMolecule3309,abstraction:ReactsWith,reactome:SmallMolecule591
reactome:SmallMolecule34,abstraction:ReactsWith,reactome:SmallMolecule2795
reactome:SmallMolecule4949,abstraction:ReactsWith,reactome:SmallMolecule4479
reactome:SmallMolecule1245,abstraction:ReactsWith,reactome:SmallMolecule619
reactome:SmallMolecule33,abstraction:ReactsWith,reactome:SmallMolecule2829
reactome:SmallMolecule2,abstraction:ReactsWith,reactome:SmallMolecule1049
reactome:SmallMolecule619,abstraction:ReactsWith,reactome:SmallMolecule2910
reactome:SmallMolecule2881,abstraction:ReactsWith,reactome:SmallMolecule618
reactome:SmallMolecule1572,abstraction:ReactsWith,reactome:SmallMolecule1571
reactome:SmallMolecule733,abstraction:ReactsWith,reactome:SmallMolecule591
reactome:SmallMolecule378,abstraction:ReactsWith,reactome:SmallMolecule2782
reactome:SmallMolecule741,abstraction:ReactsWith,reactome:SmallMolecule740
reactome:SmallMolecule375,abstraction:ReactsWith,reactome:SmallMolecule858
reactome:SmallMolecule37,abstraction:ReactsWith,reactome:SmallMolecule2
reactome:SmallMolecule535,abstraction:ReactsWith,reactome:SmallMolecule442
reactome:SmallMolecule222,abstraction:ReactsWith,reactome:SmallMolecule2758
reactome:SmallMolecule709,abstraction:ReactsWith,reactome:SmallMolecule863
reactome:SmallMolecule1268,abstraction:ReactsWith,reactome:SmallMolecule3123
reactome:SmallMolecule710,abstraction:ReactsWith,reactome:SmallMolecule2051
reactome:SmallMolecule3441,abstraction:ReactsWith,reactome:SmallMolecule1196
reactome:SmallMolecule1178,abstraction:ReactsWith,reactome:SmallMolecule3100
reactome:SmallMolecule4653,abstraction:ReactsWith,reactome:SmallMolecule535
reactome:SmallMolecule535,abstraction:ReactsWith,reactome:SmallMolecule2
reactome:SmallMolecule1343,abstraction:ReactsWith,reactome:SmallMolecule1370
reactome:SmallMolecule432,abstraction:ReactsWith,reactome:SmallMolecule33
reactome:SmallMolecule2885,abstraction:ReactsWith,reactome:SmallMolecule34
reactome:SmallMolecule4625,abstraction:ReactsWith,reactome:SmallMolecule2
reactome:SmallMolecule618,abstraction:ReactsWith,reactome:SmallMolecule2178
reactome:SmallMolecule683,abstraction:ReactsWith,reactome:SmallMolecule726
reactome:SmallMolecule633,abstraction:ReactsWith,reactome:SmallMolecule1837
reactome:SmallMolecule329,abstraction:ReactsWith,reactome:SmallMolecule361
reactome:SmallMolecule770,abstraction:ReactsWith,reactome:SmallMolecule1740
reactome:SmallMolecule1339,abstraction:ReactsWith,reactome:SmallMolecule1346
reactome:SmallMolecule102,abstraction:ReactsWith,reactome:SmallMolecule425
reactome:SmallMolecule743,abstraction:ReactsWith,reactome:SmallMolecule1911
reactome:SmallMolecule1388,abstraction:ReactsWith,reactome:SmallMolecule1111
reactome:SmallMolecule1422,abstraction:ReactsWith,reactome:SmallMolecule1443
reactome:SmallMolecule1971,abstraction:ReactsWith,reactome:SmallMolecule618
reactome:SmallMolecule622,abstraction:ReactsWith,reactome:SmallMolecule1816
reactome:SmallMolecule777,abstraction:ReactsWith,reactome:SmallMolecule743
reactome:SmallMolecule1849,abstraction:ReactsWith,reactome:SmallMolecule1303
reactome:SmallMolecule2890,abstraction:ReactsWith,reactome:SmallMolecule2886
reactome:SmallMolecule3,abstraction:ReactsWith,reactome:SmallMolecule877
reactome:SmallMolecule99,abstraction:ReactsWith,reactome:SmallMolecule858
reactome:SmallMolecule1647,abstraction:ReactsWith,reactome:SmallMolecule99
reactome:SmallMolecule859,abstraction:ReactsWith,reactome:SmallMolecule33
reactome:SmallMolecule3,abstraction:ReactsWith,reactome:SmallMolecule2855
reactome:SmallMolecule971,abstraction:ReactsWith,reactome:SmallMolecule99
reactome:SmallMolecule2888,abstraction:ReactsWith,reactome:SmallMolecule2886
reactome:SmallMolecule325,abstraction:ReactsWith,reactome:SmallMolecule2670
reactome:SmallMolecule6,abstraction:ReactsWith,reactome:SmallMolecule2380
reactome:SmallMolecule1268,abstraction:ReactsWith,reactome:SmallMolecule3076
reactome:SmallMolecule1339,abstraction:ReactsWith,reactome:SmallMolecule2318
reactome:SmallMolecule100,abstraction:ReactsWith,reactome:SmallMolecule2575
reactome:SmallMolecule3,abstraction:ReactsWith,reactome:SmallMolecule2471
reactome:SmallMolecule2,abstraction:ReactsWith,reactome:SmallMolecule3473
reactome:SmallMolecule1422,abstraction:ReactsWith,reactome:SmallMolecule1306
reactome:SmallMolecule3,abstraction:ReactsWith,reactome:SmallMolecule99
reactome:SmallMolecule377,abstraction:ReactsWith,reactome:SmallMolecule1944
reactome:SmallMolecule99,abstraction:ReactsWith,reactome:SmallMolecule1822
reactome:SmallMolecule2488,abstraction:ReactsWith,reactome:SmallMolecule1640
reactome:SmallMolecule3100,abstraction:ReactsWith,reactome:SmallMolecule1178
reactome:SmallMolecule622,abstraction:ReactsWith,reactome:SmallMolecule293
reactome:SmallMolecule619,abstraction:ReactsWith,reactome:SmallMolecule53
reactome:SmallMolecule3078,abstraction:ReactsWith,reactome:SmallMolecule1268
reactome:SmallMolecule1915,abstraction:ReactsWith,reactome:SmallMolecule1912
reactome:SmallMolecule859,abstraction:ReactsWith,reactome:SmallMolecule3364
reactome:SmallMolecule2894,abstraction:ReactsWith,reactome:SmallMolecule2879
reactome:SmallMolecule1269,abstraction:ReactsWith,reactome:SmallMolecule1178
reactome:SmallMolecule3,abstraction:ReactsWith,reactome:SmallMolecule2731
reactome:SmallMolecule2384,abstraction:ReactsWith,reactome:SmallMolecule6
reactome:SmallMolecule103,abstraction:ReactsWith,reactome:SmallMolecule101
reactome:SmallMolecule2566,abstraction:ReactsWith,reactome:SmallMolecule591
reactome:SmallMolecule619,abstraction:ReactsWith,reactome:SmallMolecule3325
reactome:SmallMolecule618,abstraction:ReactsWith,reactome:SmallMolecule2862
reactome:SmallMolecule2647,abstraction:ReactsWith,reactome:SmallMolecule612
reactome:SmallMolecule2338,abstraction:ReactsWith,reactome:SmallMolecule3475
reactome:SmallMolecule98,abstraction:ReactsWith,reactome:SmallMolecule425
reactome:SmallMolecule2012,abstraction:ReactsWith,reactome:SmallMolecule618
reactome:SmallMolecule1297,abstraction:ReactsWith,reactome:SmallMolecule1484
reactome:SmallMolecule5048,abstraction:ReactsWith,reactome:SmallMolecule127
reactome:SmallMolecule3546,abstraction:ReactsWith,reactome:SmallMolecule3633
reactome:SmallMolecule1116,abstraction:ReactsWith,reactome:SmallMolecule619
reactome:SmallMolecule2,abstraction:ReactsWith,reactome:SmallMolecule585
reactome:SmallMolecule2784,abstraction:ReactsWith,reactome:SmallMolecule306
reactome:SmallMolecule619,abstraction:ReactsWith,reactome:SmallMolecule2652
reactome:SmallMolecule5360,abstraction:ReactsWith,reactome:SmallMolecule5358
reactome:SmallMolecule303,abstraction:ReactsWith,reactome:SmallMolecule40
reactome:SmallMolecule2902,abstraction:ReactsWith,reactome:SmallMolecule3
reactome:SmallMolecule984,abstraction:ReactsWith,reactome:SmallMolecule561
reactome:SmallMolecule638,abstraction:ReactsWith,reactome:SmallMolecule109
reactome:SmallMolecule187,abstraction:ReactsWith,reactome:SmallMolecule100
reactome:SmallMolecule3264,abstraction:ReactsWith,reactome:SmallMolecule2
reactome:SmallMolecule109,abstraction:ReactsWith,reactome:SmallMolecule100
reactome:SmallMolecule561,abstraction:ReactsWith,reactome:SmallMolecule984
reactome:SmallMolecule377,abstraction:ReactsWith,reactome:SmallMolecule854
reactome:SmallMolecule2689,abstraction:ReactsWith,reactome:SmallMolecule638
reactome:SmallMolecule2201,abstraction:ReactsWith,reactome:SmallMolecule622
reactome:SmallMolecule3638,abstraction:ReactsWith,reactome:SmallMolecule3577
reactome:SmallMolecule710,abstraction:ReactsWith,reactome:SmallMolecule907
reactome:SmallMolecule710,abstraction:ReactsWith,reactome:SmallMolecule178
reactome:SmallMolecule1814,abstraction:ReactsWith,reactome:SmallMolecule99
reactome:SmallMolecule2664,abstraction:ReactsWith,reactome:SmallMolecule2663
reactome:SmallMolecule2415,abstraction:ReactsWith,reactome:SmallMolecule99
reactome:SmallMolecule2848,abstraction:ReactsWith,reactome:SmallMolecule33
reactome:SmallMolecule3527,abstraction:ReactsWith,reactome:SmallMolecule220
reactome:SmallMolecule619,abstraction:ReactsWith,reactome:SmallMolecule968
reactome:SmallMolecule2015,abstraction:ReactsWith,reactome:SmallMolecule2907
reactome:SmallMolecule2,abstraction:ReactsWith,reactome:SmallMolecule2387
reactome:SmallMolecule377,abstraction:ReactsWith,reactome:SmallMolecule2784
reactome:SmallMolecule3,abstraction:ReactsWith,reactome:SmallMolecule46
reactome:SmallMolecule6,abstraction:ReactsWith,reactome:SmallMolecule2357
reactome:SmallMolecule102,abstraction:ReactsWith,reactome:SmallMolecule140
reactome:SmallMolecule1900,abstraction:ReactsWith,reactome:SmallMolecule619
reactome:SmallMolecule115,abstraction:ReactsWith,reactome:SmallMolecule122
reactome:SmallMolecule100,abstraction:ReactsWith,reactome:SmallMolecule322
reactome:SmallMolecule1268,abstraction:ReactsWith,reactome:SmallMolecule3100
reactome:SmallMolecule3,abstraction:ReactsWith,reactome:SmallMolecule1227
reactome:SmallMolecule853,abstraction:ReactsWith,reactome:SmallMolecule2274
reactome:SmallMolecule535,abstraction:ReactsWith,reactome:SmallMolecule99
reactome:SmallMolecule98,abstraction:ReactsWith,reactome:SmallMolecule43
reactome:SmallMolecule1078,abstraction:ReactsWith,reactome:SmallMolecule619
reactome:SmallMolecule337,abstraction:ReactsWith,reactome:SmallMolecule407
reactome:SmallMolecule926,abstraction:ReactsWith,reactome:SmallMolecule557
reactome:SmallMolecule3123,abstraction:ReactsWith,reactome:SmallMolecule638
reactome:SmallMolecule98,abstraction:ReactsWith,reactome:SmallMolecule438
reactome:SmallMolecule3,abstraction:ReactsWith,reactome:SmallMolecule885
reactome:SmallMolecule2868,abstraction:ReactsWith,reactome:SmallMolecule4
reactome:SmallMolecule2,abstraction:ReactsWith,reactome:SmallMolecule351
reactome:SmallMolecule3,abstraction:ReactsWith,reactome:SmallMolecule744
reactome:SmallMolecule109,abstraction:ReactsWith,reactome:SmallMolecule1018
reactome:SmallMolecule4623,abstraction:ReactsWith,reactome:SmallMolecule610
reactome:SmallMolecule3578,abstraction:ReactsWith,reactome:SmallMolecule3
reactome:SmallMolecule1228,abstraction:ReactsWith,reactome:SmallMolecule619
reactome:SmallMolecule2274,abstraction:ReactsWith,reactome:SmallMolecule2267
reactome:SmallMolecule44,abstraction:ReactsWith,reactome:SmallMolecule324
reactome:SmallMolecule3,abstraction:ReactsWith,reactome:SmallMolecule3427
reactome:SmallMolecule4637,abstraction:ReactsWith,reactome:SmallMolecule4636
reactome:SmallMolecule99,abstraction:ReactsWith,reactome:SmallMolecule1926
reactome:SmallMolecule742,abstraction:ReactsWith,reactome:SmallMolecule1324
reactome:SmallMolecule2335,abstraction:ReactsWith,reactome:SmallMolecule3
reactome:SmallMolecule2804,abstraction:ReactsWith,reactome:SmallMolecule377
reactome:SmallMolecule1029,abstraction:ReactsWith,reactome:SmallMolecule880
reactome:SmallMolecule99,abstraction:ReactsWith,reactome:SmallMolecule1815
reactome:SmallMolecule99,abstraction:ReactsWith,reactome:SmallMolecule3029
reactome:SmallMolecule33,abstraction:ReactsWith,reactome:SmallMolecule857
reactome:SmallMolecule915,abstraction:ReactsWith,reactome:SmallMolecule366
reactome:SmallMolecule99,abstraction:ReactsWith,reactome:SmallMolecule3
reactome:SmallMolecule2794,abstraction:ReactsWith,reactome:SmallMolecule306
reactome:SmallMolecule618,abstraction:ReactsWith,reactome:SmallMolecule514
reactome:SmallMolecule293,abstraction:ReactsWith,reactome:SmallMolecule294
reactome:SmallMolecule1262,abstraction:ReactsWith,reactome:SmallMolecule3
reactome:SmallMolecule1339,abstraction:ReactsWith,reactome:SmallMolecule1343
reactome:SmallMolecule352,abstraction:ReactsWith,reactome:SmallMolecule2
reactome:SmallMolecule727,abstraction:ReactsWith,reactome:SmallMolecule728
reactome:SmallMolecule561,abstraction:ReactsWith,reactome:SmallMolecule981
reactome:SmallMolecule1409,abstraction:ReactsWith,reactome:SmallMolecule2824
reactome:SmallMolecule619,abstraction:ReactsWith,reactome:SmallMolecule612
reactome:SmallMolecule361,abstraction:ReactsWith,reactome:SmallMolecule1
reactome:SmallMolecule100,abstraction:ReactsWith,reactome:SmallMolecule211
reactome:SmallMolecule1883,abstraction:ReactsWith,reactome:SmallMolecule377
reactome:SmallMolecule1817,abstraction:ReactsWith,reactome:SmallMolecule99
reactome:SmallMolecule619,abstraction:ReactsWith,reactome:SmallMolecule1949
reactome:SmallMolecule377,abstraction:ReactsWith,reactome:SmallMolecule1383
reactome:SmallMolecule1565,abstraction:ReactsWith,reactome:SmallMolecule3
reactome:SmallMolecule909,abstraction:ReactsWith,reactome:SmallMolecule900
reactome:SmallMolecule220,abstraction:ReactsWith,reactome:SmallMolecule219
reactome:SmallMolecule442,abstraction:ReactsWith,reactome:SmallMolecule2250
reactome:SmallMolecule3165,abstraction:ReactsWith,reactome:SmallMolecule612
reactome:SmallMolecule3,abstraction:ReactsWith,reactome:SmallMolecule2166
reactome:SmallMolecule99,abstraction:ReactsWith,reactome:SmallMolecule2253
reactome:SmallMolecule3130,abstraction:ReactsWith,reactome:SmallMolecule1268
reactome:SmallMolecule3,abstraction:ReactsWith,reactome:SmallMolecule3321
reactome:SmallMolecule3292,abstraction:ReactsWith,reactome:SmallMolecule1111
reactome:SmallMolecule411,abstraction:ReactsWith,reactome:SmallMolecule102
reactome:SmallMolecule556,abstraction:ReactsWith,reactome:SmallMolecule3
reactome:SmallMolecule2879,abstraction:ReactsWith,reactome:SmallMolecule2894
reactome:SmallMolecule1543,abstraction:ReactsWith,reactome:SmallMolecule100
reactome:SmallMolecule619,abstraction:ReactsWith,reactome:SmallMolecule1830
reactome:SmallMolecule776,abstraction:ReactsWith,reactome:SmallMolecule3
reactome:SmallMolecule5236,abstraction:ReactsWith,reactome:SmallMolecule1343
reactome:SmallMolecule2,abstraction:ReactsWith,reactome:SmallMolecule3509
reactome:SmallMolecule2930,abstraction:ReactsWith,reactome:SmallMolecule2934
reactome:SmallMolecule1038,abstraction:ReactsWith,reactome:SmallMolecule880
reactome:SmallMolecule1178,abstraction:ReactsWith,reactome:SmallMolecule3113
reactome:SmallMolecule1948,abstraction:ReactsWith,reactome:SmallMolecule618
reactome:SmallMolecule2257,abstraction:ReactsWith,reactome:SmallMolecule1460
reactome:SmallMolecule893,abstraction:ReactsWith,reactome:SmallMolecule2
reactome:SmallMolecule994,abstraction:ReactsWith,reactome:SmallMolecule549
reactome:SmallMolecule2129,abstraction:ReactsWith,reactome:SmallMolecule3
reactome:SmallMolecule618,abstraction:ReactsWith,reactome:SmallMolecule2157
reactome:SmallMolecule869,abstraction:ReactsWith,reactome:SmallMolecule1061
reactome:SmallMolecule622,abstraction:ReactsWith,reactome:SmallMolecule2045
reactome:SmallMolecule709,abstraction:ReactsWith,reactome:SmallMolecule618
reactome:SmallMolecule3,abstraction:ReactsWith,reactome:SmallMolecule2514
reactome:SmallMolecule622,abstraction:ReactsWith,reactome:SmallMolecule2210
reactome:SmallMolecule2038,abstraction:ReactsWith,reactome:SmallMolecule1196
reactome:SmallMolecule3,abstraction:ReactsWith,reactome:SmallMolecule2770
reactome:SmallMolecule949,abstraction:ReactsWith,reactome:SmallMolecule537
reactome:SmallMolecule619,abstraction:ReactsWith,reactome:SmallMolecule3561
reactome:SmallMolecule2779,abstraction:ReactsWith,reactome:SmallMolecule1344
reactome:SmallMolecule748,abstraction:ReactsWith,reactome:SmallMolecule591
reactome:SmallMolecule1640,abstraction:ReactsWith,reactome:SmallMolecule5169
reactome:SmallMolecule1895,abstraction:ReactsWith,reactome:SmallMolecule618
reactome:SmallMolecule100,abstraction:ReactsWith,reactome:SmallMolecule357
reactome:SmallMolecule1651,abstraction:ReactsWith,reactome:SmallMolecule619
reactome:SmallMolecule3,abstraction:ReactsWith,reactome:SmallMolecule2878
reactome:SmallMolecule1048,abstraction:ReactsWith,reactome:SmallMolecule2
reactome:SmallMolecule591,abstraction:ReactsWith,reactome:SmallMolecule3013
reactome:SmallMolecule1036,abstraction:ReactsWith,reactome:SmallMolecule880
