Source,Interaction,Target
reactome:ProteinReference5223,abstraction:ControlsStateChangeOf,reactome:ProteinReference10973
reactome:ProteinReference5017,abstraction:ControlsStateChangeOf,reactome:ProteinReference4464
reactome:ProteinReference5842,abstraction:ControlsStateChangeOf,reactome:ProteinReference9468
reactome:ProteinReference5816,abstraction:ControlsStateChangeOf,reactome:ProteinReference7750
reactome:ProteinReference911,abstraction:ControlsStateChangeOf,reactome:ProteinReference914
reactome:ProteinReference10459,abstraction:ControlsStateChangeOf,reactome:ProteinReference5905
reactome:ProteinReference8822,abstraction:ControlsStateChangeOf,reactome:ProteinReference6095
reactome:ProteinReference951,abstraction:ControlsStateChangeOf,reactome:ProteinReference907
reactome:ProteinReference8964,abstraction:ControlsStateChangeOf,reactome:ProteinReference8963
reactome:ProteinReference450,abstraction:ControlsStateChangeOf,reactome:ProteinReference6423
reactome:ProteinReference782,abstraction:ControlsStateChangeOf,reactome:ProteinReference4387
reactome:ProteinReference9030,abstraction:ControlsStateChangeOf,reactome:ProteinReference4525
reactome:ProteinReference4185,abstraction:ControlsStateChangeOf,reactome:ProteinReference1666
reactome:ProteinReference943,abstraction:ControlsStateChangeOf,reactome:ProteinReference907
reactome:ProteinReference4397,abstraction:ControlsStateChangeOf,reactome:ProteinReference2843
reactome:ProteinReference5222,abstraction:ControlsStateChangeOf,reactome:ProteinReference7511
reactome:ProteinReference5418,abstraction:ControlsStateChangeOf,reactome:ProteinReference4458
reactome:ProteinReference6619,abstraction:ControlsStateChangeOf,reactome:ProteinReference2042
reactome:ProteinReference9873,abstraction:ControlsStateChangeOf,reactome:ProteinReference6756
reactome:ProteinReference3147,abstraction:ControlsStateChangeOf,reactome:ProteinReference8293
reactome:ProteinReference5787,abstraction:ControlsStateChangeOf,reactome:ProteinReference7750
reactome:ProteinReference9029,abstraction:ControlsStateChangeOf,reactome:ProteinReference4524
reactome:ProteinReference1756,abstraction:ControlsStateChangeOf,reactome:ProteinReference5189
reactome:ProteinReference966,abstraction:ControlsStateChangeOf,reactome:ProteinReference919
reactome:ProteinReference4347,abstraction:ControlsStateChangeOf,reactome:ProteinReference4307
reactome:ProteinReference4466,abstraction:ControlsStateChangeOf,reactome:ProteinReference8286
reactome:ProteinReference4104,abstraction:ControlsStateChangeOf,reactome:ProteinReference8795
reactome:ProteinReference5784,abstraction:ControlsStateChangeOf,reactome:ProteinReference9468
reactome:ProteinReference1815,abstraction:ControlsStateChangeOf,reactome:ProteinReference4387
reactome:ProteinReference3337,abstraction:ControlsStateChangeOf,reactome:ProteinReference4526
reactome:ProteinReference3725,abstraction:ControlsStateChangeOf,reactome:ProteinReference8898
reactome:ProteinReference957,abstraction:ControlsStateChangeOf,reactome:ProteinReference915
reactome:ProteinReference4690,abstraction:ControlsStateChangeOf,reactome:ProteinReference1340
reactome:ProteinReference4504,abstraction:ControlsStateChangeOf,reactome:ProteinReference4525
reactome:ProteinReference5812,abstraction:ControlsStateChangeOf,reactome:ProteinReference6711
reactome:ProteinReference9798,abstraction:ControlsStateChangeOf,reactome:ProteinReference6092
reactome:ProteinReference934,abstraction:ControlsStateChangeOf,reactome:ProteinReference912
reactome:ProteinReference1436,abstraction:ControlsStateChangeOf,reactome:ProteinReference7588
reactome:ProteinReference4045,abstraction:ControlsStateChangeOf,reactome:ProteinReference4006
reactome:ProteinReference908,abstraction:ControlsStateChangeOf,reactome:ProteinReference910
reactome:ProteinReference911,abstraction:ControlsStateChangeOf,reactome:ProteinReference910
reactome:ProteinReference5832,abstraction:ControlsStateChangeOf,reactome:ProteinReference6711
reactome:ProteinReference4109,abstraction:ControlsStateChangeOf,reactome:ProteinReference8773
reactome:ProteinReference5566,abstraction:ControlsStateChangeOf,reactome:ProteinReference6167
reactome:ProteinReference881,abstraction:ControlsStateChangeOf,reactome:ProteinReference875
reactome:ProteinReference1611,abstraction:ControlsStateChangeOf,reactome:ProteinReference1609
reactome:ProteinReference359,abstraction:ControlsStateChangeOf,reactome:ProteinReference6710
reactome:ProteinReference4372,abstraction:ControlsStateChangeOf,reactome:ProteinReference1061
reactome:ProteinReference1361,abstraction:ControlsStateChangeOf,reactome:ProteinReference8116
reactome:ProteinReference4383,abstraction:ControlsStateChangeOf,reactome:ProteinReference4450
reactome:ProteinReference4533,abstraction:ControlsStateChangeOf,reactome:ProteinReference4525
reactome:ProteinReference931,abstraction:ControlsStateChangeOf,reactome:ProteinReference917
reactome:ProteinReference5836,abstraction:ControlsStateChangeOf,reactome:ProteinReference7750
reactome:ProteinReference10348,abstraction:ControlsStateChangeOf,reactome:ProteinReference10347
reactome:ProteinReference1610,abstraction:ControlsStateChangeOf,reactome:ProteinReference1605
reactome:ProteinReference7743,abstraction:ControlsStateChangeOf,reactome:ProteinReference5755
reactome:ProteinReference929,abstraction:ControlsStateChangeOf,reactome:ProteinReference922
reactome:ProteinReference4302,abstraction:ControlsStateChangeOf,reactome:ProteinReference4298
reactome:ProteinReference659,abstraction:ControlsStateChangeOf,reactome:ProteinReference3929
reactome:ProteinReference776,abstraction:ControlsStateChangeOf,reactome:ProteinReference8646
reactome:ProteinReference4341,abstraction:ControlsStateChangeOf,reactome:ProteinReference4311
reactome:ProteinReference6048,abstraction:ControlsStateChangeOf,reactome:ProteinReference6034
reactome:ProteinReference5291,abstraction:ControlsStateChangeOf,reactome:ProteinReference10646
reactome:ProteinReference6527,abstraction:ControlsStateChangeOf,reactome:ProteinReference1123
reactome:ProteinReference447,abstraction:ControlsStateChangeOf,reactome:ProteinReference1782
reactome:ProteinReference4554,abstraction:ControlsStateChangeOf,reactome:ProteinReference10646
reactome:ProteinReference917,abstraction:ControlsStateChangeOf,reactome:ProteinReference908
reactome:ProteinReference8986,abstraction:ControlsStateChangeOf,reactome:ProteinReference5243
reactome:ProteinReference1061,abstraction:ControlsStateChangeOf,reactome:ProteinReference4553
reactome:ProteinReference7562,abstraction:ControlsStateChangeOf,reactome:ProteinReference7342
reactome:ProteinReference9110,abstraction:ControlsStateChangeOf,reactome:ProteinReference5595
reactome:ProteinReference4690,abstraction:ControlsStateChangeOf,reactome:ProteinReference6116
reactome:ProteinReference4398,abstraction:ControlsStateChangeOf,reactome:ProteinReference4406
reactome:ProteinReference5846,abstraction:ControlsStateChangeOf,reactome:ProteinReference6711
reactome:ProteinReference3729,abstraction:ControlsStateChangeOf,reactome:ProteinReference3598
reactome:ProteinReference9073,abstraction:ControlsStateChangeOf,reactome:ProteinReference5242
reactome:ProteinReference4687,abstraction:ControlsStateChangeOf,reactome:ProteinReference58
reactome:ProteinReference774,abstraction:ControlsStateChangeOf,reactome:ProteinReference8651
reactome:ProteinReference936,abstraction:ControlsStateChangeOf,reactome:ProteinReference912
reactome:ProteinReference6619,abstraction:ControlsStateChangeOf,reactome:ProteinReference1979
reactome:ProteinReference9008,abstraction:ControlsStateChangeOf,reactome:ProteinReference4524
reactome:ProteinReference8781,abstraction:ControlsStateChangeOf,reactome:ProteinReference6171
reactome:ProteinReference6753,abstraction:ControlsStateChangeOf,reactome:ProteinReference5424
reactome:ProteinReference4383,abstraction:ControlsStateChangeOf,reactome:ProteinReference4451
reactome:ProteinReference4045,abstraction:ControlsStateChangeOf,reactome:ProteinReference4024
reactome:ProteinReference771,abstraction:ControlsStateChangeOf,reactome:ProteinReference8651
reactome:ProteinReference1967,abstraction:ControlsStateChangeOf,reactome:ProteinReference1966
reactome:ProteinReference931,abstraction:ControlsStateChangeOf,reactome:ProteinReference912
reactome:ProteinReference4073,abstraction:ControlsStateChangeOf,reactome:ProteinReference4314
reactome:ProteinReference664,abstraction:ControlsStateChangeOf,reactome:ProteinReference6270
reactome:ProteinReference914,abstraction:ControlsStateChangeOf,reactome:ProteinReference917
reactome:ProteinReference4690,abstraction:ControlsStateChangeOf,reactome:ProteinReference7821
reactome:ProteinReference5793,abstraction:ControlsStateChangeOf,reactome:ProteinReference6711
reactome:ProteinReference9115,abstraction:ControlsStateChangeOf,reactome:ProteinReference5595
reactome:ProteinReference5632,abstraction:ControlsStateChangeOf,reactome:ProteinReference5634
reactome:ProteinReference9008,abstraction:ControlsStateChangeOf,reactome:ProteinReference4529
reactome:ProteinReference1611,abstraction:ControlsStateChangeOf,reactome:ProteinReference1601
reactome:ProteinReference4518,abstraction:ControlsStateChangeOf,reactome:ProteinReference4522
reactome:ProteinReference1061,abstraction:ControlsStateChangeOf,reactome:ProteinReference4556
reactome:ProteinReference4400,abstraction:ControlsStateChangeOf,reactome:ProteinReference2843
reactome:ProteinReference665,abstraction:ControlsStateChangeOf,reactome:ProteinReference1074
reactome:ProteinReference768,abstraction:ControlsStateChangeOf,reactome:ProteinReference8741
reactome:ProteinReference3864,abstraction:ControlsStateChangeOf,reactome:ProteinReference4530
reactome:ProteinReference4458,abstraction:ControlsStateChangeOf,reactome:ProteinReference10643
reactome:ProteinReference355,abstraction:ControlsStateChangeOf,reactome:ProteinReference6710
reactome:ProteinReference4344,abstraction:ControlsStateChangeOf,reactome:ProteinReference4311
reactome:ProteinReference5825,abstraction:ControlsStateChangeOf,reactome:ProteinReference9468
reactome:ProteinReference3725,abstraction:ControlsStateChangeOf,reactome:ProteinReference5162
reactome:ProteinReference3603,abstraction:ControlsStateChangeOf,reactome:ProteinReference6847
reactome:ProteinReference7502,abstraction:ControlsStateChangeOf,reactome:ProteinReference4530
reactome:ProteinReference793,abstraction:ControlsStateChangeOf,reactome:ProteinReference4440
reactome:ProteinReference3938,abstraction:ControlsStateChangeOf,reactome:ProteinReference3733
reactome:ProteinReference4532,abstraction:ControlsStateChangeOf,reactome:ProteinReference4528
reactome:ProteinReference1736,abstraction:ControlsStateChangeOf,reactome:ProteinReference1088
reactome:ProteinReference9073,abstraction:ControlsStateChangeOf,reactome:ProteinReference4458
reactome:ProteinReference4301,abstraction:ControlsStateChangeOf,reactome:ProteinReference4279
reactome:ProteinReference353,abstraction:ControlsStateChangeOf,reactome:ProteinReference6878
reactome:ProteinReference4045,abstraction:ControlsStateChangeOf,reactome:ProteinReference4009
reactome:ProteinReference4643,abstraction:ControlsStateChangeOf,reactome:ProteinReference1986
reactome:ProteinReference4301,abstraction:ControlsStateChangeOf,reactome:ProteinReference3428
reactome:ProteinReference773,abstraction:ControlsStateChangeOf,reactome:ProteinReference4470
reactome:ProteinReference7563,abstraction:ControlsStateChangeOf,reactome:ProteinReference6452
reactome:ProteinReference4045,abstraction:ControlsStateChangeOf,reactome:ProteinReference4025
reactome:ProteinReference8371,abstraction:ControlsStateChangeOf,reactome:ProteinReference3733
reactome:ProteinReference10827,abstraction:ControlsStateChangeOf,reactome:ProteinReference4589
reactome:ProteinReference4616,abstraction:ControlsStateChangeOf,reactome:ProteinReference6091
reactome:ProteinReference4302,abstraction:ControlsStateChangeOf,reactome:ProteinReference4295
reactome:ProteinReference5797,abstraction:ControlsStateChangeOf,reactome:ProteinReference6711
reactome:ProteinReference6430,abstraction:ControlsStateChangeOf,reactome:ProteinReference5595
reactome:ProteinReference6429,abstraction:ControlsStateChangeOf,reactome:ProteinReference5595
reactome:ProteinReference1815,abstraction:ControlsStateChangeOf,reactome:ProteinReference6162
reactome:ProteinReference4617,abstraction:ControlsStateChangeOf,reactome:ProteinReference6089
reactome:ProteinReference914,abstraction:ControlsStateChangeOf,reactome:ProteinReference912
reactome:ProteinReference6256,abstraction:ControlsStateChangeOf,reactome:ProteinReference8907
reactome:ProteinReference7502,abstraction:ControlsStateChangeOf,reactome:ProteinReference5243
reactome:ProteinReference7563,abstraction:ControlsStateChangeOf,reactome:ProteinReference7335
reactome:ProteinReference4518,abstraction:ControlsStateChangeOf,reactome:ProteinReference4521
reactome:ProteinReference938,abstraction:ControlsStateChangeOf,reactome:ProteinReference916
reactome:ProteinReference913,abstraction:ControlsStateChangeOf,reactome:ProteinReference917
reactome:ProteinReference4643,abstraction:ControlsStateChangeOf,reactome:ProteinReference1864
reactome:ProteinReference4301,abstraction:ControlsStateChangeOf,reactome:ProteinReference3591
reactome:ProteinReference3585,abstraction:ControlsStateChangeOf,reactome:ProteinReference7325
reactome:ProteinReference910,abstraction:ControlsStateChangeOf,reactome:ProteinReference914
reactome:ProteinReference3636,abstraction:ControlsStateChangeOf,reactome:ProteinReference6401
reactome:ProteinReference5811,abstraction:ControlsStateChangeOf,reactome:ProteinReference9468
reactome:ProteinReference6041,abstraction:ControlsStateChangeOf,reactome:ProteinReference503
reactome:ProteinReference777,abstraction:ControlsStateChangeOf,reactome:ProteinReference4387
reactome:ProteinReference9123,abstraction:ControlsStateChangeOf,reactome:ProteinReference5595
reactome:ProteinReference6802,abstraction:ControlsStateChangeOf,reactome:ProteinReference7740
reactome:ProteinReference4495,abstraction:ControlsStateChangeOf,reactome:ProteinReference8962
reactome:ProteinReference8787,abstraction:ControlsStateChangeOf,reactome:ProteinReference8962
reactome:ProteinReference4183,abstraction:ControlsStateChangeOf,reactome:ProteinReference1668
reactome:ProteinReference442,abstraction:ControlsStateChangeOf,reactome:ProteinReference12127
reactome:ProteinReference794,abstraction:ControlsStateChangeOf,reactome:ProteinReference8741
reactome:ProteinReference10459,abstraction:ControlsStateChangeOf,reactome:ProteinReference621
reactome:ProteinReference5264,abstraction:ControlsStateChangeOf,reactome:ProteinReference5265
reactome:ProteinReference8788,abstraction:ControlsStateChangeOf,reactome:ProteinReference8963
reactome:ProteinReference8804,abstraction:ControlsStateChangeOf,reactome:ProteinReference3338
reactome:ProteinReference5812,abstraction:ControlsStateChangeOf,reactome:ProteinReference7750
reactome:ProteinReference8538,abstraction:ControlsStateChangeOf,reactome:ProteinReference8532
reactome:ProteinReference8822,abstraction:ControlsStateChangeOf,reactome:ProteinReference6089
reactome:ProteinReference784,abstraction:ControlsStateChangeOf,reactome:ProteinReference8649
reactome:ProteinReference937,abstraction:ControlsStateChangeOf,reactome:ProteinReference916
reactome:ProteinReference8992,abstraction:ControlsStateChangeOf,reactome:ProteinReference5242
reactome:ProteinReference5832,abstraction:ControlsStateChangeOf,reactome:ProteinReference7750
reactome:ProteinReference4348,abstraction:ControlsStateChangeOf,reactome:ProteinReference4309
reactome:ProteinReference6030,abstraction:ControlsStateChangeOf,reactome:ProteinReference4630
reactome:ProteinReference5573,abstraction:ControlsStateChangeOf,reactome:ProteinReference3922
reactome:ProteinReference930,abstraction:ControlsStateChangeOf,reactome:ProteinReference909
reactome:ProteinReference5842,abstraction:ControlsStateChangeOf,reactome:ProteinReference6711
reactome:ProteinReference788,abstraction:ControlsStateChangeOf,reactome:ProteinReference8741
reactome:ProteinReference4514,abstraction:ControlsStateChangeOf,reactome:ProteinReference4522
reactome:ProteinReference3603,abstraction:ControlsStateChangeOf,reactome:ProteinReference9916
reactome:ProteinReference933,abstraction:ControlsStateChangeOf,reactome:ProteinReference917
reactome:ProteinReference964,abstraction:ControlsStateChangeOf,reactome:ProteinReference919
reactome:ProteinReference913,abstraction:ControlsStateChangeOf,reactome:ProteinReference912
reactome:ProteinReference8294,abstraction:ControlsStateChangeOf,reactome:ProteinReference11359
reactome:ProteinReference4517,abstraction:ControlsStateChangeOf,reactome:ProteinReference4529
reactome:ProteinReference785,abstraction:ControlsStateChangeOf,reactome:ProteinReference4470
reactome:ProteinReference9109,abstraction:ControlsStateChangeOf,reactome:ProteinReference5595
reactome:ProteinReference4301,abstraction:ControlsStateChangeOf,reactome:ProteinReference3596
reactome:ProteinReference800,abstraction:ControlsStateChangeOf,reactome:ProteinReference4445
reactome:ProteinReference6796,abstraction:ControlsStateChangeOf,reactome:ProteinReference6798
reactome:ProteinReference3727,abstraction:ControlsStateChangeOf,reactome:ProteinReference8907
reactome:ProteinReference4383,abstraction:ControlsStateChangeOf,reactome:ProteinReference4416
reactome:ProteinReference8415,abstraction:ControlsStateChangeOf,reactome:ProteinReference8414
reactome:ProteinReference4660,abstraction:ControlsStateChangeOf,reactome:ProteinReference11328
reactome:ProteinReference4302,abstraction:ControlsStateChangeOf,reactome:ProteinReference3592
reactome:ProteinReference5206,abstraction:ControlsStateChangeOf,reactome:ProteinReference5189
reactome:ProteinReference5784,abstraction:ControlsStateChangeOf,reactome:ProteinReference6711
reactome:ProteinReference801,abstraction:ControlsStateChangeOf,reactome:ProteinReference8646
reactome:ProteinReference909,abstraction:ControlsStateChangeOf,reactome:ProteinReference913
reactome:ProteinReference934,abstraction:ControlsStateChangeOf,reactome:ProteinReference919
reactome:ProteinReference9043,abstraction:ControlsStateChangeOf,reactome:ProteinReference5242
reactome:ProteinReference6961,abstraction:ControlsStateChangeOf,reactome:ProteinReference4589
reactome:ProteinReference5294,abstraction:ControlsStateChangeOf,reactome:ProteinReference5243
reactome:ProteinReference8445,abstraction:ControlsStateChangeOf,reactome:ProteinReference8373
reactome:ProteinReference884,abstraction:ControlsStateChangeOf,reactome:ProteinReference877
reactome:ProteinReference930,abstraction:ControlsStateChangeOf,reactome:ProteinReference918
reactome:ProteinReference12055,abstraction:ControlsStateChangeOf,reactome:ProteinReference7266
reactome:ProteinReference8995,abstraction:ControlsStateChangeOf,reactome:ProteinReference5243
reactome:ProteinReference4514,abstraction:ControlsStateChangeOf,reactome:ProteinReference4521
reactome:ProteinReference2552,abstraction:ControlsStateChangeOf,reactome:ProteinReference2543
reactome:ProteinReference6024,abstraction:ControlsStateChangeOf,reactome:ProteinReference4630
reactome:ProteinReference10976,abstraction:ControlsStateChangeOf,reactome:ProteinReference7986
reactome:ProteinReference8618,abstraction:ControlsStateChangeOf,reactome:ProteinReference5595
reactome:ProteinReference6102,abstraction:ControlsStateChangeOf,reactome:ProteinReference4522
reactome:ProteinReference768,abstraction:ControlsStateChangeOf,reactome:ProteinReference8652
reactome:ProteinReference5570,abstraction:ControlsStateChangeOf,reactome:ProteinReference5423
reactome:ProteinReference3713,abstraction:ControlsStateChangeOf,reactome:ProteinReference3598
reactome:ProteinReference4515,abstraction:ControlsStateChangeOf,reactome:ProteinReference4522
reactome:ProteinReference908,abstraction:ControlsStateChangeOf,reactome:ProteinReference911
reactome:ProteinReference1737,abstraction:ControlsStateChangeOf,reactome:ProteinReference4480
reactome:ProteinReference4376,abstraction:ControlsStateChangeOf,reactome:ProteinReference4458
reactome:ProteinReference933,abstraction:ControlsStateChangeOf,reactome:ProteinReference912
reactome:ProteinReference935,abstraction:ControlsStateChangeOf,reactome:ProteinReference913
reactome:ProteinReference3603,abstraction:ControlsStateChangeOf,reactome:ProteinReference9941
reactome:ProteinReference3467,abstraction:ControlsStateChangeOf,reactome:ProteinReference5508
reactome:ProteinReference5860,abstraction:ControlsStateChangeOf,reactome:ProteinReference9468
reactome:ProteinReference9082,abstraction:ControlsStateChangeOf,reactome:ProteinReference5242
reactome:ProteinReference4559,abstraction:ControlsStateChangeOf,reactome:ProteinReference10646
reactome:ProteinReference6651,abstraction:ControlsStateChangeOf,reactome:ProteinReference1262
reactome:ProteinReference5793,abstraction:ControlsStateChangeOf,reactome:ProteinReference7750
reactome:ProteinReference951,abstraction:ControlsStateChangeOf,reactome:ProteinReference916
reactome:ProteinReference4070,abstraction:ControlsStateChangeOf,reactome:ProteinReference4304
reactome:ProteinReference791,abstraction:ControlsStateChangeOf,reactome:ProteinReference4445
reactome:ProteinReference6619,abstraction:ControlsStateChangeOf,reactome:ProteinReference1865
reactome:ProteinReference955,abstraction:ControlsStateChangeOf,reactome:ProteinReference913
reactome:ProteinReference6130,abstraction:ControlsStateChangeOf,reactome:ProteinReference5242
reactome:ProteinReference796,abstraction:ControlsStateChangeOf,reactome:ProteinReference8651
reactome:ProteinReference4341,abstraction:ControlsStateChangeOf,reactome:ProteinReference4303
reactome:ProteinReference790,abstraction:ControlsStateChangeOf,reactome:ProteinReference2834
reactome:ProteinReference3089,abstraction:ControlsStateChangeOf,reactome:ProteinReference8183
reactome:ProteinReference433,abstraction:ControlsStateChangeOf,reactome:ProteinReference429
reactome:ProteinReference4045,abstraction:ControlsStateChangeOf,reactome:ProteinReference4028
reactome:ProteinReference4531,abstraction:ControlsStateChangeOf,reactome:ProteinReference4528
reactome:ProteinReference782,abstraction:ControlsStateChangeOf,reactome:ProteinReference8651
reactome:ProteinReference640,abstraction:ControlsStateChangeOf,reactome:ProteinReference3647
reactome:ProteinReference6804,abstraction:ControlsStateChangeOf,reactome:ProteinReference6103
reactome:ProteinReference768,abstraction:ControlsStateChangeOf,reactome:ProteinReference4455
reactome:ProteinReference4347,abstraction:ControlsStateChangeOf,reactome:ProteinReference4309
reactome:ProteinReference5423,abstraction:ControlsStateChangeOf,reactome:ProteinReference6132
reactome:ProteinReference4516,abstraction:ControlsStateChangeOf,reactome:ProteinReference4528
reactome:ProteinReference9006,abstraction:ControlsStateChangeOf,reactome:ProteinReference5242
reactome:ProteinReference931,abstraction:ControlsStateChangeOf,reactome:ProteinReference919
reactome:ProteinReference6102,abstraction:ControlsStateChangeOf,reactome:ProteinReference4521
reactome:ProteinReference786,abstraction:ControlsStateChangeOf,reactome:ProteinReference2834
reactome:ProteinReference780,abstraction:ControlsStateChangeOf,reactome:ProteinReference8652
reactome:ProteinReference4515,abstraction:ControlsStateChangeOf,reactome:ProteinReference4521
reactome:ProteinReference6101,abstraction:ControlsStateChangeOf,reactome:ProteinReference4522
reactome:ProteinReference780,abstraction:ControlsStateChangeOf,reactome:ProteinReference798
reactome:ProteinReference6199,abstraction:ControlsStateChangeOf,reactome:ProteinReference2420
reactome:ProteinReference4643,abstraction:ControlsStateChangeOf,reactome:ProteinReference2039
reactome:ProteinReference5810,abstraction:ControlsStateChangeOf,reactome:ProteinReference9468
reactome:ProteinReference3604,abstraction:ControlsStateChangeOf,reactome:ProteinReference5605
reactome:ProteinReference4366,abstraction:ControlsStateChangeOf,reactome:ProteinReference3512
reactome:ProteinReference1815,abstraction:ControlsStateChangeOf,reactome:ProteinReference4541
reactome:ProteinReference4070,abstraction:ControlsStateChangeOf,reactome:ProteinReference4308
reactome:ProteinReference5797,abstraction:ControlsStateChangeOf,reactome:ProteinReference7750
reactome:ProteinReference1735,abstraction:ControlsStateChangeOf,reactome:ProteinReference4438
reactome:ProteinReference7563,abstraction:ControlsStateChangeOf,reactome:ProteinReference7331
reactome:ProteinReference799,abstraction:ControlsStateChangeOf,reactome:ProteinReference8649
reactome:ProteinReference5116,abstraction:ControlsStateChangeOf,reactome:ProteinReference1799
reactome:ProteinReference5222,abstraction:ControlsStateChangeOf,reactome:ProteinReference7510
reactome:ProteinReference5566,abstraction:ControlsStateChangeOf,reactome:ProteinReference1815
reactome:ProteinReference4185,abstraction:ControlsStateChangeOf,reactome:ProteinReference1667
reactome:ProteinReference1438,abstraction:ControlsStateChangeOf,reactome:ProteinReference3912
reactome:ProteinReference794,abstraction:ControlsStateChangeOf,reactome:ProteinReference8652
reactome:ProteinReference1295,abstraction:ControlsStateChangeOf,reactome:ProteinReference1294
reactome:ProteinReference883,abstraction:ControlsStateChangeOf,reactome:ProteinReference877
reactome:ProteinReference9082,abstraction:ControlsStateChangeOf,reactome:ProteinReference4458
reactome:ProteinReference6634,abstraction:ControlsStateChangeOf,reactome:ProteinReference6630
reactome:ProteinReference1839,abstraction:ControlsStateChangeOf,reactome:ProteinReference1834
reactome:ProteinReference938,abstraction:ControlsStateChangeOf,reactome:ProteinReference915
reactome:ProteinReference4514,abstraction:ControlsStateChangeOf,reactome:ProteinReference4523
reactome:ProteinReference352,abstraction:ControlsStateChangeOf,reactome:ProteinReference6878
reactome:ProteinReference4512,abstraction:ControlsStateChangeOf,reactome:ProteinReference8303
reactome:ProteinReference5789,abstraction:ControlsStateChangeOf,reactome:ProteinReference9468
reactome:ProteinReference4045,abstraction:ControlsStateChangeOf,reactome:ProteinReference3987
reactome:ProteinReference5825,abstraction:ControlsStateChangeOf,reactome:ProteinReference6711
reactome:ProteinReference780,abstraction:ControlsStateChangeOf,reactome:ProteinReference4455
reactome:ProteinReference5146,abstraction:ControlsStateChangeOf,reactome:ProteinReference1083
reactome:ProteinReference3651,abstraction:ControlsStateChangeOf,reactome:ProteinReference5660
reactome:ProteinReference3337,abstraction:ControlsStateChangeOf,reactome:ProteinReference4525
reactome:ProteinReference5111,abstraction:ControlsStateChangeOf,reactome:ProteinReference2539
reactome:ProteinReference10972,abstraction:ControlsStateChangeOf,reactome:ProteinReference7986
reactome:ProteinReference6634,abstraction:ControlsStateChangeOf,reactome:ProteinReference6624
reactome:ProteinReference4301,abstraction:ControlsStateChangeOf,reactome:ProteinReference4278
reactome:ProteinReference1848,abstraction:ControlsStateChangeOf,reactome:ProteinReference2329
reactome:ProteinReference8416,abstraction:ControlsStateChangeOf,reactome:ProteinReference8414
reactome:ProteinReference3729,abstraction:ControlsStateChangeOf,reactome:ProteinReference1773
reactome:ProteinReference788,abstraction:ControlsStateChangeOf,reactome:ProteinReference8652
reactome:ProteinReference1763,abstraction:ControlsStateChangeOf,reactome:ProteinReference1799
reactome:ProteinReference771,abstraction:ControlsStateChangeOf,reactome:ProteinReference4470
reactome:ProteinReference503,abstraction:ControlsStateChangeOf,reactome:ProteinReference4387
reactome:ProteinReference4344,abstraction:ControlsStateChangeOf,reactome:ProteinReference4303
reactome:ProteinReference6101,abstraction:ControlsStateChangeOf,reactome:ProteinReference4521
reactome:ProteinReference972,abstraction:ControlsStateChangeOf,reactome:ProteinReference925
reactome:ProteinReference795,abstraction:ControlsStateChangeOf,reactome:ProteinReference4440
reactome:ProteinReference4115,abstraction:ControlsStateChangeOf,reactome:ProteinReference8907
reactome:ProteinReference784,abstraction:ControlsStateChangeOf,reactome:ProteinReference8646
reactome:ProteinReference8804,abstraction:ControlsStateChangeOf,reactome:ProteinReference4617
reactome:ProteinReference794,abstraction:ControlsStateChangeOf,reactome:ProteinReference4455
reactome:ProteinReference5730,abstraction:ControlsStateChangeOf,reactome:ProteinReference5508
reactome:ProteinReference937,abstraction:ControlsStateChangeOf,reactome:ProteinReference915
reactome:ProteinReference4372,abstraction:ControlsStateChangeOf,reactome:ProteinReference4449
reactome:ProteinReference883,abstraction:ControlsStateChangeOf,reactome:ProteinReference876
reactome:ProteinReference5223,abstraction:ControlsStateChangeOf,reactome:ProteinReference5050
reactome:ProteinReference977,abstraction:ControlsStateChangeOf,reactome:ProteinReference919
reactome:ProteinReference1436,abstraction:ControlsStateChangeOf,reactome:ProteinReference1154
reactome:ProteinReference6634,abstraction:ControlsStateChangeOf,reactome:ProteinReference6626
reactome:ProteinReference448,abstraction:ControlsStateChangeOf,reactome:ProteinReference6423
reactome:ProteinReference3935,abstraction:ControlsStateChangeOf,reactome:ProteinReference3932
reactome:ProteinReference908,abstraction:ControlsStateChangeOf,reactome:ProteinReference907
reactome:ProteinReference911,abstraction:ControlsStateChangeOf,reactome:ProteinReference907
reactome:ProteinReference8246,abstraction:ControlsStateChangeOf,reactome:ProteinReference6816
reactome:ProteinReference5842,abstraction:ControlsStateChangeOf,reactome:ProteinReference7750
reactome:ProteinReference5113,abstraction:ControlsStateChangeOf,reactome:ProteinReference2539
reactome:ProteinReference6102,abstraction:ControlsStateChangeOf,reactome:ProteinReference4523
reactome:ProteinReference7502,abstraction:ControlsStateChangeOf,reactome:ProteinReference5396
reactome:ProteinReference4106,abstraction:ControlsStateChangeOf,reactome:ProteinReference6932
reactome:ProteinReference4690,abstraction:ControlsStateChangeOf,reactome:ProteinReference11359
reactome:ProteinReference4515,abstraction:ControlsStateChangeOf,reactome:ProteinReference4523
reactome:ProteinReference5589,abstraction:ControlsStateChangeOf,reactome:ProteinReference5597
reactome:ProteinReference6026,abstraction:ControlsStateChangeOf,reactome:ProteinReference4630
reactome:ProteinReference4566,abstraction:ControlsStateChangeOf,reactome:ProteinReference4524
reactome:ProteinReference798,abstraction:ControlsStateChangeOf,reactome:ProteinReference8649
reactome:ProteinReference8193,abstraction:ControlsStateChangeOf,reactome:ProteinReference8051
reactome:ProteinReference788,abstraction:ControlsStateChangeOf,reactome:ProteinReference4455
reactome:ProteinReference5811,abstraction:ControlsStateChangeOf,reactome:ProteinReference6711
reactome:ProteinReference362,abstraction:ControlsStateChangeOf,reactome:ProteinReference6711
reactome:ProteinReference789,abstraction:ControlsStateChangeOf,reactome:ProteinReference2834
reactome:ProteinReference6855,abstraction:ControlsStateChangeOf,reactome:ProteinReference10451
reactome:ProteinReference932,abstraction:ControlsStateChangeOf,reactome:ProteinReference925
reactome:ProteinReference6618,abstraction:ControlsStateChangeOf,reactome:ProteinReference5254
reactome:ProteinReference3449,abstraction:ControlsStateChangeOf,reactome:ProteinReference3622
reactome:ProteinReference5784,abstraction:ControlsStateChangeOf,reactome:ProteinReference7750
reactome:ProteinReference665,abstraction:ControlsStateChangeOf,reactome:ProteinReference6274
reactome:ProteinReference8392,abstraction:ControlsStateChangeOf,reactome:ProteinReference8391
reactome:ProteinReference4402,abstraction:ControlsStateChangeOf,reactome:ProteinReference4490
reactome:ProteinReference3849,abstraction:ControlsStateChangeOf,reactome:ProteinReference5031
reactome:ProteinReference3364,abstraction:ControlsStateChangeOf,reactome:ProteinReference8091
reactome:ProteinReference3983,abstraction:ControlsStateChangeOf,reactome:ProteinReference3979
reactome:ProteinReference4646,abstraction:ControlsStateChangeOf,reactome:ProteinReference5032
reactome:ProteinReference783,abstraction:ControlsStateChangeOf,reactome:ProteinReference8649
reactome:ProteinReference4497,abstraction:ControlsStateChangeOf,reactome:ProteinReference6921
reactome:ProteinReference7563,abstraction:ControlsStateChangeOf,reactome:ProteinReference7338
reactome:ProteinReference4566,abstraction:ControlsStateChangeOf,reactome:ProteinReference4529
reactome:ProteinReference793,abstraction:ControlsStateChangeOf,reactome:ProteinReference8741
reactome:ProteinReference3837,abstraction:ControlsStateChangeOf,reactome:ProteinReference4612
reactome:ProteinReference5294,abstraction:ControlsStateChangeOf,reactome:ProteinReference5240
reactome:ProteinReference6711,abstraction:ControlsStateChangeOf,reactome:ProteinReference6439
reactome:ProteinReference353,abstraction:ControlsStateChangeOf,reactome:ProteinReference6710
reactome:ProteinReference2097,abstraction:ControlsStateChangeOf,reactome:ProteinReference2095
reactome:ProteinReference1978,abstraction:ControlsStateChangeOf,reactome:ProteinReference1966
reactome:ProteinReference4348,abstraction:ControlsStateChangeOf,reactome:ProteinReference4306
reactome:ProteinReference4648,abstraction:ControlsStateChangeOf,reactome:ProteinReference5254
reactome:ProteinReference4717,abstraction:ControlsStateChangeOf,reactome:ProteinReference4582
reactome:ProteinReference4690,abstraction:ControlsStateChangeOf,reactome:ProteinReference8309
reactome:ProteinReference6101,abstraction:ControlsStateChangeOf,reactome:ProteinReference4523
reactome:ProteinReference1271,abstraction:ControlsStateChangeOf,reactome:ProteinReference1804
reactome:ProteinReference5247,abstraction:ControlsStateChangeOf,reactome:ProteinReference5050
reactome:ProteinReference4302,abstraction:ControlsStateChangeOf,reactome:ProteinReference4299
reactome:ProteinReference1852,abstraction:ControlsStateChangeOf,reactome:ProteinReference823
reactome:ProteinReference659,abstraction:ControlsStateChangeOf,reactome:ProteinReference3578
reactome:ProteinReference3603,abstraction:ControlsStateChangeOf,reactome:ProteinReference8964
reactome:ProteinReference915,abstraction:ControlsStateChangeOf,reactome:ProteinReference912
reactome:ProteinReference4371,abstraction:ControlsStateChangeOf,reactome:ProteinReference4368
reactome:ProteinReference813,abstraction:ControlsStateChangeOf,reactome:ProteinReference6167
reactome:ProteinReference6161,abstraction:ControlsStateChangeOf,reactome:ProteinReference4560
reactome:ProteinReference9028,abstraction:ControlsStateChangeOf,reactome:ProteinReference4520
reactome:ProteinReference5223,abstraction:ControlsStateChangeOf,reactome:ProteinReference7509
reactome:ProteinReference781,abstraction:ControlsStateChangeOf,reactome:ProteinReference798
reactome:ProteinReference951,abstraction:ControlsStateChangeOf,reactome:ProteinReference915
reactome:ProteinReference1857,abstraction:ControlsStateChangeOf,reactome:ProteinReference823
reactome:ProteinReference9024,abstraction:ControlsStateChangeOf,reactome:ProteinReference4458
reactome:ProteinReference3098,abstraction:ControlsStateChangeOf,reactome:ProteinReference9421
reactome:ProteinReference635,abstraction:ControlsStateChangeOf,reactome:ProteinReference6275
reactome:ProteinReference799,abstraction:ControlsStateChangeOf,reactome:ProteinReference2834
reactome:ProteinReference972,abstraction:ControlsStateChangeOf,reactome:ProteinReference920
reactome:ProteinReference934,abstraction:ControlsStateChangeOf,reactome:ProteinReference914
reactome:ProteinReference943,abstraction:ControlsStateChangeOf,reactome:ProteinReference915
reactome:ProteinReference4045,abstraction:ControlsStateChangeOf,reactome:ProteinReference4007
reactome:ProteinReference6975,abstraction:ControlsStateChangeOf,reactome:ProteinReference4588
reactome:ProteinReference910,abstraction:ControlsStateChangeOf,reactome:ProteinReference909
reactome:ProteinReference4107,abstraction:ControlsStateChangeOf,reactome:ProteinReference3598
reactome:ProteinReference4496,abstraction:ControlsStateChangeOf,reactome:ProteinReference6140
reactome:ProteinReference6102,abstraction:ControlsStateChangeOf,reactome:ProteinReference4458
reactome:ProteinReference8779,abstraction:ControlsStateChangeOf,reactome:ProteinReference6171
reactome:ProteinReference4660,abstraction:ControlsStateChangeOf,reactome:ProteinReference5967
reactome:ProteinReference4515,abstraction:ControlsStateChangeOf,reactome:ProteinReference4458
reactome:ProteinReference929,abstraction:ControlsStateChangeOf,reactome:ProteinReference916
reactome:ProteinReference3725,abstraction:ControlsStateChangeOf,reactome:ProteinReference3598
reactome:ProteinReference4556,abstraction:ControlsStateChangeOf,reactome:ProteinReference10646
reactome:ProteinReference4070,abstraction:ControlsStateChangeOf,reactome:ProteinReference4305
reactome:ProteinReference777,abstraction:ControlsStateChangeOf,reactome:ProteinReference8651
reactome:ProteinReference5294,abstraction:ControlsStateChangeOf,reactome:ProteinReference5396
reactome:ProteinReference4499,abstraction:ControlsStateChangeOf,reactome:ProteinReference4530
reactome:ProteinReference772,abstraction:ControlsStateChangeOf,reactome:ProteinReference4445
reactome:ProteinReference5570,abstraction:ControlsStateChangeOf,reactome:ProteinReference9468
reactome:ProteinReference6894,abstraction:ControlsStateChangeOf,reactome:ProteinReference6091
reactome:ProteinReference972,abstraction:ControlsStateChangeOf,reactome:ProteinReference923
reactome:ProteinReference933,abstraction:ControlsStateChangeOf,reactome:ProteinReference919
reactome:ProteinReference6893,abstraction:ControlsStateChangeOf,reactome:ProteinReference8224
reactome:ProteinReference9032,abstraction:ControlsStateChangeOf,reactome:ProteinReference4520
reactome:ProteinReference5224,abstraction:ControlsStateChangeOf,reactome:ProteinReference7510
reactome:ProteinReference104,abstraction:ControlsStateChangeOf,reactome:ProteinReference6162
reactome:ProteinReference7562,abstraction:ControlsStateChangeOf,reactome:ProteinReference7340
reactome:ProteinReference814,abstraction:ControlsStateChangeOf,reactome:ProteinReference6290
reactome:ProteinReference7851,abstraction:ControlsStateChangeOf,reactome:ProteinReference6167
reactome:ProteinReference1760,abstraction:ControlsStateChangeOf,reactome:ProteinReference1799
reactome:ProteinReference4389,abstraction:ControlsStateChangeOf,reactome:ProteinReference4415
reactome:ProteinReference884,abstraction:ControlsStateChangeOf,reactome:ProteinReference875
reactome:ProteinReference1982,abstraction:ControlsStateChangeOf,reactome:ProteinReference1966
reactome:ProteinReference5860,abstraction:ControlsStateChangeOf,reactome:ProteinReference6711
reactome:ProteinReference4372,abstraction:ControlsStateChangeOf,reactome:ProteinReference4459
reactome:ProteinReference503,abstraction:ControlsStateChangeOf,reactome:ProteinReference6162
reactome:ProteinReference4532,abstraction:ControlsStateChangeOf,reactome:ProteinReference4529
reactome:ProteinReference7742,abstraction:ControlsStateChangeOf,reactome:ProteinReference356
reactome:ProteinReference3864,abstraction:ControlsStateChangeOf,reactome:ProteinReference4526
reactome:ProteinReference3923,abstraction:ControlsStateChangeOf,reactome:ProteinReference3926
reactome:ProteinReference932,abstraction:ControlsStateChangeOf,reactome:ProteinReference920
reactome:ProteinReference12057,abstraction:ControlsStateChangeOf,reactome:ProteinReference7266
reactome:ProteinReference4569,abstraction:ControlsStateChangeOf,reactome:ProteinReference5243
reactome:ProteinReference9030,abstraction:ControlsStateChangeOf,reactome:ProteinReference4520
reactome:ProteinReference4543,abstraction:ControlsStateChangeOf,reactome:ProteinReference1021
reactome:ProteinReference792,abstraction:ControlsStateChangeOf,reactome:ProteinReference4387
reactome:ProteinReference6592,abstraction:ControlsStateChangeOf,reactome:ProteinReference8116
reactome:ProteinReference4557,abstraction:ControlsStateChangeOf,reactome:ProteinReference10645
reactome:ProteinReference7502,abstraction:ControlsStateChangeOf,reactome:ProteinReference4526
reactome:ProteinReference5599,abstraction:ControlsStateChangeOf,reactome:ProteinReference3098
reactome:ProteinReference3147,abstraction:ControlsStateChangeOf,reactome:ProteinReference6290
reactome:ProteinReference1815,abstraction:ControlsStateChangeOf,reactome:ProteinReference7511
reactome:ProteinReference12051,abstraction:ControlsStateChangeOf,reactome:ProteinReference7423
reactome:ProteinReference910,abstraction:ControlsStateChangeOf,reactome:ProteinReference918
reactome:ProteinReference772,abstraction:ControlsStateChangeOf,reactome:ProteinReference4440
reactome:ProteinReference775,abstraction:ControlsStateChangeOf,reactome:ProteinReference8649
reactome:ProteinReference9034,abstraction:ControlsStateChangeOf,reactome:ProteinReference4523
reactome:ProteinReference5825,abstraction:ControlsStateChangeOf,reactome:ProteinReference7750
reactome:ProteinReference6101,abstraction:ControlsStateChangeOf,reactome:ProteinReference4458
reactome:ProteinReference932,abstraction:ControlsStateChangeOf,reactome:ProteinReference923
reactome:ProteinReference814,abstraction:ControlsStateChangeOf,reactome:ProteinReference6167
reactome:ProteinReference5204,abstraction:ControlsStateChangeOf,reactome:ProteinReference5189
reactome:ProteinReference774,abstraction:ControlsStateChangeOf,reactome:ProteinReference8646
reactome:ProteinReference4659,abstraction:ControlsStateChangeOf,reactome:ProteinReference6116
reactome:ProteinReference8294,abstraction:ControlsStateChangeOf,reactome:ProteinReference1652
reactome:ProteinReference4347,abstraction:ControlsStateChangeOf,reactome:ProteinReference4306
reactome:ProteinReference6620,abstraction:ControlsStateChangeOf,reactome:ProteinReference2053
reactome:ProteinReference3729,abstraction:ControlsStateChangeOf,reactome:ProteinReference8898
reactome:ProteinReference4184,abstraction:ControlsStateChangeOf,reactome:ProteinReference1666
reactome:ProteinReference5167,abstraction:ControlsStateChangeOf,reactome:ProteinReference4589
reactome:ProteinReference5222,abstraction:ControlsStateChangeOf,reactome:ProteinReference10973
reactome:ProteinReference659,abstraction:ControlsStateChangeOf,reactome:ProteinReference3464
reactome:ProteinReference5810,abstraction:ControlsStateChangeOf,reactome:ProteinReference6711
reactome:ProteinReference5138,abstraction:ControlsStateChangeOf,reactome:ProteinReference5133
reactome:ProteinReference8355,abstraction:ControlsStateChangeOf,reactome:ProteinReference1802
reactome:ProteinReference796,abstraction:ControlsStateChangeOf,reactome:ProteinReference4470
reactome:ProteinReference1770,abstraction:ControlsStateChangeOf,reactome:ProteinReference3450
reactome:ProteinReference3923,abstraction:ControlsStateChangeOf,reactome:ProteinReference3924
reactome:ProteinReference6101,abstraction:ControlsStateChangeOf,reactome:ProteinReference10645
reactome:ProteinReference6028,abstraction:ControlsStateChangeOf,reactome:ProteinReference5031
reactome:ProteinReference792,abstraction:ControlsStateChangeOf,reactome:ProteinReference8741
reactome:ProteinReference4643,abstraction:ControlsStateChangeOf,reactome:ProteinReference2042
reactome:ProteinReference4070,abstraction:ControlsStateChangeOf,reactome:ProteinReference4312
reactome:ProteinReference9031,abstraction:ControlsStateChangeOf,reactome:ProteinReference4520
reactome:ProteinReference782,abstraction:ControlsStateChangeOf,reactome:ProteinReference4470
reactome:ProteinReference909,abstraction:ControlsStateChangeOf,reactome:ProteinReference908
reactome:ProteinReference6293,abstraction:ControlsStateChangeOf,reactome:ProteinReference10348
reactome:ProteinReference5139,abstraction:ControlsStateChangeOf,reactome:ProteinReference1773
reactome:ProteinReference5789,abstraction:ControlsStateChangeOf,reactome:ProteinReference6711
reactome:ProteinReference793,abstraction:ControlsStateChangeOf,reactome:ProteinReference8652
reactome:ProteinReference9936,abstraction:ControlsStateChangeOf,reactome:ProteinReference5327
reactome:ProteinReference5811,abstraction:ControlsStateChangeOf,reactome:ProteinReference7750
reactome:ProteinReference770,abstraction:ControlsStateChangeOf,reactome:ProteinReference8649
reactome:ProteinReference4103,abstraction:ControlsStateChangeOf,reactome:ProteinReference8907
reactome:ProteinReference4561,abstraction:ControlsStateChangeOf,reactome:ProteinReference10645
reactome:ProteinReference1736,abstraction:ControlsStateChangeOf,reactome:ProteinReference1065
reactome:ProteinReference9029,abstraction:ControlsStateChangeOf,reactome:ProteinReference4528
reactome:ProteinReference4073,abstraction:ControlsStateChangeOf,reactome:ProteinReference4310
reactome:ProteinReference4518,abstraction:ControlsStateChangeOf,reactome:ProteinReference4524
reactome:ProteinReference6618,abstraction:ControlsStateChangeOf,reactome:ProteinReference1901
reactome:ProteinReference813,abstraction:ControlsStateChangeOf,reactome:ProteinReference6168
reactome:ProteinReference1271,abstraction:ControlsStateChangeOf,reactome:ProteinReference5036
reactome:ProteinReference814,abstraction:ControlsStateChangeOf,reactome:ProteinReference7451
reactome:ProteinReference8560,abstraction:ControlsStateChangeOf,reactome:ProteinReference8962
reactome:ProteinReference779,abstraction:ControlsStateChangeOf,reactome:ProteinReference8649
reactome:ProteinReference5532,abstraction:ControlsStateChangeOf,reactome:ProteinReference12127
reactome:ProteinReference12049,abstraction:ControlsStateChangeOf,reactome:ProteinReference7266
reactome:ProteinReference1758,abstraction:ControlsStateChangeOf,reactome:ProteinReference1799
reactome:ProteinReference4341,abstraction:ControlsStateChangeOf,reactome:ProteinReference4320
reactome:ProteinReference9069,abstraction:ControlsStateChangeOf,reactome:ProteinReference5242
reactome:ProteinReference5963,abstraction:ControlsStateChangeOf,reactome:ProteinReference1153
reactome:ProteinReference9084,abstraction:ControlsStateChangeOf,reactome:ProteinReference5240
reactome:ProteinReference6293,abstraction:ControlsStateChangeOf,reactome:ProteinReference10347
reactome:ProteinReference9034,abstraction:ControlsStateChangeOf,reactome:ProteinReference4458
reactome:ProteinReference4073,abstraction:ControlsStateChangeOf,reactome:ProteinReference4317
reactome:ProteinReference6185,abstraction:ControlsStateChangeOf,reactome:ProteinReference8178
reactome:ProteinReference1762,abstraction:ControlsStateChangeOf,reactome:ProteinReference1799
reactome:ProteinReference5294,abstraction:ControlsStateChangeOf,reactome:ProteinReference4526
reactome:ProteinReference5862,abstraction:ControlsStateChangeOf,reactome:ProteinReference9468
reactome:ProteinReference6847,abstraction:ControlsStateChangeOf,reactome:ProteinReference10978
reactome:ProteinReference793,abstraction:ControlsStateChangeOf,reactome:ProteinReference4455
reactome:ProteinReference955,abstraction:ControlsStateChangeOf,reactome:ProteinReference908
reactome:ProteinReference6618,abstraction:ControlsStateChangeOf,reactome:ProteinReference314
reactome:ProteinReference4402,abstraction:ControlsStateChangeOf,reactome:ProteinReference2843
reactome:ProteinReference5861,abstraction:ControlsStateChangeOf,reactome:ProteinReference9468
reactome:ProteinReference1437,abstraction:ControlsStateChangeOf,reactome:ProteinReference8886
reactome:ProteinReference1835,abstraction:ControlsStateChangeOf,reactome:ProteinReference1834
reactome:ProteinReference4045,abstraction:ControlsStateChangeOf,reactome:ProteinReference3986
reactome:ProteinReference3713,abstraction:ControlsStateChangeOf,reactome:ProteinReference6932
reactome:ProteinReference353,abstraction:ControlsStateChangeOf,reactome:ProteinReference1773
reactome:ProteinReference4648,abstraction:ControlsStateChangeOf,reactome:ProteinReference1901
reactome:ProteinReference7724,abstraction:ControlsStateChangeOf,reactome:ProteinReference4520
reactome:ProteinReference3603,abstraction:ControlsStateChangeOf,reactome:ProteinReference9939
reactome:ProteinReference4045,abstraction:ControlsStateChangeOf,reactome:ProteinReference3989
reactome:ProteinReference5424,abstraction:ControlsStateChangeOf,reactome:ProteinReference6760
reactome:ProteinReference4372,abstraction:ControlsStateChangeOf,reactome:ProteinReference1052
reactome:ProteinReference9031,abstraction:ControlsStateChangeOf,reactome:ProteinReference4526
reactome:ProteinReference4301,abstraction:ControlsStateChangeOf,reactome:ProteinReference4277
reactome:ProteinReference797,abstraction:ControlsStateChangeOf,reactome:ProteinReference4445
reactome:ProteinReference10882,abstraction:ControlsStateChangeOf,reactome:ProteinReference8091
reactome:ProteinReference4626,abstraction:ControlsStateChangeOf,reactome:ProteinReference11282
reactome:ProteinReference787,abstraction:ControlsStateChangeOf,reactome:ProteinReference4387
reactome:ProteinReference7851,abstraction:ControlsStateChangeOf,reactome:ProteinReference6168
reactome:ProteinReference1272,abstraction:ControlsStateChangeOf,reactome:ProteinReference1123
reactome:ProteinReference7687,abstraction:ControlsStateChangeOf,reactome:ProteinReference7655
reactome:ProteinReference4107,abstraction:ControlsStateChangeOf,reactome:ProteinReference8907
reactome:ProteinReference3729,abstraction:ControlsStateChangeOf,reactome:ProteinReference5162
reactome:ProteinReference4643,abstraction:ControlsStateChangeOf,reactome:ProteinReference1979
reactome:ProteinReference4045,abstraction:ControlsStateChangeOf,reactome:ProteinReference2188
reactome:ProteinReference5514,abstraction:ControlsStateChangeOf,reactome:ProteinReference6679
reactome:ProteinReference4648,abstraction:ControlsStateChangeOf,reactome:ProteinReference314
reactome:ProteinReference7563,abstraction:ControlsStateChangeOf,reactome:ProteinReference7341
reactome:ProteinReference11370,abstraction:ControlsStateChangeOf,reactome:ProteinReference1339
reactome:ProteinReference899,abstraction:ControlsStateChangeOf,reactome:ProteinReference878
reactome:ProteinReference4301,abstraction:ControlsStateChangeOf,reactome:ProteinReference3429
reactome:ProteinReference2096,abstraction:ControlsStateChangeOf,reactome:ProteinReference2098
reactome:ProteinReference5289,abstraction:ControlsStateChangeOf,reactome:ProteinReference10643
reactome:ProteinReference4659,abstraction:ControlsStateChangeOf,reactome:ProteinReference11327
reactome:ProteinReference4383,abstraction:ControlsStateChangeOf,reactome:ProteinReference4452
reactome:ProteinReference4372,abstraction:ControlsStateChangeOf,reactome:ProteinReference4470
reactome:ProteinReference4403,abstraction:ControlsStateChangeOf,reactome:ProteinReference4394
reactome:ProteinReference9008,abstraction:ControlsStateChangeOf,reactome:ProteinReference4528
reactome:ProteinReference795,abstraction:ControlsStateChangeOf,reactome:ProteinReference8741
reactome:ProteinReference797,abstraction:ControlsStateChangeOf,reactome:ProteinReference4440
reactome:ProteinReference5423,abstraction:ControlsStateChangeOf,reactome:ProteinReference6760
reactome:ProteinReference359,abstraction:ControlsStateChangeOf,reactome:ProteinReference6878
reactome:ProteinReference4045,abstraction:ControlsStateChangeOf,reactome:ProteinReference4004
reactome:ProteinReference7086,abstraction:ControlsStateChangeOf,reactome:ProteinReference7084
reactome:ProteinReference5289,abstraction:ControlsStateChangeOf,reactome:ProteinReference10644
reactome:ProteinReference4344,abstraction:ControlsStateChangeOf,reactome:ProteinReference4320
reactome:ProteinReference6638,abstraction:ControlsStateChangeOf,reactome:ProteinReference6617
reactome:ProteinReference5223,abstraction:ControlsStateChangeOf,reactome:ProteinReference10953
reactome:ProteinReference9785,abstraction:ControlsStateChangeOf,reactome:ProteinReference8210
reactome:ProteinReference449,abstraction:ControlsStateChangeOf,reactome:ProteinReference8286
reactome:ProteinReference4453,abstraction:ControlsStateChangeOf,reactome:ProteinReference5242
reactome:ProteinReference5963,abstraction:ControlsStateChangeOf,reactome:ProteinReference6200
reactome:ProteinReference1438,abstraction:ControlsStateChangeOf,reactome:ProteinReference11417
reactome:ProteinReference787,abstraction:ControlsStateChangeOf,reactome:ProteinReference8741
reactome:ProteinReference7724,abstraction:ControlsStateChangeOf,reactome:ProteinReference4526
reactome:ProteinReference775,abstraction:ControlsStateChangeOf,reactome:ProteinReference8646
reactome:ProteinReference4396,abstraction:ControlsStateChangeOf,reactome:ProteinReference4424
reactome:ProteinReference1852,abstraction:ControlsStateChangeOf,reactome:ProteinReference1824
reactome:ProteinReference4386,abstraction:ControlsStateChangeOf,reactome:ProteinReference2553
reactome:ProteinReference9025,abstraction:ControlsStateChangeOf,reactome:ProteinReference4530
reactome:ProteinReference7551,abstraction:ControlsStateChangeOf,reactome:ProteinReference9921
reactome:ProteinReference944,abstraction:ControlsStateChangeOf,reactome:ProteinReference909
reactome:ProteinReference4045,abstraction:ControlsStateChangeOf,reactome:ProteinReference4020
reactome:ProteinReference5115,abstraction:ControlsStateChangeOf,reactome:ProteinReference5133
reactome:ProteinReference5287,abstraction:ControlsStateChangeOf,reactome:ProteinReference10644
reactome:ProteinReference4557,abstraction:ControlsStateChangeOf,reactome:ProteinReference10643
reactome:ProteinReference5224,abstraction:ControlsStateChangeOf,reactome:ProteinReference10973
reactome:ProteinReference5288,abstraction:ControlsStateChangeOf,reactome:ProteinReference10645
reactome:ProteinReference5779,abstraction:ControlsStateChangeOf,reactome:ProteinReference7750
reactome:ProteinReference8636,abstraction:ControlsStateChangeOf,reactome:ProteinReference8907
reactome:ProteinReference5004,abstraction:ControlsStateChangeOf,reactome:ProteinReference5243
reactome:ProteinReference4690,abstraction:ControlsStateChangeOf,reactome:ProteinReference1652
reactome:ProteinReference4111,abstraction:ControlsStateChangeOf,reactome:ProteinReference8795
reactome:ProteinReference1857,abstraction:ControlsStateChangeOf,reactome:ProteinReference1824
reactome:ProteinReference5389,abstraction:ControlsStateChangeOf,reactome:ProteinReference5242
reactome:ProteinReference5570,abstraction:ControlsStateChangeOf,reactome:ProteinReference6711
reactome:ProteinReference4372,abstraction:ControlsStateChangeOf,reactome:ProteinReference8907
reactome:ProteinReference770,abstraction:ControlsStateChangeOf,reactome:ProteinReference2834
reactome:ProteinReference4696,abstraction:ControlsStateChangeOf,reactome:ProteinReference5210
reactome:ProteinReference5401,abstraction:ControlsStateChangeOf,reactome:ProteinReference6817
reactome:ProteinReference5404,abstraction:ControlsStateChangeOf,reactome:ProteinReference5243
reactome:ProteinReference4847,abstraction:ControlsStateChangeOf,reactome:ProteinReference4846
reactome:ProteinReference2028,abstraction:ControlsStateChangeOf,reactome:ProteinReference1966
reactome:ProteinReference9463,abstraction:ControlsStateChangeOf,reactome:ProteinReference9468
reactome:ProteinReference5810,abstraction:ControlsStateChangeOf,reactome:ProteinReference7750
reactome:ProteinReference6633,abstraction:ControlsStateChangeOf,reactome:ProteinReference2013
reactome:ProteinReference9003,abstraction:ControlsStateChangeOf,reactome:ProteinReference5242
reactome:ProteinReference5632,abstraction:ControlsStateChangeOf,reactome:ProteinReference5872
reactome:ProteinReference9122,abstraction:ControlsStateChangeOf,reactome:ProteinReference5595
reactome:ProteinReference882,abstraction:ControlsStateChangeOf,reactome:ProteinReference879
reactome:ProteinReference779,abstraction:ControlsStateChangeOf,reactome:ProteinReference2834
reactome:ProteinReference9111,abstraction:ControlsStateChangeOf,reactome:ProteinReference5595
reactome:ProteinReference4342,abstraction:ControlsStateChangeOf,reactome:ProteinReference4307
reactome:ProteinReference4399,abstraction:ControlsStateChangeOf,reactome:ProteinReference2843
reactome:ProteinReference9026,abstraction:ControlsStateChangeOf,reactome:ProteinReference4523
reactome:ProteinReference4515,abstraction:ControlsStateChangeOf,reactome:ProteinReference4524
reactome:ProteinReference4045,abstraction:ControlsStateChangeOf,reactome:ProteinReference4013
reactome:ProteinReference4395,abstraction:ControlsStateChangeOf,reactome:ProteinReference4490
reactome:ProteinReference944,abstraction:ControlsStateChangeOf,reactome:ProteinReference918
reactome:ProteinReference1504,abstraction:ControlsStateChangeOf,reactome:ProteinReference4387
reactome:ProteinReference6233,abstraction:ControlsStateChangeOf,reactome:ProteinReference7863
reactome:ProteinReference5563,abstraction:ControlsStateChangeOf,reactome:ProteinReference6167
reactome:ProteinReference5789,abstraction:ControlsStateChangeOf,reactome:ProteinReference7750
reactome:ProteinReference1736,abstraction:ControlsStateChangeOf,reactome:ProteinReference4469
reactome:ProteinReference813,abstraction:ControlsStateChangeOf,reactome:ProteinReference1815
reactome:ProteinReference6233,abstraction:ControlsStateChangeOf,reactome:ProteinReference8183
reactome:ProteinReference777,abstraction:ControlsStateChangeOf,reactome:ProteinReference4470
reactome:ProteinReference4301,abstraction:ControlsStateChangeOf,reactome:ProteinReference4292
reactome:ProteinReference6633,abstraction:ControlsStateChangeOf,reactome:ProteinReference6627
reactome:ProteinReference6205,abstraction:ControlsStateChangeOf,reactome:ProteinReference642
reactome:ProteinReference881,abstraction:ControlsStateChangeOf,reactome:ProteinReference876
reactome:ProteinReference1736,abstraction:ControlsStateChangeOf,reactome:ProteinReference4412
reactome:ProteinReference3725,abstraction:ControlsStateChangeOf,reactome:ProteinReference1773
reactome:ProteinReference3927,abstraction:ControlsStateChangeOf,reactome:ProteinReference4146
reactome:ProteinReference769,abstraction:ControlsStateChangeOf,reactome:ProteinReference2834
reactome:ProteinReference5423,abstraction:ControlsStateChangeOf,reactome:ProteinReference6071
reactome:ProteinReference791,abstraction:ControlsStateChangeOf,reactome:ProteinReference798
reactome:ProteinReference4517,abstraction:ControlsStateChangeOf,reactome:ProteinReference4528
reactome:ProteinReference880,abstraction:ControlsStateChangeOf,reactome:ProteinReference878
reactome:ProteinReference5389,abstraction:ControlsStateChangeOf,reactome:ProteinReference4458
reactome:ProteinReference4513,abstraction:ControlsStateChangeOf,reactome:ProteinReference4523
reactome:ProteinReference934,abstraction:ControlsStateChangeOf,reactome:ProteinReference909
reactome:ProteinReference4553,abstraction:ControlsStateChangeOf,reactome:ProteinReference10645
reactome:ProteinReference10902,abstraction:ControlsStateChangeOf,reactome:ProteinReference1012
reactome:ProteinReference4551,abstraction:ControlsStateChangeOf,reactome:ProteinReference10645
reactome:ProteinReference9033,abstraction:ControlsStateChangeOf,reactome:ProteinReference4529
reactome:ProteinReference9084,abstraction:ControlsStateChangeOf,reactome:ProteinReference4526
reactome:ProteinReference5633,abstraction:ControlsStateChangeOf,reactome:ProteinReference11467
reactome:ProteinReference4070,abstraction:ControlsStateChangeOf,reactome:ProteinReference4315
reactome:ProteinReference9934,abstraction:ControlsStateChangeOf,reactome:ProteinReference9935
reactome:ProteinReference1611,abstraction:ControlsStateChangeOf,reactome:ProteinReference1607
reactome:ProteinReference928,abstraction:ControlsStateChangeOf,reactome:ProteinReference913
reactome:ProteinReference9003,abstraction:ControlsStateChangeOf,reactome:ProteinReference4458
reactome:ProteinReference1502,abstraction:ControlsStateChangeOf,reactome:ProteinReference4387
reactome:ProteinReference7851,abstraction:ControlsStateChangeOf,reactome:ProteinReference1815
reactome:ProteinReference705,abstraction:ControlsStateChangeOf,reactome:ProteinReference681
reactome:ProteinReference932,abstraction:ControlsStateChangeOf,reactome:ProteinReference917
reactome:ProteinReference4108,abstraction:ControlsStateChangeOf,reactome:ProteinReference8907
reactome:ProteinReference813,abstraction:ControlsStateChangeOf,reactome:ProteinReference1804
reactome:ProteinReference10855,abstraction:ControlsStateChangeOf,reactome:ProteinReference4589
reactome:ProteinReference776,abstraction:ControlsStateChangeOf,reactome:ProteinReference8649
reactome:ProteinReference5575,abstraction:ControlsStateChangeOf,reactome:ProteinReference3922
reactome:ProteinReference6092,abstraction:ControlsStateChangeOf,reactome:ProteinReference7845
reactome:ProteinReference795,abstraction:ControlsStateChangeOf,reactome:ProteinReference8652
reactome:ProteinReference4348,abstraction:ControlsStateChangeOf,reactome:ProteinReference4313
reactome:ProteinReference8059,abstraction:ControlsStateChangeOf,reactome:ProteinReference5595
reactome:ProteinReference6166,abstraction:ControlsStateChangeOf,reactome:ProteinReference5036
reactome:ProteinReference4186,abstraction:ControlsStateChangeOf,reactome:ProteinReference1667
reactome:ProteinReference3958,abstraction:ControlsStateChangeOf,reactome:ProteinReference2526
reactome:ProteinReference8784,abstraction:ControlsStateChangeOf,reactome:ProteinReference6095
reactome:ProteinReference6131,abstraction:ControlsStateChangeOf,reactome:ProteinReference5243
reactome:ProteinReference934,abstraction:ControlsStateChangeOf,reactome:ProteinReference918
reactome:ProteinReference9026,abstraction:ControlsStateChangeOf,reactome:ProteinReference4458
reactome:ProteinReference3924,abstraction:ControlsStateChangeOf,reactome:ProteinReference3922
reactome:ProteinReference5223,abstraction:ControlsStateChangeOf,reactome:ProteinReference10971
reactome:ProteinReference4341,abstraction:ControlsStateChangeOf,reactome:ProteinReference4319
reactome:ProteinReference930,abstraction:ControlsStateChangeOf,reactome:ProteinReference914
reactome:ProteinReference814,abstraction:ControlsStateChangeOf,reactome:ProteinReference1815
reactome:ProteinReference936,abstraction:ControlsStateChangeOf,reactome:ProteinReference909
reactome:ProteinReference7742,abstraction:ControlsStateChangeOf,reactome:ProteinReference8564
reactome:ProteinReference1061,abstraction:ControlsStateChangeOf,reactome:ProteinReference4551
reactome:ProteinReference6025,abstraction:ControlsStateChangeOf,reactome:ProteinReference5030
reactome:ProteinReference5862,abstraction:ControlsStateChangeOf,reactome:ProteinReference6711
reactome:ProteinReference957,abstraction:ControlsStateChangeOf,reactome:ProteinReference913
reactome:ProteinReference5866,abstraction:ControlsStateChangeOf,reactome:ProteinReference9468
reactome:ProteinReference4348,abstraction:ControlsStateChangeOf,reactome:ProteinReference4307
reactome:ProteinReference880,abstraction:ControlsStateChangeOf,reactome:ProteinReference873
reactome:ProteinReference4404,abstraction:ControlsStateChangeOf,reactome:ProteinReference4406
reactome:ProteinReference6829,abstraction:ControlsStateChangeOf,reactome:ProteinReference8091
reactome:ProteinReference931,abstraction:ControlsStateChangeOf,reactome:ProteinReference909
reactome:ProteinReference5861,abstraction:ControlsStateChangeOf,reactome:ProteinReference6711
reactome:ProteinReference3864,abstraction:ControlsStateChangeOf,reactome:ProteinReference4525
reactome:ProteinReference795,abstraction:ControlsStateChangeOf,reactome:ProteinReference4455
reactome:ProteinReference4643,abstraction:ControlsStateChangeOf,reactome:ProteinReference1865
reactome:ProteinReference2313,abstraction:ControlsStateChangeOf,reactome:ProteinReference8907
reactome:ProteinReference932,abstraction:ControlsStateChangeOf,reactome:ProteinReference912
reactome:ProteinReference7502,abstraction:ControlsStateChangeOf,reactome:ProteinReference4525
reactome:ProteinReference9027,abstraction:ControlsStateChangeOf,reactome:ProteinReference4520
reactome:ProteinReference778,abstraction:ControlsStateChangeOf,reactome:ProteinReference4445
reactome:ProteinReference4492,abstraction:ControlsStateChangeOf,reactome:ProteinReference6293
reactome:ProteinReference1853,abstraction:ControlsStateChangeOf,reactome:ProteinReference823
reactome:ProteinReference3098,abstraction:ControlsStateChangeOf,reactome:ProteinReference3097
reactome:ProteinReference3603,abstraction:ControlsStateChangeOf,reactome:ProteinReference2940
reactome:ProteinReference3728,abstraction:ControlsStateChangeOf,reactome:ProteinReference5133
reactome:ProteinReference8560,abstraction:ControlsStateChangeOf,reactome:ProteinReference8963
reactome:ProteinReference5726,abstraction:ControlsStateChangeOf,reactome:ProteinReference9548
reactome:ProteinReference6198,abstraction:ControlsStateChangeOf,reactome:ProteinReference2420
reactome:ProteinReference4550,abstraction:ControlsStateChangeOf,reactome:ProteinReference10646
reactome:ProteinReference930,abstraction:ControlsStateChangeOf,reactome:ProteinReference910
reactome:ProteinReference1858,abstraction:ControlsStateChangeOf,reactome:ProteinReference823
reactome:ProteinReference5110,abstraction:ControlsStateChangeOf,reactome:ProteinReference2539
reactome:ProteinReference3585,abstraction:ControlsStateChangeOf,reactome:ProteinReference6599
reactome:ProteinReference4184,abstraction:ControlsStateChangeOf,reactome:ProteinReference1667
reactome:ProteinReference447,abstraction:ControlsStateChangeOf,reactome:ProteinReference8287
reactome:ProteinReference4105,abstraction:ControlsStateChangeOf,reactome:ProteinReference8907
reactome:ProteinReference785,abstraction:ControlsStateChangeOf,reactome:ProteinReference8651
reactome:ProteinReference814,abstraction:ControlsStateChangeOf,reactome:ProteinReference1804
reactome:ProteinReference929,abstraction:ControlsStateChangeOf,reactome:ProteinReference908
reactome:ProteinReference1436,abstraction:ControlsStateChangeOf,reactome:ProteinReference11417
reactome:ProteinReference4387,abstraction:ControlsStateChangeOf,reactome:ProteinReference2553
reactome:ProteinReference9934,abstraction:ControlsStateChangeOf,reactome:ProteinReference5508
reactome:ProteinReference5563,abstraction:ControlsStateChangeOf,reactome:ProteinReference6168
reactome:ProteinReference8116,abstraction:ControlsStateChangeOf,reactome:ProteinReference11310
reactome:ProteinReference5570,abstraction:ControlsStateChangeOf,reactome:ProteinReference7750
reactome:ProteinReference3956,abstraction:ControlsStateChangeOf,reactome:ProteinReference2474
reactome:ProteinReference10974,abstraction:ControlsStateChangeOf,reactome:ProteinReference10978
reactome:ProteinReference931,abstraction:ControlsStateChangeOf,reactome:ProteinReference918
reactome:ProteinReference4341,abstraction:ControlsStateChangeOf,reactome:ProteinReference4318
reactome:ProteinReference4732,abstraction:ControlsStateChangeOf,reactome:ProteinReference6089
reactome:ProteinReference778,abstraction:ControlsStateChangeOf,reactome:ProteinReference4440
reactome:ProteinReference5288,abstraction:ControlsStateChangeOf,reactome:ProteinReference10643
reactome:ProteinReference377,abstraction:ControlsStateChangeOf,reactome:ProteinReference5251
reactome:ProteinReference4344,abstraction:ControlsStateChangeOf,reactome:ProteinReference4319
reactome:ProteinReference8383,abstraction:ControlsStateChangeOf,reactome:ProteinReference8388
reactome:ProteinReference11333,abstraction:ControlsStateChangeOf,reactome:ProteinReference8116
reactome:ProteinReference4301,abstraction:ControlsStateChangeOf,reactome:ProteinReference4284
reactome:ProteinReference7563,abstraction:ControlsStateChangeOf,reactome:ProteinReference7342
reactome:ProteinReference914,abstraction:ControlsStateChangeOf,reactome:ProteinReference909
reactome:ProteinReference4347,abstraction:ControlsStateChangeOf,reactome:ProteinReference4313
reactome:ProteinReference1224,abstraction:ControlsStateChangeOf,reactome:ProteinReference6162
reactome:ProteinReference4301,abstraction:ControlsStateChangeOf,reactome:ProteinReference4287
reactome:ProteinReference814,abstraction:ControlsStateChangeOf,reactome:ProteinReference8293
reactome:ProteinReference4357,abstraction:ControlsStateChangeOf,reactome:ProteinReference3512
reactome:ProteinReference3934,abstraction:ControlsStateChangeOf,reactome:ProteinReference3933
reactome:ProteinReference8392,abstraction:ControlsStateChangeOf,reactome:ProteinReference8414
reactome:ProteinReference3943,abstraction:ControlsStateChangeOf,reactome:ProteinReference5756
reactome:ProteinReference9027,abstraction:ControlsStateChangeOf,reactome:ProteinReference4526
reactome:ProteinReference3982,abstraction:ControlsStateChangeOf,reactome:ProteinReference3979
reactome:ProteinReference3217,abstraction:ControlsStateChangeOf,reactome:ProteinReference7588
reactome:ProteinReference3601,abstraction:ControlsStateChangeOf,reactome:ProteinReference8224
reactome:ProteinReference5507,abstraction:ControlsStateChangeOf,reactome:ProteinReference10978
reactome:ProteinReference8990,abstraction:ControlsStateChangeOf,reactome:ProteinReference5243
reactome:ProteinReference5293,abstraction:ControlsStateChangeOf,reactome:ProteinReference10645
reactome:ProteinReference3719,abstraction:ControlsStateChangeOf,reactome:ProteinReference8907
reactome:ProteinReference4405,abstraction:ControlsStateChangeOf,reactome:ProteinReference4424
reactome:ProteinReference6528,abstraction:ControlsStateChangeOf,reactome:ProteinReference6525
reactome:ProteinReference781,abstraction:ControlsStateChangeOf,reactome:ProteinReference4440
reactome:ProteinReference5596,abstraction:ControlsStateChangeOf,reactome:ProteinReference7750
reactome:ProteinReference1273,abstraction:ControlsStateChangeOf,reactome:ProteinReference6525
reactome:ProteinReference4395,abstraction:ControlsStateChangeOf,reactome:ProteinReference2843
reactome:ProteinReference5294,abstraction:ControlsStateChangeOf,reactome:ProteinReference4525
reactome:ProteinReference6161,abstraction:ControlsStateChangeOf,reactome:ProteinReference4552
reactome:ProteinReference9463,abstraction:ControlsStateChangeOf,reactome:ProteinReference6711
reactome:ProteinReference936,abstraction:ControlsStateChangeOf,reactome:ProteinReference917
reactome:ProteinReference914,abstraction:ControlsStateChangeOf,reactome:ProteinReference918
reactome:ProteinReference4148,abstraction:ControlsStateChangeOf,reactome:ProteinReference6679
reactome:ProteinReference4372,abstraction:ControlsStateChangeOf,reactome:ProteinReference1064
reactome:ProteinReference58,abstraction:ControlsStateChangeOf,reactome:ProteinReference8388
reactome:ProteinReference1438,abstraction:ControlsStateChangeOf,reactome:ProteinReference1021
reactome:ProteinReference907,abstraction:ControlsStateChangeOf,reactome:ProteinReference916
reactome:ProteinReference9029,abstraction:ControlsStateChangeOf,reactome:ProteinReference4529
reactome:ProteinReference4542,abstraction:ControlsStateChangeOf,reactome:ProteinReference10396
reactome:ProteinReference8989,abstraction:ControlsStateChangeOf,reactome:ProteinReference5243
reactome:ProteinReference4344,abstraction:ControlsStateChangeOf,reactome:ProteinReference4318
reactome:ProteinReference899,abstraction:ControlsStateChangeOf,reactome:ProteinReference877
reactome:ProteinReference4690,abstraction:ControlsStateChangeOf,reactome:ProteinReference11329
reactome:ProteinReference4045,abstraction:ControlsStateChangeOf,reactome:ProteinReference4016
reactome:ProteinReference3726,abstraction:ControlsStateChangeOf,reactome:ProteinReference5133
reactome:ProteinReference772,abstraction:ControlsStateChangeOf,reactome:ProteinReference798
reactome:ProteinReference4551,abstraction:ControlsStateChangeOf,reactome:ProteinReference10643
reactome:ProteinReference913,abstraction:ControlsStateChangeOf,reactome:ProteinReference909
reactome:ProteinReference1153,abstraction:ControlsStateChangeOf,reactome:ProteinReference5242
reactome:ProteinReference431,abstraction:ControlsStateChangeOf,reactome:ProteinReference429
reactome:ProteinReference9031,abstraction:ControlsStateChangeOf,reactome:ProteinReference4525
reactome:ProteinReference4566,abstraction:ControlsStateChangeOf,reactome:ProteinReference4528
reactome:ProteinReference813,abstraction:ControlsStateChangeOf,reactome:ProteinReference6952
reactome:ProteinReference10856,abstraction:ControlsStateChangeOf,reactome:ProteinReference4588
reactome:ProteinReference3727,abstraction:ControlsStateChangeOf,reactome:ProteinReference3598
reactome:ProteinReference4551,abstraction:ControlsStateChangeOf,reactome:ProteinReference10644
reactome:ProteinReference918,abstraction:ControlsStateChangeOf,reactome:ProteinReference912
reactome:ProteinReference6893,abstraction:ControlsStateChangeOf,reactome:ProteinReference10972
reactome:ProteinReference8180,abstraction:ControlsStateChangeOf,reactome:ProteinReference4630
reactome:ProteinReference5814,abstraction:ControlsStateChangeOf,reactome:ProteinReference9468
reactome:ProteinReference5827,abstraction:ControlsStateChangeOf,reactome:ProteinReference7750
reactome:ProteinReference768,abstraction:ControlsStateChangeOf,reactome:ProteinReference4387
reactome:ProteinReference7829,abstraction:ControlsStateChangeOf,reactome:ProteinReference7831
reactome:ProteinReference801,abstraction:ControlsStateChangeOf,reactome:ProteinReference8649
reactome:ProteinReference4514,abstraction:ControlsStateChangeOf,reactome:ProteinReference4527
reactome:ProteinReference5291,abstraction:ControlsStateChangeOf,reactome:ProteinReference10395
reactome:ProteinReference1061,abstraction:ControlsStateChangeOf,reactome:ProteinReference4554
reactome:ProteinReference833,abstraction:ControlsStateChangeOf,reactome:ProteinReference878
reactome:ProteinReference4045,abstraction:ControlsStateChangeOf,reactome:ProteinReference4014
reactome:ProteinReference6798,abstraction:ControlsStateChangeOf,reactome:ProteinReference1966
reactome:ProteinReference772,abstraction:ControlsStateChangeOf,reactome:ProteinReference4455
reactome:ProteinReference9086,abstraction:ControlsStateChangeOf,reactome:ProteinReference4520
reactome:ProteinReference1737,abstraction:ControlsStateChangeOf,reactome:ProteinReference1734
reactome:ProteinReference882,abstraction:ControlsStateChangeOf,reactome:ProteinReference874
reactome:ProteinReference355,abstraction:ControlsStateChangeOf,reactome:ProteinReference6711
reactome:ProteinReference5862,abstraction:ControlsStateChangeOf,reactome:ProteinReference7750
reactome:ProteinReference8294,abstraction:ControlsStateChangeOf,reactome:ProteinReference1341
reactome:ProteinReference6619,abstraction:ControlsStateChangeOf,reactome:ProteinReference1863
reactome:ProteinReference5632,abstraction:ControlsStateChangeOf,reactome:ProteinReference5635
reactome:ProteinReference4348,abstraction:ControlsStateChangeOf,reactome:ProteinReference4308
reactome:ProteinReference913,abstraction:ControlsStateChangeOf,reactome:ProteinReference918
reactome:ProteinReference5424,abstraction:ControlsStateChangeOf,reactome:ProteinReference6759
reactome:ProteinReference5861,abstraction:ControlsStateChangeOf,reactome:ProteinReference7750
reactome:ProteinReference5222,abstraction:ControlsStateChangeOf,reactome:ProteinReference7509
reactome:ProteinReference933,abstraction:ControlsStateChangeOf,reactome:ProteinReference909
reactome:ProteinReference4671,abstraction:ControlsStateChangeOf,reactome:ProteinReference6091
reactome:ProteinReference8784,abstraction:ControlsStateChangeOf,reactome:ProteinReference6089
reactome:ProteinReference7724,abstraction:ControlsStateChangeOf,reactome:ProteinReference4525
reactome:ProteinReference1153,abstraction:ControlsStateChangeOf,reactome:ProteinReference4458
reactome:ProteinReference11317,abstraction:ControlsStateChangeOf,reactome:ProteinReference6952
reactome:ProteinReference4342,abstraction:ControlsStateChangeOf,reactome:ProteinReference4309
reactome:ProteinReference4301,abstraction:ControlsStateChangeOf,reactome:ProteinReference4297
reactome:ProteinReference780,abstraction:ControlsStateChangeOf,reactome:ProteinReference4387
reactome:ProteinReference4401,abstraction:ControlsStateChangeOf,reactome:ProteinReference4406
reactome:ProteinReference5819,abstraction:ControlsStateChangeOf,reactome:ProteinReference9468
reactome:ProteinReference7562,abstraction:ControlsStateChangeOf,reactome:ProteinReference7330
reactome:ProteinReference6102,abstraction:ControlsStateChangeOf,reactome:ProteinReference4527
reactome:ProteinReference5563,abstraction:ControlsStateChangeOf,reactome:ProteinReference1815
reactome:ProteinReference4515,abstraction:ControlsStateChangeOf,reactome:ProteinReference4527
reactome:ProteinReference4458,abstraction:ControlsStateChangeOf,reactome:ProteinReference10644
reactome:ProteinReference449,abstraction:ControlsStateChangeOf,reactome:ProteinReference7755
reactome:ProteinReference794,abstraction:ControlsStateChangeOf,reactome:ProteinReference4387
reactome:ProteinReference833,abstraction:ControlsStateChangeOf,reactome:ProteinReference873
reactome:ProteinReference9078,abstraction:ControlsStateChangeOf,reactome:ProteinReference5243
reactome:ProteinReference5866,abstraction:ControlsStateChangeOf,reactome:ProteinReference6711
reactome:ProteinReference6830,abstraction:ControlsStateChangeOf,reactome:ProteinReference8091
reactome:ProteinReference610,abstraction:ControlsStateChangeOf,reactome:ProteinReference8795
reactome:ProteinReference9086,abstraction:ControlsStateChangeOf,reactome:ProteinReference4526
reactome:ProteinReference4347,abstraction:ControlsStateChangeOf,reactome:ProteinReference4304
reactome:ProteinReference933,abstraction:ControlsStateChangeOf,reactome:ProteinReference918
reactome:ProteinReference1735,abstraction:ControlsStateChangeOf,reactome:ProteinReference4444
reactome:ProteinReference932,abstraction:ControlsStateChangeOf,reactome:ProteinReference919
reactome:ProteinReference8805,abstraction:ControlsStateChangeOf,reactome:ProteinReference8804
reactome:ProteinReference3147,abstraction:ControlsStateChangeOf,reactome:ProteinReference6952
reactome:ProteinReference1438,abstraction:ControlsStateChangeOf,reactome:ProteinReference3598
reactome:ProteinReference1088,abstraction:ControlsStateChangeOf,reactome:ProteinReference4561
reactome:ProteinReference4302,abstraction:ControlsStateChangeOf,reactome:ProteinReference3595
reactome:ProteinReference4302,abstraction:ControlsStateChangeOf,reactome:ProteinReference3427
reactome:ProteinReference788,abstraction:ControlsStateChangeOf,reactome:ProteinReference4387
reactome:ProteinReference7829,abstraction:ControlsStateChangeOf,reactome:ProteinReference7832
reactome:ProteinReference3961,abstraction:ControlsStateChangeOf,reactome:ProteinReference8907
reactome:ProteinReference9025,abstraction:ControlsStateChangeOf,reactome:ProteinReference4526
reactome:ProteinReference7562,abstraction:ControlsStateChangeOf,reactome:ProteinReference7339
reactome:ProteinReference5224,abstraction:ControlsStateChangeOf,reactome:ProteinReference7511
reactome:ProteinReference351,abstraction:ControlsStateChangeOf,reactome:ProteinReference6710
reactome:ProteinReference4372,abstraction:ControlsStateChangeOf,reactome:ProteinReference1736
reactome:ProteinReference7761,abstraction:ControlsStateChangeOf,reactome:ProteinReference6932
reactome:ProteinReference4341,abstraction:ControlsStateChangeOf,reactome:ProteinReference4314
reactome:ProteinReference5152,abstraction:ControlsStateChangeOf,reactome:ProteinReference1083
reactome:ProteinReference4585,abstraction:ControlsStateChangeOf,reactome:ProteinReference6095
reactome:ProteinReference780,abstraction:ControlsStateChangeOf,reactome:ProteinReference8741
reactome:ProteinReference792,abstraction:ControlsStateChangeOf,reactome:ProteinReference4470
reactome:ProteinReference1088,abstraction:ControlsStateChangeOf,reactome:ProteinReference4552
reactome:ProteinReference6101,abstraction:ControlsStateChangeOf,reactome:ProteinReference4527
reactome:ProteinReference5566,abstraction:ControlsStateChangeOf,reactome:ProteinReference6168
reactome:ProteinReference5615,abstraction:ControlsStateChangeOf,reactome:ProteinReference6878
reactome:ProteinReference4531,abstraction:ControlsStateChangeOf,reactome:ProteinReference4530
reactome:ProteinReference450,abstraction:ControlsStateChangeOf,reactome:ProteinReference11460
reactome:ProteinReference1973,abstraction:ControlsStateChangeOf,reactome:ProteinReference1966
reactome:ProteinReference1736,abstraction:ControlsStateChangeOf,reactome:ProteinReference4484
reactome:ProteinReference4347,abstraction:ControlsStateChangeOf,reactome:ProteinReference4308
reactome:ProteinReference1853,abstraction:ControlsStateChangeOf,reactome:ProteinReference1824
reactome:ProteinReference4516,abstraction:ControlsStateChangeOf,reactome:ProteinReference4530
reactome:ProteinReference5271,abstraction:ControlsStateChangeOf,reactome:ProteinReference5272
reactome:ProteinReference7746,abstraction:ControlsStateChangeOf,reactome:ProteinReference5755
reactome:ProteinReference930,abstraction:ControlsStateChangeOf,reactome:ProteinReference911
reactome:ProteinReference104,abstraction:ControlsStateChangeOf,reactome:ProteinReference8097
reactome:ProteinReference6401,abstraction:ControlsStateChangeOf,reactome:ProteinReference6361
reactome:ProteinReference916,abstraction:ControlsStateChangeOf,reactome:ProteinReference917
reactome:ProteinReference6621,abstraction:ControlsStateChangeOf,reactome:ProteinReference2053
reactome:ProteinReference797,abstraction:ControlsStateChangeOf,reactome:ProteinReference798
reactome:ProteinReference881,abstraction:ControlsStateChangeOf,reactome:ProteinReference879
reactome:ProteinReference928,abstraction:ControlsStateChangeOf,reactome:ProteinReference908
reactome:ProteinReference1858,abstraction:ControlsStateChangeOf,reactome:ProteinReference1824
reactome:ProteinReference1818,abstraction:ControlsStateChangeOf,reactome:ProteinReference5754
reactome:ProteinReference3364,abstraction:ControlsStateChangeOf,reactome:ProteinReference10978
reactome:ProteinReference9084,abstraction:ControlsStateChangeOf,reactome:ProteinReference4525
reactome:ProteinReference9463,abstraction:ControlsStateChangeOf,reactome:ProteinReference7750
reactome:ProteinReference4493,abstraction:ControlsStateChangeOf,reactome:ProteinReference6091
reactome:ProteinReference9112,abstraction:ControlsStateChangeOf,reactome:ProteinReference5595
reactome:ProteinReference8994,abstraction:ControlsStateChangeOf,reactome:ProteinReference5243
reactome:ProteinReference4070,abstraction:ControlsStateChangeOf,reactome:ProteinReference4316
reactome:ProteinReference907,abstraction:ControlsStateChangeOf,reactome:ProteinReference915
reactome:ProteinReference8359,abstraction:ControlsStateChangeOf,reactome:ProteinReference1800
reactome:ProteinReference7644,abstraction:ControlsStateChangeOf,reactome:ProteinReference6290
reactome:ProteinReference797,abstraction:ControlsStateChangeOf,reactome:ProteinReference4455
reactome:ProteinReference9118,abstraction:ControlsStateChangeOf,reactome:ProteinReference5595
reactome:ProteinReference5223,abstraction:ControlsStateChangeOf,reactome:ProteinReference6173
reactome:ProteinReference5160,abstraction:ControlsStateChangeOf,reactome:ProteinReference5162
reactome:ProteinReference4344,abstraction:ControlsStateChangeOf,reactome:ProteinReference4314
reactome:ProteinReference938,abstraction:ControlsStateChangeOf,reactome:ProteinReference913
reactome:ProteinReference7747,abstraction:ControlsStateChangeOf,reactome:ProteinReference5754
reactome:ProteinReference3459,abstraction:ControlsStateChangeOf,reactome:ProteinReference6290
reactome:ProteinReference957,abstraction:ControlsStateChangeOf,reactome:ProteinReference908
reactome:ProteinReference665,abstraction:ControlsStateChangeOf,reactome:ProteinReference6272
reactome:ProteinReference916,abstraction:ControlsStateChangeOf,reactome:ProteinReference912
reactome:ProteinReference8872,abstraction:ControlsStateChangeOf,reactome:ProteinReference2847
reactome:ProteinReference3100,abstraction:ControlsStateChangeOf,reactome:ProteinReference10466
reactome:ProteinReference4348,abstraction:ControlsStateChangeOf,reactome:ProteinReference4305
reactome:ProteinReference364,abstraction:ControlsStateChangeOf,reactome:ProteinReference6710
reactome:ProteinReference9034,abstraction:ControlsStateChangeOf,reactome:ProteinReference4527
reactome:ProteinReference912,abstraction:ControlsStateChangeOf,reactome:ProteinReference909
reactome:ProteinReference6284,abstraction:ControlsStateChangeOf,reactome:ProteinReference503
reactome:ProteinReference6617,abstraction:ControlsStateChangeOf,reactome:ProteinReference10459
reactome:ProteinReference7652,abstraction:ControlsStateChangeOf,reactome:ProteinReference7324
reactome:ProteinReference659,abstraction:ControlsStateChangeOf,reactome:ProteinReference3465
reactome:ProteinReference800,abstraction:ControlsStateChangeOf,reactome:ProteinReference4440
reactome:ProteinReference5224,abstraction:ControlsStateChangeOf,reactome:ProteinReference7509
reactome:ProteinReference4690,abstraction:ControlsStateChangeOf,reactome:ProteinReference1341
reactome:ProteinReference6618,abstraction:ControlsStateChangeOf,reactome:ProteinReference1986
reactome:ProteinReference6855,abstraction:ControlsStateChangeOf,reactome:ProteinReference4611
reactome:ProteinReference937,abstraction:ControlsStateChangeOf,reactome:ProteinReference913
reactome:ProteinReference5963,abstraction:ControlsStateChangeOf,reactome:ProteinReference7451
reactome:ProteinReference1735,abstraction:ControlsStateChangeOf,reactome:ProteinReference4413
reactome:ProteinReference915,abstraction:ControlsStateChangeOf,reactome:ProteinReference909
reactome:ProteinReference11309,abstraction:ControlsStateChangeOf,reactome:ProteinReference1652
reactome:ProteinReference7744,abstraction:ControlsStateChangeOf,reactome:ProteinReference5754
reactome:ProteinReference4504,abstraction:ControlsStateChangeOf,reactome:ProteinReference4522
reactome:ProteinReference6167,abstraction:ControlsStateChangeOf,reactome:ProteinReference6805
reactome:ProteinReference4070,abstraction:ControlsStateChangeOf,reactome:ProteinReference4318
reactome:ProteinReference7817,abstraction:ControlsStateChangeOf,reactome:ProteinReference7740
reactome:ProteinReference790,abstraction:ControlsStateChangeOf,reactome:ProteinReference4445
reactome:ProteinReference899,abstraction:ControlsStateChangeOf,reactome:ProteinReference875
reactome:ProteinReference8832,abstraction:ControlsStateChangeOf,reactome:ProteinReference7750
reactome:ProteinReference787,abstraction:ControlsStateChangeOf,reactome:ProteinReference4470
reactome:ProteinReference5814,abstraction:ControlsStateChangeOf,reactome:ProteinReference6711
reactome:ProteinReference3338,abstraction:ControlsStateChangeOf,reactome:ProteinReference8829
reactome:ProteinReference6618,abstraction:ControlsStateChangeOf,reactome:ProteinReference1864
reactome:ProteinReference929,abstraction:ControlsStateChangeOf,reactome:ProteinReference921
reactome:ProteinReference943,abstraction:ControlsStateChangeOf,reactome:ProteinReference916
reactome:ProteinReference366,abstraction:ControlsStateChangeOf,reactome:ProteinReference6711
reactome:ProteinReference5851,abstraction:ControlsStateChangeOf,reactome:ProteinReference9468
reactome:ProteinReference626,abstraction:ControlsStateChangeOf,reactome:ProteinReference6275
reactome:ProteinReference884,abstraction:ControlsStateChangeOf,reactome:ProteinReference876
reactome:ProteinReference4533,abstraction:ControlsStateChangeOf,reactome:ProteinReference4522
reactome:ProteinReference8987,abstraction:ControlsStateChangeOf,reactome:ProteinReference5243
reactome:ProteinReference6135,abstraction:ControlsStateChangeOf,reactome:ProteinReference6159
reactome:ProteinReference4648,abstraction:ControlsStateChangeOf,reactome:ProteinReference1986
reactome:ProteinReference786,abstraction:ControlsStateChangeOf,reactome:ProteinReference4445
reactome:ProteinReference5779,abstraction:ControlsStateChangeOf,reactome:ProteinReference9468
reactome:ProteinReference1610,abstraction:ControlsStateChangeOf,reactome:ProteinReference1609
reactome:ProteinReference781,abstraction:ControlsStateChangeOf,reactome:ProteinReference8741
reactome:ProteinReference974,abstraction:ControlsStateChangeOf,reactome:ProteinReference919
reactome:ProteinReference4141,abstraction:ControlsStateChangeOf,reactome:ProteinReference1083
reactome:ProteinReference4045,abstraction:ControlsStateChangeOf,reactome:ProteinReference2189
reactome:ProteinReference5866,abstraction:ControlsStateChangeOf,reactome:ProteinReference7750
reactome:ProteinReference8245,abstraction:ControlsStateChangeOf,reactome:ProteinReference3891
reactome:ProteinReference10827,abstraction:ControlsStateChangeOf,reactome:ProteinReference4588
reactome:ProteinReference791,abstraction:ControlsStateChangeOf,reactome:ProteinReference4440
reactome:ProteinReference4488,abstraction:ControlsStateChangeOf,reactome:ProteinReference5030
reactome:ProteinReference8308,abstraction:ControlsStateChangeOf,reactome:ProteinReference6612
reactome:ProteinReference7742,abstraction:ControlsStateChangeOf,reactome:ProteinReference7740
reactome:ProteinReference7824,abstraction:ControlsStateChangeOf,reactome:ProteinReference5396
reactome:ProteinReference4045,abstraction:ControlsStateChangeOf,reactome:ProteinReference4035
reactome:ProteinReference4648,abstraction:ControlsStateChangeOf,reactome:ProteinReference1864
reactome:ProteinReference9885,abstraction:ControlsStateChangeOf,reactome:ProteinReference11256
reactome:ProteinReference3850,abstraction:ControlsStateChangeOf,reactome:ProteinReference5030
reactome:ProteinReference4504,abstraction:ControlsStateChangeOf,reactome:ProteinReference4521
reactome:ProteinReference6619,abstraction:ControlsStateChangeOf,reactome:ProteinReference5267
reactome:ProteinReference773,abstraction:ControlsStateChangeOf,reactome:ProteinReference8646
reactome:ProteinReference5248,abstraction:ControlsStateChangeOf,reactome:ProteinReference5050
reactome:ProteinReference1271,abstraction:ControlsStateChangeOf,reactome:ProteinReference6525
reactome:ProteinReference3727,abstraction:ControlsStateChangeOf,reactome:ProteinReference1773
reactome:ProteinReference9027,abstraction:ControlsStateChangeOf,reactome:ProteinReference4525
reactome:ProteinReference7502,abstraction:ControlsStateChangeOf,reactome:ProteinReference5240
reactome:ProteinReference8352,abstraction:ControlsStateChangeOf,reactome:ProteinReference1800
reactome:ProteinReference784,abstraction:ControlsStateChangeOf,reactome:ProteinReference2834
reactome:ProteinReference4342,abstraction:ControlsStateChangeOf,reactome:ProteinReference4306
reactome:ProteinReference5424,abstraction:ControlsStateChangeOf,reactome:ProteinReference6097
reactome:ProteinReference5819,abstraction:ControlsStateChangeOf,reactome:ProteinReference6711
reactome:ProteinReference4347,abstraction:ControlsStateChangeOf,reactome:ProteinReference4305
reactome:ProteinReference4376,abstraction:ControlsStateChangeOf,reactome:ProteinReference4446
reactome:ProteinReference4397,abstraction:ControlsStateChangeOf,reactome:ProteinReference4394
reactome:ProteinReference4533,abstraction:ControlsStateChangeOf,reactome:ProteinReference4521
reactome:ProteinReference1088,abstraction:ControlsStateChangeOf,reactome:ProteinReference4555
reactome:ProteinReference8591,abstraction:ControlsStateChangeOf,reactome:ProteinReference5243
reactome:ProteinReference5291,abstraction:ControlsStateChangeOf,reactome:ProteinReference10364
reactome:ProteinReference4301,abstraction:ControlsStateChangeOf,reactome:ProteinReference4288
reactome:ProteinReference1737,abstraction:ControlsStateChangeOf,reactome:ProteinReference4437
reactome:ProteinReference951,abstraction:ControlsStateChangeOf,reactome:ProteinReference913
reactome:ProteinReference9032,abstraction:ControlsStateChangeOf,reactome:ProteinReference4523
reactome:ProteinReference774,abstraction:ControlsStateChangeOf,reactome:ProteinReference8649
reactome:ProteinReference6038,abstraction:ControlsStateChangeOf,reactome:ProteinReference8183
reactome:ProteinReference9119,abstraction:ControlsStateChangeOf,reactome:ProteinReference5595
reactome:ProteinReference5168,abstraction:ControlsStateChangeOf,reactome:ProteinReference4589
reactome:ProteinReference6752,abstraction:ControlsStateChangeOf,reactome:ProteinReference5423
reactome:ProteinReference912,abstraction:ControlsStateChangeOf,reactome:ProteinReference917
reactome:ProteinReference4070,abstraction:ControlsStateChangeOf,reactome:ProteinReference4311
reactome:ProteinReference1437,abstraction:ControlsStateChangeOf,reactome:ProteinReference7588
reactome:ProteinReference771,abstraction:ControlsStateChangeOf,reactome:ProteinReference8649
reactome:ProteinReference793,abstraction:ControlsStateChangeOf,reactome:ProteinReference4387
reactome:ProteinReference768,abstraction:ControlsStateChangeOf,reactome:ProteinReference8651
reactome:ProteinReference8988,abstraction:ControlsStateChangeOf,reactome:ProteinReference5243
reactome:ProteinReference5205,abstraction:ControlsStateChangeOf,reactome:ProteinReference5189
reactome:ProteinReference4585,abstraction:ControlsStateChangeOf,reactome:ProteinReference6089
reactome:ProteinReference5423,abstraction:ControlsStateChangeOf,reactome:ProteinReference6097
reactome:ProteinReference5837,abstraction:ControlsStateChangeOf,reactome:ProteinReference9468
reactome:ProteinReference2025,abstraction:ControlsStateChangeOf,reactome:ProteinReference1966
reactome:ProteinReference1610,abstraction:ControlsStateChangeOf,reactome:ProteinReference1601
reactome:ProteinReference6526,abstraction:ControlsStateChangeOf,reactome:ProteinReference6525
reactome:ProteinReference1438,abstraction:ControlsStateChangeOf,reactome:ProteinReference7587
reactome:ProteinReference7646,abstraction:ControlsStateChangeOf,reactome:ProteinReference6290
reactome:ProteinReference4497,abstraction:ControlsStateChangeOf,reactome:ProteinReference5213
reactome:ProteinReference5291,abstraction:ControlsStateChangeOf,reactome:ProteinReference10135
reactome:ProteinReference944,abstraction:ControlsStateChangeOf,reactome:ProteinReference914
reactome:ProteinReference6633,abstraction:ControlsStateChangeOf,reactome:ProteinReference6632
reactome:ProteinReference5831,abstraction:ControlsStateChangeOf,reactome:ProteinReference9468
reactome:ProteinReference9034,abstraction:ControlsStateChangeOf,reactome:ProteinReference4522
reactome:ProteinReference4302,abstraction:ControlsStateChangeOf,reactome:ProteinReference4289
reactome:ProteinReference789,abstraction:ControlsStateChangeOf,reactome:ProteinReference4445
reactome:ProteinReference915,abstraction:ControlsStateChangeOf,reactome:ProteinReference917
reactome:ProteinReference6528,abstraction:ControlsStateChangeOf,reactome:ProteinReference9771
reactome:ProteinReference5822,abstraction:ControlsStateChangeOf,reactome:ProteinReference7750
reactome:ProteinReference3095,abstraction:ControlsStateChangeOf,reactome:ProteinReference1224
reactome:ProteinReference1273,abstraction:ControlsStateChangeOf,reactome:ProteinReference9771
reactome:ProteinReference9033,abstraction:ControlsStateChangeOf,reactome:ProteinReference4528
reactome:ProteinReference929,abstraction:ControlsStateChangeOf,reactome:ProteinReference924
reactome:ProteinReference785,abstraction:ControlsStateChangeOf,reactome:ProteinReference8646
reactome:ProteinReference4567,abstraction:ControlsStateChangeOf,reactome:ProteinReference5243
reactome:ProteinReference4103,abstraction:ControlsStateChangeOf,reactome:ProteinReference3598
reactome:ProteinReference6283,abstraction:ControlsStateChangeOf,reactome:ProteinReference503
reactome:ProteinReference4504,abstraction:ControlsStateChangeOf,reactome:ProteinReference4523
reactome:ProteinReference7796,abstraction:ControlsStateChangeOf,reactome:ProteinReference5423
reactome:ProteinReference1737,abstraction:ControlsStateChangeOf,reactome:ProteinReference4470
reactome:ProteinReference7563,abstraction:ControlsStateChangeOf,reactome:ProteinReference7340
reactome:ProteinReference4301,abstraction:ControlsStateChangeOf,reactome:ProteinReference4286
reactome:ProteinReference11402,abstraction:ControlsStateChangeOf,reactome:ProteinReference11416
reactome:ProteinReference810,abstraction:ControlsStateChangeOf,reactome:ProteinReference6290
reactome:ProteinReference1061,abstraction:ControlsStateChangeOf,reactome:ProteinReference4550
reactome:ProteinReference6961,abstraction:ControlsStateChangeOf,reactome:ProteinReference4588
reactome:ProteinReference778,abstraction:ControlsStateChangeOf,reactome:ProteinReference798
reactome:ProteinReference3714,abstraction:ControlsStateChangeOf,reactome:ProteinReference8795
reactome:ProteinReference4533,abstraction:ControlsStateChangeOf,reactome:ProteinReference4523
reactome:ProteinReference4347,abstraction:ControlsStateChangeOf,reactome:ProteinReference4312
reactome:ProteinReference4302,abstraction:ControlsStateChangeOf,reactome:ProteinReference3590
reactome:ProteinReference789,abstraction:ControlsStateChangeOf,reactome:ProteinReference4440
reactome:ProteinReference6633,abstraction:ControlsStateChangeOf,reactome:ProteinReference6625
reactome:ProteinReference1815,abstraction:ControlsStateChangeOf,reactome:ProteinReference6048
reactome:ProteinReference944,abstraction:ControlsStateChangeOf,reactome:ProteinReference910
reactome:ProteinReference9773,abstraction:ControlsStateChangeOf,reactome:ProteinReference8564
reactome:ProteinReference3729,abstraction:ControlsStateChangeOf,reactome:ProteinReference8883
reactome:ProteinReference4372,abstraction:ControlsStateChangeOf,reactome:ProteinReference4417
reactome:ProteinReference9034,abstraction:ControlsStateChangeOf,reactome:ProteinReference4521
reactome:ProteinReference917,abstraction:ControlsStateChangeOf,reactome:ProteinReference912
reactome:ProteinReference4568,abstraction:ControlsStateChangeOf,reactome:ProteinReference5243
reactome:ProteinReference1528,abstraction:ControlsStateChangeOf,reactome:ProteinReference1527
reactome:ProteinReference9032,abstraction:ControlsStateChangeOf,reactome:ProteinReference4458
reactome:ProteinReference794,abstraction:ControlsStateChangeOf,reactome:ProteinReference8651
reactome:ProteinReference3864,abstraction:ControlsStateChangeOf,reactome:ProteinReference4520
reactome:ProteinReference6618,abstraction:ControlsStateChangeOf,reactome:ProteinReference2039
reactome:ProteinReference4301,abstraction:ControlsStateChangeOf,reactome:ProteinReference4291
reactome:ProteinReference4409,abstraction:ControlsStateChangeOf,reactome:ProteinReference8286
reactome:ProteinReference4552,abstraction:ControlsStateChangeOf,reactome:ProteinReference10646
reactome:ProteinReference1764,abstraction:ControlsStateChangeOf,reactome:ProteinReference1799
reactome:ProteinReference4045,abstraction:ControlsStateChangeOf,reactome:ProteinReference4038
reactome:ProteinReference8539,abstraction:ControlsStateChangeOf,reactome:ProteinReference8532
reactome:ProteinReference7562,abstraction:ControlsStateChangeOf,reactome:ProteinReference7332
reactome:ProteinReference910,abstraction:ControlsStateChangeOf,reactome:ProteinReference911
reactome:ProteinReference5223,abstraction:ControlsStateChangeOf,reactome:ProteinReference10974
reactome:ProteinReference5937,abstraction:ControlsStateChangeOf,reactome:ProteinReference5423
reactome:ProteinReference778,abstraction:ControlsStateChangeOf,reactome:ProteinReference4455
reactome:ProteinReference781,abstraction:ControlsStateChangeOf,reactome:ProteinReference8652
reactome:ProteinReference799,abstraction:ControlsStateChangeOf,reactome:ProteinReference4445
reactome:ProteinReference4400,abstraction:ControlsStateChangeOf,reactome:ProteinReference4394
reactome:ProteinReference5814,abstraction:ControlsStateChangeOf,reactome:ProteinReference7750
reactome:ProteinReference9026,abstraction:ControlsStateChangeOf,reactome:ProteinReference4527
reactome:ProteinReference450,abstraction:ControlsStateChangeOf,reactome:ProteinReference8287
reactome:ProteinReference9063,abstraction:ControlsStateChangeOf,reactome:ProteinReference5242
reactome:ProteinReference1815,abstraction:ControlsStateChangeOf,reactome:ProteinReference7849
reactome:ProteinReference788,abstraction:ControlsStateChangeOf,reactome:ProteinReference8651
reactome:ProteinReference4660,abstraction:ControlsStateChangeOf,reactome:ProteinReference11330
reactome:ProteinReference4186,abstraction:ControlsStateChangeOf,reactome:ProteinReference1666
reactome:ProteinReference1813,abstraction:ControlsStateChangeOf,reactome:ProteinReference1810
reactome:ProteinReference4648,abstraction:ControlsStateChangeOf,reactome:ProteinReference2039
reactome:ProteinReference1736,abstraction:ControlsStateChangeOf,reactome:ProteinReference3187
reactome:ProteinReference9086,abstraction:ControlsStateChangeOf,reactome:ProteinReference4525
reactome:ProteinReference1061,abstraction:ControlsStateChangeOf,reactome:ProteinReference5243
reactome:ProteinReference3100,abstraction:ControlsStateChangeOf,reactome:ProteinReference7821
reactome:ProteinReference449,abstraction:ControlsStateChangeOf,reactome:ProteinReference6423
reactome:ProteinReference4504,abstraction:ControlsStateChangeOf,reactome:ProteinReference4458
reactome:ProteinReference7724,abstraction:ControlsStateChangeOf,reactome:ProteinReference6850
reactome:ProteinReference9839,abstraction:ControlsStateChangeOf,reactome:ProteinReference7740
reactome:ProteinReference781,abstraction:ControlsStateChangeOf,reactome:ProteinReference4455
reactome:ProteinReference3601,abstraction:ControlsStateChangeOf,reactome:ProteinReference10972
reactome:ProteinReference1737,abstraction:ControlsStateChangeOf,reactome:ProteinReference4385
reactome:ProteinReference774,abstraction:ControlsStateChangeOf,reactome:ProteinReference2834
reactome:ProteinReference4564,abstraction:ControlsStateChangeOf,reactome:ProteinReference5243
reactome:ProteinReference4513,abstraction:ControlsStateChangeOf,reactome:ProteinReference4527
reactome:ProteinReference9025,abstraction:ControlsStateChangeOf,reactome:ProteinReference4525
reactome:ProteinReference1815,abstraction:ControlsStateChangeOf,reactome:ProteinReference6254
reactome:ProteinReference4845,abstraction:ControlsStateChangeOf,reactome:ProteinReference3733
reactome:ProteinReference5589,abstraction:ControlsStateChangeOf,reactome:ProteinReference7740
reactome:ProteinReference1737,abstraction:ControlsStateChangeOf,reactome:ProteinReference4488
reactome:ProteinReference9047,abstraction:ControlsStateChangeOf,reactome:ProteinReference5242
reactome:ProteinReference3336,abstraction:ControlsStateChangeOf,reactome:ProteinReference5239
reactome:ProteinReference3338,abstraction:ControlsStateChangeOf,reactome:ProteinReference8804
reactome:ProteinReference934,abstraction:ControlsStateChangeOf,reactome:ProteinReference910
reactome:ProteinReference1088,abstraction:ControlsStateChangeOf,reactome:ProteinReference4522
reactome:ProteinReference6780,abstraction:ControlsStateChangeOf,reactome:ProteinReference6200
reactome:ProteinReference810,abstraction:ControlsStateChangeOf,reactome:ProteinReference7451
reactome:ProteinReference965,abstraction:ControlsStateChangeOf,reactome:ProteinReference919
reactome:ProteinReference3727,abstraction:ControlsStateChangeOf,reactome:ProteinReference8898
reactome:ProteinReference5819,abstraction:ControlsStateChangeOf,reactome:ProteinReference7750
reactome:ProteinReference4499,abstraction:ControlsStateChangeOf,reactome:ProteinReference5243
reactome:ProteinReference5851,abstraction:ControlsStateChangeOf,reactome:ProteinReference6711
reactome:ProteinReference936,abstraction:ControlsStateChangeOf,reactome:ProteinReference914
reactome:ProteinReference928,abstraction:ControlsStateChangeOf,reactome:ProteinReference921
reactome:ProteinReference3602,abstraction:ControlsStateChangeOf,reactome:ProteinReference8224
reactome:ProteinReference5779,abstraction:ControlsStateChangeOf,reactome:ProteinReference6711
reactome:ProteinReference4581,abstraction:ControlsStateChangeOf,reactome:ProteinReference9367
reactome:ProteinReference8998,abstraction:ControlsStateChangeOf,reactome:ProteinReference5243
reactome:ProteinReference798,abstraction:ControlsStateChangeOf,reactome:ProteinReference2834
reactome:ProteinReference3926,abstraction:ControlsStateChangeOf,reactome:ProteinReference5586
reactome:ProteinReference4399,abstraction:ControlsStateChangeOf,reactome:ProteinReference4490
reactome:ProteinReference104,abstraction:ControlsStateChangeOf,reactome:ProteinReference12138
reactome:ProteinReference1436,abstraction:ControlsStateChangeOf,reactome:ProteinReference3912
reactome:ProteinReference931,abstraction:ControlsStateChangeOf,reactome:ProteinReference914
reactome:ProteinReference6229,abstraction:ControlsStateChangeOf,reactome:ProteinReference7863
reactome:ProteinReference9008,abstraction:ControlsStateChangeOf,reactome:ProteinReference4530
reactome:ProteinReference5245,abstraction:ControlsStateChangeOf,reactome:ProteinReference10646
reactome:ProteinReference6848,abstraction:ControlsStateChangeOf,reactome:ProteinReference8091
reactome:ProteinReference771,abstraction:ControlsStateChangeOf,reactome:ProteinReference8646
reactome:ProteinReference1485,abstraction:ControlsStateChangeOf,reactome:ProteinReference6171
reactome:ProteinReference6229,abstraction:ControlsStateChangeOf,reactome:ProteinReference8183
reactome:ProteinReference4372,abstraction:ControlsStateChangeOf,reactome:ProteinReference4495
reactome:ProteinReference4372,abstraction:ControlsStateChangeOf,reactome:ProteinReference4446
reactome:ProteinReference1848,abstraction:ControlsStateChangeOf,reactome:ProteinReference2328
reactome:ProteinReference929,abstraction:ControlsStateChangeOf,reactome:ProteinReference913
reactome:ProteinReference5791,abstraction:ControlsStateChangeOf,reactome:ProteinReference9468
reactome:ProteinReference9022,abstraction:ControlsStateChangeOf,reactome:ProteinReference4458
reactome:ProteinReference1088,abstraction:ControlsStateChangeOf,reactome:ProteinReference4521
reactome:ProteinReference783,abstraction:ControlsStateChangeOf,reactome:ProteinReference2834
reactome:ProteinReference967,abstraction:ControlsStateChangeOf,reactome:ProteinReference922
reactome:ProteinReference938,abstraction:ControlsStateChangeOf,reactome:ProteinReference908
reactome:ProteinReference9083,abstraction:ControlsStateChangeOf,reactome:ProteinReference5242
reactome:ProteinReference910,abstraction:ControlsStateChangeOf,reactome:ProteinReference907
reactome:ProteinReference4496,abstraction:ControlsStateChangeOf,reactome:ProteinReference8963
reactome:ProteinReference1068,abstraction:ControlsStateChangeOf,reactome:ProteinReference5242
reactome:ProteinReference1815,abstraction:ControlsStateChangeOf,reactome:ProteinReference6038
reactome:ProteinReference9077,abstraction:ControlsStateChangeOf,reactome:ProteinReference5243
reactome:ProteinReference796,abstraction:ControlsStateChangeOf,reactome:ProteinReference8649
reactome:ProteinReference4531,abstraction:ControlsStateChangeOf,reactome:ProteinReference4526
reactome:ProteinReference8444,abstraction:ControlsStateChangeOf,reactome:ProteinReference8373
reactome:ProteinReference448,abstraction:ControlsStateChangeOf,reactome:ProteinReference11460
reactome:ProteinReference450,abstraction:ControlsStateChangeOf,reactome:ProteinReference1782
reactome:ProteinReference9004,abstraction:ControlsStateChangeOf,reactome:ProteinReference5242
reactome:ProteinReference4372,abstraction:ControlsStateChangeOf,reactome:ProteinReference4489
reactome:ProteinReference6893,abstraction:ControlsStateChangeOf,reactome:ProteinReference7511
reactome:ProteinReference1848,abstraction:ControlsStateChangeOf,reactome:ProteinReference1834
reactome:ProteinReference9357,abstraction:ControlsStateChangeOf,reactome:ProteinReference6095
reactome:ProteinReference782,abstraction:ControlsStateChangeOf,reactome:ProteinReference8649
reactome:ProteinReference3728,abstraction:ControlsStateChangeOf,reactome:ProteinReference8907
reactome:ProteinReference931,abstraction:ControlsStateChangeOf,reactome:ProteinReference910
reactome:ProteinReference9076,abstraction:ControlsStateChangeOf,reactome:ProteinReference5242
reactome:ProteinReference7647,abstraction:ControlsStateChangeOf,reactome:ProteinReference6290
reactome:ProteinReference4301,abstraction:ControlsStateChangeOf,reactome:ProteinReference4300
reactome:ProteinReference5203,abstraction:ControlsStateChangeOf,reactome:ProteinReference5189
reactome:ProteinReference5827,abstraction:ControlsStateChangeOf,reactome:ProteinReference9468
reactome:ProteinReference3838,abstraction:ControlsStateChangeOf,reactome:ProteinReference4612
reactome:ProteinReference5963,abstraction:ControlsStateChangeOf,reactome:ProteinReference8309
reactome:ProteinReference7642,abstraction:ControlsStateChangeOf,reactome:ProteinReference7646
reactome:ProteinReference1436,abstraction:ControlsStateChangeOf,reactome:ProteinReference7587
reactome:ProteinReference1770,abstraction:ControlsStateChangeOf,reactome:ProteinReference1579
reactome:ProteinReference4383,abstraction:ControlsStateChangeOf,reactome:ProteinReference4479
reactome:ProteinReference3603,abstraction:ControlsStateChangeOf,reactome:ProteinReference4631
reactome:ProteinReference352,abstraction:ControlsStateChangeOf,reactome:ProteinReference6711
reactome:ProteinReference7455,abstraction:ControlsStateChangeOf,reactome:ProteinReference7451
reactome:ProteinReference4365,abstraction:ControlsStateChangeOf,reactome:ProteinReference3512
reactome:ProteinReference937,abstraction:ControlsStateChangeOf,reactome:ProteinReference908
reactome:ProteinReference5804,abstraction:ControlsStateChangeOf,reactome:ProteinReference9468
reactome:ProteinReference3923,abstraction:ControlsStateChangeOf,reactome:ProteinReference3922
reactome:ProteinReference6161,abstraction:ControlsStateChangeOf,reactome:ProteinReference4549
reactome:ProteinReference4070,abstraction:ControlsStateChangeOf,reactome:ProteinReference4303
reactome:ProteinReference5837,abstraction:ControlsStateChangeOf,reactome:ProteinReference6711
reactome:ProteinReference9026,abstraction:ControlsStateChangeOf,reactome:ProteinReference4522
reactome:ProteinReference795,abstraction:ControlsStateChangeOf,reactome:ProteinReference4387
reactome:ProteinReference2023,abstraction:ControlsStateChangeOf,reactome:ProteinReference1966
reactome:ProteinReference7821,abstraction:ControlsStateChangeOf,reactome:ProteinReference7830
reactome:ProteinReference2019,abstraction:ControlsStateChangeOf,reactome:ProteinReference1966
reactome:ProteinReference8357,abstraction:ControlsStateChangeOf,reactome:ProteinReference1800
reactome:ProteinReference791,abstraction:ControlsStateChangeOf,reactome:ProteinReference8741
reactome:ProteinReference7562,abstraction:ControlsStateChangeOf,reactome:ProteinReference7333
reactome:ProteinReference1995,abstraction:ControlsStateChangeOf,reactome:ProteinReference1966
reactome:ProteinReference4518,abstraction:ControlsStateChangeOf,reactome:ProteinReference4529
reactome:ProteinReference6617,abstraction:ControlsStateChangeOf,reactome:ProteinReference5254
reactome:ProteinReference5831,abstraction:ControlsStateChangeOf,reactome:ProteinReference6711
reactome:ProteinReference7643,abstraction:ControlsStateChangeOf,reactome:ProteinReference6947
reactome:ProteinReference3727,abstraction:ControlsStateChangeOf,reactome:ProteinReference5162
reactome:ProteinReference9083,abstraction:ControlsStateChangeOf,reactome:ProteinReference4458
reactome:ProteinReference833,abstraction:ControlsStateChangeOf,reactome:ProteinReference875
reactome:ProteinReference9004,abstraction:ControlsStateChangeOf,reactome:ProteinReference4458
reactome:ProteinReference6621,abstraction:ControlsStateChangeOf,reactome:ProteinReference10459
reactome:ProteinReference8366,abstraction:ControlsStateChangeOf,reactome:ProteinReference8370
reactome:ProteinReference3603,abstraction:ControlsStateChangeOf,reactome:ProteinReference4686
reactome:ProteinReference5717,abstraction:ControlsStateChangeOf,reactome:ProteinReference4146
reactome:ProteinReference4183,abstraction:ControlsStateChangeOf,reactome:ProteinReference1669
reactome:ProteinReference4548,abstraction:ControlsStateChangeOf,reactome:ProteinReference10645
reactome:ProteinReference1088,abstraction:ControlsStateChangeOf,reactome:ProteinReference4523
reactome:ProteinReference5594,abstraction:ControlsStateChangeOf,reactome:ProteinReference8091
reactome:ProteinReference928,abstraction:ControlsStateChangeOf,reactome:ProteinReference924
reactome:ProteinReference768,abstraction:ControlsStateChangeOf,reactome:ProteinReference4470
reactome:ProteinReference8366,abstraction:ControlsStateChangeOf,reactome:ProteinReference6753
reactome:ProteinReference914,abstraction:ControlsStateChangeOf,reactome:ProteinReference910
reactome:ProteinReference4513,abstraction:ControlsStateChangeOf,reactome:ProteinReference4522
reactome:ProteinReference3598,abstraction:ControlsStateChangeOf,reactome:ProteinReference5443
reactome:ProteinReference4347,abstraction:ControlsStateChangeOf,reactome:ProteinReference4315
reactome:ProteinReference6513,abstraction:ControlsStateChangeOf,reactome:ProteinReference6171
reactome:ProteinReference813,abstraction:ControlsStateChangeOf,reactome:ProteinReference10376
reactome:ProteinReference4517,abstraction:ControlsStateChangeOf,reactome:ProteinReference4530
reactome:ProteinReference4643,abstraction:ControlsStateChangeOf,reactome:ProteinReference1863
reactome:ProteinReference8444,abstraction:ControlsStateChangeOf,reactome:ProteinReference8533
reactome:ProteinReference7745,abstraction:ControlsStateChangeOf,reactome:ProteinReference5755
reactome:ProteinReference9026,abstraction:ControlsStateChangeOf,reactome:ProteinReference4521
reactome:ProteinReference4045,abstraction:ControlsStateChangeOf,reactome:ProteinReference3991
reactome:ProteinReference4341,abstraction:ControlsStateChangeOf,reactome:ProteinReference4310
reactome:ProteinReference775,abstraction:ControlsStateChangeOf,reactome:ProteinReference2834
reactome:ProteinReference8991,abstraction:ControlsStateChangeOf,reactome:ProteinReference5242
reactome:ProteinReference9329,abstraction:ControlsStateChangeOf,reactome:ProteinReference7750
reactome:ProteinReference8100,abstraction:ControlsStateChangeOf,reactome:ProteinReference8116
reactome:ProteinReference3337,abstraction:ControlsStateChangeOf,reactome:ProteinReference4521
reactome:ProteinReference913,abstraction:ControlsStateChangeOf,reactome:ProteinReference914
reactome:ProteinReference1088,abstraction:ControlsStateChangeOf,reactome:ProteinReference5242
reactome:ProteinReference4301,abstraction:ControlsStateChangeOf,reactome:ProteinReference3593
reactome:ProteinReference5635,abstraction:ControlsStateChangeOf,reactome:ProteinReference6361
reactome:ProteinReference814,abstraction:ControlsStateChangeOf,reactome:ProteinReference6168
reactome:ProteinReference8355,abstraction:ControlsStateChangeOf,reactome:ProteinReference8356
reactome:ProteinReference1088,abstraction:ControlsStateChangeOf,reactome:ProteinReference4557
reactome:ProteinReference4341,abstraction:ControlsStateChangeOf,reactome:ProteinReference4317
reactome:ProteinReference10459,abstraction:ControlsStateChangeOf,reactome:ProteinReference619
reactome:ProteinReference3936,abstraction:ControlsStateChangeOf,reactome:ProteinReference3733
reactome:ProteinReference908,abstraction:ControlsStateChangeOf,reactome:ProteinReference916
reactome:ProteinReference911,abstraction:ControlsStateChangeOf,reactome:ProteinReference916
reactome:ProteinReference1979,abstraction:ControlsStateChangeOf,reactome:ProteinReference1966
reactome:ProteinReference932,abstraction:ControlsStateChangeOf,reactome:ProteinReference909
reactome:ProteinReference2016,abstraction:ControlsStateChangeOf,reactome:ProteinReference1966
reactome:ProteinReference811,abstraction:ControlsStateChangeOf,reactome:ProteinReference7451
reactome:ProteinReference951,abstraction:ControlsStateChangeOf,reactome:ProteinReference908
reactome:ProteinReference3726,abstraction:ControlsStateChangeOf,reactome:ProteinReference8907
reactome:ProteinReference4514,abstraction:ControlsStateChangeOf,reactome:ProteinReference4524
reactome:ProteinReference916,abstraction:ControlsStateChangeOf,reactome:ProteinReference914
reactome:ProteinReference780,abstraction:ControlsStateChangeOf,reactome:ProteinReference4470
reactome:ProteinReference4513,abstraction:ControlsStateChangeOf,reactome:ProteinReference4521
reactome:ProteinReference6185,abstraction:ControlsStateChangeOf,reactome:ProteinReference8177
reactome:ProteinReference3923,abstraction:ControlsStateChangeOf,reactome:ProteinReference3930
reactome:ProteinReference5835,abstraction:ControlsStateChangeOf,reactome:ProteinReference9468
reactome:ProteinReference943,abstraction:ControlsStateChangeOf,reactome:ProteinReference908
reactome:ProteinReference5443,abstraction:ControlsStateChangeOf,reactome:ProteinReference7589
reactome:ProteinReference6618,abstraction:ControlsStateChangeOf,reactome:ProteinReference2042
reactome:ProteinReference9934,abstraction:ControlsStateChangeOf,reactome:ProteinReference8051
reactome:ProteinReference6100,abstraction:ControlsStateChangeOf,reactome:ProteinReference7831
reactome:ProteinReference1736,abstraction:ControlsStateChangeOf,reactome:ProteinReference4440
reactome:ProteinReference4687,abstraction:ControlsStateChangeOf,reactome:ProteinReference56
reactome:ProteinReference5851,abstraction:ControlsStateChangeOf,reactome:ProteinReference7750
reactome:ProteinReference11317,abstraction:ControlsStateChangeOf,reactome:ProteinReference10376
reactome:ProteinReference800,abstraction:ControlsStateChangeOf,reactome:ProteinReference8652
reactome:ProteinReference9080,abstraction:ControlsStateChangeOf,reactome:ProteinReference5243
reactome:ProteinReference4585,abstraction:ControlsStateChangeOf,reactome:ProteinReference6092
reactome:ProteinReference4105,abstraction:ControlsStateChangeOf,reactome:ProteinReference3598
reactome:ProteinReference913,abstraction:ControlsStateChangeOf,reactome:ProteinReference910
reactome:ProteinReference800,abstraction:ControlsStateChangeOf,reactome:ProteinReference798
reactome:ProteinReference770,abstraction:ControlsStateChangeOf,reactome:ProteinReference4445
reactome:ProteinReference4342,abstraction:ControlsStateChangeOf,reactome:ProteinReference4313
reactome:ProteinReference5167,abstraction:ControlsStateChangeOf,reactome:ProteinReference4588
reactome:ProteinReference4616,abstraction:ControlsStateChangeOf,reactome:ProteinReference6088
reactome:ProteinReference794,abstraction:ControlsStateChangeOf,reactome:ProteinReference4470
reactome:ProteinReference5137,abstraction:ControlsStateChangeOf,reactome:ProteinReference5133
reactome:ProteinReference4557,abstraction:ControlsStateChangeOf,reactome:ProteinReference10644
reactome:ProteinReference933,abstraction:ControlsStateChangeOf,reactome:ProteinReference914
reactome:ProteinReference4514,abstraction:ControlsStateChangeOf,reactome:ProteinReference4529
reactome:ProteinReference9016,abstraction:ControlsStateChangeOf,reactome:ProteinReference5242
reactome:ProteinReference7741,abstraction:ControlsStateChangeOf,reactome:ProteinReference5756
reactome:ProteinReference1271,abstraction:ControlsStateChangeOf,reactome:ProteinReference9771
reactome:ProteinReference1438,abstraction:ControlsStateChangeOf,reactome:ProteinReference6453
reactome:ProteinReference6084,abstraction:ControlsStateChangeOf,reactome:ProteinReference6091
reactome:ProteinReference4301,abstraction:ControlsStateChangeOf,reactome:ProteinReference4296
reactome:ProteinReference4731,abstraction:ControlsStateChangeOf,reactome:ProteinReference7863
reactome:ProteinReference1088,abstraction:ControlsStateChangeOf,reactome:ProteinReference4458
reactome:ProteinReference5424,abstraction:ControlsStateChangeOf,reactome:ProteinReference5423
reactome:ProteinReference7735,abstraction:ControlsStateChangeOf,reactome:ProteinReference6103
reactome:ProteinReference779,abstraction:ControlsStateChangeOf,reactome:ProteinReference4445
reactome:ProteinReference609,abstraction:ControlsStateChangeOf,reactome:ProteinReference8907
reactome:ProteinReference4344,abstraction:ControlsStateChangeOf,reactome:ProteinReference4310
reactome:ProteinReference932,abstraction:ControlsStateChangeOf,reactome:ProteinReference918
reactome:ProteinReference1437,abstraction:ControlsStateChangeOf,reactome:ProteinReference1154
reactome:ProteinReference4648,abstraction:ControlsStateChangeOf,reactome:ProteinReference2042
reactome:ProteinReference814,abstraction:ControlsStateChangeOf,reactome:ProteinReference10376
reactome:ProteinReference8102,abstraction:ControlsStateChangeOf,reactome:ProteinReference8097
reactome:ProteinReference4731,abstraction:ControlsStateChangeOf,reactome:ProteinReference8183
reactome:ProteinReference4690,abstraction:ControlsStateChangeOf,reactome:ProteinReference11328
reactome:ProteinReference4045,abstraction:ControlsStateChangeOf,reactome:ProteinReference3998
reactome:ProteinReference3847,abstraction:ControlsStateChangeOf,reactome:ProteinReference5030
reactome:ProteinReference788,abstraction:ControlsStateChangeOf,reactome:ProteinReference4470
reactome:ProteinReference3386,abstraction:ControlsStateChangeOf,reactome:ProteinReference3452
reactome:ProteinReference6102,abstraction:ControlsStateChangeOf,reactome:ProteinReference4524
reactome:ProteinReference883,abstraction:ControlsStateChangeOf,reactome:ProteinReference879
reactome:ProteinReference4660,abstraction:ControlsStateChangeOf,reactome:ProteinReference11288
reactome:ProteinReference796,abstraction:ControlsStateChangeOf,reactome:ProteinReference8646
reactome:ProteinReference5858,abstraction:ControlsStateChangeOf,reactome:ProteinReference9468
reactome:ProteinReference800,abstraction:ControlsStateChangeOf,reactome:ProteinReference4455
reactome:ProteinReference3337,abstraction:ControlsStateChangeOf,reactome:ProteinReference4523
reactome:ProteinReference4344,abstraction:ControlsStateChangeOf,reactome:ProteinReference4317
reactome:ProteinReference3147,abstraction:ControlsStateChangeOf,reactome:ProteinReference10376
reactome:ProteinReference4185,abstraction:ControlsStateChangeOf,reactome:ProteinReference1668
reactome:ProteinReference11359,abstraction:ControlsStateChangeOf,reactome:ProteinReference11361
reactome:ProteinReference6137,abstraction:ControlsStateChangeOf,reactome:ProteinReference6140
reactome:ProteinReference6101,abstraction:ControlsStateChangeOf,reactome:ProteinReference10643
reactome:ProteinReference934,abstraction:ControlsStateChangeOf,reactome:ProteinReference911
reactome:ProteinReference782,abstraction:ControlsStateChangeOf,reactome:ProteinReference8646
reactome:ProteinReference1088,abstraction:ControlsStateChangeOf,reactome:ProteinReference4549
reactome:ProteinReference769,abstraction:ControlsStateChangeOf,reactome:ProteinReference4445
reactome:ProteinReference4372,abstraction:ControlsStateChangeOf,reactome:ProteinReference4494
reactome:ProteinReference6620,abstraction:ControlsStateChangeOf,reactome:ProteinReference6617
reactome:ProteinReference933,abstraction:ControlsStateChangeOf,reactome:ProteinReference910
reactome:ProteinReference6514,abstraction:ControlsStateChangeOf,reactome:ProteinReference6171
reactome:ProteinReference791,abstraction:ControlsStateChangeOf,reactome:ProteinReference8652
reactome:ProteinReference6101,abstraction:ControlsStateChangeOf,reactome:ProteinReference10644
reactome:ProteinReference3719,abstraction:ControlsStateChangeOf,reactome:ProteinReference3598
reactome:ProteinReference4688,abstraction:ControlsStateChangeOf,reactome:ProteinReference1021
reactome:ProteinReference4473,abstraction:ControlsStateChangeOf,reactome:ProteinReference6439
reactome:ProteinReference6512,abstraction:ControlsStateChangeOf,reactome:ProteinReference6171
reactome:ProteinReference4413,abstraction:ControlsStateChangeOf,reactome:ProteinReference7817
reactome:ProteinReference777,abstraction:ControlsStateChangeOf,reactome:ProteinReference8649
reactome:ProteinReference6185,abstraction:ControlsStateChangeOf,reactome:ProteinReference4630
reactome:ProteinReference6132,abstraction:ControlsStateChangeOf,reactome:ProteinReference11256
reactome:ProteinReference3337,abstraction:ControlsStateChangeOf,reactome:ProteinReference5242
reactome:ProteinReference6102,abstraction:ControlsStateChangeOf,reactome:ProteinReference4529
reactome:ProteinReference6640,abstraction:ControlsStateChangeOf,reactome:ProteinReference6617
reactome:ProteinReference790,abstraction:ControlsStateChangeOf,reactome:ProteinReference798
reactome:ProteinReference4561,abstraction:ControlsStateChangeOf,reactome:ProteinReference10643
reactome:ProteinReference6526,abstraction:ControlsStateChangeOf,reactome:ProteinReference9771
reactome:ProteinReference4515,abstraction:ControlsStateChangeOf,reactome:ProteinReference4529
reactome:ProteinReference4302,abstraction:ControlsStateChangeOf,reactome:ProteinReference4281
reactome:ProteinReference6618,abstraction:ControlsStateChangeOf,reactome:ProteinReference1979
reactome:ProteinReference4301,abstraction:ControlsStateChangeOf,reactome:ProteinReference4283
reactome:ProteinReference6634,abstraction:ControlsStateChangeOf,reactome:ProteinReference6628
reactome:ProteinReference5791,abstraction:ControlsStateChangeOf,reactome:ProteinReference6711
reactome:ProteinReference6528,abstraction:ControlsStateChangeOf,reactome:ProteinReference1123
reactome:ProteinReference5837,abstraction:ControlsStateChangeOf,reactome:ProteinReference7750
reactome:ProteinReference4561,abstraction:ControlsStateChangeOf,reactome:ProteinReference10644
reactome:ProteinReference4403,abstraction:ControlsStateChangeOf,reactome:ProteinReference4424
reactome:ProteinReference2021,abstraction:ControlsStateChangeOf,reactome:ProteinReference1966
reactome:ProteinReference786,abstraction:ControlsStateChangeOf,reactome:ProteinReference798
reactome:ProteinReference769,abstraction:ControlsStateChangeOf,reactome:ProteinReference4440
reactome:ProteinReference1273,abstraction:ControlsStateChangeOf,reactome:ProteinReference1123
reactome:ProteinReference5222,abstraction:ControlsStateChangeOf,reactome:ProteinReference6173
reactome:ProteinReference6100,abstraction:ControlsStateChangeOf,reactome:ProteinReference7832
reactome:ProteinReference8538,abstraction:ControlsStateChangeOf,reactome:ProteinReference8373
reactome:ProteinReference6101,abstraction:ControlsStateChangeOf,reactome:ProteinReference4524
reactome:ProteinReference5831,abstraction:ControlsStateChangeOf,reactome:ProteinReference7750
reactome:ProteinReference351,abstraction:ControlsStateChangeOf,reactome:ProteinReference6878
reactome:ProteinReference9275,abstraction:ControlsStateChangeOf,reactome:ProteinReference7750
reactome:ProteinReference7445,abstraction:ControlsStateChangeOf,reactome:ProteinReference8287
reactome:ProteinReference5824,abstraction:ControlsStateChangeOf,reactome:ProteinReference9468
reactome:ProteinReference791,abstraction:ControlsStateChangeOf,reactome:ProteinReference4455
reactome:ProteinReference3571,abstraction:ControlsStateChangeOf,reactome:ProteinReference6692
reactome:ProteinReference3851,abstraction:ControlsStateChangeOf,reactome:ProteinReference4630
reactome:ProteinReference8360,abstraction:ControlsStateChangeOf,reactome:ProteinReference8358
reactome:ProteinReference6089,abstraction:ControlsStateChangeOf,reactome:ProteinReference6746
reactome:ProteinReference4648,abstraction:ControlsStateChangeOf,reactome:ProteinReference1979
reactome:ProteinReference665,abstraction:ControlsStateChangeOf,reactome:ProteinReference663
reactome:ProteinReference918,abstraction:ControlsStateChangeOf,reactome:ProteinReference909
reactome:ProteinReference4648,abstraction:ControlsStateChangeOf,reactome:ProteinReference1863
reactome:ProteinReference5827,abstraction:ControlsStateChangeOf,reactome:ProteinReference6711
reactome:ProteinReference9700,abstraction:ControlsStateChangeOf,reactome:ProteinReference8964
reactome:ProteinReference5115,abstraction:ControlsStateChangeOf,reactome:ProteinReference5162
reactome:ProteinReference4499,abstraction:ControlsStateChangeOf,reactome:ProteinReference4520
reactome:ProteinReference5309,abstraction:ControlsStateChangeOf,reactome:ProteinReference8116
reactome:ProteinReference772,abstraction:ControlsStateChangeOf,reactome:ProteinReference8741
reactome:ProteinReference3585,abstraction:ControlsStateChangeOf,reactome:ProteinReference7324
reactome:ProteinReference6101,abstraction:ControlsStateChangeOf,reactome:ProteinReference4529
reactome:ProteinReference931,abstraction:ControlsStateChangeOf,reactome:ProteinReference911
reactome:ProteinReference7330,abstraction:ControlsStateChangeOf,reactome:ProteinReference11256
reactome:ProteinReference3607,abstraction:ControlsStateChangeOf,reactome:ProteinReference6780
reactome:ProteinReference4149,abstraction:ControlsStateChangeOf,reactome:ProteinReference6679
reactome:ProteinReference792,abstraction:ControlsStateChangeOf,reactome:ProteinReference8651
reactome:ProteinReference4106,abstraction:ControlsStateChangeOf,reactome:ProteinReference8795
reactome:ProteinReference3337,abstraction:ControlsStateChangeOf,reactome:ProteinReference4458
reactome:ProteinReference8804,abstraction:ControlsStateChangeOf,reactome:ProteinReference8829
reactome:ProteinReference1736,abstraction:ControlsStateChangeOf,reactome:ProteinReference4407
reactome:ProteinReference6619,abstraction:ControlsStateChangeOf,reactome:ProteinReference2053
reactome:ProteinReference8996,abstraction:ControlsStateChangeOf,reactome:ProteinReference5243
reactome:ProteinReference1061,abstraction:ControlsStateChangeOf,reactome:ProteinReference4548
reactome:ProteinReference4107,abstraction:ControlsStateChangeOf,reactome:ProteinReference6932
reactome:ProteinReference810,abstraction:ControlsStateChangeOf,reactome:ProteinReference8293
reactome:ProteinReference5937,abstraction:ControlsStateChangeOf,reactome:ProteinReference6756
reactome:ProteinReference5002,abstraction:ControlsStateChangeOf,reactome:ProteinReference5243
reactome:ProteinReference5804,abstraction:ControlsStateChangeOf,reactome:ProteinReference6711
reactome:ProteinReference3098,abstraction:ControlsStateChangeOf,reactome:ProteinReference6878
reactome:ProteinReference5633,abstraction:ControlsStateChangeOf,reactome:ProteinReference11468
reactome:ProteinReference1811,abstraction:ControlsStateChangeOf,reactome:ProteinReference8907
reactome:ProteinReference3725,abstraction:ControlsStateChangeOf,reactome:ProteinReference8883
reactome:ProteinReference9782,abstraction:ControlsStateChangeOf,reactome:ProteinReference8210
reactome:ProteinReference5522,abstraction:ControlsStateChangeOf,reactome:ProteinReference8091
reactome:ProteinReference7652,abstraction:ControlsStateChangeOf,reactome:ProteinReference7326
reactome:ProteinReference6185,abstraction:ControlsStateChangeOf,reactome:ProteinReference8176
reactome:ProteinReference9062,abstraction:ControlsStateChangeOf,reactome:ProteinReference5242
reactome:ProteinReference5140,abstraction:ControlsStateChangeOf,reactome:ProteinReference5423
reactome:ProteinReference4109,abstraction:ControlsStateChangeOf,reactome:ProteinReference3598
reactome:ProteinReference4566,abstraction:ControlsStateChangeOf,reactome:ProteinReference4530
reactome:ProteinReference9079,abstraction:ControlsStateChangeOf,reactome:ProteinReference5242
reactome:ProteinReference908,abstraction:ControlsStateChangeOf,reactome:ProteinReference915
reactome:ProteinReference911,abstraction:ControlsStateChangeOf,reactome:ProteinReference915
reactome:ProteinReference5611,abstraction:ControlsStateChangeOf,reactome:ProteinReference7740
reactome:ProteinReference5240,abstraction:ControlsStateChangeOf,reactome:ProteinReference10646
reactome:ProteinReference5403,abstraction:ControlsStateChangeOf,reactome:ProteinReference5243
reactome:ProteinReference5291,abstraction:ControlsStateChangeOf,reactome:ProteinReference4994
reactome:ProteinReference934,abstraction:ControlsStateChangeOf,reactome:ProteinReference907
reactome:ProteinReference912,abstraction:ControlsStateChangeOf,reactome:ProteinReference914
reactome:ProteinReference5160,abstraction:ControlsStateChangeOf,reactome:ProteinReference1773
reactome:ProteinReference9034,abstraction:ControlsStateChangeOf,reactome:ProteinReference4524
reactome:ProteinReference4342,abstraction:ControlsStateChangeOf,reactome:ProteinReference4304
reactome:ProteinReference9011,abstraction:ControlsStateChangeOf,reactome:ProteinReference5243
reactome:ProteinReference8538,abstraction:ControlsStateChangeOf,reactome:ProteinReference8533
reactome:ProteinReference4413,abstraction:ControlsStateChangeOf,reactome:ProteinReference5396
reactome:ProteinReference4499,abstraction:ControlsStateChangeOf,reactome:ProteinReference4526
reactome:ProteinReference789,abstraction:ControlsStateChangeOf,reactome:ProteinReference798
reactome:ProteinReference49,abstraction:ControlsStateChangeOf,reactome:ProteinReference7511
reactome:ProteinReference936,abstraction:ControlsStateChangeOf,reactome:ProteinReference918
reactome:ProteinReference364,abstraction:ControlsStateChangeOf,reactome:ProteinReference6878
reactome:ProteinReference3603,abstraction:ControlsStateChangeOf,reactome:ProteinReference9935
reactome:ProteinReference914,abstraction:ControlsStateChangeOf,reactome:ProteinReference911
reactome:ProteinReference3466,abstraction:ControlsStateChangeOf,reactome:ProteinReference5508
reactome:ProteinReference1437,abstraction:ControlsStateChangeOf,reactome:ProteinReference3912
reactome:ProteinReference4566,abstraction:ControlsStateChangeOf,reactome:ProteinReference5243
reactome:ProteinReference3850,abstraction:ControlsStateChangeOf,reactome:ProteinReference11282
reactome:ProteinReference9872,abstraction:ControlsStateChangeOf,reactome:ProteinReference6756
reactome:ProteinReference5570,abstraction:ControlsStateChangeOf,reactome:ProteinReference5424
reactome:ProteinReference4643,abstraction:ControlsStateChangeOf,reactome:ProteinReference5267
reactome:ProteinReference6509,abstraction:ControlsStateChangeOf,reactome:ProteinReference6171
reactome:ProteinReference9044,abstraction:ControlsStateChangeOf,reactome:ProteinReference5243
reactome:ProteinReference3458,abstraction:ControlsStateChangeOf,reactome:ProteinReference5964
reactome:ProteinReference4610,abstraction:ControlsStateChangeOf,reactome:ProteinReference5757
reactome:ProteinReference4549,abstraction:ControlsStateChangeOf,reactome:ProteinReference10645
reactome:ProteinReference915,abstraction:ControlsStateChangeOf,reactome:ProteinReference914
reactome:ProteinReference7742,abstraction:ControlsStateChangeOf,reactome:ProteinReference5755
reactome:ProteinReference1062,abstraction:ControlsStateChangeOf,reactome:ProteinReference5242
reactome:ProteinReference6878,abstraction:ControlsStateChangeOf,reactome:ProteinReference6439
reactome:ProteinReference5963,abstraction:ControlsStateChangeOf,reactome:ProteinReference6175
reactome:ProteinReference6634,abstraction:ControlsStateChangeOf,reactome:ProteinReference6629
reactome:ProteinReference6893,abstraction:ControlsStateChangeOf,reactome:ProteinReference7510
reactome:ProteinReference5288,abstraction:ControlsStateChangeOf,reactome:ProteinReference10644
reactome:ProteinReference4531,abstraction:ControlsStateChangeOf,reactome:ProteinReference4525
reactome:ProteinReference6633,abstraction:ControlsStateChangeOf,reactome:ProteinReference6631
reactome:ProteinReference4659,abstraction:ControlsStateChangeOf,reactome:ProteinReference8309
reactome:ProteinReference4342,abstraction:ControlsStateChangeOf,reactome:ProteinReference4308
reactome:ProteinReference7841,abstraction:ControlsStateChangeOf,reactome:ProteinReference6091
reactome:ProteinReference789,abstraction:ControlsStateChangeOf,reactome:ProteinReference4455
reactome:ProteinReference4555,abstraction:ControlsStateChangeOf,reactome:ProteinReference10646
reactome:ProteinReference9079,abstraction:ControlsStateChangeOf,reactome:ProteinReference4458
reactome:ProteinReference4610,abstraction:ControlsStateChangeOf,reactome:ProteinReference5754
reactome:ProteinReference7562,abstraction:ControlsStateChangeOf,reactome:ProteinReference7329
reactome:ProteinReference795,abstraction:ControlsStateChangeOf,reactome:ProteinReference8651
reactome:ProteinReference4070,abstraction:ControlsStateChangeOf,reactome:ProteinReference4320
reactome:ProteinReference5835,abstraction:ControlsStateChangeOf,reactome:ProteinReference6711
reactome:ProteinReference7454,abstraction:ControlsStateChangeOf,reactome:ProteinReference7451
reactome:ProteinReference5822,abstraction:ControlsStateChangeOf,reactome:ProteinReference9468
reactome:ProteinReference359,abstraction:ControlsStateChangeOf,reactome:ProteinReference6711
reactome:ProteinReference918,abstraction:ControlsStateChangeOf,reactome:ProteinReference917
reactome:ProteinReference935,abstraction:ControlsStateChangeOf,reactome:ProteinReference917
reactome:ProteinReference10977,abstraction:ControlsStateChangeOf,reactome:ProteinReference10978
reactome:ProteinReference6161,abstraction:ControlsStateChangeOf,reactome:ProteinReference4561
reactome:ProteinReference4532,abstraction:ControlsStateChangeOf,reactome:ProteinReference4530
reactome:ProteinReference776,abstraction:ControlsStateChangeOf,reactome:ProteinReference4445
reactome:ProteinReference3923,abstraction:ControlsStateChangeOf,reactome:ProteinReference3928
reactome:ProteinReference777,abstraction:ControlsStateChangeOf,reactome:ProteinReference8646
reactome:ProteinReference7642,abstraction:ControlsStateChangeOf,reactome:ProteinReference7647
reactome:ProteinReference6234,abstraction:ControlsStateChangeOf,reactome:ProteinReference7863
reactome:ProteinReference776,abstraction:ControlsStateChangeOf,reactome:ProteinReference2834
reactome:ProteinReference5222,abstraction:ControlsStateChangeOf,reactome:ProteinReference5050
reactome:ProteinReference799,abstraction:ControlsStateChangeOf,reactome:ProteinReference798
reactome:ProteinReference955,abstraction:ControlsStateChangeOf,reactome:ProteinReference917
reactome:ProteinReference6846,abstraction:ControlsStateChangeOf,reactome:ProteinReference8091
reactome:ProteinReference5155,abstraction:ControlsStateChangeOf,reactome:ProteinReference5443
reactome:ProteinReference9132,abstraction:ControlsStateChangeOf,reactome:ProteinReference8962
reactome:ProteinReference4398,abstraction:ControlsStateChangeOf,reactome:ProteinReference4490
reactome:ProteinReference5019,abstraction:ControlsStateChangeOf,reactome:ProteinReference4464
reactome:ProteinReference787,abstraction:ControlsStateChangeOf,reactome:ProteinReference8651
reactome:ProteinReference9934,abstraction:ControlsStateChangeOf,reactome:ProteinReference4640
reactome:ProteinReference913,abstraction:ControlsStateChangeOf,reactome:ProteinReference911
reactome:ProteinReference8634,abstraction:ControlsStateChangeOf,reactome:ProteinReference8907
reactome:ProteinReference3950,abstraction:ControlsStateChangeOf,reactome:ProteinReference5243
reactome:ProteinReference6234,abstraction:ControlsStateChangeOf,reactome:ProteinReference8183
reactome:ProteinReference909,abstraction:ControlsStateChangeOf,reactome:ProteinReference912
reactome:ProteinReference793,abstraction:ControlsStateChangeOf,reactome:ProteinReference4470
reactome:ProteinReference1851,abstraction:ControlsStateChangeOf,reactome:ProteinReference823
reactome:ProteinReference5791,abstraction:ControlsStateChangeOf,reactome:ProteinReference7750
reactome:ProteinReference4045,abstraction:ControlsStateChangeOf,reactome:ProteinReference4018
reactome:ProteinReference7563,abstraction:ControlsStateChangeOf,reactome:ProteinReference7330
reactome:ProteinReference4570,abstraction:ControlsStateChangeOf,reactome:ProteinReference5242
reactome:ProteinReference1737,abstraction:ControlsStateChangeOf,reactome:ProteinReference4443
reactome:ProteinReference4553,abstraction:ControlsStateChangeOf,reactome:ProteinReference10643
reactome:ProteinReference4402,abstraction:ControlsStateChangeOf,reactome:ProteinReference4394
reactome:ProteinReference797,abstraction:ControlsStateChangeOf,reactome:ProteinReference8741
reactome:ProteinReference772,abstraction:ControlsStateChangeOf,reactome:ProteinReference8652
reactome:ProteinReference448,abstraction:ControlsStateChangeOf,reactome:ProteinReference1782
reactome:ProteinReference5151,abstraction:ControlsStateChangeOf,reactome:ProteinReference1083
reactome:ProteinReference6939,abstraction:ControlsStateChangeOf,reactome:ProteinReference7631
reactome:ProteinReference5858,abstraction:ControlsStateChangeOf,reactome:ProteinReference6711
reactome:ProteinReference10855,abstraction:ControlsStateChangeOf,reactome:ProteinReference4588
reactome:ProteinReference3586,abstraction:ControlsStateChangeOf,reactome:ProteinReference5660
reactome:ProteinReference4348,abstraction:ControlsStateChangeOf,reactome:ProteinReference4304
reactome:ProteinReference6242,abstraction:ControlsStateChangeOf,reactome:ProteinReference7863
reactome:ProteinReference4553,abstraction:ControlsStateChangeOf,reactome:ProteinReference10644
reactome:ProteinReference3726,abstraction:ControlsStateChangeOf,reactome:ProteinReference8898
reactome:ProteinReference9068,abstraction:ControlsStateChangeOf,reactome:ProteinReference5242
reactome:ProteinReference6618,abstraction:ControlsStateChangeOf,reactome:ProteinReference1865
reactome:ProteinReference6620,abstraction:ControlsStateChangeOf,reactome:ProteinReference10459
reactome:ProteinReference8964,abstraction:ControlsStateChangeOf,reactome:ProteinReference1966
reactome:ProteinReference9018,abstraction:ControlsStateChangeOf,reactome:ProteinReference4458
reactome:ProteinReference6855,abstraction:ControlsStateChangeOf,reactome:ProteinReference8104
reactome:ProteinReference6242,abstraction:ControlsStateChangeOf,reactome:ProteinReference8183
reactome:ProteinReference4690,abstraction:ControlsStateChangeOf,reactome:ProteinReference5967
reactome:ProteinReference4108,abstraction:ControlsStateChangeOf,reactome:ProteinReference6932
reactome:ProteinReference935,abstraction:ControlsStateChangeOf,reactome:ProteinReference912
reactome:ProteinReference361,abstraction:ControlsStateChangeOf,reactome:ProteinReference6710
reactome:ProteinReference4370,abstraction:ControlsStateChangeOf,reactome:ProteinReference4369
reactome:ProteinReference4301,abstraction:ControlsStateChangeOf,reactome:ProteinReference4298
reactome:ProteinReference4347,abstraction:ControlsStateChangeOf,reactome:ProteinReference4316
reactome:ProteinReference1736,abstraction:ControlsStateChangeOf,reactome:ProteinReference4456
reactome:ProteinReference916,abstraction:ControlsStateChangeOf,reactome:ProteinReference909
reactome:ProteinReference1088,abstraction:ControlsStateChangeOf,reactome:ProteinReference7589
reactome:ProteinReference955,abstraction:ControlsStateChangeOf,reactome:ProteinReference912
reactome:ProteinReference811,abstraction:ControlsStateChangeOf,reactome:ProteinReference8293
reactome:ProteinReference933,abstraction:ControlsStateChangeOf,reactome:ProteinReference911
reactome:ProteinReference7563,abstraction:ControlsStateChangeOf,reactome:ProteinReference7339
reactome:ProteinReference4113,abstraction:ControlsStateChangeOf,reactome:ProteinReference8795
reactome:ProteinReference1856,abstraction:ControlsStateChangeOf,reactome:ProteinReference823
reactome:ProteinReference5804,abstraction:ControlsStateChangeOf,reactome:ProteinReference7750
reactome:ProteinReference899,abstraction:ControlsStateChangeOf,reactome:ProteinReference876
reactome:ProteinReference1886,abstraction:ControlsStateChangeOf,reactome:ProteinReference1879
reactome:ProteinReference2099,abstraction:ControlsStateChangeOf,reactome:ProteinReference2098
reactome:ProteinReference9032,abstraction:ControlsStateChangeOf,reactome:ProteinReference4527
reactome:ProteinReference4648,abstraction:ControlsStateChangeOf,reactome:ProteinReference1865
reactome:ProteinReference6291,abstraction:ControlsStateChangeOf,reactome:ProteinReference6401
reactome:ProteinReference1611,abstraction:ControlsStateChangeOf,reactome:ProteinReference978
reactome:ProteinReference883,abstraction:ControlsStateChangeOf,reactome:ProteinReference874
reactome:ProteinReference3602,abstraction:ControlsStateChangeOf,reactome:ProteinReference10972
reactome:ProteinReference9025,abstraction:ControlsStateChangeOf,reactome:ProteinReference4520
reactome:ProteinReference4111,abstraction:ControlsStateChangeOf,reactome:ProteinReference8773
reactome:ProteinReference6633,abstraction:ControlsStateChangeOf,reactome:ProteinReference5270
reactome:ProteinReference6029,abstraction:ControlsStateChangeOf,reactome:ProteinReference4630
reactome:ProteinReference5824,abstraction:ControlsStateChangeOf,reactome:ProteinReference6711
reactome:ProteinReference972,abstraction:ControlsStateChangeOf,reactome:ProteinReference919
reactome:ProteinReference907,abstraction:ControlsStateChangeOf,reactome:ProteinReference913
reactome:ProteinReference9121,abstraction:ControlsStateChangeOf,reactome:ProteinReference5595
reactome:ProteinReference5785,abstraction:ControlsStateChangeOf,reactome:ProteinReference9468
reactome:ProteinReference7562,abstraction:ControlsStateChangeOf,reactome:ProteinReference7328
reactome:ProteinReference4517,abstraction:ControlsStateChangeOf,reactome:ProteinReference4526
reactome:ProteinReference910,abstraction:ControlsStateChangeOf,reactome:ProteinReference915
reactome:ProteinReference4359,abstraction:ControlsStateChangeOf,reactome:ProteinReference3512
reactome:ProteinReference6962,abstraction:ControlsStateChangeOf,reactome:ProteinReference4589
reactome:ProteinReference916,abstraction:ControlsStateChangeOf,reactome:ProteinReference918
reactome:ProteinReference6025,abstraction:ControlsStateChangeOf,reactome:ProteinReference5031
reactome:ProteinReference9873,abstraction:ControlsStateChangeOf,reactome:ProteinReference6755
reactome:ProteinReference6894,abstraction:ControlsStateChangeOf,reactome:ProteinReference6088
reactome:ProteinReference928,abstraction:ControlsStateChangeOf,reactome:ProteinReference925
reactome:ProteinReference3603,abstraction:ControlsStateChangeOf,reactome:ProteinReference5155
reactome:ProteinReference104,abstraction:ControlsStateChangeOf,reactome:ProteinReference12139
reactome:ProteinReference1997,abstraction:ControlsStateChangeOf,reactome:ProteinReference1966
reactome:ProteinReference11370,abstraction:ControlsStateChangeOf,reactome:ProteinReference1340
reactome:ProteinReference5423,abstraction:ControlsStateChangeOf,reactome:ProteinReference6759
reactome:ProteinReference4648,abstraction:ControlsStateChangeOf,reactome:ProteinReference5267
reactome:ProteinReference814,abstraction:ControlsStateChangeOf,reactome:ProteinReference6952
reactome:ProteinReference1610,abstraction:ControlsStateChangeOf,reactome:ProteinReference1607
reactome:ProteinReference4504,abstraction:ControlsStateChangeOf,reactome:ProteinReference4527
reactome:ProteinReference10463,abstraction:ControlsStateChangeOf,reactome:ProteinReference8091
reactome:ProteinReference4105,abstraction:ControlsStateChangeOf,reactome:ProteinReference6932
reactome:ProteinReference3603,abstraction:ControlsStateChangeOf,reactome:ProteinReference5617
reactome:ProteinReference9061,abstraction:ControlsStateChangeOf,reactome:ProteinReference5243
reactome:ProteinReference4302,abstraction:ControlsStateChangeOf,reactome:ProteinReference4282
reactome:ProteinReference4461,abstraction:ControlsStateChangeOf,reactome:ProteinReference4460
reactome:ProteinReference6030,abstraction:ControlsStateChangeOf,reactome:ProteinReference5030
reactome:ProteinReference4396,abstraction:ControlsStateChangeOf,reactome:ProteinReference4406
reactome:ProteinReference4342,abstraction:ControlsStateChangeOf,reactome:ProteinReference4305
reactome:ProteinReference9010,abstraction:ControlsStateChangeOf,reactome:ProteinReference5243
reactome:ProteinReference3477,abstraction:ControlsStateChangeOf,reactome:ProteinReference7589
reactome:ProteinReference6511,abstraction:ControlsStateChangeOf,reactome:ProteinReference6171
reactome:ProteinReference8102,abstraction:ControlsStateChangeOf,reactome:ProteinReference12138
reactome:ProteinReference4533,abstraction:ControlsStateChangeOf,reactome:ProteinReference4527
reactome:ProteinReference4558,abstraction:ControlsStateChangeOf,reactome:ProteinReference10645
reactome:ProteinReference911,abstraction:ControlsStateChangeOf,reactome:ProteinReference908
reactome:ProteinReference773,abstraction:ControlsStateChangeOf,reactome:ProteinReference8649
reactome:ProteinReference3726,abstraction:ControlsStateChangeOf,reactome:ProteinReference5162
reactome:ProteinReference4549,abstraction:ControlsStateChangeOf,reactome:ProteinReference10643
reactome:ProteinReference1736,abstraction:ControlsStateChangeOf,reactome:ProteinReference4409
reactome:ProteinReference9026,abstraction:ControlsStateChangeOf,reactome:ProteinReference4524
reactome:ProteinReference880,abstraction:ControlsStateChangeOf,reactome:ProteinReference877
reactome:ProteinReference4114,abstraction:ControlsStateChangeOf,reactome:ProteinReference8907
reactome:ProteinReference8116,abstraction:ControlsStateChangeOf,reactome:ProteinReference11319
reactome:ProteinReference1736,abstraction:ControlsStateChangeOf,reactome:ProteinReference4471
reactome:ProteinReference9001,abstraction:ControlsStateChangeOf,reactome:ProteinReference5242
reactome:ProteinReference930,abstraction:ControlsStateChangeOf,reactome:ProteinReference922
reactome:ProteinReference8193,abstraction:ControlsStateChangeOf,reactome:ProteinReference8962
reactome:ProteinReference2020,abstraction:ControlsStateChangeOf,reactome:ProteinReference1966
reactome:ProteinReference4301,abstraction:ControlsStateChangeOf,reactome:ProteinReference4295
reactome:ProteinReference2024,abstraction:ControlsStateChangeOf,reactome:ProteinReference1966
reactome:ProteinReference5835,abstraction:ControlsStateChangeOf,reactome:ProteinReference7750
reactome:ProteinReference11359,abstraction:ControlsStateChangeOf,reactome:ProteinReference11360
reactome:ProteinReference1885,abstraction:ControlsStateChangeOf,reactome:ProteinReference2329
reactome:ProteinReference5224,abstraction:ControlsStateChangeOf,reactome:ProteinReference5050
reactome:ProteinReference8633,abstraction:ControlsStateChangeOf,reactome:ProteinReference8907
reactome:ProteinReference1271,abstraction:ControlsStateChangeOf,reactome:ProteinReference1123
reactome:ProteinReference3096,abstraction:ControlsStateChangeOf,reactome:ProteinReference1224
reactome:ProteinReference4493,abstraction:ControlsStateChangeOf,reactome:ProteinReference4583
reactome:ProteinReference797,abstraction:ControlsStateChangeOf,reactome:ProteinReference8652
reactome:ProteinReference4045,abstraction:ControlsStateChangeOf,reactome:ProteinReference4012
reactome:ProteinReference6048,abstraction:ControlsStateChangeOf,reactome:ProteinReference6932
reactome:ProteinReference4302,abstraction:ControlsStateChangeOf,reactome:ProteinReference3594
reactome:ProteinReference6893,abstraction:ControlsStateChangeOf,reactome:ProteinReference10973
reactome:ProteinReference4513,abstraction:ControlsStateChangeOf,reactome:ProteinReference4524
reactome:ProteinReference9028,abstraction:ControlsStateChangeOf,reactome:ProteinReference4522
reactome:ProteinReference4672,abstraction:ControlsStateChangeOf,reactome:ProteinReference6091
reactome:ProteinReference5291,abstraction:ControlsStateChangeOf,reactome:ProteinReference4387
reactome:ProteinReference5293,abstraction:ControlsStateChangeOf,reactome:ProteinReference10643
reactome:ProteinReference6024,abstraction:ControlsStateChangeOf,reactome:ProteinReference5030
reactome:ProteinReference1770,abstraction:ControlsStateChangeOf,reactome:ProteinReference11467
reactome:ProteinReference6161,abstraction:ControlsStateChangeOf,reactome:ProteinReference4555
reactome:ProteinReference7787,abstraction:ControlsStateChangeOf,reactome:ProteinReference11256
reactome:ProteinReference9380,abstraction:ControlsStateChangeOf,reactome:ProteinReference9372
reactome:ProteinReference659,abstraction:ControlsStateChangeOf,reactome:ProteinReference3581
reactome:ProteinReference801,abstraction:ControlsStateChangeOf,reactome:ProteinReference2834
reactome:ProteinReference9134,abstraction:ControlsStateChangeOf,reactome:ProteinReference6091
reactome:ProteinReference5293,abstraction:ControlsStateChangeOf,reactome:ProteinReference10644
reactome:ProteinReference8207,abstraction:ControlsStateChangeOf,reactome:ProteinReference6091
reactome:ProteinReference4673,abstraction:ControlsStateChangeOf,reactome:ProteinReference6091
reactome:ProteinReference5858,abstraction:ControlsStateChangeOf,reactome:ProteinReference7750
reactome:ProteinReference4398,abstraction:ControlsStateChangeOf,reactome:ProteinReference2843
reactome:ProteinReference4070,abstraction:ControlsStateChangeOf,reactome:ProteinReference4319
reactome:ProteinReference5963,abstraction:ControlsStateChangeOf,reactome:ProteinReference8104
reactome:ProteinReference9001,abstraction:ControlsStateChangeOf,reactome:ProteinReference4458
reactome:ProteinReference1088,abstraction:ControlsStateChangeOf,reactome:ProteinReference4559
reactome:ProteinReference5822,abstraction:ControlsStateChangeOf,reactome:ProteinReference6711
reactome:ProteinReference6737,abstraction:ControlsStateChangeOf,reactome:ProteinReference3891
reactome:ProteinReference3603,abstraction:ControlsStateChangeOf,reactome:ProteinReference9692
reactome:ProteinReference9002,abstraction:ControlsStateChangeOf,reactome:ProteinReference5243
reactome:ProteinReference4347,abstraction:ControlsStateChangeOf,reactome:ProteinReference4311
reactome:ProteinReference928,abstraction:ControlsStateChangeOf,reactome:ProteinReference920
reactome:ProteinReference4342,abstraction:ControlsStateChangeOf,reactome:ProteinReference4312
reactome:ProteinReference9075,abstraction:ControlsStateChangeOf,reactome:ProteinReference5243
reactome:ProteinReference9032,abstraction:ControlsStateChangeOf,reactome:ProteinReference4522
reactome:ProteinReference785,abstraction:ControlsStateChangeOf,reactome:ProteinReference8649
reactome:ProteinReference1436,abstraction:ControlsStateChangeOf,reactome:ProteinReference1021
reactome:ProteinReference4045,abstraction:ControlsStateChangeOf,reactome:ProteinReference4031
reactome:ProteinReference3850,abstraction:ControlsStateChangeOf,reactome:ProteinReference4887
reactome:ProteinReference6634,abstraction:ControlsStateChangeOf,reactome:ProteinReference6623
reactome:ProteinReference7817,abstraction:ControlsStateChangeOf,reactome:ProteinReference3891
reactome:ProteinReference1977,abstraction:ControlsStateChangeOf,reactome:ProteinReference1966
reactome:ProteinReference9028,abstraction:ControlsStateChangeOf,reactome:ProteinReference4521
reactome:ProteinReference4518,abstraction:ControlsStateChangeOf,reactome:ProteinReference4528
reactome:ProteinReference8804,abstraction:ControlsStateChangeOf,reactome:ProteinReference6171
reactome:ProteinReference8986,abstraction:ControlsStateChangeOf,reactome:ProteinReference5242
reactome:ProteinReference1800,abstraction:ControlsStateChangeOf,reactome:ProteinReference1799
reactome:ProteinReference928,abstraction:ControlsStateChangeOf,reactome:ProteinReference923
reactome:ProteinReference4301,abstraction:ControlsStateChangeOf,reactome:ProteinReference3592
reactome:ProteinReference9030,abstraction:ControlsStateChangeOf,reactome:ProteinReference4522
reactome:ProteinReference194,abstraction:ControlsStateChangeOf,reactome:ProteinReference193
reactome:ProteinReference9873,abstraction:ControlsStateChangeOf,reactome:ProteinReference5424
reactome:ProteinReference3926,abstraction:ControlsStateChangeOf,reactome:ProteinReference5587
reactome:ProteinReference7743,abstraction:ControlsStateChangeOf,reactome:ProteinReference5756
reactome:ProteinReference781,abstraction:ControlsStateChangeOf,reactome:ProteinReference4387
reactome:ProteinReference4386,abstraction:ControlsStateChangeOf,reactome:ProteinReference4447
reactome:ProteinReference2419,abstraction:ControlsStateChangeOf,reactome:ProteinReference2420
reactome:ProteinReference9431,abstraction:ControlsStateChangeOf,reactome:ProteinReference4582
reactome:ProteinReference795,abstraction:ControlsStateChangeOf,reactome:ProteinReference4470
reactome:ProteinReference9074,abstraction:ControlsStateChangeOf,reactome:ProteinReference5243
reactome:ProteinReference778,abstraction:ControlsStateChangeOf,reactome:ProteinReference8741
reactome:ProteinReference770,abstraction:ControlsStateChangeOf,reactome:ProteinReference798
reactome:ProteinReference3603,abstraction:ControlsStateChangeOf,reactome:ProteinReference5235
reactome:ProteinReference917,abstraction:ControlsStateChangeOf,reactome:ProteinReference909
reactome:ProteinReference12056,abstraction:ControlsStateChangeOf,reactome:ProteinReference7266
reactome:ProteinReference6436,abstraction:ControlsStateChangeOf,reactome:ProteinReference6679
reactome:ProteinReference4372,abstraction:ControlsStateChangeOf,reactome:ProteinReference1088
reactome:ProteinReference8394,abstraction:ControlsStateChangeOf,reactome:ProteinReference8907
reactome:ProteinReference6780,abstraction:ControlsStateChangeOf,reactome:ProteinReference4611
reactome:ProteinReference3729,abstraction:ControlsStateChangeOf,reactome:ProteinReference5132
reactome:ProteinReference3850,abstraction:ControlsStateChangeOf,reactome:ProteinReference4611
reactome:ProteinReference642,abstraction:ControlsStateChangeOf,reactome:ProteinReference1799
reactome:ProteinReference4112,abstraction:ControlsStateChangeOf,reactome:ProteinReference8795
reactome:ProteinReference1851,abstraction:ControlsStateChangeOf,reactome:ProteinReference1824
reactome:ProteinReference9032,abstraction:ControlsStateChangeOf,reactome:ProteinReference4521
reactome:ProteinReference3450,abstraction:ControlsStateChangeOf,reactome:ProteinReference6439
reactome:ProteinReference5824,abstraction:ControlsStateChangeOf,reactome:ProteinReference7750
reactome:ProteinReference8366,abstraction:ControlsStateChangeOf,reactome:ProteinReference6091
reactome:ProteinReference104,abstraction:ControlsStateChangeOf,reactome:ProteinReference12141
reactome:ProteinReference779,abstraction:ControlsStateChangeOf,reactome:ProteinReference798
reactome:ProteinReference9033,abstraction:ControlsStateChangeOf,reactome:ProteinReference4530
reactome:ProteinReference5933,abstraction:ControlsStateChangeOf,reactome:ProteinReference5243
reactome:ProteinReference49,abstraction:ControlsStateChangeOf,reactome:ProteinReference7510
reactome:ProteinReference6962,abstraction:ControlsStateChangeOf,reactome:ProteinReference4588
reactome:ProteinReference4499,abstraction:ControlsStateChangeOf,reactome:ProteinReference4525
reactome:ProteinReference773,abstraction:ControlsStateChangeOf,reactome:ProteinReference2834
reactome:ProteinReference9012,abstraction:ControlsStateChangeOf,reactome:ProteinReference5242
reactome:ProteinReference4302,abstraction:ControlsStateChangeOf,reactome:ProteinReference4294
reactome:ProteinReference912,abstraction:ControlsStateChangeOf,reactome:ProteinReference918
reactome:ProteinReference4302,abstraction:ControlsStateChangeOf,reactome:ProteinReference4293
reactome:ProteinReference9030,abstraction:ControlsStateChangeOf,reactome:ProteinReference4521
reactome:ProteinReference4496,abstraction:ControlsStateChangeOf,reactome:ProteinReference8962
reactome:ProteinReference1815,abstraction:ControlsStateChangeOf,reactome:ProteinReference7845
reactome:ProteinReference6780,abstraction:ControlsStateChangeOf,reactome:ProteinReference6278
reactome:ProteinReference930,abstraction:ControlsStateChangeOf,reactome:ProteinReference907
reactome:ProteinReference5424,abstraction:ControlsStateChangeOf,reactome:ProteinReference6103
reactome:ProteinReference1437,abstraction:ControlsStateChangeOf,reactome:ProteinReference11417
reactome:ProteinReference5140,abstraction:ControlsStateChangeOf,reactome:ProteinReference6756
reactome:ProteinReference9031,abstraction:ControlsStateChangeOf,reactome:ProteinReference4522
reactome:ProteinReference1859,abstraction:ControlsStateChangeOf,reactome:ProteinReference823
reactome:ProteinReference5222,abstraction:ControlsStateChangeOf,reactome:ProteinReference10953
reactome:ProteinReference769,abstraction:ControlsStateChangeOf,reactome:ProteinReference798
reactome:ProteinReference3864,abstraction:ControlsStateChangeOf,reactome:ProteinReference4523
reactome:ProteinReference7562,abstraction:ControlsStateChangeOf,reactome:ProteinReference7343
reactome:ProteinReference2552,abstraction:ControlsStateChangeOf,reactome:ProteinReference1966
reactome:ProteinReference917,abstraction:ControlsStateChangeOf,reactome:ProteinReference918
reactome:ProteinReference357,abstraction:ControlsStateChangeOf,reactome:ProteinReference6878
reactome:ProteinReference10973,abstraction:ControlsStateChangeOf,reactome:ProteinReference10978
reactome:ProteinReference4566,abstraction:ControlsStateChangeOf,reactome:ProteinReference4526
reactome:ProteinReference790,abstraction:ControlsStateChangeOf,reactome:ProteinReference4440
reactome:ProteinReference6848,abstraction:ControlsStateChangeOf,reactome:ProteinReference10978
reactome:ProteinReference9028,abstraction:ControlsStateChangeOf,reactome:ProteinReference4523
reactome:ProteinReference915,abstraction:ControlsStateChangeOf,reactome:ProteinReference918
reactome:ProteinReference1856,abstraction:ControlsStateChangeOf,reactome:ProteinReference1824
reactome:ProteinReference784,abstraction:ControlsStateChangeOf,reactome:ProteinReference4445
reactome:ProteinReference5294,abstraction:ControlsStateChangeOf,reactome:ProteinReference4521
reactome:ProteinReference4348,abstraction:ControlsStateChangeOf,reactome:ProteinReference4312
reactome:ProteinReference6026,abstraction:ControlsStateChangeOf,reactome:ProteinReference5030
reactome:ProteinReference3603,abstraction:ControlsStateChangeOf,reactome:ProteinReference7742
reactome:ProteinReference8777,abstraction:ControlsStateChangeOf,reactome:ProteinReference6171
reactome:ProteinReference5785,abstraction:ControlsStateChangeOf,reactome:ProteinReference6711
reactome:ProteinReference5933,abstraction:ControlsStateChangeOf,reactome:ProteinReference5244
reactome:ProteinReference929,abstraction:ControlsStateChangeOf,reactome:ProteinReference912
reactome:ProteinReference786,abstraction:ControlsStateChangeOf,reactome:ProteinReference4440
reactome:ProteinReference4514,abstraction:ControlsStateChangeOf,reactome:ProteinReference4528
reactome:ProteinReference9545,abstraction:ControlsStateChangeOf,reactome:ProteinReference9508
reactome:ProteinReference7502,abstraction:ControlsStateChangeOf,reactome:ProteinReference5242
reactome:ProteinReference5845,abstraction:ControlsStateChangeOf,reactome:ProteinReference7750
reactome:ProteinReference55,abstraction:ControlsStateChangeOf,reactome:ProteinReference8388
reactome:ProteinReference3849,abstraction:ControlsStateChangeOf,reactome:ProteinReference4630
reactome:ProteinReference769,abstraction:ControlsStateChangeOf,reactome:ProteinReference4455
reactome:ProteinReference8189,abstraction:ControlsStateChangeOf,reactome:ProteinReference6932
reactome:ProteinReference792,abstraction:ControlsStateChangeOf,reactome:ProteinReference8646
reactome:ProteinReference351,abstraction:ControlsStateChangeOf,reactome:ProteinReference1773
reactome:ProteinReference9031,abstraction:ControlsStateChangeOf,reactome:ProteinReference4521
reactome:ProteinReference1436,abstraction:ControlsStateChangeOf,reactome:ProteinReference3598
reactome:ProteinReference6527,abstraction:ControlsStateChangeOf,reactome:ProteinReference6932
reactome:ProteinReference1610,abstraction:ControlsStateChangeOf,reactome:ProteinReference978
reactome:ProteinReference4395,abstraction:ControlsStateChangeOf,reactome:ProteinReference4394
reactome:ProteinReference4184,abstraction:ControlsStateChangeOf,reactome:ProteinReference1668
reactome:ProteinReference943,abstraction:ControlsStateChangeOf,reactome:ProteinReference913
reactome:ProteinReference7724,abstraction:ControlsStateChangeOf,reactome:ProteinReference4522
reactome:ProteinReference1088,abstraction:ControlsStateChangeOf,reactome:ProteinReference4527
reactome:ProteinReference11370,abstraction:ControlsStateChangeOf,reactome:ProteinReference1341
reactome:ProteinReference4348,abstraction:ControlsStateChangeOf,reactome:ProteinReference4303
reactome:ProteinReference785,abstraction:ControlsStateChangeOf,reactome:ProteinReference2834
reactome:ProteinReference932,abstraction:ControlsStateChangeOf,reactome:ProteinReference914
reactome:ProteinReference5843,abstraction:ControlsStateChangeOf,reactome:ProteinReference9468
reactome:ProteinReference9030,abstraction:ControlsStateChangeOf,reactome:ProteinReference4523
reactome:ProteinReference10857,abstraction:ControlsStateChangeOf,reactome:ProteinReference4589
reactome:ProteinReference1736,abstraction:ControlsStateChangeOf,reactome:ProteinReference4444
reactome:ProteinReference665,abstraction:ControlsStateChangeOf,reactome:ProteinReference6273
reactome:ProteinReference833,abstraction:ControlsStateChangeOf,reactome:ProteinReference877
reactome:ProteinReference4405,abstraction:ControlsStateChangeOf,reactome:ProteinReference4406
reactome:ProteinReference5828,abstraction:ControlsStateChangeOf,reactome:ProteinReference9468
reactome:ProteinReference3603,abstraction:ControlsStateChangeOf,reactome:ProteinReference9938
reactome:ProteinReference6102,abstraction:ControlsStateChangeOf,reactome:ProteinReference4528
reactome:ProteinReference4104,abstraction:ControlsStateChangeOf,reactome:ProteinReference8907
reactome:ProteinReference4515,abstraction:ControlsStateChangeOf,reactome:ProteinReference4528
reactome:ProteinReference3864,abstraction:ControlsStateChangeOf,reactome:ProteinReference4458
reactome:ProteinReference353,abstraction:ControlsStateChangeOf,reactome:ProteinReference6711
reactome:ProteinReference4532,abstraction:ControlsStateChangeOf,reactome:ProteinReference4526
reactome:ProteinReference7444,abstraction:ControlsStateChangeOf,reactome:ProteinReference8907
reactome:ProteinReference880,abstraction:ControlsStateChangeOf,reactome:ProteinReference875
reactome:ProteinReference7516,abstraction:ControlsStateChangeOf,reactome:ProteinReference7511
reactome:ProteinReference5574,abstraction:ControlsStateChangeOf,reactome:ProteinReference3922
reactome:ProteinReference9020,abstraction:ControlsStateChangeOf,reactome:ProteinReference4458
reactome:ProteinReference9028,abstraction:ControlsStateChangeOf,reactome:ProteinReference4458
reactome:ProteinReference2017,abstraction:ControlsStateChangeOf,reactome:ProteinReference1966
reactome:ProteinReference3728,abstraction:ControlsStateChangeOf,reactome:ProteinReference3598
reactome:ProteinReference3727,abstraction:ControlsStateChangeOf,reactome:ProteinReference8883
reactome:ProteinReference5294,abstraction:ControlsStateChangeOf,reactome:ProteinReference4523
reactome:ProteinReference7724,abstraction:ControlsStateChangeOf,reactome:ProteinReference4521
reactome:ProteinReference778,abstraction:ControlsStateChangeOf,reactome:ProteinReference8652
reactome:ProteinReference6621,abstraction:ControlsStateChangeOf,reactome:ProteinReference6617
reactome:ProteinReference932,abstraction:ControlsStateChangeOf,reactome:ProteinReference910
reactome:ProteinReference1815,abstraction:ControlsStateChangeOf,reactome:ProteinReference7846
reactome:ProteinReference5633,abstraction:ControlsStateChangeOf,reactome:ProteinReference5634
reactome:ProteinReference6780,abstraction:ControlsStateChangeOf,reactome:ProteinReference8309
reactome:ProteinReference780,abstraction:ControlsStateChangeOf,reactome:ProteinReference8651
reactome:ProteinReference833,abstraction:ControlsStateChangeOf,reactome:ProteinReference876
reactome:ProteinReference4660,abstraction:ControlsStateChangeOf,reactome:ProteinReference8148
reactome:ProteinReference104,abstraction:ControlsStateChangeOf,reactome:ProteinReference8286
reactome:ProteinReference5615,abstraction:ControlsStateChangeOf,reactome:ProteinReference6711
reactome:ProteinReference6184,abstraction:ControlsStateChangeOf,reactome:ProteinReference2098
reactome:ProteinReference5796,abstraction:ControlsStateChangeOf,reactome:ProteinReference9468
reactome:ProteinReference9031,abstraction:ControlsStateChangeOf,reactome:ProteinReference4523
reactome:ProteinReference5963,abstraction:ControlsStateChangeOf,reactome:ProteinReference10598
reactome:ProteinReference907,abstraction:ControlsStateChangeOf,reactome:ProteinReference908
reactome:ProteinReference5294,abstraction:ControlsStateChangeOf,reactome:ProteinReference5242
reactome:ProteinReference5963,abstraction:ControlsStateChangeOf,reactome:ProteinReference4611
reactome:ProteinReference4497,abstraction:ControlsStateChangeOf,reactome:ProteinReference4690
reactome:ProteinReference8995,abstraction:ControlsStateChangeOf,reactome:ProteinReference5242
reactome:ProteinReference6101,abstraction:ControlsStateChangeOf,reactome:ProteinReference4528
reactome:ProteinReference4342,abstraction:ControlsStateChangeOf,reactome:ProteinReference4315
reactome:ProteinReference810,abstraction:ControlsStateChangeOf,reactome:ProteinReference6167
reactome:ProteinReference4517,abstraction:ControlsStateChangeOf,reactome:ProteinReference4525
reactome:ProteinReference10953,abstraction:ControlsStateChangeOf,reactome:ProteinReference10978
reactome:ProteinReference6154,abstraction:ControlsStateChangeOf,reactome:ProteinReference6401
reactome:ProteinReference659,abstraction:ControlsStateChangeOf,reactome:ProteinReference3573
reactome:ProteinReference4660,abstraction:ControlsStateChangeOf,reactome:ProteinReference11326
reactome:ProteinReference4301,abstraction:ControlsStateChangeOf,reactome:ProteinReference4299
reactome:ProteinReference9029,abstraction:ControlsStateChangeOf,reactome:ProteinReference4530
reactome:ProteinReference4045,abstraction:ControlsStateChangeOf,reactome:ProteinReference3996
reactome:ProteinReference5963,abstraction:ControlsStateChangeOf,reactome:ProteinReference6278
reactome:ProteinReference7742,abstraction:ControlsStateChangeOf,reactome:ProteinReference9748
reactome:ProteinReference9030,abstraction:ControlsStateChangeOf,reactome:ProteinReference4458
reactome:ProteinReference5222,abstraction:ControlsStateChangeOf,reactome:ProteinReference10971
reactome:ProteinReference881,abstraction:ControlsStateChangeOf,reactome:ProteinReference874
reactome:ProteinReference4347,abstraction:ControlsStateChangeOf,reactome:ProteinReference4303
reactome:ProteinReference4643,abstraction:ControlsStateChangeOf,reactome:ProteinReference2053
reactome:ProteinReference7847,abstraction:ControlsStateChangeOf,reactome:ProteinReference1021
reactome:ProteinReference3337,abstraction:ControlsStateChangeOf,reactome:ProteinReference4527
reactome:ProteinReference4397,abstraction:ControlsStateChangeOf,reactome:ProteinReference4424
reactome:ProteinReference5224,abstraction:ControlsStateChangeOf,reactome:ProteinReference10953
reactome:ProteinReference787,abstraction:ControlsStateChangeOf,reactome:ProteinReference8646
reactome:ProteinReference3620,abstraction:ControlsStateChangeOf,reactome:ProteinReference6780
reactome:ProteinReference5063,abstraction:ControlsStateChangeOf,reactome:ProteinReference8907
reactome:ProteinReference3585,abstraction:ControlsStateChangeOf,reactome:ProteinReference7326
reactome:ProteinReference4070,abstraction:ControlsStateChangeOf,reactome:ProteinReference4314
reactome:ProteinReference5250,abstraction:ControlsStateChangeOf,reactome:ProteinReference5050
reactome:ProteinReference4563,abstraction:ControlsStateChangeOf,reactome:ProteinReference5243
reactome:ProteinReference4659,abstraction:ControlsStateChangeOf,reactome:ProteinReference5396
reactome:ProteinReference8383,abstraction:ControlsStateChangeOf,reactome:ProteinReference6254
reactome:ProteinReference774,abstraction:ControlsStateChangeOf,reactome:ProteinReference4445
reactome:ProteinReference6028,abstraction:ControlsStateChangeOf,reactome:ProteinReference4630
reactome:ProteinReference4916,abstraction:ControlsStateChangeOf,reactome:ProteinReference4611
reactome:ProteinReference6854,abstraction:ControlsStateChangeOf,reactome:ProteinReference11256
reactome:ProteinReference799,abstraction:ControlsStateChangeOf,reactome:ProteinReference4440
reactome:ProteinReference7724,abstraction:ControlsStateChangeOf,reactome:ProteinReference4523
reactome:ProteinReference5294,abstraction:ControlsStateChangeOf,reactome:ProteinReference4458
reactome:ProteinReference966,abstraction:ControlsStateChangeOf,reactome:ProteinReference922
reactome:ProteinReference6452,abstraction:ControlsStateChangeOf,reactome:ProteinReference6092
reactome:ProteinReference7516,abstraction:ControlsStateChangeOf,reactome:ProteinReference7509
reactome:ProteinReference8443,abstraction:ControlsStateChangeOf,reactome:ProteinReference8532
reactome:ProteinReference800,abstraction:ControlsStateChangeOf,reactome:ProteinReference4387
reactome:ProteinReference918,abstraction:ControlsStateChangeOf,reactome:ProteinReference914
reactome:ProteinReference1438,abstraction:ControlsStateChangeOf,reactome:ProteinReference6932
reactome:ProteinReference935,abstraction:ControlsStateChangeOf,reactome:ProteinReference914
reactome:ProteinReference4531,abstraction:ControlsStateChangeOf,reactome:ProteinReference4520
reactome:ProteinReference4697,abstraction:ControlsStateChangeOf,reactome:ProteinReference5243
reactome:ProteinReference4659,abstraction:ControlsStateChangeOf,reactome:ProteinReference11329
reactome:ProteinReference9084,abstraction:ControlsStateChangeOf,reactome:ProteinReference4521
reactome:ProteinReference771,abstraction:ControlsStateChangeOf,reactome:ProteinReference2834
reactome:ProteinReference4370,abstraction:ControlsStateChangeOf,reactome:ProteinReference4367
reactome:ProteinReference5785,abstraction:ControlsStateChangeOf,reactome:ProteinReference7750
reactome:ProteinReference659,abstraction:ControlsStateChangeOf,reactome:ProteinReference3931
reactome:ProteinReference6757,abstraction:ControlsStateChangeOf,reactome:ProteinReference6135
reactome:ProteinReference3100,abstraction:ControlsStateChangeOf,reactome:ProteinReference6103
reactome:ProteinReference9872,abstraction:ControlsStateChangeOf,reactome:ProteinReference5423
reactome:ProteinReference3726,abstraction:ControlsStateChangeOf,reactome:ProteinReference3598
reactome:ProteinReference4516,abstraction:ControlsStateChangeOf,reactome:ProteinReference4520
reactome:ProteinReference1839,abstraction:ControlsStateChangeOf,reactome:ProteinReference1870
reactome:ProteinReference8107,abstraction:ControlsStateChangeOf,reactome:ProteinReference5423
reactome:ProteinReference928,abstraction:ControlsStateChangeOf,reactome:ProteinReference917
reactome:ProteinReference9031,abstraction:ControlsStateChangeOf,reactome:ProteinReference4458
reactome:ProteinReference1224,abstraction:ControlsStateChangeOf,reactome:ProteinReference6034
reactome:ProteinReference6040,abstraction:ControlsStateChangeOf,reactome:ProteinReference503
reactome:ProteinReference9034,abstraction:ControlsStateChangeOf,reactome:ProteinReference4528
reactome:ProteinReference665,abstraction:ControlsStateChangeOf,reactome:ProteinReference6243
reactome:ProteinReference5115,abstraction:ControlsStateChangeOf,reactome:ProteinReference1773
reactome:ProteinReference9134,abstraction:ControlsStateChangeOf,reactome:ProteinReference9135
reactome:ProteinReference798,abstraction:ControlsStateChangeOf,reactome:ProteinReference4445
reactome:ProteinReference6161,abstraction:ControlsStateChangeOf,reactome:ProteinReference4557
reactome:ProteinReference4894,abstraction:ControlsStateChangeOf,reactome:ProteinReference4887
reactome:ProteinReference4488,abstraction:ControlsStateChangeOf,reactome:ProteinReference5031
reactome:ProteinReference8999,abstraction:ControlsStateChangeOf,reactome:ProteinReference5243
reactome:ProteinReference7563,abstraction:ControlsStateChangeOf,reactome:ProteinReference7333
reactome:ProteinReference5168,abstraction:ControlsStateChangeOf,reactome:ProteinReference4588
reactome:ProteinReference2018,abstraction:ControlsStateChangeOf,reactome:ProteinReference1966
reactome:ProteinReference7088,abstraction:ControlsStateChangeOf,reactome:ProteinReference7087
reactome:ProteinReference3850,abstraction:ControlsStateChangeOf,reactome:ProteinReference5031
reactome:ProteinReference5964,abstraction:ControlsStateChangeOf,reactome:ProteinReference6290
reactome:ProteinReference7986,abstraction:ControlsStateChangeOf,reactome:ProteinReference10978
reactome:ProteinReference3836,abstraction:ControlsStateChangeOf,reactome:ProteinReference4582
reactome:ProteinReference6566,abstraction:ControlsStateChangeOf,reactome:ProteinReference6565
reactome:ProteinReference918,abstraction:ControlsStateChangeOf,reactome:ProteinReference910
reactome:ProteinReference4348,abstraction:ControlsStateChangeOf,reactome:ProteinReference4315
reactome:ProteinReference783,abstraction:ControlsStateChangeOf,reactome:ProteinReference4445
reactome:ProteinReference8777,abstraction:ControlsStateChangeOf,reactome:ProteinReference8778
reactome:ProteinReference800,abstraction:ControlsStateChangeOf,reactome:ProteinReference8741
reactome:ProteinReference1859,abstraction:ControlsStateChangeOf,reactome:ProteinReference1824
reactome:ProteinReference5589,abstraction:ControlsStateChangeOf,reactome:ProteinReference1013
reactome:ProteinReference798,abstraction:ControlsStateChangeOf,reactome:ProteinReference4440
reactome:ProteinReference791,abstraction:ControlsStateChangeOf,reactome:ProteinReference4387
reactome:ProteinReference1885,abstraction:ControlsStateChangeOf,reactome:ProteinReference1868
reactome:ProteinReference1736,abstraction:ControlsStateChangeOf,reactome:ProteinReference4438
reactome:ProteinReference781,abstraction:ControlsStateChangeOf,reactome:ProteinReference8651
reactome:ProteinReference957,abstraction:ControlsStateChangeOf,reactome:ProteinReference917
reactome:ProteinReference936,abstraction:ControlsStateChangeOf,reactome:ProteinReference910
reactome:ProteinReference3217,abstraction:ControlsStateChangeOf,reactome:ProteinReference7587
reactome:ProteinReference11117,abstraction:ControlsStateChangeOf,reactome:ProteinReference11154
reactome:ProteinReference928,abstraction:ControlsStateChangeOf,reactome:ProteinReference912
reactome:ProteinReference4413,abstraction:ControlsStateChangeOf,reactome:ProteinReference6092
reactome:ProteinReference9008,abstraction:ControlsStateChangeOf,reactome:ProteinReference5243
reactome:ProteinReference5443,abstraction:ControlsStateChangeOf,reactome:ProteinReference6710
reactome:ProteinReference1769,abstraction:ControlsStateChangeOf,reactome:ProteinReference3096
reactome:ProteinReference4516,abstraction:ControlsStateChangeOf,reactome:ProteinReference4526
reactome:ProteinReference6161,abstraction:ControlsStateChangeOf,reactome:ProteinReference4458
reactome:ProteinReference4267,abstraction:ControlsStateChangeOf,reactome:ProteinReference3512
reactome:ProteinReference4045,abstraction:ControlsStateChangeOf,reactome:ProteinReference2251
reactome:ProteinReference1437,abstraction:ControlsStateChangeOf,reactome:ProteinReference1021
reactome:ProteinReference783,abstraction:ControlsStateChangeOf,reactome:ProteinReference4440
reactome:ProteinReference4400,abstraction:ControlsStateChangeOf,reactome:ProteinReference4424
reactome:ProteinReference1297,abstraction:ControlsStateChangeOf,reactome:ProteinReference8907
reactome:ProteinReference9084,abstraction:ControlsStateChangeOf,reactome:ProteinReference4523
reactome:ProteinReference810,abstraction:ControlsStateChangeOf,reactome:ProteinReference6168
reactome:ProteinReference4732,abstraction:ControlsStateChangeOf,reactome:ProteinReference6091
reactome:ProteinReference7453,abstraction:ControlsStateChangeOf,reactome:ProteinReference7451
reactome:ProteinReference9027,abstraction:ControlsStateChangeOf,reactome:ProteinReference4522
reactome:ProteinReference930,abstraction:ControlsStateChangeOf,reactome:ProteinReference916
reactome:ProteinReference5147,abstraction:ControlsStateChangeOf,reactome:ProteinReference1083
reactome:ProteinReference1061,abstraction:ControlsStateChangeOf,reactome:ProteinReference4560
reactome:ProteinReference5843,abstraction:ControlsStateChangeOf,reactome:ProteinReference6711
reactome:ProteinReference357,abstraction:ControlsStateChangeOf,reactome:ProteinReference6710
reactome:ProteinReference6172,abstraction:ControlsStateChangeOf,reactome:ProteinReference5040
reactome:ProteinReference8181,abstraction:ControlsStateChangeOf,reactome:ProteinReference4630
reactome:ProteinReference3935,abstraction:ControlsStateChangeOf,reactome:ProteinReference3933
reactome:ProteinReference5828,abstraction:ControlsStateChangeOf,reactome:ProteinReference6711
reactome:ProteinReference790,abstraction:ControlsStateChangeOf,reactome:ProteinReference8741
reactome:ProteinReference1761,abstraction:ControlsStateChangeOf,reactome:ProteinReference1799
reactome:ProteinReference5829,abstraction:ControlsStateChangeOf,reactome:ProteinReference9468
reactome:ProteinReference811,abstraction:ControlsStateChangeOf,reactome:ProteinReference6167
reactome:ProteinReference6027,abstraction:ControlsStateChangeOf,reactome:ProteinReference5030
reactome:ProteinReference5522,abstraction:ControlsStateChangeOf,reactome:ProteinReference10978
reactome:ProteinReference5786,abstraction:ControlsStateChangeOf,reactome:ProteinReference7750
reactome:ProteinReference957,abstraction:ControlsStateChangeOf,reactome:ProteinReference912
reactome:ProteinReference1160,abstraction:ControlsStateChangeOf,reactome:ProteinReference2098
reactome:ProteinReference5291,abstraction:ControlsStateChangeOf,reactome:ProteinReference10645
reactome:ProteinReference5224,abstraction:ControlsStateChangeOf,reactome:ProteinReference10971
reactome:ProteinReference1068,abstraction:ControlsStateChangeOf,reactome:ProteinReference4458
reactome:ProteinReference4554,abstraction:ControlsStateChangeOf,reactome:ProteinReference10645
reactome:ProteinReference1438,abstraction:ControlsStateChangeOf,reactome:ProteinReference1435
reactome:ProteinReference6633,abstraction:ControlsStateChangeOf,reactome:ProteinReference6622
reactome:ProteinReference11114,abstraction:ControlsStateChangeOf,reactome:ProteinReference11117
reactome:ProteinReference4848,abstraction:ControlsStateChangeOf,reactome:ProteinReference48
reactome:ProteinReference786,abstraction:ControlsStateChangeOf,reactome:ProteinReference8741
reactome:ProteinReference1815,abstraction:ControlsStateChangeOf,reactome:ProteinReference6579
reactome:ProteinReference2033,abstraction:ControlsStateChangeOf,reactome:ProteinReference1966
reactome:ProteinReference10971,abstraction:ControlsStateChangeOf,reactome:ProteinReference10978
reactome:ProteinReference9027,abstraction:ControlsStateChangeOf,reactome:ProteinReference4521
reactome:ProteinReference9076,abstraction:ControlsStateChangeOf,reactome:ProteinReference4458
reactome:ProteinReference8984,abstraction:ControlsStateChangeOf,reactome:ProteinReference5243
reactome:ProteinReference4376,abstraction:ControlsStateChangeOf,reactome:ProteinReference4422
reactome:ProteinReference10379,abstraction:ControlsStateChangeOf,reactome:ProteinReference4611
reactome:ProteinReference9000,abstraction:ControlsStateChangeOf,reactome:ProteinReference5243
reactome:ProteinReference775,abstraction:ControlsStateChangeOf,reactome:ProteinReference4445
reactome:ProteinReference4884,abstraction:ControlsStateChangeOf,reactome:ProteinReference4611
reactome:ProteinReference7089,abstraction:ControlsStateChangeOf,reactome:ProteinReference7087
reactome:ProteinReference884,abstraction:ControlsStateChangeOf,reactome:ProteinReference879
reactome:ProteinReference6617,abstraction:ControlsStateChangeOf,reactome:ProteinReference2039
reactome:ProteinReference4566,abstraction:ControlsStateChangeOf,reactome:ProteinReference4525
reactome:ProteinReference932,abstraction:ControlsStateChangeOf,reactome:ProteinReference911
reactome:ProteinReference3603,abstraction:ControlsStateChangeOf,reactome:ProteinReference595
reactome:ProteinReference5796,abstraction:ControlsStateChangeOf,reactome:ProteinReference6711
reactome:ProteinReference3562,abstraction:ControlsStateChangeOf,reactome:ProteinReference1083
reactome:ProteinReference4671,abstraction:ControlsStateChangeOf,reactome:ProteinReference6088
reactome:ProteinReference8102,abstraction:ControlsStateChangeOf,reactome:ProteinReference12139
reactome:ProteinReference5424,abstraction:ControlsStateChangeOf,reactome:ProteinReference5456
reactome:ProteinReference6893,abstraction:ControlsStateChangeOf,reactome:ProteinReference7509
reactome:ProteinReference3725,abstraction:ControlsStateChangeOf,reactome:ProteinReference8889
reactome:ProteinReference789,abstraction:ControlsStateChangeOf,reactome:ProteinReference4387
reactome:ProteinReference9084,abstraction:ControlsStateChangeOf,reactome:ProteinReference4458
reactome:ProteinReference944,abstraction:ControlsStateChangeOf,reactome:ProteinReference911
reactome:ProteinReference9033,abstraction:ControlsStateChangeOf,reactome:ProteinReference4526
reactome:ProteinReference3725,abstraction:ControlsStateChangeOf,reactome:ProteinReference5132
reactome:ProteinReference1501,abstraction:ControlsStateChangeOf,reactome:ProteinReference4387
reactome:ProteinReference3336,abstraction:ControlsStateChangeOf,reactome:ProteinReference4530
reactome:ProteinReference4348,abstraction:ControlsStateChangeOf,reactome:ProteinReference4320
reactome:ProteinReference6651,abstraction:ControlsStateChangeOf,reactome:ProteinReference1740
reactome:ProteinReference6853,abstraction:ControlsStateChangeOf,reactome:ProteinReference11256
reactome:ProteinReference793,abstraction:ControlsStateChangeOf,reactome:ProteinReference8651
reactome:ProteinReference4512,abstraction:ControlsStateChangeOf,reactome:ProteinReference4458
reactome:ProteinReference5480,abstraction:ControlsStateChangeOf,reactome:ProteinReference7631
reactome:ProteinReference3728,abstraction:ControlsStateChangeOf,reactome:ProteinReference1773
reactome:ProteinReference6099,abstraction:ControlsStateChangeOf,reactome:ProteinReference5243
reactome:ProteinReference6639,abstraction:ControlsStateChangeOf,reactome:ProteinReference619
reactome:ProteinReference4569,abstraction:ControlsStateChangeOf,reactome:ProteinReference5242
reactome:ProteinReference361,abstraction:ControlsStateChangeOf,reactome:ProteinReference6878
reactome:ProteinReference7463,abstraction:ControlsStateChangeOf,reactome:ProteinReference8092
reactome:ProteinReference1437,abstraction:ControlsStateChangeOf,reactome:ProteinReference3598
reactome:ProteinReference3451,abstraction:ControlsStateChangeOf,reactome:ProteinReference3622
reactome:ProteinReference796,abstraction:ControlsStateChangeOf,reactome:ProteinReference2834
reactome:ProteinReference9032,abstraction:ControlsStateChangeOf,reactome:ProteinReference4524
reactome:ProteinReference964,abstraction:ControlsStateChangeOf,reactome:ProteinReference922
reactome:ProteinReference3336,abstraction:ControlsStateChangeOf,reactome:ProteinReference5243
reactome:ProteinReference782,abstraction:ControlsStateChangeOf,reactome:ProteinReference2834
reactome:ProteinReference5853,abstraction:ControlsStateChangeOf,reactome:ProteinReference9468
reactome:ProteinReference7939,abstraction:ControlsStateChangeOf,reactome:ProteinReference9945
reactome:ProteinReference4372,abstraction:ControlsStateChangeOf,reactome:ProteinReference1065
reactome:ProteinReference10975,abstraction:ControlsStateChangeOf,reactome:ProteinReference10978
reactome:ProteinReference6846,abstraction:ControlsStateChangeOf,reactome:ProteinReference10978
reactome:ProteinReference9027,abstraction:ControlsStateChangeOf,reactome:ProteinReference4523
reactome:ProteinReference5599,abstraction:ControlsStateChangeOf,reactome:ProteinReference503
reactome:ProteinReference5522,abstraction:ControlsStateChangeOf,reactome:ProteinReference7750
reactome:ProteinReference794,abstraction:ControlsStateChangeOf,reactome:ProteinReference8649
reactome:ProteinReference789,abstraction:ControlsStateChangeOf,reactome:ProteinReference8741
reactome:ProteinReference9030,abstraction:ControlsStateChangeOf,reactome:ProteinReference4524
reactome:ProteinReference5815,abstraction:ControlsStateChangeOf,reactome:ProteinReference7750
reactome:ProteinReference4841,abstraction:ControlsStateChangeOf,reactome:ProteinReference2447
reactome:ProteinReference5788,abstraction:ControlsStateChangeOf,reactome:ProteinReference9468
reactome:ProteinReference934,abstraction:ControlsStateChangeOf,reactome:ProteinReference922
reactome:ProteinReference4045,abstraction:ControlsStateChangeOf,reactome:ProteinReference4010
reactome:ProteinReference916,abstraction:ControlsStateChangeOf,reactome:ProteinReference910
reactome:ProteinReference4073,abstraction:ControlsStateChangeOf,reactome:ProteinReference4313
reactome:ProteinReference7517,abstraction:ControlsStateChangeOf,reactome:ProteinReference7511
reactome:ProteinReference2421,abstraction:ControlsStateChangeOf,reactome:ProteinReference2422
reactome:ProteinReference9026,abstraction:ControlsStateChangeOf,reactome:ProteinReference4528
reactome:ProteinReference7516,abstraction:ControlsStateChangeOf,reactome:ProteinReference7510
reactome:ProteinReference6780,abstraction:ControlsStateChangeOf,reactome:ProteinReference6175
reactome:ProteinReference4532,abstraction:ControlsStateChangeOf,reactome:ProteinReference4525
reactome:ProteinReference770,abstraction:ControlsStateChangeOf,reactome:ProteinReference4440
reactome:ProteinReference9086,abstraction:ControlsStateChangeOf,reactome:ProteinReference4522
reactome:ProteinReference3985,abstraction:ControlsStateChangeOf,reactome:ProteinReference3979
reactome:ProteinReference659,abstraction:ControlsStateChangeOf,reactome:ProteinReference3463
reactome:ProteinReference788,abstraction:ControlsStateChangeOf,reactome:ProteinReference8649
reactome:ProteinReference810,abstraction:ControlsStateChangeOf,reactome:ProteinReference1815
reactome:ProteinReference9846,abstraction:ControlsStateChangeOf,reactome:ProteinReference1012
reactome:ProteinReference908,abstraction:ControlsStateChangeOf,reactome:ProteinReference913
reactome:ProteinReference911,abstraction:ControlsStateChangeOf,reactome:ProteinReference913
reactome:ProteinReference1872,abstraction:ControlsStateChangeOf,reactome:ProteinReference1870
reactome:ProteinReference2096,abstraction:ControlsStateChangeOf,reactome:ProteinReference2095
reactome:ProteinReference4504,abstraction:ControlsStateChangeOf,reactome:ProteinReference4524
reactome:ProteinReference433,abstraction:ControlsStateChangeOf,reactome:ProteinReference7511
reactome:ProteinReference434,abstraction:ControlsStateChangeOf,reactome:ProteinReference429
reactome:ProteinReference4302,abstraction:ControlsStateChangeOf,reactome:ProteinReference4276
reactome:ProteinReference779,abstraction:ControlsStateChangeOf,reactome:ProteinReference4440
reactome:ProteinReference811,abstraction:ControlsStateChangeOf,reactome:ProteinReference6168
reactome:ProteinReference7346,abstraction:ControlsStateChangeOf,reactome:ProteinReference6092
reactome:ProteinReference4073,abstraction:ControlsStateChangeOf,reactome:ProteinReference4307
reactome:ProteinReference790,abstraction:ControlsStateChangeOf,reactome:ProteinReference8652
reactome:ProteinReference4103,abstraction:ControlsStateChangeOf,reactome:ProteinReference6932
reactome:ProteinReference772,abstraction:ControlsStateChangeOf,reactome:ProteinReference4387
reactome:ProteinReference4493,abstraction:ControlsStateChangeOf,reactome:ProteinReference6088
reactome:ProteinReference8619,abstraction:ControlsStateChangeOf,reactome:ProteinReference7740
reactome:ProteinReference4321,abstraction:ControlsStateChangeOf,reactome:ProteinReference8797
reactome:ProteinReference659,abstraction:ControlsStateChangeOf,reactome:ProteinReference3569
reactome:ProteinReference5730,abstraction:ControlsStateChangeOf,reactome:ProteinReference5964
reactome:ProteinReference4454,abstraction:ControlsStateChangeOf,reactome:ProteinReference4453
reactome:ProteinReference4513,abstraction:ControlsStateChangeOf,reactome:ProteinReference4528
reactome:ProteinReference4533,abstraction:ControlsStateChangeOf,reactome:ProteinReference4524
reactome:ProteinReference1736,abstraction:ControlsStateChangeOf,reactome:ProteinReference4491
reactome:ProteinReference932,abstraction:ControlsStateChangeOf,reactome:ProteinReference907
reactome:ProteinReference930,abstraction:ControlsStateChangeOf,reactome:ProteinReference915
reactome:ProteinReference5843,abstraction:ControlsStateChangeOf,reactome:ProteinReference7750
reactome:ProteinReference6618,abstraction:ControlsStateChangeOf,reactome:ProteinReference1863
reactome:ProteinReference7258,abstraction:ControlsStateChangeOf,reactome:ProteinReference6439
reactome:ProteinReference4617,abstraction:ControlsStateChangeOf,reactome:ProteinReference6091
reactome:ProteinReference4347,abstraction:ControlsStateChangeOf,reactome:ProteinReference4320
reactome:ProteinReference786,abstraction:ControlsStateChangeOf,reactome:ProteinReference8652
reactome:ProteinReference4504,abstraction:ControlsStateChangeOf,reactome:ProteinReference4529
reactome:ProteinReference8997,abstraction:ControlsStateChangeOf,reactome:ProteinReference5243
reactome:ProteinReference5828,abstraction:ControlsStateChangeOf,reactome:ProteinReference7750
reactome:ProteinReference4404,abstraction:ControlsStateChangeOf,reactome:ProteinReference4490
reactome:ProteinReference9086,abstraction:ControlsStateChangeOf,reactome:ProteinReference4521
reactome:ProteinReference3603,abstraction:ControlsStateChangeOf,reactome:ProteinReference8051
reactome:ProteinReference799,abstraction:ControlsStateChangeOf,reactome:ProteinReference8741
reactome:ProteinReference3947,abstraction:ControlsStateChangeOf,reactome:ProteinReference3144
reactome:ProteinReference944,abstraction:ControlsStateChangeOf,reactome:ProteinReference907
reactome:ProteinReference9120,abstraction:ControlsStateChangeOf,reactome:ProteinReference5595
reactome:ProteinReference928,abstraction:ControlsStateChangeOf,reactome:ProteinReference919
reactome:ProteinReference3726,abstraction:ControlsStateChangeOf,reactome:ProteinReference1773
reactome:ProteinReference6453,abstraction:ControlsStateChangeOf,reactome:ProteinReference6092
reactome:ProteinReference4342,abstraction:ControlsStateChangeOf,reactome:ProteinReference4316
reactome:ProteinReference1736,abstraction:ControlsStateChangeOf,reactome:ProteinReference2850
reactome:ProteinReference357,abstraction:ControlsStateChangeOf,reactome:ProteinReference1773
reactome:ProteinReference810,abstraction:ControlsStateChangeOf,reactome:ProteinReference1804
reactome:ProteinReference931,abstraction:ControlsStateChangeOf,reactome:ProteinReference922
reactome:ProteinReference6617,abstraction:ControlsStateChangeOf,reactome:ProteinReference1901
reactome:ProteinReference4533,abstraction:ControlsStateChangeOf,reactome:ProteinReference4529
reactome:ProteinReference790,abstraction:ControlsStateChangeOf,reactome:ProteinReference4455
reactome:ProteinReference9381,abstraction:ControlsStateChangeOf,reactome:ProteinReference3891
reactome:ProteinReference967,abstraction:ControlsStateChangeOf,reactome:ProteinReference921
reactome:ProteinReference9027,abstraction:ControlsStateChangeOf,reactome:ProteinReference4458
reactome:ProteinReference8788,abstraction:ControlsStateChangeOf,reactome:ProteinReference8964
reactome:ProteinReference936,abstraction:ControlsStateChangeOf,reactome:ProteinReference911
reactome:ProteinReference935,abstraction:ControlsStateChangeOf,reactome:ProteinReference909
reactome:ProteinReference784,abstraction:ControlsStateChangeOf,reactome:ProteinReference798
reactome:ProteinReference929,abstraction:ControlsStateChangeOf,reactome:ProteinReference925
reactome:ProteinReference4554,abstraction:ControlsStateChangeOf,reactome:ProteinReference10643
reactome:ProteinReference5660,abstraction:ControlsStateChangeOf,reactome:ProteinReference6679
reactome:ProteinReference786,abstraction:ControlsStateChangeOf,reactome:ProteinReference4455
reactome:ProteinReference6041,abstraction:ControlsStateChangeOf,reactome:ProteinReference7863
reactome:ProteinReference664,abstraction:ControlsStateChangeOf,reactome:ProteinReference6274
reactome:ProteinReference4548,abstraction:ControlsStateChangeOf,reactome:ProteinReference10643
reactome:ProteinReference8822,abstraction:ControlsStateChangeOf,reactome:ProteinReference6091
reactome:ProteinReference8247,abstraction:ControlsStateChangeOf,reactome:ProteinReference6817
reactome:ProteinReference8102,abstraction:ControlsStateChangeOf,reactome:ProteinReference12141
reactome:ProteinReference955,abstraction:ControlsStateChangeOf,reactome:ProteinReference909
reactome:ProteinReference768,abstraction:ControlsStateChangeOf,reactome:ProteinReference8646
reactome:ProteinReference1736,abstraction:ControlsStateChangeOf,reactome:ProteinReference11256
reactome:ProteinReference6617,abstraction:ControlsStateChangeOf,reactome:ProteinReference314
reactome:ProteinReference1772,abstraction:ControlsStateChangeOf,reactome:ProteinReference1773
reactome:ProteinReference6041,abstraction:ControlsStateChangeOf,reactome:ProteinReference8183
reactome:ProteinReference4850,abstraction:ControlsStateChangeOf,reactome:ProteinReference104
reactome:ProteinReference7563,abstraction:ControlsStateChangeOf,reactome:ProteinReference7329
reactome:ProteinReference781,abstraction:ControlsStateChangeOf,reactome:ProteinReference4470
reactome:ProteinReference5796,abstraction:ControlsStateChangeOf,reactome:ProteinReference7750
reactome:ProteinReference4548,abstraction:ControlsStateChangeOf,reactome:ProteinReference10644
reactome:ProteinReference1736,abstraction:ControlsStateChangeOf,reactome:ProteinReference4442
reactome:ProteinReference5565,abstraction:ControlsStateChangeOf,reactome:ProteinReference1815
reactome:ProteinReference360,abstraction:ControlsStateChangeOf,reactome:ProteinReference6878
reactome:ProteinReference3603,abstraction:ControlsStateChangeOf,reactome:ProteinReference9940
reactome:ProteinReference8592,abstraction:ControlsStateChangeOf,reactome:ProteinReference5243
reactome:ProteinReference5829,abstraction:ControlsStateChangeOf,reactome:ProteinReference6711
reactome:ProteinReference4559,abstraction:ControlsStateChangeOf,reactome:ProteinReference10645
reactome:ProteinReference3564,abstraction:ControlsStateChangeOf,reactome:ProteinReference8964
reactome:ProteinReference6100,abstraction:ControlsStateChangeOf,reactome:ProteinReference6278
reactome:ProteinReference1737,abstraction:ControlsStateChangeOf,reactome:ProteinReference4439
reactome:ProteinReference9029,abstraction:ControlsStateChangeOf,reactome:ProteinReference4526
reactome:ProteinReference6439,abstraction:ControlsStateChangeOf,reactome:ProteinReference6679
reactome:ProteinReference10858,abstraction:ControlsStateChangeOf,reactome:ProteinReference4589
reactome:ProteinReference935,abstraction:ControlsStateChangeOf,reactome:ProteinReference918
reactome:ProteinReference448,abstraction:ControlsStateChangeOf,reactome:ProteinReference8287
reactome:ProteinReference910,abstraction:ControlsStateChangeOf,reactome:ProteinReference916
reactome:ProteinReference3949,abstraction:ControlsStateChangeOf,reactome:ProteinReference3948
reactome:ProteinReference5845,abstraction:ControlsStateChangeOf,reactome:ProteinReference9468
reactome:ProteinReference9008,abstraction:ControlsStateChangeOf,reactome:ProteinReference4520
reactome:ProteinReference104,abstraction:ControlsStateChangeOf,reactome:ProteinReference8093
reactome:ProteinReference9086,abstraction:ControlsStateChangeOf,reactome:ProteinReference4523
reactome:ProteinReference955,abstraction:ControlsStateChangeOf,reactome:ProteinReference918
reactome:ProteinReference977,abstraction:ControlsStateChangeOf,reactome:ProteinReference922
reactome:ProteinReference3728,abstraction:ControlsStateChangeOf,reactome:ProteinReference8898
reactome:ProteinReference3726,abstraction:ControlsStateChangeOf,reactome:ProteinReference8883
reactome:ProteinReference789,abstraction:ControlsStateChangeOf,reactome:ProteinReference8652
reactome:ProteinReference9081,abstraction:ControlsStateChangeOf,reactome:ProteinReference5243
reactome:ProteinReference791,abstraction:ControlsStateChangeOf,reactome:ProteinReference8651
reactome:ProteinReference780,abstraction:ControlsStateChangeOf,reactome:ProteinReference8646
reactome:ProteinReference6292,abstraction:ControlsStateChangeOf,reactome:ProteinReference6401
reactome:ProteinReference7562,abstraction:ControlsStateChangeOf,reactome:ProteinReference7337
reactome:ProteinReference1736,abstraction:ControlsStateChangeOf,reactome:ProteinReference4457
reactome:ProteinReference917,abstraction:ControlsStateChangeOf,reactome:ProteinReference914
reactome:ProteinReference9025,abstraction:ControlsStateChangeOf,reactome:ProteinReference4523
reactome:ProteinReference938,abstraction:ControlsStateChangeOf,reactome:ProteinReference917
reactome:ProteinReference3336,abstraction:ControlsStateChangeOf,reactome:ProteinReference5240
reactome:ProteinReference5004,abstraction:ControlsStateChangeOf,reactome:ProteinReference5242
reactome:ProteinReference4372,abstraction:ControlsStateChangeOf,reactome:ProteinReference4412
reactome:ProteinReference909,abstraction:ControlsStateChangeOf,reactome:ProteinReference917
reactome:ProteinReference8966,abstraction:ControlsStateChangeOf,reactome:ProteinReference10378
reactome:ProteinReference4348,abstraction:ControlsStateChangeOf,reactome:ProteinReference4316
reactome:ProteinReference794,abstraction:ControlsStateChangeOf,reactome:ProteinReference8646
reactome:ProteinReference9034,abstraction:ControlsStateChangeOf,reactome:ProteinReference4529
reactome:ProteinReference6401,abstraction:ControlsStateChangeOf,reactome:ProteinReference1800
reactome:ProteinReference5289,abstraction:ControlsStateChangeOf,reactome:ProteinReference10646
reactome:ProteinReference777,abstraction:ControlsStateChangeOf,reactome:ProteinReference2834
reactome:ProteinReference5404,abstraction:ControlsStateChangeOf,reactome:ProteinReference5242
reactome:ProteinReference8129,abstraction:ControlsStateChangeOf,reactome:ProteinReference6092
reactome:ProteinReference9009,abstraction:ControlsStateChangeOf,reactome:ProteinReference5243
reactome:ProteinReference1999,abstraction:ControlsStateChangeOf,reactome:ProteinReference1966
reactome:ProteinReference4348,abstraction:ControlsStateChangeOf,reactome:ProteinReference4319
reactome:ProteinReference4717,abstraction:ControlsStateChangeOf,reactome:ProteinReference4612
reactome:ProteinReference797,abstraction:ControlsStateChangeOf,reactome:ProteinReference4387
reactome:ProteinReference912,abstraction:ControlsStateChangeOf,reactome:ProteinReference910
reactome:ProteinReference2026,abstraction:ControlsStateChangeOf,reactome:ProteinReference1966
reactome:ProteinReference7085,abstraction:ControlsStateChangeOf,reactome:ProteinReference7084
reactome:ProteinReference4516,abstraction:ControlsStateChangeOf,reactome:ProteinReference4525
reactome:ProteinReference929,abstraction:ControlsStateChangeOf,reactome:ProteinReference920
reactome:ProteinReference10347,abstraction:ControlsStateChangeOf,reactome:ProteinReference10348
reactome:ProteinReference811,abstraction:ControlsStateChangeOf,reactome:ProteinReference1815
reactome:ProteinReference3943,abstraction:ControlsStateChangeOf,reactome:ProteinReference5757
reactome:ProteinReference967,abstraction:ControlsStateChangeOf,reactome:ProteinReference924
reactome:ProteinReference788,abstraction:ControlsStateChangeOf,reactome:ProteinReference8646
reactome:ProteinReference8985,abstraction:ControlsStateChangeOf,reactome:ProteinReference5243
reactome:ProteinReference1436,abstraction:ControlsStateChangeOf,reactome:ProteinReference6453
reactome:ProteinReference936,abstraction:ControlsStateChangeOf,reactome:ProteinReference907
reactome:ProteinReference885,abstraction:ControlsStateChangeOf,reactome:ProteinReference3512
reactome:ProteinReference365,abstraction:ControlsStateChangeOf,reactome:ProteinReference6878
reactome:ProteinReference8334,abstraction:ControlsStateChangeOf,reactome:ProteinReference6855
reactome:ProteinReference937,abstraction:ControlsStateChangeOf,reactome:ProteinReference917
reactome:ProteinReference5287,abstraction:ControlsStateChangeOf,reactome:ProteinReference10646
reactome:ProteinReference917,abstraction:ControlsStateChangeOf,reactome:ProteinReference910
reactome:ProteinReference9008,abstraction:ControlsStateChangeOf,reactome:ProteinReference4526
reactome:ProteinReference884,abstraction:ControlsStateChangeOf,reactome:ProteinReference874
reactome:ProteinReference799,abstraction:ControlsStateChangeOf,reactome:ProteinReference8652
reactome:ProteinReference1437,abstraction:ControlsStateChangeOf,reactome:ProteinReference7587
reactome:ProteinReference931,abstraction:ControlsStateChangeOf,reactome:ProteinReference907
reactome:ProteinReference9432,abstraction:ControlsStateChangeOf,reactome:ProteinReference11416
reactome:ProteinReference915,abstraction:ControlsStateChangeOf,reactome:ProteinReference910
reactome:ProteinReference929,abstraction:ControlsStateChangeOf,reactome:ProteinReference923
reactome:ProteinReference1272,abstraction:ControlsStateChangeOf,reactome:ProteinReference6932
reactome:ProteinReference3570,abstraction:ControlsStateChangeOf,reactome:ProteinReference6692
reactome:ProteinReference3943,abstraction:ControlsStateChangeOf,reactome:ProteinReference5754
reactome:ProteinReference5867,abstraction:ControlsStateChangeOf,reactome:ProteinReference9468
reactome:ProteinReference5853,abstraction:ControlsStateChangeOf,reactome:ProteinReference6711
reactome:ProteinReference3602,abstraction:ControlsStateChangeOf,reactome:ProteinReference7510
reactome:ProteinReference9044,abstraction:ControlsStateChangeOf,reactome:ProteinReference5244
reactome:ProteinReference938,abstraction:ControlsStateChangeOf,reactome:ProteinReference912
reactome:ProteinReference3847,abstraction:ControlsStateChangeOf,reactome:ProteinReference5031
reactome:ProteinReference5224,abstraction:ControlsStateChangeOf,reactome:ProteinReference6173
reactome:ProteinReference5004,abstraction:ControlsStateChangeOf,reactome:ProteinReference4458
reactome:ProteinReference7563,abstraction:ControlsStateChangeOf,reactome:ProteinReference7328
reactome:ProteinReference4342,abstraction:ControlsStateChangeOf,reactome:ProteinReference4311
reactome:ProteinReference5788,abstraction:ControlsStateChangeOf,reactome:ProteinReference6711
reactome:ProteinReference8423,abstraction:ControlsStateChangeOf,reactome:ProteinReference8402
reactome:ProteinReference6855,abstraction:ControlsStateChangeOf,reactome:ProteinReference5967
reactome:ProteinReference1818,abstraction:ControlsStateChangeOf,reactome:ProteinReference5755
reactome:ProteinReference3864,abstraction:ControlsStateChangeOf,reactome:ProteinReference4527
reactome:ProteinReference776,abstraction:ControlsStateChangeOf,reactome:ProteinReference4440
reactome:ProteinReference811,abstraction:ControlsStateChangeOf,reactome:ProteinReference1804
reactome:ProteinReference8807,abstraction:ControlsStateChangeOf,reactome:ProteinReference6850
reactome:ProteinReference4348,abstraction:ControlsStateChangeOf,reactome:ProteinReference4318
reactome:ProteinReference774,abstraction:ControlsStateChangeOf,reactome:ProteinReference798
reactome:ProteinReference9025,abstraction:ControlsStateChangeOf,reactome:ProteinReference4458
reactome:ProteinReference9028,abstraction:ControlsStateChangeOf,reactome:ProteinReference4527
reactome:ProteinReference4070,abstraction:ControlsStateChangeOf,reactome:ProteinReference4310
reactome:ProteinReference49,abstraction:ControlsStateChangeOf,reactome:ProteinReference7509
reactome:ProteinReference916,abstraction:ControlsStateChangeOf,reactome:ProteinReference911
reactome:ProteinReference5830,abstraction:ControlsStateChangeOf,reactome:ProteinReference9468
reactome:ProteinReference810,abstraction:ControlsStateChangeOf,reactome:ProteinReference6952
reactome:ProteinReference5098,abstraction:ControlsStateChangeOf,reactome:ProteinReference4146
reactome:ProteinReference4517,abstraction:ControlsStateChangeOf,reactome:ProteinReference4520
reactome:ProteinReference4690,abstraction:ControlsStateChangeOf,reactome:ProteinReference11330
reactome:ProteinReference799,abstraction:ControlsStateChangeOf,reactome:ProteinReference4455
reactome:ProteinReference1736,abstraction:ControlsStateChangeOf,reactome:ProteinReference4410
reactome:ProteinReference3728,abstraction:ControlsStateChangeOf,reactome:ProteinReference5162
reactome:ProteinReference933,abstraction:ControlsStateChangeOf,reactome:ProteinReference922
reactome:ProteinReference7640,abstraction:ControlsStateChangeOf,reactome:ProteinReference7647
reactome:ProteinReference6651,abstraction:ControlsStateChangeOf,reactome:ProteinReference1263
reactome:ProteinReference4302,abstraction:ControlsStateChangeOf,reactome:ProteinReference4280
reactome:ProteinReference6780,abstraction:ControlsStateChangeOf,reactome:ProteinReference8104
reactome:ProteinReference937,abstraction:ControlsStateChangeOf,reactome:ProteinReference912
reactome:ProteinReference1088,abstraction:ControlsStateChangeOf,reactome:ProteinReference4524
reactome:ProteinReference6617,abstraction:ControlsStateChangeOf,reactome:ProteinReference1979
reactome:ProteinReference5833,abstraction:ControlsStateChangeOf,reactome:ProteinReference9468
reactome:ProteinReference4401,abstraction:ControlsStateChangeOf,reactome:ProteinReference4490
reactome:ProteinReference9773,abstraction:ControlsStateChangeOf,reactome:ProteinReference9748
reactome:ProteinReference4404,abstraction:ControlsStateChangeOf,reactome:ProteinReference2843
reactome:ProteinReference6752,abstraction:ControlsStateChangeOf,reactome:ProteinReference5424
reactome:ProteinReference4070,abstraction:ControlsStateChangeOf,reactome:ProteinReference4317
reactome:ProteinReference8419,abstraction:ControlsStateChangeOf,reactome:ProteinReference8414
reactome:ProteinReference8538,abstraction:ControlsStateChangeOf,reactome:ProteinReference8530
reactome:ProteinReference7747,abstraction:ControlsStateChangeOf,reactome:ProteinReference5755
reactome:ProteinReference914,abstraction:ControlsStateChangeOf,reactome:ProteinReference907
reactome:ProteinReference6621,abstraction:ControlsStateChangeOf,reactome:ProteinReference5254
reactome:ProteinReference3894,abstraction:ControlsStateChangeOf,reactome:ProteinReference11288
reactome:ProteinReference6131,abstraction:ControlsStateChangeOf,reactome:ProteinReference5242
reactome:ProteinReference6161,abstraction:ControlsStateChangeOf,reactome:ProteinReference4559
reactome:ProteinReference3561,abstraction:ControlsStateChangeOf,reactome:ProteinReference5715
reactome:ProteinReference4347,abstraction:ControlsStateChangeOf,reactome:ProteinReference4319
reactome:ProteinReference6048,abstraction:ControlsStateChangeOf,reactome:ProteinReference8771
reactome:ProteinReference6039,abstraction:ControlsStateChangeOf,reactome:ProteinReference7863
reactome:ProteinReference951,abstraction:ControlsStateChangeOf,reactome:ProteinReference917
reactome:ProteinReference5222,abstraction:ControlsStateChangeOf,reactome:ProteinReference10974
reactome:ProteinReference3601,abstraction:ControlsStateChangeOf,reactome:ProteinReference7511
reactome:ProteinReference9033,abstraction:ControlsStateChangeOf,reactome:ProteinReference4525
reactome:ProteinReference1088,abstraction:ControlsStateChangeOf,reactome:ProteinReference4529
reactome:ProteinReference8922,abstraction:ControlsStateChangeOf,reactome:ProteinReference8907
reactome:ProteinReference6633,abstraction:ControlsStateChangeOf,reactome:ProteinReference6630
reactome:ProteinReference6039,abstraction:ControlsStateChangeOf,reactome:ProteinReference8183
reactome:ProteinReference2027,abstraction:ControlsStateChangeOf,reactome:ProteinReference1966
reactome:ProteinReference4396,abstraction:ControlsStateChangeOf,reactome:ProteinReference4490
reactome:ProteinReference6618,abstraction:ControlsStateChangeOf,reactome:ProteinReference5267
reactome:ProteinReference5829,abstraction:ControlsStateChangeOf,reactome:ProteinReference7750
reactome:ProteinReference9929,abstraction:ControlsStateChangeOf,reactome:ProteinReference9930
reactome:ProteinReference6048,abstraction:ControlsStateChangeOf,reactome:ProteinReference4611
reactome:ProteinReference9030,abstraction:ControlsStateChangeOf,reactome:ProteinReference4527
reactome:ProteinReference5113,abstraction:ControlsStateChangeOf,reactome:ProteinReference1834
reactome:ProteinReference783,abstraction:ControlsStateChangeOf,reactome:ProteinReference798
reactome:ProteinReference4559,abstraction:ControlsStateChangeOf,reactome:ProteinReference10643
reactome:ProteinReference5795,abstraction:ControlsStateChangeOf,reactome:ProteinReference9468
reactome:ProteinReference447,abstraction:ControlsStateChangeOf,reactome:ProteinReference7755
reactome:ProteinReference8193,abstraction:ControlsStateChangeOf,reactome:ProteinReference9368
reactome:ProteinReference770,abstraction:ControlsStateChangeOf,reactome:ProteinReference8741
reactome:ProteinReference5633,abstraction:ControlsStateChangeOf,reactome:ProteinReference5872
reactome:ProteinReference8116,abstraction:ControlsStateChangeOf,reactome:ProteinReference5983
reactome:ProteinReference5599,abstraction:ControlsStateChangeOf,reactome:ProteinReference1770
reactome:ProteinReference798,abstraction:ControlsStateChangeOf,reactome:ProteinReference4455
reactome:ProteinReference8539,abstraction:ControlsStateChangeOf,reactome:ProteinReference8373
reactome:ProteinReference7744,abstraction:ControlsStateChangeOf,reactome:ProteinReference5755
reactome:ProteinReference4518,abstraction:ControlsStateChangeOf,reactome:ProteinReference4530
reactome:ProteinReference6619,abstraction:ControlsStateChangeOf,reactome:ProteinReference6617
reactome:ProteinReference4556,abstraction:ControlsStateChangeOf,reactome:ProteinReference10645
reactome:ProteinReference351,abstraction:ControlsStateChangeOf,reactome:ProteinReference6711
reactome:ProteinReference3713,abstraction:ControlsStateChangeOf,reactome:ProteinReference8795
reactome:ProteinReference779,abstraction:ControlsStateChangeOf,reactome:ProteinReference8741
reactome:ProteinReference4348,abstraction:ControlsStateChangeOf,reactome:ProteinReference4311
reactome:ProteinReference4073,abstraction:ControlsStateChangeOf,reactome:ProteinReference4309
reactome:ProteinReference1088,abstraction:ControlsStateChangeOf,reactome:ProteinReference4553
reactome:ProteinReference3638,abstraction:ControlsStateChangeOf,reactome:ProteinReference6401
reactome:ProteinReference6439,abstraction:ControlsStateChangeOf,reactome:ProteinReference4630
reactome:ProteinReference913,abstraction:ControlsStateChangeOf,reactome:ProteinReference907
reactome:ProteinReference5294,abstraction:ControlsStateChangeOf,reactome:ProteinReference4527
reactome:ProteinReference7517,abstraction:ControlsStateChangeOf,reactome:ProteinReference7510
reactome:ProteinReference951,abstraction:ControlsStateChangeOf,reactome:ProteinReference912
reactome:ProteinReference4347,abstraction:ControlsStateChangeOf,reactome:ProteinReference4318
reactome:ProteinReference783,abstraction:ControlsStateChangeOf,reactome:ProteinReference4455
reactome:ProteinReference8183,abstraction:ControlsStateChangeOf,reactome:ProteinReference3072
reactome:ProteinReference3336,abstraction:ControlsStateChangeOf,reactome:ProteinReference4526
reactome:ProteinReference772,abstraction:ControlsStateChangeOf,reactome:ProteinReference8651
reactome:ProteinReference449,abstraction:ControlsStateChangeOf,reactome:ProteinReference1782
reactome:ProteinReference943,abstraction:ControlsStateChangeOf,reactome:ProteinReference912
reactome:ProteinReference800,abstraction:ControlsStateChangeOf,reactome:ProteinReference4470
reactome:ProteinReference4399,abstraction:ControlsStateChangeOf,reactome:ProteinReference4394
reactome:ProteinReference5821,abstraction:ControlsStateChangeOf,reactome:ProteinReference7750
reactome:ProteinReference1736,abstraction:ControlsStateChangeOf,reactome:ProteinReference4408
reactome:ProteinReference882,abstraction:ControlsStateChangeOf,reactome:ProteinReference873
reactome:ProteinReference4301,abstraction:ControlsStateChangeOf,reactome:ProteinReference4282
reactome:ProteinReference769,abstraction:ControlsStateChangeOf,reactome:ProteinReference8741
reactome:ProteinReference944,abstraction:ControlsStateChangeOf,reactome:ProteinReference916
reactome:ProteinReference9031,abstraction:ControlsStateChangeOf,reactome:ProteinReference4527
reactome:ProteinReference4402,abstraction:ControlsStateChangeOf,reactome:ProteinReference4424
reactome:ProteinReference916,abstraction:ControlsStateChangeOf,reactome:ProteinReference907
reactome:ProteinReference3098,abstraction:ControlsStateChangeOf,reactome:ProteinReference6711
reactome:ProteinReference4045,abstraction:ControlsStateChangeOf,reactome:ProteinReference4008
reactome:ProteinReference5845,abstraction:ControlsStateChangeOf,reactome:ProteinReference6711
reactome:ProteinReference5306,abstraction:ControlsStateChangeOf,reactome:ProteinReference11288
reactome:ProteinReference4549,abstraction:ControlsStateChangeOf,reactome:ProteinReference10644
reactome:ProteinReference4301,abstraction:ControlsStateChangeOf,reactome:ProteinReference3595
reactome:ProteinReference1061,abstraction:ControlsStateChangeOf,reactome:ProteinReference4552
reactome:ProteinReference4301,abstraction:ControlsStateChangeOf,reactome:ProteinReference3427
reactome:ProteinReference792,abstraction:ControlsStateChangeOf,reactome:ProteinReference8649
reactome:ProteinReference5234,abstraction:ControlsStateChangeOf,reactome:ProteinReference7750
reactome:ProteinReference4610,abstraction:ControlsStateChangeOf,reactome:ProteinReference7740
reactome:ProteinReference8245,abstraction:ControlsStateChangeOf,reactome:ProteinReference6293
reactome:ProteinReference3864,abstraction:ControlsStateChangeOf,reactome:ProteinReference4522
reactome:ProteinReference5216,abstraction:ControlsStateChangeOf,reactome:ProteinReference5050
reactome:ProteinReference5806,abstraction:ControlsStateChangeOf,reactome:ProteinReference9468
reactome:ProteinReference6235,abstraction:ControlsStateChangeOf,reactome:ProteinReference7863
reactome:ProteinReference5159,abstraction:ControlsStateChangeOf,reactome:ProteinReference1773
reactome:ProteinReference9026,abstraction:ControlsStateChangeOf,reactome:ProteinReference4529
reactome:ProteinReference933,abstraction:ControlsStateChangeOf,reactome:ProteinReference907
reactome:ProteinReference8990,abstraction:ControlsStateChangeOf,reactome:ProteinReference5242
reactome:ProteinReference3719,abstraction:ControlsStateChangeOf,reactome:ProteinReference6932
reactome:ProteinReference1772,abstraction:ControlsStateChangeOf,reactome:ProteinReference5162
reactome:ProteinReference5853,abstraction:ControlsStateChangeOf,reactome:ProteinReference7750
reactome:ProteinReference7163,abstraction:ControlsStateChangeOf,reactome:ProteinReference7107
reactome:ProteinReference3584,abstraction:ControlsStateChangeOf,reactome:ProteinReference1083
reactome:ProteinReference5711,abstraction:ControlsStateChangeOf,reactome:ProteinReference3922
reactome:ProteinReference6235,abstraction:ControlsStateChangeOf,reactome:ProteinReference8183
reactome:ProteinReference801,abstraction:ControlsStateChangeOf,reactome:ProteinReference4445
reactome:ProteinReference8539,abstraction:ControlsStateChangeOf,reactome:ProteinReference8533
reactome:ProteinReference5599,abstraction:ControlsStateChangeOf,reactome:ProteinReference6281
reactome:ProteinReference880,abstraction:ControlsStateChangeOf,reactome:ProteinReference876
reactome:ProteinReference360,abstraction:ControlsStateChangeOf,reactome:ProteinReference6710
reactome:ProteinReference5788,abstraction:ControlsStateChangeOf,reactome:ProteinReference7750
reactome:ProteinReference775,abstraction:ControlsStateChangeOf,reactome:ProteinReference798
reactome:ProteinReference9005,abstraction:ControlsStateChangeOf,reactome:ProteinReference5243
reactome:ProteinReference793,abstraction:ControlsStateChangeOf,reactome:ProteinReference8646
reactome:ProteinReference778,abstraction:ControlsStateChangeOf,reactome:ProteinReference4387
reactome:ProteinReference364,abstraction:ControlsStateChangeOf,reactome:ProteinReference6711
reactome:ProteinReference791,abstraction:ControlsStateChangeOf,reactome:ProteinReference4470
reactome:ProteinReference5264,abstraction:ControlsStateChangeOf,reactome:ProteinReference6275
reactome:ProteinReference5865,abstraction:ControlsStateChangeOf,reactome:ProteinReference9468
reactome:ProteinReference7724,abstraction:ControlsStateChangeOf,reactome:ProteinReference4527
reactome:ProteinReference4104,abstraction:ControlsStateChangeOf,reactome:ProteinReference3598
reactome:ProteinReference4514,abstraction:ControlsStateChangeOf,reactome:ProteinReference4530
reactome:ProteinReference8989,abstraction:ControlsStateChangeOf,reactome:ProteinReference5242
reactome:ProteinReference811,abstraction:ControlsStateChangeOf,reactome:ProteinReference6952
reactome:ProteinReference5786,abstraction:ControlsStateChangeOf,reactome:ProteinReference9468
reactome:ProteinReference4513,abstraction:ControlsStateChangeOf,reactome:ProteinReference4529
reactome:ProteinReference912,abstraction:ControlsStateChangeOf,reactome:ProteinReference911
reactome:ProteinReference7563,abstraction:ControlsStateChangeOf,reactome:ProteinReference7343
reactome:ProteinReference6168,abstraction:ControlsStateChangeOf,reactome:ProteinReference11259
reactome:ProteinReference801,abstraction:ControlsStateChangeOf,reactome:ProteinReference4440
reactome:ProteinReference3602,abstraction:ControlsStateChangeOf,reactome:ProteinReference10973
reactome:ProteinReference3864,abstraction:ControlsStateChangeOf,reactome:ProteinReference4521
reactome:ProteinReference6526,abstraction:ControlsStateChangeOf,reactome:ProteinReference1123
reactome:ProteinReference548,abstraction:ControlsStateChangeOf,reactome:ProteinReference3922
reactome:ProteinReference4045,abstraction:ControlsStateChangeOf,reactome:ProteinReference4003
reactome:ProteinReference4403,abstraction:ControlsStateChangeOf,reactome:ProteinReference4406
reactome:ProteinReference934,abstraction:ControlsStateChangeOf,reactome:ProteinReference916
reactome:ProteinReference3957,abstraction:ControlsStateChangeOf,reactome:ProteinReference2485
reactome:ProteinReference7502,abstraction:ControlsStateChangeOf,reactome:ProteinReference4521
reactome:ProteinReference6401,abstraction:ControlsStateChangeOf,reactome:ProteinReference6360
reactome:ProteinReference10459,abstraction:ControlsStateChangeOf,reactome:ProteinReference4643
reactome:ProteinReference7852,abstraction:ControlsStateChangeOf,reactome:ProteinReference6167
reactome:ProteinReference5867,abstraction:ControlsStateChangeOf,reactome:ProteinReference6711
reactome:ProteinReference12052,abstraction:ControlsStateChangeOf,reactome:ProteinReference7423
reactome:ProteinReference5224,abstraction:ControlsStateChangeOf,reactome:ProteinReference10974
reactome:ProteinReference6431,abstraction:ControlsStateChangeOf,reactome:ProteinReference5595
reactome:ProteinReference1735,abstraction:ControlsStateChangeOf,reactome:ProteinReference4446
reactome:ProteinReference3727,abstraction:ControlsStateChangeOf,reactome:ProteinReference5132
reactome:ProteinReference1885,abstraction:ControlsStateChangeOf,reactome:ProteinReference2652
reactome:ProteinReference9869,abstraction:ControlsStateChangeOf,reactome:ProteinReference7740
reactome:ProteinReference915,abstraction:ControlsStateChangeOf,reactome:ProteinReference911
reactome:ProteinReference4566,abstraction:ControlsStateChangeOf,reactome:ProteinReference4520
reactome:ProteinReference770,abstraction:ControlsStateChangeOf,reactome:ProteinReference8652
reactome:ProteinReference4401,abstraction:ControlsStateChangeOf,reactome:ProteinReference2843
reactome:ProteinReference8193,abstraction:ControlsStateChangeOf,reactome:ProteinReference9921
reactome:ProteinReference3098,abstraction:ControlsStateChangeOf,reactome:ProteinReference6449
reactome:ProteinReference9029,abstraction:ControlsStateChangeOf,reactome:ProteinReference4525
reactome:ProteinReference4342,abstraction:ControlsStateChangeOf,reactome:ProteinReference4303
reactome:ProteinReference6102,abstraction:ControlsStateChangeOf,reactome:ProteinReference4530
reactome:ProteinReference3729,abstraction:ControlsStateChangeOf,reactome:ProteinReference8889
reactome:ProteinReference5869,abstraction:ControlsStateChangeOf,reactome:ProteinReference9468
reactome:ProteinReference4515,abstraction:ControlsStateChangeOf,reactome:ProteinReference4530
reactome:ProteinReference795,abstraction:ControlsStateChangeOf,reactome:ProteinReference8649
reactome:ProteinReference4659,abstraction:ControlsStateChangeOf,reactome:ProteinReference11328
reactome:ProteinReference4185,abstraction:ControlsStateChangeOf,reactome:ProteinReference1669
reactome:ProteinReference5830,abstraction:ControlsStateChangeOf,reactome:ProteinReference6711
reactome:ProteinReference779,abstraction:ControlsStateChangeOf,reactome:ProteinReference8652
reactome:ProteinReference7741,abstraction:ControlsStateChangeOf,reactome:ProteinReference8563
reactome:ProteinReference7562,abstraction:ControlsStateChangeOf,reactome:ProteinReference7336
reactome:ProteinReference929,abstraction:ControlsStateChangeOf,reactome:ProteinReference917
reactome:ProteinReference5443,abstraction:ControlsStateChangeOf,reactome:ProteinReference6878
reactome:ProteinReference5405,abstraction:ControlsStateChangeOf,reactome:ProteinReference5243
reactome:ProteinReference4551,abstraction:ControlsStateChangeOf,reactome:ProteinReference10646
reactome:ProteinReference773,abstraction:ControlsStateChangeOf,reactome:ProteinReference4445
reactome:ProteinReference5833,abstraction:ControlsStateChangeOf,reactome:ProteinReference6711
reactome:ProteinReference4045,abstraction:ControlsStateChangeOf,reactome:ProteinReference4026
reactome:ProteinReference665,abstraction:ControlsStateChangeOf,reactome:ProteinReference6268
reactome:ProteinReference365,abstraction:ControlsStateChangeOf,reactome:ProteinReference6710
reactome:ProteinReference10385,abstraction:ControlsStateChangeOf,reactome:ProteinReference4611
reactome:ProteinReference4396,abstraction:ControlsStateChangeOf,reactome:ProteinReference2843
reactome:ProteinReference664,abstraction:ControlsStateChangeOf,reactome:ProteinReference663
reactome:ProteinReference797,abstraction:ControlsStateChangeOf,reactome:ProteinReference8651
reactome:ProteinReference9117,abstraction:ControlsStateChangeOf,reactome:ProteinReference5595
reactome:ProteinReference1737,abstraction:ControlsStateChangeOf,reactome:ProteinReference4493
reactome:ProteinReference787,abstraction:ControlsStateChangeOf,reactome:ProteinReference8649
reactome:ProteinReference770,abstraction:ControlsStateChangeOf,reactome:ProteinReference4455
reactome:ProteinReference4186,abstraction:ControlsStateChangeOf,reactome:ProteinReference1668
reactome:ProteinReference4466,abstraction:ControlsStateChangeOf,reactome:ProteinReference8287
reactome:ProteinReference6633,abstraction:ControlsStateChangeOf,reactome:ProteinReference2008
reactome:ProteinReference769,abstraction:ControlsStateChangeOf,reactome:ProteinReference8652
reactome:ProteinReference7461,abstraction:ControlsStateChangeOf,reactome:ProteinReference6401
reactome:ProteinReference931,abstraction:ControlsStateChangeOf,reactome:ProteinReference916
reactome:ProteinReference4616,abstraction:ControlsStateChangeOf,reactome:ProteinReference6095
reactome:ProteinReference9084,abstraction:ControlsStateChangeOf,reactome:ProteinReference4527
reactome:ProteinReference3923,abstraction:ControlsStateChangeOf,reactome:ProteinReference3929
reactome:ProteinReference779,abstraction:ControlsStateChangeOf,reactome:ProteinReference4455
reactome:ProteinReference7502,abstraction:ControlsStateChangeOf,reactome:ProteinReference4523
reactome:ProteinReference1737,abstraction:ControlsStateChangeOf,reactome:ProteinReference1053
reactome:ProteinReference9078,abstraction:ControlsStateChangeOf,reactome:ProteinReference5242
reactome:ProteinReference6101,abstraction:ControlsStateChangeOf,reactome:ProteinReference4530
reactome:ProteinReference3603,abstraction:ControlsStateChangeOf,reactome:ProteinReference8308
reactome:ProteinReference5815,abstraction:ControlsStateChangeOf,reactome:ProteinReference9468
reactome:ProteinReference789,abstraction:ControlsStateChangeOf,reactome:ProteinReference4470
reactome:ProteinReference4532,abstraction:ControlsStateChangeOf,reactome:ProteinReference4520
reactome:ProteinReference4107,abstraction:ControlsStateChangeOf,reactome:ProteinReference8795
reactome:ProteinReference944,abstraction:ControlsStateChangeOf,reactome:ProteinReference915
reactome:ProteinReference4045,abstraction:ControlsStateChangeOf,reactome:ProteinReference3994
reactome:ProteinReference5795,abstraction:ControlsStateChangeOf,reactome:ProteinReference6711
reactome:ProteinReference910,abstraction:ControlsStateChangeOf,reactome:ProteinReference908
reactome:ProteinReference5823,abstraction:ControlsStateChangeOf,reactome:ProteinReference9468
reactome:ProteinReference4347,abstraction:ControlsStateChangeOf,reactome:ProteinReference4314
reactome:ProteinReference912,abstraction:ControlsStateChangeOf,reactome:ProteinReference907
reactome:ProteinReference4558,abstraction:ControlsStateChangeOf,reactome:ProteinReference10643
reactome:ProteinReference6619,abstraction:ControlsStateChangeOf,reactome:ProteinReference10459
reactome:ProteinReference354,abstraction:ControlsStateChangeOf,reactome:ProteinReference6878
reactome:ProteinReference9008,abstraction:ControlsStateChangeOf,reactome:ProteinReference4525
reactome:ProteinReference1437,abstraction:ControlsStateChangeOf,reactome:ProteinReference6453
reactome:ProteinReference3980,abstraction:ControlsStateChangeOf,reactome:ProteinReference3979
reactome:ProteinReference6760,abstraction:ControlsStateChangeOf,reactome:ProteinReference6162
reactome:ProteinReference5589,abstraction:ControlsStateChangeOf,reactome:ProteinReference9468
reactome:ProteinReference6030,abstraction:ControlsStateChangeOf,reactome:ProteinReference5031
reactome:ProteinReference4558,abstraction:ControlsStateChangeOf,reactome:ProteinReference10644
reactome:ProteinReference4045,abstraction:ControlsStateChangeOf,reactome:ProteinReference4021
reactome:ProteinReference5223,abstraction:ControlsStateChangeOf,reactome:ProteinReference8224
reactome:ProteinReference11371,abstraction:ControlsStateChangeOf,reactome:ProteinReference1339
reactome:ProteinReference358,abstraction:ControlsStateChangeOf,reactome:ProteinReference6878
reactome:ProteinReference9032,abstraction:ControlsStateChangeOf,reactome:ProteinReference4528
reactome:ProteinReference6084,abstraction:ControlsStateChangeOf,reactome:ProteinReference6088
reactome:ProteinReference4458,abstraction:ControlsStateChangeOf,reactome:ProteinReference10646
reactome:ProteinReference659,abstraction:ControlsStateChangeOf,reactome:ProteinReference3572
reactome:ProteinReference784,abstraction:ControlsStateChangeOf,reactome:ProteinReference4440
reactome:ProteinReference4073,abstraction:ControlsStateChangeOf,reactome:ProteinReference4306
reactome:ProteinReference5401,abstraction:ControlsStateChangeOf,reactome:ProteinReference6816
reactome:ProteinReference5855,abstraction:ControlsStateChangeOf,reactome:ProteinReference9468
reactome:ProteinReference785,abstraction:ControlsStateChangeOf,reactome:ProteinReference4445
reactome:ProteinReference659,abstraction:ControlsStateChangeOf,reactome:ProteinReference3924
reactome:ProteinReference7563,abstraction:ControlsStateChangeOf,reactome:ProteinReference7332
reactome:ProteinReference6855,abstraction:ControlsStateChangeOf,reactome:ProteinReference11308
reactome:ProteinReference4497,abstraction:ControlsStateChangeOf,reactome:ProteinReference1579
reactome:ProteinReference914,abstraction:ControlsStateChangeOf,reactome:ProteinReference916
reactome:ProteinReference915,abstraction:ControlsStateChangeOf,reactome:ProteinReference907
reactome:ProteinReference6048,abstraction:ControlsStateChangeOf,reactome:ProteinReference5036
reactome:ProteinReference10974,abstraction:ControlsStateChangeOf,reactome:ProteinReference7986
reactome:ProteinReference9078,abstraction:ControlsStateChangeOf,reactome:ProteinReference4458
reactome:ProteinReference56,abstraction:ControlsStateChangeOf,reactome:ProteinReference8388
reactome:ProteinReference8994,abstraction:ControlsStateChangeOf,reactome:ProteinReference5242
reactome:ProteinReference3607,abstraction:ControlsStateChangeOf,reactome:ProteinReference5605
reactome:ProteinReference4113,abstraction:ControlsStateChangeOf,reactome:ProteinReference8773
reactome:ProteinReference5633,abstraction:ControlsStateChangeOf,reactome:ProteinReference5635
reactome:ProteinReference7746,abstraction:ControlsStateChangeOf,reactome:ProteinReference5756
reactome:ProteinReference3458,abstraction:ControlsStateChangeOf,reactome:ProteinReference6290
reactome:ProteinReference2342,abstraction:ControlsStateChangeOf,reactome:ProteinReference2340
reactome:ProteinReference928,abstraction:ControlsStateChangeOf,reactome:ProteinReference909
reactome:ProteinReference8420,abstraction:ControlsStateChangeOf,reactome:ProteinReference8414
reactome:ProteinReference7502,abstraction:ControlsStateChangeOf,reactome:ProteinReference4458
reactome:ProteinReference5826,abstraction:ControlsStateChangeOf,reactome:ProteinReference7750
reactome:ProteinReference2097,abstraction:ControlsStateChangeOf,reactome:ProteinReference2098
reactome:ProteinReference11418,abstraction:ControlsStateChangeOf,reactome:ProteinReference11417
reactome:ProteinReference4592,abstraction:ControlsStateChangeOf,reactome:ProteinReference4610
reactome:ProteinReference4504,abstraction:ControlsStateChangeOf,reactome:ProteinReference4528
reactome:ProteinReference3459,abstraction:ControlsStateChangeOf,reactome:ProteinReference5508
reactome:ProteinReference4301,abstraction:ControlsStateChangeOf,reactome:ProteinReference4289
reactome:ProteinReference1736,abstraction:ControlsStateChangeOf,reactome:ProteinReference4458
reactome:ProteinReference5806,abstraction:ControlsStateChangeOf,reactome:ProteinReference6711
reactome:ProteinReference934,abstraction:ControlsStateChangeOf,reactome:ProteinReference915
reactome:ProteinReference772,abstraction:ControlsStateChangeOf,reactome:ProteinReference4470
reactome:ProteinReference3601,abstraction:ControlsStateChangeOf,reactome:ProteinReference7510
reactome:ProteinReference5867,abstraction:ControlsStateChangeOf,reactome:ProteinReference7750
reactome:ProteinReference6620,abstraction:ControlsStateChangeOf,reactome:ProteinReference5254
reactome:ProteinReference10977,abstraction:ControlsStateChangeOf,reactome:ProteinReference7986
reactome:ProteinReference5507,abstraction:ControlsStateChangeOf,reactome:ProteinReference7986
reactome:ProteinReference5696,abstraction:ControlsStateChangeOf,reactome:ProteinReference5243
reactome:ProteinReference4533,abstraction:ControlsStateChangeOf,reactome:ProteinReference4528
reactome:ProteinReference10379,abstraction:ControlsStateChangeOf,reactome:ProteinReference8104
reactome:ProteinReference3603,abstraction:ControlsStateChangeOf,reactome:ProteinReference8083
reactome:ProteinReference10385,abstraction:ControlsStateChangeOf,reactome:ProteinReference10395
reactome:ProteinReference913,abstraction:ControlsStateChangeOf,reactome:ProteinReference916
reactome:ProteinReference787,abstraction:ControlsStateChangeOf,reactome:ProteinReference2834
reactome:ProteinReference6893,abstraction:ControlsStateChangeOf,reactome:ProteinReference6173
reactome:ProteinReference1736,abstraction:ControlsStateChangeOf,reactome:ProteinReference4468
reactome:ProteinReference899,abstraction:ControlsStateChangeOf,reactome:ProteinReference879
reactome:ProteinReference4301,abstraction:ControlsStateChangeOf,reactome:ProteinReference3590
reactome:ProteinReference5865,abstraction:ControlsStateChangeOf,reactome:ProteinReference6711
reactome:ProteinReference928,abstraction:ControlsStateChangeOf,reactome:ProteinReference918
reactome:ProteinReference5786,abstraction:ControlsStateChangeOf,reactome:ProteinReference6711
reactome:ProteinReference795,abstraction:ControlsStateChangeOf,reactome:ProteinReference8646
reactome:ProteinReference957,abstraction:ControlsStateChangeOf,reactome:ProteinReference909
reactome:ProteinReference9027,abstraction:ControlsStateChangeOf,reactome:ProteinReference4527
reactome:ProteinReference4045,abstraction:ControlsStateChangeOf,reactome:ProteinReference4032
reactome:ProteinReference8972,abstraction:ControlsStateChangeOf,reactome:ProteinReference6401
reactome:ProteinReference5830,abstraction:ControlsStateChangeOf,reactome:ProteinReference7750
reactome:ProteinReference1811,abstraction:ControlsStateChangeOf,reactome:ProteinReference9921
reactome:ProteinReference5635,abstraction:ControlsStateChangeOf,reactome:ProteinReference1800
reactome:ProteinReference8780,abstraction:ControlsStateChangeOf,reactome:ProteinReference6171
reactome:ProteinReference1736,abstraction:ControlsStateChangeOf,reactome:ProteinReference1058
reactome:ProteinReference5113,abstraction:ControlsStateChangeOf,reactome:ProteinReference2340
reactome:ProteinReference5833,abstraction:ControlsStateChangeOf,reactome:ProteinReference7750
reactome:ProteinReference909,abstraction:ControlsStateChangeOf,reactome:ProteinReference914
reactome:ProteinReference7868,abstraction:ControlsStateChangeOf,reactome:ProteinReference6817
reactome:ProteinReference936,abstraction:ControlsStateChangeOf,reactome:ProteinReference915
reactome:ProteinReference6617,abstraction:ControlsStateChangeOf,reactome:ProteinReference1986
reactome:ProteinReference8987,abstraction:ControlsStateChangeOf,reactome:ProteinReference5242
reactome:ProteinReference8102,abstraction:ControlsStateChangeOf,reactome:ProteinReference8093
reactome:ProteinReference4413,abstraction:ControlsStateChangeOf,reactome:ProteinReference4387
reactome:ProteinReference3336,abstraction:ControlsStateChangeOf,reactome:ProteinReference4525
reactome:ProteinReference933,abstraction:ControlsStateChangeOf,reactome:ProteinReference916
reactome:ProteinReference776,abstraction:ControlsStateChangeOf,reactome:ProteinReference8652
reactome:ProteinReference931,abstraction:ControlsStateChangeOf,reactome:ProteinReference915
reactome:ProteinReference4395,abstraction:ControlsStateChangeOf,reactome:ProteinReference4424
reactome:ProteinReference8283,abstraction:ControlsStateChangeOf,reactome:ProteinReference7817
reactome:ProteinReference1980,abstraction:ControlsStateChangeOf,reactome:ProteinReference1966
reactome:ProteinReference776,abstraction:ControlsStateChangeOf,reactome:ProteinReference798
reactome:ProteinReference957,abstraction:ControlsStateChangeOf,reactome:ProteinReference918
reactome:ProteinReference8446,abstraction:ControlsStateChangeOf,reactome:ProteinReference8532
reactome:ProteinReference5869,abstraction:ControlsStateChangeOf,reactome:ProteinReference6711
reactome:ProteinReference5847,abstraction:ControlsStateChangeOf,reactome:ProteinReference9468
reactome:ProteinReference771,abstraction:ControlsStateChangeOf,reactome:ProteinReference4445
reactome:ProteinReference6617,abstraction:ControlsStateChangeOf,reactome:ProteinReference1864
reactome:ProteinReference431,abstraction:ControlsStateChangeOf,reactome:ProteinReference7511
reactome:ProteinReference6155,abstraction:ControlsStateChangeOf,reactome:ProteinReference6401
reactome:ProteinReference5207,abstraction:ControlsStateChangeOf,reactome:ProteinReference5059
reactome:ProteinReference4518,abstraction:ControlsStateChangeOf,reactome:ProteinReference4526
reactome:ProteinReference9023,abstraction:ControlsStateChangeOf,reactome:ProteinReference4458
reactome:ProteinReference5795,abstraction:ControlsStateChangeOf,reactome:ProteinReference7750
reactome:ProteinReference1736,abstraction:ControlsStateChangeOf,reactome:ProteinReference4413
reactome:ProteinReference4550,abstraction:ControlsStateChangeOf,reactome:ProteinReference10645
reactome:ProteinReference8993,abstraction:ControlsStateChangeOf,reactome:ProteinReference5243
reactome:ProteinReference955,abstraction:ControlsStateChangeOf,reactome:ProteinReference914
reactome:ProteinReference5633,abstraction:ControlsStateChangeOf,reactome:ProteinReference6449
reactome:ProteinReference4616,abstraction:ControlsStateChangeOf,reactome:ProteinReference6089
reactome:ProteinReference7562,abstraction:ControlsStateChangeOf,reactome:ProteinReference7561
reactome:ProteinReference778,abstraction:ControlsStateChangeOf,reactome:ProteinReference8651
reactome:ProteinReference774,abstraction:ControlsStateChangeOf,reactome:ProteinReference4440
reactome:ProteinReference4659,abstraction:ControlsStateChangeOf,reactome:ProteinReference5967
reactome:ProteinReference5424,abstraction:ControlsStateChangeOf,reactome:ProteinReference6070
reactome:ProteinReference5817,abstraction:ControlsStateChangeOf,reactome:ProteinReference9468
reactome:ProteinReference776,abstraction:ControlsStateChangeOf,reactome:ProteinReference4455
reactome:ProteinReference967,abstraction:ControlsStateChangeOf,reactome:ProteinReference923
reactome:ProteinReference1770,abstraction:ControlsStateChangeOf,reactome:ProteinReference3097
reactome:ProteinReference8591,abstraction:ControlsStateChangeOf,reactome:ProteinReference5242
reactome:ProteinReference1736,abstraction:ControlsStateChangeOf,reactome:ProteinReference1123
reactome:ProteinReference908,abstraction:ControlsStateChangeOf,reactome:ProteinReference912
reactome:ProteinReference1088,abstraction:ControlsStateChangeOf,reactome:ProteinReference4558
reactome:ProteinReference5565,abstraction:ControlsStateChangeOf,reactome:ProteinReference6167
reactome:ProteinReference7852,abstraction:ControlsStateChangeOf,reactome:ProteinReference1815
reactome:ProteinReference11309,abstraction:ControlsStateChangeOf,reactome:ProteinReference11330
reactome:ProteinReference914,abstraction:ControlsStateChangeOf,reactome:ProteinReference915
reactome:ProteinReference935,abstraction:ControlsStateChangeOf,reactome:ProteinReference910
reactome:ProteinReference7841,abstraction:ControlsStateChangeOf,reactome:ProteinReference6088
reactome:ProteinReference10857,abstraction:ControlsStateChangeOf,reactome:ProteinReference4588
reactome:ProteinReference4499,abstraction:ControlsStateChangeOf,reactome:ProteinReference4522
reactome:ProteinReference3096,abstraction:ControlsStateChangeOf,reactome:ProteinReference3092
reactome:ProteinReference5815,abstraction:ControlsStateChangeOf,reactome:ProteinReference6711
reactome:ProteinReference1985,abstraction:ControlsStateChangeOf,reactome:ProteinReference1966
reactome:ProteinReference929,abstraction:ControlsStateChangeOf,reactome:ProteinReference919
reactome:ProteinReference4045,abstraction:ControlsStateChangeOf,reactome:ProteinReference4033
reactome:ProteinReference104,abstraction:ControlsStateChangeOf,reactome:ProteinReference12142
reactome:ProteinReference8560,abstraction:ControlsStateChangeOf,reactome:ProteinReference8964
reactome:ProteinReference5790,abstraction:ControlsStateChangeOf,reactome:ProteinReference9468
reactome:ProteinReference8988,abstraction:ControlsStateChangeOf,reactome:ProteinReference5242
reactome:ProteinReference5423,abstraction:ControlsStateChangeOf,reactome:ProteinReference6070
reactome:ProteinReference880,abstraction:ControlsStateChangeOf,reactome:ProteinReference879
reactome:ProteinReference955,abstraction:ControlsStateChangeOf,reactome:ProteinReference910
reactome:ProteinReference4660,abstraction:ControlsStateChangeOf,reactome:ProteinReference6116
reactome:ProteinReference797,abstraction:ControlsStateChangeOf,reactome:ProteinReference4470
reactome:ProteinReference790,abstraction:ControlsStateChangeOf,reactome:ProteinReference4387
reactome:ProteinReference6240,abstraction:ControlsStateChangeOf,reactome:ProteinReference7863
reactome:ProteinReference4398,abstraction:ControlsStateChangeOf,reactome:ProteinReference4394
reactome:ProteinReference5823,abstraction:ControlsStateChangeOf,reactome:ProteinReference6711
reactome:ProteinReference1736,abstraction:ControlsStateChangeOf,reactome:ProteinReference1052
reactome:ProteinReference6289,abstraction:ControlsStateChangeOf,reactome:ProteinReference6290
reactome:ProteinReference6137,abstraction:ControlsStateChangeOf,reactome:ProteinReference8962
reactome:ProteinReference9007,abstraction:ControlsStateChangeOf,reactome:ProteinReference5243
reactome:ProteinReference6240,abstraction:ControlsStateChangeOf,reactome:ProteinReference8183
reactome:ProteinReference4104,abstraction:ControlsStateChangeOf,reactome:ProteinReference6932
reactome:ProteinReference10459,abstraction:ControlsStateChangeOf,reactome:ProteinReference3259
reactome:ProteinReference5589,abstraction:ControlsStateChangeOf,reactome:ProteinReference6711
reactome:ProteinReference4356,abstraction:ControlsStateChangeOf,reactome:ProteinReference3512
reactome:ProteinReference5781,abstraction:ControlsStateChangeOf,reactome:ProteinReference9468
reactome:ProteinReference4358,abstraction:ControlsStateChangeOf,reactome:ProteinReference3512
reactome:ProteinReference4342,abstraction:ControlsStateChangeOf,reactome:ProteinReference4320
reactome:ProteinReference786,abstraction:ControlsStateChangeOf,reactome:ProteinReference4387
reactome:ProteinReference1815,abstraction:ControlsStateChangeOf,reactome:ProteinReference6103
reactome:ProteinReference5564,abstraction:ControlsStateChangeOf,reactome:ProteinReference6167
reactome:ProteinReference356,abstraction:ControlsStateChangeOf,reactome:ProteinReference6710
reactome:ProteinReference3415,abstraction:ControlsStateChangeOf,reactome:ProteinReference8907
reactome:ProteinReference1611,abstraction:ControlsStateChangeOf,reactome:ProteinReference1608
reactome:ProteinReference5854,abstraction:ControlsStateChangeOf,reactome:ProteinReference9468
reactome:ProteinReference5868,abstraction:ControlsStateChangeOf,reactome:ProteinReference9468
reactome:ProteinReference3585,abstraction:ControlsStateChangeOf,reactome:ProteinReference8224
reactome:ProteinReference5806,abstraction:ControlsStateChangeOf,reactome:ProteinReference7750
reactome:ProteinReference4567,abstraction:ControlsStateChangeOf,reactome:ProteinReference5242
reactome:ProteinReference5855,abstraction:ControlsStateChangeOf,reactome:ProteinReference6711
reactome:ProteinReference6618,abstraction:ControlsStateChangeOf,reactome:ProteinReference2053
reactome:ProteinReference1736,abstraction:ControlsStateChangeOf,reactome:ProteinReference4470
reactome:ProteinReference1759,abstraction:ControlsStateChangeOf,reactome:ProteinReference1799
reactome:ProteinReference9086,abstraction:ControlsStateChangeOf,reactome:ProteinReference4527
reactome:ProteinReference4499,abstraction:ControlsStateChangeOf,reactome:ProteinReference4521
reactome:ProteinReference772,abstraction:ControlsStateChangeOf,reactome:ProteinReference8646
reactome:ProteinReference1815,abstraction:ControlsStateChangeOf,reactome:ProteinReference5039
reactome:ProteinReference7724,abstraction:ControlsStateChangeOf,reactome:ProteinReference4473
reactome:ProteinReference6620,abstraction:ControlsStateChangeOf,reactome:ProteinReference1901
reactome:ProteinReference6736,abstraction:ControlsStateChangeOf,reactome:ProteinReference3891
reactome:ProteinReference7724,abstraction:ControlsStateChangeOf,reactome:ProteinReference7730
reactome:ProteinReference3413,abstraction:ControlsStateChangeOf,reactome:ProteinReference8907
reactome:ProteinReference913,abstraction:ControlsStateChangeOf,reactome:ProteinReference915
reactome:ProteinReference833,abstraction:ControlsStateChangeOf,reactome:ProteinReference7511
reactome:ProteinReference9033,abstraction:ControlsStateChangeOf,reactome:ProteinReference4520
reactome:ProteinReference5805,abstraction:ControlsStateChangeOf,reactome:ProteinReference9468
reactome:ProteinReference3602,abstraction:ControlsStateChangeOf,reactome:ProteinReference7511
reactome:ProteinReference5424,abstraction:ControlsStateChangeOf,reactome:ProteinReference11256
reactome:ProteinReference9025,abstraction:ControlsStateChangeOf,reactome:ProteinReference4527
reactome:ProteinReference4355,abstraction:ControlsStateChangeOf,reactome:ProteinReference3512
reactome:ProteinReference4372,abstraction:ControlsStateChangeOf,reactome:ProteinReference3187
reactome:ProteinReference367,abstraction:ControlsStateChangeOf,reactome:ProteinReference6878
reactome:ProteinReference8970,abstraction:ControlsStateChangeOf,reactome:ProteinReference6401
reactome:ProteinReference4800,abstraction:ControlsStateChangeOf,reactome:ProteinReference7511
reactome:ProteinReference5865,abstraction:ControlsStateChangeOf,reactome:ProteinReference7750
reactome:ProteinReference4568,abstraction:ControlsStateChangeOf,reactome:ProteinReference5242
reactome:ProteinReference7640,abstraction:ControlsStateChangeOf,reactome:ProteinReference7646
reactome:ProteinReference4648,abstraction:ControlsStateChangeOf,reactome:ProteinReference2053
reactome:ProteinReference6185,abstraction:ControlsStateChangeOf,reactome:ProteinReference6435
reactome:ProteinReference6620,abstraction:ControlsStateChangeOf,reactome:ProteinReference314
reactome:ProteinReference3601,abstraction:ControlsStateChangeOf,reactome:ProteinReference10973
reactome:ProteinReference354,abstraction:ControlsStateChangeOf,reactome:ProteinReference6710
reactome:ProteinReference932,abstraction:ControlsStateChangeOf,reactome:ProteinReference922
reactome:ProteinReference1088,abstraction:ControlsStateChangeOf,reactome:ProteinReference4528
reactome:ProteinReference934,abstraction:ControlsStateChangeOf,reactome:ProteinReference908
reactome:ProteinReference3603,abstraction:ControlsStateChangeOf,reactome:ProteinReference9660
reactome:ProteinReference6440,abstraction:ControlsStateChangeOf,reactome:ProteinReference6679
reactome:ProteinReference6797,abstraction:ControlsStateChangeOf,reactome:ProteinReference6798
reactome:ProteinReference7445,abstraction:ControlsStateChangeOf,reactome:ProteinReference6162
reactome:ProteinReference810,abstraction:ControlsStateChangeOf,reactome:ProteinReference10376
reactome:ProteinReference1815,abstraction:ControlsStateChangeOf,reactome:ProteinReference7848
reactome:ProteinReference358,abstraction:ControlsStateChangeOf,reactome:ProteinReference6710
reactome:ProteinReference6894,abstraction:ControlsStateChangeOf,reactome:ProteinReference6095
reactome:ProteinReference4045,abstraction:ControlsStateChangeOf,reactome:ProteinReference4034
reactome:ProteinReference3098,abstraction:ControlsStateChangeOf,reactome:ProteinReference5036
reactome:ProteinReference664,abstraction:ControlsStateChangeOf,reactome:ProteinReference6272
reactome:ProteinReference768,abstraction:ControlsStateChangeOf,reactome:ProteinReference8649
reactome:ProteinReference447,abstraction:ControlsStateChangeOf,reactome:ProteinReference8286
reactome:ProteinReference4381,abstraction:ControlsStateChangeOf,reactome:ProteinReference4483
reactome:ProteinReference7463,abstraction:ControlsStateChangeOf,reactome:ProteinReference8091
reactome:ProteinReference3864,abstraction:ControlsStateChangeOf,reactome:ProteinReference4524
reactome:ProteinReference784,abstraction:ControlsStateChangeOf,reactome:ProteinReference8741
reactome:ProteinReference4670,abstraction:ControlsStateChangeOf,reactome:ProteinReference8092
reactome:ProteinReference933,abstraction:ControlsStateChangeOf,reactome:ProteinReference915
reactome:ProteinReference4515,abstraction:ControlsStateChangeOf,reactome:ProteinReference4526
reactome:ProteinReference915,abstraction:ControlsStateChangeOf,reactome:ProteinReference916
reactome:ProteinReference1061,abstraction:ControlsStateChangeOf,reactome:ProteinReference5242
reactome:ProteinReference7821,abstraction:ControlsStateChangeOf,reactome:ProteinReference7831
reactome:ProteinReference9028,abstraction:ControlsStateChangeOf,reactome:ProteinReference4524
reactome:ProteinReference3926,abstraction:ControlsStateChangeOf,reactome:ProteinReference5715
reactome:ProteinReference1736,abstraction:ControlsStateChangeOf,reactome:ProteinReference1737
reactome:ProteinReference930,abstraction:ControlsStateChangeOf,reactome:ProteinReference913
reactome:ProteinReference4045,abstraction:ControlsStateChangeOf,reactome:ProteinReference4002
reactome:ProteinReference801,abstraction:ControlsStateChangeOf,reactome:ProteinReference8652
reactome:ProteinReference5869,abstraction:ControlsStateChangeOf,reactome:ProteinReference7750
reactome:ProteinReference8447,abstraction:ControlsStateChangeOf,reactome:ProteinReference8532
reactome:ProteinReference5565,abstraction:ControlsStateChangeOf,reactome:ProteinReference6168
reactome:ProteinReference801,abstraction:ControlsStateChangeOf,reactome:ProteinReference798
reactome:ProteinReference5821,abstraction:ControlsStateChangeOf,reactome:ProteinReference9468
reactome:ProteinReference4499,abstraction:ControlsStateChangeOf,reactome:ProteinReference4523
reactome:ProteinReference449,abstraction:ControlsStateChangeOf,reactome:ProteinReference11460
reactome:ProteinReference4564,abstraction:ControlsStateChangeOf,reactome:ProteinReference5242
reactome:ProteinReference775,abstraction:ControlsStateChangeOf,reactome:ProteinReference4440
reactome:ProteinReference4660,abstraction:ControlsStateChangeOf,reactome:ProteinReference11327
reactome:ProteinReference8183,abstraction:ControlsStateChangeOf,reactome:ProteinReference3107
reactome:ProteinReference4643,abstraction:ControlsStateChangeOf,reactome:ProteinReference6617
reactome:ProteinReference1438,abstraction:ControlsStateChangeOf,reactome:ProteinReference5036
reactome:ProteinReference3364,abstraction:ControlsStateChangeOf,reactome:ProteinReference6092
reactome:ProteinReference3926,abstraction:ControlsStateChangeOf,reactome:ProteinReference5585
reactome:ProteinReference7920,abstraction:ControlsStateChangeOf,reactome:ProteinReference8105
reactome:ProteinReference796,abstraction:ControlsStateChangeOf,reactome:ProteinReference4445
reactome:ProteinReference9028,abstraction:ControlsStateChangeOf,reactome:ProteinReference4529
reactome:ProteinReference6167,abstraction:ControlsStateChangeOf,reactome:ProteinReference6579
reactome:ProteinReference4497,abstraction:ControlsStateChangeOf,reactome:ProteinReference6089
reactome:ProteinReference652,abstraction:ControlsStateChangeOf,reactome:ProteinReference10
reactome:ProteinReference780,abstraction:ControlsStateChangeOf,reactome:ProteinReference8649
reactome:ProteinReference4499,abstraction:ControlsStateChangeOf,reactome:ProteinReference5242
reactome:ProteinReference8031,abstraction:ControlsStateChangeOf,reactome:ProteinReference8091
reactome:ProteinReference3602,abstraction:ControlsStateChangeOf,reactome:ProteinReference7509
reactome:ProteinReference1436,abstraction:ControlsStateChangeOf,reactome:ProteinReference6932
reactome:ProteinReference782,abstraction:ControlsStateChangeOf,reactome:ProteinReference4445
reactome:ProteinReference6101,abstraction:ControlsStateChangeOf,reactome:ProteinReference4526
reactome:ProteinReference801,abstraction:ControlsStateChangeOf,reactome:ProteinReference4455
reactome:ProteinReference9001,abstraction:ControlsStateChangeOf,reactome:ProteinReference5243
reactome:ProteinReference8998,abstraction:ControlsStateChangeOf,reactome:ProteinReference5242
reactome:ProteinReference4800,abstraction:ControlsStateChangeOf,reactome:ProteinReference7509
reactome:ProteinReference1571,abstraction:ControlsStateChangeOf,reactome:ProteinReference1567
reactome:ProteinReference899,abstraction:ControlsStateChangeOf,reactome:ProteinReference874
reactome:ProteinReference7741,abstraction:ControlsStateChangeOf,reactome:ProteinReference5757
reactome:ProteinReference1975,abstraction:ControlsStateChangeOf,reactome:ProteinReference1966
reactome:ProteinReference3937,abstraction:ControlsStateChangeOf,reactome:ProteinReference3733
reactome:ProteinReference5205,abstraction:ControlsStateChangeOf,reactome:ProteinReference5599
reactome:ProteinReference4045,abstraction:ControlsStateChangeOf,reactome:ProteinReference3999
reactome:ProteinReference1061,abstraction:ControlsStateChangeOf,reactome:ProteinReference4458
reactome:ProteinReference8784,abstraction:ControlsStateChangeOf,reactome:ProteinReference6091
reactome:ProteinReference5847,abstraction:ControlsStateChangeOf,reactome:ProteinReference6711
reactome:ProteinReference9032,abstraction:ControlsStateChangeOf,reactome:ProteinReference4529
reactome:ProteinReference8964,abstraction:ControlsStateChangeOf,reactome:ProteinReference6612
reactome:ProteinReference4348,abstraction:ControlsStateChangeOf,reactome:ProteinReference4310
reactome:ProteinReference799,abstraction:ControlsStateChangeOf,reactome:ProteinReference4387
reactome:ProteinReference3851,abstraction:ControlsStateChangeOf,reactome:ProteinReference5030
reactome:ProteinReference3585,abstraction:ControlsStateChangeOf,reactome:ProteinReference5660
reactome:ProteinReference7562,abstraction:ControlsStateChangeOf,reactome:ProteinReference7334
reactome:ProteinReference49,abstraction:ControlsStateChangeOf,reactome:ProteinReference6173
reactome:ProteinReference7741,abstraction:ControlsStateChangeOf,reactome:ProteinReference5754
reactome:ProteinReference4409,abstraction:ControlsStateChangeOf,reactome:ProteinReference8287
reactome:ProteinReference966,abstraction:ControlsStateChangeOf,reactome:ProteinReference921
reactome:ProteinReference5823,abstraction:ControlsStateChangeOf,reactome:ProteinReference7750
reactome:ProteinReference782,abstraction:ControlsStateChangeOf,reactome:ProteinReference4440
reactome:ProteinReference6099,abstraction:ControlsStateChangeOf,reactome:ProteinReference5244
reactome:ProteinReference6438,abstraction:ControlsStateChangeOf,reactome:ProteinReference6679
reactome:ProteinReference9077,abstraction:ControlsStateChangeOf,reactome:ProteinReference5242
reactome:ProteinReference5817,abstraction:ControlsStateChangeOf,reactome:ProteinReference6711
reactome:ProteinReference5589,abstraction:ControlsStateChangeOf,reactome:ProteinReference7750
reactome:ProteinReference9030,abstraction:ControlsStateChangeOf,reactome:ProteinReference4529
reactome:ProteinReference4610,abstraction:ControlsStateChangeOf,reactome:ProteinReference5755
reactome:ProteinReference5424,abstraction:ControlsStateChangeOf,reactome:ProteinReference4589
reactome:ProteinReference1061,abstraction:ControlsStateChangeOf,reactome:ProteinReference4549
reactome:ProteinReference11371,abstraction:ControlsStateChangeOf,reactome:ProteinReference1340
reactome:ProteinReference5418,abstraction:ControlsStateChangeOf,reactome:ProteinReference5243
reactome:ProteinReference4672,abstraction:ControlsStateChangeOf,reactome:ProteinReference6088
reactome:ProteinReference4186,abstraction:ControlsStateChangeOf,reactome:ProteinReference1669
reactome:ProteinReference1770,abstraction:ControlsStateChangeOf,reactome:ProteinReference5634
reactome:ProteinReference9025,abstraction:ControlsStateChangeOf,reactome:ProteinReference4522
reactome:ProteinReference3949,abstraction:ControlsStateChangeOf,reactome:ProteinReference2466
reactome:ProteinReference907,abstraction:ControlsStateChangeOf,reactome:ProteinReference917
reactome:ProteinReference9017,abstraction:ControlsStateChangeOf,reactome:ProteinReference4458
reactome:ProteinReference7821,abstraction:ControlsStateChangeOf,reactome:ProteinReference7832
reactome:ProteinReference4499,abstraction:ControlsStateChangeOf,reactome:ProteinReference4458
reactome:ProteinReference3728,abstraction:ControlsStateChangeOf,reactome:ProteinReference8883
reactome:ProteinReference5855,abstraction:ControlsStateChangeOf,reactome:ProteinReference7750
reactome:ProteinReference1815,abstraction:ControlsStateChangeOf,reactome:ProteinReference6278
reactome:ProteinReference5599,abstraction:ControlsStateChangeOf,reactome:ProteinReference6133
reactome:ProteinReference773,abstraction:ControlsStateChangeOf,reactome:ProteinReference798
reactome:ProteinReference3095,abstraction:ControlsStateChangeOf,reactome:ProteinReference3092
reactome:ProteinReference5143,abstraction:ControlsStateChangeOf,reactome:ProteinReference1083
reactome:ProteinReference938,abstraction:ControlsStateChangeOf,reactome:ProteinReference909
reactome:ProteinReference4673,abstraction:ControlsStateChangeOf,reactome:ProteinReference6088
reactome:ProteinReference5267,abstraction:ControlsStateChangeOf,reactome:ProteinReference314
reactome:ProteinReference9031,abstraction:ControlsStateChangeOf,reactome:ProteinReference4524
reactome:ProteinReference3926,abstraction:ControlsStateChangeOf,reactome:ProteinReference4146
reactome:ProteinReference5150,abstraction:ControlsStateChangeOf,reactome:ProteinReference1083
reactome:ProteinReference929,abstraction:ControlsStateChangeOf,reactome:ProteinReference914
reactome:ProteinReference833,abstraction:ControlsStateChangeOf,reactome:ProteinReference879
reactome:ProteinReference6206,abstraction:ControlsStateChangeOf,reactome:ProteinReference642
reactome:ProteinReference9134,abstraction:ControlsStateChangeOf,reactome:ProteinReference6752
reactome:ProteinReference5790,abstraction:ControlsStateChangeOf,reactome:ProteinReference6711
reactome:ProteinReference918,abstraction:ControlsStateChangeOf,reactome:ProteinReference911
reactome:ProteinReference5148,abstraction:ControlsStateChangeOf,reactome:ProteinReference1083
reactome:ProteinReference9029,abstraction:ControlsStateChangeOf,reactome:ProteinReference4520
reactome:ProteinReference4045,abstraction:ControlsStateChangeOf,reactome:ProteinReference4005
reactome:ProteinReference935,abstraction:ControlsStateChangeOf,reactome:ProteinReference911
reactome:ProteinReference778,abstraction:ControlsStateChangeOf,reactome:ProteinReference4470
reactome:ProteinReference4301,abstraction:ControlsStateChangeOf,reactome:ProteinReference4281
reactome:ProteinReference5423,abstraction:ControlsStateChangeOf,reactome:ProteinReference4589
reactome:ProteinReference768,abstraction:ControlsStateChangeOf,reactome:ProteinReference2834
reactome:ProteinReference4371,abstraction:ControlsStateChangeOf,reactome:ProteinReference4369
reactome:ProteinReference5424,abstraction:ControlsStateChangeOf,reactome:ProteinReference10933
reactome:ProteinReference7563,abstraction:ControlsStateChangeOf,reactome:ProteinReference7337
reactome:ProteinReference974,abstraction:ControlsStateChangeOf,reactome:ProteinReference922
reactome:ProteinReference8294,abstraction:ControlsStateChangeOf,reactome:ProteinReference11330
reactome:ProteinReference3714,abstraction:ControlsStateChangeOf,reactome:ProteinReference8907
reactome:ProteinReference798,abstraction:ControlsStateChangeOf,reactome:ProteinReference4387
reactome:ProteinReference4342,abstraction:ControlsStateChangeOf,reactome:ProteinReference4319
reactome:ProteinReference784,abstraction:ControlsStateChangeOf,reactome:ProteinReference8652
reactome:ProteinReference5781,abstraction:ControlsStateChangeOf,reactome:ProteinReference6711
reactome:ProteinReference9025,abstraction:ControlsStateChangeOf,reactome:ProteinReference4521
reactome:ProteinReference4045,abstraction:ControlsStateChangeOf,reactome:ProteinReference4019
reactome:ProteinReference937,abstraction:ControlsStateChangeOf,reactome:ProteinReference909
reactome:ProteinReference9031,abstraction:ControlsStateChangeOf,reactome:ProteinReference4529
reactome:ProteinReference5709,abstraction:ControlsStateChangeOf,reactome:ProteinReference8907
reactome:ProteinReference8246,abstraction:ControlsStateChangeOf,reactome:ProteinReference6817
reactome:ProteinReference800,abstraction:ControlsStateChangeOf,reactome:ProteinReference8651
reactome:ProteinReference5291,abstraction:ControlsStateChangeOf,reactome:ProteinReference10643
reactome:ProteinReference5854,abstraction:ControlsStateChangeOf,reactome:ProteinReference6711
reactome:ProteinReference912,abstraction:ControlsStateChangeOf,reactome:ProteinReference915
reactome:ProteinReference3338,abstraction:ControlsStateChangeOf,reactome:ProteinReference8805
reactome:ProteinReference5868,abstraction:ControlsStateChangeOf,reactome:ProteinReference6711
reactome:ProteinReference811,abstraction:ControlsStateChangeOf,reactome:ProteinReference10376
reactome:ProteinReference907,abstraction:ControlsStateChangeOf,reactome:ProteinReference912
reactome:ProteinReference938,abstraction:ControlsStateChangeOf,reactome:ProteinReference918
reactome:ProteinReference4184,abstraction:ControlsStateChangeOf,reactome:ProteinReference1669
reactome:ProteinReference909,abstraction:ControlsStateChangeOf,reactome:ProteinReference918
reactome:ProteinReference8284,abstraction:ControlsStateChangeOf,reactome:ProteinReference7817
reactome:ProteinReference5291,abstraction:ControlsStateChangeOf,reactome:ProteinReference10644
reactome:ProteinReference8984,abstraction:ControlsStateChangeOf,reactome:ProteinReference5242
reactome:ProteinReference4045,abstraction:ControlsStateChangeOf,reactome:ProteinReference3992
reactome:ProteinReference4554,abstraction:ControlsStateChangeOf,reactome:ProteinReference10644
reactome:ProteinReference783,abstraction:ControlsStateChangeOf,reactome:ProteinReference4387
reactome:ProteinReference6027,abstraction:ControlsStateChangeOf,reactome:ProteinReference5031
reactome:ProteinReference7517,abstraction:ControlsStateChangeOf,reactome:ProteinReference7509
reactome:ProteinReference4341,abstraction:ControlsStateChangeOf,reactome:ProteinReference4307
reactome:ProteinReference4347,abstraction:ControlsStateChangeOf,reactome:ProteinReference4310
reactome:ProteinReference1436,abstraction:ControlsStateChangeOf,reactome:ProteinReference1435
reactome:ProteinReference11379,abstraction:ControlsStateChangeOf,reactome:ProteinReference8000
reactome:ProteinReference7724,abstraction:ControlsStateChangeOf,reactome:ProteinReference4524
reactome:ProteinReference6137,abstraction:ControlsStateChangeOf,reactome:ProteinReference8963
reactome:ProteinReference5805,abstraction:ControlsStateChangeOf,reactome:ProteinReference6711
reactome:ProteinReference4517,abstraction:ControlsStateChangeOf,reactome:ProteinReference4523
reactome:ProteinReference4397,abstraction:ControlsStateChangeOf,reactome:ProteinReference4406
reactome:ProteinReference781,abstraction:ControlsStateChangeOf,reactome:ProteinReference8649
reactome:ProteinReference785,abstraction:ControlsStateChangeOf,reactome:ProteinReference798
reactome:ProteinReference784,abstraction:ControlsStateChangeOf,reactome:ProteinReference4455
reactome:ProteinReference6440,abstraction:ControlsStateChangeOf,reactome:ProteinReference4630
reactome:ProteinReference10883,abstraction:ControlsStateChangeOf,reactome:ProteinReference8091
reactome:ProteinReference3984,abstraction:ControlsStateChangeOf,reactome:ProteinReference3979
reactome:ProteinReference8389,abstraction:ControlsStateChangeOf,reactome:ProteinReference8424
reactome:ProteinReference4518,abstraction:ControlsStateChangeOf,reactome:ProteinReference4525
reactome:ProteinReference4347,abstraction:ControlsStateChangeOf,reactome:ProteinReference4317
reactome:ProteinReference3386,abstraction:ControlsStateChangeOf,reactome:ProteinReference3449
reactome:ProteinReference8375,abstraction:ControlsStateChangeOf,reactome:ProteinReference5443
reactome:ProteinReference966,abstraction:ControlsStateChangeOf,reactome:ProteinReference924
reactome:ProteinReference798,abstraction:ControlsStateChangeOf,reactome:ProteinReference8741
reactome:ProteinReference937,abstraction:ControlsStateChangeOf,reactome:ProteinReference918
reactome:ProteinReference6894,abstraction:ControlsStateChangeOf,reactome:ProteinReference6089
reactome:ProteinReference794,abstraction:ControlsStateChangeOf,reactome:ProteinReference2834
reactome:ProteinReference8366,abstraction:ControlsStateChangeOf,reactome:ProteinReference6752
reactome:ProteinReference6621,abstraction:ControlsStateChangeOf,reactome:ProteinReference1986
reactome:ProteinReference7745,abstraction:ControlsStateChangeOf,reactome:ProteinReference5756
reactome:ProteinReference5599,abstraction:ControlsStateChangeOf,reactome:ProteinReference10933
reactome:ProteinReference3603,abstraction:ControlsStateChangeOf,reactome:ProteinReference3598
reactome:ProteinReference7724,abstraction:ControlsStateChangeOf,reactome:ProteinReference4529
reactome:ProteinReference4342,abstraction:ControlsStateChangeOf,reactome:ProteinReference4318
reactome:ProteinReference4302,abstraction:ControlsStateChangeOf,reactome:ProteinReference4285
reactome:ProteinReference790,abstraction:ControlsStateChangeOf,reactome:ProteinReference8651
reactome:ProteinReference8817,abstraction:ControlsStateChangeOf,reactome:ProteinReference6401
reactome:ProteinReference8183,abstraction:ControlsStateChangeOf,reactome:ProteinReference2466
reactome:ProteinReference5564,abstraction:ControlsStateChangeOf,reactome:ProteinReference1815
reactome:ProteinReference783,abstraction:ControlsStateChangeOf,reactome:ProteinReference8741
reactome:ProteinReference6893,abstraction:ControlsStateChangeOf,reactome:ProteinReference10953
reactome:ProteinReference788,abstraction:ControlsStateChangeOf,reactome:ProteinReference2834
reactome:ProteinReference9080,abstraction:ControlsStateChangeOf,reactome:ProteinReference5242
reactome:ProteinReference4372,abstraction:ControlsStateChangeOf,reactome:ProteinReference4469
reactome:ProteinReference4690,abstraction:ControlsStateChangeOf,reactome:ProteinReference4689
reactome:ProteinReference6092,abstraction:ControlsStateChangeOf,reactome:ProteinReference8227
reactome:ProteinReference1611,abstraction:ControlsStateChangeOf,reactome:ProteinReference1602
reactome:ProteinReference9073,abstraction:ControlsStateChangeOf,reactome:ProteinReference5243
reactome:ProteinReference786,abstraction:ControlsStateChangeOf,reactome:ProteinReference8651
reactome:ProteinReference951,abstraction:ControlsStateChangeOf,reactome:ProteinReference909
reactome:ProteinReference777,abstraction:ControlsStateChangeOf,reactome:ProteinReference4445
reactome:ProteinReference4073,abstraction:ControlsStateChangeOf,reactome:ProteinReference4304
reactome:ProteinReference8964,abstraction:ControlsStateChangeOf,reactome:ProteinReference6140
reactome:ProteinReference1736,abstraction:ControlsStateChangeOf,reactome:ProteinReference1061
reactome:ProteinReference2270,abstraction:ControlsStateChangeOf,reactome:ProteinReference2272
reactome:ProteinReference4344,abstraction:ControlsStateChangeOf,reactome:ProteinReference4307
reactome:ProteinReference918,abstraction:ControlsStateChangeOf,reactome:ProteinReference907
reactome:ProteinReference6250,abstraction:ControlsStateChangeOf,reactome:ProteinReference8907
reactome:ProteinReference5847,abstraction:ControlsStateChangeOf,reactome:ProteinReference7750
reactome:ProteinReference935,abstraction:ControlsStateChangeOf,reactome:ProteinReference907
reactome:ProteinReference1088,abstraction:ControlsStateChangeOf,reactome:ProteinReference4551
reactome:ProteinReference5821,abstraction:ControlsStateChangeOf,reactome:ProteinReference6711
reactome:ProteinReference6617,abstraction:ControlsStateChangeOf,reactome:ProteinReference2042
reactome:ProteinReference104,abstraction:ControlsStateChangeOf,reactome:ProteinReference12140
reactome:ProteinReference3217,abstraction:ControlsStateChangeOf,reactome:ProteinReference6453
reactome:ProteinReference4643,abstraction:ControlsStateChangeOf,reactome:ProteinReference10459
reactome:ProteinReference609,abstraction:ControlsStateChangeOf,reactome:ProteinReference6932
reactome:ProteinReference6161,abstraction:ControlsStateChangeOf,reactome:ProteinReference4553
reactome:ProteinReference367,abstraction:ControlsStateChangeOf,reactome:ProteinReference6710
reactome:ProteinReference104,abstraction:ControlsStateChangeOf,reactome:ProteinReference7451
reactome:ProteinReference4111,abstraction:ControlsStateChangeOf,reactome:ProteinReference3598
reactome:ProteinReference1811,abstraction:ControlsStateChangeOf,reactome:ProteinReference8567
reactome:ProteinReference5857,abstraction:ControlsStateChangeOf,reactome:ProteinReference9468
reactome:ProteinReference6710,abstraction:ControlsStateChangeOf,reactome:ProteinReference6439
reactome:ProteinReference5524,abstraction:ControlsStateChangeOf,reactome:ProteinReference10978
reactome:ProteinReference10959,abstraction:ControlsStateChangeOf,reactome:ProteinReference10958
reactome:ProteinReference5817,abstraction:ControlsStateChangeOf,reactome:ProteinReference7750
reactome:ProteinReference777,abstraction:ControlsStateChangeOf,reactome:ProteinReference4440
reactome:ProteinReference5826,abstraction:ControlsStateChangeOf,reactome:ProteinReference9468
reactome:ProteinReference363,abstraction:ControlsStateChangeOf,reactome:ProteinReference6710
reactome:ProteinReference4690,abstraction:ControlsStateChangeOf,reactome:ProteinReference8148
reactome:ProteinReference435,abstraction:ControlsStateChangeOf,reactome:ProteinReference429
reactome:ProteinReference8635,abstraction:ControlsStateChangeOf,reactome:ProteinReference8907
reactome:ProteinReference664,abstraction:ControlsStateChangeOf,reactome:ProteinReference6243
reactome:ProteinReference910,abstraction:ControlsStateChangeOf,reactome:ProteinReference913
reactome:ProteinReference10972,abstraction:ControlsStateChangeOf,reactome:ProteinReference10978
reactome:ProteinReference4073,abstraction:ControlsStateChangeOf,reactome:ProteinReference4308
reactome:ProteinReference951,abstraction:ControlsStateChangeOf,reactome:ProteinReference918
reactome:ProteinReference104,abstraction:ControlsStateChangeOf,reactome:ProteinReference10978
reactome:ProteinReference5632,abstraction:ControlsStateChangeOf,reactome:ProteinReference1579
reactome:ProteinReference833,abstraction:ControlsStateChangeOf,reactome:ProteinReference7510
reactome:ProteinReference4557,abstraction:ControlsStateChangeOf,reactome:ProteinReference10646
reactome:ProteinReference9080,abstraction:ControlsStateChangeOf,reactome:ProteinReference4458
reactome:ProteinReference5937,abstraction:ControlsStateChangeOf,reactome:ProteinReference6755
reactome:ProteinReference5115,abstraction:ControlsStateChangeOf,reactome:ProteinReference1713
reactome:ProteinReference3603,abstraction:ControlsStateChangeOf,reactome:ProteinReference6829
reactome:ProteinReference4800,abstraction:ControlsStateChangeOf,reactome:ProteinReference7510
reactome:ProteinReference4045,abstraction:ControlsStateChangeOf,reactome:ProteinReference4011
reactome:ProteinReference8442,abstraction:ControlsStateChangeOf,reactome:ProteinReference8532
reactome:ProteinReference361,abstraction:ControlsStateChangeOf,reactome:ProteinReference6711
reactome:ProteinReference6029,abstraction:ControlsStateChangeOf,reactome:ProteinReference5030
reactome:ProteinReference3837,abstraction:ControlsStateChangeOf,reactome:ProteinReference4582
reactome:ProteinReference10459,abstraction:ControlsStateChangeOf,reactome:ProteinReference5906
reactome:ProteinReference3597,abstraction:ControlsStateChangeOf,reactome:ProteinReference873
reactome:ProteinReference5790,abstraction:ControlsStateChangeOf,reactome:ProteinReference7750
reactome:ProteinReference4400,abstraction:ControlsStateChangeOf,reactome:ProteinReference4406
reactome:ProteinReference793,abstraction:ControlsStateChangeOf,reactome:ProteinReference8649
reactome:ProteinReference4372,abstraction:ControlsStateChangeOf,reactome:ProteinReference4407
reactome:ProteinReference4690,abstraction:ControlsStateChangeOf,reactome:ProteinReference11326
reactome:ProteinReference6161,abstraction:ControlsStateChangeOf,reactome:ProteinReference4556
reactome:ProteinReference5336,abstraction:ControlsStateChangeOf,reactome:ProteinReference6855
reactome:ProteinReference774,abstraction:ControlsStateChangeOf,reactome:ProteinReference8652
reactome:ProteinReference449,abstraction:ControlsStateChangeOf,reactome:ProteinReference8287
reactome:ProteinReference6285,abstraction:ControlsStateChangeOf,reactome:ProteinReference503
reactome:ProteinReference7502,abstraction:ControlsStateChangeOf,reactome:ProteinReference4527
reactome:ProteinReference3942,abstraction:ControlsStateChangeOf,reactome:ProteinReference3733
reactome:ProteinReference6025,abstraction:ControlsStateChangeOf,reactome:ProteinReference4630
reactome:ProteinReference1272,abstraction:ControlsStateChangeOf,reactome:ProteinReference1804
reactome:ProteinReference5839,abstraction:ControlsStateChangeOf,reactome:ProteinReference9468
reactome:ProteinReference775,abstraction:ControlsStateChangeOf,reactome:ProteinReference8741
reactome:ProteinReference5781,abstraction:ControlsStateChangeOf,reactome:ProteinReference7750
reactome:ProteinReference789,abstraction:ControlsStateChangeOf,reactome:ProteinReference8651
reactome:ProteinReference771,abstraction:ControlsStateChangeOf,reactome:ProteinReference798
reactome:ProteinReference770,abstraction:ControlsStateChangeOf,reactome:ProteinReference4387
reactome:ProteinReference3565,abstraction:ControlsStateChangeOf,reactome:ProteinReference8788
reactome:ProteinReference5854,abstraction:ControlsStateChangeOf,reactome:ProteinReference7750
reactome:ProteinReference6101,abstraction:ControlsStateChangeOf,reactome:ProteinReference10646
reactome:ProteinReference6617,abstraction:ControlsStateChangeOf,reactome:ProteinReference1863
reactome:ProteinReference5868,abstraction:ControlsStateChangeOf,reactome:ProteinReference7750
reactome:ProteinReference8116,abstraction:ControlsStateChangeOf,reactome:ProteinReference8104
reactome:ProteinReference5214,abstraction:ControlsStateChangeOf,reactome:ProteinReference4582
reactome:ProteinReference5510,abstraction:ControlsStateChangeOf,reactome:ProteinReference6679
reactome:ProteinReference930,abstraction:ControlsStateChangeOf,reactome:ProteinReference908
reactome:ProteinReference4585,abstraction:ControlsStateChangeOf,reactome:ProteinReference6091
reactome:ProteinReference798,abstraction:ControlsStateChangeOf,reactome:ProteinReference8652
reactome:ProteinReference779,abstraction:ControlsStateChangeOf,reactome:ProteinReference4387
reactome:ProteinReference965,abstraction:ControlsStateChangeOf,reactome:ProteinReference922
reactome:ProteinReference4515,abstraction:ControlsStateChangeOf,reactome:ProteinReference4525
reactome:ProteinReference4354,abstraction:ControlsStateChangeOf,reactome:ProteinReference3512
reactome:ProteinReference10385,abstraction:ControlsStateChangeOf,reactome:ProteinReference8104
reactome:ProteinReference4045,abstraction:ControlsStateChangeOf,reactome:ProteinReference3993
reactome:ProteinReference6396,abstraction:ControlsStateChangeOf,reactome:ProteinReference6171
reactome:ProteinReference8359,abstraction:ControlsStateChangeOf,reactome:ProteinReference8358
reactome:ProteinReference9124,abstraction:ControlsStateChangeOf,reactome:ProteinReference5595
reactome:ProteinReference774,abstraction:ControlsStateChangeOf,reactome:ProteinReference4455
reactome:ProteinReference1766,abstraction:ControlsStateChangeOf,reactome:ProteinReference3096
reactome:ProteinReference4561,abstraction:ControlsStateChangeOf,reactome:ProteinReference10646
reactome:ProteinReference9872,abstraction:ControlsStateChangeOf,reactome:ProteinReference6755
reactome:ProteinReference5807,abstraction:ControlsStateChangeOf,reactome:ProteinReference7750
reactome:ProteinReference8996,abstraction:ControlsStateChangeOf,reactome:ProteinReference5242
reactome:ProteinReference882,abstraction:ControlsStateChangeOf,reactome:ProteinReference878
reactome:ProteinReference5002,abstraction:ControlsStateChangeOf,reactome:ProteinReference5242
reactome:ProteinReference5805,abstraction:ControlsStateChangeOf,reactome:ProteinReference7750
reactome:ProteinReference4552,abstraction:ControlsStateChangeOf,reactome:ProteinReference10645
reactome:ProteinReference8992,abstraction:ControlsStateChangeOf,reactome:ProteinReference5243
reactome:ProteinReference781,abstraction:ControlsStateChangeOf,reactome:ProteinReference8646
reactome:ProteinReference928,abstraction:ControlsStateChangeOf,reactome:ProteinReference914
reactome:ProteinReference943,abstraction:ControlsStateChangeOf,reactome:ProteinReference917
reactome:ProteinReference9014,abstraction:ControlsStateChangeOf,reactome:ProteinReference5242
reactome:ProteinReference10858,abstraction:ControlsStateChangeOf,reactome:ProteinReference4588
reactome:ProteinReference783,abstraction:ControlsStateChangeOf,reactome:ProteinReference8652
reactome:ProteinReference769,abstraction:ControlsStateChangeOf,reactome:ProteinReference4387
reactome:ProteinReference5249,abstraction:ControlsStateChangeOf,reactome:ProteinReference5050
reactome:ProteinReference7817,abstraction:ControlsStateChangeOf,reactome:ProteinReference6293
reactome:ProteinReference6633,abstraction:ControlsStateChangeOf,reactome:ProteinReference6624
reactome:ProteinReference5211,abstraction:ControlsStateChangeOf,reactome:ProteinReference5210
reactome:ProteinReference8965,abstraction:ControlsStateChangeOf,reactome:ProteinReference3585
reactome:ProteinReference7796,abstraction:ControlsStateChangeOf,reactome:ProteinReference5424
reactome:ProteinReference6893,abstraction:ControlsStateChangeOf,reactome:ProteinReference10971
reactome:ProteinReference6621,abstraction:ControlsStateChangeOf,reactome:ProteinReference2039
reactome:ProteinReference6634,abstraction:ControlsStateChangeOf,reactome:ProteinReference2013
reactome:ProteinReference4454,abstraction:ControlsStateChangeOf,reactome:ProteinReference4485
reactome:ProteinReference4559,abstraction:ControlsStateChangeOf,reactome:ProteinReference10644
reactome:ProteinReference5403,abstraction:ControlsStateChangeOf,reactome:ProteinReference5242
reactome:ProteinReference5838,abstraction:ControlsStateChangeOf,reactome:ProteinReference9468
reactome:ProteinReference7562,abstraction:ControlsStateChangeOf,reactome:ProteinReference7327
reactome:ProteinReference6101,abstraction:ControlsStateChangeOf,reactome:ProteinReference4525
reactome:ProteinReference9011,abstraction:ControlsStateChangeOf,reactome:ProteinReference5242
reactome:ProteinReference1998,abstraction:ControlsStateChangeOf,reactome:ProteinReference1966
reactome:ProteinReference9043,abstraction:ControlsStateChangeOf,reactome:ProteinReference5243
reactome:ProteinReference1437,abstraction:ControlsStateChangeOf,reactome:ProteinReference6932
reactome:ProteinReference4353,abstraction:ControlsStateChangeOf,reactome:ProteinReference3512
reactome:ProteinReference833,abstraction:ControlsStateChangeOf,reactome:ProteinReference874
reactome:ProteinReference6633,abstraction:ControlsStateChangeOf,reactome:ProteinReference6626
reactome:ProteinReference928,abstraction:ControlsStateChangeOf,reactome:ProteinReference910
reactome:ProteinReference1088,abstraction:ControlsStateChangeOf,reactome:ProteinReference4554
reactome:ProteinReference8193,abstraction:ControlsStateChangeOf,reactome:ProteinReference8303
reactome:ProteinReference957,abstraction:ControlsStateChangeOf,reactome:ProteinReference914
reactome:ProteinReference4342,abstraction:ControlsStateChangeOf,reactome:ProteinReference4314
reactome:ProteinReference932,abstraction:ControlsStateChangeOf,reactome:ProteinReference916
reactome:ProteinReference9027,abstraction:ControlsStateChangeOf,reactome:ProteinReference4524
reactome:ProteinReference7526,abstraction:ControlsStateChangeOf,reactome:ProteinReference6932
reactome:ProteinReference6634,abstraction:ControlsStateChangeOf,reactome:ProteinReference6627
reactome:ProteinReference4566,abstraction:ControlsStateChangeOf,reactome:ProteinReference5242
reactome:ProteinReference5483,abstraction:ControlsStateChangeOf,reactome:ProteinReference7508
reactome:ProteinReference8116,abstraction:ControlsStateChangeOf,reactome:ProteinReference5982
reactome:ProteinReference9044,abstraction:ControlsStateChangeOf,reactome:ProteinReference5242
reactome:ProteinReference5937,abstraction:ControlsStateChangeOf,reactome:ProteinReference5424
reactome:ProteinReference1061,abstraction:ControlsStateChangeOf,reactome:ProteinReference4561
reactome:ProteinReference7644,abstraction:ControlsStateChangeOf,reactome:ProteinReference6947
reactome:ProteinReference6528,abstraction:ControlsStateChangeOf,reactome:ProteinReference6932
reactome:ProteinReference934,abstraction:ControlsStateChangeOf,reactome:ProteinReference924
reactome:ProteinReference1273,abstraction:ControlsStateChangeOf,reactome:ProteinReference6932
reactome:ProteinReference929,abstraction:ControlsStateChangeOf,reactome:ProteinReference909
reactome:ProteinReference9082,abstraction:ControlsStateChangeOf,reactome:ProteinReference5243
reactome:ProteinReference7821,abstraction:ControlsStateChangeOf,reactome:ProteinReference1091
reactome:ProteinReference4073,abstraction:ControlsStateChangeOf,reactome:ProteinReference4305
reactome:ProteinReference8788,abstraction:ControlsStateChangeOf,reactome:ProteinReference6140
reactome:ProteinReference8443,abstraction:ControlsStateChangeOf,reactome:ProteinReference8373
reactome:ProteinReference8102,abstraction:ControlsStateChangeOf,reactome:ProteinReference12142
reactome:ProteinReference9027,abstraction:ControlsStateChangeOf,reactome:ProteinReference4529
reactome:ProteinReference793,abstraction:ControlsStateChangeOf,reactome:ProteinReference2834
reactome:ProteinReference4627,abstraction:ControlsStateChangeOf,reactome:ProteinReference6171
reactome:ProteinReference6130,abstraction:ControlsStateChangeOf,reactome:ProteinReference5243
reactome:ProteinReference3095,abstraction:ControlsStateChangeOf,reactome:ProteinReference6090
reactome:ProteinReference7742,abstraction:ControlsStateChangeOf,reactome:ProteinReference5756
reactome:ProteinReference9043,abstraction:ControlsStateChangeOf,reactome:ProteinReference5244
reactome:ProteinReference3601,abstraction:ControlsStateChangeOf,reactome:ProteinReference7509
reactome:ProteinReference5245,abstraction:ControlsStateChangeOf,reactome:ProteinReference10645
reactome:ProteinReference957,abstraction:ControlsStateChangeOf,reactome:ProteinReference910
reactome:ProteinReference1088,abstraction:ControlsStateChangeOf,reactome:ProteinReference4556
reactome:ProteinReference5963,abstraction:ControlsStateChangeOf,reactome:ProteinReference6096
reactome:ProteinReference6851,abstraction:ControlsStateChangeOf,reactome:ProteinReference8091
reactome:ProteinReference7741,abstraction:ControlsStateChangeOf,reactome:ProteinReference356
reactome:ProteinReference1854,abstraction:ControlsStateChangeOf,reactome:ProteinReference823
reactome:ProteinReference4302,abstraction:ControlsStateChangeOf,reactome:ProteinReference4279
reactome:ProteinReference5181,abstraction:ControlsStateChangeOf,reactome:ProteinReference2098
reactome:ProteinReference4583,abstraction:ControlsStateChangeOf,reactome:ProteinReference4582
reactome:ProteinReference7563,abstraction:ControlsStateChangeOf,reactome:ProteinReference7336
reactome:ProteinReference4302,abstraction:ControlsStateChangeOf,reactome:ProteinReference3428
reactome:ProteinReference9006,abstraction:ControlsStateChangeOf,reactome:ProteinReference5243
reactome:ProteinReference4341,abstraction:ControlsStateChangeOf,reactome:ProteinReference4309
reactome:ProteinReference4532,abstraction:ControlsStateChangeOf,reactome:ProteinReference4523
reactome:ProteinReference775,abstraction:ControlsStateChangeOf,reactome:ProteinReference8652
reactome:ProteinReference9116,abstraction:ControlsStateChangeOf,reactome:ProteinReference5595
reactome:ProteinReference4372,abstraction:ControlsStateChangeOf,reactome:ProteinReference4456
reactome:ProteinReference5840,abstraction:ControlsStateChangeOf,reactome:ProteinReference9468
reactome:ProteinReference3950,abstraction:ControlsStateChangeOf,reactome:ProteinReference5242
reactome:ProteinReference3943,abstraction:ControlsStateChangeOf,reactome:ProteinReference7740
reactome:ProteinReference4301,abstraction:ControlsStateChangeOf,reactome:ProteinReference3594
reactome:ProteinReference929,abstraction:ControlsStateChangeOf,reactome:ProteinReference918
reactome:ProteinReference8969,abstraction:ControlsStateChangeOf,reactome:ProteinReference6401
reactome:ProteinReference5288,abstraction:ControlsStateChangeOf,reactome:ProteinReference10646
reactome:ProteinReference362,abstraction:ControlsStateChangeOf,reactome:ProteinReference6878
reactome:ProteinReference9872,abstraction:ControlsStateChangeOf,reactome:ProteinReference5424
reactome:ProteinReference790,abstraction:ControlsStateChangeOf,reactome:ProteinReference4470
reactome:ProteinReference659,abstraction:ControlsStateChangeOf,reactome:ProteinReference3579
reactome:ProteinReference4302,abstraction:ControlsStateChangeOf,reactome:ProteinReference3591
reactome:ProteinReference7548,abstraction:ControlsStateChangeOf,reactome:ProteinReference7511
reactome:ProteinReference8273,abstraction:ControlsStateChangeOf,reactome:ProteinReference8563
reactome:ProteinReference5857,abstraction:ControlsStateChangeOf,reactome:ProteinReference6711
reactome:ProteinReference6934,abstraction:ControlsStateChangeOf,reactome:ProteinReference7740
reactome:ProteinReference4045,abstraction:ControlsStateChangeOf,reactome:ProteinReference4022
reactome:ProteinReference3386,abstraction:ControlsStateChangeOf,reactome:ProteinReference3567
reactome:ProteinReference791,abstraction:ControlsStateChangeOf,reactome:ProteinReference8649
reactome:ProteinReference5850,abstraction:ControlsStateChangeOf,reactome:ProteinReference9468
reactome:ProteinReference5826,abstraction:ControlsStateChangeOf,reactome:ProteinReference6711
reactome:ProteinReference944,abstraction:ControlsStateChangeOf,reactome:ProteinReference913
reactome:ProteinReference6638,abstraction:ControlsStateChangeOf,reactome:ProteinReference619
reactome:ProteinReference1610,abstraction:ControlsStateChangeOf,reactome:ProteinReference1602
reactome:ProteinReference786,abstraction:ControlsStateChangeOf,reactome:ProteinReference4470
reactome:ProteinReference5783,abstraction:ControlsStateChangeOf,reactome:ProteinReference9468
reactome:ProteinReference5291,abstraction:ControlsStateChangeOf,reactome:ProteinReference5964
reactome:ProteinReference1976,abstraction:ControlsStateChangeOf,reactome:ProteinReference1966
reactome:ProteinReference6651,abstraction:ControlsStateChangeOf,reactome:ProteinReference1261
reactome:ProteinReference9114,abstraction:ControlsStateChangeOf,reactome:ProteinReference5595
reactome:ProteinReference775,abstraction:ControlsStateChangeOf,reactome:ProteinReference4455
reactome:ProteinReference6040,abstraction:ControlsStateChangeOf,reactome:ProteinReference7863
reactome:ProteinReference4348,abstraction:ControlsStateChangeOf,reactome:ProteinReference4314
reactome:ProteinReference4531,abstraction:ControlsStateChangeOf,reactome:ProteinReference4522
reactome:ProteinReference450,abstraction:ControlsStateChangeOf,reactome:ProteinReference8286
reactome:ProteinReference917,abstraction:ControlsStateChangeOf,reactome:ProteinReference911
reactome:ProteinReference3727,abstraction:ControlsStateChangeOf,reactome:ProteinReference8889
reactome:ProteinReference5863,abstraction:ControlsStateChangeOf,reactome:ProteinReference9468
reactome:ProteinReference1770,abstraction:ControlsStateChangeOf,reactome:ProteinReference11468
reactome:ProteinReference8446,abstraction:ControlsStateChangeOf,reactome:ProteinReference8533
reactome:ProteinReference8443,abstraction:ControlsStateChangeOf,reactome:ProteinReference8533
reactome:ProteinReference6040,abstraction:ControlsStateChangeOf,reactome:ProteinReference8183
reactome:ProteinReference4073,abstraction:ControlsStateChangeOf,reactome:ProteinReference4312
reactome:ProteinReference6048,abstraction:ControlsStateChangeOf,reactome:ProteinReference11256
reactome:ProteinReference796,abstraction:ControlsStateChangeOf,reactome:ProteinReference798
reactome:ProteinReference1437,abstraction:ControlsStateChangeOf,reactome:ProteinReference1435
reactome:ProteinReference6621,abstraction:ControlsStateChangeOf,reactome:ProteinReference1901
reactome:ProteinReference4671,abstraction:ControlsStateChangeOf,reactome:ProteinReference6095
reactome:ProteinReference9108,abstraction:ControlsStateChangeOf,reactome:ProteinReference5595
reactome:ProteinReference6617,abstraction:ControlsStateChangeOf,reactome:ProteinReference1865
reactome:ProteinReference3950,abstraction:ControlsStateChangeOf,reactome:ProteinReference4458
reactome:ProteinReference782,abstraction:ControlsStateChangeOf,reactome:ProteinReference798
reactome:ProteinReference7516,abstraction:ControlsStateChangeOf,reactome:ProteinReference6173
reactome:ProteinReference5852,abstraction:ControlsStateChangeOf,reactome:ProteinReference9468
reactome:ProteinReference4103,abstraction:ControlsStateChangeOf,reactome:ProteinReference8795
reactome:ProteinReference4344,abstraction:ControlsStateChangeOf,reactome:ProteinReference4309
reactome:ProteinReference918,abstraction:ControlsStateChangeOf,reactome:ProteinReference916
reactome:ProteinReference4844,abstraction:ControlsStateChangeOf,reactome:ProteinReference2970
reactome:ProteinReference5730,abstraction:ControlsStateChangeOf,reactome:ProteinReference6290
reactome:ProteinReference5963,abstraction:ControlsStateChangeOf,reactome:ProteinReference8310
reactome:ProteinReference4045,abstraction:ControlsStateChangeOf,reactome:ProteinReference4039
reactome:ProteinReference4553,abstraction:ControlsStateChangeOf,reactome:ProteinReference10646
reactome:ProteinReference4302,abstraction:ControlsStateChangeOf,reactome:ProteinReference3596
reactome:ProteinReference5562,abstraction:ControlsStateChangeOf,reactome:ProteinReference3096
reactome:ProteinReference7743,abstraction:ControlsStateChangeOf,reactome:ProteinReference5754
reactome:ProteinReference5839,abstraction:ControlsStateChangeOf,reactome:ProteinReference6711
reactome:ProteinReference7687,abstraction:ControlsStateChangeOf,reactome:ProteinReference7656
reactome:ProteinReference4399,abstraction:ControlsStateChangeOf,reactome:ProteinReference4424
reactome:ProteinReference6527,abstraction:ControlsStateChangeOf,reactome:ProteinReference6525
reactome:ProteinReference5424,abstraction:ControlsStateChangeOf,reactome:ProteinReference6134
reactome:ProteinReference4106,abstraction:ControlsStateChangeOf,reactome:ProteinReference8907
reactome:ProteinReference6621,abstraction:ControlsStateChangeOf,reactome:ProteinReference314
reactome:ProteinReference6620,abstraction:ControlsStateChangeOf,reactome:ProteinReference1986
reactome:ProteinReference776,abstraction:ControlsStateChangeOf,reactome:ProteinReference4387
reactome:ProteinReference4504,abstraction:ControlsStateChangeOf,reactome:ProteinReference4530
reactome:ProteinReference6974,abstraction:ControlsStateChangeOf,reactome:ProteinReference4589
reactome:ProteinReference6798,abstraction:ControlsStateChangeOf,reactome:ProteinReference9930
reactome:ProteinReference356,abstraction:ControlsStateChangeOf,reactome:ProteinReference6878
reactome:ProteinReference4531,abstraction:ControlsStateChangeOf,reactome:ProteinReference4521
reactome:ProteinReference9086,abstraction:ControlsStateChangeOf,reactome:ProteinReference4524
reactome:ProteinReference4372,abstraction:ControlsStateChangeOf,reactome:ProteinReference4409
reactome:ProteinReference4045,abstraction:ControlsStateChangeOf,reactome:ProteinReference4017
reactome:ProteinReference936,abstraction:ControlsStateChangeOf,reactome:ProteinReference916
reactome:ProteinReference3603,abstraction:ControlsStateChangeOf,reactome:ProteinReference1528
reactome:ProteinReference4516,abstraction:ControlsStateChangeOf,reactome:ProteinReference4521
reactome:ProteinReference4657,abstraction:ControlsStateChangeOf,reactome:ProteinReference1021
reactome:ProteinReference4372,abstraction:ControlsStateChangeOf,reactome:ProteinReference4471
reactome:ProteinReference6437,abstraction:ControlsStateChangeOf,reactome:ProteinReference6679
reactome:ProteinReference782,abstraction:ControlsStateChangeOf,reactome:ProteinReference4455
reactome:ProteinReference4533,abstraction:ControlsStateChangeOf,reactome:ProteinReference4530
reactome:ProteinReference5413,abstraction:ControlsStateChangeOf,reactome:ProteinReference4458
reactome:ProteinReference6620,abstraction:ControlsStateChangeOf,reactome:ProteinReference1864
reactome:ProteinReference3603,abstraction:ControlsStateChangeOf,reactome:ProteinReference4212
reactome:ProteinReference6617,abstraction:ControlsStateChangeOf,reactome:ProteinReference5267
reactome:ProteinReference792,abstraction:ControlsStateChangeOf,reactome:ProteinReference4445
reactome:ProteinReference934,abstraction:ControlsStateChangeOf,reactome:ProteinReference913
reactome:ProteinReference9025,abstraction:ControlsStateChangeOf,reactome:ProteinReference4524
reactome:ProteinReference3864,abstraction:ControlsStateChangeOf,reactome:ProteinReference4528
reactome:ProteinReference4301,abstraction:ControlsStateChangeOf,reactome:ProteinReference4294
reactome:ProteinReference4371,abstraction:ControlsStateChangeOf,reactome:ProteinReference4367
reactome:ProteinReference4556,abstraction:ControlsStateChangeOf,reactome:ProteinReference10643
reactome:ProteinReference659,abstraction:ControlsStateChangeOf,reactome:ProteinReference3926
reactome:ProteinReference4301,abstraction:ControlsStateChangeOf,reactome:ProteinReference4293
reactome:ProteinReference1736,abstraction:ControlsStateChangeOf,reactome:ProteinReference4449
reactome:ProteinReference792,abstraction:ControlsStateChangeOf,reactome:ProteinReference2834
reactome:ProteinReference4045,abstraction:ControlsStateChangeOf,reactome:ProteinReference4015
reactome:ProteinReference773,abstraction:ControlsStateChangeOf,reactome:ProteinReference4440
reactome:ProteinReference9086,abstraction:ControlsStateChangeOf,reactome:ProteinReference4529
reactome:ProteinReference932,abstraction:ControlsStateChangeOf,reactome:ProteinReference915
reactome:ProteinReference9028,abstraction:ControlsStateChangeOf,reactome:ProteinReference4528
reactome:ProteinReference9061,abstraction:ControlsStateChangeOf,reactome:ProteinReference5242
reactome:ProteinReference8116,abstraction:ControlsStateChangeOf,reactome:ProteinReference8086
reactome:ProteinReference4556,abstraction:ControlsStateChangeOf,reactome:ProteinReference10644
reactome:ProteinReference6232,abstraction:ControlsStateChangeOf,reactome:ProteinReference7863
reactome:ProteinReference5716,abstraction:ControlsStateChangeOf,reactome:ProteinReference3922
reactome:ProteinReference1815,abstraction:ControlsStateChangeOf,reactome:ProteinReference6292
reactome:ProteinReference9010,abstraction:ControlsStateChangeOf,reactome:ProteinReference5242
reactome:ProteinReference4405,abstraction:ControlsStateChangeOf,reactome:ProteinReference4490
reactome:ProteinReference6232,abstraction:ControlsStateChangeOf,reactome:ProteinReference8183
reactome:ProteinReference776,abstraction:ControlsStateChangeOf,reactome:ProteinReference8741
reactome:ProteinReference800,abstraction:ControlsStateChangeOf,reactome:ProteinReference8646
reactome:ProteinReference5607,abstraction:ControlsStateChangeOf,reactome:ProteinReference5730
reactome:ProteinReference1061,abstraction:ControlsStateChangeOf,reactome:ProteinReference4555
reactome:ProteinReference6683,abstraction:ControlsStateChangeOf,reactome:ProteinReference10978
reactome:ProteinReference6089,abstraction:ControlsStateChangeOf,reactome:ProteinReference3096
reactome:ProteinReference5838,abstraction:ControlsStateChangeOf,reactome:ProteinReference6711
reactome:ProteinReference3939,abstraction:ControlsStateChangeOf,reactome:ProteinReference3733
reactome:ProteinReference5599,abstraction:ControlsStateChangeOf,reactome:ProteinReference6134
reactome:ProteinReference9107,abstraction:ControlsStateChangeOf,reactome:ProteinReference5595
reactome:ProteinReference917,abstraction:ControlsStateChangeOf,reactome:ProteinReference907
reactome:ProteinReference4493,abstraction:ControlsStateChangeOf,reactome:ProteinReference6095
reactome:ProteinReference1885,abstraction:ControlsStateChangeOf,reactome:ProteinReference2328
reactome:ProteinReference770,abstraction:ControlsStateChangeOf,reactome:ProteinReference8651
reactome:ProteinReference5245,abstraction:ControlsStateChangeOf,reactome:ProteinReference10643
reactome:ProteinReference4531,abstraction:ControlsStateChangeOf,reactome:ProteinReference4523
reactome:ProteinReference9030,abstraction:ControlsStateChangeOf,reactome:ProteinReference4528
reactome:ProteinReference928,abstraction:ControlsStateChangeOf,reactome:ProteinReference911
reactome:ProteinReference931,abstraction:ControlsStateChangeOf,reactome:ProteinReference913
reactome:ProteinReference4516,abstraction:ControlsStateChangeOf,reactome:ProteinReference4523
reactome:ProteinReference7852,abstraction:ControlsStateChangeOf,reactome:ProteinReference6168
reactome:ProteinReference6678,abstraction:ControlsStateChangeOf,reactome:ProteinReference6679
reactome:ProteinReference799,abstraction:ControlsStateChangeOf,reactome:ProteinReference4470
reactome:ProteinReference6161,abstraction:ControlsStateChangeOf,reactome:ProteinReference4558
reactome:ProteinReference785,abstraction:ControlsStateChangeOf,reactome:ProteinReference4440
reactome:ProteinReference3601,abstraction:ControlsStateChangeOf,reactome:ProteinReference10953
reactome:ProteinReference5857,abstraction:ControlsStateChangeOf,reactome:ProteinReference7750
reactome:ProteinReference791,abstraction:ControlsStateChangeOf,reactome:ProteinReference8646
reactome:ProteinReference3950,abstraction:ControlsStateChangeOf,reactome:ProteinReference2855
reactome:ProteinReference9034,abstraction:ControlsStateChangeOf,reactome:ProteinReference4530
reactome:ProteinReference7452,abstraction:ControlsStateChangeOf,reactome:ProteinReference7451
reactome:ProteinReference967,abstraction:ControlsStateChangeOf,reactome:ProteinReference925
reactome:ProteinReference1611,abstraction:ControlsStateChangeOf,reactome:ProteinReference1606
reactome:ProteinReference4499,abstraction:ControlsStateChangeOf,reactome:ProteinReference4527
reactome:ProteinReference4387,abstraction:ControlsStateChangeOf,reactome:ProteinReference10388
reactome:ProteinReference930,abstraction:ControlsStateChangeOf,reactome:ProteinReference921
reactome:ProteinReference9002,abstraction:ControlsStateChangeOf,reactome:ProteinReference5242
reactome:ProteinReference4404,abstraction:ControlsStateChangeOf,reactome:ProteinReference4394
reactome:ProteinReference795,abstraction:ControlsStateChangeOf,reactome:ProteinReference2834
reactome:ProteinReference4302,abstraction:ControlsStateChangeOf,reactome:ProteinReference4278
reactome:ProteinReference9075,abstraction:ControlsStateChangeOf,reactome:ProteinReference5242
reactome:ProteinReference3414,abstraction:ControlsStateChangeOf,reactome:ProteinReference8907
reactome:ProteinReference769,abstraction:ControlsStateChangeOf,reactome:ProteinReference8651
reactome:ProteinReference57,abstraction:ControlsStateChangeOf,reactome:ProteinReference8388
reactome:ProteinReference4417,abstraction:ControlsStateChangeOf,reactome:ProteinReference4492
reactome:ProteinReference6028,abstraction:ControlsStateChangeOf,reactome:ProteinReference5030
reactome:ProteinReference8447,abstraction:ControlsStateChangeOf,reactome:ProteinReference8533
reactome:ProteinReference4625,abstraction:ControlsStateChangeOf,reactome:ProteinReference5210
reactome:ProteinReference5140,abstraction:ControlsStateChangeOf,reactome:ProteinReference6755
reactome:ProteinReference5782,abstraction:ControlsStateChangeOf,reactome:ProteinReference9468
reactome:ProteinReference8804,abstraction:ControlsStateChangeOf,reactome:ProteinReference8805
reactome:ProteinReference5212,abstraction:ControlsStateChangeOf,reactome:ProteinReference5210
reactome:ProteinReference4495,abstraction:ControlsStateChangeOf,reactome:ProteinReference6140
reactome:ProteinReference772,abstraction:ControlsStateChangeOf,reactome:ProteinReference8649
reactome:ProteinReference4183,abstraction:ControlsStateChangeOf,reactome:ProteinReference1666
reactome:ProteinReference787,abstraction:ControlsStateChangeOf,reactome:ProteinReference4445
reactome:ProteinReference1662,abstraction:ControlsStateChangeOf,reactome:ProteinReference8907
reactome:ProteinReference1836,abstraction:ControlsStateChangeOf,reactome:ProteinReference1834
reactome:ProteinReference5840,abstraction:ControlsStateChangeOf,reactome:ProteinReference6711
reactome:ProteinReference4341,abstraction:ControlsStateChangeOf,reactome:ProteinReference4306
reactome:ProteinReference9031,abstraction:ControlsStateChangeOf,reactome:ProteinReference4528
reactome:ProteinReference5293,abstraction:ControlsStateChangeOf,reactome:ProteinReference10646
reactome:ProteinReference7563,abstraction:ControlsStateChangeOf,reactome:ProteinReference7561
reactome:ProteinReference1736,abstraction:ControlsStateChangeOf,reactome:ProteinReference4459
reactome:ProteinReference1854,abstraction:ControlsStateChangeOf,reactome:ProteinReference1824
reactome:ProteinReference8294,abstraction:ControlsStateChangeOf,reactome:ProteinReference1339
reactome:ProteinReference914,abstraction:ControlsStateChangeOf,reactome:ProteinReference913
reactome:ProteinReference6621,abstraction:ControlsStateChangeOf,reactome:ProteinReference1979
reactome:ProteinReference10459,abstraction:ControlsStateChangeOf,reactome:ProteinReference620
reactome:ProteinReference4518,abstraction:ControlsStateChangeOf,reactome:ProteinReference4520
reactome:ProteinReference9074,abstraction:ControlsStateChangeOf,reactome:ProteinReference5242
reactome:ProteinReference2004,abstraction:ControlsStateChangeOf,reactome:ProteinReference1966
reactome:ProteinReference918,abstraction:ControlsStateChangeOf,reactome:ProteinReference915
reactome:ProteinReference3337,abstraction:ControlsStateChangeOf,reactome:ProteinReference5239
reactome:ProteinReference777,abstraction:ControlsStateChangeOf,reactome:ProteinReference798
reactome:ProteinReference1362,abstraction:ControlsStateChangeOf,reactome:ProteinReference8116
reactome:ProteinReference4687,abstraction:ControlsStateChangeOf,reactome:ProteinReference55
reactome:ProteinReference1770,abstraction:ControlsStateChangeOf,reactome:ProteinReference5872
reactome:ProteinReference5112,abstraction:ControlsStateChangeOf,reactome:ProteinReference2539
reactome:ProteinReference5839,abstraction:ControlsStateChangeOf,reactome:ProteinReference7750
reactome:ProteinReference798,abstraction:ControlsStateChangeOf,reactome:ProteinReference4470
reactome:ProteinReference6974,abstraction:ControlsStateChangeOf,reactome:ProteinReference4588
reactome:ProteinReference5850,abstraction:ControlsStateChangeOf,reactome:ProteinReference6711
reactome:ProteinReference6753,abstraction:ControlsStateChangeOf,reactome:ProteinReference5423
reactome:ProteinReference4488,abstraction:ControlsStateChangeOf,reactome:ProteinReference4630
reactome:ProteinReference659,abstraction:ControlsStateChangeOf,reactome:ProteinReference3580
reactome:ProteinReference4113,abstraction:ControlsStateChangeOf,reactome:ProteinReference8907
reactome:ProteinReference6620,abstraction:ControlsStateChangeOf,reactome:ProteinReference2039
reactome:ProteinReference3850,abstraction:ControlsStateChangeOf,reactome:ProteinReference4464
reactome:ProteinReference8822,abstraction:ControlsStateChangeOf,reactome:ProteinReference6088
reactome:ProteinReference5423,abstraction:ControlsStateChangeOf,reactome:ProteinReference5424
reactome:ProteinReference966,abstraction:ControlsStateChangeOf,reactome:ProteinReference923
reactome:ProteinReference4440,abstraction:ControlsStateChangeOf,reactome:ProteinReference1021
reactome:ProteinReference5783,abstraction:ControlsStateChangeOf,reactome:ProteinReference6711
reactome:ProteinReference1885,abstraction:ControlsStateChangeOf,reactome:ProteinReference6278
reactome:ProteinReference938,abstraction:ControlsStateChangeOf,reactome:ProteinReference914
reactome:ProteinReference5933,abstraction:ControlsStateChangeOf,reactome:ProteinReference5242
reactome:ProteinReference1003,abstraction:ControlsStateChangeOf,reactome:ProteinReference4274
reactome:ProteinReference881,abstraction:ControlsStateChangeOf,reactome:ProteinReference878
reactome:ProteinReference4073,abstraction:ControlsStateChangeOf,reactome:ProteinReference4315
reactome:ProteinReference4671,abstraction:ControlsStateChangeOf,reactome:ProteinReference6089
reactome:ProteinReference447,abstraction:ControlsStateChangeOf,reactome:ProteinReference6423
reactome:ProteinReference801,abstraction:ControlsStateChangeOf,reactome:ProteinReference4387
reactome:ProteinReference5863,abstraction:ControlsStateChangeOf,reactome:ProteinReference6711
reactome:ProteinReference5097,abstraction:ControlsStateChangeOf,reactome:ProteinReference4146
reactome:ProteinReference9033,abstraction:ControlsStateChangeOf,reactome:ProteinReference4523
reactome:ProteinReference5507,abstraction:ControlsStateChangeOf,reactome:ProteinReference11417
reactome:ProteinReference8357,abstraction:ControlsStateChangeOf,reactome:ProteinReference8358
reactome:ProteinReference1271,abstraction:ControlsStateChangeOf,reactome:ProteinReference6932
reactome:ProteinReference908,abstraction:ControlsStateChangeOf,reactome:ProteinReference917
reactome:ProteinReference503,abstraction:ControlsStateChangeOf,reactome:ProteinReference6768
reactome:ProteinReference911,abstraction:ControlsStateChangeOf,reactome:ProteinReference917
reactome:ProteinReference783,abstraction:ControlsStateChangeOf,reactome:ProteinReference4470
reactome:ProteinReference5424,abstraction:ControlsStateChangeOf,reactome:ProteinReference6034
reactome:ProteinReference9015,abstraction:ControlsStateChangeOf,reactome:ProteinReference5242
reactome:ProteinReference777,abstraction:ControlsStateChangeOf,reactome:ProteinReference4455
reactome:ProteinReference1088,abstraction:ControlsStateChangeOf,reactome:ProteinReference4550
reactome:ProteinReference4108,abstraction:ControlsStateChangeOf,reactome:ProteinReference8795
reactome:ProteinReference5424,abstraction:ControlsStateChangeOf,reactome:ProteinReference2847
reactome:ProteinReference8381,abstraction:ControlsStateChangeOf,reactome:ProteinReference6401
reactome:ProteinReference9357,abstraction:ControlsStateChangeOf,reactome:ProteinReference6091
reactome:ProteinReference7724,abstraction:ControlsStateChangeOf,reactome:ProteinReference4528
reactome:ProteinReference9069,abstraction:ControlsStateChangeOf,reactome:ProteinReference5243
reactome:ProteinReference4376,abstraction:ControlsStateChangeOf,reactome:ProteinReference4438
reactome:ProteinReference6089,abstraction:ControlsStateChangeOf,reactome:ProteinReference6747
reactome:ProteinReference5852,abstraction:ControlsStateChangeOf,reactome:ProteinReference6711
reactome:ProteinReference1770,abstraction:ControlsStateChangeOf,reactome:ProteinReference6878
reactome:ProteinReference1885,abstraction:ControlsStateChangeOf,reactome:ProteinReference6193
reactome:ProteinReference4591,abstraction:ControlsStateChangeOf,reactome:ProteinReference7631
reactome:ProteinReference1611,abstraction:ControlsStateChangeOf,reactome:ProteinReference1603
reactome:ProteinReference4344,abstraction:ControlsStateChangeOf,reactome:ProteinReference4306
reactome:ProteinReference937,abstraction:ControlsStateChangeOf,reactome:ProteinReference914
reactome:ProteinReference5240,abstraction:ControlsStateChangeOf,reactome:ProteinReference10645
reactome:ProteinReference362,abstraction:ControlsStateChangeOf,reactome:ProteinReference6710
reactome:ProteinReference967,abstraction:ControlsStateChangeOf,reactome:ProteinReference920
reactome:ProteinReference938,abstraction:ControlsStateChangeOf,reactome:ProteinReference910
reactome:ProteinReference3637,abstraction:ControlsStateChangeOf,reactome:ProteinReference6401
reactome:ProteinReference789,abstraction:ControlsStateChangeOf,reactome:ProteinReference8646
reactome:ProteinReference5597,abstraction:ControlsStateChangeOf,reactome:ProteinReference1013
reactome:ProteinReference12169,abstraction:ControlsStateChangeOf,reactome:ProteinReference5228
reactome:ProteinReference909,abstraction:ControlsStateChangeOf,reactome:ProteinReference910
reactome:ProteinReference4660,abstraction:ControlsStateChangeOf,reactome:ProteinReference5396
reactome:ProteinReference4659,abstraction:ControlsStateChangeOf,reactome:ProteinReference11330
reactome:ProteinReference1088,abstraction:ControlsStateChangeOf,reactome:ProteinReference4530
reactome:ProteinReference7842,abstraction:ControlsStateChangeOf,reactome:ProteinReference6401
reactome:ProteinReference1837,abstraction:ControlsStateChangeOf,reactome:ProteinReference1834
reactome:ProteinReference104,abstraction:ControlsStateChangeOf,reactome:ProteinReference8098
reactome:ProteinReference7647,abstraction:ControlsStateChangeOf,reactome:ProteinReference6947
reactome:ProteinReference4302,abstraction:ControlsStateChangeOf,reactome:ProteinReference3518
reactome:ProteinReference610,abstraction:ControlsStateChangeOf,reactome:ProteinReference8907
reactome:ProteinReference930,abstraction:ControlsStateChangeOf,reactome:ProteinReference924
reactome:ProteinReference8102,abstraction:ControlsStateChangeOf,reactome:ProteinReference12140
reactome:ProteinReference801,abstraction:ControlsStateChangeOf,reactome:ProteinReference8741
reactome:ProteinReference1984,abstraction:ControlsStateChangeOf,reactome:ProteinReference1966
reactome:ProteinReference5838,abstraction:ControlsStateChangeOf,reactome:ProteinReference7750
reactome:ProteinReference771,abstraction:ControlsStateChangeOf,reactome:ProteinReference4440
reactome:ProteinReference6291,abstraction:ControlsStateChangeOf,reactome:ProteinReference4583
reactome:ProteinReference9459,abstraction:ControlsStateChangeOf,reactome:ProteinReference7750
reactome:ProteinReference4321,abstraction:ControlsStateChangeOf,reactome:ProteinReference8299
reactome:ProteinReference4405,abstraction:ControlsStateChangeOf,reactome:ProteinReference2843
reactome:ProteinReference911,abstraction:ControlsStateChangeOf,reactome:ProteinReference912
reactome:ProteinReference5443,abstraction:ControlsStateChangeOf,reactome:ProteinReference6711
reactome:ProteinReference6026,abstraction:ControlsStateChangeOf,reactome:ProteinReference5031
reactome:ProteinReference881,abstraction:ControlsStateChangeOf,reactome:ProteinReference873
reactome:ProteinReference5507,abstraction:ControlsStateChangeOf,reactome:ProteinReference5765
reactome:ProteinReference5864,abstraction:ControlsStateChangeOf,reactome:ProteinReference9468
reactome:ProteinReference932,abstraction:ControlsStateChangeOf,reactome:ProteinReference908
reactome:ProteinReference937,abstraction:ControlsStateChangeOf,reactome:ProteinReference910
reactome:ProteinReference4514,abstraction:ControlsStateChangeOf,reactome:ProteinReference4520
reactome:ProteinReference9469,abstraction:ControlsStateChangeOf,reactome:ProteinReference1013
reactome:ProteinReference5632,abstraction:ControlsStateChangeOf,reactome:ProteinReference11467
reactome:ProteinReference1735,abstraction:ControlsStateChangeOf,reactome:ProteinReference4422
reactome:ProteinReference8297,abstraction:ControlsStateChangeOf,reactome:ProteinReference5396
reactome:ProteinReference3601,abstraction:ControlsStateChangeOf,reactome:ProteinReference10971
reactome:ProteinReference5140,abstraction:ControlsStateChangeOf,reactome:ProteinReference5424
reactome:ProteinReference7568,abstraction:ControlsStateChangeOf,reactome:ProteinReference6850
reactome:ProteinReference5599,abstraction:ControlsStateChangeOf,reactome:ProteinReference5600
reactome:ProteinReference8102,abstraction:ControlsStateChangeOf,reactome:ProteinReference10978
reactome:ProteinReference933,abstraction:ControlsStateChangeOf,reactome:ProteinReference913
reactome:ProteinReference8788,abstraction:ControlsStateChangeOf,reactome:ProteinReference8563
reactome:ProteinReference944,abstraction:ControlsStateChangeOf,reactome:ProteinReference908
reactome:ProteinReference6897,abstraction:ControlsStateChangeOf,reactome:ProteinReference4393
reactome:ProteinReference4453,abstraction:ControlsStateChangeOf,reactome:ProteinReference5243
reactome:ProteinReference5617,abstraction:ControlsStateChangeOf,reactome:ProteinReference5757
reactome:ProteinReference4105,abstraction:ControlsStateChangeOf,reactome:ProteinReference8795
reactome:ProteinReference4517,abstraction:ControlsStateChangeOf,reactome:ProteinReference4527
reactome:ProteinReference357,abstraction:ControlsStateChangeOf,reactome:ProteinReference6711
reactome:ProteinReference797,abstraction:ControlsStateChangeOf,reactome:ProteinReference8649
reactome:ProteinReference4493,abstraction:ControlsStateChangeOf,reactome:ProteinReference6089
reactome:ProteinReference3621,abstraction:ControlsStateChangeOf,reactome:ProteinReference6780
reactome:ProteinReference7445,abstraction:ControlsStateChangeOf,reactome:ProteinReference8286
reactome:ProteinReference6510,abstraction:ControlsStateChangeOf,reactome:ProteinReference6171
reactome:ProteinReference951,abstraction:ControlsStateChangeOf,reactome:ProteinReference914
reactome:ProteinReference4112,abstraction:ControlsStateChangeOf,reactome:ProteinReference8773
reactome:ProteinReference9019,abstraction:ControlsStateChangeOf,reactome:ProteinReference4458
reactome:ProteinReference4363,abstraction:ControlsStateChangeOf,reactome:ProteinReference3512
reactome:ProteinReference5937,abstraction:ControlsStateChangeOf,reactome:ProteinReference3336
reactome:ProteinReference2199,abstraction:ControlsStateChangeOf,reactome:ProteinReference1172
reactome:ProteinReference972,abstraction:ControlsStateChangeOf,reactome:ProteinReference922
reactome:ProteinReference943,abstraction:ControlsStateChangeOf,reactome:ProteinReference914
reactome:ProteinReference8406,abstraction:ControlsStateChangeOf,reactome:ProteinReference8402
reactome:ProteinReference7517,abstraction:ControlsStateChangeOf,reactome:ProteinReference6173
reactome:ProteinReference6102,abstraction:ControlsStateChangeOf,reactome:ProteinReference4520
reactome:ProteinReference5389,abstraction:ControlsStateChangeOf,reactome:ProteinReference5243
reactome:ProteinReference4045,abstraction:ControlsStateChangeOf,reactome:ProteinReference4027
reactome:ProteinReference4515,abstraction:ControlsStateChangeOf,reactome:ProteinReference4520
reactome:ProteinReference3728,abstraction:ControlsStateChangeOf,reactome:ProteinReference5132
reactome:ProteinReference9008,abstraction:ControlsStateChangeOf,reactome:ProteinReference4522
reactome:ProteinReference784,abstraction:ControlsStateChangeOf,reactome:ProteinReference4387
reactome:ProteinReference5840,abstraction:ControlsStateChangeOf,reactome:ProteinReference7750
reactome:ProteinReference4401,abstraction:ControlsStateChangeOf,reactome:ProteinReference4394
reactome:ProteinReference5807,abstraction:ControlsStateChangeOf,reactome:ProteinReference9468
reactome:ProteinReference4514,abstraction:ControlsStateChangeOf,reactome:ProteinReference4526
reactome:ProteinReference10802,abstraction:ControlsStateChangeOf,reactome:ProteinReference5244
reactome:ProteinReference5856,abstraction:ControlsStateChangeOf,reactome:ProteinReference7750
reactome:ProteinReference4690,abstraction:ControlsStateChangeOf,reactome:ProteinReference1339
reactome:ProteinReference4045,abstraction:ControlsStateChangeOf,reactome:ProteinReference3997
reactome:ProteinReference9026,abstraction:ControlsStateChangeOf,reactome:ProteinReference4530
reactome:ProteinReference8167,abstraction:ControlsStateChangeOf,reactome:ProteinReference6401
reactome:ProteinReference8777,abstraction:ControlsStateChangeOf,reactome:ProteinReference8785
reactome:ProteinReference773,abstraction:ControlsStateChangeOf,reactome:ProteinReference8741
reactome:ProteinReference9003,abstraction:ControlsStateChangeOf,reactome:ProteinReference5243
reactome:ProteinReference3337,abstraction:ControlsStateChangeOf,reactome:ProteinReference4530
reactome:ProteinReference3719,abstraction:ControlsStateChangeOf,reactome:ProteinReference8795
reactome:ProteinReference1757,abstraction:ControlsStateChangeOf,reactome:ProteinReference5189
reactome:ProteinReference450,abstraction:ControlsStateChangeOf,reactome:ProteinReference7755
reactome:ProteinReference4376,abstraction:ControlsStateChangeOf,reactome:ProteinReference4440
reactome:ProteinReference3602,abstraction:ControlsStateChangeOf,reactome:ProteinReference5050
reactome:ProteinReference951,abstraction:ControlsStateChangeOf,reactome:ProteinReference910
reactome:ProteinReference3714,abstraction:ControlsStateChangeOf,reactome:ProteinReference3598
reactome:ProteinReference5850,abstraction:ControlsStateChangeOf,reactome:ProteinReference7750
reactome:ProteinReference4342,abstraction:ControlsStateChangeOf,reactome:ProteinReference4310
reactome:ProteinReference8183,abstraction:ControlsStateChangeOf,reactome:ProteinReference8184
reactome:ProteinReference363,abstraction:ControlsStateChangeOf,reactome:ProteinReference6878
reactome:ProteinReference912,abstraction:ControlsStateChangeOf,reactome:ProteinReference916
reactome:ProteinReference916,abstraction:ControlsStateChangeOf,reactome:ProteinReference915
reactome:ProteinReference770,abstraction:ControlsStateChangeOf,reactome:ProteinReference4470
reactome:ProteinReference5783,abstraction:ControlsStateChangeOf,reactome:ProteinReference7750
reactome:ProteinReference907,abstraction:ControlsStateChangeOf,reactome:ProteinReference909
reactome:ProteinReference9039,abstraction:ControlsStateChangeOf,reactome:ProteinReference4458
reactome:ProteinReference882,abstraction:ControlsStateChangeOf,reactome:ProteinReference875
reactome:ProteinReference5863,abstraction:ControlsStateChangeOf,reactome:ProteinReference7750
reactome:ProteinReference6101,abstraction:ControlsStateChangeOf,reactome:ProteinReference4520
reactome:ProteinReference4513,abstraction:ControlsStateChangeOf,reactome:ProteinReference4530
reactome:ProteinReference1736,abstraction:ControlsStateChangeOf,reactome:ProteinReference8907
reactome:ProteinReference9008,abstraction:ControlsStateChangeOf,reactome:ProteinReference4521
reactome:ProteinReference4342,abstraction:ControlsStateChangeOf,reactome:ProteinReference4317
reactome:ProteinReference5782,abstraction:ControlsStateChangeOf,reactome:ProteinReference6711
reactome:ProteinReference9029,abstraction:ControlsStateChangeOf,reactome:ProteinReference4523
reactome:ProteinReference917,abstraction:ControlsStateChangeOf,reactome:ProteinReference916
reactome:ProteinReference1670,abstraction:ControlsStateChangeOf,reactome:ProteinReference8907
reactome:ProteinReference7563,abstraction:ControlsStateChangeOf,reactome:ProteinReference7334
reactome:ProteinReference6633,abstraction:ControlsStateChangeOf,reactome:ProteinReference6629
reactome:ProteinReference779,abstraction:ControlsStateChangeOf,reactome:ProteinReference4470
reactome:ProteinReference8189,abstraction:ControlsStateChangeOf,reactome:ProteinReference9771
reactome:ProteinReference8445,abstraction:ControlsStateChangeOf,reactome:ProteinReference8532
reactome:ProteinReference6102,abstraction:ControlsStateChangeOf,reactome:ProteinReference4526
reactome:ProteinReference5780,abstraction:ControlsStateChangeOf,reactome:ProteinReference9468
reactome:ProteinReference6893,abstraction:ControlsStateChangeOf,reactome:ProteinReference10974
reactome:ProteinReference11117,abstraction:ControlsStateChangeOf,reactome:ProteinReference11118
reactome:ProteinReference1486,abstraction:ControlsStateChangeOf,reactome:ProteinReference6171
reactome:ProteinReference8400,abstraction:ControlsStateChangeOf,reactome:ProteinReference7799
reactome:ProteinReference7742,abstraction:ControlsStateChangeOf,reactome:ProteinReference8563
reactome:ProteinReference6527,abstraction:ControlsStateChangeOf,reactome:ProteinReference9771
reactome:ProteinReference4563,abstraction:ControlsStateChangeOf,reactome:ProteinReference5242
reactome:ProteinReference5852,abstraction:ControlsStateChangeOf,reactome:ProteinReference7750
reactome:ProteinReference433,abstraction:ControlsStateChangeOf,reactome:ProteinReference11282
reactome:ProteinReference1610,abstraction:ControlsStateChangeOf,reactome:ProteinReference1606
reactome:ProteinReference1061,abstraction:ControlsStateChangeOf,reactome:ProteinReference4557
reactome:ProteinReference4146,abstraction:ControlsStateChangeOf,reactome:ProteinReference3926
reactome:ProteinReference8943,abstraction:ControlsStateChangeOf,reactome:ProteinReference6932
reactome:ProteinReference4497,abstraction:ControlsStateChangeOf,reactome:ProteinReference2872
reactome:ProteinReference6048,abstraction:ControlsStateChangeOf,reactome:ProteinReference6850
reactome:ProteinReference769,abstraction:ControlsStateChangeOf,reactome:ProteinReference4470
reactome:ProteinReference665,abstraction:ControlsStateChangeOf,reactome:ProteinReference6270
reactome:ProteinReference4302,abstraction:ControlsStateChangeOf,reactome:ProteinReference4277
reactome:ProteinReference3864,abstraction:ControlsStateChangeOf,reactome:ProteinReference4529
reactome:ProteinReference907,abstraction:ControlsStateChangeOf,reactome:ProteinReference918
reactome:ProteinReference4398,abstraction:ControlsStateChangeOf,reactome:ProteinReference4424
reactome:ProteinReference4697,abstraction:ControlsStateChangeOf,reactome:ProteinReference5242
reactome:ProteinReference5424,abstraction:ControlsStateChangeOf,reactome:ProteinReference6133
reactome:ProteinReference936,abstraction:ControlsStateChangeOf,reactome:ProteinReference908
reactome:ProteinReference4501,abstraction:ControlsStateChangeOf,reactome:ProteinReference4458
reactome:ProteinReference4550,abstraction:ControlsStateChangeOf,reactome:ProteinReference10643
reactome:ProteinReference8442,abstraction:ControlsStateChangeOf,reactome:ProteinReference8533
reactome:ProteinReference4372,abstraction:ControlsStateChangeOf,reactome:ProteinReference4438
reactome:ProteinReference3726,abstraction:ControlsStateChangeOf,reactome:ProteinReference8889
reactome:ProteinReference833,abstraction:ControlsStateChangeOf,reactome:ProteinReference7509
reactome:ProteinReference6453,abstraction:ControlsStateChangeOf,reactome:ProteinReference7631
reactome:ProteinReference6620,abstraction:ControlsStateChangeOf,reactome:ProteinReference2042
reactome:ProteinReference6634,abstraction:ControlsStateChangeOf,reactome:ProteinReference6632
reactome:ProteinReference3726,abstraction:ControlsStateChangeOf,reactome:ProteinReference5132
reactome:ProteinReference931,abstraction:ControlsStateChangeOf,reactome:ProteinReference908
reactome:ProteinReference6619,abstraction:ControlsStateChangeOf,reactome:ProteinReference5254
reactome:ProteinReference8999,abstraction:ControlsStateChangeOf,reactome:ProteinReference5242
reactome:ProteinReference4517,abstraction:ControlsStateChangeOf,reactome:ProteinReference4522
reactome:ProteinReference4550,abstraction:ControlsStateChangeOf,reactome:ProteinReference10644
reactome:ProteinReference4109,abstraction:ControlsStateChangeOf,reactome:ProteinReference8795
reactome:ProteinReference4045,abstraction:ControlsStateChangeOf,reactome:ProteinReference4037
reactome:ProteinReference5570,abstraction:ControlsStateChangeOf,reactome:ProteinReference7740
reactome:ProteinReference3603,abstraction:ControlsStateChangeOf,reactome:ProteinReference6424
reactome:ProteinReference910,abstraction:ControlsStateChangeOf,reactome:ProteinReference912
reactome:ProteinReference4370,abstraction:ControlsStateChangeOf,reactome:ProteinReference4368
reactome:ProteinReference5564,abstraction:ControlsStateChangeOf,reactome:ProteinReference6168
reactome:ProteinReference1871,abstraction:ControlsStateChangeOf,reactome:ProteinReference1870
reactome:ProteinReference9027,abstraction:ControlsStateChangeOf,reactome:ProteinReference4528
reactome:ProteinReference104,abstraction:ControlsStateChangeOf,reactome:ProteinReference8287
reactome:ProteinReference5635,abstraction:ControlsStateChangeOf,reactome:ProteinReference6360
reactome:ProteinReference9013,abstraction:ControlsStateChangeOf,reactome:ProteinReference5242
reactome:ProteinReference9431,abstraction:ControlsStateChangeOf,reactome:ProteinReference4612
reactome:ProteinReference5423,abstraction:ControlsStateChangeOf,reactome:ProteinReference6133
reactome:ProteinReference796,abstraction:ControlsStateChangeOf,reactome:ProteinReference4440
reactome:ProteinReference10973,abstraction:ControlsStateChangeOf,reactome:ProteinReference7986
reactome:ProteinReference9008,abstraction:ControlsStateChangeOf,reactome:ProteinReference4523
reactome:ProteinReference1770,abstraction:ControlsStateChangeOf,reactome:ProteinReference5635
reactome:ProteinReference8808,abstraction:ControlsStateChangeOf,reactome:ProteinReference6850
reactome:ProteinReference915,abstraction:ControlsStateChangeOf,reactome:ProteinReference913
reactome:ProteinReference6566,abstraction:ControlsStateChangeOf,reactome:ProteinReference11417
reactome:ProteinReference9029,abstraction:ControlsStateChangeOf,reactome:ProteinReference4458
reactome:ProteinReference812,abstraction:ControlsStateChangeOf,reactome:ProteinReference6167
reactome:ProteinReference4687,abstraction:ControlsStateChangeOf,reactome:ProteinReference57
reactome:ProteinReference10881,abstraction:ControlsStateChangeOf,reactome:ProteinReference8091
reactome:ProteinReference797,abstraction:ControlsStateChangeOf,reactome:ProteinReference8646
reactome:ProteinReference4302,abstraction:ControlsStateChangeOf,reactome:ProteinReference4290
reactome:ProteinReference5809,abstraction:ControlsStateChangeOf,reactome:ProteinReference7750
reactome:ProteinReference6634,abstraction:ControlsStateChangeOf,reactome:ProteinReference6625
reactome:ProteinReference909,abstraction:ControlsStateChangeOf,reactome:ProteinReference911
reactome:ProteinReference4348,abstraction:ControlsStateChangeOf,reactome:ProteinReference4317
reactome:ProteinReference7643,abstraction:ControlsStateChangeOf,reactome:ProteinReference6290
reactome:ProteinReference8366,abstraction:ControlsStateChangeOf,reactome:ProteinReference8369
reactome:ProteinReference6161,abstraction:ControlsStateChangeOf,reactome:ProteinReference4551
reactome:ProteinReference9008,abstraction:ControlsStateChangeOf,reactome:ProteinReference5242
reactome:ProteinReference4517,abstraction:ControlsStateChangeOf,reactome:ProteinReference4521
reactome:ProteinReference773,abstraction:ControlsStateChangeOf,reactome:ProteinReference8652
reactome:ProteinReference4183,abstraction:ControlsStateChangeOf,reactome:ProteinReference1667
reactome:ProteinReference774,abstraction:ControlsStateChangeOf,reactome:ProteinReference4387
reactome:ProteinReference6858,abstraction:ControlsStateChangeOf,reactome:ProteinReference8091
reactome:ProteinReference914,abstraction:ControlsStateChangeOf,reactome:ProteinReference908
reactome:ProteinReference4045,abstraction:ControlsStateChangeOf,reactome:ProteinReference3990
reactome:ProteinReference5864,abstraction:ControlsStateChangeOf,reactome:ProteinReference6711
reactome:ProteinReference8207,abstraction:ControlsStateChangeOf,reactome:ProteinReference6088
reactome:ProteinReference1610,abstraction:ControlsStateChangeOf,reactome:ProteinReference1603
reactome:ProteinReference6204,abstraction:ControlsStateChangeOf,reactome:ProteinReference642
reactome:ProteinReference4301,abstraction:ControlsStateChangeOf,reactome:ProteinReference4276
reactome:ProteinReference4635,abstraction:ControlsStateChangeOf,reactome:ProteinReference10911
reactome:ProteinReference3943,abstraction:ControlsStateChangeOf,reactome:ProteinReference5755
reactome:ProteinReference3981,abstraction:ControlsStateChangeOf,reactome:ProteinReference3979
reactome:ProteinReference4659,abstraction:ControlsStateChangeOf,reactome:ProteinReference11288
reactome:ProteinReference659,abstraction:ControlsStateChangeOf,reactome:ProteinReference3585
reactome:ProteinReference768,abstraction:ControlsStateChangeOf,reactome:ProteinReference4445
reactome:ProteinReference8225,abstraction:ControlsStateChangeOf,reactome:ProteinReference6092
reactome:ProteinReference6620,abstraction:ControlsStateChangeOf,reactome:ProteinReference1979
reactome:ProteinReference9034,abstraction:ControlsStateChangeOf,reactome:ProteinReference4526
reactome:ProteinReference6620,abstraction:ControlsStateChangeOf,reactome:ProteinReference1863
reactome:ProteinReference664,abstraction:ControlsStateChangeOf,reactome:ProteinReference6273
reactome:ProteinReference3336,abstraction:ControlsStateChangeOf,reactome:ProteinReference4521
reactome:ProteinReference4302,abstraction:ControlsStateChangeOf,reactome:ProteinReference4275
reactome:ProteinReference6613,abstraction:ControlsStateChangeOf,reactome:ProteinReference6401
reactome:ProteinReference4383,abstraction:ControlsStateChangeOf,reactome:ProteinReference2850
reactome:ProteinReference5510,abstraction:ControlsStateChangeOf,reactome:ProteinReference7740
reactome:ProteinReference955,abstraction:ControlsStateChangeOf,reactome:ProteinReference911
reactome:ProteinReference778,abstraction:ControlsStateChangeOf,reactome:ProteinReference8649
reactome:ProteinReference4341,abstraction:ControlsStateChangeOf,reactome:ProteinReference4313
reactome:ProteinReference812,abstraction:ControlsStateChangeOf,reactome:ProteinReference7451
reactome:ProteinReference773,abstraction:ControlsStateChangeOf,reactome:ProteinReference4455
reactome:ProteinReference4302,abstraction:ControlsStateChangeOf,reactome:ProteinReference4292
reactome:ProteinReference5848,abstraction:ControlsStateChangeOf,reactome:ProteinReference7750
reactome:ProteinReference9077,abstraction:ControlsStateChangeOf,reactome:ProteinReference4458
reactome:ProteinReference5161,abstraction:ControlsStateChangeOf,reactome:ProteinReference5162
reactome:ProteinReference3603,abstraction:ControlsStateChangeOf,reactome:ProteinReference9937
reactome:ProteinReference6618,abstraction:ControlsStateChangeOf,reactome:ProteinReference6617
reactome:ProteinReference9008,abstraction:ControlsStateChangeOf,reactome:ProteinReference4458
reactome:ProteinReference5963,abstraction:ControlsStateChangeOf,reactome:ProteinReference5327
reactome:ProteinReference5139,abstraction:ControlsStateChangeOf,reactome:ProteinReference5133
reactome:ProteinReference4073,abstraction:ControlsStateChangeOf,reactome:ProteinReference4316
reactome:ProteinReference4045,abstraction:ControlsStateChangeOf,reactome:ProteinReference4001
reactome:ProteinReference774,abstraction:ControlsStateChangeOf,reactome:ProteinReference8741
reactome:ProteinReference3604,abstraction:ControlsStateChangeOf,reactome:ProteinReference6780
reactome:ProteinReference929,abstraction:ControlsStateChangeOf,reactome:ProteinReference910
reactome:ProteinReference5782,abstraction:ControlsStateChangeOf,reactome:ProteinReference7750
reactome:ProteinReference5423,abstraction:ControlsStateChangeOf,reactome:ProteinReference10933
reactome:ProteinReference771,abstraction:ControlsStateChangeOf,reactome:ProteinReference8741
reactome:ProteinReference4073,abstraction:ControlsStateChangeOf,reactome:ProteinReference4319
reactome:ProteinReference9000,abstraction:ControlsStateChangeOf,reactome:ProteinReference5242
reactome:ProteinReference917,abstraction:ControlsStateChangeOf,reactome:ProteinReference915
reactome:ProteinReference913,abstraction:ControlsStateChangeOf,reactome:ProteinReference908
reactome:ProteinReference880,abstraction:ControlsStateChangeOf,reactome:ProteinReference874
reactome:ProteinReference5807,abstraction:ControlsStateChangeOf,reactome:ProteinReference6711
reactome:ProteinReference6855,abstraction:ControlsStateChangeOf,reactome:ProteinReference5295
reactome:ProteinReference9125,abstraction:ControlsStateChangeOf,reactome:ProteinReference5595
reactome:ProteinReference780,abstraction:ControlsStateChangeOf,reactome:ProteinReference2834
reactome:ProteinReference785,abstraction:ControlsStateChangeOf,reactome:ProteinReference8652
reactome:ProteinReference6291,abstraction:ControlsStateChangeOf,reactome:ProteinReference4494
reactome:ProteinReference6135,abstraction:ControlsStateChangeOf,reactome:ProteinReference6134
reactome:ProteinReference10976,abstraction:ControlsStateChangeOf,reactome:ProteinReference10978
reactome:ProteinReference6531,abstraction:ControlsStateChangeOf,reactome:ProteinReference5507
reactome:ProteinReference5223,abstraction:ControlsStateChangeOf,reactome:ProteinReference10972
reactome:ProteinReference7549,abstraction:ControlsStateChangeOf,reactome:ProteinReference7511
reactome:ProteinReference5140,abstraction:ControlsStateChangeOf,reactome:ProteinReference5133
reactome:ProteinReference4648,abstraction:ControlsStateChangeOf,reactome:ProteinReference6617
reactome:ProteinReference4532,abstraction:ControlsStateChangeOf,reactome:ProteinReference4527
reactome:ProteinReference1610,abstraction:ControlsStateChangeOf,reactome:ProteinReference1608
reactome:ProteinReference794,abstraction:ControlsStateChangeOf,reactome:ProteinReference4445
reactome:ProteinReference5599,abstraction:ControlsStateChangeOf,reactome:ProteinReference5632
reactome:ProteinReference1153,abstraction:ControlsStateChangeOf,reactome:ProteinReference5243
reactome:ProteinReference4045,abstraction:ControlsStateChangeOf,reactome:ProteinReference4029
reactome:ProteinReference916,abstraction:ControlsStateChangeOf,reactome:ProteinReference908
reactome:ProteinReference776,abstraction:ControlsStateChangeOf,reactome:ProteinReference4470
reactome:ProteinReference4395,abstraction:ControlsStateChangeOf,reactome:ProteinReference4406
reactome:ProteinReference1272,abstraction:ControlsStateChangeOf,reactome:ProteinReference6525
reactome:ProteinReference1850,abstraction:ControlsStateChangeOf,reactome:ProteinReference1148
reactome:ProteinReference769,abstraction:ControlsStateChangeOf,reactome:ProteinReference8646
reactome:ProteinReference909,abstraction:ControlsStateChangeOf,reactome:ProteinReference907
reactome:ProteinReference9086,abstraction:ControlsStateChangeOf,reactome:ProteinReference4528
reactome:ProteinReference10953,abstraction:ControlsStateChangeOf,reactome:ProteinReference7986
reactome:ProteinReference951,abstraction:ControlsStateChangeOf,reactome:ProteinReference911
reactome:ProteinReference6100,abstraction:ControlsStateChangeOf,reactome:ProteinReference7826
reactome:ProteinReference4344,abstraction:ControlsStateChangeOf,reactome:ProteinReference4313
reactome:ProteinReference3336,abstraction:ControlsStateChangeOf,reactome:ProteinReference4523
reactome:ProteinReference6099,abstraction:ControlsStateChangeOf,reactome:ProteinReference5242
reactome:ProteinReference3601,abstraction:ControlsStateChangeOf,reactome:ProteinReference6173
reactome:ProteinReference659,abstraction:ControlsStateChangeOf,reactome:ProteinReference5216
reactome:ProteinReference788,abstraction:ControlsStateChangeOf,reactome:ProteinReference4445
reactome:ProteinReference1799,abstraction:ControlsStateChangeOf,reactome:ProteinReference5133
reactome:ProteinReference785,abstraction:ControlsStateChangeOf,reactome:ProteinReference4455
reactome:ProteinReference4045,abstraction:ControlsStateChangeOf,reactome:ProteinReference4000
reactome:ProteinReference6621,abstraction:ControlsStateChangeOf,reactome:ProteinReference1864
reactome:ProteinReference3096,abstraction:ControlsStateChangeOf,reactome:ProteinReference6090
reactome:ProteinReference5780,abstraction:ControlsStateChangeOf,reactome:ProteinReference6711
reactome:ProteinReference9025,abstraction:ControlsStateChangeOf,reactome:ProteinReference4528
reactome:ProteinReference933,abstraction:ControlsStateChangeOf,reactome:ProteinReference908
reactome:ProteinReference1736,abstraction:ControlsStateChangeOf,reactome:ProteinReference1064
reactome:ProteinReference1436,abstraction:ControlsStateChangeOf,reactome:ProteinReference5036
reactome:ProteinReference4073,abstraction:ControlsStateChangeOf,reactome:ProteinReference4318
reactome:ProteinReference6619,abstraction:ControlsStateChangeOf,reactome:ProteinReference1901
reactome:ProteinReference3336,abstraction:ControlsStateChangeOf,reactome:ProteinReference5242
reactome:ProteinReference8418,abstraction:ControlsStateChangeOf,reactome:ProteinReference8414
reactome:ProteinReference8425,abstraction:ControlsStateChangeOf,reactome:ProteinReference8406
reactome:ProteinReference943,abstraction:ControlsStateChangeOf,reactome:ProteinReference909
reactome:ProteinReference3100,abstraction:ControlsStateChangeOf,reactome:ProteinReference7820
reactome:ProteinReference3588,abstraction:ControlsStateChangeOf,reactome:ProteinReference3507
reactome:ProteinReference1088,abstraction:ControlsStateChangeOf,reactome:ProteinReference4526
reactome:ProteinReference3940,abstraction:ControlsStateChangeOf,reactome:ProteinReference3733
reactome:ProteinReference787,abstraction:ControlsStateChangeOf,reactome:ProteinReference798
reactome:ProteinReference9936,abstraction:ControlsStateChangeOf,reactome:ProteinReference8051
reactome:ProteinReference5222,abstraction:ControlsStateChangeOf,reactome:ProteinReference8224
reactome:ProteinReference5834,abstraction:ControlsStateChangeOf,reactome:ProteinReference9468
reactome:ProteinReference955,abstraction:ControlsStateChangeOf,reactome:ProteinReference907
reactome:ProteinReference6633,abstraction:ControlsStateChangeOf,reactome:ProteinReference6623
reactome:ProteinReference784,abstraction:ControlsStateChangeOf,reactome:ProteinReference8651
reactome:ProteinReference6161,abstraction:ControlsStateChangeOf,reactome:ProteinReference4554
reactome:ProteinReference3586,abstraction:ControlsStateChangeOf,reactome:ProteinReference5050
reactome:ProteinReference5306,abstraction:ControlsStateChangeOf,reactome:ProteinReference6116
reactome:ProteinReference4566,abstraction:ControlsStateChangeOf,reactome:ProteinReference4522
reactome:ProteinReference3602,abstraction:ControlsStateChangeOf,reactome:ProteinReference10953
reactome:ProteinReference5424,abstraction:ControlsStateChangeOf,reactome:ProteinReference4588
reactome:ProteinReference775,abstraction:ControlsStateChangeOf,reactome:ProteinReference4387
reactome:ProteinReference3603,abstraction:ControlsStateChangeOf,reactome:ProteinReference9914
reactome:ProteinReference5794,abstraction:ControlsStateChangeOf,reactome:ProteinReference9468
reactome:ProteinReference7741,abstraction:ControlsStateChangeOf,reactome:ProteinReference7740
reactome:ProteinReference930,abstraction:ControlsStateChangeOf,reactome:ProteinReference925
reactome:ProteinReference4372,abstraction:ControlsStateChangeOf,reactome:ProteinReference2850
reactome:ProteinReference4660,abstraction:ControlsStateChangeOf,reactome:ProteinReference8309
reactome:ProteinReference1735,abstraction:ControlsStateChangeOf,reactome:ProteinReference4484
reactome:ProteinReference433,abstraction:ControlsStateChangeOf,reactome:ProteinReference4887
reactome:ProteinReference8900,abstraction:ControlsStateChangeOf,reactome:ProteinReference6401
reactome:ProteinReference5114,abstraction:ControlsStateChangeOf,reactome:ProteinReference642
reactome:ProteinReference5864,abstraction:ControlsStateChangeOf,reactome:ProteinReference7750
reactome:ProteinReference6780,abstraction:ControlsStateChangeOf,reactome:ProteinReference6096
reactome:ProteinReference3851,abstraction:ControlsStateChangeOf,reactome:ProteinReference5031
reactome:ProteinReference943,abstraction:ControlsStateChangeOf,reactome:ProteinReference918
reactome:ProteinReference4514,abstraction:ControlsStateChangeOf,reactome:ProteinReference4525
reactome:ProteinReference7687,abstraction:ControlsStateChangeOf,reactome:ProteinReference7657
reactome:ProteinReference964,abstraction:ControlsStateChangeOf,reactome:ProteinReference921
reactome:ProteinReference7502,abstraction:ControlsStateChangeOf,reactome:ProteinReference5239
reactome:ProteinReference6745,abstraction:ControlsStateChangeOf,reactome:ProteinReference5507
reactome:ProteinReference6829,abstraction:ControlsStateChangeOf,reactome:ProteinReference8092
reactome:ProteinReference4302,abstraction:ControlsStateChangeOf,reactome:ProteinReference4284
reactome:ProteinReference3336,abstraction:ControlsStateChangeOf,reactome:ProteinReference4458
reactome:ProteinReference5423,abstraction:ControlsStateChangeOf,reactome:ProteinReference4588
reactome:ProteinReference4372,abstraction:ControlsStateChangeOf,reactome:ProteinReference11256
reactome:ProteinReference4341,abstraction:ControlsStateChangeOf,reactome:ProteinReference4304
reactome:ProteinReference4566,abstraction:ControlsStateChangeOf,reactome:ProteinReference4521
reactome:ProteinReference4302,abstraction:ControlsStateChangeOf,reactome:ProteinReference4287
reactome:ProteinReference8355,abstraction:ControlsStateChangeOf,reactome:ProteinReference1798
reactome:ProteinReference7563,abstraction:ControlsStateChangeOf,reactome:ProteinReference7327
reactome:ProteinReference8997,abstraction:ControlsStateChangeOf,reactome:ProteinReference5242
reactome:ProteinReference8116,abstraction:ControlsStateChangeOf,reactome:ProteinReference5967
reactome:ProteinReference3620,abstraction:ControlsStateChangeOf,reactome:ProteinReference5605
reactome:ProteinReference5149,abstraction:ControlsStateChangeOf,reactome:ProteinReference1083
reactome:ProteinReference4372,abstraction:ControlsStateChangeOf,reactome:ProteinReference4442
reactome:ProteinReference934,abstraction:ControlsStateChangeOf,reactome:ProteinReference921
reactome:ProteinReference778,abstraction:ControlsStateChangeOf,reactome:ProteinReference8646
reactome:ProteinReference1849,abstraction:ControlsStateChangeOf,reactome:ProteinReference1148
reactome:ProteinReference3567,abstraction:ControlsStateChangeOf,reactome:ProteinReference3622
reactome:ProteinReference771,abstraction:ControlsStateChangeOf,reactome:ProteinReference8652
reactome:ProteinReference4073,abstraction:ControlsStateChangeOf,reactome:ProteinReference4311
reactome:ProteinReference5844,abstraction:ControlsStateChangeOf,reactome:ProteinReference9468
reactome:ProteinReference433,abstraction:ControlsStateChangeOf,reactome:ProteinReference4611
reactome:ProteinReference908,abstraction:ControlsStateChangeOf,reactome:ProteinReference914
reactome:ProteinReference781,abstraction:ControlsStateChangeOf,reactome:ProteinReference2834
reactome:ProteinReference3714,abstraction:ControlsStateChangeOf,reactome:ProteinReference6932
reactome:ProteinReference1611,abstraction:ControlsStateChangeOf,reactome:ProteinReference1604
reactome:ProteinReference5841,abstraction:ControlsStateChangeOf,reactome:ProteinReference7750
reactome:ProteinReference6620,abstraction:ControlsStateChangeOf,reactome:ProteinReference1865
reactome:ProteinReference932,abstraction:ControlsStateChangeOf,reactome:ProteinReference924
reactome:ProteinReference4842,abstraction:ControlsStateChangeOf,reactome:ProteinReference1965
reactome:ProteinReference4301,abstraction:ControlsStateChangeOf,reactome:ProteinReference4280
reactome:ProteinReference3098,abstraction:ControlsStateChangeOf,reactome:ProteinReference1579
reactome:ProteinReference11371,abstraction:ControlsStateChangeOf,reactome:ProteinReference1341
reactome:ProteinReference4532,abstraction:ControlsStateChangeOf,reactome:ProteinReference4522
reactome:ProteinReference6102,abstraction:ControlsStateChangeOf,reactome:ProteinReference4525
reactome:ProteinReference6092,abstraction:ControlsStateChangeOf,reactome:ProteinReference6096
reactome:ProteinReference4045,abstraction:ControlsStateChangeOf,reactome:ProteinReference3995
reactome:ProteinReference9026,abstraction:ControlsStateChangeOf,reactome:ProteinReference4526
reactome:ProteinReference3725,abstraction:ControlsStateChangeOf,reactome:ProteinReference5133
reactome:ProteinReference4341,abstraction:ControlsStateChangeOf,reactome:ProteinReference4308
reactome:ProteinReference7829,abstraction:ControlsStateChangeOf,reactome:ProteinReference7830
reactome:ProteinReference3836,abstraction:ControlsStateChangeOf,reactome:ProteinReference4612
reactome:ProteinReference884,abstraction:ControlsStateChangeOf,reactome:ProteinReference873
reactome:ProteinReference8360,abstraction:ControlsStateChangeOf,reactome:ProteinReference1800
reactome:ProteinReference1126,abstraction:ControlsStateChangeOf,reactome:ProteinReference6401
reactome:ProteinReference771,abstraction:ControlsStateChangeOf,reactome:ProteinReference4455
reactome:ProteinReference448,abstraction:ControlsStateChangeOf,reactome:ProteinReference7755
reactome:ProteinReference4372,abstraction:ControlsStateChangeOf,reactome:ProteinReference4457
reactome:ProteinReference883,abstraction:ControlsStateChangeOf,reactome:ProteinReference878
reactome:ProteinReference1812,abstraction:ControlsStateChangeOf,reactome:ProteinReference8571
reactome:ProteinReference4531,abstraction:ControlsStateChangeOf,reactome:ProteinReference4527
reactome:ProteinReference887,abstraction:ControlsStateChangeOf,reactome:ProteinReference6932
reactome:ProteinReference8592,abstraction:ControlsStateChangeOf,reactome:ProteinReference5242
reactome:ProteinReference4499,abstraction:ControlsStateChangeOf,reactome:ProteinReference4524
reactome:ProteinReference796,abstraction:ControlsStateChangeOf,reactome:ProteinReference8741
reactome:ProteinReference9936,abstraction:ControlsStateChangeOf,reactome:ProteinReference8310
reactome:ProteinReference7761,abstraction:ControlsStateChangeOf,reactome:ProteinReference2847
reactome:ProteinReference4516,abstraction:ControlsStateChangeOf,reactome:ProteinReference4527
reactome:ProteinReference4344,abstraction:ControlsStateChangeOf,reactome:ProteinReference4304
reactome:ProteinReference366,abstraction:ControlsStateChangeOf,reactome:ProteinReference6878
reactome:ProteinReference6620,abstraction:ControlsStateChangeOf,reactome:ProteinReference5267
reactome:ProteinReference930,abstraction:ControlsStateChangeOf,reactome:ProteinReference920
reactome:ProteinReference6618,abstraction:ControlsStateChangeOf,reactome:ProteinReference10459
reactome:ProteinReference4106,abstraction:ControlsStateChangeOf,reactome:ProteinReference3598
reactome:ProteinReference6780,abstraction:ControlsStateChangeOf,reactome:ProteinReference8310
reactome:ProteinReference4045,abstraction:ControlsStateChangeOf,reactome:ProteinReference656
reactome:ProteinReference5522,abstraction:ControlsStateChangeOf,reactome:ProteinReference7986
reactome:ProteinReference5859,abstraction:ControlsStateChangeOf,reactome:ProteinReference9468
reactome:ProteinReference912,abstraction:ControlsStateChangeOf,reactome:ProteinReference908
reactome:ProteinReference6230,abstraction:ControlsStateChangeOf,reactome:ProteinReference7863
reactome:ProteinReference782,abstraction:ControlsStateChangeOf,reactome:ProteinReference8741
reactome:ProteinReference812,abstraction:ControlsStateChangeOf,reactome:ProteinReference1815
reactome:ProteinReference4513,abstraction:ControlsStateChangeOf,reactome:ProteinReference4526
reactome:ProteinReference7868,abstraction:ControlsStateChangeOf,reactome:ProteinReference6816
reactome:ProteinReference5294,abstraction:ControlsStateChangeOf,reactome:ProteinReference5239
reactome:ProteinReference931,abstraction:ControlsStateChangeOf,reactome:ProteinReference921
reactome:ProteinReference3850,abstraction:ControlsStateChangeOf,reactome:ProteinReference7511
reactome:ProteinReference974,abstraction:ControlsStateChangeOf,reactome:ProteinReference921
reactome:ProteinReference4532,abstraction:ControlsStateChangeOf,reactome:ProteinReference4521
reactome:ProteinReference4566,abstraction:ControlsStateChangeOf,reactome:ProteinReference4523
reactome:ProteinReference799,abstraction:ControlsStateChangeOf,reactome:ProteinReference8651
reactome:ProteinReference6230,abstraction:ControlsStateChangeOf,reactome:ProteinReference8183
reactome:ProteinReference4383,abstraction:ControlsStateChangeOf,reactome:ProteinReference4486
reactome:ProteinReference801,abstraction:ControlsStateChangeOf,reactome:ProteinReference4470
reactome:ProteinReference9081,abstraction:ControlsStateChangeOf,reactome:ProteinReference5242
reactome:ProteinReference4499,abstraction:ControlsStateChangeOf,reactome:ProteinReference4529
reactome:ProteinReference930,abstraction:ControlsStateChangeOf,reactome:ProteinReference923
reactome:ProteinReference10971,abstraction:ControlsStateChangeOf,reactome:ProteinReference7986
reactome:ProteinReference8102,abstraction:ControlsStateChangeOf,reactome:ProteinReference8098
reactome:ProteinReference5780,abstraction:ControlsStateChangeOf,reactome:ProteinReference7750
reactome:ProteinReference1438,abstraction:ControlsStateChangeOf,reactome:ProteinReference8886
reactome:ProteinReference964,abstraction:ControlsStateChangeOf,reactome:ProteinReference924
reactome:ProteinReference4548,abstraction:ControlsStateChangeOf,reactome:ProteinReference10646
reactome:ProteinReference4417,abstraction:ControlsStateChangeOf,reactome:ProteinReference1054
reactome:ProteinReference915,abstraction:ControlsStateChangeOf,reactome:ProteinReference908
reactome:ProteinReference929,abstraction:ControlsStateChangeOf,reactome:ProteinReference911
reactome:ProteinReference967,abstraction:ControlsStateChangeOf,reactome:ProteinReference919
reactome:ProteinReference4648,abstraction:ControlsStateChangeOf,reactome:ProteinReference10459
reactome:ProteinReference8193,abstraction:ControlsStateChangeOf,reactome:ProteinReference3448
reactome:ProteinReference7841,abstraction:ControlsStateChangeOf,reactome:ProteinReference6095
reactome:ProteinReference5002,abstraction:ControlsStateChangeOf,reactome:ProteinReference4458
reactome:ProteinReference8193,abstraction:ControlsStateChangeOf,reactome:ProteinReference8203
reactome:ProteinReference4344,abstraction:ControlsStateChangeOf,reactome:ProteinReference4308
reactome:ProteinReference3602,abstraction:ControlsStateChangeOf,reactome:ProteinReference10971
reactome:ProteinReference5224,abstraction:ControlsStateChangeOf,reactome:ProteinReference8224
reactome:ProteinReference9009,abstraction:ControlsStateChangeOf,reactome:ProteinReference5242
reactome:ProteinReference883,abstraction:ControlsStateChangeOf,reactome:ProteinReference873
reactome:ProteinReference812,abstraction:ControlsStateChangeOf,reactome:ProteinReference1804
reactome:ProteinReference4302,abstraction:ControlsStateChangeOf,reactome:ProteinReference4297
reactome:ProteinReference9722,abstraction:ControlsStateChangeOf,reactome:ProteinReference2847
reactome:ProteinReference8446,abstraction:ControlsStateChangeOf,reactome:ProteinReference8373
reactome:ProteinReference800,abstraction:ControlsStateChangeOf,reactome:ProteinReference8649
reactome:ProteinReference793,abstraction:ControlsStateChangeOf,reactome:ProteinReference4445
reactome:ProteinReference7641,abstraction:ControlsStateChangeOf,reactome:ProteinReference7646
reactome:ProteinReference6084,abstraction:ControlsStateChangeOf,reactome:ProteinReference6089
reactome:ProteinReference4843,abstraction:ControlsStateChangeOf,reactome:ProteinReference3730
reactome:ProteinReference360,abstraction:ControlsStateChangeOf,reactome:ProteinReference6711
reactome:ProteinReference3601,abstraction:ControlsStateChangeOf,reactome:ProteinReference10974
reactome:ProteinReference6905,abstraction:ControlsStateChangeOf,reactome:ProteinReference6439
reactome:ProteinReference7742,abstraction:ControlsStateChangeOf,reactome:ProteinReference5757
reactome:ProteinReference2099,abstraction:ControlsStateChangeOf,reactome:ProteinReference2095
reactome:ProteinReference8985,abstraction:ControlsStateChangeOf,reactome:ProteinReference5242
reactome:ProteinReference4403,abstraction:ControlsStateChangeOf,reactome:ProteinReference4490
reactome:ProteinReference4372,abstraction:ControlsStateChangeOf,reactome:ProteinReference4410
reactome:ProteinReference798,abstraction:ControlsStateChangeOf,reactome:ProteinReference8651
reactome:ProteinReference3603,abstraction:ControlsStateChangeOf,reactome:ProteinReference3098
reactome:ProteinReference9081,abstraction:ControlsStateChangeOf,reactome:ProteinReference4458
reactome:ProteinReference977,abstraction:ControlsStateChangeOf,reactome:ProteinReference921
reactome:ProteinReference3838,abstraction:ControlsStateChangeOf,reactome:ProteinReference4582
reactome:ProteinReference4354,abstraction:ControlsStateChangeOf,reactome:ProteinReference3598
reactome:ProteinReference6651,abstraction:ControlsStateChangeOf,reactome:ProteinReference6648
reactome:ProteinReference4070,abstraction:ControlsStateChangeOf,reactome:ProteinReference4313
reactome:ProteinReference8424,abstraction:ControlsStateChangeOf,reactome:ProteinReference8423
reactome:ProteinReference5018,abstraction:ControlsStateChangeOf,reactome:ProteinReference4464
reactome:ProteinReference5963,abstraction:ControlsStateChangeOf,reactome:ProteinReference4177
reactome:ProteinReference4383,abstraction:ControlsStateChangeOf,reactome:ProteinReference4384
reactome:ProteinReference1273,abstraction:ControlsStateChangeOf,reactome:ProteinReference1804
reactome:ProteinReference5813,abstraction:ControlsStateChangeOf,reactome:ProteinReference7750
reactome:ProteinReference9028,abstraction:ControlsStateChangeOf,reactome:ProteinReference4530
reactome:ProteinReference5378,abstraction:ControlsStateChangeOf,reactome:ProteinReference5443
reactome:ProteinReference5483,abstraction:ControlsStateChangeOf,reactome:ProteinReference5036
reactome:ProteinReference9033,abstraction:ControlsStateChangeOf,reactome:ProteinReference4527
reactome:ProteinReference7742,abstraction:ControlsStateChangeOf,reactome:ProteinReference5754
reactome:ProteinReference9034,abstraction:ControlsStateChangeOf,reactome:ProteinReference4525
reactome:ProteinReference4566,abstraction:ControlsStateChangeOf,reactome:ProteinReference4458
reactome:ProteinReference5856,abstraction:ControlsStateChangeOf,reactome:ProteinReference9468
reactome:ProteinReference10975,abstraction:ControlsStateChangeOf,reactome:ProteinReference7986
reactome:ProteinReference5158,abstraction:ControlsStateChangeOf,reactome:ProteinReference1773
reactome:ProteinReference783,abstraction:ControlsStateChangeOf,reactome:ProteinReference8651
reactome:ProteinReference932,abstraction:ControlsStateChangeOf,reactome:ProteinReference913
reactome:ProteinReference5834,abstraction:ControlsStateChangeOf,reactome:ProteinReference6711
reactome:ProteinReference8107,abstraction:ControlsStateChangeOf,reactome:ProteinReference5424
reactome:ProteinReference5937,abstraction:ControlsStateChangeOf,reactome:ProteinReference2847
reactome:ProteinReference1768,abstraction:ControlsStateChangeOf,reactome:ProteinReference3096
reactome:ProteinReference1855,abstraction:ControlsStateChangeOf,reactome:ProteinReference823
reactome:ProteinReference4070,abstraction:ControlsStateChangeOf,reactome:ProteinReference4307
reactome:ProteinReference665,abstraction:ControlsStateChangeOf,reactome:ProteinReference1073
reactome:ProteinReference11406,abstraction:ControlsStateChangeOf,reactome:ProteinReference11416
reactome:ProteinReference1061,abstraction:ControlsStateChangeOf,reactome:ProteinReference4559
reactome:ProteinReference790,abstraction:ControlsStateChangeOf,reactome:ProteinReference8649
reactome:ProteinReference3585,abstraction:ControlsStateChangeOf,reactome:ProteinReference9873
reactome:ProteinReference4732,abstraction:ControlsStateChangeOf,reactome:ProteinReference6088
reactome:ProteinReference6936,abstraction:ControlsStateChangeOf,reactome:ProteinReference8183
reactome:ProteinReference5794,abstraction:ControlsStateChangeOf,reactome:ProteinReference6711
reactome:ProteinReference931,abstraction:ControlsStateChangeOf,reactome:ProteinReference924
reactome:ProteinReference974,abstraction:ControlsStateChangeOf,reactome:ProteinReference924
reactome:ProteinReference9032,abstraction:ControlsStateChangeOf,reactome:ProteinReference4530
reactome:ProteinReference4381,abstraction:ControlsStateChangeOf,reactome:ProteinReference4380
reactome:ProteinReference909,abstraction:ControlsStateChangeOf,reactome:ProteinReference916
reactome:ProteinReference4341,abstraction:ControlsStateChangeOf,reactome:ProteinReference4305
reactome:ProteinReference9381,abstraction:ControlsStateChangeOf,reactome:ProteinReference8210
reactome:ProteinReference6029,abstraction:ControlsStateChangeOf,reactome:ProteinReference5031
reactome:ProteinReference1818,abstraction:ControlsStateChangeOf,reactome:ProteinReference5756
reactome:ProteinReference786,abstraction:ControlsStateChangeOf,reactome:ProteinReference8649
reactome:ProteinReference4353,abstraction:ControlsStateChangeOf,reactome:ProteinReference3598
reactome:ProteinReference796,abstraction:ControlsStateChangeOf,reactome:ProteinReference8652
reactome:ProteinReference4413,abstraction:ControlsStateChangeOf,reactome:ProteinReference6093
reactome:ProteinReference4516,abstraction:ControlsStateChangeOf,reactome:ProteinReference4522
reactome:ProteinReference9934,abstraction:ControlsStateChangeOf,reactome:ProteinReference9941
reactome:ProteinReference6830,abstraction:ControlsStateChangeOf,reactome:ProteinReference8092
reactome:ProteinReference929,abstraction:ControlsStateChangeOf,reactome:ProteinReference907
reactome:ProteinReference9030,abstraction:ControlsStateChangeOf,reactome:ProteinReference4530
reactome:ProteinReference365,abstraction:ControlsStateChangeOf,reactome:ProteinReference6711
reactome:ProteinReference784,abstraction:ControlsStateChangeOf,reactome:ProteinReference4470
reactome:ProteinReference782,abstraction:ControlsStateChangeOf,reactome:ProteinReference8652
reactome:ProteinReference4690,abstraction:ControlsStateChangeOf,reactome:ProteinReference11327
reactome:ProteinReference4517,abstraction:ControlsStateChangeOf,reactome:ProteinReference4524
reactome:ProteinReference9700,abstraction:ControlsStateChangeOf,reactome:ProteinReference8963
reactome:ProteinReference9255,abstraction:ControlsStateChangeOf,reactome:ProteinReference7750
reactome:ProteinReference8983,abstraction:ControlsStateChangeOf,reactome:ProteinReference4458
reactome:ProteinReference4045,abstraction:ControlsStateChangeOf,reactome:ProteinReference4023
reactome:ProteinReference3925,abstraction:ControlsStateChangeOf,reactome:ProteinReference3926
reactome:ProteinReference935,abstraction:ControlsStateChangeOf,reactome:ProteinReference916
reactome:ProteinReference3849,abstraction:ControlsStateChangeOf,reactome:ProteinReference5030
reactome:ProteinReference4552,abstraction:ControlsStateChangeOf,reactome:ProteinReference10643
reactome:ProteinReference1350,abstraction:ControlsStateChangeOf,reactome:ProteinReference1349
reactome:ProteinReference5113,abstraction:ControlsStateChangeOf,reactome:ProteinReference1870
reactome:ProteinReference6639,abstraction:ControlsStateChangeOf,reactome:ProteinReference6617
reactome:ProteinReference5844,abstraction:ControlsStateChangeOf,reactome:ProteinReference6711
reactome:ProteinReference7747,abstraction:ControlsStateChangeOf,reactome:ProteinReference5756
reactome:ProteinReference1773,abstraction:ControlsStateChangeOf,reactome:ProteinReference5133
reactome:ProteinReference955,abstraction:ControlsStateChangeOf,reactome:ProteinReference916
reactome:ProteinReference9021,abstraction:ControlsStateChangeOf,reactome:ProteinReference4458
reactome:ProteinReference5294,abstraction:ControlsStateChangeOf,reactome:ProteinReference4530
reactome:ProteinReference796,abstraction:ControlsStateChangeOf,reactome:ProteinReference4455
reactome:ProteinReference4552,abstraction:ControlsStateChangeOf,reactome:ProteinReference10644
reactome:ProteinReference4372,abstraction:ControlsStateChangeOf,reactome:ProteinReference4408
reactome:ProteinReference4073,abstraction:ControlsStateChangeOf,reactome:ProteinReference4303
reactome:ProteinReference9084,abstraction:ControlsStateChangeOf,reactome:ProteinReference5239
reactome:ProteinReference933,abstraction:ControlsStateChangeOf,reactome:ProteinReference921
reactome:ProteinReference777,abstraction:ControlsStateChangeOf,reactome:ProteinReference8741
reactome:ProteinReference6634,abstraction:ControlsStateChangeOf,reactome:ProteinReference6631
reactome:ProteinReference7562,abstraction:ControlsStateChangeOf,reactome:ProteinReference6452
reactome:ProteinReference6201,abstraction:ControlsStateChangeOf,reactome:ProteinReference2098
reactome:ProteinReference977,abstraction:ControlsStateChangeOf,reactome:ProteinReference924
reactome:ProteinReference800,abstraction:ControlsStateChangeOf,reactome:ProteinReference2834
reactome:ProteinReference3959,abstraction:ControlsStateChangeOf,reactome:ProteinReference8907
reactome:ProteinReference4344,abstraction:ControlsStateChangeOf,reactome:ProteinReference4305
reactome:ProteinReference5820,abstraction:ControlsStateChangeOf,reactome:ProteinReference9468
reactome:ProteinReference3096,abstraction:ControlsStateChangeOf,reactome:ProteinReference1204
reactome:ProteinReference4376,abstraction:ControlsStateChangeOf,reactome:ProteinReference4444
reactome:ProteinReference377,abstraction:ControlsStateChangeOf,reactome:ProteinReference12127
reactome:ProteinReference9031,abstraction:ControlsStateChangeOf,reactome:ProteinReference4530
reactome:ProteinReference775,abstraction:ControlsStateChangeOf,reactome:ProteinReference8651
reactome:ProteinReference5849,abstraction:ControlsStateChangeOf,reactome:ProteinReference9468
reactome:ProteinReference4518,abstraction:ControlsStateChangeOf,reactome:ProteinReference4523
reactome:ProteinReference1735,abstraction:ControlsStateChangeOf,reactome:ProteinReference3187
reactome:ProteinReference7562,abstraction:ControlsStateChangeOf,reactome:ProteinReference7335
reactome:ProteinReference1437,abstraction:ControlsStateChangeOf,reactome:ProteinReference5036
reactome:ProteinReference5423,abstraction:ControlsStateChangeOf,reactome:ProteinReference6134
reactome:ProteinReference6760,abstraction:ControlsStateChangeOf,reactome:ProteinReference6767
reactome:ProteinReference5846,abstraction:ControlsStateChangeOf,reactome:ProteinReference7750
reactome:ProteinReference7646,abstraction:ControlsStateChangeOf,reactome:ProteinReference6947
reactome:ProteinReference3729,abstraction:ControlsStateChangeOf,reactome:ProteinReference8907
reactome:ProteinReference965,abstraction:ControlsStateChangeOf,reactome:ProteinReference921
reactome:ProteinReference1088,abstraction:ControlsStateChangeOf,reactome:ProteinReference4525
reactome:ProteinReference4341,abstraction:ControlsStateChangeOf,reactome:ProteinReference4312
reactome:ProteinReference3960,abstraction:ControlsStateChangeOf,reactome:ProteinReference8907
reactome:ProteinReference1272,abstraction:ControlsStateChangeOf,reactome:ProteinReference9771
reactome:ProteinReference6640,abstraction:ControlsStateChangeOf,reactome:ProteinReference619
reactome:ProteinReference6078,abstraction:ControlsStateChangeOf,reactome:ProteinReference5396
reactome:ProteinReference3094,abstraction:ControlsStateChangeOf,reactome:ProteinReference7511
reactome:ProteinReference7744,abstraction:ControlsStateChangeOf,reactome:ProteinReference5756
reactome:ProteinReference6135,abstraction:ControlsStateChangeOf,reactome:ProteinReference6133
reactome:ProteinReference1610,abstraction:ControlsStateChangeOf,reactome:ProteinReference1604
reactome:ProteinReference907,abstraction:ControlsStateChangeOf,reactome:ProteinReference914
reactome:ProteinReference789,abstraction:ControlsStateChangeOf,reactome:ProteinReference8649
reactome:ProteinReference966,abstraction:ControlsStateChangeOf,reactome:ProteinReference925
reactome:ProteinReference9025,abstraction:ControlsStateChangeOf,reactome:ProteinReference4529
reactome:ProteinReference5859,abstraction:ControlsStateChangeOf,reactome:ProteinReference6711
reactome:ProteinReference6161,abstraction:ControlsStateChangeOf,reactome:ProteinReference4550
reactome:ProteinReference768,abstraction:ControlsStateChangeOf,reactome:ProteinReference798
reactome:ProteinReference5424,abstraction:ControlsStateChangeOf,reactome:ProteinReference6132
reactome:ProteinReference792,abstraction:ControlsStateChangeOf,reactome:ProteinReference4440
reactome:ProteinReference1436,abstraction:ControlsStateChangeOf,reactome:ProteinReference8886
reactome:ProteinReference918,abstraction:ControlsStateChangeOf,reactome:ProteinReference913
reactome:ProteinReference8447,abstraction:ControlsStateChangeOf,reactome:ProteinReference8373
reactome:ProteinReference5809,abstraction:ControlsStateChangeOf,reactome:ProteinReference9468
reactome:ProteinReference3895,abstraction:ControlsStateChangeOf,reactome:ProteinReference11288
reactome:ProteinReference9033,abstraction:ControlsStateChangeOf,reactome:ProteinReference4522
reactome:ProteinReference4643,abstraction:ControlsStateChangeOf,reactome:ProteinReference5254
reactome:ProteinReference4672,abstraction:ControlsStateChangeOf,reactome:ProteinReference6095
reactome:ProteinReference928,abstraction:ControlsStateChangeOf,reactome:ProteinReference922
reactome:ProteinReference9063,abstraction:ControlsStateChangeOf,reactome:ProteinReference5243
reactome:ProteinReference7841,abstraction:ControlsStateChangeOf,reactome:ProteinReference6089
reactome:ProteinReference6612,abstraction:ControlsStateChangeOf,reactome:ProteinReference6401
reactome:ProteinReference6621,abstraction:ControlsStateChangeOf,reactome:ProteinReference2042
reactome:ProteinReference908,abstraction:ControlsStateChangeOf,reactome:ProteinReference909
reactome:ProteinReference8784,abstraction:ControlsStateChangeOf,reactome:ProteinReference6088
reactome:ProteinReference791,abstraction:ControlsStateChangeOf,reactome:ProteinReference2834
reactome:ProteinReference911,abstraction:ControlsStateChangeOf,reactome:ProteinReference909
reactome:ProteinReference936,abstraction:ControlsStateChangeOf,reactome:ProteinReference913
reactome:ProteinReference6736,abstraction:ControlsStateChangeOf,reactome:ProteinReference6092
reactome:ProteinReference8207,abstraction:ControlsStateChangeOf,reactome:ProteinReference6095
reactome:ProteinReference7724,abstraction:ControlsStateChangeOf,reactome:ProteinReference4530
reactome:ProteinReference5157,abstraction:ControlsStateChangeOf,reactome:ProteinReference1773
reactome:ProteinReference4673,abstraction:ControlsStateChangeOf,reactome:ProteinReference6095
reactome:ProteinReference1736,abstraction:ControlsStateChangeOf,reactome:ProteinReference4417
reactome:ProteinReference665,abstraction:ControlsStateChangeOf,reactome:ProteinReference1142
reactome:ProteinReference6975,abstraction:ControlsStateChangeOf,reactome:ProteinReference4589
reactome:ProteinReference6236,abstraction:ControlsStateChangeOf,reactome:ProteinReference7863
reactome:ProteinReference907,abstraction:ControlsStateChangeOf,reactome:ProteinReference910
reactome:ProteinReference9029,abstraction:ControlsStateChangeOf,reactome:ProteinReference4527
reactome:ProteinReference5245,abstraction:ControlsStateChangeOf,reactome:ProteinReference10644
reactome:ProteinReference9785,abstraction:ControlsStateChangeOf,reactome:ProteinReference3891
reactome:ProteinReference6236,abstraction:ControlsStateChangeOf,reactome:ProteinReference8183
reactome:ProteinReference4403,abstraction:ControlsStateChangeOf,reactome:ProteinReference2843
reactome:ProteinReference779,abstraction:ControlsStateChangeOf,reactome:ProteinReference8651
reactome:ProteinReference5818,abstraction:ControlsStateChangeOf,reactome:ProteinReference9468
reactome:ProteinReference9005,abstraction:ControlsStateChangeOf,reactome:ProteinReference5242
reactome:ProteinReference4344,abstraction:ControlsStateChangeOf,reactome:ProteinReference4312
reactome:ProteinReference5834,abstraction:ControlsStateChangeOf,reactome:ProteinReference7750
reactome:ProteinReference9033,abstraction:ControlsStateChangeOf,reactome:ProteinReference4521
reactome:ProteinReference9047,abstraction:ControlsStateChangeOf,reactome:ProteinReference5243
reactome:ProteinReference4549,abstraction:ControlsStateChangeOf,reactome:ProteinReference10646
reactome:ProteinReference6292,abstraction:ControlsStateChangeOf,reactome:ProteinReference4583
reactome:ProteinReference11308,abstraction:ControlsStateChangeOf,reactome:ProteinReference4611
reactome:ProteinReference930,abstraction:ControlsStateChangeOf,reactome:ProteinReference917
reactome:ProteinReference790,abstraction:ControlsStateChangeOf,reactome:ProteinReference8646
reactome:ProteinReference366,abstraction:ControlsStateChangeOf,reactome:ProteinReference6710
reactome:ProteinReference882,abstraction:ControlsStateChangeOf,reactome:ProteinReference877
reactome:ProteinReference795,abstraction:ControlsStateChangeOf,reactome:ProteinReference4445
reactome:ProteinReference8445,abstraction:ControlsStateChangeOf,reactome:ProteinReference8533
reactome:ProteinReference5794,abstraction:ControlsStateChangeOf,reactome:ProteinReference7750
reactome:ProteinReference5848,abstraction:ControlsStateChangeOf,reactome:ProteinReference9468
reactome:ProteinReference908,abstraction:ControlsStateChangeOf,reactome:ProteinReference918
reactome:ProteinReference4302,abstraction:ControlsStateChangeOf,reactome:ProteinReference4288
reactome:ProteinReference911,abstraction:ControlsStateChangeOf,reactome:ProteinReference918
reactome:ProteinReference659,abstraction:ControlsStateChangeOf,reactome:ProteinReference3922
reactome:ProteinReference933,abstraction:ControlsStateChangeOf,reactome:ProteinReference924
reactome:ProteinReference794,abstraction:ControlsStateChangeOf,reactome:ProteinReference798
reactome:ProteinReference9914,abstraction:ControlsStateChangeOf,reactome:ProteinReference1012
reactome:ProteinReference8417,abstraction:ControlsStateChangeOf,reactome:ProteinReference8414
reactome:ProteinReference5420,abstraction:ControlsStateChangeOf,reactome:ProteinReference7826
reactome:ProteinReference4383,abstraction:ControlsStateChangeOf,reactome:ProteinReference4477
reactome:ProteinReference6634,abstraction:ControlsStateChangeOf,reactome:ProteinReference5270
reactome:ProteinReference4617,abstraction:ControlsStateChangeOf,reactome:ProteinReference6088
reactome:ProteinReference609,abstraction:ControlsStateChangeOf,reactome:ProteinReference8795
reactome:ProteinReference5599,abstraction:ControlsStateChangeOf,reactome:ProteinReference6132
reactome:ProteinReference909,abstraction:ControlsStateChangeOf,reactome:ProteinReference915
reactome:ProteinReference786,abstraction:ControlsStateChangeOf,reactome:ProteinReference8646
reactome:ProteinReference9026,abstraction:ControlsStateChangeOf,reactome:ProteinReference4525
reactome:ProteinReference7746,abstraction:ControlsStateChangeOf,reactome:ProteinReference5754
reactome:ProteinReference774,abstraction:ControlsStateChangeOf,reactome:ProteinReference4470
reactome:ProteinReference431,abstraction:ControlsStateChangeOf,reactome:ProteinReference11282
reactome:ProteinReference957,abstraction:ControlsStateChangeOf,reactome:ProteinReference911
reactome:ProteinReference651,abstraction:ControlsStateChangeOf,reactome:ProteinReference10
reactome:ProteinReference7551,abstraction:ControlsStateChangeOf,reactome:ProteinReference8308
reactome:ProteinReference788,abstraction:ControlsStateChangeOf,reactome:ProteinReference798
reactome:ProteinReference965,abstraction:ControlsStateChangeOf,reactome:ProteinReference924
reactome:ProteinReference5223,abstraction:ControlsStateChangeOf,reactome:ProteinReference7511
reactome:ProteinReference5856,abstraction:ControlsStateChangeOf,reactome:ProteinReference6711
reactome:ProteinReference8366,abstraction:ControlsStateChangeOf,reactome:ProteinReference6095
reactome:ProteinReference966,abstraction:ControlsStateChangeOf,reactome:ProteinReference920
reactome:ProteinReference4376,abstraction:ControlsStateChangeOf,reactome:ProteinReference4413
reactome:ProteinReference5538,abstraction:ControlsStateChangeOf,reactome:ProteinReference8907
reactome:ProteinReference882,abstraction:ControlsStateChangeOf,reactome:ProteinReference876
reactome:ProteinReference7588,abstraction:ControlsStateChangeOf,reactome:ProteinReference6092
reactome:ProteinReference777,abstraction:ControlsStateChangeOf,reactome:ProteinReference8652
reactome:ProteinReference6621,abstraction:ControlsStateChangeOf,reactome:ProteinReference1863
reactome:ProteinReference8347,abstraction:ControlsStateChangeOf,reactome:ProteinReference1802
reactome:ProteinReference9047,abstraction:ControlsStateChangeOf,reactome:ProteinReference5244
reactome:ProteinReference7724,abstraction:ControlsStateChangeOf,reactome:ProteinReference7731
reactome:ProteinReference1838,abstraction:ControlsStateChangeOf,reactome:ProteinReference1834
reactome:ProteinReference9005,abstraction:ControlsStateChangeOf,reactome:ProteinReference4458
reactome:ProteinReference5424,abstraction:ControlsStateChangeOf,reactome:ProteinReference1204
reactome:ProteinReference935,abstraction:ControlsStateChangeOf,reactome:ProteinReference915
reactome:ProteinReference4364,abstraction:ControlsStateChangeOf,reactome:ProteinReference3512
reactome:ProteinReference9083,abstraction:ControlsStateChangeOf,reactome:ProteinReference5243
reactome:ProteinReference930,abstraction:ControlsStateChangeOf,reactome:ProteinReference912
reactome:ProteinReference1068,abstraction:ControlsStateChangeOf,reactome:ProteinReference5243
reactome:ProteinReference4513,abstraction:ControlsStateChangeOf,reactome:ProteinReference4525
reactome:ProteinReference5792,abstraction:ControlsStateChangeOf,reactome:ProteinReference9468
reactome:ProteinReference5844,abstraction:ControlsStateChangeOf,reactome:ProteinReference7750
reactome:ProteinReference9008,abstraction:ControlsStateChangeOf,reactome:ProteinReference4527
reactome:ProteinReference9004,abstraction:ControlsStateChangeOf,reactome:ProteinReference5243
reactome:ProteinReference787,abstraction:ControlsStateChangeOf,reactome:ProteinReference4440
reactome:ProteinReference3850,abstraction:ControlsStateChangeOf,reactome:ProteinReference4630
reactome:ProteinReference955,abstraction:ControlsStateChangeOf,reactome:ProteinReference915
reactome:ProteinReference9084,abstraction:ControlsStateChangeOf,reactome:ProteinReference4530
reactome:ProteinReference5405,abstraction:ControlsStateChangeOf,reactome:ProteinReference5242
reactome:ProteinReference9002,abstraction:ControlsStateChangeOf,reactome:ProteinReference4458
reactome:ProteinReference4302,abstraction:ControlsStateChangeOf,reactome:ProteinReference4286
reactome:ProteinReference1855,abstraction:ControlsStateChangeOf,reactome:ProteinReference1824
reactome:ProteinReference8247,abstraction:ControlsStateChangeOf,reactome:ProteinReference6816
reactome:ProteinReference4659,abstraction:ControlsStateChangeOf,reactome:ProteinReference8148
reactome:ProteinReference9076,abstraction:ControlsStateChangeOf,reactome:ProteinReference5243
reactome:ProteinReference9075,abstraction:ControlsStateChangeOf,reactome:ProteinReference4458
reactome:ProteinReference833,abstraction:ControlsStateChangeOf,reactome:ProteinReference6173
reactome:ProteinReference3602,abstraction:ControlsStateChangeOf,reactome:ProteinReference6173
reactome:ProteinReference5222,abstraction:ControlsStateChangeOf,reactome:ProteinReference10972
reactome:ProteinReference8538,abstraction:ControlsStateChangeOf,reactome:ProteinReference8531
reactome:ProteinReference4800,abstraction:ControlsStateChangeOf,reactome:ProteinReference6173
reactome:ProteinReference7562,abstraction:ControlsStateChangeOf,reactome:ProteinReference7331
reactome:ProteinReference4112,abstraction:ControlsStateChangeOf,reactome:ProteinReference3598
reactome:ProteinReference1736,abstraction:ControlsStateChangeOf,reactome:ProteinReference4495
reactome:ProteinReference1736,abstraction:ControlsStateChangeOf,reactome:ProteinReference4446
reactome:ProteinReference813,abstraction:ControlsStateChangeOf,reactome:ProteinReference6290
reactome:ProteinReference6651,abstraction:ControlsStateChangeOf,reactome:ProteinReference1314
reactome:ProteinReference928,abstraction:ControlsStateChangeOf,reactome:ProteinReference907
reactome:ProteinReference659,abstraction:ControlsStateChangeOf,reactome:ProteinReference3930
reactome:ProteinReference1988,abstraction:ControlsStateChangeOf,reactome:ProteinReference1966
reactome:ProteinReference4302,abstraction:ControlsStateChangeOf,reactome:ProteinReference4291
reactome:ProteinReference4659,abstraction:ControlsStateChangeOf,reactome:ProteinReference11326
reactome:ProteinReference9074,abstraction:ControlsStateChangeOf,reactome:ProteinReference4458
reactome:ProteinReference4849,abstraction:ControlsStateChangeOf,reactome:ProteinReference3730
reactome:ProteinReference1736,abstraction:ControlsStateChangeOf,reactome:ProteinReference4489
reactome:ProteinReference3713,abstraction:ControlsStateChangeOf,reactome:ProteinReference8907
reactome:ProteinReference5144,abstraction:ControlsStateChangeOf,reactome:ProteinReference1083
reactome:ProteinReference5859,abstraction:ControlsStateChangeOf,reactome:ProteinReference7750
reactome:ProteinReference2369,abstraction:ControlsStateChangeOf,reactome:ProteinReference1870
reactome:ProteinReference4070,abstraction:ControlsStateChangeOf,reactome:ProteinReference4309
reactome:ProteinReference4495,abstraction:ControlsStateChangeOf,reactome:ProteinReference8963
reactome:ProteinReference5423,abstraction:ControlsStateChangeOf,reactome:ProteinReference6034
reactome:ProteinReference2029,abstraction:ControlsStateChangeOf,reactome:ProteinReference1966
reactome:ProteinReference7641,abstraction:ControlsStateChangeOf,reactome:ProteinReference7647
reactome:ProteinReference2313,abstraction:ControlsStateChangeOf,reactome:ProteinReference5757
reactome:ProteinReference5161,abstraction:ControlsStateChangeOf,reactome:ProteinReference1773
reactome:ProteinReference5423,abstraction:ControlsStateChangeOf,reactome:ProteinReference2847
reactome:ProteinReference8353,abstraction:ControlsStateChangeOf,reactome:ProteinReference1802
reactome:ProteinReference9029,abstraction:ControlsStateChangeOf,reactome:ProteinReference4522
reactome:ProteinReference6633,abstraction:ControlsStateChangeOf,reactome:ProteinReference6628
reactome:ProteinReference916,abstraction:ControlsStateChangeOf,reactome:ProteinReference913
reactome:ProteinReference5808,abstraction:ControlsStateChangeOf,reactome:ProteinReference9468
reactome:ProteinReference6526,abstraction:ControlsStateChangeOf,reactome:ProteinReference6932
reactome:ProteinReference2420,abstraction:ControlsStateChangeOf,reactome:ProteinReference2419
reactome:ProteinReference4643,abstraction:ControlsStateChangeOf,reactome:ProteinReference1901
reactome:ProteinReference4404,abstraction:ControlsStateChangeOf,reactome:ProteinReference4424
reactome:ProteinReference5820,abstraction:ControlsStateChangeOf,reactome:ProteinReference6711
reactome:ProteinReference4660,abstraction:ControlsStateChangeOf,reactome:ProteinReference11329
reactome:ProteinReference5214,abstraction:ControlsStateChangeOf,reactome:ProteinReference4612
reactome:ProteinReference4402,abstraction:ControlsStateChangeOf,reactome:ProteinReference4406
reactome:ProteinReference1061,abstraction:ControlsStateChangeOf,reactome:ProteinReference4558
reactome:ProteinReference4301,abstraction:ControlsStateChangeOf,reactome:ProteinReference3518
reactome:ProteinReference5849,abstraction:ControlsStateChangeOf,reactome:ProteinReference6711
reactome:ProteinReference3603,abstraction:ControlsStateChangeOf,reactome:ProteinReference7998
reactome:ProteinReference957,abstraction:ControlsStateChangeOf,reactome:ProteinReference907
reactome:ProteinReference4341,abstraction:ControlsStateChangeOf,reactome:ProteinReference4315
reactome:ProteinReference5289,abstraction:ControlsStateChangeOf,reactome:ProteinReference10645
reactome:ProteinReference8991,abstraction:ControlsStateChangeOf,reactome:ProteinReference5243
reactome:ProteinReference356,abstraction:ControlsStateChangeOf,reactome:ProteinReference6711
reactome:ProteinReference4532,abstraction:ControlsStateChangeOf,reactome:ProteinReference4524
reactome:ProteinReference964,abstraction:ControlsStateChangeOf,reactome:ProteinReference925
reactome:ProteinReference4372,abstraction:ControlsStateChangeOf,reactome:ProteinReference4458
reactome:ProteinReference9782,abstraction:ControlsStateChangeOf,reactome:ProteinReference3891
reactome:ProteinReference1088,abstraction:ControlsStateChangeOf,reactome:ProteinReference5243
reactome:ProteinReference8873,abstraction:ControlsStateChangeOf,reactome:ProteinReference2847
reactome:ProteinReference4555,abstraction:ControlsStateChangeOf,reactome:ProteinReference10645
reactome:ProteinReference4387,abstraction:ControlsStateChangeOf,reactome:ProteinReference10396
reactome:ProteinReference4643,abstraction:ControlsStateChangeOf,reactome:ProteinReference314
reactome:ProteinReference9033,abstraction:ControlsStateChangeOf,reactome:ProteinReference4458
reactome:ProteinReference642,abstraction:ControlsStateChangeOf,reactome:ProteinReference8907
reactome:ProteinReference773,abstraction:ControlsStateChangeOf,reactome:ProteinReference4387
reactome:ProteinReference772,abstraction:ControlsStateChangeOf,reactome:ProteinReference2834
reactome:ProteinReference4045,abstraction:ControlsStateChangeOf,reactome:ProteinReference4030
reactome:ProteinReference4672,abstraction:ControlsStateChangeOf,reactome:ProteinReference6089
reactome:ProteinReference5291,abstraction:ControlsStateChangeOf,reactome:ProteinReference10388
reactome:ProteinReference3458,abstraction:ControlsStateChangeOf,reactome:ProteinReference5508
reactome:ProteinReference934,abstraction:ControlsStateChangeOf,reactome:ProteinReference925
reactome:ProteinReference5809,abstraction:ControlsStateChangeOf,reactome:ProteinReference6711
reactome:ProteinReference5287,abstraction:ControlsStateChangeOf,reactome:ProteinReference10645
reactome:ProteinReference799,abstraction:ControlsStateChangeOf,reactome:ProteinReference8646
reactome:ProteinReference9029,abstraction:ControlsStateChangeOf,reactome:ProteinReference4521
reactome:ProteinReference4372,abstraction:ControlsStateChangeOf,reactome:ProteinReference4468
reactome:ProteinReference6619,abstraction:ControlsStateChangeOf,reactome:ProteinReference1986
reactome:ProteinReference5816,abstraction:ControlsStateChangeOf,reactome:ProteinReference9468
reactome:ProteinReference3727,abstraction:ControlsStateChangeOf,reactome:ProteinReference5133
reactome:ProteinReference7741,abstraction:ControlsStateChangeOf,reactome:ProteinReference5755
reactome:ProteinReference775,abstraction:ControlsStateChangeOf,reactome:ProteinReference4470
reactome:ProteinReference7562,abstraction:ControlsStateChangeOf,reactome:ProteinReference7338
reactome:ProteinReference4558,abstraction:ControlsStateChangeOf,reactome:ProteinReference10646
reactome:ProteinReference8207,abstraction:ControlsStateChangeOf,reactome:ProteinReference6089
reactome:ProteinReference4673,abstraction:ControlsStateChangeOf,reactome:ProteinReference6089
reactome:ProteinReference813,abstraction:ControlsStateChangeOf,reactome:ProteinReference7451
reactome:ProteinReference5841,abstraction:ControlsStateChangeOf,reactome:ProteinReference9468
reactome:ProteinReference9028,abstraction:ControlsStateChangeOf,reactome:ProteinReference4526
reactome:ProteinReference6508,abstraction:ControlsStateChangeOf,reactome:ProteinReference6171
reactome:ProteinReference6619,abstraction:ControlsStateChangeOf,reactome:ProteinReference1864
reactome:ProteinReference5632,abstraction:ControlsStateChangeOf,reactome:ProteinReference11468
reactome:ProteinReference776,abstraction:ControlsStateChangeOf,reactome:ProteinReference8651
reactome:ProteinReference4372,abstraction:ControlsStateChangeOf,reactome:ProteinReference1058
reactome:ProteinReference5787,abstraction:ControlsStateChangeOf,reactome:ProteinReference9468
reactome:ProteinReference7652,abstraction:ControlsStateChangeOf,reactome:ProteinReference7325
reactome:ProteinReference3336,abstraction:ControlsStateChangeOf,reactome:ProteinReference4527
reactome:ProteinReference354,abstraction:ControlsStateChangeOf,reactome:ProteinReference6711
reactome:ProteinReference9027,abstraction:ControlsStateChangeOf,reactome:ProteinReference4530
reactome:ProteinReference3728,abstraction:ControlsStateChangeOf,reactome:ProteinReference8889
reactome:ProteinReference4690,abstraction:ControlsStateChangeOf,reactome:ProteinReference6752
reactome:ProteinReference9792,abstraction:ControlsStateChangeOf,reactome:ProteinReference6092
reactome:ProteinReference3729,abstraction:ControlsStateChangeOf,reactome:ProteinReference5133
reactome:ProteinReference4073,abstraction:ControlsStateChangeOf,reactome:ProteinReference4320
reactome:ProteinReference5696,abstraction:ControlsStateChangeOf,reactome:ProteinReference5242
reactome:ProteinReference4344,abstraction:ControlsStateChangeOf,reactome:ProteinReference4315
reactome:ProteinReference358,abstraction:ControlsStateChangeOf,reactome:ProteinReference6711
reactome:ProteinReference4504,abstraction:ControlsStateChangeOf,reactome:ProteinReference4520
reactome:ProteinReference5818,abstraction:ControlsStateChangeOf,reactome:ProteinReference6711
reactome:ProteinReference4670,abstraction:ControlsStateChangeOf,reactome:ProteinReference8091
reactome:ProteinReference8442,abstraction:ControlsStateChangeOf,reactome:ProteinReference8373
reactome:ProteinReference907,abstraction:ControlsStateChangeOf,reactome:ProteinReference911
reactome:ProteinReference5141,abstraction:ControlsStateChangeOf,reactome:ProteinReference5133
reactome:ProteinReference6634,abstraction:ControlsStateChangeOf,reactome:ProteinReference2008
reactome:ProteinReference9873,abstraction:ControlsStateChangeOf,reactome:ProteinReference5423
reactome:ProteinReference9032,abstraction:ControlsStateChangeOf,reactome:ProteinReference4526
reactome:ProteinReference4533,abstraction:ControlsStateChangeOf,reactome:ProteinReference4520
reactome:ProteinReference5848,abstraction:ControlsStateChangeOf,reactome:ProteinReference6711
reactome:ProteinReference5836,abstraction:ControlsStateChangeOf,reactome:ProteinReference9468
reactome:ProteinReference448,abstraction:ControlsStateChangeOf,reactome:ProteinReference8286
reactome:ProteinReference4045,abstraction:ControlsStateChangeOf,reactome:ProteinReference3988
reactome:ProteinReference943,abstraction:ControlsStateChangeOf,reactome:ProteinReference910
reactome:ProteinReference4585,abstraction:ControlsStateChangeOf,reactome:ProteinReference6088
reactome:ProteinReference4302,abstraction:ControlsStateChangeOf,reactome:ProteinReference4300
reactome:ProteinReference8308,abstraction:ControlsStateChangeOf,reactome:ProteinReference1966
reactome:ProteinReference4396,abstraction:ControlsStateChangeOf,reactome:ProteinReference4394
reactome:ProteinReference2423,abstraction:ControlsStateChangeOf,reactome:ProteinReference2422
reactome:ProteinReference798,abstraction:ControlsStateChangeOf,reactome:ProteinReference8646
reactome:ProteinReference931,abstraction:ControlsStateChangeOf,reactome:ProteinReference925
reactome:ProteinReference5224,abstraction:ControlsStateChangeOf,reactome:ProteinReference10972
reactome:ProteinReference974,abstraction:ControlsStateChangeOf,reactome:ProteinReference925
reactome:ProteinReference785,abstraction:ControlsStateChangeOf,reactome:ProteinReference4387
reactome:ProteinReference6621,abstraction:ControlsStateChangeOf,reactome:ProteinReference1865
reactome:ProteinReference9030,abstraction:ControlsStateChangeOf,reactome:ProteinReference4526
reactome:ProteinReference3100,abstraction:ControlsStateChangeOf,reactome:ProteinReference8907
reactome:ProteinReference4372,abstraction:ControlsStateChangeOf,reactome:ProteinReference4413
reactome:ProteinReference793,abstraction:ControlsStateChangeOf,reactome:ProteinReference798
reactome:ProteinReference964,abstraction:ControlsStateChangeOf,reactome:ProteinReference920
reactome:ProteinReference6780,abstraction:ControlsStateChangeOf,reactome:ProteinReference5327
reactome:ProteinReference883,abstraction:ControlsStateChangeOf,reactome:ProteinReference875
reactome:ProteinReference3337,abstraction:ControlsStateChangeOf,reactome:ProteinReference5243
reactome:ProteinReference4399,abstraction:ControlsStateChangeOf,reactome:ProteinReference4406
reactome:ProteinReference8893,abstraction:ControlsStateChangeOf,reactome:ProteinReference6401
reactome:ProteinReference8907,abstraction:ControlsStateChangeOf,reactome:ProteinReference8939
reactome:ProteinReference6231,abstraction:ControlsStateChangeOf,reactome:ProteinReference7863
reactome:ProteinReference447,abstraction:ControlsStateChangeOf,reactome:ProteinReference11460
reactome:ProteinReference910,abstraction:ControlsStateChangeOf,reactome:ProteinReference917
reactome:ProteinReference8966,abstraction:ControlsStateChangeOf,reactome:ProteinReference4413
reactome:ProteinReference783,abstraction:ControlsStateChangeOf,reactome:ProteinReference8646
reactome:ProteinReference5424,abstraction:ControlsStateChangeOf,reactome:ProteinReference6073
reactome:ProteinReference6231,abstraction:ControlsStateChangeOf,reactome:ProteinReference8183
reactome:ProteinReference4372,abstraction:ControlsStateChangeOf,reactome:ProteinReference1123
reactome:ProteinReference9936,abstraction:ControlsStateChangeOf,reactome:ProteinReference4451
reactome:ProteinReference1088,abstraction:ControlsStateChangeOf,reactome:ProteinReference4560
reactome:ProteinReference930,abstraction:ControlsStateChangeOf,reactome:ProteinReference919
reactome:ProteinReference964,abstraction:ControlsStateChangeOf,reactome:ProteinReference923
reactome:ProteinReference918,abstraction:ControlsStateChangeOf,reactome:ProteinReference908
reactome:ProteinReference934,abstraction:ControlsStateChangeOf,reactome:ProteinReference920
reactome:ProteinReference935,abstraction:ControlsStateChangeOf,reactome:ProteinReference908
reactome:ProteinReference4504,abstraction:ControlsStateChangeOf,reactome:ProteinReference4526
reactome:ProteinReference4499,abstraction:ControlsStateChangeOf,reactome:ProteinReference4528
reactome:ProteinReference5792,abstraction:ControlsStateChangeOf,reactome:ProteinReference6711
reactome:ProteinReference6621,abstraction:ControlsStateChangeOf,reactome:ProteinReference5267
reactome:ProteinReference8354,abstraction:ControlsStateChangeOf,reactome:ProteinReference1800
reactome:ProteinReference1736,abstraction:ControlsStateChangeOf,reactome:ProteinReference4494
reactome:ProteinReference431,abstraction:ControlsStateChangeOf,reactome:ProteinReference4887
reactome:ProteinReference8971,abstraction:ControlsStateChangeOf,reactome:ProteinReference6401
reactome:ProteinReference5240,abstraction:ControlsStateChangeOf,reactome:ProteinReference10643
reactome:ProteinReference785,abstraction:ControlsStateChangeOf,reactome:ProteinReference8741
reactome:ProteinReference4533,abstraction:ControlsStateChangeOf,reactome:ProteinReference4526
reactome:ProteinReference934,abstraction:ControlsStateChangeOf,reactome:ProteinReference923
reactome:ProteinReference769,abstraction:ControlsStateChangeOf,reactome:ProteinReference8649
reactome:ProteinReference3602,abstraction:ControlsStateChangeOf,reactome:ProteinReference10974
reactome:ProteinReference8778,abstraction:ControlsStateChangeOf,reactome:ProteinReference8777
reactome:ProteinReference8993,abstraction:ControlsStateChangeOf,reactome:ProteinReference5242
reactome:ProteinReference6135,abstraction:ControlsStateChangeOf,reactome:ProteinReference6761
reactome:ProteinReference5423,abstraction:ControlsStateChangeOf,reactome:ProteinReference6073
reactome:ProteinReference664,abstraction:ControlsStateChangeOf,reactome:ProteinReference6268
reactome:ProteinReference352,abstraction:ControlsStateChangeOf,reactome:ProteinReference6710
reactome:ProteinReference5240,abstraction:ControlsStateChangeOf,reactome:ProteinReference10644
reactome:ProteinReference610,abstraction:ControlsStateChangeOf,reactome:ProteinReference6932
reactome:ProteinReference912,abstraction:ControlsStateChangeOf,reactome:ProteinReference913
reactome:ProteinReference4302,abstraction:ControlsStateChangeOf,reactome:ProteinReference3429
reactome:ProteinReference5820,abstraction:ControlsStateChangeOf,reactome:ProteinReference7750
reactome:ProteinReference797,abstraction:ControlsStateChangeOf,reactome:ProteinReference2834
reactome:ProteinReference1770,abstraction:ControlsStateChangeOf,reactome:ProteinReference1771
reactome:ProteinReference977,abstraction:ControlsStateChangeOf,reactome:ProteinReference925
reactome:ProteinReference6100,abstraction:ControlsStateChangeOf,reactome:ProteinReference7830
reactome:ProteinReference5849,abstraction:ControlsStateChangeOf,reactome:ProteinReference7750
reactome:ProteinReference8964,abstraction:ControlsStateChangeOf,reactome:ProteinReference8962
reactome:ProteinReference4531,abstraction:ControlsStateChangeOf,reactome:ProteinReference4524
reactome:ProteinReference4302,abstraction:ControlsStateChangeOf,reactome:ProteinReference3593
reactome:ProteinReference8182,abstraction:ControlsStateChangeOf,reactome:ProteinReference6185
reactome:ProteinReference5813,abstraction:ControlsStateChangeOf,reactome:ProteinReference9468
reactome:ProteinReference3725,abstraction:ControlsStateChangeOf,reactome:ProteinReference8907
reactome:ProteinReference4516,abstraction:ControlsStateChangeOf,reactome:ProteinReference4524
reactome:ProteinReference9034,abstraction:ControlsStateChangeOf,reactome:ProteinReference4520
reactome:ProteinReference917,abstraction:ControlsStateChangeOf,reactome:ProteinReference913
reactome:ProteinReference929,abstraction:ControlsStateChangeOf,reactome:ProteinReference915
reactome:ProteinReference431,abstraction:ControlsStateChangeOf,reactome:ProteinReference4611
reactome:ProteinReference5572,abstraction:ControlsStateChangeOf,reactome:ProteinReference3922
reactome:ProteinReference9062,abstraction:ControlsStateChangeOf,reactome:ProteinReference5243
reactome:ProteinReference4493,abstraction:ControlsStateChangeOf,reactome:ProteinReference6401
reactome:ProteinReference4401,abstraction:ControlsStateChangeOf,reactome:ProteinReference4424
reactome:ProteinReference4497,abstraction:ControlsStateChangeOf,reactome:ProteinReference9772
reactome:ProteinReference3603,abstraction:ControlsStateChangeOf,reactome:ProteinReference7648
reactome:ProteinReference659,abstraction:ControlsStateChangeOf,reactome:ProteinReference3928
reactome:ProteinReference9079,abstraction:ControlsStateChangeOf,reactome:ProteinReference5243
reactome:ProteinReference4555,abstraction:ControlsStateChangeOf,reactome:ProteinReference10643
reactome:ProteinReference931,abstraction:ControlsStateChangeOf,reactome:ProteinReference920
reactome:ProteinReference974,abstraction:ControlsStateChangeOf,reactome:ProteinReference920
reactome:ProteinReference4531,abstraction:ControlsStateChangeOf,reactome:ProteinReference4529
reactome:ProteinReference9086,abstraction:ControlsStateChangeOf,reactome:ProteinReference4530
reactome:ProteinReference6089,abstraction:ControlsStateChangeOf,reactome:ProteinReference3095
reactome:ProteinReference938,abstraction:ControlsStateChangeOf,reactome:ProteinReference911
reactome:ProteinReference5860,abstraction:ControlsStateChangeOf,reactome:ProteinReference7750
reactome:ProteinReference4070,abstraction:ControlsStateChangeOf,reactome:ProteinReference4306
reactome:ProteinReference6619,abstraction:ControlsStateChangeOf,reactome:ProteinReference2039
reactome:ProteinReference6161,abstraction:ControlsStateChangeOf,reactome:ProteinReference4548
reactome:ProteinReference5596,abstraction:ControlsStateChangeOf,reactome:ProteinReference5595
reactome:ProteinReference4732,abstraction:ControlsStateChangeOf,reactome:ProteinReference6095
reactome:ProteinReference5594,abstraction:ControlsStateChangeOf,reactome:ProteinReference8092
reactome:ProteinReference6803,abstraction:ControlsStateChangeOf,reactome:ProteinReference6103
reactome:ProteinReference1770,abstraction:ControlsStateChangeOf,reactome:ProteinReference6711
reactome:ProteinReference9007,abstraction:ControlsStateChangeOf,reactome:ProteinReference5242
reactome:ProteinReference4516,abstraction:ControlsStateChangeOf,reactome:ProteinReference4529
reactome:ProteinReference3934,abstraction:ControlsStateChangeOf,reactome:ProteinReference3932
reactome:ProteinReference4555,abstraction:ControlsStateChangeOf,reactome:ProteinReference10644
reactome:ProteinReference6027,abstraction:ControlsStateChangeOf,reactome:ProteinReference4630
reactome:ProteinReference5808,abstraction:ControlsStateChangeOf,reactome:ProteinReference6711
reactome:ProteinReference5287,abstraction:ControlsStateChangeOf,reactome:ProteinReference10643
reactome:ProteinReference2341,abstraction:ControlsStateChangeOf,reactome:ProteinReference2340
reactome:ProteinReference4301,abstraction:ControlsStateChangeOf,reactome:ProteinReference4290
reactome:ProteinReference931,abstraction:ControlsStateChangeOf,reactome:ProteinReference923
reactome:ProteinReference974,abstraction:ControlsStateChangeOf,reactome:ProteinReference923
reactome:ProteinReference1767,abstraction:ControlsStateChangeOf,reactome:ProteinReference3096
reactome:ProteinReference5223,abstraction:ControlsStateChangeOf,reactome:ProteinReference7510
reactome:ProteinReference4045,abstraction:ControlsStateChangeOf,reactome:ProteinReference4036
reactome:ProteinReference1839,abstraction:ControlsStateChangeOf,reactome:ProteinReference2340
reactome:ProteinReference1611,abstraction:ControlsStateChangeOf,reactome:ProteinReference1605
reactome:ProteinReference4566,abstraction:ControlsStateChangeOf,reactome:ProteinReference4527
reactome:ProteinReference3923,abstraction:ControlsStateChangeOf,reactome:ProteinReference3931
reactome:ProteinReference4302,abstraction:ControlsStateChangeOf,reactome:ProteinReference4296
reactome:ProteinReference771,abstraction:ControlsStateChangeOf,reactome:ProteinReference4387
reactome:ProteinReference1798,abstraction:ControlsStateChangeOf,reactome:ProteinReference1799
reactome:ProteinReference801,abstraction:ControlsStateChangeOf,reactome:ProteinReference8651
reactome:ProteinReference1062,abstraction:ControlsStateChangeOf,reactome:ProteinReference5243
reactome:ProteinReference881,abstraction:ControlsStateChangeOf,reactome:ProteinReference877
reactome:ProteinReference792,abstraction:ControlsStateChangeOf,reactome:ProteinReference8652
reactome:ProteinReference1736,abstraction:ControlsStateChangeOf,reactome:ProteinReference4422
reactome:ProteinReference928,abstraction:ControlsStateChangeOf,reactome:ProteinReference916
reactome:ProteinReference937,abstraction:ControlsStateChangeOf,reactome:ProteinReference911
reactome:ProteinReference1815,abstraction:ControlsStateChangeOf,reactome:ProteinReference7826
reactome:ProteinReference7761,abstraction:ControlsStateChangeOf,reactome:ProteinReference7740
reactome:ProteinReference5812,abstraction:ControlsStateChangeOf,reactome:ProteinReference9468
reactome:ProteinReference5818,abstraction:ControlsStateChangeOf,reactome:ProteinReference7750
reactome:ProteinReference3941,abstraction:ControlsStateChangeOf,reactome:ProteinReference3733
reactome:ProteinReference792,abstraction:ControlsStateChangeOf,reactome:ProteinReference798
reactome:ProteinReference899,abstraction:ControlsStateChangeOf,reactome:ProteinReference873
reactome:ProteinReference4397,abstraction:ControlsStateChangeOf,reactome:ProteinReference4490
reactome:ProteinReference5832,abstraction:ControlsStateChangeOf,reactome:ProteinReference9468
reactome:ProteinReference5424,abstraction:ControlsStateChangeOf,reactome:ProteinReference6071
reactome:ProteinReference3459,abstraction:ControlsStateChangeOf,reactome:ProteinReference5964
reactome:ProteinReference7562,abstraction:ControlsStateChangeOf,reactome:ProteinReference7341
reactome:ProteinReference6617,abstraction:ControlsStateChangeOf,reactome:ProteinReference2053
reactome:ProteinReference5816,abstraction:ControlsStateChangeOf,reactome:ProteinReference6711
reactome:ProteinReference4372,abstraction:ControlsStateChangeOf,reactome:ProteinReference1737
reactome:ProteinReference4301,abstraction:ControlsStateChangeOf,reactome:ProteinReference4275
reactome:ProteinReference977,abstraction:ControlsStateChangeOf,reactome:ProteinReference920
reactome:ProteinReference1438,abstraction:ControlsStateChangeOf,reactome:ProteinReference7588
reactome:ProteinReference5841,abstraction:ControlsStateChangeOf,reactome:ProteinReference6711
reactome:ProteinReference768,abstraction:ControlsStateChangeOf,reactome:ProteinReference4440
reactome:ProteinReference5020,abstraction:ControlsStateChangeOf,reactome:ProteinReference4464
reactome:ProteinReference933,abstraction:ControlsStateChangeOf,reactome:ProteinReference925
reactome:ProteinReference770,abstraction:ControlsStateChangeOf,reactome:ProteinReference8646
reactome:ProteinReference9033,abstraction:ControlsStateChangeOf,reactome:ProteinReference4524
reactome:ProteinReference355,abstraction:ControlsStateChangeOf,reactome:ProteinReference6878
reactome:ProteinReference792,abstraction:ControlsStateChangeOf,reactome:ProteinReference4455
reactome:ProteinReference4362,abstraction:ControlsStateChangeOf,reactome:ProteinReference3512
reactome:ProteinReference5787,abstraction:ControlsStateChangeOf,reactome:ProteinReference6711
reactome:ProteinReference7724,abstraction:ControlsStateChangeOf,reactome:ProteinReference7711
reactome:ProteinReference4302,abstraction:ControlsStateChangeOf,reactome:ProteinReference4283
reactome:ProteinReference3337,abstraction:ControlsStateChangeOf,reactome:ProteinReference5240
reactome:ProteinReference780,abstraction:ControlsStateChangeOf,reactome:ProteinReference4445
reactome:ProteinReference3338,abstraction:ControlsStateChangeOf,reactome:ProteinReference4617
reactome:ProteinReference957,abstraction:ControlsStateChangeOf,reactome:ProteinReference916
reactome:ProteinReference977,abstraction:ControlsStateChangeOf,reactome:ProteinReference923
reactome:ProteinReference972,abstraction:ControlsStateChangeOf,reactome:ProteinReference921
reactome:ProteinReference8294,abstraction:ControlsStateChangeOf,reactome:ProteinReference1340
reactome:ProteinReference779,abstraction:ControlsStateChangeOf,reactome:ProteinReference8646
reactome:ProteinReference5110,abstraction:ControlsStateChangeOf,reactome:ProteinReference1294
reactome:ProteinReference5846,abstraction:ControlsStateChangeOf,reactome:ProteinReference9468
reactome:ProteinReference965,abstraction:ControlsStateChangeOf,reactome:ProteinReference925
reactome:ProteinReference1088,abstraction:ControlsStateChangeOf,reactome:ProteinReference4520
reactome:ProteinReference4570,abstraction:ControlsStateChangeOf,reactome:ProteinReference5243
reactome:ProteinReference1770,abstraction:ControlsStateChangeOf,reactome:ProteinReference6449
reactome:ProteinReference5792,abstraction:ControlsStateChangeOf,reactome:ProteinReference7750
reactome:ProteinReference5836,abstraction:ControlsStateChangeOf,reactome:ProteinReference6711
reactome:ProteinReference938,abstraction:ControlsStateChangeOf,reactome:ProteinReference907
reactome:ProteinReference780,abstraction:ControlsStateChangeOf,reactome:ProteinReference4440
reactome:ProteinReference9068,abstraction:ControlsStateChangeOf,reactome:ProteinReference5243
reactome:ProteinReference3603,abstraction:ControlsStateChangeOf,reactome:ProteinReference9920
reactome:ProteinReference5306,abstraction:ControlsStateChangeOf,reactome:ProteinReference5396
reactome:ProteinReference3847,abstraction:ControlsStateChangeOf,reactome:ProteinReference4630
reactome:ProteinReference773,abstraction:ControlsStateChangeOf,reactome:ProteinReference8651
reactome:ProteinReference367,abstraction:ControlsStateChangeOf,reactome:ProteinReference6711
reactome:ProteinReference5793,abstraction:ControlsStateChangeOf,reactome:ProteinReference9468
reactome:ProteinReference5600,abstraction:ControlsStateChangeOf,reactome:ProteinReference1579
reactome:ProteinReference943,abstraction:ControlsStateChangeOf,reactome:ProteinReference911
reactome:ProteinReference812,abstraction:ControlsStateChangeOf,reactome:ProteinReference6168
reactome:ProteinReference932,abstraction:ControlsStateChangeOf,reactome:ProteinReference921
reactome:ProteinReference4405,abstraction:ControlsStateChangeOf,reactome:ProteinReference4394
reactome:ProteinReference10856,abstraction:ControlsStateChangeOf,reactome:ProteinReference4589
reactome:ProteinReference4542,abstraction:ControlsStateChangeOf,reactome:ProteinReference10388
reactome:ProteinReference9929,abstraction:ControlsStateChangeOf,reactome:ProteinReference1966
reactome:ProteinReference1815,abstraction:ControlsStateChangeOf,reactome:ProteinReference7850
reactome:ProteinReference1500,abstraction:ControlsStateChangeOf,reactome:ProteinReference4387
reactome:ProteinReference795,abstraction:ControlsStateChangeOf,reactome:ProteinReference798
reactome:ProteinReference944,abstraction:ControlsStateChangeOf,reactome:ProteinReference917
reactome:ProteinReference794,abstraction:ControlsStateChangeOf,reactome:ProteinReference4440
reactome:ProteinReference4301,abstraction:ControlsStateChangeOf,reactome:ProteinReference4285
reactome:ProteinReference7745,abstraction:ControlsStateChangeOf,reactome:ProteinReference5754
reactome:ProteinReference4341,abstraction:ControlsStateChangeOf,reactome:ProteinReference4316
reactome:ProteinReference9000,abstraction:ControlsStateChangeOf,reactome:ProteinReference4458
reactome:ProteinReference8294,abstraction:ControlsStateChangeOf,reactome:ProteinReference6116
reactome:ProteinReference363,abstraction:ControlsStateChangeOf,reactome:ProteinReference6711
reactome:ProteinReference1088,abstraction:ControlsStateChangeOf,reactome:ProteinReference4548
reactome:ProteinReference6847,abstraction:ControlsStateChangeOf,reactome:ProteinReference8091
reactome:ProteinReference937,abstraction:ControlsStateChangeOf,reactome:ProteinReference907
reactome:ProteinReference6135,abstraction:ControlsStateChangeOf,reactome:ProteinReference6132
reactome:ProteinReference5937,abstraction:ControlsStateChangeOf,reactome:ProteinReference7740
reactome:ProteinReference813,abstraction:ControlsStateChangeOf,reactome:ProteinReference8293
reactome:ProteinReference787,abstraction:ControlsStateChangeOf,reactome:ProteinReference8652
reactome:ProteinReference5424,abstraction:ControlsStateChangeOf,reactome:ProteinReference6136
reactome:ProteinReference4372,abstraction:ControlsStateChangeOf,reactome:ProteinReference4491
reactome:ProteinReference788,abstraction:ControlsStateChangeOf,reactome:ProteinReference4440
reactome:ProteinReference4400,abstraction:ControlsStateChangeOf,reactome:ProteinReference4490
reactome:ProteinReference5436,abstraction:ControlsStateChangeOf,reactome:ProteinReference3598
reactome:ProteinReference7587,abstraction:ControlsStateChangeOf,reactome:ProteinReference6092
reactome:ProteinReference8788,abstraction:ControlsStateChangeOf,reactome:ProteinReference8962
reactome:ProteinReference4328,abstraction:ControlsStateChangeOf,reactome:ProteinReference5066
reactome:ProteinReference9700,abstraction:ControlsStateChangeOf,reactome:ProteinReference8962
reactome:ProteinReference8224,abstraction:ControlsStateChangeOf,reactome:ProteinReference6092
reactome:ProteinReference5797,abstraction:ControlsStateChangeOf,reactome:ProteinReference9468
reactome:ProteinReference6619,abstraction:ControlsStateChangeOf,reactome:ProteinReference314
reactome:ProteinReference933,abstraction:ControlsStateChangeOf,reactome:ProteinReference920
reactome:ProteinReference5267,abstraction:ControlsStateChangeOf,reactome:ProteinReference6635
reactome:ProteinReference4458,abstraction:ControlsStateChangeOf,reactome:ProteinReference10645
reactome:ProteinReference9028,abstraction:ControlsStateChangeOf,reactome:ProteinReference4525
reactome:ProteinReference5808,abstraction:ControlsStateChangeOf,reactome:ProteinReference7750
reactome:ProteinReference778,abstraction:ControlsStateChangeOf,reactome:ProteinReference2834
reactome:ProteinReference884,abstraction:ControlsStateChangeOf,reactome:ProteinReference878
reactome:ProteinReference4617,abstraction:ControlsStateChangeOf,reactome:ProteinReference6095
reactome:ProteinReference5516,abstraction:ControlsStateChangeOf,reactome:ProteinReference7750
reactome:ProteinReference5418,abstraction:ControlsStateChangeOf,reactome:ProteinReference5242
reactome:ProteinReference944,abstraction:ControlsStateChangeOf,reactome:ProteinReference912
reactome:ProteinReference5423,abstraction:ControlsStateChangeOf,reactome:ProteinReference6136
reactome:ProteinReference9026,abstraction:ControlsStateChangeOf,reactome:ProteinReference4520
reactome:ProteinReference933,abstraction:ControlsStateChangeOf,reactome:ProteinReference923
reactome:ProteinReference787,abstraction:ControlsStateChangeOf,reactome:ProteinReference4455
reactome:ProteinReference6634,abstraction:ControlsStateChangeOf,reactome:ProteinReference6622
reactome:ProteinReference965,abstraction:ControlsStateChangeOf,reactome:ProteinReference920
reactome:ProteinReference9433,abstraction:ControlsStateChangeOf,reactome:ProteinReference11416
reactome:ProteinReference5813,abstraction:ControlsStateChangeOf,reactome:ProteinReference6711
reactome:ProteinReference972,abstraction:ControlsStateChangeOf,reactome:ProteinReference924
reactome:ProteinReference5142,abstraction:ControlsStateChangeOf,reactome:ProteinReference1083
reactome:ProteinReference2022,abstraction:ControlsStateChangeOf,reactome:ProteinReference1966
reactome:ProteinReference6780,abstraction:ControlsStateChangeOf,reactome:ProteinReference4177
reactome:ProteinReference4344,abstraction:ControlsStateChangeOf,reactome:ProteinReference4316
reactome:ProteinReference8193,abstraction:ControlsStateChangeOf,reactome:ProteinReference7939
reactome:ProteinReference8907,abstraction:ControlsStateChangeOf,reactome:ProteinReference6641
reactome:ProteinReference9113,abstraction:ControlsStateChangeOf,reactome:ProteinReference5595
reactome:ProteinReference4610,abstraction:ControlsStateChangeOf,reactome:ProteinReference5756
reactome:ProteinReference934,abstraction:ControlsStateChangeOf,reactome:ProteinReference917
reactome:ProteinReference928,abstraction:ControlsStateChangeOf,reactome:ProteinReference915
reactome:ProteinReference3605,abstraction:ControlsStateChangeOf,reactome:ProteinReference6780
reactome:ProteinReference4518,abstraction:ControlsStateChangeOf,reactome:ProteinReference4527
reactome:ProteinReference5721,abstraction:ControlsStateChangeOf,reactome:ProteinReference4146
reactome:ProteinReference9032,abstraction:ControlsStateChangeOf,reactome:ProteinReference4525
reactome:ProteinReference5060,abstraction:ControlsStateChangeOf,reactome:ProteinReference11256
reactome:ProteinReference965,abstraction:ControlsStateChangeOf,reactome:ProteinReference923
reactome:ProteinReference1815,abstraction:ControlsStateChangeOf,reactome:ProteinReference3092
reactome:ProteinReference8444,abstraction:ControlsStateChangeOf,reactome:ProteinReference8532
reactome:ProteinReference796,abstraction:ControlsStateChangeOf,reactome:ProteinReference4387
reactome:ProteinReference3603,abstraction:ControlsStateChangeOf,reactome:ProteinReference9866
reactome:ProteinReference781,abstraction:ControlsStateChangeOf,reactome:ProteinReference4445
reactome:ProteinReference4513,abstraction:ControlsStateChangeOf,reactome:ProteinReference4520
