Source,Interaction,Target
reactome:ProteinReference2494,abstraction:ControlsExpressionOf,reactome:ProteinReference8632
reactome:ProteinReference1154,abstraction:ControlsExpressionOf,reactome:ProteinReference2245
reactome:ProteinReference9779,abstraction:ControlsExpressionOf,reactome:ProteinReference3459
reactome:ProteinReference7590,abstraction:ControlsExpressionOf,reactome:ProteinReference5939
reactome:ProteinReference4588,abstraction:ControlsExpressionOf,reactome:ProteinReference5390
reactome:ProteinReference2811,abstraction:ControlsExpressionOf,reactome:ProteinReference6855
reactome:ProteinReference1115,abstraction:ControlsExpressionOf,reactome:ProteinReference1268
reactome:ProteinReference1061,abstraction:ControlsExpressionOf,reactome:ProteinReference1197
reactome:ProteinReference4557,abstraction:ControlsExpressionOf,reactome:ProteinReference1126
reactome:ProteinReference4553,abstraction:ControlsExpressionOf,reactome:ProteinReference4641
reactome:ProteinReference11313,abstraction:ControlsExpressionOf,reactome:ProteinReference6081
reactome:ProteinReference2792,abstraction:ControlsExpressionOf,reactome:ProteinReference6855
reactome:ProteinReference1117,abstraction:ControlsExpressionOf,reactome:ProteinReference1126
reactome:ProteinReference5078,abstraction:ControlsExpressionOf,reactome:ProteinReference6599
reactome:ProteinReference2811,abstraction:ControlsExpressionOf,reactome:ProteinReference10383
reactome:ProteinReference10922,abstraction:ControlsExpressionOf,reactome:ProteinReference11654
reactome:ProteinReference11272,abstraction:ControlsExpressionOf,reactome:ProteinReference1124
reactome:ProteinReference10922,abstraction:ControlsExpressionOf,reactome:ProteinReference11825
reactome:ProteinReference2792,abstraction:ControlsExpressionOf,reactome:ProteinReference10383
reactome:ProteinReference9785,abstraction:ControlsExpressionOf,reactome:ProteinReference9794
reactome:ProteinReference7590,abstraction:ControlsExpressionOf,reactome:ProteinReference5476
reactome:ProteinReference11023,abstraction:ControlsExpressionOf,reactome:ProteinReference11028
reactome:ProteinReference4561,abstraction:ControlsExpressionOf,reactome:ProteinReference1402
reactome:ProteinReference8286,abstraction:ControlsExpressionOf,reactome:ProteinReference10446
reactome:ProteinReference6768,abstraction:ControlsExpressionOf,reactome:ProteinReference6774
reactome:ProteinReference1086,abstraction:ControlsExpressionOf,reactome:ProteinReference9057
reactome:ProteinReference10409,abstraction:ControlsExpressionOf,reactome:ProteinReference11842
reactome:ProteinReference9047,abstraction:ControlsExpressionOf,reactome:ProteinReference1337
reactome:ProteinReference11271,abstraction:ControlsExpressionOf,reactome:ProteinReference11735
reactome:ProteinReference4561,abstraction:ControlsExpressionOf,reactome:ProteinReference1349
reactome:ProteinReference3891,abstraction:ControlsExpressionOf,reactome:ProteinReference8273
reactome:ProteinReference1088,abstraction:ControlsExpressionOf,reactome:ProteinReference2765
reactome:ProteinReference10922,abstraction:ControlsExpressionOf,reactome:ProteinReference12033
reactome:ProteinReference7590,abstraction:ControlsExpressionOf,reactome:ProteinReference7766
reactome:ProteinReference1123,abstraction:ControlsExpressionOf,reactome:ProteinReference2059
reactome:ProteinReference1094,abstraction:ControlsExpressionOf,reactome:ProteinReference1337
reactome:ProteinReference4523,abstraction:ControlsExpressionOf,reactome:ProteinReference1402
reactome:ProteinReference5190,abstraction:ControlsExpressionOf,reactome:ProteinReference5163
reactome:ProteinReference1123,abstraction:ControlsExpressionOf,reactome:ProteinReference1347
reactome:ProteinReference2472,abstraction:ControlsExpressionOf,reactome:ProteinReference8632
reactome:ProteinReference4523,abstraction:ControlsExpressionOf,reactome:ProteinReference1349
reactome:ProteinReference1052,abstraction:ControlsExpressionOf,reactome:ProteinReference1157
reactome:ProteinReference5276,abstraction:ControlsExpressionOf,reactome:ProteinReference10830
reactome:ProteinReference1066,abstraction:ControlsExpressionOf,reactome:ProteinReference1158
reactome:ProteinReference1153,abstraction:ControlsExpressionOf,reactome:ProteinReference10603
reactome:ProteinReference8293,abstraction:ControlsExpressionOf,reactome:ProteinReference8116
reactome:ProteinReference4552,abstraction:ControlsExpressionOf,reactome:ProteinReference1152
reactome:ProteinReference1094,abstraction:ControlsExpressionOf,reactome:ProteinReference5139
reactome:ProteinReference7590,abstraction:ControlsExpressionOf,reactome:ProteinReference10419
reactome:ProteinReference9779,abstraction:ControlsExpressionOf,reactome:ProteinReference1223
reactome:ProteinReference4556,abstraction:ControlsExpressionOf,reactome:ProteinReference1402
reactome:ProteinReference10922,abstraction:ControlsExpressionOf,reactome:ProteinReference11870
reactome:ProteinReference7590,abstraction:ControlsExpressionOf,reactome:ProteinReference3458
reactome:ProteinReference2947,abstraction:ControlsExpressionOf,reactome:ProteinReference4641
reactome:ProteinReference10409,abstraction:ControlsExpressionOf,reactome:ProteinReference12006
reactome:ProteinReference8783,abstraction:ControlsExpressionOf,reactome:ProteinReference5911
reactome:ProteinReference3891,abstraction:ControlsExpressionOf,reactome:ProteinReference4464
reactome:ProteinReference10922,abstraction:ControlsExpressionOf,reactome:ProteinReference11998
reactome:ProteinReference1075,abstraction:ControlsExpressionOf,reactome:ProteinReference1658
reactome:ProteinReference6768,abstraction:ControlsExpressionOf,reactome:ProteinReference6777
reactome:ProteinReference5942,abstraction:ControlsExpressionOf,reactome:ProteinReference393
reactome:ProteinReference6861,abstraction:ControlsExpressionOf,reactome:ProteinReference4497
reactome:ProteinReference1123,abstraction:ControlsExpressionOf,reactome:ProteinReference10577
reactome:ProteinReference6079,abstraction:ControlsExpressionOf,reactome:ProteinReference11319
reactome:ProteinReference6947,abstraction:ControlsExpressionOf,reactome:ProteinReference10349
reactome:ProteinReference7503,abstraction:ControlsExpressionOf,reactome:ProteinReference1357
reactome:ProteinReference1065,abstraction:ControlsExpressionOf,reactome:ProteinReference1145
reactome:ProteinReference7724,abstraction:ControlsExpressionOf,reactome:ProteinReference10375
reactome:ProteinReference1061,abstraction:ControlsExpressionOf,reactome:ProteinReference33
reactome:ProteinReference1118,abstraction:ControlsExpressionOf,reactome:ProteinReference10578
reactome:ProteinReference10846,abstraction:ControlsExpressionOf,reactome:ProteinReference5393
reactome:ProteinReference2776,abstraction:ControlsExpressionOf,reactome:ProteinReference8322
reactome:ProteinReference10922,abstraction:ControlsExpressionOf,reactome:ProteinReference11685
reactome:ProteinReference10812,abstraction:ControlsExpressionOf,reactome:ProteinReference10813
reactome:ProteinReference175,abstraction:ControlsExpressionOf,reactome:ProteinReference9133
reactome:ProteinReference1068,abstraction:ControlsExpressionOf,reactome:ProteinReference1135
reactome:ProteinReference2506,abstraction:ControlsExpressionOf,reactome:ProteinReference8632
reactome:ProteinReference11271,abstraction:ControlsExpressionOf,reactome:ProteinReference11640
reactome:ProteinReference1061,abstraction:ControlsExpressionOf,reactome:ProteinReference5912
reactome:ProteinReference6944,abstraction:ControlsExpressionOf,reactome:ProteinReference5291
reactome:ProteinReference10409,abstraction:ControlsExpressionOf,reactome:ProteinReference11848
reactome:ProteinReference2796,abstraction:ControlsExpressionOf,reactome:ProteinReference5291
reactome:ProteinReference5036,abstraction:ControlsExpressionOf,reactome:ProteinReference264
reactome:ProteinReference11271,abstraction:ControlsExpressionOf,reactome:ProteinReference11893
reactome:ProteinReference7826,abstraction:ControlsExpressionOf,reactome:ProteinReference9815
reactome:ProteinReference1098,abstraction:ControlsExpressionOf,reactome:ProteinReference1744
reactome:ProteinReference10409,abstraction:ControlsExpressionOf,reactome:ProteinReference11691
reactome:ProteinReference10922,abstraction:ControlsExpressionOf,reactome:ProteinReference11751
reactome:ProteinReference8283,abstraction:ControlsExpressionOf,reactome:ProteinReference9776
reactome:ProteinReference11271,abstraction:ControlsExpressionOf,reactome:ProteinReference11765
reactome:ProteinReference5432,abstraction:ControlsExpressionOf,reactome:ProteinReference1021
reactome:ProteinReference1101,abstraction:ControlsExpressionOf,reactome:ProteinReference1349
reactome:ProteinReference6080,abstraction:ControlsExpressionOf,reactome:ProteinReference4690
reactome:ProteinReference10643,abstraction:ControlsExpressionOf,reactome:ProteinReference11023
reactome:ProteinReference6689,abstraction:ControlsExpressionOf,reactome:ProteinReference11034
reactome:ProteinReference2811,abstraction:ControlsExpressionOf,reactome:ProteinReference5336
reactome:ProteinReference10451,abstraction:ControlsExpressionOf,reactome:ProteinReference2096
reactome:ProteinReference1088,abstraction:ControlsExpressionOf,reactome:ProteinReference1082
reactome:ProteinReference6861,abstraction:ControlsExpressionOf,reactome:ProteinReference9749
reactome:ProteinReference2792,abstraction:ControlsExpressionOf,reactome:ProteinReference5336
reactome:ProteinReference6950,abstraction:ControlsExpressionOf,reactome:ProteinReference4470
reactome:ProteinReference3891,abstraction:ControlsExpressionOf,reactome:ProteinReference8190
reactome:ProteinReference10922,abstraction:ControlsExpressionOf,reactome:ProteinReference11911
reactome:ProteinReference1124,abstraction:ControlsExpressionOf,reactome:ProteinReference741
reactome:ProteinReference11036,abstraction:ControlsExpressionOf,reactome:ProteinReference1799
reactome:ProteinReference1063,abstraction:ControlsExpressionOf,reactome:ProteinReference1162
reactome:ProteinReference1065,abstraction:ControlsExpressionOf,reactome:ProteinReference653
reactome:ProteinReference10922,abstraction:ControlsExpressionOf,reactome:ProteinReference11737
reactome:ProteinReference10409,abstraction:ControlsExpressionOf,reactome:ProteinReference11971
reactome:ProteinReference10922,abstraction:ControlsExpressionOf,reactome:ProteinReference11981
reactome:ProteinReference11050,abstraction:ControlsExpressionOf,reactome:ProteinReference7609
reactome:ProteinReference10922,abstraction:ControlsExpressionOf,reactome:ProteinReference11694
reactome:ProteinReference5456,abstraction:ControlsExpressionOf,reactome:ProteinReference10989
reactome:ProteinReference5405,abstraction:ControlsExpressionOf,reactome:ProteinReference6952
reactome:ProteinReference5941,abstraction:ControlsExpressionOf,reactome:ProteinReference5946
reactome:ProteinReference11022,abstraction:ControlsExpressionOf,reactome:ProteinReference7777
reactome:ProteinReference1052,abstraction:ControlsExpressionOf,reactome:ProteinReference647
reactome:ProteinReference8287,abstraction:ControlsExpressionOf,reactome:ProteinReference9380
reactome:ProteinReference7596,abstraction:ControlsExpressionOf,reactome:ProteinReference1372
reactome:ProteinReference2787,abstraction:ControlsExpressionOf,reactome:ProteinReference8322
reactome:ProteinReference5430,abstraction:ControlsExpressionOf,reactome:ProteinReference10466
reactome:ProteinReference1112,abstraction:ControlsExpressionOf,reactome:ProteinReference1352
reactome:ProteinReference1068,abstraction:ControlsExpressionOf,reactome:ProteinReference1160
reactome:ProteinReference8823,abstraction:ControlsExpressionOf,reactome:ProteinReference9708
reactome:ProteinReference10681,abstraction:ControlsExpressionOf,reactome:ProteinReference10683
reactome:ProteinReference5244,abstraction:ControlsExpressionOf,reactome:ProteinReference7714
reactome:ProteinReference1064,abstraction:ControlsExpressionOf,reactome:ProteinReference1339
reactome:ProteinReference1069,abstraction:ControlsExpressionOf,reactome:ProteinReference1051
reactome:ProteinReference1063,abstraction:ControlsExpressionOf,reactome:ProteinReference1156
reactome:ProteinReference6244,abstraction:ControlsExpressionOf,reactome:ProteinReference6246
reactome:ProteinReference10409,abstraction:ControlsExpressionOf,reactome:ProteinReference11645
reactome:ProteinReference6244,abstraction:ControlsExpressionOf,reactome:ProteinReference4122
reactome:ProteinReference6861,abstraction:ControlsExpressionOf,reactome:ProteinReference8565
reactome:ProteinReference1086,abstraction:ControlsExpressionOf,reactome:ProteinReference1197
reactome:ProteinReference1061,abstraction:ControlsExpressionOf,reactome:ProteinReference1402
reactome:ProteinReference1097,abstraction:ControlsExpressionOf,reactome:ProteinReference1351
reactome:ProteinReference5135,abstraction:ControlsExpressionOf,reactome:ProteinReference5133
reactome:ProteinReference6861,abstraction:ControlsExpressionOf,reactome:ProteinReference9716
reactome:ProteinReference2809,abstraction:ControlsExpressionOf,reactome:ProteinReference10384
reactome:ProteinReference1061,abstraction:ControlsExpressionOf,reactome:ProteinReference1349
reactome:ProteinReference4530,abstraction:ControlsExpressionOf,reactome:ProteinReference1268
reactome:ProteinReference8292,abstraction:ControlsExpressionOf,reactome:ProteinReference2581
reactome:ProteinReference10409,abstraction:ControlsExpressionOf,reactome:ProteinReference11634
reactome:ProteinReference6818,abstraction:ControlsExpressionOf,reactome:ProteinReference4636
reactome:ProteinReference10409,abstraction:ControlsExpressionOf,reactome:ProteinReference11722
reactome:ProteinReference10409,abstraction:ControlsExpressionOf,reactome:ProteinReference11815
reactome:ProteinReference6080,abstraction:ControlsExpressionOf,reactome:ProteinReference11282
reactome:ProteinReference1053,abstraction:ControlsExpressionOf,reactome:ProteinReference1145
reactome:ProteinReference5239,abstraction:ControlsExpressionOf,reactome:ProteinReference7714
reactome:ProteinReference6244,abstraction:ControlsExpressionOf,reactome:ProteinReference404
reactome:ProteinReference1085,abstraction:ControlsExpressionOf,reactome:ProteinReference1084
reactome:ProteinReference1067,abstraction:ControlsExpressionOf,reactome:ProteinReference1140
reactome:ProteinReference10572,abstraction:ControlsExpressionOf,reactome:ProteinReference661
reactome:ProteinReference10409,abstraction:ControlsExpressionOf,reactome:ProteinReference11662
reactome:ProteinReference8605,abstraction:ControlsExpressionOf,reactome:ProteinReference4438
reactome:ProteinReference11271,abstraction:ControlsExpressionOf,reactome:ProteinReference11665
reactome:ProteinReference2790,abstraction:ControlsExpressionOf,reactome:ProteinReference4438
reactome:ProteinReference9052,abstraction:ControlsExpressionOf,reactome:ProteinReference5573
reactome:ProteinReference1088,abstraction:ControlsExpressionOf,reactome:ProteinReference1188
reactome:ProteinReference11314,abstraction:ControlsExpressionOf,reactome:ProteinReference4611
reactome:ProteinReference1079,abstraction:ControlsExpressionOf,reactome:ProteinReference1356
reactome:ProteinReference10409,abstraction:ControlsExpressionOf,reactome:ProteinReference12025
reactome:ProteinReference1088,abstraction:ControlsExpressionOf,reactome:ProteinReference7726
reactome:ProteinReference5155,abstraction:ControlsExpressionOf,reactome:ProteinReference10830
reactome:ProteinReference3851,abstraction:ControlsExpressionOf,reactome:ProteinReference10384
reactome:ProteinReference6244,abstraction:ControlsExpressionOf,reactome:ProteinReference6257
reactome:ProteinReference3891,abstraction:ControlsExpressionOf,reactome:ProteinReference3559
reactome:ProteinReference8824,abstraction:ControlsExpressionOf,reactome:ProteinReference9701
reactome:ProteinReference1070,abstraction:ControlsExpressionOf,reactome:ProteinReference1051
reactome:ProteinReference4458,abstraction:ControlsExpressionOf,reactome:ProteinReference1351
reactome:ProteinReference1804,abstraction:ControlsExpressionOf,reactome:ProteinReference1171
reactome:ProteinReference11256,abstraction:ControlsExpressionOf,reactome:ProteinReference3598
reactome:ProteinReference1062,abstraction:ControlsExpressionOf,reactome:ProteinReference1151
reactome:ProteinReference10920,abstraction:ControlsExpressionOf,reactome:ProteinReference10909
reactome:ProteinReference1121,abstraction:ControlsExpressionOf,reactome:ProteinReference655
reactome:ProteinReference4548,abstraction:ControlsExpressionOf,reactome:ProteinReference1347
reactome:ProteinReference4549,abstraction:ControlsExpressionOf,reactome:ProteinReference1268
reactome:ProteinReference5031,abstraction:ControlsExpressionOf,reactome:ProteinReference5030
reactome:ProteinReference10414,abstraction:ControlsExpressionOf,reactome:ProteinReference9722
reactome:ProteinReference4558,abstraction:ControlsExpressionOf,reactome:ProteinReference1082
reactome:ProteinReference5190,abstraction:ControlsExpressionOf,reactome:ProteinReference5282
reactome:ProteinReference6081,abstraction:ControlsExpressionOf,reactome:ProteinReference9672
reactome:ProteinReference7590,abstraction:ControlsExpressionOf,reactome:ProteinReference10435
reactome:ProteinReference4555,abstraction:ControlsExpressionOf,reactome:ProteinReference10580
reactome:ProteinReference5245,abstraction:ControlsExpressionOf,reactome:ProteinReference10578
reactome:ProteinReference1097,abstraction:ControlsExpressionOf,reactome:ProteinReference1807
reactome:ProteinReference10828,abstraction:ControlsExpressionOf,reactome:ProteinReference10831
reactome:ProteinReference7504,abstraction:ControlsExpressionOf,reactome:ProteinReference7546
reactome:ProteinReference1121,abstraction:ControlsExpressionOf,reactome:ProteinReference1346
reactome:ProteinReference5242,abstraction:ControlsExpressionOf,reactome:ProteinReference1082
reactome:ProteinReference5429,abstraction:ControlsExpressionOf,reactome:ProteinReference6692
reactome:ProteinReference7330,abstraction:ControlsExpressionOf,reactome:ProteinReference10852
reactome:ProteinReference1116,abstraction:ControlsExpressionOf,reactome:ProteinReference1349
reactome:ProteinReference10922,abstraction:ControlsExpressionOf,reactome:ProteinReference11821
reactome:ProteinReference1069,abstraction:ControlsExpressionOf,reactome:ProteinReference1127
reactome:ProteinReference8287,abstraction:ControlsExpressionOf,reactome:ProteinReference5607
reactome:ProteinReference6976,abstraction:ControlsExpressionOf,reactome:ProteinReference5390
reactome:ProteinReference2847,abstraction:ControlsExpressionOf,reactome:ProteinReference8907
reactome:ProteinReference41,abstraction:ControlsExpressionOf,reactome:ProteinReference6147
reactome:ProteinReference10573,abstraction:ControlsExpressionOf,reactome:ProteinReference1197
reactome:ProteinReference5276,abstraction:ControlsExpressionOf,reactome:ProteinReference10807
reactome:ProteinReference4530,abstraction:ControlsExpressionOf,reactome:ProteinReference10578
reactome:ProteinReference7507,abstraction:ControlsExpressionOf,reactome:ProteinReference7556
reactome:ProteinReference1061,abstraction:ControlsExpressionOf,reactome:ProteinReference1149
reactome:ProteinReference5004,abstraction:ControlsExpressionOf,reactome:ProteinReference10581
reactome:ProteinReference5155,abstraction:ControlsExpressionOf,reactome:ProteinReference7502
reactome:ProteinReference5240,abstraction:ControlsExpressionOf,reactome:ProteinReference10580
reactome:ProteinReference4548,abstraction:ControlsExpressionOf,reactome:ProteinReference10577
reactome:ProteinReference7507,abstraction:ControlsExpressionOf,reactome:ProteinReference6282
reactome:ProteinReference4548,abstraction:ControlsExpressionOf,reactome:ProteinReference3539
reactome:ProteinReference6243,abstraction:ControlsExpressionOf,reactome:ProteinReference6148
reactome:ProteinReference11271,abstraction:ControlsExpressionOf,reactome:ProteinReference11913
reactome:ProteinReference707,abstraction:ControlsExpressionOf,reactome:ProteinReference658
reactome:ProteinReference1060,abstraction:ControlsExpressionOf,reactome:ProteinReference1130
reactome:ProteinReference1059,abstraction:ControlsExpressionOf,reactome:ProteinReference1140
reactome:ProteinReference4458,abstraction:ControlsExpressionOf,reactome:ProteinReference1807
reactome:ProteinReference1088,abstraction:ControlsExpressionOf,reactome:ProteinReference7502
reactome:ProteinReference4458,abstraction:ControlsExpressionOf,reactome:ProteinReference661
reactome:ProteinReference4551,abstraction:ControlsExpressionOf,reactome:ProteinReference7714
reactome:ProteinReference8824,abstraction:ControlsExpressionOf,reactome:ProteinReference8835
reactome:ProteinReference1090,abstraction:ControlsExpressionOf,reactome:ProteinReference5139
reactome:ProteinReference1095,abstraction:ControlsExpressionOf,reactome:ProteinReference1349
reactome:ProteinReference11271,abstraction:ControlsExpressionOf,reactome:ProteinReference11909
reactome:ProteinReference1070,abstraction:ControlsExpressionOf,reactome:ProteinReference1127
reactome:ProteinReference2793,abstraction:ControlsExpressionOf,reactome:ProteinReference8322
reactome:ProteinReference1107,abstraction:ControlsExpressionOf,reactome:ProteinReference1844
reactome:ProteinReference1123,abstraction:ControlsExpressionOf,reactome:ProteinReference1053
reactome:ProteinReference2002,abstraction:ControlsExpressionOf,reactome:ProteinReference1988
reactome:ProteinReference1065,abstraction:ControlsExpressionOf,reactome:ProteinReference1160
reactome:ProteinReference1113,abstraction:ControlsExpressionOf,reactome:ProteinReference1372
reactome:ProteinReference4552,abstraction:ControlsExpressionOf,reactome:ProteinReference661
reactome:ProteinReference8283,abstraction:ControlsExpressionOf,reactome:ProteinReference6599
reactome:ProteinReference1115,abstraction:ControlsExpressionOf,reactome:ProteinReference1162
reactome:ProteinReference1121,abstraction:ControlsExpressionOf,reactome:ProteinReference1126
reactome:ProteinReference1137,abstraction:ControlsExpressionOf,reactome:ProteinReference1136
reactome:ProteinReference5243,abstraction:ControlsExpressionOf,reactome:ProteinReference1339
reactome:ProteinReference10922,abstraction:ControlsExpressionOf,reactome:ProteinReference11650
reactome:ProteinReference1106,abstraction:ControlsExpressionOf,reactome:ProteinReference1351
reactome:ProteinReference175,abstraction:ControlsExpressionOf,reactome:ProteinReference5573
reactome:ProteinReference5242,abstraction:ControlsExpressionOf,reactome:ProteinReference1188
reactome:ProteinReference707,abstraction:ControlsExpressionOf,reactome:ProteinReference2672
reactome:ProteinReference9073,abstraction:ControlsExpressionOf,reactome:ProteinReference2581
reactome:ProteinReference6244,abstraction:ControlsExpressionOf,reactome:ProteinReference5605
reactome:ProteinReference1062,abstraction:ControlsExpressionOf,reactome:ProteinReference666
reactome:ProteinReference1115,abstraction:ControlsExpressionOf,reactome:ProteinReference5139
reactome:ProteinReference6290,abstraction:ControlsExpressionOf,reactome:ProteinReference3931
reactome:ProteinReference5942,abstraction:ControlsExpressionOf,reactome:ProteinReference24
reactome:ProteinReference10922,abstraction:ControlsExpressionOf,reactome:ProteinReference11723
reactome:ProteinReference11271,abstraction:ControlsExpressionOf,reactome:ProteinReference12035
reactome:ProteinReference1100,abstraction:ControlsExpressionOf,reactome:ProteinReference10578
reactome:ProteinReference5240,abstraction:ControlsExpressionOf,reactome:ProteinReference10578
reactome:ProteinReference5274,abstraction:ControlsExpressionOf,reactome:ProteinReference10831
reactome:ProteinReference5239,abstraction:ControlsExpressionOf,reactome:ProteinReference1372
reactome:ProteinReference6080,abstraction:ControlsExpressionOf,reactome:ProteinReference9927
reactome:ProteinReference11045,abstraction:ControlsExpressionOf,reactome:ProteinReference11047
reactome:ProteinReference1053,abstraction:ControlsExpressionOf,reactome:ProteinReference1135
reactome:ProteinReference4557,abstraction:ControlsExpressionOf,reactome:ProteinReference10581
reactome:ProteinReference2524,abstraction:ControlsExpressionOf,reactome:ProteinReference8632
reactome:ProteinReference5155,abstraction:ControlsExpressionOf,reactome:ProteinReference10850
reactome:ProteinReference4697,abstraction:ControlsExpressionOf,reactome:ProteinReference7547
reactome:ProteinReference4521,abstraction:ControlsExpressionOf,reactome:ProteinReference3577
reactome:ProteinReference10409,abstraction:ControlsExpressionOf,reactome:ProteinReference12001
reactome:ProteinReference10922,abstraction:ControlsExpressionOf,reactome:ProteinReference11961
reactome:ProteinReference6147,abstraction:ControlsExpressionOf,reactome:ProteinReference264
reactome:ProteinReference1086,abstraction:ControlsExpressionOf,reactome:ProteinReference1402
reactome:ProteinReference6159,abstraction:ControlsExpressionOf,reactome:ProteinReference11017
reactome:ProteinReference7504,abstraction:ControlsExpressionOf,reactome:ProteinReference10838
reactome:ProteinReference1086,abstraction:ControlsExpressionOf,reactome:ProteinReference1349
reactome:ProteinReference1061,abstraction:ControlsExpressionOf,reactome:ProteinReference1130
reactome:ProteinReference10822,abstraction:ControlsExpressionOf,reactome:ProteinReference5276
reactome:ProteinReference11271,abstraction:ControlsExpressionOf,reactome:ProteinReference11641
reactome:ProteinReference10577,abstraction:ControlsExpressionOf,reactome:ProteinReference1268
reactome:ProteinReference10922,abstraction:ControlsExpressionOf,reactome:ProteinReference11742
reactome:ProteinReference1054,abstraction:ControlsExpressionOf,reactome:ProteinReference6791
reactome:ProteinReference6162,abstraction:ControlsExpressionOf,reactome:ProteinReference5078
reactome:ProteinReference1066,abstraction:ControlsExpressionOf,reactome:ProteinReference1162
reactome:ProteinReference1106,abstraction:ControlsExpressionOf,reactome:ProteinReference1807
reactome:ProteinReference5405,abstraction:ControlsExpressionOf,reactome:ProteinReference6081
reactome:ProteinReference4589,abstraction:ControlsExpressionOf,reactome:ProteinReference4641
reactome:ProteinReference2507,abstraction:ControlsExpressionOf,reactome:ProteinReference8632
reactome:ProteinReference5433,abstraction:ControlsExpressionOf,reactome:ProteinReference175
reactome:ProteinReference1128,abstraction:ControlsExpressionOf,reactome:ProteinReference1153
reactome:ProteinReference10922,abstraction:ControlsExpressionOf,reactome:ProteinReference11808
reactome:ProteinReference11024,abstraction:ControlsExpressionOf,reactome:ProteinReference7777
reactome:ProteinReference5395,abstraction:ControlsExpressionOf,reactome:ProteinReference9035
reactome:ProteinReference7920,abstraction:ControlsExpressionOf,reactome:ProteinReference5176
reactome:ProteinReference6079,abstraction:ControlsExpressionOf,reactome:ProteinReference4641
reactome:ProteinReference8982,abstraction:ControlsExpressionOf,reactome:ProteinReference1268
reactome:ProteinReference7826,abstraction:ControlsExpressionOf,reactome:ProteinReference741
reactome:ProteinReference10922,abstraction:ControlsExpressionOf,reactome:ProteinReference11930
reactome:ProteinReference4558,abstraction:ControlsExpressionOf,reactome:ProteinReference7502
reactome:ProteinReference11029,abstraction:ControlsExpressionOf,reactome:ProteinReference11033
reactome:ProteinReference4458,abstraction:ControlsExpressionOf,reactome:ProteinReference5176
reactome:ProteinReference5434,abstraction:ControlsExpressionOf,reactome:ProteinReference4489
reactome:ProteinReference11256,abstraction:ControlsExpressionOf,reactome:ProteinReference419
reactome:ProteinReference11023,abstraction:ControlsExpressionOf,reactome:ProteinReference10833
reactome:ProteinReference7826,abstraction:ControlsExpressionOf,reactome:ProteinReference6032
reactome:ProteinReference5942,abstraction:ControlsExpressionOf,reactome:ProteinReference6174
reactome:ProteinReference2553,abstraction:ControlsExpressionOf,reactome:ProteinReference10360
reactome:ProteinReference6162,abstraction:ControlsExpressionOf,reactome:ProteinReference6776
reactome:ProteinReference5430,abstraction:ControlsExpressionOf,reactome:ProteinReference1021
reactome:ProteinReference11256,abstraction:ControlsExpressionOf,reactome:ProteinReference2581
reactome:ProteinReference10451,abstraction:ControlsExpressionOf,reactome:ProteinReference5405
reactome:ProteinReference10922,abstraction:ControlsExpressionOf,reactome:ProteinReference11784
reactome:ProteinReference5243,abstraction:ControlsExpressionOf,reactome:ProteinReference4641
reactome:ProteinReference5428,abstraction:ControlsExpressionOf,reactome:ProteinReference7717
reactome:ProteinReference1114,abstraction:ControlsExpressionOf,reactome:ProteinReference1844
reactome:ProteinReference6080,abstraction:ControlsExpressionOf,reactome:ProteinReference4423
reactome:ProteinReference1072,abstraction:ControlsExpressionOf,reactome:ProteinReference6011
reactome:ProteinReference1066,abstraction:ControlsExpressionOf,reactome:ProteinReference1156
reactome:ProteinReference1075,abstraction:ControlsExpressionOf,reactome:ProteinReference5709
reactome:ProteinReference10347,abstraction:ControlsExpressionOf,reactome:ProteinReference6939
reactome:ProteinReference7505,abstraction:ControlsExpressionOf,reactome:ProteinReference7551
reactome:ProteinReference1107,abstraction:ControlsExpressionOf,reactome:ProteinReference1352
reactome:ProteinReference1053,abstraction:ControlsExpressionOf,reactome:ProteinReference1160
reactome:ProteinReference6244,abstraction:ControlsExpressionOf,reactome:ProteinReference4224
reactome:ProteinReference5429,abstraction:ControlsExpressionOf,reactome:ProteinReference7444
reactome:ProteinReference9139,abstraction:ControlsExpressionOf,reactome:ProteinReference10349
reactome:ProteinReference4400,abstraction:ControlsExpressionOf,reactome:ProteinReference10455
reactome:ProteinReference7507,abstraction:ControlsExpressionOf,reactome:ProteinReference7559
reactome:ProteinReference10573,abstraction:ControlsExpressionOf,reactome:ProteinReference1402
reactome:ProteinReference3109,abstraction:ControlsExpressionOf,reactome:ProteinReference8907
reactome:ProteinReference8283,abstraction:ControlsExpressionOf,reactome:ProteinReference8962
reactome:ProteinReference1104,abstraction:ControlsExpressionOf,reactome:ProteinReference1126
reactome:ProteinReference1088,abstraction:ControlsExpressionOf,reactome:ProteinReference655
reactome:ProteinReference2794,abstraction:ControlsExpressionOf,reactome:ProteinReference5907
reactome:ProteinReference6770,abstraction:ControlsExpressionOf,reactome:ProteinReference4641
reactome:ProteinReference4550,abstraction:ControlsExpressionOf,reactome:ProteinReference1372
reactome:ProteinReference10573,abstraction:ControlsExpressionOf,reactome:ProteinReference1349
reactome:ProteinReference5429,abstraction:ControlsExpressionOf,reactome:ProteinReference7739
reactome:ProteinReference1088,abstraction:ControlsExpressionOf,reactome:ProteinReference5573
reactome:ProteinReference11271,abstraction:ControlsExpressionOf,reactome:ProteinReference11831
reactome:ProteinReference5407,abstraction:ControlsExpressionOf,reactome:ProteinReference3598
reactome:ProteinReference1088,abstraction:ControlsExpressionOf,reactome:ProteinReference1346
reactome:ProteinReference9779,abstraction:ControlsExpressionOf,reactome:ProteinReference3635
reactome:ProteinReference2790,abstraction:ControlsExpressionOf,reactome:ProteinReference5291
reactome:ProteinReference8605,abstraction:ControlsExpressionOf,reactome:ProteinReference5291
reactome:ProteinReference1124,abstraction:ControlsExpressionOf,reactome:ProteinReference1163
reactome:ProteinReference1087,abstraction:ControlsExpressionOf,reactome:ProteinReference10684
reactome:ProteinReference9095,abstraction:ControlsExpressionOf,reactome:ProteinReference2585
reactome:ProteinReference6244,abstraction:ControlsExpressionOf,reactome:ProteinReference6254
reactome:ProteinReference1113,abstraction:ControlsExpressionOf,reactome:ProteinReference1346
reactome:ProteinReference7596,abstraction:ControlsExpressionOf,reactome:ProteinReference1347
reactome:ProteinReference9097,abstraction:ControlsExpressionOf,reactome:ProteinReference2585
reactome:ProteinReference10409,abstraction:ControlsExpressionOf,reactome:ProteinReference11806
reactome:ProteinReference2801,abstraction:ControlsExpressionOf,reactome:ProteinReference4438
reactome:ProteinReference5396,abstraction:ControlsExpressionOf,reactome:ProteinReference3369
reactome:ProteinReference1069,abstraction:ControlsExpressionOf,reactome:ProteinReference33
reactome:ProteinReference10922,abstraction:ControlsExpressionOf,reactome:ProteinReference11814
reactome:ProteinReference2553,abstraction:ControlsExpressionOf,reactome:ProteinReference10355
reactome:ProteinReference4559,abstraction:ControlsExpressionOf,reactome:ProteinReference3577
reactome:ProteinReference4527,abstraction:ControlsExpressionOf,reactome:ProteinReference1339
reactome:ProteinReference1119,abstraction:ControlsExpressionOf,reactome:ProteinReference741
reactome:ProteinReference4526,abstraction:ControlsExpressionOf,reactome:ProteinReference1268
reactome:ProteinReference10409,abstraction:ControlsExpressionOf,reactome:ProteinReference11757
reactome:ProteinReference3082,abstraction:ControlsExpressionOf,reactome:ProteinReference6139
reactome:ProteinReference1154,abstraction:ControlsExpressionOf,reactome:ProteinReference10469
reactome:ProteinReference10409,abstraction:ControlsExpressionOf,reactome:ProteinReference11991
reactome:ProteinReference1154,abstraction:ControlsExpressionOf,reactome:ProteinReference1053
reactome:ProteinReference6779,abstraction:ControlsExpressionOf,reactome:ProteinReference6782
reactome:ProteinReference6871,abstraction:ControlsExpressionOf,reactome:ProteinReference6899
reactome:ProteinReference10842,abstraction:ControlsExpressionOf,reactome:ProteinReference10844
reactome:ProteinReference10922,abstraction:ControlsExpressionOf,reactome:ProteinReference11916
reactome:ProteinReference4530,abstraction:ControlsExpressionOf,reactome:ProteinReference1162
reactome:ProteinReference9081,abstraction:ControlsExpressionOf,reactome:ProteinReference2585
reactome:ProteinReference3891,abstraction:ControlsExpressionOf,reactome:ProteinReference6769
reactome:ProteinReference7596,abstraction:ControlsExpressionOf,reactome:ProteinReference3539
reactome:ProteinReference4393,abstraction:ControlsExpressionOf,reactome:ProteinReference5275
reactome:ProteinReference1132,abstraction:ControlsExpressionOf,reactome:ProteinReference7774
reactome:ProteinReference9701,abstraction:ControlsExpressionOf,reactome:ProteinReference8637
reactome:ProteinReference7597,abstraction:ControlsExpressionOf,reactome:ProteinReference1347
reactome:ProteinReference10922,abstraction:ControlsExpressionOf,reactome:ProteinReference11798
reactome:ProteinReference10922,abstraction:ControlsExpressionOf,reactome:ProteinReference11817
reactome:ProteinReference10922,abstraction:ControlsExpressionOf,reactome:ProteinReference11962
reactome:ProteinReference11256,abstraction:ControlsExpressionOf,reactome:ProteinReference5039
reactome:ProteinReference10409,abstraction:ControlsExpressionOf,reactome:ProteinReference11923
reactome:ProteinReference6079,abstraction:ControlsExpressionOf,reactome:ProteinReference4468
reactome:ProteinReference1070,abstraction:ControlsExpressionOf,reactome:ProteinReference33
reactome:ProteinReference9923,abstraction:ControlsExpressionOf,reactome:ProteinReference10368
reactome:ProteinReference11271,abstraction:ControlsExpressionOf,reactome:ProteinReference11726
reactome:ProteinReference10922,abstraction:ControlsExpressionOf,reactome:ProteinReference11796
reactome:ProteinReference9780,abstraction:ControlsExpressionOf,reactome:ProteinReference2970
reactome:ProteinReference11271,abstraction:ControlsExpressionOf,reactome:ProteinReference11856
reactome:ProteinReference10409,abstraction:ControlsExpressionOf,reactome:ProteinReference11772
reactome:ProteinReference10409,abstraction:ControlsExpressionOf,reactome:ProteinReference11787
reactome:ProteinReference4580,abstraction:ControlsExpressionOf,reactome:ProteinReference10350
reactome:ProteinReference5036,abstraction:ControlsExpressionOf,reactome:ProteinReference4590
reactome:ProteinReference1113,abstraction:ControlsExpressionOf,reactome:ProteinReference1126
reactome:ProteinReference4527,abstraction:ControlsExpressionOf,reactome:ProteinReference3577
reactome:ProteinReference4558,abstraction:ControlsExpressionOf,reactome:ProteinReference655
reactome:ProteinReference5429,abstraction:ControlsExpressionOf,reactome:ProteinReference7716
reactome:ProteinReference11045,abstraction:ControlsExpressionOf,reactome:ProteinReference11049
reactome:ProteinReference4554,abstraction:ControlsExpressionOf,reactome:ProteinReference1188
reactome:ProteinReference11271,abstraction:ControlsExpressionOf,reactome:ProteinReference11904
reactome:ProteinReference5135,abstraction:ControlsExpressionOf,reactome:ProteinReference5132
reactome:ProteinReference6150,abstraction:ControlsExpressionOf,reactome:ProteinReference6276
reactome:ProteinReference4549,abstraction:ControlsExpressionOf,reactome:ProteinReference1162
reactome:ProteinReference8283,abstraction:ControlsExpressionOf,reactome:ProteinReference7053
reactome:ProteinReference10922,abstraction:ControlsExpressionOf,reactome:ProteinReference11663
reactome:ProteinReference7597,abstraction:ControlsExpressionOf,reactome:ProteinReference3539
reactome:ProteinReference5242,abstraction:ControlsExpressionOf,reactome:ProteinReference655
reactome:ProteinReference4558,abstraction:ControlsExpressionOf,reactome:ProteinReference1346
reactome:ProteinReference1064,abstraction:ControlsExpressionOf,reactome:ProteinReference1197
reactome:ProteinReference4526,abstraction:ControlsExpressionOf,reactome:ProteinReference6180
reactome:ProteinReference10578,abstraction:ControlsExpressionOf,reactome:ProteinReference1347
reactome:ProteinReference1052,abstraction:ControlsExpressionOf,reactome:ProteinReference1140
reactome:ProteinReference5242,abstraction:ControlsExpressionOf,reactome:ProteinReference5573
reactome:ProteinReference7590,abstraction:ControlsExpressionOf,reactome:ProteinReference10348
reactome:ProteinReference1809,abstraction:ControlsExpressionOf,reactome:ProteinReference1172
reactome:ProteinReference1106,abstraction:ControlsExpressionOf,reactome:ProteinReference1352
reactome:ProteinReference11271,abstraction:ControlsExpressionOf,reactome:ProteinReference11654
reactome:ProteinReference8601,abstraction:ControlsExpressionOf,reactome:ProteinReference6855
reactome:ProteinReference5432,abstraction:ControlsExpressionOf,reactome:ProteinReference7716
reactome:ProteinReference1077,abstraction:ControlsExpressionOf,reactome:ProteinReference1071
reactome:ProteinReference9816,abstraction:ControlsExpressionOf,reactome:ProteinReference1154
reactome:ProteinReference1062,abstraction:ControlsExpressionOf,reactome:ProteinReference10
reactome:ProteinReference7724,abstraction:ControlsExpressionOf,reactome:ProteinReference7726
reactome:ProteinReference4561,abstraction:ControlsExpressionOf,reactome:ProteinReference10580
reactome:ProteinReference4527,abstraction:ControlsExpressionOf,reactome:ProteinReference4641
reactome:ProteinReference10409,abstraction:ControlsExpressionOf,reactome:ProteinReference11862
reactome:ProteinReference6173,abstraction:ControlsExpressionOf,reactome:ProteinReference5036
reactome:ProteinReference5239,abstraction:ControlsExpressionOf,reactome:ProteinReference1126
reactome:ProteinReference1063,abstraction:ControlsExpressionOf,reactome:ProteinReference1151
reactome:ProteinReference2807,abstraction:ControlsExpressionOf,reactome:ProteinReference4423
reactome:ProteinReference7826,abstraction:ControlsExpressionOf,reactome:ProteinReference763
reactome:ProteinReference2553,abstraction:ControlsExpressionOf,reactome:ProteinReference421
reactome:ProteinReference8283,abstraction:ControlsExpressionOf,reactome:ProteinReference8861
reactome:ProteinReference3891,abstraction:ControlsExpressionOf,reactome:ProteinReference7502
reactome:ProteinReference2788,abstraction:ControlsExpressionOf,reactome:ProteinReference4438
reactome:ProteinReference4473,abstraction:ControlsExpressionOf,reactome:ProteinReference4483
reactome:ProteinReference1088,abstraction:ControlsExpressionOf,reactome:ProteinReference7541
reactome:ProteinReference4557,abstraction:ControlsExpressionOf,reactome:ProteinReference1152
reactome:ProteinReference10679,abstraction:ControlsExpressionOf,reactome:ProteinReference3249
reactome:ProteinReference7596,abstraction:ControlsExpressionOf,reactome:ProteinReference1744
reactome:ProteinReference1114,abstraction:ControlsExpressionOf,reactome:ProteinReference1337
reactome:ProteinReference10922,abstraction:ControlsExpressionOf,reactome:ProteinReference11924
reactome:ProteinReference6861,abstraction:ControlsExpressionOf,reactome:ProteinReference8967
reactome:ProteinReference10922,abstraction:ControlsExpressionOf,reactome:ProteinReference11963
reactome:ProteinReference5434,abstraction:ControlsExpressionOf,reactome:ProteinReference10466
reactome:ProteinReference4550,abstraction:ControlsExpressionOf,reactome:ProteinReference1346
reactome:ProteinReference10680,abstraction:ControlsExpressionOf,reactome:ProteinReference10528
reactome:ProteinReference5395,abstraction:ControlsExpressionOf,reactome:ProteinReference5039
reactome:ProteinReference6079,abstraction:ControlsExpressionOf,reactome:ProteinReference5290
reactome:ProteinReference2794,abstraction:ControlsExpressionOf,reactome:ProteinReference4423
reactome:ProteinReference11312,abstraction:ControlsExpressionOf,reactome:ProteinReference4611
reactome:ProteinReference10409,abstraction:ControlsExpressionOf,reactome:ProteinReference11958
reactome:ProteinReference4556,abstraction:ControlsExpressionOf,reactome:ProteinReference1268
reactome:ProteinReference1154,abstraction:ControlsExpressionOf,reactome:ProteinReference4387
reactome:ProteinReference11024,abstraction:ControlsExpressionOf,reactome:ProteinReference11027
reactome:ProteinReference5244,abstraction:ControlsExpressionOf,reactome:ProteinReference1347
reactome:ProteinReference6131,abstraction:ControlsExpressionOf,reactome:ProteinReference6081
reactome:ProteinReference5274,abstraction:ControlsExpressionOf,reactome:ProteinReference10830
reactome:ProteinReference10922,abstraction:ControlsExpressionOf,reactome:ProteinReference11818
reactome:ProteinReference1133,abstraction:ControlsExpressionOf,reactome:ProteinReference10471
reactome:ProteinReference8603,abstraction:ControlsExpressionOf,reactome:ProteinReference8322
reactome:ProteinReference4481,abstraction:ControlsExpressionOf,reactome:ProteinReference6971
reactome:ProteinReference10409,abstraction:ControlsExpressionOf,reactome:ProteinReference11637
reactome:ProteinReference9053,abstraction:ControlsExpressionOf,reactome:ProteinReference1188
reactome:ProteinReference11271,abstraction:ControlsExpressionOf,reactome:ProteinReference11685
reactome:ProteinReference2553,abstraction:ControlsExpressionOf,reactome:ProteinReference5307
reactome:ProteinReference40,abstraction:ControlsExpressionOf,reactome:ProteinReference6148
reactome:ProteinReference11256,abstraction:ControlsExpressionOf,reactome:ProteinReference11262
reactome:ProteinReference5429,abstraction:ControlsExpressionOf,reactome:ProteinReference707
reactome:ProteinReference9078,abstraction:ControlsExpressionOf,reactome:ProteinReference2581
reactome:ProteinReference5239,abstraction:ControlsExpressionOf,reactome:ProteinReference1347
reactome:ProteinReference6779,abstraction:ControlsExpressionOf,reactome:ProteinReference6780
reactome:ProteinReference4561,abstraction:ControlsExpressionOf,reactome:ProteinReference10578
reactome:ProteinReference1119,abstraction:ControlsExpressionOf,reactome:ProteinReference661
reactome:ProteinReference10409,abstraction:ControlsExpressionOf,reactome:ProteinReference11701
reactome:ProteinReference3891,abstraction:ControlsExpressionOf,reactome:ProteinReference6097
reactome:ProteinReference5244,abstraction:ControlsExpressionOf,reactome:ProteinReference3539
reactome:ProteinReference10679,abstraction:ControlsExpressionOf,reactome:ProteinReference10529
reactome:ProteinReference1069,abstraction:ControlsExpressionOf,reactome:ProteinReference1149
reactome:ProteinReference10409,abstraction:ControlsExpressionOf,reactome:ProteinReference11941
reactome:ProteinReference10922,abstraction:ControlsExpressionOf,reactome:ProteinReference11800
reactome:ProteinReference1132,abstraction:ControlsExpressionOf,reactome:ProteinReference5662
reactome:ProteinReference4523,abstraction:ControlsExpressionOf,reactome:ProteinReference10578
reactome:ProteinReference1121,abstraction:ControlsExpressionOf,reactome:ProteinReference10581
reactome:ProteinReference4525,abstraction:ControlsExpressionOf,reactome:ProteinReference1268
reactome:ProteinReference11271,abstraction:ControlsExpressionOf,reactome:ProteinReference11751
reactome:ProteinReference8287,abstraction:ControlsExpressionOf,reactome:ProteinReference10448
reactome:ProteinReference4550,abstraction:ControlsExpressionOf,reactome:ProteinReference1126
reactome:ProteinReference1063,abstraction:ControlsExpressionOf,reactome:ProteinReference666
reactome:ProteinReference8283,abstraction:ControlsExpressionOf,reactome:ProteinReference7050
reactome:ProteinReference4521,abstraction:ControlsExpressionOf,reactome:ProteinReference1197
reactome:ProteinReference6861,abstraction:ControlsExpressionOf,reactome:ProteinReference9728
reactome:ProteinReference5239,abstraction:ControlsExpressionOf,reactome:ProteinReference3539
reactome:ProteinReference1065,abstraction:ControlsExpressionOf,reactome:ProteinReference1188
reactome:ProteinReference7723,abstraction:ControlsExpressionOf,reactome:ProteinReference7726
reactome:ProteinReference6293,abstraction:ControlsExpressionOf,reactome:ProteinReference7541
reactome:ProteinReference10577,abstraction:ControlsExpressionOf,reactome:ProteinReference1162
reactome:ProteinReference1092,abstraction:ControlsExpressionOf,reactome:ProteinReference741
reactome:ProteinReference1112,abstraction:ControlsExpressionOf,reactome:ProteinReference1372
reactome:ProteinReference11271,abstraction:ControlsExpressionOf,reactome:ProteinReference11737
reactome:ProteinReference8612,abstraction:ControlsExpressionOf,reactome:ProteinReference4438
reactome:ProteinReference10810,abstraction:ControlsExpressionOf,reactome:ProteinReference10814
reactome:ProteinReference1098,abstraction:ControlsExpressionOf,reactome:ProteinReference1351
reactome:ProteinReference8982,abstraction:ControlsExpressionOf,reactome:ProteinReference1162
reactome:ProteinReference11271,abstraction:ControlsExpressionOf,reactome:ProteinReference11981
reactome:ProteinReference11271,abstraction:ControlsExpressionOf,reactome:ProteinReference11694
reactome:ProteinReference5243,abstraction:ControlsExpressionOf,reactome:ProteinReference1197
reactome:ProteinReference1070,abstraction:ControlsExpressionOf,reactome:ProteinReference1149
reactome:ProteinReference8823,abstraction:ControlsExpressionOf,reactome:ProteinReference8637
reactome:ProteinReference10466,abstraction:ControlsExpressionOf,reactome:ProteinReference7774
reactome:ProteinReference2804,abstraction:ControlsExpressionOf,reactome:ProteinReference8322
reactome:ProteinReference5428,abstraction:ControlsExpressionOf,reactome:ProteinReference7511
reactome:ProteinReference1066,abstraction:ControlsExpressionOf,reactome:ProteinReference1139
reactome:ProteinReference7504,abstraction:ControlsExpressionOf,reactome:ProteinReference7545
reactome:ProteinReference6290,abstraction:ControlsExpressionOf,reactome:ProteinReference5390
reactome:ProteinReference1099,abstraction:ControlsExpressionOf,reactome:ProteinReference1347
reactome:ProteinReference9923,abstraction:ControlsExpressionOf,reactome:ProteinReference8788
reactome:ProteinReference7572,abstraction:ControlsExpressionOf,reactome:ProteinReference10829
reactome:ProteinReference11012,abstraction:ControlsExpressionOf,reactome:ProteinReference10350
reactome:ProteinReference6031,abstraction:ControlsExpressionOf,reactome:ProteinReference2765
reactome:ProteinReference11036,abstraction:ControlsExpressionOf,reactome:ProteinReference5227
reactome:ProteinReference1113,abstraction:ControlsExpressionOf,reactome:ProteinReference1744
reactome:ProteinReference4551,abstraction:ControlsExpressionOf,reactome:ProteinReference1347
reactome:ProteinReference10572,abstraction:ControlsExpressionOf,reactome:ProteinReference1082
reactome:ProteinReference10922,abstraction:ControlsExpressionOf,reactome:ProteinReference11957
reactome:ProteinReference1052,abstraction:ControlsExpressionOf,reactome:ProteinReference1844
reactome:ProteinReference5284,abstraction:ControlsExpressionOf,reactome:ProteinReference1337
reactome:ProteinReference1077,abstraction:ControlsExpressionOf,reactome:ProteinReference6148
reactome:ProteinReference1064,abstraction:ControlsExpressionOf,reactome:ProteinReference1349
reactome:ProteinReference7503,abstraction:ControlsExpressionOf,reactome:ProteinReference7546
reactome:ProteinReference1061,abstraction:ControlsExpressionOf,reactome:ProteinReference1129
reactome:ProteinReference1115,abstraction:ControlsExpressionOf,reactome:ProteinReference1151
reactome:ProteinReference9053,abstraction:ControlsExpressionOf,reactome:ProteinReference1339
reactome:ProteinReference1118,abstraction:ControlsExpressionOf,reactome:ProteinReference1151
reactome:ProteinReference10453,abstraction:ControlsExpressionOf,reactome:ProteinReference4611
reactome:ProteinReference1098,abstraction:ControlsExpressionOf,reactome:ProteinReference1807
reactome:ProteinReference1099,abstraction:ControlsExpressionOf,reactome:ProteinReference10577
reactome:ProteinReference1105,abstraction:ControlsExpressionOf,reactome:ProteinReference10580
reactome:ProteinReference1069,abstraction:ControlsExpressionOf,reactome:ProteinReference1130
reactome:ProteinReference4551,abstraction:ControlsExpressionOf,reactome:ProteinReference10577
reactome:ProteinReference5155,abstraction:ControlsExpressionOf,reactome:ProteinReference4636
reactome:ProteinReference5239,abstraction:ControlsExpressionOf,reactome:ProteinReference1744
reactome:ProteinReference5036,abstraction:ControlsExpressionOf,reactome:ProteinReference6173
reactome:ProteinReference4551,abstraction:ControlsExpressionOf,reactome:ProteinReference3539
reactome:ProteinReference6783,abstraction:ControlsExpressionOf,reactome:ProteinReference6785
reactome:ProteinReference4554,abstraction:ControlsExpressionOf,reactome:ProteinReference655
reactome:ProteinReference10409,abstraction:ControlsExpressionOf,reactome:ProteinReference11836
reactome:ProteinReference2835,abstraction:ControlsExpressionOf,reactome:ProteinReference1163
reactome:ProteinReference5275,abstraction:ControlsExpressionOf,reactome:ProteinReference2553
reactome:ProteinReference9047,abstraction:ControlsExpressionOf,reactome:ProteinReference1347
reactome:ProteinReference10909,abstraction:ControlsExpressionOf,reactome:ProteinReference7777
reactome:ProteinReference4554,abstraction:ControlsExpressionOf,reactome:ProteinReference5573
reactome:ProteinReference1061,abstraction:ControlsExpressionOf,reactome:ProteinReference5909
reactome:ProteinReference10409,abstraction:ControlsExpressionOf,reactome:ProteinReference11652
reactome:ProteinReference10679,abstraction:ControlsExpressionOf,reactome:ProteinReference5256
reactome:ProteinReference1117,abstraction:ControlsExpressionOf,reactome:ProteinReference1351
reactome:ProteinReference10922,abstraction:ControlsExpressionOf,reactome:ProteinReference11691
reactome:ProteinReference6774,abstraction:ControlsExpressionOf,reactome:ProteinReference10994
reactome:ProteinReference9701,abstraction:ControlsExpressionOf,reactome:ProteinReference9716
reactome:ProteinReference1094,abstraction:ControlsExpressionOf,reactome:ProteinReference1347
reactome:ProteinReference8604,abstraction:ControlsExpressionOf,reactome:ProteinReference8322
reactome:ProteinReference5427,abstraction:ControlsExpressionOf,reactome:ProteinReference10466
reactome:ProteinReference2468,abstraction:ControlsExpressionOf,reactome:ProteinReference8632
reactome:ProteinReference4526,abstraction:ControlsExpressionOf,reactome:ProteinReference1162
reactome:ProteinReference8824,abstraction:ControlsExpressionOf,reactome:ProteinReference8833
reactome:ProteinReference7724,abstraction:ControlsExpressionOf,reactome:ProteinReference5573
reactome:ProteinReference10409,abstraction:ControlsExpressionOf,reactome:ProteinReference11736
reactome:ProteinReference1102,abstraction:ControlsExpressionOf,reactome:ProteinReference10580
reactome:ProteinReference1088,abstraction:ControlsExpressionOf,reactome:ProteinReference393
reactome:ProteinReference1065,abstraction:ControlsExpressionOf,reactome:ProteinReference1339
reactome:ProteinReference10834,abstraction:ControlsExpressionOf,reactome:ProteinReference10836
reactome:ProteinReference11271,abstraction:ControlsExpressionOf,reactome:ProteinReference11821
reactome:ProteinReference6861,abstraction:ControlsExpressionOf,reactome:ProteinReference5908
reactome:ProteinReference2446,abstraction:ControlsExpressionOf,reactome:ProteinReference8632
reactome:ProteinReference3847,abstraction:ControlsExpressionOf,reactome:ProteinReference4423
reactome:ProteinReference10922,abstraction:ControlsExpressionOf,reactome:ProteinReference11750
reactome:ProteinReference4559,abstraction:ControlsExpressionOf,reactome:ProteinReference1197
reactome:ProteinReference1108,abstraction:ControlsExpressionOf,reactome:ProteinReference10580
reactome:ProteinReference8287,abstraction:ControlsExpressionOf,reactome:ProteinReference6791
reactome:ProteinReference1061,abstraction:ControlsExpressionOf,reactome:ProteinReference10578
reactome:ProteinReference10922,abstraction:ControlsExpressionOf,reactome:ProteinReference11782
reactome:ProteinReference5433,abstraction:ControlsExpressionOf,reactome:ProteinReference8287
reactome:ProteinReference10572,abstraction:ControlsExpressionOf,reactome:ProteinReference1188
reactome:ProteinReference10409,abstraction:ControlsExpressionOf,reactome:ProteinReference11724
reactome:ProteinReference6148,abstraction:ControlsExpressionOf,reactome:ProteinReference9927
reactome:ProteinReference10831,abstraction:ControlsExpressionOf,reactome:ProteinReference5273
reactome:ProteinReference1085,abstraction:ControlsExpressionOf,reactome:ProteinReference2042
reactome:ProteinReference1088,abstraction:ControlsExpressionOf,reactome:ProteinReference6787
reactome:ProteinReference1094,abstraction:ControlsExpressionOf,reactome:ProteinReference10577
reactome:ProteinReference4458,abstraction:ControlsExpressionOf,reactome:ProteinReference1082
reactome:ProteinReference7604,abstraction:ControlsExpressionOf,reactome:ProteinReference10826
reactome:ProteinReference1077,abstraction:ControlsExpressionOf,reactome:ProteinReference1651
reactome:ProteinReference6871,abstraction:ControlsExpressionOf,reactome:ProteinReference647
reactome:ProteinReference1068,abstraction:ControlsExpressionOf,reactome:ProteinReference1051
reactome:ProteinReference5433,abstraction:ControlsExpressionOf,reactome:ProteinReference8286
reactome:ProteinReference5004,abstraction:ControlsExpressionOf,reactome:ProteinReference10580
reactome:ProteinReference5434,abstraction:ControlsExpressionOf,reactome:ProteinReference1021
reactome:ProteinReference1061,abstraction:ControlsExpressionOf,reactome:ProteinReference5662
reactome:ProteinReference10829,abstraction:ControlsExpressionOf,reactome:ProteinReference5390
reactome:ProteinReference9779,abstraction:ControlsExpressionOf,reactome:ProteinReference3370
reactome:ProteinReference6861,abstraction:ControlsExpressionOf,reactome:ProteinReference9740
reactome:ProteinReference2789,abstraction:ControlsExpressionOf,reactome:ProteinReference5907
reactome:ProteinReference1117,abstraction:ControlsExpressionOf,reactome:ProteinReference1807
reactome:ProteinReference1054,abstraction:ControlsExpressionOf,reactome:ProteinReference5573
reactome:ProteinReference1091,abstraction:ControlsExpressionOf,reactome:ProteinReference1197
reactome:ProteinReference10922,abstraction:ControlsExpressionOf,reactome:ProteinReference11645
reactome:ProteinReference4557,abstraction:ControlsExpressionOf,reactome:ProteinReference661
reactome:ProteinReference10922,abstraction:ControlsExpressionOf,reactome:ProteinReference11753
reactome:ProteinReference6861,abstraction:ControlsExpressionOf,reactome:ProteinReference3628
reactome:ProteinReference10409,abstraction:ControlsExpressionOf,reactome:ProteinReference11903
reactome:ProteinReference1112,abstraction:ControlsExpressionOf,reactome:ProteinReference1346
reactome:ProteinReference1073,abstraction:ControlsExpressionOf,reactome:ProteinReference1642
reactome:ProteinReference1117,abstraction:ControlsExpressionOf,reactome:ProteinReference661
reactome:ProteinReference5430,abstraction:ControlsExpressionOf,reactome:ProteinReference7716
reactome:ProteinReference10404,abstraction:ControlsExpressionOf,reactome:ProteinReference8294
reactome:ProteinReference5940,abstraction:ControlsExpressionOf,reactome:ProteinReference588
reactome:ProteinReference2798,abstraction:ControlsExpressionOf,reactome:ProteinReference6855
reactome:ProteinReference6035,abstraction:ControlsExpressionOf,reactome:ProteinReference5039
reactome:ProteinReference4521,abstraction:ControlsExpressionOf,reactome:ProteinReference1402
reactome:ProteinReference4515,abstraction:ControlsExpressionOf,reactome:ProteinReference3249
reactome:ProteinReference7506,abstraction:ControlsExpressionOf,reactome:ProteinReference7558
reactome:ProteinReference10409,abstraction:ControlsExpressionOf,reactome:ProteinReference11944
reactome:ProteinReference1052,abstraction:ControlsExpressionOf,reactome:ProteinReference1352
reactome:ProteinReference4473,abstraction:ControlsExpressionOf,reactome:ProteinReference5271
reactome:ProteinReference10839,abstraction:ControlsExpressionOf,reactome:ProteinReference7521
reactome:ProteinReference10595,abstraction:ControlsExpressionOf,reactome:ProteinReference10602
reactome:ProteinReference6861,abstraction:ControlsExpressionOf,reactome:ProteinReference9710
reactome:ProteinReference1088,abstraction:ControlsExpressionOf,reactome:ProteinReference10813
reactome:ProteinReference4527,abstraction:ControlsExpressionOf,reactome:ProteinReference1197
reactome:ProteinReference10922,abstraction:ControlsExpressionOf,reactome:ProteinReference11634
reactome:ProteinReference10922,abstraction:ControlsExpressionOf,reactome:ProteinReference11815
reactome:ProteinReference5163,abstraction:ControlsExpressionOf,reactome:ProteinReference7603
reactome:ProteinReference2798,abstraction:ControlsExpressionOf,reactome:ProteinReference10383
reactome:ProteinReference4521,abstraction:ControlsExpressionOf,reactome:ProteinReference1349
reactome:ProteinReference4541,abstraction:ControlsExpressionOf,reactome:ProteinReference10460
reactome:ProteinReference10409,abstraction:ControlsExpressionOf,reactome:ProteinReference11956
reactome:ProteinReference6945,abstraction:ControlsExpressionOf,reactome:ProteinReference10384
reactome:ProteinReference1123,abstraction:ControlsExpressionOf,reactome:ProteinReference1844
reactome:ProteinReference9053,abstraction:ControlsExpressionOf,reactome:ProteinReference5573
reactome:ProteinReference4550,abstraction:ControlsExpressionOf,reactome:ProteinReference1744
reactome:ProteinReference1088,abstraction:ControlsExpressionOf,reactome:ProteinReference10581
reactome:ProteinReference11271,abstraction:ControlsExpressionOf,reactome:ProteinReference11650
reactome:ProteinReference1061,abstraction:ControlsExpressionOf,reactome:ProteinReference2098
reactome:ProteinReference1102,abstraction:ControlsExpressionOf,reactome:ProteinReference10578
reactome:ProteinReference2799,abstraction:ControlsExpressionOf,reactome:ProteinReference8322
reactome:ProteinReference10835,abstraction:ControlsExpressionOf,reactome:ProteinReference10832
reactome:ProteinReference8823,abstraction:ControlsExpressionOf,reactome:ProteinReference4497
reactome:ProteinReference10922,abstraction:ControlsExpressionOf,reactome:ProteinReference11865
reactome:ProteinReference1108,abstraction:ControlsExpressionOf,reactome:ProteinReference10578
reactome:ProteinReference11271,abstraction:ControlsExpressionOf,reactome:ProteinReference11723
reactome:ProteinReference5243,abstraction:ControlsExpressionOf,reactome:ProteinReference1349
reactome:ProteinReference4630,abstraction:ControlsExpressionOf,reactome:ProteinReference6033
reactome:ProteinReference10431,abstraction:ControlsExpressionOf,reactome:ProteinReference10847
reactome:ProteinReference1056,abstraction:ControlsExpressionOf,reactome:ProteinReference1153
reactome:ProteinReference4555,abstraction:ControlsExpressionOf,reactome:ProteinReference1339
reactome:ProteinReference4473,abstraction:ControlsExpressionOf,reactome:ProteinReference7727
reactome:ProteinReference6861,abstraction:ControlsExpressionOf,reactome:ProteinReference9703
reactome:ProteinReference10409,abstraction:ControlsExpressionOf,reactome:ProteinReference12032
reactome:ProteinReference1068,abstraction:ControlsExpressionOf,reactome:ProteinReference1127
reactome:ProteinReference1149,abstraction:ControlsExpressionOf,reactome:ProteinReference10590
reactome:ProteinReference3891,abstraction:ControlsExpressionOf,reactome:ProteinReference5078
reactome:ProteinReference8824,abstraction:ControlsExpressionOf,reactome:ProteinReference8836
reactome:ProteinReference1121,abstraction:ControlsExpressionOf,reactome:ProteinReference1152
reactome:ProteinReference11271,abstraction:ControlsExpressionOf,reactome:ProteinReference11961
reactome:ProteinReference1088,abstraction:ControlsExpressionOf,reactome:ProteinReference7720
reactome:ProteinReference3836,abstraction:ControlsExpressionOf,reactome:ProteinReference5078
reactome:ProteinReference8824,abstraction:ControlsExpressionOf,reactome:ProteinReference8901
reactome:ProteinReference10409,abstraction:ControlsExpressionOf,reactome:ProteinReference11683
reactome:ProteinReference1088,abstraction:ControlsExpressionOf,reactome:ProteinReference5918
reactome:ProteinReference1809,abstraction:ControlsExpressionOf,reactome:ProteinReference1171
reactome:ProteinReference1063,abstraction:ControlsExpressionOf,reactome:ProteinReference10
reactome:ProteinReference11275,abstraction:ControlsExpressionOf,reactome:ProteinReference1124
reactome:ProteinReference2465,abstraction:ControlsExpressionOf,reactome:ProteinReference8632
reactome:ProteinReference6861,abstraction:ControlsExpressionOf,reactome:ProteinReference9719
reactome:ProteinReference4552,abstraction:ControlsExpressionOf,reactome:ProteinReference1188
reactome:ProteinReference4515,abstraction:ControlsExpressionOf,reactome:ProteinReference10529
reactome:ProteinReference1112,abstraction:ControlsExpressionOf,reactome:ProteinReference1126
reactome:ProteinReference10347,abstraction:ControlsExpressionOf,reactome:ProteinReference3458
reactome:ProteinReference4556,abstraction:ControlsExpressionOf,reactome:ProteinReference1162
reactome:ProteinReference1092,abstraction:ControlsExpressionOf,reactome:ProteinReference10580
reactome:ProteinReference1063,abstraction:ControlsExpressionOf,reactome:ProteinReference10577
reactome:ProteinReference1064,abstraction:ControlsExpressionOf,reactome:ProteinReference1130
reactome:ProteinReference1995,abstraction:ControlsExpressionOf,reactome:ProteinReference1988
reactome:ProteinReference5407,abstraction:ControlsExpressionOf,reactome:ProteinReference10825
reactome:ProteinReference175,abstraction:ControlsExpressionOf,reactome:ProteinReference9828
reactome:ProteinReference7511,abstraction:ControlsExpressionOf,reactome:ProteinReference7541
reactome:ProteinReference4530,abstraction:ControlsExpressionOf,reactome:ProteinReference1151
reactome:ProteinReference11271,abstraction:ControlsExpressionOf,reactome:ProteinReference11808
reactome:ProteinReference11271,abstraction:ControlsExpressionOf,reactome:ProteinReference11930
reactome:ProteinReference1107,abstraction:ControlsExpressionOf,reactome:ProteinReference1372
reactome:ProteinReference4548,abstraction:ControlsExpressionOf,reactome:ProteinReference1351
reactome:ProteinReference3088,abstraction:ControlsExpressionOf,reactome:ProteinReference6139
reactome:ProteinReference4555,abstraction:ControlsExpressionOf,reactome:ProteinReference3577
reactome:ProteinReference10922,abstraction:ControlsExpressionOf,reactome:ProteinReference11819
reactome:ProteinReference2553,abstraction:ControlsExpressionOf,reactome:ProteinReference6798
reactome:ProteinReference11271,abstraction:ControlsExpressionOf,reactome:ProteinReference11784
reactome:ProteinReference7505,abstraction:ControlsExpressionOf,reactome:ProteinReference5449
reactome:ProteinReference6162,abstraction:ControlsExpressionOf,reactome:ProteinReference6773
reactome:ProteinReference10922,abstraction:ControlsExpressionOf,reactome:ProteinReference11967
reactome:ProteinReference4558,abstraction:ControlsExpressionOf,reactome:ProteinReference10581
reactome:ProteinReference4721,abstraction:ControlsExpressionOf,reactome:ProteinReference6139
reactome:ProteinReference10810,abstraction:ControlsExpressionOf,reactome:ProteinReference10815
reactome:ProteinReference8608,abstraction:ControlsExpressionOf,reactome:ProteinReference6855
reactome:ProteinReference6817,abstraction:ControlsExpressionOf,reactome:ProteinReference9092
reactome:ProteinReference4525,abstraction:ControlsExpressionOf,reactome:ProteinReference1162
reactome:ProteinReference4549,abstraction:ControlsExpressionOf,reactome:ProteinReference1151
reactome:ProteinReference10922,abstraction:ControlsExpressionOf,reactome:ProteinReference11785
reactome:ProteinReference4555,abstraction:ControlsExpressionOf,reactome:ProteinReference4641
reactome:ProteinReference10376,abstraction:ControlsExpressionOf,reactome:ProteinReference11288
reactome:ProteinReference5240,abstraction:ControlsExpressionOf,reactome:ProteinReference3577
reactome:ProteinReference2798,abstraction:ControlsExpressionOf,reactome:ProteinReference5336
reactome:ProteinReference4458,abstraction:ControlsExpressionOf,reactome:ProteinReference7502
reactome:ProteinReference4559,abstraction:ControlsExpressionOf,reactome:ProteinReference1402
reactome:ProteinReference5277,abstraction:ControlsExpressionOf,reactome:ProteinReference10846
reactome:ProteinReference5242,abstraction:ControlsExpressionOf,reactome:ProteinReference10581
reactome:ProteinReference8608,abstraction:ControlsExpressionOf,reactome:ProteinReference10383
reactome:ProteinReference41,abstraction:ControlsExpressionOf,reactome:ProteinReference6149
reactome:ProteinReference1123,abstraction:ControlsExpressionOf,reactome:ProteinReference1352
reactome:ProteinReference1086,abstraction:ControlsExpressionOf,reactome:ProteinReference10578
reactome:ProteinReference10431,abstraction:ControlsExpressionOf,reactome:ProteinReference3931
reactome:ProteinReference1110,abstraction:ControlsExpressionOf,reactome:ProteinReference1349
reactome:ProteinReference1154,abstraction:ControlsExpressionOf,reactome:ProteinReference10601
reactome:ProteinReference8823,abstraction:ControlsExpressionOf,reactome:ProteinReference9716
reactome:ProteinReference4559,abstraction:ControlsExpressionOf,reactome:ProteinReference1349
reactome:ProteinReference9785,abstraction:ControlsExpressionOf,reactome:ProteinReference5509
reactome:ProteinReference9701,abstraction:ControlsExpressionOf,reactome:ProteinReference8830
reactome:ProteinReference8824,abstraction:ControlsExpressionOf,reactome:ProteinReference9718
reactome:ProteinReference1121,abstraction:ControlsExpressionOf,reactome:ProteinReference741
reactome:ProteinReference7590,abstraction:ControlsExpressionOf,reactome:ProteinReference9144
reactome:ProteinReference6138,abstraction:ControlsExpressionOf,reactome:ProteinReference2553
reactome:ProteinReference3891,abstraction:ControlsExpressionOf,reactome:ProteinReference8292
reactome:ProteinReference7506,abstraction:ControlsExpressionOf,reactome:ProteinReference7541
reactome:ProteinReference5276,abstraction:ControlsExpressionOf,reactome:ProteinReference5277
reactome:ProteinReference1076,abstraction:ControlsExpressionOf,reactome:ProteinReference1071
reactome:ProteinReference10409,abstraction:ControlsExpressionOf,reactome:ProteinReference12021
reactome:ProteinReference10922,abstraction:ControlsExpressionOf,reactome:ProteinReference11959
reactome:ProteinReference3055,abstraction:ControlsExpressionOf,reactome:ProteinReference8907
reactome:ProteinReference5922,abstraction:ControlsExpressionOf,reactome:ProteinReference5915
reactome:ProteinReference4456,abstraction:ControlsExpressionOf,reactome:ProteinReference10825
reactome:ProteinReference10409,abstraction:ControlsExpressionOf,reactome:ProteinReference11874
reactome:ProteinReference1091,abstraction:ControlsExpressionOf,reactome:ProteinReference1402
reactome:ProteinReference11271,abstraction:ControlsExpressionOf,reactome:ProteinReference11814
reactome:ProteinReference5427,abstraction:ControlsExpressionOf,reactome:ProteinReference1021
reactome:ProteinReference6774,abstraction:ControlsExpressionOf,reactome:ProteinReference10991
reactome:ProteinReference4553,abstraction:ControlsExpressionOf,reactome:ProteinReference10580
reactome:ProteinReference1091,abstraction:ControlsExpressionOf,reactome:ProteinReference1349
reactome:ProteinReference6278,abstraction:ControlsExpressionOf,reactome:ProteinReference6193
reactome:ProteinReference1056,abstraction:ControlsExpressionOf,reactome:ProteinReference1123
reactome:ProteinReference11278,abstraction:ControlsExpressionOf,reactome:ProteinReference8195
reactome:ProteinReference6952,abstraction:ControlsExpressionOf,reactome:ProteinReference4690
reactome:ProteinReference5908,abstraction:ControlsExpressionOf,reactome:ProteinReference5914
reactome:ProteinReference1060,abstraction:ControlsExpressionOf,reactome:ProteinReference1071
reactome:ProteinReference10572,abstraction:ControlsExpressionOf,reactome:ProteinReference655
reactome:ProteinReference6080,abstraction:ControlsExpressionOf,reactome:ProteinReference2096
reactome:ProteinReference4527,abstraction:ControlsExpressionOf,reactome:ProteinReference1402
reactome:ProteinReference6861,abstraction:ControlsExpressionOf,reactome:ProteinReference9743
reactome:ProteinReference9035,abstraction:ControlsExpressionOf,reactome:ProteinReference11256
reactome:ProteinReference9780,abstraction:ControlsExpressionOf,reactome:ProteinReference3502
reactome:ProteinReference11271,abstraction:ControlsExpressionOf,reactome:ProteinReference11916
reactome:ProteinReference4527,abstraction:ControlsExpressionOf,reactome:ProteinReference1349
reactome:ProteinReference6147,abstraction:ControlsExpressionOf,reactome:ProteinReference5073
reactome:ProteinReference1096,abstraction:ControlsExpressionOf,reactome:ProteinReference1337
reactome:ProteinReference10922,abstraction:ControlsExpressionOf,reactome:ProteinReference11855
reactome:ProteinReference6096,abstraction:ControlsExpressionOf,reactome:ProteinReference7821
reactome:ProteinReference5190,abstraction:ControlsExpressionOf,reactome:ProteinReference5390
reactome:ProteinReference4580,abstraction:ControlsExpressionOf,reactome:ProteinReference9188
reactome:ProteinReference1123,abstraction:ControlsExpressionOf,reactome:ProteinReference1150
reactome:ProteinReference10922,abstraction:ControlsExpressionOf,reactome:ProteinReference12037
reactome:ProteinReference1073,abstraction:ControlsExpressionOf,reactome:ProteinReference1146
reactome:ProteinReference1070,abstraction:ControlsExpressionOf,reactome:ProteinReference1080
reactome:ProteinReference10922,abstraction:ControlsExpressionOf,reactome:ProteinReference11688
reactome:ProteinReference10573,abstraction:ControlsExpressionOf,reactome:ProteinReference10578
reactome:ProteinReference10409,abstraction:ControlsExpressionOf,reactome:ProteinReference11734
reactome:ProteinReference1088,abstraction:ControlsExpressionOf,reactome:ProteinReference24
reactome:ProteinReference11256,abstraction:ControlsExpressionOf,reactome:ProteinReference8575
reactome:ProteinReference6162,abstraction:ControlsExpressionOf,reactome:ProteinReference10592
reactome:ProteinReference11271,abstraction:ControlsExpressionOf,reactome:ProteinReference11798
reactome:ProteinReference11271,abstraction:ControlsExpressionOf,reactome:ProteinReference11817
reactome:ProteinReference2808,abstraction:ControlsExpressionOf,reactome:ProteinReference5291
reactome:ProteinReference11271,abstraction:ControlsExpressionOf,reactome:ProteinReference11962
reactome:ProteinReference1061,abstraction:ControlsExpressionOf,reactome:ProteinReference7560
reactome:ProteinReference6081,abstraction:ControlsExpressionOf,reactome:ProteinReference11294
reactome:ProteinReference1096,abstraction:ControlsExpressionOf,reactome:ProteinReference5139
reactome:ProteinReference7725,abstraction:ControlsExpressionOf,reactome:ProteinReference7726
reactome:ProteinReference10409,abstraction:ControlsExpressionOf,reactome:ProteinReference11728
reactome:ProteinReference10409,abstraction:ControlsExpressionOf,reactome:ProteinReference11664
reactome:ProteinReference2797,abstraction:ControlsExpressionOf,reactome:ProteinReference6855
reactome:ProteinReference11271,abstraction:ControlsExpressionOf,reactome:ProteinReference11796
reactome:ProteinReference8283,abstraction:ControlsExpressionOf,reactome:ProteinReference9820
reactome:ProteinReference1106,abstraction:ControlsExpressionOf,reactome:ProteinReference1372
reactome:ProteinReference5932,abstraction:ControlsExpressionOf,reactome:ProteinReference7603
reactome:ProteinReference1053,abstraction:ControlsExpressionOf,reactome:ProteinReference1051
reactome:ProteinReference4473,abstraction:ControlsExpressionOf,reactome:ProteinReference4641
reactome:ProteinReference2797,abstraction:ControlsExpressionOf,reactome:ProteinReference10383
reactome:ProteinReference10922,abstraction:ControlsExpressionOf,reactome:ProteinReference11659
reactome:ProteinReference3891,abstraction:ControlsExpressionOf,reactome:ProteinReference7713
reactome:ProteinReference1079,abstraction:ControlsExpressionOf,reactome:ProteinReference7738
reactome:ProteinReference4478,abstraction:ControlsExpressionOf,reactome:ProteinReference10348
reactome:ProteinReference1115,abstraction:ControlsExpressionOf,reactome:ProteinReference10577
reactome:ProteinReference2800,abstraction:ControlsExpressionOf,reactome:ProteinReference4438
reactome:ProteinReference10922,abstraction:ControlsExpressionOf,reactome:ProteinReference11816
reactome:ProteinReference10825,abstraction:ControlsExpressionOf,reactome:ProteinReference11256
reactome:ProteinReference10347,abstraction:ControlsExpressionOf,reactome:ProteinReference10435
reactome:ProteinReference1061,abstraction:ControlsExpressionOf,reactome:ProteinReference5920
reactome:ProteinReference7571,abstraction:ControlsExpressionOf,reactome:ProteinReference7502
reactome:ProteinReference1073,abstraction:ControlsExpressionOf,reactome:ProteinReference1657
reactome:ProteinReference4553,abstraction:ControlsExpressionOf,reactome:ProteinReference10578
reactome:ProteinReference6861,abstraction:ControlsExpressionOf,reactome:ProteinReference8789
reactome:ProteinReference8608,abstraction:ControlsExpressionOf,reactome:ProteinReference5336
reactome:ProteinReference1103,abstraction:ControlsExpressionOf,reactome:ProteinReference5139
reactome:ProteinReference10370,abstraction:ControlsExpressionOf,reactome:ProteinReference6523
reactome:ProteinReference4548,abstraction:ControlsExpressionOf,reactome:ProteinReference5176
reactome:ProteinReference6816,abstraction:ControlsExpressionOf,reactome:ProteinReference5039
reactome:ProteinReference2787,abstraction:ControlsExpressionOf,reactome:ProteinReference5907
reactome:ProteinReference5134,abstraction:ControlsExpressionOf,reactome:ProteinReference5133
reactome:ProteinReference6081,abstraction:ControlsExpressionOf,reactome:ProteinReference2254
reactome:ProteinReference1088,abstraction:ControlsExpressionOf,reactome:ProteinReference1152
reactome:ProteinReference1993,abstraction:ControlsExpressionOf,reactome:ProteinReference1988
reactome:ProteinReference1112,abstraction:ControlsExpressionOf,reactome:ProteinReference1744
reactome:ProteinReference1061,abstraction:ControlsExpressionOf,reactome:ProteinReference264
reactome:ProteinReference10577,abstraction:ControlsExpressionOf,reactome:ProteinReference1151
reactome:ProteinReference11256,abstraction:ControlsExpressionOf,reactome:ProteinReference8309
reactome:ProteinReference3891,abstraction:ControlsExpressionOf,reactome:ProteinReference9376
reactome:ProteinReference1074,abstraction:ControlsExpressionOf,reactome:ProteinReference1648
reactome:ProteinReference4552,abstraction:ControlsExpressionOf,reactome:ProteinReference4641
reactome:ProteinReference5285,abstraction:ControlsExpressionOf,reactome:ProteinReference1337
reactome:ProteinReference1068,abstraction:ControlsExpressionOf,reactome:ProteinReference33
reactome:ProteinReference1061,abstraction:ControlsExpressionOf,reactome:ProteinReference1071
reactome:ProteinReference1088,abstraction:ControlsExpressionOf,reactome:ProteinReference6174
reactome:ProteinReference10408,abstraction:ControlsExpressionOf,reactome:ProteinReference9869
reactome:ProteinReference4458,abstraction:ControlsExpressionOf,reactome:ProteinReference655
reactome:ProteinReference8783,abstraction:ControlsExpressionOf,reactome:ProteinReference5918
reactome:ProteinReference8982,abstraction:ControlsExpressionOf,reactome:ProteinReference1151
reactome:ProteinReference4564,abstraction:ControlsExpressionOf,reactome:ProteinReference7558
reactome:ProteinReference1069,abstraction:ControlsExpressionOf,reactome:ProteinReference1129
reactome:ProteinReference10677,abstraction:ControlsExpressionOf,reactome:ProteinReference3249
reactome:ProteinReference11271,abstraction:ControlsExpressionOf,reactome:ProteinReference11945
reactome:ProteinReference4458,abstraction:ControlsExpressionOf,reactome:ProteinReference1346
reactome:ProteinReference11271,abstraction:ControlsExpressionOf,reactome:ProteinReference11924
reactome:ProteinReference5433,abstraction:ControlsExpressionOf,reactome:ProteinReference653
reactome:ProteinReference11271,abstraction:ControlsExpressionOf,reactome:ProteinReference11963
reactome:ProteinReference1066,abstraction:ControlsExpressionOf,reactome:ProteinReference10
reactome:ProteinReference10810,abstraction:ControlsExpressionOf,reactome:ProteinReference10813
reactome:ProteinReference4552,abstraction:ControlsExpressionOf,reactome:ProteinReference5573
reactome:ProteinReference1053,abstraction:ControlsExpressionOf,reactome:ProteinReference1127
reactome:ProteinReference6924,abstraction:ControlsExpressionOf,reactome:ProteinReference5426
reactome:ProteinReference2810,abstraction:ControlsExpressionOf,reactome:ProteinReference5291
reactome:ProteinReference11029,abstraction:ControlsExpressionOf,reactome:ProteinReference11031
reactome:ProteinReference1066,abstraction:ControlsExpressionOf,reactome:ProteinReference10577
reactome:ProteinReference1121,abstraction:ControlsExpressionOf,reactome:ProteinReference661
reactome:ProteinReference1060,abstraction:ControlsExpressionOf,reactome:ProteinReference1161
reactome:ProteinReference1088,abstraction:ControlsExpressionOf,reactome:ProteinReference5910
reactome:ProteinReference7609,abstraction:ControlsExpressionOf,reactome:ProteinReference11050
reactome:ProteinReference1111,abstraction:ControlsExpressionOf,reactome:ProteinReference1268
reactome:ProteinReference1107,abstraction:ControlsExpressionOf,reactome:ProteinReference1126
reactome:ProteinReference1097,abstraction:ControlsExpressionOf,reactome:ProteinReference1126
reactome:ProteinReference11271,abstraction:ControlsExpressionOf,reactome:ProteinReference11818
reactome:ProteinReference11271,abstraction:ControlsExpressionOf,reactome:ProteinReference11703
reactome:ProteinReference7596,abstraction:ControlsExpressionOf,reactome:ProteinReference1351
reactome:ProteinReference6080,abstraction:ControlsExpressionOf,reactome:ProteinReference5295
reactome:ProteinReference1066,abstraction:ControlsExpressionOf,reactome:ProteinReference1084
reactome:ProteinReference4548,abstraction:ControlsExpressionOf,reactome:ProteinReference1352
reactome:ProteinReference10922,abstraction:ControlsExpressionOf,reactome:ProteinReference11889
reactome:ProteinReference41,abstraction:ControlsExpressionOf,reactome:ProteinReference6150
reactome:ProteinReference5432,abstraction:ControlsExpressionOf,reactome:ProteinReference4386
reactome:ProteinReference6950,abstraction:ControlsExpressionOf,reactome:ProteinReference4611
reactome:ProteinReference1070,abstraction:ControlsExpressionOf,reactome:ProteinReference1129
reactome:ProteinReference7573,abstraction:ControlsExpressionOf,reactome:ProteinReference7502
reactome:ProteinReference10348,abstraction:ControlsExpressionOf,reactome:ProteinReference3449
reactome:ProteinReference2811,abstraction:ControlsExpressionOf,reactome:ProteinReference10384
reactome:ProteinReference11271,abstraction:ControlsExpressionOf,reactome:ProteinReference11670
reactome:ProteinReference6101,abstraction:ControlsExpressionOf,reactome:ProteinReference6768
reactome:ProteinReference1061,abstraction:ControlsExpressionOf,reactome:ProteinReference7547
reactome:ProteinReference2776,abstraction:ControlsExpressionOf,reactome:ProteinReference4423
reactome:ProteinReference8287,abstraction:ControlsExpressionOf,reactome:ProteinReference7064
reactome:ProteinReference2792,abstraction:ControlsExpressionOf,reactome:ProteinReference10384
reactome:ProteinReference3891,abstraction:ControlsExpressionOf,reactome:ProteinReference5275
reactome:ProteinReference10922,abstraction:ControlsExpressionOf,reactome:ProteinReference11772
reactome:ProteinReference10677,abstraction:ControlsExpressionOf,reactome:ProteinReference10529
reactome:ProteinReference4554,abstraction:ControlsExpressionOf,reactome:ProteinReference10581
reactome:ProteinReference1088,abstraction:ControlsExpressionOf,reactome:ProteinReference6147
reactome:ProteinReference6081,abstraction:ControlsExpressionOf,reactome:ProteinReference11319
reactome:ProteinReference1088,abstraction:ControlsExpressionOf,reactome:ProteinReference741
reactome:ProteinReference706,abstraction:ControlsExpressionOf,reactome:ProteinReference648
reactome:ProteinReference2797,abstraction:ControlsExpressionOf,reactome:ProteinReference5336
reactome:ProteinReference7858,abstraction:ControlsExpressionOf,reactome:ProteinReference1163
reactome:ProteinReference10838,abstraction:ControlsExpressionOf,reactome:ProteinReference7521
reactome:ProteinReference4558,abstraction:ControlsExpressionOf,reactome:ProteinReference1152
reactome:ProteinReference10350,abstraction:ControlsExpressionOf,reactome:ProteinReference5228
reactome:ProteinReference4426,abstraction:ControlsExpressionOf,reactome:ProteinReference4641
reactome:ProteinReference3891,abstraction:ControlsExpressionOf,reactome:ProteinReference1208
reactome:ProteinReference10922,abstraction:ControlsExpressionOf,reactome:ProteinReference11740
reactome:ProteinReference6779,abstraction:ControlsExpressionOf,reactome:ProteinReference6784
reactome:ProteinReference3891,abstraction:ControlsExpressionOf,reactome:ProteinReference9815
reactome:ProteinReference7597,abstraction:ControlsExpressionOf,reactome:ProteinReference1351
reactome:ProteinReference7504,abstraction:ControlsExpressionOf,reactome:ProteinReference4641
reactome:ProteinReference10409,abstraction:ControlsExpressionOf,reactome:ProteinReference11745
reactome:ProteinReference2553,abstraction:ControlsExpressionOf,reactome:ProteinReference9364
reactome:ProteinReference10409,abstraction:ControlsExpressionOf,reactome:ProteinReference11887
reactome:ProteinReference10853,abstraction:ControlsExpressionOf,reactome:ProteinReference10825
reactome:ProteinReference4641,abstraction:ControlsExpressionOf,reactome:ProteinReference6100
reactome:ProteinReference4564,abstraction:ControlsExpressionOf,reactome:ProteinReference1357
reactome:ProteinReference2847,abstraction:ControlsExpressionOf,reactome:ProteinReference3370
reactome:ProteinReference6943,abstraction:ControlsExpressionOf,reactome:ProteinReference5291
reactome:ProteinReference7596,abstraction:ControlsExpressionOf,reactome:ProteinReference1807
reactome:ProteinReference1107,abstraction:ControlsExpressionOf,reactome:ProteinReference1347
reactome:ProteinReference10922,abstraction:ControlsExpressionOf,reactome:ProteinReference11862
reactome:ProteinReference1106,abstraction:ControlsExpressionOf,reactome:ProteinReference1346
reactome:ProteinReference5431,abstraction:ControlsExpressionOf,reactome:ProteinReference1021
reactome:ProteinReference2793,abstraction:ControlsExpressionOf,reactome:ProteinReference5907
reactome:ProteinReference3103,abstraction:ControlsExpressionOf,reactome:ProteinReference7820
reactome:ProteinReference6946,abstraction:ControlsExpressionOf,reactome:ProteinReference5291
reactome:ProteinReference10409,abstraction:ControlsExpressionOf,reactome:ProteinReference11860
reactome:ProteinReference1154,abstraction:ControlsExpressionOf,reactome:ProteinReference1150
reactome:ProteinReference5395,abstraction:ControlsExpressionOf,reactome:ProteinReference6854
reactome:ProteinReference9807,abstraction:ControlsExpressionOf,reactome:ProteinReference6531
reactome:ProteinReference1067,abstraction:ControlsExpressionOf,reactome:ProteinReference1126
reactome:ProteinReference1061,abstraction:ControlsExpressionOf,reactome:ProteinReference1161
reactome:ProteinReference4641,abstraction:ControlsExpressionOf,reactome:ProteinReference5036
reactome:ProteinReference1153,abstraction:ControlsExpressionOf,reactome:ProteinReference193
reactome:ProteinReference8610,abstraction:ControlsExpressionOf,reactome:ProteinReference5291
reactome:ProteinReference10409,abstraction:ControlsExpressionOf,reactome:ProteinReference11925
reactome:ProteinReference2791,abstraction:ControlsExpressionOf,reactome:ProteinReference8322
reactome:ProteinReference6162,abstraction:ControlsExpressionOf,reactome:ProteinReference282
reactome:ProteinReference10578,abstraction:ControlsExpressionOf,reactome:ProteinReference1351
reactome:ProteinReference1066,abstraction:ControlsExpressionOf,reactome:ProteinReference1157
reactome:ProteinReference1076,abstraction:ControlsExpressionOf,reactome:ProteinReference1651
reactome:ProteinReference1809,abstraction:ControlsExpressionOf,reactome:ProteinReference826
reactome:ProteinReference4555,abstraction:ControlsExpressionOf,reactome:ProteinReference1197
reactome:ProteinReference6944,abstraction:ControlsExpressionOf,reactome:ProteinReference8322
reactome:ProteinReference10922,abstraction:ControlsExpressionOf,reactome:ProteinReference11801
reactome:ProteinReference5434,abstraction:ControlsExpressionOf,reactome:ProteinReference7716
reactome:ProteinReference1104,abstraction:ControlsExpressionOf,reactome:ProteinReference661
reactome:ProteinReference7597,abstraction:ControlsExpressionOf,reactome:ProteinReference1807
reactome:ProteinReference4561,abstraction:ControlsExpressionOf,reactome:ProteinReference3577
reactome:ProteinReference1064,abstraction:ControlsExpressionOf,reactome:ProteinReference10580
reactome:ProteinReference11271,abstraction:ControlsExpressionOf,reactome:ProteinReference11957
reactome:ProteinReference9924,abstraction:ControlsExpressionOf,reactome:ProteinReference10368
reactome:ProteinReference7826,abstraction:ControlsExpressionOf,reactome:ProteinReference7828
reactome:ProteinReference10580,abstraction:ControlsExpressionOf,reactome:ProteinReference4641
reactome:ProteinReference6861,abstraction:ControlsExpressionOf,reactome:ProteinReference9721
reactome:ProteinReference1067,abstraction:ControlsExpressionOf,reactome:ProteinReference1144
reactome:ProteinReference1142,abstraction:ControlsExpressionOf,reactome:ProteinReference1645
reactome:ProteinReference6244,abstraction:ControlsExpressionOf,reactome:ProteinReference1380
reactome:ProteinReference1098,abstraction:ControlsExpressionOf,reactome:ProteinReference1082
reactome:ProteinReference5240,abstraction:ControlsExpressionOf,reactome:ProteinReference1197
reactome:ProteinReference5428,abstraction:ControlsExpressionOf,reactome:ProteinReference6173
reactome:ProteinReference11271,abstraction:ControlsExpressionOf,reactome:ProteinReference11767
reactome:ProteinReference1068,abstraction:ControlsExpressionOf,reactome:ProteinReference1149
reactome:ProteinReference10922,abstraction:ControlsExpressionOf,reactome:ProteinReference11914
reactome:ProteinReference10922,abstraction:ControlsExpressionOf,reactome:ProteinReference11711
reactome:ProteinReference1106,abstraction:ControlsExpressionOf,reactome:ProteinReference1126
reactome:ProteinReference5273,abstraction:ControlsExpressionOf,reactome:ProteinReference5278
reactome:ProteinReference1996,abstraction:ControlsExpressionOf,reactome:ProteinReference1988
reactome:ProteinReference6080,abstraction:ControlsExpressionOf,reactome:ProteinReference5405
reactome:ProteinReference6079,abstraction:ControlsExpressionOf,reactome:ProteinReference4659
reactome:ProteinReference10578,abstraction:ControlsExpressionOf,reactome:ProteinReference1807
reactome:ProteinReference5244,abstraction:ControlsExpressionOf,reactome:ProteinReference1351
reactome:ProteinReference1088,abstraction:ControlsExpressionOf,reactome:ProteinReference10838
reactome:ProteinReference3847,abstraction:ControlsExpressionOf,reactome:ProteinReference10384
reactome:ProteinReference10677,abstraction:ControlsExpressionOf,reactome:ProteinReference5256
reactome:ProteinReference6861,abstraction:ControlsExpressionOf,reactome:ProteinReference9715
reactome:ProteinReference10348,abstraction:ControlsExpressionOf,reactome:ProteinReference6798
reactome:ProteinReference1059,abstraction:ControlsExpressionOf,reactome:ProteinReference1126
reactome:ProteinReference10409,abstraction:ControlsExpressionOf,reactome:ProteinReference11786
reactome:ProteinReference1154,abstraction:ControlsExpressionOf,reactome:ProteinReference10603
reactome:ProteinReference1154,abstraction:ControlsExpressionOf,reactome:ProteinReference3924
reactome:ProteinReference1114,abstraction:ControlsExpressionOf,reactome:ProteinReference1347
reactome:ProteinReference5239,abstraction:ControlsExpressionOf,reactome:ProteinReference1351
reactome:ProteinReference6147,abstraction:ControlsExpressionOf,reactome:ProteinReference1159
reactome:ProteinReference8824,abstraction:ControlsExpressionOf,reactome:ProteinReference5922
reactome:ProteinReference11271,abstraction:ControlsExpressionOf,reactome:ProteinReference11750
reactome:ProteinReference4556,abstraction:ControlsExpressionOf,reactome:ProteinReference1151
reactome:ProteinReference11271,abstraction:ControlsExpressionOf,reactome:ProteinReference11782
reactome:ProteinReference11313,abstraction:ControlsExpressionOf,reactome:ProteinReference8294
reactome:ProteinReference1064,abstraction:ControlsExpressionOf,reactome:ProteinReference10578
reactome:ProteinReference10409,abstraction:ControlsExpressionOf,reactome:ProteinReference11693
reactome:ProteinReference2553,abstraction:ControlsExpressionOf,reactome:ProteinReference10354
reactome:ProteinReference1107,abstraction:ControlsExpressionOf,reactome:ProteinReference1744
reactome:ProteinReference5942,abstraction:ControlsExpressionOf,reactome:ProteinReference5660
reactome:ProteinReference10409,abstraction:ControlsExpressionOf,reactome:ProteinReference11908
reactome:ProteinReference1123,abstraction:ControlsExpressionOf,reactome:ProteinReference5251
reactome:ProteinReference9094,abstraction:ControlsExpressionOf,reactome:ProteinReference2585
reactome:ProteinReference1052,abstraction:ControlsExpressionOf,reactome:ProteinReference1372
reactome:ProteinReference8293,abstraction:ControlsExpressionOf,reactome:ProteinReference4611
reactome:ProteinReference1113,abstraction:ControlsExpressionOf,reactome:ProteinReference661
reactome:ProteinReference1053,abstraction:ControlsExpressionOf,reactome:ProteinReference33
reactome:ProteinReference1154,abstraction:ControlsExpressionOf,reactome:ProteinReference6791
reactome:ProteinReference5244,abstraction:ControlsExpressionOf,reactome:ProteinReference1807
reactome:ProteinReference4541,abstraction:ControlsExpressionOf,reactome:ProteinReference741
reactome:ProteinReference6951,abstraction:ControlsExpressionOf,reactome:ProteinReference4690
reactome:ProteinReference8783,abstraction:ControlsExpressionOf,reactome:ProteinReference5910
reactome:ProteinReference5431,abstraction:ControlsExpressionOf,reactome:ProteinReference6692
reactome:ProteinReference5277,abstraction:ControlsExpressionOf,reactome:ProteinReference10825
reactome:ProteinReference1067,abstraction:ControlsExpressionOf,reactome:ProteinReference1083
reactome:ProteinReference5003,abstraction:ControlsExpressionOf,reactome:ProteinReference1268
reactome:ProteinReference5922,abstraction:ControlsExpressionOf,reactome:ProteinReference5911
reactome:ProteinReference11271,abstraction:ControlsExpressionOf,reactome:ProteinReference11753
reactome:ProteinReference1154,abstraction:ControlsExpressionOf,reactome:ProteinReference10605
reactome:ProteinReference9701,abstraction:ControlsExpressionOf,reactome:ProteinReference5908
reactome:ProteinReference10409,abstraction:ControlsExpressionOf,reactome:ProteinReference11871
reactome:ProteinReference4496,abstraction:ControlsExpressionOf,reactome:ProteinReference5036
reactome:ProteinReference7330,abstraction:ControlsExpressionOf,reactome:ProteinReference7604
reactome:ProteinReference7590,abstraction:ControlsExpressionOf,reactome:ProteinReference10418
reactome:ProteinReference4521,abstraction:ControlsExpressionOf,reactome:ProteinReference1268
reactome:ProteinReference10409,abstraction:ControlsExpressionOf,reactome:ProteinReference11886
reactome:ProteinReference5239,abstraction:ControlsExpressionOf,reactome:ProteinReference1807
reactome:ProteinReference8824,abstraction:ControlsExpressionOf,reactome:ProteinReference9286
reactome:ProteinReference10409,abstraction:ControlsExpressionOf,reactome:ProteinReference11899
reactome:ProteinReference7554,abstraction:ControlsExpressionOf,reactome:ProteinReference7555
reactome:ProteinReference2529,abstraction:ControlsExpressionOf,reactome:ProteinReference8632
reactome:ProteinReference4525,abstraction:ControlsExpressionOf,reactome:ProteinReference1151
reactome:ProteinReference10409,abstraction:ControlsExpressionOf,reactome:ProteinReference11863
reactome:ProteinReference1141,abstraction:ControlsExpressionOf,reactome:ProteinReference3510
reactome:ProteinReference7604,abstraction:ControlsExpressionOf,reactome:ProteinReference5274
reactome:ProteinReference10679,abstraction:ControlsExpressionOf,reactome:ProteinReference10528
reactome:ProteinReference5239,abstraction:ControlsExpressionOf,reactome:ProteinReference661
reactome:ProteinReference7722,abstraction:ControlsExpressionOf,reactome:ProteinReference7726
reactome:ProteinReference6034,abstraction:ControlsExpressionOf,reactome:ProteinReference6276
reactome:ProteinReference4589,abstraction:ControlsExpressionOf,reactome:ProteinReference1518
reactome:ProteinReference2947,abstraction:ControlsExpressionOf,reactome:ProteinReference7560
reactome:ProteinReference3891,abstraction:ControlsExpressionOf,reactome:ProteinReference9814
reactome:ProteinReference10409,abstraction:ControlsExpressionOf,reactome:ProteinReference11934
reactome:ProteinReference1061,abstraction:ControlsExpressionOf,reactome:ProteinReference6033
reactome:ProteinReference5420,abstraction:ControlsExpressionOf,reactome:ProteinReference1153
reactome:ProteinReference11271,abstraction:ControlsExpressionOf,reactome:ProteinReference11865
reactome:ProteinReference5243,abstraction:ControlsExpressionOf,reactome:ProteinReference10580
reactome:ProteinReference6097,abstraction:ControlsExpressionOf,reactome:ProteinReference6140
reactome:ProteinReference11029,abstraction:ControlsExpressionOf,reactome:ProteinReference11030
reactome:ProteinReference6080,abstraction:ControlsExpressionOf,reactome:ProteinReference5403
reactome:ProteinReference4551,abstraction:ControlsExpressionOf,reactome:ProteinReference1351
reactome:ProteinReference10409,abstraction:ControlsExpressionOf,reactome:ProteinReference11770
reactome:ProteinReference1060,abstraction:ControlsExpressionOf,reactome:ProteinReference1136
reactome:ProteinReference5277,abstraction:ControlsExpressionOf,reactome:ProteinReference3891
reactome:ProteinReference4473,abstraction:ControlsExpressionOf,reactome:ProteinReference4944
reactome:ProteinReference4555,abstraction:ControlsExpressionOf,reactome:ProteinReference1402
reactome:ProteinReference4557,abstraction:ControlsExpressionOf,reactome:ProteinReference1188
reactome:ProteinReference4496,abstraction:ControlsExpressionOf,reactome:ProteinReference1124
reactome:ProteinReference11038,abstraction:ControlsExpressionOf,reactome:ProteinReference11039
reactome:ProteinReference4555,abstraction:ControlsExpressionOf,reactome:ProteinReference1349
reactome:ProteinReference1060,abstraction:ControlsExpressionOf,reactome:ProteinReference1051
reactome:ProteinReference9924,abstraction:ControlsExpressionOf,reactome:ProteinReference6798
reactome:ProteinReference7597,abstraction:ControlsExpressionOf,reactome:ProteinReference1352
reactome:ProteinReference4587,abstraction:ControlsExpressionOf,reactome:ProteinReference6969
reactome:ProteinReference6861,abstraction:ControlsExpressionOf,reactome:ProteinReference9374
reactome:ProteinReference10922,abstraction:ControlsExpressionOf,reactome:ProteinReference11736
reactome:ProteinReference5429,abstraction:ControlsExpressionOf,reactome:ProteinReference175
reactome:ProteinReference5427,abstraction:ControlsExpressionOf,reactome:ProteinReference7716
reactome:ProteinReference10807,abstraction:ControlsExpressionOf,reactome:ProteinReference10809
reactome:ProteinReference10572,abstraction:ControlsExpressionOf,reactome:ProteinReference10581
reactome:ProteinReference5430,abstraction:ControlsExpressionOf,reactome:ProteinReference4386
reactome:ProteinReference1093,abstraction:ControlsExpressionOf,reactome:ProteinReference10580
reactome:ProteinReference10409,abstraction:ControlsExpressionOf,reactome:ProteinReference11679
reactome:ProteinReference8283,abstraction:ControlsExpressionOf,reactome:ProteinReference7054
reactome:ProteinReference5134,abstraction:ControlsExpressionOf,reactome:ProteinReference5132
reactome:ProteinReference10922,abstraction:ControlsExpressionOf,reactome:ProteinReference11689
reactome:ProteinReference1114,abstraction:ControlsExpressionOf,reactome:ProteinReference1744
reactome:ProteinReference10922,abstraction:ControlsExpressionOf,reactome:ProteinReference11724
reactome:ProteinReference1085,abstraction:ControlsExpressionOf,reactome:ProteinReference5251
reactome:ProteinReference2462,abstraction:ControlsExpressionOf,reactome:ProteinReference8632
reactome:ProteinReference11271,abstraction:ControlsExpressionOf,reactome:ProteinReference11681
reactome:ProteinReference4521,abstraction:ControlsExpressionOf,reactome:ProteinReference10578
reactome:ProteinReference1111,abstraction:ControlsExpressionOf,reactome:ProteinReference1162
reactome:ProteinReference5240,abstraction:ControlsExpressionOf,reactome:ProteinReference1402
reactome:ProteinReference663,abstraction:ControlsExpressionOf,reactome:ProteinReference280
reactome:ProteinReference8283,abstraction:ControlsExpressionOf,reactome:ProteinReference7030
reactome:ProteinReference9047,abstraction:ControlsExpressionOf,reactome:ProteinReference1351
reactome:ProteinReference9924,abstraction:ControlsExpressionOf,reactome:ProteinReference8788
reactome:ProteinReference1133,abstraction:ControlsExpressionOf,reactome:ProteinReference6780
reactome:ProteinReference1067,abstraction:ControlsExpressionOf,reactome:ProteinReference1146
reactome:ProteinReference5244,abstraction:ControlsExpressionOf,reactome:ProteinReference5176
reactome:ProteinReference5240,abstraction:ControlsExpressionOf,reactome:ProteinReference1349
reactome:ProteinReference5284,abstraction:ControlsExpressionOf,reactome:ProteinReference1347
reactome:ProteinReference5004,abstraction:ControlsExpressionOf,reactome:ProteinReference1339
reactome:ProteinReference6278,abstraction:ControlsExpressionOf,reactome:ProteinReference5050
reactome:ProteinReference6871,abstraction:ControlsExpressionOf,reactome:ProteinReference6898
reactome:ProteinReference1111,abstraction:ControlsExpressionOf,reactome:ProteinReference5139
reactome:ProteinReference9701,abstraction:ControlsExpressionOf,reactome:ProteinReference9703
reactome:ProteinReference10850,abstraction:ControlsExpressionOf,reactome:ProteinReference10852
reactome:ProteinReference1094,abstraction:ControlsExpressionOf,reactome:ProteinReference1351
reactome:ProteinReference10850,abstraction:ControlsExpressionOf,reactome:ProteinReference10849
reactome:ProteinReference11271,abstraction:ControlsExpressionOf,reactome:ProteinReference11819
reactome:ProteinReference1054,abstraction:ControlsExpressionOf,reactome:ProteinReference767
reactome:ProteinReference10578,abstraction:ControlsExpressionOf,reactome:ProteinReference1352
reactome:ProteinReference5243,abstraction:ControlsExpressionOf,reactome:ProteinReference10578
reactome:ProteinReference1123,abstraction:ControlsExpressionOf,reactome:ProteinReference1372
reactome:ProteinReference11271,abstraction:ControlsExpressionOf,reactome:ProteinReference11877
reactome:ProteinReference1106,abstraction:ControlsExpressionOf,reactome:ProteinReference1744
reactome:ProteinReference1067,abstraction:ControlsExpressionOf,reactome:ProteinReference1125
reactome:ProteinReference1078,abstraction:ControlsExpressionOf,reactome:ProteinReference18
reactome:ProteinReference1112,abstraction:ControlsExpressionOf,reactome:ProteinReference1152
reactome:ProteinReference11041,abstraction:ControlsExpressionOf,reactome:ProteinReference1799
reactome:ProteinReference4550,abstraction:ControlsExpressionOf,reactome:ProteinReference661
reactome:ProteinReference11271,abstraction:ControlsExpressionOf,reactome:ProteinReference11967
reactome:ProteinReference5239,abstraction:ControlsExpressionOf,reactome:ProteinReference5176
reactome:ProteinReference6081,abstraction:ControlsExpressionOf,reactome:ProteinReference4641
reactome:ProteinReference9701,abstraction:ControlsExpressionOf,reactome:ProteinReference9719
reactome:ProteinReference1069,abstraction:ControlsExpressionOf,reactome:ProteinReference1071
reactome:ProteinReference1075,abstraction:ControlsExpressionOf,reactome:ProteinReference1648
reactome:ProteinReference10409,abstraction:ControlsExpressionOf,reactome:ProteinReference11639
reactome:ProteinReference5284,abstraction:ControlsExpressionOf,reactome:ProteinReference10577
reactome:ProteinReference11271,abstraction:ControlsExpressionOf,reactome:ProteinReference11785
reactome:ProteinReference1061,abstraction:ControlsExpressionOf,reactome:ProteinReference1136
reactome:ProteinReference10409,abstraction:ControlsExpressionOf,reactome:ProteinReference11968
reactome:ProteinReference4559,abstraction:ControlsExpressionOf,reactome:ProteinReference1268
reactome:ProteinReference8602,abstraction:ControlsExpressionOf,reactome:ProteinReference10383
reactome:ProteinReference10409,abstraction:ControlsExpressionOf,reactome:ProteinReference11741
reactome:ProteinReference10409,abstraction:ControlsExpressionOf,reactome:ProteinReference11774
reactome:ProteinReference1073,abstraction:ControlsExpressionOf,reactome:ProteinReference1650
reactome:ProteinReference10922,abstraction:ControlsExpressionOf,reactome:ProteinReference12019
reactome:ProteinReference10922,abstraction:ControlsExpressionOf,reactome:ProteinReference11827
reactome:ProteinReference2947,abstraction:ControlsExpressionOf,reactome:ProteinReference7547
reactome:ProteinReference5941,abstraction:ControlsExpressionOf,reactome:ProteinReference5945
reactome:ProteinReference9047,abstraction:ControlsExpressionOf,reactome:ProteinReference1807
reactome:ProteinReference1065,abstraction:ControlsExpressionOf,reactome:ProteinReference1130
reactome:ProteinReference6693,abstraction:ControlsExpressionOf,reactome:ProteinReference10425
reactome:ProteinReference5155,abstraction:ControlsExpressionOf,reactome:ProteinReference7521
reactome:ProteinReference1099,abstraction:ControlsExpressionOf,reactome:ProteinReference1844
reactome:ProteinReference5242,abstraction:ControlsExpressionOf,reactome:ProteinReference10580
reactome:ProteinReference4458,abstraction:ControlsExpressionOf,reactome:ProteinReference10581
reactome:ProteinReference11271,abstraction:ControlsExpressionOf,reactome:ProteinReference11959
reactome:ProteinReference6950,abstraction:ControlsExpressionOf,reactome:ProteinReference4641
reactome:ProteinReference1053,abstraction:ControlsExpressionOf,reactome:ProteinReference1149
reactome:ProteinReference5036,abstraction:ControlsExpressionOf,reactome:ProteinReference6180
reactome:ProteinReference11276,abstraction:ControlsExpressionOf,reactome:ProteinReference1182
reactome:ProteinReference5244,abstraction:ControlsExpressionOf,reactome:ProteinReference1352
reactome:ProteinReference707,abstraction:ControlsExpressionOf,reactome:ProteinReference676
reactome:ProteinReference9923,abstraction:ControlsExpressionOf,reactome:ProteinReference10356
reactome:ProteinReference6797,abstraction:ControlsExpressionOf,reactome:ProteinReference6855
reactome:ProteinReference1070,abstraction:ControlsExpressionOf,reactome:ProteinReference1071
reactome:ProteinReference5433,abstraction:ControlsExpressionOf,reactome:ProteinReference5453
reactome:ProteinReference5431,abstraction:ControlsExpressionOf,reactome:ProteinReference7444
reactome:ProteinReference10409,abstraction:ControlsExpressionOf,reactome:ProteinReference11920
reactome:ProteinReference4541,abstraction:ControlsExpressionOf,reactome:ProteinReference763
reactome:ProteinReference1077,abstraction:ControlsExpressionOf,reactome:ProteinReference1643
reactome:ProteinReference4526,abstraction:ControlsExpressionOf,reactome:ProteinReference10577
reactome:ProteinReference6797,abstraction:ControlsExpressionOf,reactome:ProteinReference10383
reactome:ProteinReference1091,abstraction:ControlsExpressionOf,reactome:ProteinReference1268
reactome:ProteinReference1061,abstraction:ControlsExpressionOf,reactome:ProteinReference666
reactome:ProteinReference10922,abstraction:ControlsExpressionOf,reactome:ProteinReference11658
reactome:ProteinReference6130,abstraction:ControlsExpressionOf,reactome:ProteinReference6081
reactome:ProteinReference11271,abstraction:ControlsExpressionOf,reactome:ProteinReference11666
reactome:ProteinReference5431,abstraction:ControlsExpressionOf,reactome:ProteinReference7739
reactome:ProteinReference7589,abstraction:ControlsExpressionOf,reactome:ProteinReference9722
reactome:ProteinReference10829,abstraction:ControlsExpressionOf,reactome:ProteinReference5163
reactome:ProteinReference9807,abstraction:ControlsExpressionOf,reactome:ProteinReference2499
reactome:ProteinReference9923,abstraction:ControlsExpressionOf,reactome:ProteinReference9927
reactome:ProteinReference10427,abstraction:ControlsExpressionOf,reactome:ProteinReference10347
reactome:ProteinReference1098,abstraction:ControlsExpressionOf,reactome:ProteinReference655
reactome:ProteinReference1088,abstraction:ControlsExpressionOf,reactome:ProteinReference1160
reactome:ProteinReference11271,abstraction:ControlsExpressionOf,reactome:ProteinReference11855
reactome:ProteinReference8823,abstraction:ControlsExpressionOf,reactome:ProteinReference5908
reactome:ProteinReference10922,abstraction:ControlsExpressionOf,reactome:ProteinReference11718
reactome:ProteinReference1052,abstraction:ControlsExpressionOf,reactome:ProteinReference1126
reactome:ProteinReference1074,abstraction:ControlsExpressionOf,reactome:ProteinReference1649
reactome:ProteinReference11271,abstraction:ControlsExpressionOf,reactome:ProteinReference12037
reactome:ProteinReference11271,abstraction:ControlsExpressionOf,reactome:ProteinReference11688
reactome:ProteinReference4551,abstraction:ControlsExpressionOf,reactome:ProteinReference5176
reactome:ProteinReference1098,abstraction:ControlsExpressionOf,reactome:ProteinReference1346
reactome:ProteinReference10409,abstraction:ControlsExpressionOf,reactome:ProteinReference11837
reactome:ProteinReference1088,abstraction:ControlsExpressionOf,reactome:ProteinReference1154
reactome:ProteinReference5429,abstraction:ControlsExpressionOf,reactome:ProteinReference10987
reactome:ProteinReference7507,abstraction:ControlsExpressionOf,reactome:ProteinReference7551
reactome:ProteinReference10922,abstraction:ControlsExpressionOf,reactome:ProteinReference11721
reactome:ProteinReference11271,abstraction:ControlsExpressionOf,reactome:ProteinReference11659
reactome:ProteinReference10409,abstraction:ControlsExpressionOf,reactome:ProteinReference11907
reactome:ProteinReference8608,abstraction:ControlsExpressionOf,reactome:ProteinReference4423
reactome:ProteinReference1069,abstraction:ControlsExpressionOf,reactome:ProteinReference1161
reactome:ProteinReference9807,abstraction:ControlsExpressionOf,reactome:ProteinReference9843
reactome:ProteinReference1052,abstraction:ControlsExpressionOf,reactome:ProteinReference1144
reactome:ProteinReference11271,abstraction:ControlsExpressionOf,reactome:ProteinReference11816
reactome:ProteinReference1052,abstraction:ControlsExpressionOf,reactome:ProteinReference1148
reactome:ProteinReference1091,abstraction:ControlsExpressionOf,reactome:ProteinReference10578
reactome:ProteinReference5432,abstraction:ControlsExpressionOf,reactome:ProteinReference10987
reactome:ProteinReference4457,abstraction:ControlsExpressionOf,reactome:ProteinReference2059
reactome:ProteinReference6081,abstraction:ControlsExpressionOf,reactome:ProteinReference4468
reactome:ProteinReference10922,abstraction:ControlsExpressionOf,reactome:ProteinReference11653
reactome:ProteinReference8602,abstraction:ControlsExpressionOf,reactome:ProteinReference5336
reactome:ProteinReference5156,abstraction:ControlsExpressionOf,reactome:ProteinReference1799
reactome:ProteinReference1153,abstraction:ControlsExpressionOf,reactome:ProteinReference10602
reactome:ProteinReference4557,abstraction:ControlsExpressionOf,reactome:ProteinReference4641
reactome:ProteinReference7721,abstraction:ControlsExpressionOf,reactome:ProteinReference7726
reactome:ProteinReference1068,abstraction:ControlsExpressionOf,reactome:ProteinReference1080
reactome:ProteinReference8824,abstraction:ControlsExpressionOf,reactome:ProteinReference4752
reactome:ProteinReference10922,abstraction:ControlsExpressionOf,reactome:ProteinReference11939
reactome:ProteinReference4527,abstraction:ControlsExpressionOf,reactome:ProteinReference10578
reactome:ProteinReference6136,abstraction:ControlsExpressionOf,reactome:ProteinReference11254
reactome:ProteinReference1053,abstraction:ControlsExpressionOf,reactome:ProteinReference1130
reactome:ProteinReference1052,abstraction:ControlsExpressionOf,reactome:ProteinReference2059
reactome:ProteinReference1099,abstraction:ControlsExpressionOf,reactome:ProteinReference1352
reactome:ProteinReference1052,abstraction:ControlsExpressionOf,reactome:ProteinReference1347
reactome:ProteinReference8830,abstraction:ControlsExpressionOf,reactome:ProteinReference5917
reactome:ProteinReference9140,abstraction:ControlsExpressionOf,reactome:ProteinReference10349
reactome:ProteinReference2807,abstraction:ControlsExpressionOf,reactome:ProteinReference6855
reactome:ProteinReference1088,abstraction:ControlsExpressionOf,reactome:ProteinReference7545
reactome:ProteinReference4551,abstraction:ControlsExpressionOf,reactome:ProteinReference1352
reactome:ProteinReference5431,abstraction:ControlsExpressionOf,reactome:ProteinReference7716
reactome:ProteinReference10409,abstraction:ControlsExpressionOf,reactome:ProteinReference11792
reactome:ProteinReference1117,abstraction:ControlsExpressionOf,reactome:ProteinReference655
reactome:ProteinReference1123,abstraction:ControlsExpressionOf,reactome:ProteinReference1885
reactome:ProteinReference2807,abstraction:ControlsExpressionOf,reactome:ProteinReference10383
reactome:ProteinReference10409,abstraction:ControlsExpressionOf,reactome:ProteinReference11830
reactome:ProteinReference4557,abstraction:ControlsExpressionOf,reactome:ProteinReference5573
reactome:ProteinReference11271,abstraction:ControlsExpressionOf,reactome:ProteinReference11851
reactome:ProteinReference7590,abstraction:ControlsExpressionOf,reactome:ProteinReference6424
reactome:ProteinReference6244,abstraction:ControlsExpressionOf,reactome:ProteinReference6258
reactome:ProteinReference5908,abstraction:ControlsExpressionOf,reactome:ProteinReference5917
reactome:ProteinReference6797,abstraction:ControlsExpressionOf,reactome:ProteinReference5336
reactome:ProteinReference6136,abstraction:ControlsExpressionOf,reactome:ProteinReference11271
reactome:ProteinReference8919,abstraction:ControlsExpressionOf,reactome:ProteinReference8907
reactome:ProteinReference6861,abstraction:ControlsExpressionOf,reactome:ProteinReference9713
reactome:ProteinReference10409,abstraction:ControlsExpressionOf,reactome:ProteinReference12027
reactome:ProteinReference11276,abstraction:ControlsExpressionOf,reactome:ProteinReference1123
reactome:ProteinReference9785,abstraction:ControlsExpressionOf,reactome:ProteinReference1518
reactome:ProteinReference10846,abstraction:ControlsExpressionOf,reactome:ProteinReference10848
reactome:ProteinReference8823,abstraction:ControlsExpressionOf,reactome:ProteinReference9703
reactome:ProteinReference4548,abstraction:ControlsExpressionOf,reactome:ProteinReference1372
reactome:ProteinReference9701,abstraction:ControlsExpressionOf,reactome:ProteinReference8789
reactome:ProteinReference5003,abstraction:ControlsExpressionOf,reactome:ProteinReference1162
reactome:ProteinReference4392,abstraction:ControlsExpressionOf,reactome:ProteinReference6854
reactome:ProteinReference5155,abstraction:ControlsExpressionOf,reactome:ProteinReference10831
reactome:ProteinReference2794,abstraction:ControlsExpressionOf,reactome:ProteinReference6855
reactome:ProteinReference11271,abstraction:ControlsExpressionOf,reactome:ProteinReference12010
reactome:ProteinReference2553,abstraction:ControlsExpressionOf,reactome:ProteinReference10374
reactome:ProteinReference1063,abstraction:ControlsExpressionOf,reactome:ProteinReference1844
reactome:ProteinReference706,abstraction:ControlsExpressionOf,reactome:ProteinReference658
reactome:ProteinReference4521,abstraction:ControlsExpressionOf,reactome:ProteinReference1162
reactome:ProteinReference11271,abstraction:ControlsExpressionOf,reactome:ProteinReference11892
reactome:ProteinReference1079,abstraction:ControlsExpressionOf,reactome:ProteinReference650
reactome:ProteinReference2794,abstraction:ControlsExpressionOf,reactome:ProteinReference10383
reactome:ProteinReference10409,abstraction:ControlsExpressionOf,reactome:ProteinReference11755
reactome:ProteinReference8823,abstraction:ControlsExpressionOf,reactome:ProteinReference9719
reactome:ProteinReference4541,abstraction:ControlsExpressionOf,reactome:ProteinReference1808
reactome:ProteinReference1073,abstraction:ControlsExpressionOf,reactome:ProteinReference1270
reactome:ProteinReference9047,abstraction:ControlsExpressionOf,reactome:ProteinReference1352
reactome:ProteinReference10922,abstraction:ControlsExpressionOf,reactome:ProteinReference11997
reactome:ProteinReference1079,abstraction:ControlsExpressionOf,reactome:ProteinReference653
reactome:ProteinReference1109,abstraction:ControlsExpressionOf,reactome:ProteinReference10580
reactome:ProteinReference6116,abstraction:ControlsExpressionOf,reactome:ProteinReference5078
reactome:ProteinReference11271,abstraction:ControlsExpressionOf,reactome:ProteinReference11889
reactome:ProteinReference9701,abstraction:ControlsExpressionOf,reactome:ProteinReference9708
reactome:ProteinReference1090,abstraction:ControlsExpressionOf,reactome:ProteinReference1351
reactome:ProteinReference1094,abstraction:ControlsExpressionOf,reactome:ProteinReference1352
reactome:ProteinReference1123,abstraction:ControlsExpressionOf,reactome:ProteinReference1126
reactome:ProteinReference2797,abstraction:ControlsExpressionOf,reactome:ProteinReference4423
reactome:ProteinReference7506,abstraction:ControlsExpressionOf,reactome:ProteinReference10838
reactome:ProteinReference3891,abstraction:ControlsExpressionOf,reactome:ProteinReference7816
reactome:ProteinReference4553,abstraction:ControlsExpressionOf,reactome:ProteinReference3577
reactome:ProteinReference2466,abstraction:ControlsExpressionOf,reactome:ProteinReference6769
reactome:ProteinReference2479,abstraction:ControlsExpressionOf,reactome:ProteinReference8632
reactome:ProteinReference5036,abstraction:ControlsExpressionOf,reactome:ProteinReference4148
reactome:ProteinReference1052,abstraction:ControlsExpressionOf,reactome:ProteinReference1083
reactome:ProteinReference1154,abstraction:ControlsExpressionOf,reactome:ProteinReference10599
reactome:ProteinReference11036,abstraction:ControlsExpressionOf,reactome:ProteinReference11037
reactome:ProteinReference6861,abstraction:ControlsExpressionOf,reactome:ProteinReference6773
reactome:ProteinReference8286,abstraction:ControlsExpressionOf,reactome:ProteinReference564
reactome:ProteinReference706,abstraction:ControlsExpressionOf,reactome:ProteinReference2672
reactome:ProteinReference4525,abstraction:ControlsExpressionOf,reactome:ProteinReference10577
reactome:ProteinReference1112,abstraction:ControlsExpressionOf,reactome:ProteinReference661
reactome:ProteinReference1121,abstraction:ControlsExpressionOf,reactome:ProteinReference1188
reactome:ProteinReference11271,abstraction:ControlsExpressionOf,reactome:ProteinReference11740
reactome:ProteinReference5004,abstraction:ControlsExpressionOf,reactome:ProteinReference11012
reactome:ProteinReference4554,abstraction:ControlsExpressionOf,reactome:ProteinReference10580
reactome:ProteinReference7596,abstraction:ControlsExpressionOf,reactome:ProteinReference1082
reactome:ProteinReference10409,abstraction:ControlsExpressionOf,reactome:ProteinReference11854
reactome:ProteinReference1118,abstraction:ControlsExpressionOf,reactome:ProteinReference1268
reactome:ProteinReference1066,abstraction:ControlsExpressionOf,reactome:ProteinReference1140
reactome:ProteinReference6079,abstraction:ControlsExpressionOf,reactome:ProteinReference4611
reactome:ProteinReference5431,abstraction:ControlsExpressionOf,reactome:ProteinReference707
reactome:ProteinReference1061,abstraction:ControlsExpressionOf,reactome:ProteinReference6173
reactome:ProteinReference9779,abstraction:ControlsExpressionOf,reactome:ProteinReference1126
reactome:ProteinReference1052,abstraction:ControlsExpressionOf,reactome:ProteinReference332
reactome:ProteinReference1068,abstraction:ControlsExpressionOf,reactome:ProteinReference1129
reactome:ProteinReference1090,abstraction:ControlsExpressionOf,reactome:ProteinReference1807
reactome:ProteinReference1105,abstraction:ControlsExpressionOf,reactome:ProteinReference1197
reactome:ProteinReference11271,abstraction:ControlsExpressionOf,reactome:ProteinReference12007
reactome:ProteinReference6861,abstraction:ControlsExpressionOf,reactome:ProteinReference9714
reactome:ProteinReference9082,abstraction:ControlsExpressionOf,reactome:ProteinReference2585
reactome:ProteinReference1052,abstraction:ControlsExpressionOf,reactome:ProteinReference1744
reactome:ProteinReference1064,abstraction:ControlsExpressionOf,reactome:ProteinReference1161
reactome:ProteinReference4458,abstraction:ControlsExpressionOf,reactome:ProteinReference1152
reactome:ProteinReference5662,abstraction:ControlsExpressionOf,reactome:ProteinReference5582
reactome:ProteinReference2460,abstraction:ControlsExpressionOf,reactome:ProteinReference8632
reactome:ProteinReference2807,abstraction:ControlsExpressionOf,reactome:ProteinReference5336
reactome:ProteinReference4580,abstraction:ControlsExpressionOf,reactome:ProteinReference6074
reactome:ProteinReference3891,abstraction:ControlsExpressionOf,reactome:ProteinReference8285
reactome:ProteinReference1088,abstraction:ControlsExpressionOf,reactome:ProteinReference4611
reactome:ProteinReference2799,abstraction:ControlsExpressionOf,reactome:ProteinReference5907
reactome:ProteinReference7590,abstraction:ControlsExpressionOf,reactome:ProteinReference9133
reactome:ProteinReference8287,abstraction:ControlsExpressionOf,reactome:ProteinReference2558
reactome:ProteinReference1052,abstraction:ControlsExpressionOf,reactome:ProteinReference17
reactome:ProteinReference11271,abstraction:ControlsExpressionOf,reactome:ProteinReference11801
reactome:ProteinReference6162,abstraction:ControlsExpressionOf,reactome:ProteinReference7502
reactome:ProteinReference3891,abstraction:ControlsExpressionOf,reactome:ProteinReference9811
reactome:ProteinReference10348,abstraction:ControlsExpressionOf,reactome:ProteinReference10433
reactome:ProteinReference8740,abstraction:ControlsExpressionOf,reactome:ProteinReference11271
reactome:ProteinReference1102,abstraction:ControlsExpressionOf,reactome:ProteinReference1197
reactome:ProteinReference8607,abstraction:ControlsExpressionOf,reactome:ProteinReference10383
reactome:ProteinReference1096,abstraction:ControlsExpressionOf,reactome:ProteinReference10577
reactome:ProteinReference2794,abstraction:ControlsExpressionOf,reactome:ProteinReference5336
reactome:ProteinReference10922,abstraction:ControlsExpressionOf,reactome:ProteinReference11879
reactome:ProteinReference1108,abstraction:ControlsExpressionOf,reactome:ProteinReference1197
reactome:ProteinReference7509,abstraction:ControlsExpressionOf,reactome:ProteinReference7547
reactome:ProteinReference6861,abstraction:ControlsExpressionOf,reactome:ProteinReference3543
reactome:ProteinReference4559,abstraction:ControlsExpressionOf,reactome:ProteinReference1162
reactome:ProteinReference1052,abstraction:ControlsExpressionOf,reactome:ProteinReference1146
reactome:ProteinReference6875,abstraction:ControlsExpressionOf,reactome:ProteinReference647
reactome:ProteinReference11271,abstraction:ControlsExpressionOf,reactome:ProteinReference11914
reactome:ProteinReference11271,abstraction:ControlsExpressionOf,reactome:ProteinReference11711
reactome:ProteinReference9053,abstraction:ControlsExpressionOf,reactome:ProteinReference10580
reactome:ProteinReference1052,abstraction:ControlsExpressionOf,reactome:ProteinReference1125
reactome:ProteinReference10409,abstraction:ControlsExpressionOf,reactome:ProteinReference11938
reactome:ProteinReference10922,abstraction:ControlsExpressionOf,reactome:ProteinReference11809
reactome:ProteinReference10922,abstraction:ControlsExpressionOf,reactome:ProteinReference11739
reactome:ProteinReference9779,abstraction:ControlsExpressionOf,reactome:ProteinReference5078
reactome:ProteinReference6768,abstraction:ControlsExpressionOf,reactome:ProteinReference6097
reactome:ProteinReference5036,abstraction:ControlsExpressionOf,reactome:ProteinReference6178
reactome:ProteinReference2553,abstraction:ControlsExpressionOf,reactome:ProteinReference10353
reactome:ProteinReference10409,abstraction:ControlsExpressionOf,reactome:ProteinReference11937
reactome:ProteinReference5004,abstraction:ControlsExpressionOf,reactome:ProteinReference1197
reactome:ProteinReference5190,abstraction:ControlsExpressionOf,reactome:ProteinReference10429
reactome:ProteinReference7589,abstraction:ControlsExpressionOf,reactome:ProteinReference8227
reactome:ProteinReference1052,abstraction:ControlsExpressionOf,reactome:ProteinReference7738
reactome:ProteinReference4393,abstraction:ControlsExpressionOf,reactome:ProteinReference5039
reactome:ProteinReference2553,abstraction:ControlsExpressionOf,reactome:ProteinReference10369
reactome:ProteinReference1091,abstraction:ControlsExpressionOf,reactome:ProteinReference1162
reactome:ProteinReference10922,abstraction:ControlsExpressionOf,reactome:ProteinReference11812
reactome:ProteinReference1115,abstraction:ControlsExpressionOf,reactome:ProteinReference1844
reactome:ProteinReference10922,abstraction:ControlsExpressionOf,reactome:ProteinReference11646
reactome:ProteinReference6861,abstraction:ControlsExpressionOf,reactome:ProteinReference4445
reactome:ProteinReference2492,abstraction:ControlsExpressionOf,reactome:ProteinReference8632
reactome:ProteinReference9701,abstraction:ControlsExpressionOf,reactome:ProteinReference9721
reactome:ProteinReference5429,abstraction:ControlsExpressionOf,reactome:ProteinReference8287
reactome:ProteinReference10922,abstraction:ControlsExpressionOf,reactome:ProteinReference11748
reactome:ProteinReference1061,abstraction:ControlsExpressionOf,reactome:ProteinReference9816
reactome:ProteinReference7503,abstraction:ControlsExpressionOf,reactome:ProteinReference7541
reactome:ProteinReference1058,abstraction:ControlsExpressionOf,reactome:ProteinReference653
reactome:ProteinReference10922,abstraction:ControlsExpressionOf,reactome:ProteinReference11887
reactome:ProteinReference11271,abstraction:ControlsExpressionOf,reactome:ProteinReference11820
reactome:ProteinReference4564,abstraction:ControlsExpressionOf,reactome:ProteinReference7546
reactome:ProteinReference1062,abstraction:ControlsExpressionOf,reactome:ProteinReference1139
reactome:ProteinReference1063,abstraction:ControlsExpressionOf,reactome:ProteinReference1337
reactome:ProteinReference5434,abstraction:ControlsExpressionOf,reactome:ProteinReference4386
reactome:ProteinReference10466,abstraction:ControlsExpressionOf,reactome:ProteinReference5963
reactome:ProteinReference6162,abstraction:ControlsExpressionOf,reactome:ProteinReference7064
reactome:ProteinReference3847,abstraction:ControlsExpressionOf,reactome:ProteinReference6855
reactome:ProteinReference8823,abstraction:ControlsExpressionOf,reactome:ProteinReference8789
reactome:ProteinReference1065,abstraction:ControlsExpressionOf,reactome:ProteinReference10580
reactome:ProteinReference3891,abstraction:ControlsExpressionOf,reactome:ProteinReference9813
reactome:ProteinReference1113,abstraction:ControlsExpressionOf,reactome:ProteinReference1082
reactome:ProteinReference5285,abstraction:ControlsExpressionOf,reactome:ProteinReference10577
reactome:ProteinReference5432,abstraction:ControlsExpressionOf,reactome:ProteinReference8287
reactome:ProteinReference3847,abstraction:ControlsExpressionOf,reactome:ProteinReference10383
reactome:ProteinReference1111,abstraction:ControlsExpressionOf,reactome:ProteinReference1151
reactome:ProteinReference5429,abstraction:ControlsExpressionOf,reactome:ProteinReference8286
reactome:ProteinReference4588,abstraction:ControlsExpressionOf,reactome:ProteinReference6769
reactome:ProteinReference1070,abstraction:ControlsExpressionOf,reactome:ProteinReference1151
reactome:ProteinReference4457,abstraction:ControlsExpressionOf,reactome:ProteinReference1053
reactome:ProteinReference8287,abstraction:ControlsExpressionOf,reactome:ProteinReference7841
reactome:ProteinReference1063,abstraction:ControlsExpressionOf,reactome:ProteinReference5139
reactome:ProteinReference10409,abstraction:ControlsExpressionOf,reactome:ProteinReference11841
reactome:ProteinReference10422,abstraction:ControlsExpressionOf,reactome:ProteinReference6081
reactome:ProteinReference1069,abstraction:ControlsExpressionOf,reactome:ProteinReference1136
reactome:ProteinReference7861,abstraction:ControlsExpressionOf,reactome:ProteinReference2059
reactome:ProteinReference4548,abstraction:ControlsExpressionOf,reactome:ProteinReference1126
reactome:ProteinReference5245,abstraction:ControlsExpressionOf,reactome:ProteinReference1268
reactome:ProteinReference1123,abstraction:ControlsExpressionOf,reactome:ProteinReference1744
reactome:ProteinReference5036,abstraction:ControlsExpressionOf,reactome:ProteinReference6179
reactome:ProteinReference9701,abstraction:ControlsExpressionOf,reactome:ProteinReference9715
reactome:ProteinReference10409,abstraction:ControlsExpressionOf,reactome:ProteinReference11725
reactome:ProteinReference4382,abstraction:ControlsExpressionOf,reactome:ProteinReference1163
reactome:ProteinReference5430,abstraction:ControlsExpressionOf,reactome:ProteinReference10987
reactome:ProteinReference1073,abstraction:ControlsExpressionOf,reactome:ProteinReference1183
reactome:ProteinReference1052,abstraction:ControlsExpressionOf,reactome:ProteinReference1053
reactome:ProteinReference1123,abstraction:ControlsExpressionOf,reactome:ProteinReference10348
reactome:ProteinReference1060,abstraction:ControlsExpressionOf,reactome:ProteinReference1149
reactome:ProteinReference10922,abstraction:ControlsExpressionOf,reactome:ProteinReference11833
reactome:ProteinReference1107,abstraction:ControlsExpressionOf,reactome:ProteinReference1351
reactome:ProteinReference5239,abstraction:ControlsExpressionOf,reactome:ProteinReference1082
reactome:ProteinReference1154,abstraction:ControlsExpressionOf,reactome:ProteinReference10595
reactome:ProteinReference10678,abstraction:ControlsExpressionOf,reactome:ProteinReference10683
reactome:ProteinReference11271,abstraction:ControlsExpressionOf,reactome:ProteinReference11789
reactome:ProteinReference1066,abstraction:ControlsExpressionOf,reactome:ProteinReference1844
reactome:ProteinReference10409,abstraction:ControlsExpressionOf,reactome:ProteinReference11947
reactome:ProteinReference8607,abstraction:ControlsExpressionOf,reactome:ProteinReference5336
reactome:ProteinReference10922,abstraction:ControlsExpressionOf,reactome:ProteinReference11927
reactome:ProteinReference10677,abstraction:ControlsExpressionOf,reactome:ProteinReference10528
reactome:ProteinReference5456,abstraction:ControlsExpressionOf,reactome:ProteinReference10846
reactome:ProteinReference10409,abstraction:ControlsExpressionOf,reactome:ProteinReference11983
reactome:ProteinReference1069,abstraction:ControlsExpressionOf,reactome:ProteinReference666
reactome:ProteinReference1070,abstraction:ControlsExpressionOf,reactome:ProteinReference1136
reactome:ProteinReference1105,abstraction:ControlsExpressionOf,reactome:ProteinReference1402
reactome:ProteinReference6861,abstraction:ControlsExpressionOf,reactome:ProteinReference9744
reactome:ProteinReference6861,abstraction:ControlsExpressionOf,reactome:ProteinReference4440
reactome:ProteinReference10922,abstraction:ControlsExpressionOf,reactome:ProteinReference11898
reactome:ProteinReference7597,abstraction:ControlsExpressionOf,reactome:ProteinReference1372
reactome:ProteinReference1105,abstraction:ControlsExpressionOf,reactome:ProteinReference1349
reactome:ProteinReference1067,abstraction:ControlsExpressionOf,reactome:ProteinReference1147
reactome:ProteinReference1113,abstraction:ControlsExpressionOf,reactome:ProteinReference1188
reactome:ProteinReference1065,abstraction:ControlsExpressionOf,reactome:ProteinReference1135
reactome:ProteinReference5036,abstraction:ControlsExpressionOf,reactome:ProteinReference5040
reactome:ProteinReference1107,abstraction:ControlsExpressionOf,reactome:ProteinReference1807
reactome:ProteinReference4413,abstraction:ControlsExpressionOf,reactome:ProteinReference5254
reactome:ProteinReference3891,abstraction:ControlsExpressionOf,reactome:ProteinReference1814
reactome:ProteinReference11013,abstraction:ControlsExpressionOf,reactome:ProteinReference6159
reactome:ProteinReference10409,abstraction:ControlsExpressionOf,reactome:ProteinReference11970
reactome:ProteinReference10600,abstraction:ControlsExpressionOf,reactome:ProteinReference10599
reactome:ProteinReference4456,abstraction:ControlsExpressionOf,reactome:ProteinReference6081
reactome:ProteinReference6244,abstraction:ControlsExpressionOf,reactome:ProteinReference4207
reactome:ProteinReference1102,abstraction:ControlsExpressionOf,reactome:ProteinReference1402
reactome:ProteinReference1097,abstraction:ControlsExpressionOf,reactome:ProteinReference661
reactome:ProteinReference6096,abstraction:ControlsExpressionOf,reactome:ProteinReference6099
reactome:ProteinReference1076,abstraction:ControlsExpressionOf,reactome:ProteinReference1643
reactome:ProteinReference6096,abstraction:ControlsExpressionOf,reactome:ProteinReference7502
reactome:ProteinReference7511,abstraction:ControlsExpressionOf,reactome:ProteinReference7545
reactome:ProteinReference1070,abstraction:ControlsExpressionOf,reactome:ProteinReference666
reactome:ProteinReference6768,abstraction:ControlsExpressionOf,reactome:ProteinReference3459
reactome:ProteinReference1060,abstraction:ControlsExpressionOf,reactome:ProteinReference1159
reactome:ProteinReference1102,abstraction:ControlsExpressionOf,reactome:ProteinReference1349
reactome:ProteinReference1085,abstraction:ControlsExpressionOf,reactome:ProteinReference1966
reactome:ProteinReference1108,abstraction:ControlsExpressionOf,reactome:ProteinReference1402
reactome:ProteinReference2489,abstraction:ControlsExpressionOf,reactome:ProteinReference8632
reactome:ProteinReference10578,abstraction:ControlsExpressionOf,reactome:ProteinReference1372
reactome:ProteinReference1067,abstraction:ControlsExpressionOf,reactome:ProteinReference1351
reactome:ProteinReference11271,abstraction:ControlsExpressionOf,reactome:ProteinReference11689
reactome:ProteinReference10922,abstraction:ControlsExpressionOf,reactome:ProteinReference11693
reactome:ProteinReference1108,abstraction:ControlsExpressionOf,reactome:ProteinReference1349
reactome:ProteinReference5155,abstraction:ControlsExpressionOf,reactome:ProteinReference9035
reactome:ProteinReference1098,abstraction:ControlsExpressionOf,reactome:ProteinReference10581
reactome:ProteinReference11276,abstraction:ControlsExpressionOf,reactome:ProteinReference2059
reactome:ProteinReference1100,abstraction:ControlsExpressionOf,reactome:ProteinReference1268
reactome:ProteinReference5240,abstraction:ControlsExpressionOf,reactome:ProteinReference1268
reactome:ProteinReference3847,abstraction:ControlsExpressionOf,reactome:ProteinReference5336
reactome:ProteinReference5432,abstraction:ControlsExpressionOf,reactome:ProteinReference6692
reactome:ProteinReference10922,abstraction:ControlsExpressionOf,reactome:ProteinReference11908
reactome:ProteinReference10572,abstraction:ControlsExpressionOf,reactome:ProteinReference10580
reactome:ProteinReference2798,abstraction:ControlsExpressionOf,reactome:ProteinReference10384
reactome:ProteinReference10922,abstraction:ControlsExpressionOf,reactome:ProteinReference11906
reactome:ProteinReference1141,abstraction:ControlsExpressionOf,reactome:ProteinReference1640
reactome:ProteinReference10922,abstraction:ControlsExpressionOf,reactome:ProteinReference11673
reactome:ProteinReference10409,abstraction:ControlsExpressionOf,reactome:ProteinReference11844
reactome:ProteinReference7590,abstraction:ControlsExpressionOf,reactome:ProteinReference5573
reactome:ProteinReference4550,abstraction:ControlsExpressionOf,reactome:ProteinReference1082
reactome:ProteinReference4630,abstraction:ControlsExpressionOf,reactome:ProteinReference6185
reactome:ProteinReference5004,abstraction:ControlsExpressionOf,reactome:ProteinReference1402
reactome:ProteinReference1077,abstraction:ControlsExpressionOf,reactome:ProteinReference1641
reactome:ProteinReference5004,abstraction:ControlsExpressionOf,reactome:ProteinReference1349
reactome:ProteinReference1114,abstraction:ControlsExpressionOf,reactome:ProteinReference1351
reactome:ProteinReference7826,abstraction:ControlsExpressionOf,reactome:ProteinReference767
reactome:ProteinReference5136,abstraction:ControlsExpressionOf,reactome:ProteinReference5133
reactome:ProteinReference9807,abstraction:ControlsExpressionOf,reactome:ProteinReference9847
reactome:ProteinReference11271,abstraction:ControlsExpressionOf,reactome:ProteinReference11638
reactome:ProteinReference3891,abstraction:ControlsExpressionOf,reactome:ProteinReference8059
reactome:ProteinReference4630,abstraction:ControlsExpressionOf,reactome:ProteinReference5662
reactome:ProteinReference4553,abstraction:ControlsExpressionOf,reactome:ProteinReference1197
reactome:ProteinReference10409,abstraction:ControlsExpressionOf,reactome:ProteinReference11984
reactome:ProteinReference1059,abstraction:ControlsExpressionOf,reactome:ProteinReference1147
reactome:ProteinReference1115,abstraction:ControlsExpressionOf,reactome:ProteinReference1337
reactome:ProteinReference4549,abstraction:ControlsExpressionOf,reactome:ProteinReference6180
reactome:ProteinReference4558,abstraction:ControlsExpressionOf,reactome:ProteinReference1188
reactome:ProteinReference1066,abstraction:ControlsExpressionOf,reactome:ProteinReference1352
reactome:ProteinReference4555,abstraction:ControlsExpressionOf,reactome:ProteinReference10578
reactome:ProteinReference7596,abstraction:ControlsExpressionOf,reactome:ProteinReference655
reactome:ProteinReference10409,abstraction:ControlsExpressionOf,reactome:ProteinReference11713
reactome:ProteinReference6161,abstraction:ControlsExpressionOf,reactome:ProteinReference7502
reactome:ProteinReference5244,abstraction:ControlsExpressionOf,reactome:ProteinReference1372
reactome:ProteinReference1067,abstraction:ControlsExpressionOf,reactome:ProteinReference1807
reactome:ProteinReference1118,abstraction:ControlsExpressionOf,reactome:ProteinReference1162
reactome:ProteinReference2553,abstraction:ControlsExpressionOf,reactome:ProteinReference4784
reactome:ProteinReference11271,abstraction:ControlsExpressionOf,reactome:ProteinReference12019
reactome:ProteinReference5433,abstraction:ControlsExpressionOf,reactome:ProteinReference7510
reactome:ProteinReference11278,abstraction:ControlsExpressionOf,reactome:ProteinReference9841
reactome:ProteinReference5427,abstraction:ControlsExpressionOf,reactome:ProteinReference4386
reactome:ProteinReference11271,abstraction:ControlsExpressionOf,reactome:ProteinReference11827
reactome:ProteinReference1088,abstraction:ControlsExpressionOf,reactome:ProteinReference5916
reactome:ProteinReference1067,abstraction:ControlsExpressionOf,reactome:ProteinReference661
reactome:ProteinReference706,abstraction:ControlsExpressionOf,reactome:ProteinReference675
reactome:ProteinReference3891,abstraction:ControlsExpressionOf,reactome:ProteinReference7856
reactome:ProteinReference7596,abstraction:ControlsExpressionOf,reactome:ProteinReference1346
reactome:ProteinReference8823,abstraction:ControlsExpressionOf,reactome:ProteinReference9721
reactome:ProteinReference1088,abstraction:ControlsExpressionOf,reactome:ProteinReference5660
reactome:ProteinReference1088,abstraction:ControlsExpressionOf,reactome:ProteinReference1339
reactome:ProteinReference7506,abstraction:ControlsExpressionOf,reactome:ProteinReference7545
reactome:ProteinReference4589,abstraction:ControlsExpressionOf,reactome:ProteinReference9796
reactome:ProteinReference1064,abstraction:ControlsExpressionOf,reactome:ProteinReference1051
reactome:ProteinReference1118,abstraction:ControlsExpressionOf,reactome:ProteinReference5139
reactome:ProteinReference5163,abstraction:ControlsExpressionOf,reactome:ProteinReference10429
reactome:ProteinReference5239,abstraction:ControlsExpressionOf,reactome:ProteinReference7502
reactome:ProteinReference5450,abstraction:ControlsExpressionOf,reactome:ProteinReference5163
reactome:ProteinReference1061,abstraction:ControlsExpressionOf,reactome:ProteinReference1159
reactome:ProteinReference6817,abstraction:ControlsExpressionOf,reactome:ProteinReference5039
reactome:ProteinReference1114,abstraction:ControlsExpressionOf,reactome:ProteinReference1807
reactome:ProteinReference1104,abstraction:ControlsExpressionOf,reactome:ProteinReference655
reactome:ProteinReference10922,abstraction:ControlsExpressionOf,reactome:ProteinReference11730
reactome:ProteinReference2553,abstraction:ControlsExpressionOf,reactome:ProteinReference10379
reactome:ProteinReference4550,abstraction:ControlsExpressionOf,reactome:ProteinReference1188
reactome:ProteinReference11271,abstraction:ControlsExpressionOf,reactome:ProteinReference11658
reactome:ProteinReference5163,abstraction:ControlsExpressionOf,reactome:ProteinReference5162
reactome:ProteinReference4548,abstraction:ControlsExpressionOf,reactome:ProteinReference1744
reactome:ProteinReference8823,abstraction:ControlsExpressionOf,reactome:ProteinReference9715
reactome:ProteinReference5003,abstraction:ControlsExpressionOf,reactome:ProteinReference1151
reactome:ProteinReference1124,abstraction:ControlsExpressionOf,reactome:ProteinReference10580
reactome:ProteinReference7597,abstraction:ControlsExpressionOf,reactome:ProteinReference1346
reactome:ProteinReference1079,abstraction:ControlsExpressionOf,reactome:ProteinReference705
reactome:ProteinReference1066,abstraction:ControlsExpressionOf,reactome:ProteinReference1337
reactome:ProteinReference5243,abstraction:ControlsExpressionOf,reactome:ProteinReference3577
reactome:ProteinReference7504,abstraction:ControlsExpressionOf,reactome:ProteinReference7550
reactome:ProteinReference1092,abstraction:ControlsExpressionOf,reactome:ProteinReference1349
reactome:ProteinReference4552,abstraction:ControlsExpressionOf,reactome:ProteinReference10580
reactome:ProteinReference10409,abstraction:ControlsExpressionOf,reactome:ProteinReference11966
reactome:ProteinReference2459,abstraction:ControlsExpressionOf,reactome:ProteinReference8632
reactome:ProteinReference4521,abstraction:ControlsExpressionOf,reactome:ProteinReference1151
reactome:ProteinReference1106,abstraction:ControlsExpressionOf,reactome:ProteinReference661
reactome:ProteinReference11271,abstraction:ControlsExpressionOf,reactome:ProteinReference11718
reactome:ProteinReference5155,abstraction:ControlsExpressionOf,reactome:ProteinReference4641
reactome:ProteinReference1064,abstraction:ControlsExpressionOf,reactome:ProteinReference9057
reactome:ProteinReference7596,abstraction:ControlsExpressionOf,reactome:ProteinReference1126
reactome:ProteinReference10922,abstraction:ControlsExpressionOf,reactome:ProteinReference11759
reactome:ProteinReference8608,abstraction:ControlsExpressionOf,reactome:ProteinReference10384
reactome:ProteinReference6861,abstraction:ControlsExpressionOf,reactome:ProteinReference6172
reactome:ProteinReference10409,abstraction:ControlsExpressionOf,reactome:ProteinReference11990
reactome:ProteinReference1068,abstraction:ControlsExpressionOf,reactome:ProteinReference1071
reactome:ProteinReference7507,abstraction:ControlsExpressionOf,reactome:ProteinReference5449
reactome:ProteinReference1064,abstraction:ControlsExpressionOf,reactome:ProteinReference1127
reactome:ProteinReference11276,abstraction:ControlsExpressionOf,reactome:ProteinReference2022
reactome:ProteinReference1059,abstraction:ControlsExpressionOf,reactome:ProteinReference661
reactome:ProteinReference8286,abstraction:ControlsExpressionOf,reactome:ProteinReference6145
reactome:ProteinReference11256,abstraction:ControlsExpressionOf,reactome:ProteinReference11268
reactome:ProteinReference1142,abstraction:ControlsExpressionOf,reactome:ProteinReference1140
reactome:ProteinReference1088,abstraction:ControlsExpressionOf,reactome:ProteinReference4641
reactome:ProteinReference10578,abstraction:ControlsExpressionOf,reactome:ProteinReference1346
reactome:ProteinReference11271,abstraction:ControlsExpressionOf,reactome:ProteinReference11721
reactome:ProteinReference1141,abstraction:ControlsExpressionOf,reactome:ProteinReference1172
reactome:ProteinReference8602,abstraction:ControlsExpressionOf,reactome:ProteinReference4423
reactome:ProteinReference10922,abstraction:ControlsExpressionOf,reactome:ProteinReference11995
reactome:ProteinReference1099,abstraction:ControlsExpressionOf,reactome:ProteinReference1372
reactome:ProteinReference4558,abstraction:ControlsExpressionOf,reactome:ProteinReference1339
reactome:ProteinReference7861,abstraction:ControlsExpressionOf,reactome:ProteinReference1053
reactome:ProteinReference6952,abstraction:ControlsExpressionOf,reactome:ProteinReference6081
reactome:ProteinReference10409,abstraction:ControlsExpressionOf,reactome:ProteinReference11749
reactome:ProteinReference6290,abstraction:ControlsExpressionOf,reactome:ProteinReference10349
reactome:ProteinReference4551,abstraction:ControlsExpressionOf,reactome:ProteinReference1372
reactome:ProteinReference6818,abstraction:ControlsExpressionOf,reactome:ProteinReference9808
reactome:ProteinReference2791,abstraction:ControlsExpressionOf,reactome:ProteinReference5907
reactome:ProteinReference4550,abstraction:ControlsExpressionOf,reactome:ProteinReference7502
reactome:ProteinReference6861,abstraction:ControlsExpressionOf,reactome:ProteinReference7249
reactome:ProteinReference1056,abstraction:ControlsExpressionOf,reactome:ProteinReference3931
reactome:ProteinReference11271,abstraction:ControlsExpressionOf,reactome:ProteinReference11653
reactome:ProteinReference5242,abstraction:ControlsExpressionOf,reactome:ProteinReference1339
reactome:ProteinReference2525,abstraction:ControlsExpressionOf,reactome:ProteinReference8632
reactome:ProteinReference1060,abstraction:ControlsExpressionOf,reactome:ProteinReference327
reactome:ProteinReference10409,abstraction:ControlsExpressionOf,reactome:ProteinReference12000
reactome:ProteinReference7597,abstraction:ControlsExpressionOf,reactome:ProteinReference1126
reactome:ProteinReference10922,abstraction:ControlsExpressionOf,reactome:ProteinReference11716
reactome:ProteinReference11271,abstraction:ControlsExpressionOf,reactome:ProteinReference11939
reactome:ProteinReference6944,abstraction:ControlsExpressionOf,reactome:ProteinReference5907
reactome:ProteinReference1113,abstraction:ControlsExpressionOf,reactome:ProteinReference655
reactome:ProteinReference10409,abstraction:ControlsExpressionOf,reactome:ProteinReference11975
reactome:ProteinReference5432,abstraction:ControlsExpressionOf,reactome:ProteinReference7444
reactome:ProteinReference2806,abstraction:ControlsExpressionOf,reactome:ProteinReference8322
reactome:ProteinReference10409,abstraction:ControlsExpressionOf,reactome:ProteinReference11884
reactome:ProteinReference10922,abstraction:ControlsExpressionOf,reactome:ProteinReference11732
reactome:ProteinReference4412,abstraction:ControlsExpressionOf,reactome:ProteinReference3459
reactome:ProteinReference6797,abstraction:ControlsExpressionOf,reactome:ProteinReference4423
reactome:ProteinReference6129,abstraction:ControlsExpressionOf,reactome:ProteinReference5078
reactome:ProteinReference5429,abstraction:ControlsExpressionOf,reactome:ProteinReference653
reactome:ProteinReference5432,abstraction:ControlsExpressionOf,reactome:ProteinReference7739
reactome:ProteinReference5164,abstraction:ControlsExpressionOf,reactome:ProteinReference6159
reactome:ProteinReference4393,abstraction:ControlsExpressionOf,reactome:ProteinReference5279
reactome:ProteinReference6096,abstraction:ControlsExpressionOf,reactome:ProteinReference5039
reactome:ProteinReference10922,abstraction:ControlsExpressionOf,reactome:ProteinReference11692
reactome:ProteinReference5244,abstraction:ControlsExpressionOf,reactome:ProteinReference1346
reactome:ProteinReference6136,abstraction:ControlsExpressionOf,reactome:ProteinReference1807
reactome:ProteinReference5245,abstraction:ControlsExpressionOf,reactome:ProteinReference1162
reactome:ProteinReference4553,abstraction:ControlsExpressionOf,reactome:ProteinReference1402
reactome:ProteinReference5942,abstraction:ControlsExpressionOf,reactome:ProteinReference6147
reactome:ProteinReference9047,abstraction:ControlsExpressionOf,reactome:ProteinReference1372
reactome:ProteinReference1063,abstraction:ControlsExpressionOf,reactome:ProteinReference1139
reactome:ProteinReference1059,abstraction:ControlsExpressionOf,reactome:ProteinReference653
reactome:ProteinReference10409,abstraction:ControlsExpressionOf,reactome:ProteinReference11905
reactome:ProteinReference4414,abstraction:ControlsExpressionOf,reactome:ProteinReference1142
reactome:ProteinReference4553,abstraction:ControlsExpressionOf,reactome:ProteinReference1349
reactome:ProteinReference5239,abstraction:ControlsExpressionOf,reactome:ProteinReference655
reactome:ProteinReference6079,abstraction:ControlsExpressionOf,reactome:ProteinReference4459
reactome:ProteinReference5277,abstraction:ControlsExpressionOf,reactome:ProteinReference10824
reactome:ProteinReference10578,abstraction:ControlsExpressionOf,reactome:ProteinReference1126
reactome:ProteinReference10922,abstraction:ControlsExpressionOf,reactome:ProteinReference11791
reactome:ProteinReference7509,abstraction:ControlsExpressionOf,reactome:ProteinReference7557
reactome:ProteinReference1094,abstraction:ControlsExpressionOf,reactome:ProteinReference1372
reactome:ProteinReference1060,abstraction:ControlsExpressionOf,reactome:ProteinReference1143
reactome:ProteinReference4530,abstraction:ControlsExpressionOf,reactome:ProteinReference1337
reactome:ProteinReference1070,abstraction:ControlsExpressionOf,reactome:ProteinReference10
reactome:ProteinReference5276,abstraction:ControlsExpressionOf,reactome:ProteinReference10825
reactome:ProteinReference10577,abstraction:ControlsExpressionOf,reactome:ProteinReference1844
reactome:ProteinReference7327,abstraction:ControlsExpressionOf,reactome:ProteinReference10580
reactome:ProteinReference1111,abstraction:ControlsExpressionOf,reactome:ProteinReference10577
reactome:ProteinReference2797,abstraction:ControlsExpressionOf,reactome:ProteinReference10384
reactome:ProteinReference5242,abstraction:ControlsExpressionOf,reactome:ProteinReference3577
reactome:ProteinReference5239,abstraction:ControlsExpressionOf,reactome:ProteinReference1346
reactome:ProteinReference5155,abstraction:ControlsExpressionOf,reactome:ProteinReference11256
reactome:ProteinReference4400,abstraction:ControlsExpressionOf,reactome:ProteinReference10456
reactome:ProteinReference8982,abstraction:ControlsExpressionOf,reactome:ProteinReference1844
reactome:ProteinReference1098,abstraction:ControlsExpressionOf,reactome:ProteinReference1152
reactome:ProteinReference1067,abstraction:ControlsExpressionOf,reactome:ProteinReference1155
reactome:ProteinReference1060,abstraction:ControlsExpressionOf,reactome:ProteinReference643
reactome:ProteinReference11271,abstraction:ControlsExpressionOf,reactome:ProteinReference11997
reactome:ProteinReference11045,abstraction:ControlsExpressionOf,reactome:ProteinReference281
reactome:ProteinReference4559,abstraction:ControlsExpressionOf,reactome:ProteinReference1151
reactome:ProteinReference1062,abstraction:ControlsExpressionOf,reactome:ProteinReference1148
reactome:ProteinReference1062,abstraction:ControlsExpressionOf,reactome:ProteinReference1144
reactome:ProteinReference10922,abstraction:ControlsExpressionOf,reactome:ProteinReference11837
reactome:ProteinReference4558,abstraction:ControlsExpressionOf,reactome:ProteinReference4641
reactome:ProteinReference6163,abstraction:ControlsExpressionOf,reactome:ProteinReference1123
reactome:ProteinReference1060,abstraction:ControlsExpressionOf,reactome:ProteinReference1080
reactome:ProteinReference2776,abstraction:ControlsExpressionOf,reactome:ProteinReference6855
reactome:ProteinReference5242,abstraction:ControlsExpressionOf,reactome:ProteinReference4641
reactome:ProteinReference10409,abstraction:ControlsExpressionOf,reactome:ProteinReference11790
reactome:ProteinReference1112,abstraction:ControlsExpressionOf,reactome:ProteinReference1082
reactome:ProteinReference7557,abstraction:ControlsExpressionOf,reactome:ProteinReference5277
reactome:ProteinReference1068,abstraction:ControlsExpressionOf,reactome:ProteinReference1161
reactome:ProteinReference9701,abstraction:ControlsExpressionOf,reactome:ProteinReference9713
reactome:ProteinReference1114,abstraction:ControlsExpressionOf,reactome:ProteinReference1352
reactome:ProteinReference11276,abstraction:ControlsExpressionOf,reactome:ProteinReference1053
reactome:ProteinReference1061,abstraction:ControlsExpressionOf,reactome:ProteinReference327
reactome:ProteinReference5395,abstraction:ControlsExpressionOf,reactome:ProteinReference10852
reactome:ProteinReference11033,abstraction:ControlsExpressionOf,reactome:ProteinReference11035
reactome:ProteinReference4549,abstraction:ControlsExpressionOf,reactome:ProteinReference1337
reactome:ProteinReference2776,abstraction:ControlsExpressionOf,reactome:ProteinReference10383
reactome:ProteinReference6278,abstraction:ControlsExpressionOf,reactome:ProteinReference6103
reactome:ProteinReference6147,abstraction:ControlsExpressionOf,reactome:ProteinReference6148
reactome:ProteinReference6080,abstraction:ControlsExpressionOf,reactome:ProteinReference2128
reactome:ProteinReference4558,abstraction:ControlsExpressionOf,reactome:ProteinReference5573
reactome:ProteinReference8783,abstraction:ControlsExpressionOf,reactome:ProteinReference5916
reactome:ProteinReference5244,abstraction:ControlsExpressionOf,reactome:ProteinReference1126
reactome:ProteinReference10409,abstraction:ControlsExpressionOf,reactome:ProteinReference11823
reactome:ProteinReference9099,abstraction:ControlsExpressionOf,reactome:ProteinReference2585
reactome:ProteinReference6861,abstraction:ControlsExpressionOf,reactome:ProteinReference9720
reactome:ProteinReference5284,abstraction:ControlsExpressionOf,reactome:ProteinReference1844
reactome:ProteinReference5276,abstraction:ControlsExpressionOf,reactome:ProteinReference3891
reactome:ProteinReference8287,abstraction:ControlsExpressionOf,reactome:ProteinReference282
reactome:ProteinReference7590,abstraction:ControlsExpressionOf,reactome:ProteinReference7326
reactome:ProteinReference5430,abstraction:ControlsExpressionOf,reactome:ProteinReference6692
reactome:ProteinReference1091,abstraction:ControlsExpressionOf,reactome:ProteinReference1151
reactome:ProteinReference6080,abstraction:ControlsExpressionOf,reactome:ProteinReference4660
reactome:ProteinReference1150,abstraction:ControlsExpressionOf,reactome:ProteinReference1149
reactome:ProteinReference6951,abstraction:ControlsExpressionOf,reactome:ProteinReference6952
reactome:ProteinReference1088,abstraction:ControlsExpressionOf,reactome:ProteinReference1127
reactome:ProteinReference11271,abstraction:ControlsExpressionOf,reactome:ProteinReference11825
reactome:ProteinReference11254,abstraction:ControlsExpressionOf,reactome:ProteinReference1124
reactome:ProteinReference4561,abstraction:ControlsExpressionOf,reactome:ProteinReference1268
reactome:ProteinReference10409,abstraction:ControlsExpressionOf,reactome:ProteinReference11766
reactome:ProteinReference11271,abstraction:ControlsExpressionOf,reactome:ProteinReference12033
reactome:ProteinReference1100,abstraction:ControlsExpressionOf,reactome:ProteinReference1162
reactome:ProteinReference5240,abstraction:ControlsExpressionOf,reactome:ProteinReference1162
reactome:ProteinReference2553,abstraction:ControlsExpressionOf,reactome:ProteinReference10370
reactome:ProteinReference1061,abstraction:ControlsExpressionOf,reactome:ProteinReference1143
reactome:ProteinReference10835,abstraction:ControlsExpressionOf,reactome:ProteinReference7777
reactome:ProteinReference10409,abstraction:ControlsExpressionOf,reactome:ProteinReference11805
reactome:ProteinReference1154,abstraction:ControlsExpressionOf,reactome:ProteinReference10598
reactome:ProteinReference4550,abstraction:ControlsExpressionOf,reactome:ProteinReference655
reactome:ProteinReference4523,abstraction:ControlsExpressionOf,reactome:ProteinReference1268
reactome:ProteinReference1122,abstraction:ControlsExpressionOf,reactome:ProteinReference1126
reactome:ProteinReference9924,abstraction:ControlsExpressionOf,reactome:ProteinReference9927
reactome:ProteinReference175,abstraction:ControlsExpressionOf,reactome:ProteinReference10414
reactome:ProteinReference6162,abstraction:ControlsExpressionOf,reactome:ProteinReference6787
reactome:ProteinReference1073,abstraction:ControlsExpressionOf,reactome:ProteinReference1646
reactome:ProteinReference1100,abstraction:ControlsExpressionOf,reactome:ProteinReference5139
reactome:ProteinReference4550,abstraction:ControlsExpressionOf,reactome:ProteinReference5573
reactome:ProteinReference1059,abstraction:ControlsExpressionOf,reactome:ProteinReference1155
reactome:ProteinReference1062,abstraction:ControlsExpressionOf,reactome:ProteinReference1084
reactome:ProteinReference6080,abstraction:ControlsExpressionOf,reactome:ProteinReference8104
reactome:ProteinReference6871,abstraction:ControlsExpressionOf,reactome:ProteinReference3545
reactome:ProteinReference1061,abstraction:ControlsExpressionOf,reactome:ProteinReference643
reactome:ProteinReference10922,abstraction:ControlsExpressionOf,reactome:ProteinReference12027
reactome:ProteinReference1098,abstraction:ControlsExpressionOf,reactome:ProteinReference741
reactome:ProteinReference5434,abstraction:ControlsExpressionOf,reactome:ProteinReference10987
reactome:ProteinReference4526,abstraction:ControlsExpressionOf,reactome:ProteinReference1844
reactome:ProteinReference10839,abstraction:ControlsExpressionOf,reactome:ProteinReference10838
reactome:ProteinReference2791,abstraction:ControlsExpressionOf,reactome:ProteinReference4423
reactome:ProteinReference1112,abstraction:ControlsExpressionOf,reactome:ProteinReference1188
reactome:ProteinReference6871,abstraction:ControlsExpressionOf,reactome:ProteinReference6872
reactome:ProteinReference2553,abstraction:ControlsExpressionOf,reactome:ProteinReference6943
reactome:ProteinReference1052,abstraction:ControlsExpressionOf,reactome:ProteinReference1142
reactome:ProteinReference9780,abstraction:ControlsExpressionOf,reactome:ProteinReference7128
reactome:ProteinReference11271,abstraction:ControlsExpressionOf,reactome:ProteinReference11870
reactome:ProteinReference2530,abstraction:ControlsExpressionOf,reactome:ProteinReference8632
reactome:ProteinReference11271,abstraction:ControlsExpressionOf,reactome:ProteinReference11998
reactome:ProteinReference1062,abstraction:ControlsExpressionOf,reactome:ProteinReference1083
reactome:ProteinReference9785,abstraction:ControlsExpressionOf,reactome:ProteinReference9796
reactome:ProteinReference1061,abstraction:ControlsExpressionOf,reactome:ProteinReference1080
reactome:ProteinReference1052,abstraction:ControlsExpressionOf,reactome:ProteinReference1351
reactome:ProteinReference7571,abstraction:ControlsExpressionOf,reactome:ProteinReference7521
reactome:ProteinReference11271,abstraction:ControlsExpressionOf,reactome:ProteinReference11879
reactome:ProteinReference1060,abstraction:ControlsExpressionOf,reactome:ProteinReference1158
reactome:ProteinReference5427,abstraction:ControlsExpressionOf,reactome:ProteinReference175
reactome:ProteinReference4589,abstraction:ControlsExpressionOf,reactome:ProteinReference9188
reactome:ProteinReference8824,abstraction:ControlsExpressionOf,reactome:ProteinReference9712
reactome:ProteinReference1064,abstraction:ControlsExpressionOf,reactome:ProteinReference33
reactome:ProteinReference9701,abstraction:ControlsExpressionOf,reactome:ProteinReference9714
reactome:ProteinReference8287,abstraction:ControlsExpressionOf,reactome:ProteinReference7521
reactome:ProteinReference9047,abstraction:ControlsExpressionOf,reactome:ProteinReference1346
reactome:ProteinReference7597,abstraction:ControlsExpressionOf,reactome:ProteinReference1744
reactome:ProteinReference6173,abstraction:ControlsExpressionOf,reactome:ProteinReference10841
reactome:ProteinReference6943,abstraction:ControlsExpressionOf,reactome:ProteinReference8322
reactome:ProteinReference10409,abstraction:ControlsExpressionOf,reactome:ProteinReference11644
reactome:ProteinReference8824,abstraction:ControlsExpressionOf,reactome:ProteinReference9704
reactome:ProteinReference11271,abstraction:ControlsExpressionOf,reactome:ProteinReference11809
reactome:ProteinReference9960,abstraction:ControlsExpressionOf,reactome:ProteinReference10455
reactome:ProteinReference11271,abstraction:ControlsExpressionOf,reactome:ProteinReference11739
reactome:ProteinReference10922,abstraction:ControlsExpressionOf,reactome:ProteinReference11948
reactome:ProteinReference7590,abstraction:ControlsExpressionOf,reactome:ProteinReference3644
reactome:ProteinReference10409,abstraction:ControlsExpressionOf,reactome:ProteinReference11910
reactome:ProteinReference7826,abstraction:ControlsExpressionOf,reactome:ProteinReference1713
reactome:ProteinReference5136,abstraction:ControlsExpressionOf,reactome:ProteinReference5132
reactome:ProteinReference1099,abstraction:ControlsExpressionOf,reactome:ProteinReference1126
reactome:ProteinReference10409,abstraction:ControlsExpressionOf,reactome:ProteinReference11632
reactome:ProteinReference1060,abstraction:ControlsExpressionOf,reactome:ProteinReference1129
reactome:ProteinReference707,abstraction:ControlsExpressionOf,reactome:ProteinReference675
reactome:ProteinReference2776,abstraction:ControlsExpressionOf,reactome:ProteinReference5336
reactome:ProteinReference1053,abstraction:ControlsExpressionOf,reactome:ProteinReference1071
reactome:ProteinReference5432,abstraction:ControlsExpressionOf,reactome:ProteinReference707
reactome:ProteinReference7338,abstraction:ControlsExpressionOf,reactome:ProteinReference7331
reactome:ProteinReference175,abstraction:ControlsExpressionOf,reactome:ProteinReference4944
reactome:ProteinReference1065,abstraction:ControlsExpressionOf,reactome:ProteinReference1161
reactome:ProteinReference10376,abstraction:ControlsExpressionOf,reactome:ProteinReference4468
reactome:ProteinReference4554,abstraction:ControlsExpressionOf,reactome:ProteinReference1339
reactome:ProteinReference6096,abstraction:ControlsExpressionOf,reactome:ProteinReference8313
reactome:ProteinReference4551,abstraction:ControlsExpressionOf,reactome:ProteinReference1126
reactome:ProteinReference11271,abstraction:ControlsExpressionOf,reactome:ProteinReference11812
reactome:ProteinReference11271,abstraction:ControlsExpressionOf,reactome:ProteinReference11646
reactome:ProteinReference9701,abstraction:ControlsExpressionOf,reactome:ProteinReference4497
reactome:ProteinReference5284,abstraction:ControlsExpressionOf,reactome:ProteinReference1352
reactome:ProteinReference11271,abstraction:ControlsExpressionOf,reactome:ProteinReference11748
reactome:ProteinReference1052,abstraction:ControlsExpressionOf,reactome:ProteinReference1807
reactome:ProteinReference6151,abstraction:ControlsExpressionOf,reactome:ProteinReference1159
reactome:ProteinReference4457,abstraction:ControlsExpressionOf,reactome:ProteinReference7011
reactome:ProteinReference10348,abstraction:ControlsExpressionOf,reactome:ProteinReference9429
reactome:ProteinReference10577,abstraction:ControlsExpressionOf,reactome:ProteinReference1337
reactome:ProteinReference1062,abstraction:ControlsExpressionOf,reactome:ProteinReference1157
reactome:ProteinReference5412,abstraction:ControlsExpressionOf,reactome:ProteinReference10348
reactome:ProteinReference4556,abstraction:ControlsExpressionOf,reactome:ProteinReference6180
reactome:ProteinReference9780,abstraction:ControlsExpressionOf,reactome:ProteinReference6140
reactome:ProteinReference1117,abstraction:ControlsExpressionOf,reactome:ProteinReference741
reactome:ProteinReference6081,abstraction:ControlsExpressionOf,reactome:ProteinReference4659
reactome:ProteinReference11271,abstraction:ControlsExpressionOf,reactome:ProteinReference11911
reactome:ProteinReference10922,abstraction:ControlsExpressionOf,reactome:ProteinReference11842
reactome:ProteinReference8982,abstraction:ControlsExpressionOf,reactome:ProteinReference1337
reactome:ProteinReference5922,abstraction:ControlsExpressionOf,reactome:ProteinReference5918
reactome:ProteinReference6816,abstraction:ControlsExpressionOf,reactome:ProteinReference4968
reactome:ProteinReference5942,abstraction:ControlsExpressionOf,reactome:ProteinReference5946
reactome:ProteinReference1088,abstraction:ControlsExpressionOf,reactome:ProteinReference1197
reactome:ProteinReference9047,abstraction:ControlsExpressionOf,reactome:ProteinReference1126
reactome:ProteinReference6871,abstraction:ControlsExpressionOf,reactome:ProteinReference6901
reactome:ProteinReference7331,abstraction:ControlsExpressionOf,reactome:ProteinReference10836
reactome:ProteinReference1062,abstraction:ControlsExpressionOf,reactome:ProteinReference1146
reactome:ProteinReference1119,abstraction:ControlsExpressionOf,reactome:ProteinReference10580
reactome:ProteinReference1061,abstraction:ControlsExpressionOf,reactome:ProteinReference1158
reactome:ProteinReference4554,abstraction:ControlsExpressionOf,reactome:ProteinReference3577
reactome:ProteinReference5003,abstraction:ControlsExpressionOf,reactome:ProteinReference10577
reactome:ProteinReference1094,abstraction:ControlsExpressionOf,reactome:ProteinReference1126
reactome:ProteinReference4526,abstraction:ControlsExpressionOf,reactome:ProteinReference1352
reactome:ProteinReference2801,abstraction:ControlsExpressionOf,reactome:ProteinReference5291
reactome:ProteinReference11256,abstraction:ControlsExpressionOf,reactome:ProteinReference6075
reactome:ProteinReference11271,abstraction:ControlsExpressionOf,reactome:ProteinReference11833
reactome:ProteinReference8607,abstraction:ControlsExpressionOf,reactome:ProteinReference4423
reactome:ProteinReference1076,abstraction:ControlsExpressionOf,reactome:ProteinReference1641
reactome:ProteinReference6161,abstraction:ControlsExpressionOf,reactome:ProteinReference8313
reactome:ProteinReference10922,abstraction:ControlsExpressionOf,reactome:ProteinReference12006
reactome:ProteinReference1062,abstraction:ControlsExpressionOf,reactome:ProteinReference1125
reactome:ProteinReference1061,abstraction:ControlsExpressionOf,reactome:ProteinReference1268
reactome:ProteinReference1064,abstraction:ControlsExpressionOf,reactome:ProteinReference1402
reactome:ProteinReference5430,abstraction:ControlsExpressionOf,reactome:ProteinReference7444
reactome:ProteinReference8823,abstraction:ControlsExpressionOf,reactome:ProteinReference9713
reactome:ProteinReference10409,abstraction:ControlsExpressionOf,reactome:ProteinReference11979
reactome:ProteinReference10409,abstraction:ControlsExpressionOf,reactome:ProteinReference11929
reactome:ProteinReference1069,abstraction:ControlsExpressionOf,reactome:ProteinReference1159
reactome:ProteinReference7596,abstraction:ControlsExpressionOf,reactome:ProteinReference10581
reactome:ProteinReference11271,abstraction:ControlsExpressionOf,reactome:ProteinReference11927
reactome:ProteinReference5244,abstraction:ControlsExpressionOf,reactome:ProteinReference1744
reactome:ProteinReference1123,abstraction:ControlsExpressionOf,reactome:ProteinReference1351
reactome:ProteinReference4554,abstraction:ControlsExpressionOf,reactome:ProteinReference4641
reactome:ProteinReference5430,abstraction:ControlsExpressionOf,reactome:ProteinReference7739
reactome:ProteinReference3891,abstraction:ControlsExpressionOf,reactome:ProteinReference3639
reactome:ProteinReference1068,abstraction:ControlsExpressionOf,reactome:ProteinReference1151
reactome:ProteinReference1105,abstraction:ControlsExpressionOf,reactome:ProteinReference1268
reactome:ProteinReference1098,abstraction:ControlsExpressionOf,reactome:ProteinReference661
reactome:ProteinReference10409,abstraction:ControlsExpressionOf,reactome:ProteinReference11850
reactome:ProteinReference11271,abstraction:ControlsExpressionOf,reactome:ProteinReference11898
reactome:ProteinReference1989,abstraction:ControlsExpressionOf,reactome:ProteinReference1988
reactome:ProteinReference10922,abstraction:ControlsExpressionOf,reactome:ProteinReference11848
reactome:ProteinReference8611,abstraction:ControlsExpressionOf,reactome:ProteinReference4423
reactome:ProteinReference5428,abstraction:ControlsExpressionOf,reactome:ProteinReference7509
reactome:ProteinReference8283,abstraction:ControlsExpressionOf,reactome:ProteinReference7834
reactome:ProteinReference2476,abstraction:ControlsExpressionOf,reactome:ProteinReference8632
reactome:ProteinReference1142,abstraction:ControlsExpressionOf,reactome:ProteinReference1337
reactome:ProteinReference2553,abstraction:ControlsExpressionOf,reactome:ProteinReference10368
reactome:ProteinReference1107,abstraction:ControlsExpressionOf,reactome:ProteinReference1082
reactome:ProteinReference1073,abstraction:ControlsExpressionOf,reactome:ProteinReference1658
reactome:ProteinReference6951,abstraction:ControlsExpressionOf,reactome:ProteinReference6081
reactome:ProteinReference1053,abstraction:ControlsExpressionOf,reactome:ProteinReference1161
reactome:ProteinReference5939,abstraction:ControlsExpressionOf,reactome:ProteinReference588
reactome:ProteinReference4526,abstraction:ControlsExpressionOf,reactome:ProteinReference1337
reactome:ProteinReference1070,abstraction:ControlsExpressionOf,reactome:ProteinReference1159
reactome:ProteinReference4525,abstraction:ControlsExpressionOf,reactome:ProteinReference1844
reactome:ProteinReference1057,abstraction:ControlsExpressionOf,reactome:ProteinReference1150
reactome:ProteinReference5427,abstraction:ControlsExpressionOf,reactome:ProteinReference10987
reactome:ProteinReference1074,abstraction:ControlsExpressionOf,reactome:ProteinReference1640
reactome:ProteinReference7505,abstraction:ControlsExpressionOf,reactome:ProteinReference7558
reactome:ProteinReference1102,abstraction:ControlsExpressionOf,reactome:ProteinReference1268
reactome:ProteinReference4414,abstraction:ControlsExpressionOf,reactome:ProteinReference1150
reactome:ProteinReference3891,abstraction:ControlsExpressionOf,reactome:ProteinReference5039
reactome:ProteinReference1088,abstraction:ControlsExpressionOf,reactome:ProteinReference5912
reactome:ProteinReference1079,abstraction:ControlsExpressionOf,reactome:ProteinReference649
reactome:ProteinReference1123,abstraction:ControlsExpressionOf,reactome:ProteinReference1807
reactome:ProteinReference1108,abstraction:ControlsExpressionOf,reactome:ProteinReference1268
reactome:ProteinReference1062,abstraction:ControlsExpressionOf,reactome:ProteinReference1053
reactome:ProteinReference1061,abstraction:ControlsExpressionOf,reactome:ProteinReference6180
reactome:ProteinReference1068,abstraction:ControlsExpressionOf,reactome:ProteinReference1136
reactome:ProteinReference1123,abstraction:ControlsExpressionOf,reactome:ProteinReference661
reactome:ProteinReference4393,abstraction:ControlsExpressionOf,reactome:ProteinReference5277
reactome:ProteinReference7504,abstraction:ControlsExpressionOf,reactome:ProteinReference7560
reactome:ProteinReference4580,abstraction:ControlsExpressionOf,reactome:ProteinReference5273
reactome:ProteinReference10922,abstraction:ControlsExpressionOf,reactome:ProteinReference11971
reactome:ProteinReference1064,abstraction:ControlsExpressionOf,reactome:ProteinReference1149
reactome:ProteinReference2803,abstraction:ControlsExpressionOf,reactome:ProteinReference4423
reactome:ProteinReference10466,abstraction:ControlsExpressionOf,reactome:ProteinReference8966
reactome:ProteinReference5242,abstraction:ControlsExpressionOf,reactome:ProteinReference1197
reactome:ProteinReference11271,abstraction:ControlsExpressionOf,reactome:ProteinReference11906
reactome:ProteinReference10409,abstraction:ControlsExpressionOf,reactome:ProteinReference11758
reactome:ProteinReference10922,abstraction:ControlsExpressionOf,reactome:ProteinReference11841
reactome:ProteinReference7609,abstraction:ControlsExpressionOf,reactome:ProteinReference6971
reactome:ProteinReference11271,abstraction:ControlsExpressionOf,reactome:ProteinReference11673
reactome:ProteinReference3851,abstraction:ControlsExpressionOf,reactome:ProteinReference4438
reactome:ProteinReference11277,abstraction:ControlsExpressionOf,reactome:ProteinReference9057
reactome:ProteinReference1066,abstraction:ControlsExpressionOf,reactome:ProteinReference1372
reactome:ProteinReference10414,abstraction:ControlsExpressionOf,reactome:ProteinReference9133
reactome:ProteinReference7506,abstraction:ControlsExpressionOf,reactome:ProteinReference4641
reactome:ProteinReference1105,abstraction:ControlsExpressionOf,reactome:ProteinReference10578
reactome:ProteinReference6816,abstraction:ControlsExpressionOf,reactome:ProteinReference6181
reactome:ProteinReference1112,abstraction:ControlsExpressionOf,reactome:ProteinReference655
reactome:ProteinReference5390,abstraction:ControlsExpressionOf,reactome:ProteinReference7324
reactome:ProteinReference8823,abstraction:ControlsExpressionOf,reactome:ProteinReference9714
reactome:ProteinReference10409,abstraction:ControlsExpressionOf,reactome:ProteinReference11980
reactome:ProteinReference9970,abstraction:ControlsExpressionOf,reactome:ProteinReference1154
reactome:ProteinReference3891,abstraction:ControlsExpressionOf,reactome:ProteinReference8841
reactome:ProteinReference5431,abstraction:ControlsExpressionOf,reactome:ProteinReference175
reactome:ProteinReference2788,abstraction:ControlsExpressionOf,reactome:ProteinReference5291
reactome:ProteinReference4456,abstraction:ControlsExpressionOf,reactome:ProteinReference4690
reactome:ProteinReference5942,abstraction:ControlsExpressionOf,reactome:ProteinReference2098
reactome:ProteinReference1099,abstraction:ControlsExpressionOf,reactome:ProteinReference1744
reactome:ProteinReference6119,abstraction:ControlsExpressionOf,reactome:ProteinReference5078
reactome:ProteinReference1068,abstraction:ControlsExpressionOf,reactome:ProteinReference666
reactome:ProteinReference1067,abstraction:ControlsExpressionOf,reactome:ProteinReference1082
reactome:ProteinReference1063,abstraction:ControlsExpressionOf,reactome:ProteinReference1144
reactome:ProteinReference10922,abstraction:ControlsExpressionOf,reactome:ProteinReference11722
reactome:ProteinReference4551,abstraction:ControlsExpressionOf,reactome:ProteinReference1744
reactome:ProteinReference7503,abstraction:ControlsExpressionOf,reactome:ProteinReference10838
reactome:ProteinReference1063,abstraction:ControlsExpressionOf,reactome:ProteinReference1148
reactome:ProteinReference4460,abstraction:ControlsExpressionOf,reactome:ProteinReference2059
reactome:ProteinReference1052,abstraction:ControlsExpressionOf,reactome:ProteinReference1155
reactome:ProteinReference1096,abstraction:ControlsExpressionOf,reactome:ProteinReference1844
reactome:ProteinReference10376,abstraction:ControlsExpressionOf,reactome:ProteinReference4470
reactome:ProteinReference5429,abstraction:ControlsExpressionOf,reactome:ProteinReference5364
reactome:ProteinReference10922,abstraction:ControlsExpressionOf,reactome:ProteinReference11662
reactome:ProteinReference4580,abstraction:ControlsExpressionOf,reactome:ProteinReference5190
reactome:ProteinReference1113,abstraction:ControlsExpressionOf,reactome:ProteinReference10581
reactome:ProteinReference4561,abstraction:ControlsExpressionOf,reactome:ProteinReference1162
reactome:ProteinReference5243,abstraction:ControlsExpressionOf,reactome:ProteinReference1402
reactome:ProteinReference7590,abstraction:ControlsExpressionOf,reactome:ProteinReference9828
reactome:ProteinReference10922,abstraction:ControlsExpressionOf,reactome:ProteinReference12025
reactome:ProteinReference5429,abstraction:ControlsExpressionOf,reactome:ProteinReference5453
reactome:ProteinReference1063,abstraction:ControlsExpressionOf,reactome:ProteinReference1347
reactome:ProteinReference1088,abstraction:ControlsExpressionOf,reactome:ProteinReference1402
reactome:ProteinReference1114,abstraction:ControlsExpressionOf,reactome:ProteinReference1082
reactome:ProteinReference5432,abstraction:ControlsExpressionOf,reactome:ProteinReference5364
reactome:ProteinReference7505,abstraction:ControlsExpressionOf,reactome:ProteinReference1357
reactome:ProteinReference1088,abstraction:ControlsExpressionOf,reactome:ProteinReference1349
reactome:ProteinReference4523,abstraction:ControlsExpressionOf,reactome:ProteinReference1162
reactome:ProteinReference6894,abstraction:ControlsExpressionOf,reactome:ProteinReference6895
reactome:ProteinReference4458,abstraction:ControlsExpressionOf,reactome:ProteinReference1188
reactome:ProteinReference10819,abstraction:ControlsExpressionOf,reactome:ProteinReference5277
reactome:ProteinReference11271,abstraction:ControlsExpressionOf,reactome:ProteinReference11730
reactome:ProteinReference10409,abstraction:ControlsExpressionOf,reactome:ProteinReference11969
reactome:ProteinReference9047,abstraction:ControlsExpressionOf,reactome:ProteinReference1744
reactome:ProteinReference6073,abstraction:ControlsExpressionOf,reactome:ProteinReference6071
reactome:ProteinReference5004,abstraction:ControlsExpressionOf,reactome:ProteinReference10578
reactome:ProteinReference6437,abstraction:ControlsExpressionOf,reactome:ProteinReference6097
reactome:ProteinReference9044,abstraction:ControlsExpressionOf,reactome:ProteinReference5039
reactome:ProteinReference5245,abstraction:ControlsExpressionOf,reactome:ProteinReference1151
reactome:ProteinReference1086,abstraction:ControlsExpressionOf,reactome:ProteinReference1268
reactome:ProteinReference3891,abstraction:ControlsExpressionOf,reactome:ProteinReference7826
reactome:ProteinReference4556,abstraction:ControlsExpressionOf,reactome:ProteinReference1337
reactome:ProteinReference5239,abstraction:ControlsExpressionOf,reactome:ProteinReference10581
reactome:ProteinReference4557,abstraction:ControlsExpressionOf,reactome:ProteinReference10580
reactome:ProteinReference1094,abstraction:ControlsExpressionOf,reactome:ProteinReference1744
reactome:ProteinReference1106,abstraction:ControlsExpressionOf,reactome:ProteinReference1082
reactome:ProteinReference11040,abstraction:ControlsExpressionOf,reactome:ProteinReference767
reactome:ProteinReference1069,abstraction:ControlsExpressionOf,reactome:ProteinReference327
reactome:ProteinReference11271,abstraction:ControlsExpressionOf,reactome:ProteinReference11742
reactome:ProteinReference1093,abstraction:ControlsExpressionOf,reactome:ProteinReference1349
reactome:ProteinReference10572,abstraction:ControlsExpressionOf,reactome:ProteinReference1339
reactome:ProteinReference1154,abstraction:ControlsExpressionOf,reactome:ProteinReference10592
reactome:ProteinReference8824,abstraction:ControlsExpressionOf,reactome:ProteinReference1032
reactome:ProteinReference10833,abstraction:ControlsExpressionOf,reactome:ProteinReference10832
reactome:ProteinReference10409,abstraction:ControlsExpressionOf,reactome:ProteinReference12026
reactome:ProteinReference10409,abstraction:ControlsExpressionOf,reactome:ProteinReference11717
reactome:ProteinReference7860,abstraction:ControlsExpressionOf,reactome:ProteinReference1163
reactome:ProteinReference11256,abstraction:ControlsExpressionOf,reactome:ProteinReference413
reactome:ProteinReference6768,abstraction:ControlsExpressionOf,reactome:ProteinReference6773
reactome:ProteinReference4580,abstraction:ControlsExpressionOf,reactome:ProteinReference3540
reactome:ProteinReference6244,abstraction:ControlsExpressionOf,reactome:ProteinReference6266
reactome:ProteinReference7504,abstraction:ControlsExpressionOf,reactome:ProteinReference7547
reactome:ProteinReference5285,abstraction:ControlsExpressionOf,reactome:ProteinReference1844
reactome:ProteinReference1063,abstraction:ControlsExpressionOf,reactome:ProteinReference1084
reactome:ProteinReference2511,abstraction:ControlsExpressionOf,reactome:ProteinReference8632
reactome:ProteinReference1059,abstraction:ControlsExpressionOf,reactome:ProteinReference1082
reactome:ProteinReference5430,abstraction:ControlsExpressionOf,reactome:ProteinReference707
reactome:ProteinReference8612,abstraction:ControlsExpressionOf,reactome:ProteinReference5291
reactome:ProteinReference8602,abstraction:ControlsExpressionOf,reactome:ProteinReference10384
reactome:ProteinReference11271,abstraction:ControlsExpressionOf,reactome:ProteinReference11759
reactome:ProteinReference7857,abstraction:ControlsExpressionOf,reactome:ProteinReference1163
reactome:ProteinReference5922,abstraction:ControlsExpressionOf,reactome:ProteinReference5910
reactome:ProteinReference5036,abstraction:ControlsExpressionOf,reactome:ProteinReference26
reactome:ProteinReference1090,abstraction:ControlsExpressionOf,reactome:ProteinReference1126
reactome:ProteinReference1065,abstraction:ControlsExpressionOf,reactome:ProteinReference1051
reactome:ProteinReference1075,abstraction:ControlsExpressionOf,reactome:ProteinReference6244
reactome:ProteinReference1063,abstraction:ControlsExpressionOf,reactome:ProteinReference1083
reactome:ProteinReference10409,abstraction:ControlsExpressionOf,reactome:ProteinReference12005
reactome:ProteinReference3509,abstraction:ControlsExpressionOf,reactome:ProteinReference10833
reactome:ProteinReference3459,abstraction:ControlsExpressionOf,reactome:ProteinReference7777
reactome:ProteinReference10833,abstraction:ControlsExpressionOf,reactome:ProteinReference11019
reactome:ProteinReference8287,abstraction:ControlsExpressionOf,reactome:ProteinReference6794
reactome:ProteinReference4525,abstraction:ControlsExpressionOf,reactome:ProteinReference1337
reactome:ProteinReference1069,abstraction:ControlsExpressionOf,reactome:ProteinReference1143
reactome:ProteinReference11271,abstraction:ControlsExpressionOf,reactome:ProteinReference11995
reactome:ProteinReference1070,abstraction:ControlsExpressionOf,reactome:ProteinReference327
reactome:ProteinReference2553,abstraction:ControlsExpressionOf,reactome:ProteinReference8788
reactome:ProteinReference5274,abstraction:ControlsExpressionOf,reactome:ProteinReference11012
reactome:ProteinReference5434,abstraction:ControlsExpressionOf,reactome:ProteinReference6692
reactome:ProteinReference2553,abstraction:ControlsExpressionOf,reactome:ProteinReference10352
reactome:ProteinReference1096,abstraction:ControlsExpressionOf,reactome:ProteinReference1352
reactome:ProteinReference10573,abstraction:ControlsExpressionOf,reactome:ProteinReference1268
reactome:ProteinReference6797,abstraction:ControlsExpressionOf,reactome:ProteinReference10384
reactome:ProteinReference7596,abstraction:ControlsExpressionOf,reactome:ProteinReference1152
reactome:ProteinReference6136,abstraction:ControlsExpressionOf,reactome:ProteinReference2726
reactome:ProteinReference1061,abstraction:ControlsExpressionOf,reactome:ProteinReference4148
reactome:ProteinReference1069,abstraction:ControlsExpressionOf,reactome:ProteinReference643
reactome:ProteinReference1077,abstraction:ControlsExpressionOf,reactome:ProteinReference1645
reactome:ProteinReference8286,abstraction:ControlsExpressionOf,reactome:ProteinReference10450
reactome:ProteinReference1060,abstraction:ControlsExpressionOf,reactome:ProteinReference1156
reactome:ProteinReference1101,abstraction:ControlsExpressionOf,reactome:ProteinReference5139
reactome:ProteinReference1106,abstraction:ControlsExpressionOf,reactome:ProteinReference1188
reactome:ProteinReference11271,abstraction:ControlsExpressionOf,reactome:ProteinReference11716
reactome:ProteinReference4548,abstraction:ControlsExpressionOf,reactome:ProteinReference1807
reactome:ProteinReference5242,abstraction:ControlsExpressionOf,reactome:ProteinReference1402
reactome:ProteinReference1052,abstraction:ControlsExpressionOf,reactome:ProteinReference1356
reactome:ProteinReference5431,abstraction:ControlsExpressionOf,reactome:ProteinReference10987
reactome:ProteinReference2789,abstraction:ControlsExpressionOf,reactome:ProteinReference4423
reactome:ProteinReference11271,abstraction:ControlsExpressionOf,reactome:ProteinReference11732
reactome:ProteinReference4548,abstraction:ControlsExpressionOf,reactome:ProteinReference661
reactome:ProteinReference5242,abstraction:ControlsExpressionOf,reactome:ProteinReference1349
reactome:ProteinReference1133,abstraction:ControlsExpressionOf,reactome:ProteinReference1799
reactome:ProteinReference1069,abstraction:ControlsExpressionOf,reactome:ProteinReference1080
reactome:ProteinReference1100,abstraction:ControlsExpressionOf,reactome:ProteinReference1151
reactome:ProteinReference5240,abstraction:ControlsExpressionOf,reactome:ProteinReference1151
reactome:ProteinReference4589,abstraction:ControlsExpressionOf,reactome:ProteinReference6921
reactome:ProteinReference6079,abstraction:ControlsExpressionOf,reactome:ProteinReference5404
reactome:ProteinReference8830,abstraction:ControlsExpressionOf,reactome:ProteinReference5914
reactome:ProteinReference175,abstraction:ControlsExpressionOf,reactome:ProteinReference7762
reactome:ProteinReference6861,abstraction:ControlsExpressionOf,reactome:ProteinReference9729
reactome:ProteinReference8286,abstraction:ControlsExpressionOf,reactome:ProteinReference10444
reactome:ProteinReference4550,abstraction:ControlsExpressionOf,reactome:ProteinReference10581
reactome:ProteinReference4458,abstraction:ControlsExpressionOf,reactome:ProteinReference1339
reactome:ProteinReference11271,abstraction:ControlsExpressionOf,reactome:ProteinReference11692
reactome:ProteinReference10922,abstraction:ControlsExpressionOf,reactome:ProteinReference12001
reactome:ProteinReference6871,abstraction:ControlsExpressionOf,reactome:ProteinReference6896
reactome:ProteinReference1070,abstraction:ControlsExpressionOf,reactome:ProteinReference1143
reactome:ProteinReference8783,abstraction:ControlsExpressionOf,reactome:ProteinReference5912
reactome:ProteinReference1063,abstraction:ControlsExpressionOf,reactome:ProteinReference1157
reactome:ProteinReference4553,abstraction:ControlsExpressionOf,reactome:ProteinReference1268
reactome:ProteinReference1065,abstraction:ControlsExpressionOf,reactome:ProteinReference1127
reactome:ProteinReference4552,abstraction:ControlsExpressionOf,reactome:ProteinReference1339
reactome:ProteinReference3891,abstraction:ControlsExpressionOf,reactome:ProteinReference5509
reactome:ProteinReference11271,abstraction:ControlsExpressionOf,reactome:ProteinReference11791
reactome:ProteinReference1070,abstraction:ControlsExpressionOf,reactome:ProteinReference643
reactome:ProteinReference4554,abstraction:ControlsExpressionOf,reactome:ProteinReference1197
reactome:ProteinReference1061,abstraction:ControlsExpressionOf,reactome:ProteinReference1162
reactome:ProteinReference10409,abstraction:ControlsExpressionOf,reactome:ProteinReference12012
reactome:ProteinReference1154,abstraction:ControlsExpressionOf,reactome:ProteinReference10472
reactome:ProteinReference10922,abstraction:ControlsExpressionOf,reactome:ProteinReference11966
reactome:ProteinReference5284,abstraction:ControlsExpressionOf,reactome:ProteinReference7714
reactome:ProteinReference1114,abstraction:ControlsExpressionOf,reactome:ProteinReference1372
reactome:ProteinReference5427,abstraction:ControlsExpressionOf,reactome:ProteinReference8287
reactome:ProteinReference1061,abstraction:ControlsExpressionOf,reactome:ProteinReference5139
reactome:ProteinReference5285,abstraction:ControlsExpressionOf,reactome:ProteinReference1352
reactome:ProteinReference1063,abstraction:ControlsExpressionOf,reactome:ProteinReference1146
reactome:ProteinReference1115,abstraction:ControlsExpressionOf,reactome:ProteinReference1347
reactome:ProteinReference41,abstraction:ControlsExpressionOf,reactome:ProteinReference6148
reactome:ProteinReference1053,abstraction:ControlsExpressionOf,reactome:ProteinReference1136
reactome:ProteinReference6861,abstraction:ControlsExpressionOf,reactome:ProteinReference8832
reactome:ProteinReference10922,abstraction:ControlsExpressionOf,reactome:ProteinReference11990
reactome:ProteinReference1105,abstraction:ControlsExpressionOf,reactome:ProteinReference1162
reactome:ProteinReference1063,abstraction:ControlsExpressionOf,reactome:ProteinReference1125
reactome:ProteinReference1120,abstraction:ControlsExpressionOf,reactome:ProteinReference1351
reactome:ProteinReference1061,abstraction:ControlsExpressionOf,reactome:ProteinReference1156
reactome:ProteinReference11045,abstraction:ControlsExpressionOf,reactome:ProteinReference9969
reactome:ProteinReference10382,abstraction:ControlsExpressionOf,reactome:ProteinReference4438
reactome:ProteinReference1107,abstraction:ControlsExpressionOf,reactome:ProteinReference655
reactome:ProteinReference8603,abstraction:ControlsExpressionOf,reactome:ProteinReference10383
reactome:ProteinReference10409,abstraction:ControlsExpressionOf,reactome:ProteinReference12013
reactome:ProteinReference1067,abstraction:ControlsExpressionOf,reactome:ProteinReference1081
reactome:ProteinReference1064,abstraction:ControlsExpressionOf,reactome:ProteinReference327
reactome:ProteinReference1097,abstraction:ControlsExpressionOf,reactome:ProteinReference655
reactome:ProteinReference9780,abstraction:ControlsExpressionOf,reactome:ProteinReference3457
reactome:ProteinReference10409,abstraction:ControlsExpressionOf,reactome:ProteinReference11895
reactome:ProteinReference4552,abstraction:ControlsExpressionOf,reactome:ProteinReference3577
reactome:ProteinReference6875,abstraction:ControlsExpressionOf,reactome:ProteinReference6871
reactome:ProteinReference11271,abstraction:ControlsExpressionOf,reactome:ProteinReference11663
reactome:ProteinReference1107,abstraction:ControlsExpressionOf,reactome:ProteinReference1346
reactome:ProteinReference4526,abstraction:ControlsExpressionOf,reactome:ProteinReference7714
reactome:ProteinReference1066,abstraction:ControlsExpressionOf,reactome:ProteinReference1148
reactome:ProteinReference1066,abstraction:ControlsExpressionOf,reactome:ProteinReference1144
reactome:ProteinReference11313,abstraction:ControlsExpressionOf,reactome:ProteinReference11288
reactome:ProteinReference6080,abstraction:ControlsExpressionOf,reactome:ProteinReference8304
reactome:ProteinReference1118,abstraction:ControlsExpressionOf,reactome:ProteinReference10577
reactome:ProteinReference2807,abstraction:ControlsExpressionOf,reactome:ProteinReference10384
reactome:ProteinReference11256,abstraction:ControlsExpressionOf,reactome:ProteinReference404
reactome:ProteinReference4458,abstraction:ControlsExpressionOf,reactome:ProteinReference4641
reactome:ProteinReference1069,abstraction:ControlsExpressionOf,reactome:ProteinReference1158
reactome:ProteinReference10409,abstraction:ControlsExpressionOf,reactome:ProteinReference11764
reactome:ProteinReference1102,abstraction:ControlsExpressionOf,reactome:ProteinReference1162
reactome:ProteinReference4496,abstraction:ControlsExpressionOf,reactome:ProteinReference4705
reactome:ProteinReference1053,abstraction:ControlsExpressionOf,reactome:ProteinReference666
reactome:ProteinReference7848,abstraction:ControlsExpressionOf,reactome:ProteinReference10463
reactome:ProteinReference2805,abstraction:ControlsExpressionOf,reactome:ProteinReference4438
reactome:ProteinReference1104,abstraction:ControlsExpressionOf,reactome:ProteinReference741
reactome:ProteinReference6871,abstraction:ControlsExpressionOf,reactome:ProteinReference6875
reactome:ProteinReference4400,abstraction:ControlsExpressionOf,reactome:ProteinReference6081
reactome:ProteinReference1108,abstraction:ControlsExpressionOf,reactome:ProteinReference1162
reactome:ProteinReference175,abstraction:ControlsExpressionOf,reactome:ProteinReference9898
reactome:ProteinReference1116,abstraction:ControlsExpressionOf,reactome:ProteinReference5139
reactome:ProteinReference1113,abstraction:ControlsExpressionOf,reactome:ProteinReference1152
reactome:ProteinReference1066,abstraction:ControlsExpressionOf,reactome:ProteinReference1347
reactome:ProteinReference11019,abstraction:ControlsExpressionOf,reactome:ProteinReference10833
reactome:ProteinReference6293,abstraction:ControlsExpressionOf,reactome:ProteinReference9820
reactome:ProteinReference1804,abstraction:ControlsExpressionOf,reactome:ProteinReference1371
reactome:ProteinReference9053,abstraction:ControlsExpressionOf,reactome:ProteinReference1197
reactome:ProteinReference4460,abstraction:ControlsExpressionOf,reactome:ProteinReference1053
reactome:ProteinReference8287,abstraction:ControlsExpressionOf,reactome:ProteinReference10447
reactome:ProteinReference2794,abstraction:ControlsExpressionOf,reactome:ProteinReference10384
reactome:ProteinReference1120,abstraction:ControlsExpressionOf,reactome:ProteinReference1807
reactome:ProteinReference11315,abstraction:ControlsExpressionOf,reactome:ProteinReference6952
reactome:ProteinReference4458,abstraction:ControlsExpressionOf,reactome:ProteinReference5573
reactome:ProteinReference10922,abstraction:ControlsExpressionOf,reactome:ProteinReference11806
reactome:ProteinReference6081,abstraction:ControlsExpressionOf,reactome:ProteinReference4611
reactome:ProteinReference6138,abstraction:ControlsExpressionOf,reactome:ProteinReference5078
reactome:ProteinReference10922,abstraction:ControlsExpressionOf,reactome:ProteinReference11757
reactome:ProteinReference1064,abstraction:ControlsExpressionOf,reactome:ProteinReference643
reactome:ProteinReference10680,abstraction:ControlsExpressionOf,reactome:ProteinReference5251
reactome:ProteinReference9701,abstraction:ControlsExpressionOf,reactome:ProteinReference9720
reactome:ProteinReference1063,abstraction:ControlsExpressionOf,reactome:ProteinReference1053
reactome:ProteinReference1070,abstraction:ControlsExpressionOf,reactome:ProteinReference1158
reactome:ProteinReference10922,abstraction:ControlsExpressionOf,reactome:ProteinReference11991
reactome:ProteinReference6278,abstraction:ControlsExpressionOf,reactome:ProteinReference4911
reactome:ProteinReference5239,abstraction:ControlsExpressionOf,reactome:ProteinReference1152
reactome:ProteinReference5136,abstraction:ControlsExpressionOf,reactome:ProteinReference6136
reactome:ProteinReference1067,abstraction:ControlsExpressionOf,reactome:ProteinReference655
reactome:ProteinReference5434,abstraction:ControlsExpressionOf,reactome:ProteinReference7444
reactome:ProteinReference1052,abstraction:ControlsExpressionOf,reactome:ProteinReference705
reactome:ProteinReference1095,abstraction:ControlsExpressionOf,reactome:ProteinReference5139
reactome:ProteinReference1064,abstraction:ControlsExpressionOf,reactome:ProteinReference1080
reactome:ProteinReference1059,abstraction:ControlsExpressionOf,reactome:ProteinReference1081
reactome:ProteinReference2804,abstraction:ControlsExpressionOf,reactome:ProteinReference10383
reactome:ProteinReference5427,abstraction:ControlsExpressionOf,reactome:ProteinReference6692
reactome:ProteinReference5430,abstraction:ControlsExpressionOf,reactome:ProteinReference5364
reactome:ProteinReference1061,abstraction:ControlsExpressionOf,reactome:ProteinReference6179
reactome:ProteinReference1065,abstraction:ControlsExpressionOf,reactome:ProteinReference1197
reactome:ProteinReference10409,abstraction:ControlsExpressionOf,reactome:ProteinReference11912
reactome:ProteinReference5434,abstraction:ControlsExpressionOf,reactome:ProteinReference7739
reactome:ProteinReference1076,abstraction:ControlsExpressionOf,reactome:ProteinReference6148
reactome:ProteinReference10409,abstraction:ControlsExpressionOf,reactome:ProteinReference11733
reactome:ProteinReference1109,abstraction:ControlsExpressionOf,reactome:ProteinReference1349
reactome:ProteinReference1075,abstraction:ControlsExpressionOf,reactome:ProteinReference1640
reactome:ProteinReference8824,abstraction:ControlsExpressionOf,reactome:ProteinReference2167
reactome:ProteinReference10922,abstraction:ControlsExpressionOf,reactome:ProteinReference11923
reactome:ProteinReference1062,abstraction:ControlsExpressionOf,reactome:ProteinReference1140
reactome:ProteinReference5284,abstraction:ControlsExpressionOf,reactome:ProteinReference1372
reactome:ProteinReference5405,abstraction:ControlsExpressionOf,reactome:ProteinReference2059
reactome:ProteinReference7604,abstraction:ControlsExpressionOf,reactome:ProteinReference10827
reactome:ProteinReference2453,abstraction:ControlsExpressionOf,reactome:ProteinReference8632
reactome:ProteinReference10922,abstraction:ControlsExpressionOf,reactome:ProteinReference11787
reactome:ProteinReference11271,abstraction:ControlsExpressionOf,reactome:ProteinReference11948
reactome:ProteinReference1066,abstraction:ControlsExpressionOf,reactome:ProteinReference1083
reactome:ProteinReference9098,abstraction:ControlsExpressionOf,reactome:ProteinReference2581
reactome:ProteinReference8603,abstraction:ControlsExpressionOf,reactome:ProteinReference5336
reactome:ProteinReference9035,abstraction:ControlsExpressionOf,reactome:ProteinReference10825
reactome:ProteinReference5418,abstraction:ControlsExpressionOf,reactome:ProteinReference2581
reactome:ProteinReference11271,abstraction:ControlsExpressionOf,reactome:ProteinReference11800
reactome:ProteinReference1114,abstraction:ControlsExpressionOf,reactome:ProteinReference1346
reactome:ProteinReference1061,abstraction:ControlsExpressionOf,reactome:ProteinReference5036
reactome:ProteinReference5276,abstraction:ControlsExpressionOf,reactome:ProteinReference10854
reactome:ProteinReference4636,abstraction:ControlsExpressionOf,reactome:ProteinReference5907
reactome:ProteinReference8918,abstraction:ControlsExpressionOf,reactome:ProteinReference8907
reactome:ProteinReference1052,abstraction:ControlsExpressionOf,reactome:ProteinReference1082
reactome:ProteinReference1113,abstraction:ControlsExpressionOf,reactome:ProteinReference741
reactome:ProteinReference10922,abstraction:ControlsExpressionOf,reactome:ProteinReference11823
reactome:ProteinReference7503,abstraction:ControlsExpressionOf,reactome:ProteinReference7545
reactome:ProteinReference10409,abstraction:ControlsExpressionOf,reactome:ProteinReference11747
reactome:ProteinReference11274,abstraction:ControlsExpressionOf,reactome:ProteinReference1124
reactome:ProteinReference4554,abstraction:ControlsExpressionOf,reactome:ProteinReference1402
reactome:ProteinReference2528,abstraction:ControlsExpressionOf,reactome:ProteinReference8632
reactome:ProteinReference7571,abstraction:ControlsExpressionOf,reactome:ProteinReference4641
reactome:ProteinReference1106,abstraction:ControlsExpressionOf,reactome:ProteinReference655
reactome:ProteinReference1086,abstraction:ControlsExpressionOf,reactome:ProteinReference1162
reactome:ProteinReference4554,abstraction:ControlsExpressionOf,reactome:ProteinReference1349
reactome:ProteinReference1121,abstraction:ControlsExpressionOf,reactome:ProteinReference10580
reactome:ProteinReference706,abstraction:ControlsExpressionOf,reactome:ProteinReference676
reactome:ProteinReference6861,abstraction:ControlsExpressionOf,reactome:ProteinReference4777
reactome:ProteinReference7596,abstraction:ControlsExpressionOf,reactome:ProteinReference661
reactome:ProteinReference10922,abstraction:ControlsExpressionOf,reactome:ProteinReference11766
reactome:ProteinReference11271,abstraction:ControlsExpressionOf,reactome:ProteinReference11842
reactome:ProteinReference9925,abstraction:ControlsExpressionOf,reactome:ProteinReference8191
reactome:ProteinReference707,abstraction:ControlsExpressionOf,reactome:ProteinReference647
reactome:ProteinReference8604,abstraction:ControlsExpressionOf,reactome:ProteinReference10383
reactome:ProteinReference1124,abstraction:ControlsExpressionOf,reactome:ProteinReference9057
reactome:ProteinReference8283,abstraction:ControlsExpressionOf,reactome:ProteinReference6140
reactome:ProteinReference1123,abstraction:ControlsExpressionOf,reactome:ProteinReference1087
reactome:ProteinReference8607,abstraction:ControlsExpressionOf,reactome:ProteinReference10384
reactome:ProteinReference1067,abstraction:ControlsExpressionOf,reactome:ProteinReference1138
reactome:ProteinReference9923,abstraction:ControlsExpressionOf,reactome:ProteinReference8308
reactome:ProteinReference1066,abstraction:ControlsExpressionOf,reactome:ProteinReference1744
reactome:ProteinReference1065,abstraction:ControlsExpressionOf,reactome:ProteinReference33
reactome:ProteinReference5245,abstraction:ControlsExpressionOf,reactome:ProteinReference10577
reactome:ProteinReference4550,abstraction:ControlsExpressionOf,reactome:ProteinReference1152
reactome:ProteinReference10409,abstraction:ControlsExpressionOf,reactome:ProteinReference11761
reactome:ProteinReference1112,abstraction:ControlsExpressionOf,reactome:ProteinReference10581
reactome:ProteinReference5431,abstraction:ControlsExpressionOf,reactome:ProteinReference8287
reactome:ProteinReference11256,abstraction:ControlsExpressionOf,reactome:ProteinReference7200
reactome:ProteinReference10681,abstraction:ControlsExpressionOf,reactome:ProteinReference10530
reactome:ProteinReference5942,abstraction:ControlsExpressionOf,reactome:ProteinReference6181
reactome:ProteinReference6769,abstraction:ControlsExpressionOf,reactome:ProteinReference7551
reactome:ProteinReference6278,abstraction:ControlsExpressionOf,reactome:ProteinReference9188
reactome:ProteinReference2787,abstraction:ControlsExpressionOf,reactome:ProteinReference4423
reactome:ProteinReference10922,abstraction:ControlsExpressionOf,reactome:ProteinReference11958
reactome:ProteinReference6150,abstraction:ControlsExpressionOf,reactome:ProteinReference5254
reactome:ProteinReference2463,abstraction:ControlsExpressionOf,reactome:ProteinReference8632
reactome:ProteinReference1074,abstraction:ControlsExpressionOf,reactome:ProteinReference1651
reactome:ProteinReference1114,abstraction:ControlsExpressionOf,reactome:ProteinReference1126
reactome:ProteinReference10409,abstraction:ControlsExpressionOf,reactome:ProteinReference11985
reactome:ProteinReference11271,abstraction:ControlsExpressionOf,reactome:ProteinReference12006
reactome:ProteinReference4530,abstraction:ControlsExpressionOf,reactome:ProteinReference10577
reactome:ProteinReference4525,abstraction:ControlsExpressionOf,reactome:ProteinReference7714
reactome:ProteinReference10348,abstraction:ControlsExpressionOf,reactome:ProteinReference3931
reactome:ProteinReference4564,abstraction:ControlsExpressionOf,reactome:ProteinReference7541
reactome:ProteinReference2796,abstraction:ControlsExpressionOf,reactome:ProteinReference8322
reactome:ProteinReference6244,abstraction:ControlsExpressionOf,reactome:ProteinReference6260
reactome:ProteinReference1064,abstraction:ControlsExpressionOf,reactome:ProteinReference1268
reactome:ProteinReference7597,abstraction:ControlsExpressionOf,reactome:ProteinReference661
reactome:ProteinReference8611,abstraction:ControlsExpressionOf,reactome:ProteinReference10384
reactome:ProteinReference5431,abstraction:ControlsExpressionOf,reactome:ProteinReference8286
reactome:ProteinReference4549,abstraction:ControlsExpressionOf,reactome:ProteinReference1347
reactome:ProteinReference1111,abstraction:ControlsExpressionOf,reactome:ProteinReference1844
reactome:ProteinReference2804,abstraction:ControlsExpressionOf,reactome:ProteinReference5336
reactome:ProteinReference1133,abstraction:ControlsExpressionOf,reactome:ProteinReference1130
reactome:ProteinReference9093,abstraction:ControlsExpressionOf,reactome:ProteinReference2581
reactome:ProteinReference9785,abstraction:ControlsExpressionOf,reactome:ProteinReference6921
reactome:ProteinReference10922,abstraction:ControlsExpressionOf,reactome:ProteinReference11637
reactome:ProteinReference9779,abstraction:ControlsExpressionOf,reactome:ProteinReference8195
reactome:ProteinReference10573,abstraction:ControlsExpressionOf,reactome:ProteinReference1162
reactome:ProteinReference8286,abstraction:ControlsExpressionOf,reactome:ProteinReference1124
reactome:ProteinReference1066,abstraction:ControlsExpressionOf,reactome:ProteinReference1146
reactome:ProteinReference1064,abstraction:ControlsExpressionOf,reactome:ProteinReference1129
reactome:ProteinReference8824,abstraction:ControlsExpressionOf,reactome:ProteinReference9705
reactome:ProteinReference5154,abstraction:ControlsExpressionOf,reactome:ProteinReference5273
reactome:ProteinReference10572,abstraction:ControlsExpressionOf,reactome:ProteinReference1197
reactome:ProteinReference9053,abstraction:ControlsExpressionOf,reactome:ProteinReference1402
reactome:ProteinReference6243,abstraction:ControlsExpressionOf,reactome:ProteinReference4114
reactome:ProteinReference3891,abstraction:ControlsExpressionOf,reactome:ProteinReference3452
reactome:ProteinReference11256,abstraction:ControlsExpressionOf,reactome:ProteinReference3506
reactome:ProteinReference7573,abstraction:ControlsExpressionOf,reactome:ProteinReference4641
reactome:ProteinReference11271,abstraction:ControlsExpressionOf,reactome:ProteinReference11848
reactome:ProteinReference4561,abstraction:ControlsExpressionOf,reactome:ProteinReference1151
reactome:ProteinReference1066,abstraction:ControlsExpressionOf,reactome:ProteinReference1125
reactome:ProteinReference9053,abstraction:ControlsExpressionOf,reactome:ProteinReference1349
reactome:ProteinReference10922,abstraction:ControlsExpressionOf,reactome:ProteinReference11701
reactome:ProteinReference10409,abstraction:ControlsExpressionOf,reactome:ProteinReference11795
reactome:ProteinReference10922,abstraction:ControlsExpressionOf,reactome:ProteinReference11941
reactome:ProteinReference4549,abstraction:ControlsExpressionOf,reactome:ProteinReference10577
reactome:ProteinReference9926,abstraction:ControlsExpressionOf,reactome:ProteinReference8191
reactome:ProteinReference9960,abstraction:ControlsExpressionOf,reactome:ProteinReference6081
reactome:ProteinReference10578,abstraction:ControlsExpressionOf,reactome:ProteinReference661
reactome:ProteinReference4523,abstraction:ControlsExpressionOf,reactome:ProteinReference1151
reactome:ProteinReference6774,abstraction:ControlsExpressionOf,reactome:ProteinReference6785
reactome:ProteinReference11271,abstraction:ControlsExpressionOf,reactome:ProteinReference11691
reactome:ProteinReference10409,abstraction:ControlsExpressionOf,reactome:ProteinReference11746
reactome:ProteinReference1059,abstraction:ControlsExpressionOf,reactome:ProteinReference1138
reactome:ProteinReference7571,abstraction:ControlsExpressionOf,reactome:ProteinReference11256
reactome:ProteinReference1075,abstraction:ControlsExpressionOf,reactome:ProteinReference1172
reactome:ProteinReference10382,abstraction:ControlsExpressionOf,reactome:ProteinReference5291
reactome:ProteinReference10409,abstraction:ControlsExpressionOf,reactome:ProteinReference11946
reactome:ProteinReference4580,abstraction:ControlsExpressionOf,reactome:ProteinReference5163
reactome:ProteinReference4553,abstraction:ControlsExpressionOf,reactome:ProteinReference1162
reactome:ProteinReference2803,abstraction:ControlsExpressionOf,reactome:ProteinReference10384
reactome:ProteinReference1123,abstraction:ControlsExpressionOf,reactome:ProteinReference1082
reactome:ProteinReference2800,abstraction:ControlsExpressionOf,reactome:ProteinReference5291
reactome:ProteinReference7504,abstraction:ControlsExpressionOf,reactome:ProteinReference7557
reactome:ProteinReference1104,abstraction:ControlsExpressionOf,reactome:ProteinReference10580
reactome:ProteinReference2795,abstraction:ControlsExpressionOf,reactome:ProteinReference4438
reactome:ProteinReference8823,abstraction:ControlsExpressionOf,reactome:ProteinReference9720
reactome:ProteinReference5427,abstraction:ControlsExpressionOf,reactome:ProteinReference7444
reactome:ProteinReference6278,abstraction:ControlsExpressionOf,reactome:ProteinReference9927
reactome:ProteinReference1065,abstraction:ControlsExpressionOf,reactome:ProteinReference1402
reactome:ProteinReference1100,abstraction:ControlsExpressionOf,reactome:ProteinReference10577
reactome:ProteinReference11315,abstraction:ControlsExpressionOf,reactome:ProteinReference6081
reactome:ProteinReference6861,abstraction:ControlsExpressionOf,reactome:ProteinReference8834
reactome:ProteinReference8604,abstraction:ControlsExpressionOf,reactome:ProteinReference5336
reactome:ProteinReference11271,abstraction:ControlsExpressionOf,reactome:ProteinReference11971
reactome:ProteinReference9780,abstraction:ControlsExpressionOf,reactome:ProteinReference6179
reactome:ProteinReference7826,abstraction:ControlsExpressionOf,reactome:ProteinReference6193
reactome:ProteinReference2519,abstraction:ControlsExpressionOf,reactome:ProteinReference8632
reactome:ProteinReference6278,abstraction:ControlsExpressionOf,reactome:ProteinReference5073
reactome:ProteinReference1065,abstraction:ControlsExpressionOf,reactome:ProteinReference1349
reactome:ProteinReference1122,abstraction:ControlsExpressionOf,reactome:ProteinReference1351
reactome:ProteinReference10409,abstraction:ControlsExpressionOf,reactome:ProteinReference11698
reactome:ProteinReference1089,abstraction:ControlsExpressionOf,reactome:ProteinReference5139
reactome:ProteinReference1098,abstraction:ControlsExpressionOf,reactome:ProteinReference1188
reactome:ProteinReference6278,abstraction:ControlsExpressionOf,reactome:ProteinReference10459
reactome:ProteinReference5427,abstraction:ControlsExpressionOf,reactome:ProteinReference7739
reactome:ProteinReference5434,abstraction:ControlsExpressionOf,reactome:ProteinReference707
reactome:ProteinReference2850,abstraction:ControlsExpressionOf,reactome:ProteinReference7726
reactome:ProteinReference1079,abstraction:ControlsExpressionOf,reactome:ProteinReference16
reactome:ProteinReference5277,abstraction:ControlsExpressionOf,reactome:ProteinReference10826
reactome:ProteinReference4589,abstraction:ControlsExpressionOf,reactome:ProteinReference6074
reactome:ProteinReference1061,abstraction:ControlsExpressionOf,reactome:ProteinReference1139
reactome:ProteinReference1132,abstraction:ControlsExpressionOf,reactome:ProteinReference2245
reactome:ProteinReference1068,abstraction:ControlsExpressionOf,reactome:ProteinReference1159
reactome:ProteinReference1060,abstraction:ControlsExpressionOf,reactome:ProteinReference1151
reactome:ProteinReference5244,abstraction:ControlsExpressionOf,reactome:ProteinReference661
reactome:ProteinReference1066,abstraction:ControlsExpressionOf,reactome:ProteinReference1053
reactome:ProteinReference9141,abstraction:ControlsExpressionOf,reactome:ProteinReference3124
reactome:ProteinReference7859,abstraction:ControlsExpressionOf,reactome:ProteinReference1053
reactome:ProteinReference11271,abstraction:ControlsExpressionOf,reactome:ProteinReference11645
reactome:ProteinReference10922,abstraction:ControlsExpressionOf,reactome:ProteinReference11979
reactome:ProteinReference10922,abstraction:ControlsExpressionOf,reactome:ProteinReference11929
reactome:ProteinReference5429,abstraction:ControlsExpressionOf,reactome:ProteinReference7510
reactome:ProteinReference11271,abstraction:ControlsExpressionOf,reactome:ProteinReference11634
reactome:ProteinReference2793,abstraction:ControlsExpressionOf,reactome:ProteinReference4423
reactome:ProteinReference11271,abstraction:ControlsExpressionOf,reactome:ProteinReference11722
reactome:ProteinReference11271,abstraction:ControlsExpressionOf,reactome:ProteinReference11815
reactome:ProteinReference10347,abstraction:ControlsExpressionOf,reactome:ProteinReference7326
reactome:ProteinReference6861,abstraction:ControlsExpressionOf,reactome:ProteinReference9706
reactome:ProteinReference4552,abstraction:ControlsExpressionOf,reactome:ProteinReference1197
reactome:ProteinReference6128,abstraction:ControlsExpressionOf,reactome:ProteinReference6139
reactome:ProteinReference11271,abstraction:ControlsExpressionOf,reactome:ProteinReference11662
reactome:ProteinReference5284,abstraction:ControlsExpressionOf,reactome:ProteinReference1126
reactome:ProteinReference1122,abstraction:ControlsExpressionOf,reactome:ProteinReference1807
reactome:ProteinReference10409,abstraction:ControlsExpressionOf,reactome:ProteinReference11880
reactome:ProteinReference5243,abstraction:ControlsExpressionOf,reactome:ProteinReference1268
reactome:ProteinReference10409,abstraction:ControlsExpressionOf,reactome:ProteinReference11918
reactome:ProteinReference1099,abstraction:ControlsExpressionOf,reactome:ProteinReference1351
reactome:ProteinReference10577,abstraction:ControlsExpressionOf,reactome:ProteinReference1347
reactome:ProteinReference2553,abstraction:ControlsExpressionOf,reactome:ProteinReference2544
reactome:ProteinReference5285,abstraction:ControlsExpressionOf,reactome:ProteinReference7714
reactome:ProteinReference1999,abstraction:ControlsExpressionOf,reactome:ProteinReference1988
reactome:ProteinReference1088,abstraction:ControlsExpressionOf,reactome:ProteinReference10580
reactome:ProteinReference10922,abstraction:ControlsExpressionOf,reactome:ProteinReference11836
reactome:ProteinReference1065,abstraction:ControlsExpressionOf,reactome:ProteinReference1149
reactome:ProteinReference1052,abstraction:ControlsExpressionOf,reactome:ProteinReference1081
reactome:ProteinReference8982,abstraction:ControlsExpressionOf,reactome:ProteinReference1347
reactome:ProteinReference11256,abstraction:ControlsExpressionOf,reactome:ProteinReference411
reactome:ProteinReference6080,abstraction:ControlsExpressionOf,reactome:ProteinReference10404
reactome:ProteinReference1113,abstraction:ControlsExpressionOf,reactome:ProteinReference10580
reactome:ProteinReference10922,abstraction:ControlsExpressionOf,reactome:ProteinReference11652
reactome:ProteinReference6244,abstraction:ControlsExpressionOf,reactome:ProteinReference6262
reactome:ProteinReference11259,abstraction:ControlsExpressionOf,reactome:ProteinReference3598
reactome:ProteinReference2508,abstraction:ControlsExpressionOf,reactome:ProteinReference8632
reactome:ProteinReference9701,abstraction:ControlsExpressionOf,reactome:ProteinReference9710
reactome:ProteinReference10372,abstraction:ControlsExpressionOf,reactome:ProteinReference6081
reactome:ProteinReference5395,abstraction:ControlsExpressionOf,reactome:ProteinReference5165
reactome:ProteinReference5405,abstraction:ControlsExpressionOf,reactome:ProteinReference1053
reactome:ProteinReference6159,abstraction:ControlsExpressionOf,reactome:ProteinReference1123
reactome:ProteinReference1992,abstraction:ControlsExpressionOf,reactome:ProteinReference1988
reactome:ProteinReference6861,abstraction:ControlsExpressionOf,reactome:ProteinReference9247
reactome:ProteinReference1069,abstraction:ControlsExpressionOf,reactome:ProteinReference1156
reactome:ProteinReference6945,abstraction:ControlsExpressionOf,reactome:ProteinReference4438
reactome:ProteinReference1111,abstraction:ControlsExpressionOf,reactome:ProteinReference1337
reactome:ProteinReference1061,abstraction:ControlsExpressionOf,reactome:ProteinReference1151
reactome:ProteinReference8982,abstraction:ControlsExpressionOf,reactome:ProteinReference10577
reactome:ProteinReference11256,abstraction:ControlsExpressionOf,reactome:ProteinReference11266
reactome:ProteinReference8982,abstraction:ControlsExpressionOf,reactome:ProteinReference3539
reactome:ProteinReference5432,abstraction:ControlsExpressionOf,reactome:ProteinReference175
reactome:ProteinReference10572,abstraction:ControlsExpressionOf,reactome:ProteinReference1402
reactome:ProteinReference1098,abstraction:ControlsExpressionOf,reactome:ProteinReference1339
reactome:ProteinReference1060,abstraction:ControlsExpressionOf,reactome:ProteinReference666
reactome:ProteinReference1088,abstraction:ControlsExpressionOf,reactome:ProteinReference5909
reactome:ProteinReference1099,abstraction:ControlsExpressionOf,reactome:ProteinReference1807
reactome:ProteinReference6136,abstraction:ControlsExpressionOf,reactome:ProteinReference5078
reactome:ProteinReference9807,abstraction:ControlsExpressionOf,reactome:ProteinReference3884
reactome:ProteinReference10409,abstraction:ControlsExpressionOf,reactome:ProteinReference11778
reactome:ProteinReference1079,abstraction:ControlsExpressionOf,reactome:ProteinReference741
reactome:ProteinReference10572,abstraction:ControlsExpressionOf,reactome:ProteinReference1349
reactome:ProteinReference9080,abstraction:ControlsExpressionOf,reactome:ProteinReference2585
reactome:ProteinReference6082,abstraction:ControlsExpressionOf,reactome:ProteinReference4453
reactome:ProteinReference11278,abstraction:ControlsExpressionOf,reactome:ProteinReference7053
reactome:ProteinReference3891,abstraction:ControlsExpressionOf,reactome:ProteinReference5277
reactome:ProteinReference1062,abstraction:ControlsExpressionOf,reactome:ProteinReference1155
reactome:ProteinReference1099,abstraction:ControlsExpressionOf,reactome:ProteinReference661
reactome:ProteinReference4457,abstraction:ControlsExpressionOf,reactome:ProteinReference10443
reactome:ProteinReference4551,abstraction:ControlsExpressionOf,reactome:ProteinReference1807
reactome:ProteinReference6774,abstraction:ControlsExpressionOf,reactome:ProteinReference6136
reactome:ProteinReference175,abstraction:ControlsExpressionOf,reactome:ProteinReference7763
reactome:ProteinReference5395,abstraction:ControlsExpressionOf,reactome:ProteinReference10854
reactome:ProteinReference1105,abstraction:ControlsExpressionOf,reactome:ProteinReference1151
reactome:ProteinReference1096,abstraction:ControlsExpressionOf,reactome:ProteinReference1372
reactome:ProteinReference7826,abstraction:ControlsExpressionOf,reactome:ProteinReference7104
reactome:ProteinReference6952,abstraction:ControlsExpressionOf,reactome:ProteinReference8104
reactome:ProteinReference4551,abstraction:ControlsExpressionOf,reactome:ProteinReference661
reactome:ProteinReference11043,abstraction:ControlsExpressionOf,reactome:ProteinReference1799
reactome:ProteinReference10922,abstraction:ControlsExpressionOf,reactome:ProteinReference11903
reactome:ProteinReference1088,abstraction:ControlsExpressionOf,reactome:ProteinReference10578
reactome:ProteinReference5003,abstraction:ControlsExpressionOf,reactome:ProteinReference1844
reactome:ProteinReference1107,abstraction:ControlsExpressionOf,reactome:ProteinReference10581
reactome:ProteinReference1052,abstraction:ControlsExpressionOf,reactome:ProteinReference655
reactome:ProteinReference6875,abstraction:ControlsExpressionOf,reactome:ProteinReference6899
reactome:ProteinReference1070,abstraction:ControlsExpressionOf,reactome:ProteinReference1156
reactome:ProteinReference10922,abstraction:ControlsExpressionOf,reactome:ProteinReference11944
reactome:ProteinReference8602,abstraction:ControlsExpressionOf,reactome:ProteinReference6855
reactome:ProteinReference5284,abstraction:ControlsExpressionOf,reactome:ProteinReference3539
reactome:ProteinReference2789,abstraction:ControlsExpressionOf,reactome:ProteinReference10384
reactome:ProteinReference4413,abstraction:ControlsExpressionOf,reactome:ProteinReference8289
reactome:ProteinReference10922,abstraction:ControlsExpressionOf,reactome:ProteinReference11956
reactome:ProteinReference5389,abstraction:ControlsExpressionOf,reactome:ProteinReference2585
reactome:ProteinReference1052,abstraction:ControlsExpressionOf,reactome:ProteinReference1346
reactome:ProteinReference10409,abstraction:ControlsExpressionOf,reactome:ProteinReference11647
reactome:ProteinReference11012,abstraction:ControlsExpressionOf,reactome:ProteinReference5163
reactome:ProteinReference1063,abstraction:ControlsExpressionOf,reactome:ProteinReference1140
reactome:ProteinReference4580,abstraction:ControlsExpressionOf,reactome:ProteinReference5282
reactome:ProteinReference4558,abstraction:ControlsExpressionOf,reactome:ProteinReference10580
reactome:ProteinReference4548,abstraction:ControlsExpressionOf,reactome:ProteinReference1082
reactome:ProteinReference4526,abstraction:ControlsExpressionOf,reactome:ProteinReference1347
reactome:ProteinReference8286,abstraction:ControlsExpressionOf,reactome:ProteinReference7301
reactome:ProteinReference3487,abstraction:ControlsExpressionOf,reactome:ProteinReference10852
reactome:ProteinReference1102,abstraction:ControlsExpressionOf,reactome:ProteinReference1151
reactome:ProteinReference1061,abstraction:ControlsExpressionOf,reactome:ProteinReference4590
reactome:ProteinReference8824,abstraction:ControlsExpressionOf,reactome:ProteinReference3067
reactome:ProteinReference1108,abstraction:ControlsExpressionOf,reactome:ProteinReference1151
reactome:ProteinReference9047,abstraction:ControlsExpressionOf,reactome:ProteinReference661
reactome:ProteinReference1094,abstraction:ControlsExpressionOf,reactome:ProteinReference1807
reactome:ProteinReference5428,abstraction:ControlsExpressionOf,reactome:ProteinReference10466
reactome:ProteinReference2958,abstraction:ControlsExpressionOf,reactome:ProteinReference8907
reactome:ProteinReference7505,abstraction:ControlsExpressionOf,reactome:ProteinReference7546
reactome:ProteinReference1094,abstraction:ControlsExpressionOf,reactome:ProteinReference661
reactome:ProteinReference10922,abstraction:ControlsExpressionOf,reactome:ProteinReference12032
reactome:ProteinReference2835,abstraction:ControlsExpressionOf,reactome:ProteinReference9057
reactome:ProteinReference1998,abstraction:ControlsExpressionOf,reactome:ProteinReference1988
reactome:ProteinReference5427,abstraction:ControlsExpressionOf,reactome:ProteinReference707
reactome:ProteinReference11271,abstraction:ControlsExpressionOf,reactome:ProteinReference12001
reactome:ProteinReference4557,abstraction:ControlsExpressionOf,reactome:ProteinReference1339
reactome:ProteinReference11278,abstraction:ControlsExpressionOf,reactome:ProteinReference11279
reactome:ProteinReference10922,abstraction:ControlsExpressionOf,reactome:ProteinReference11683
reactome:ProteinReference1068,abstraction:ControlsExpressionOf,reactome:ProteinReference327
reactome:ProteinReference5285,abstraction:ControlsExpressionOf,reactome:ProteinReference1372
reactome:ProteinReference1088,abstraction:ControlsExpressionOf,reactome:ProteinReference2098
reactome:ProteinReference4526,abstraction:ControlsExpressionOf,reactome:ProteinReference3539
reactome:ProteinReference5409,abstraction:ControlsExpressionOf,reactome:ProteinReference5105
reactome:ProteinReference10466,abstraction:ControlsExpressionOf,reactome:ProteinReference6097
reactome:ProteinReference4550,abstraction:ControlsExpressionOf,reactome:ProteinReference10580
reactome:ProteinReference4527,abstraction:ControlsExpressionOf,reactome:ProteinReference1268
reactome:ProteinReference10466,abstraction:ControlsExpressionOf,reactome:ProteinReference2245
reactome:ProteinReference10409,abstraction:ControlsExpressionOf,reactome:ProteinReference11804
reactome:ProteinReference10409,abstraction:ControlsExpressionOf,reactome:ProteinReference11710
reactome:ProteinReference1124,abstraction:ControlsExpressionOf,reactome:ProteinReference1349
reactome:ProteinReference4552,abstraction:ControlsExpressionOf,reactome:ProteinReference1402
reactome:ProteinReference1064,abstraction:ControlsExpressionOf,reactome:ProteinReference1162
reactome:ProteinReference6946,abstraction:ControlsExpressionOf,reactome:ProteinReference5907
reactome:ProteinReference1063,abstraction:ControlsExpressionOf,reactome:ProteinReference1351
reactome:ProteinReference9096,abstraction:ControlsExpressionOf,reactome:ProteinReference2581
reactome:ProteinReference1112,abstraction:ControlsExpressionOf,reactome:ProteinReference741
reactome:ProteinReference11256,abstraction:ControlsExpressionOf,reactome:ProteinReference7604
reactome:ProteinReference4552,abstraction:ControlsExpressionOf,reactome:ProteinReference1349
reactome:ProteinReference6137,abstraction:ControlsExpressionOf,reactome:ProteinReference6139
reactome:ProteinReference5431,abstraction:ControlsExpressionOf,reactome:ProteinReference653
reactome:ProteinReference5434,abstraction:ControlsExpressionOf,reactome:ProteinReference5364
reactome:ProteinReference1052,abstraction:ControlsExpressionOf,reactome:ProteinReference1138
reactome:ProteinReference10409,abstraction:ControlsExpressionOf,reactome:ProteinReference12018
reactome:ProteinReference4559,abstraction:ControlsExpressionOf,reactome:ProteinReference6180
reactome:ProteinReference8830,abstraction:ControlsExpressionOf,reactome:ProteinReference5921
reactome:ProteinReference9807,abstraction:ControlsExpressionOf,reactome:ProteinReference5732
reactome:ProteinReference4548,abstraction:ControlsExpressionOf,reactome:ProteinReference1188
reactome:ProteinReference5284,abstraction:ControlsExpressionOf,reactome:ProteinReference1744
reactome:ProteinReference3891,abstraction:ControlsExpressionOf,reactome:ProteinReference4303
reactome:ProteinReference5242,abstraction:ControlsExpressionOf,reactome:ProteinReference10578
reactome:ProteinReference1068,abstraction:ControlsExpressionOf,reactome:ProteinReference1143
reactome:ProteinReference7598,abstraction:ControlsExpressionOf,reactome:ProteinReference3539
reactome:ProteinReference11314,abstraction:ControlsExpressionOf,reactome:ProteinReference6952
reactome:ProteinReference10409,abstraction:ControlsExpressionOf,reactome:ProteinReference11869
reactome:ProteinReference4557,abstraction:ControlsExpressionOf,reactome:ProteinReference3577
reactome:ProteinReference5908,abstraction:ControlsExpressionOf,reactome:ProteinReference5921
reactome:ProteinReference6244,abstraction:ControlsExpressionOf,reactome:ProteinReference4054
reactome:ProteinReference10829,abstraction:ControlsExpressionOf,reactome:ProteinReference5406
reactome:ProteinReference1086,abstraction:ControlsExpressionOf,reactome:ProteinReference1123
reactome:ProteinReference175,abstraction:ControlsExpressionOf,reactome:ProteinReference5653
reactome:ProteinReference2790,abstraction:ControlsExpressionOf,reactome:ProteinReference8322
reactome:ProteinReference8605,abstraction:ControlsExpressionOf,reactome:ProteinReference8322
reactome:ProteinReference5395,abstraction:ControlsExpressionOf,reactome:ProteinReference5662
reactome:ProteinReference8830,abstraction:ControlsExpressionOf,reactome:ProteinReference5919
reactome:ProteinReference1053,abstraction:ControlsExpressionOf,reactome:ProteinReference1159
reactome:ProteinReference1091,abstraction:ControlsExpressionOf,reactome:ProteinReference4149
reactome:ProteinReference1068,abstraction:ControlsExpressionOf,reactome:ProteinReference643
reactome:ProteinReference10409,abstraction:ControlsExpressionOf,reactome:ProteinReference11696
reactome:ProteinReference1123,abstraction:ControlsExpressionOf,reactome:ProteinReference655
reactome:ProteinReference10350,abstraction:ControlsExpressionOf,reactome:ProteinReference11016
reactome:ProteinReference1106,abstraction:ControlsExpressionOf,reactome:ProteinReference10581
reactome:ProteinReference6774,abstraction:ControlsExpressionOf,reactome:ProteinReference10989
reactome:ProteinReference1063,abstraction:ControlsExpressionOf,reactome:ProteinReference1807
reactome:ProteinReference1086,abstraction:ControlsExpressionOf,reactome:ProteinReference1151
reactome:ProteinReference6786,abstraction:ControlsExpressionOf,reactome:ProteinReference6787
reactome:ProteinReference5908,abstraction:ControlsExpressionOf,reactome:ProteinReference5919
reactome:ProteinReference10409,abstraction:ControlsExpressionOf,reactome:ProteinReference11769
reactome:ProteinReference4580,abstraction:ControlsExpressionOf,reactome:ProteinReference5274
reactome:ProteinReference8823,abstraction:ControlsExpressionOf,reactome:ProteinReference9710
reactome:ProteinReference1123,abstraction:ControlsExpressionOf,reactome:ProteinReference1346
reactome:ProteinReference9701,abstraction:ControlsExpressionOf,reactome:ProteinReference8832
reactome:ProteinReference4526,abstraction:ControlsExpressionOf,reactome:ProteinReference1744
reactome:ProteinReference4556,abstraction:ControlsExpressionOf,reactome:ProteinReference1347
reactome:ProteinReference5393,abstraction:ControlsExpressionOf,reactome:ProteinReference10847
reactome:ProteinReference10922,abstraction:ControlsExpressionOf,reactome:ProteinReference12021
reactome:ProteinReference4523,abstraction:ControlsExpressionOf,reactome:ProteinReference10577
reactome:ProteinReference1064,abstraction:ControlsExpressionOf,reactome:ProteinReference1071
reactome:ProteinReference1064,abstraction:ControlsExpressionOf,reactome:ProteinReference2672
reactome:ProteinReference10922,abstraction:ControlsExpressionOf,reactome:ProteinReference11874
reactome:ProteinReference10409,abstraction:ControlsExpressionOf,reactome:ProteinReference11894
reactome:ProteinReference5433,abstraction:ControlsExpressionOf,reactome:ProteinReference3598
reactome:ProteinReference10409,abstraction:ControlsExpressionOf,reactome:ProteinReference11672
reactome:ProteinReference5003,abstraction:ControlsExpressionOf,reactome:ProteinReference1337
reactome:ProteinReference4548,abstraction:ControlsExpressionOf,reactome:ProteinReference7502
reactome:ProteinReference1132,abstraction:ControlsExpressionOf,reactome:ProteinReference5963
reactome:ProteinReference11271,abstraction:ControlsExpressionOf,reactome:ProteinReference11757
reactome:ProteinReference1142,abstraction:ControlsExpressionOf,reactome:ProteinReference1146
reactome:ProteinReference4556,abstraction:ControlsExpressionOf,reactome:ProteinReference10577
reactome:ProteinReference10409,abstraction:ControlsExpressionOf,reactome:ProteinReference11708
reactome:ProteinReference2791,abstraction:ControlsExpressionOf,reactome:ProteinReference6855
reactome:ProteinReference8609,abstraction:ControlsExpressionOf,reactome:ProteinReference4438
reactome:ProteinReference10409,abstraction:ControlsExpressionOf,reactome:ProteinReference11986
reactome:ProteinReference11271,abstraction:ControlsExpressionOf,reactome:ProteinReference11991
reactome:ProteinReference10811,abstraction:ControlsExpressionOf,reactome:ProteinReference10815
reactome:ProteinReference8824,abstraction:ControlsExpressionOf,reactome:ProteinReference8564
reactome:ProteinReference4556,abstraction:ControlsExpressionOf,reactome:ProteinReference3539
reactome:ProteinReference8783,abstraction:ControlsExpressionOf,reactome:ProteinReference5909
reactome:ProteinReference4521,abstraction:ControlsExpressionOf,reactome:ProteinReference1337
reactome:ProteinReference2791,abstraction:ControlsExpressionOf,reactome:ProteinReference10383
reactome:ProteinReference2776,abstraction:ControlsExpressionOf,reactome:ProteinReference10384
reactome:ProteinReference7503,abstraction:ControlsExpressionOf,reactome:ProteinReference4641
reactome:ProteinReference5408,abstraction:ControlsExpressionOf,reactome:ProteinReference5907
reactome:ProteinReference4525,abstraction:ControlsExpressionOf,reactome:ProteinReference1347
reactome:ProteinReference6244,abstraction:ControlsExpressionOf,reactome:ProteinReference6247
reactome:ProteinReference6080,abstraction:ControlsExpressionOf,reactome:ProteinReference2110
reactome:ProteinReference6944,abstraction:ControlsExpressionOf,reactome:ProteinReference10383
reactome:ProteinReference1060,abstraction:ControlsExpressionOf,reactome:ProteinReference10
reactome:ProteinReference10922,abstraction:ControlsExpressionOf,reactome:ProteinReference11734
reactome:ProteinReference5409,abstraction:ControlsExpressionOf,reactome:ProteinReference5907
reactome:ProteinReference10573,abstraction:ControlsExpressionOf,reactome:ProteinReference1151
reactome:ProteinReference5405,abstraction:ControlsExpressionOf,reactome:ProteinReference8294
reactome:ProteinReference1096,abstraction:ControlsExpressionOf,reactome:ProteinReference1126
reactome:ProteinReference9779,abstraction:ControlsExpressionOf,reactome:ProteinReference8963
reactome:ProteinReference8603,abstraction:ControlsExpressionOf,reactome:ProteinReference4423
reactome:ProteinReference11271,abstraction:ControlsExpressionOf,reactome:ProteinReference11923
reactome:ProteinReference10922,abstraction:ControlsExpressionOf,reactome:ProteinReference11728
reactome:ProteinReference3891,abstraction:ControlsExpressionOf,reactome:ProteinReference3570
reactome:ProteinReference10922,abstraction:ControlsExpressionOf,reactome:ProteinReference11664
reactome:ProteinReference5243,abstraction:ControlsExpressionOf,reactome:ProteinReference1162
reactome:ProteinReference11271,abstraction:ControlsExpressionOf,reactome:ProteinReference11772
reactome:ProteinReference11271,abstraction:ControlsExpressionOf,reactome:ProteinReference11787
reactome:ProteinReference10922,abstraction:ControlsExpressionOf,reactome:ProteinReference12013
reactome:ProteinReference5395,abstraction:ControlsExpressionOf,reactome:ProteinReference1718
reactome:ProteinReference10922,abstraction:ControlsExpressionOf,reactome:ProteinReference11895
reactome:ProteinReference7506,abstraction:ControlsExpressionOf,reactome:ProteinReference7550
reactome:ProteinReference1107,abstraction:ControlsExpressionOf,reactome:ProteinReference1152
reactome:ProteinReference1068,abstraction:ControlsExpressionOf,reactome:ProteinReference1158
reactome:ProteinReference2553,abstraction:ControlsExpressionOf,reactome:ProteinReference10367
reactome:ProteinReference4525,abstraction:ControlsExpressionOf,reactome:ProteinReference3539
reactome:ProteinReference6117,abstraction:ControlsExpressionOf,reactome:ProteinReference5078
reactome:ProteinReference10409,abstraction:ControlsExpressionOf,reactome:ProteinReference11919
reactome:ProteinReference10409,abstraction:ControlsExpressionOf,reactome:ProteinReference11915
reactome:ProteinReference1115,abstraction:ControlsExpressionOf,reactome:ProteinReference1351
reactome:ProteinReference5430,abstraction:ControlsExpressionOf,reactome:ProteinReference175
reactome:ProteinReference1088,abstraction:ControlsExpressionOf,reactome:ProteinReference7560
reactome:ProteinReference4553,abstraction:ControlsExpressionOf,reactome:ProteinReference1151
reactome:ProteinReference1069,abstraction:ControlsExpressionOf,reactome:ProteinReference1139
reactome:ProteinReference11256,abstraction:ControlsExpressionOf,reactome:ProteinReference4108
reactome:ProteinReference2001,abstraction:ControlsExpressionOf,reactome:ProteinReference1988
reactome:ProteinReference1133,abstraction:ControlsExpressionOf,reactome:ProteinReference10470
reactome:ProteinReference11271,abstraction:ControlsExpressionOf,reactome:ProteinReference11862
reactome:ProteinReference1065,abstraction:ControlsExpressionOf,reactome:ProteinReference1080
reactome:ProteinReference5428,abstraction:ControlsExpressionOf,reactome:ProteinReference1021
reactome:ProteinReference5273,abstraction:ControlsExpressionOf,reactome:ProteinReference5282
reactome:ProteinReference5427,abstraction:ControlsExpressionOf,reactome:ProteinReference5364
reactome:ProteinReference2811,abstraction:ControlsExpressionOf,reactome:ProteinReference4438
reactome:ProteinReference1090,abstraction:ControlsExpressionOf,reactome:ProteinReference661
reactome:ProteinReference2792,abstraction:ControlsExpressionOf,reactome:ProteinReference4438
reactome:ProteinReference2787,abstraction:ControlsExpressionOf,reactome:ProteinReference10384
reactome:ProteinReference1096,abstraction:ControlsExpressionOf,reactome:ProteinReference1347
reactome:ProteinReference8740,abstraction:ControlsExpressionOf,reactome:ProteinReference11254
reactome:ProteinReference1088,abstraction:ControlsExpressionOf,reactome:ProteinReference5920
reactome:ProteinReference4393,abstraction:ControlsExpressionOf,reactome:ProteinReference10852
reactome:ProteinReference1154,abstraction:ControlsExpressionOf,reactome:ProteinReference10471
reactome:ProteinReference5285,abstraction:ControlsExpressionOf,reactome:ProteinReference1126
reactome:ProteinReference5427,abstraction:ControlsExpressionOf,reactome:ProteinReference5453
reactome:ProteinReference1809,abstraction:ControlsExpressionOf,reactome:ProteinReference1371
reactome:ProteinReference1061,abstraction:ControlsExpressionOf,reactome:ProteinReference10
reactome:ProteinReference10409,abstraction:ControlsExpressionOf,reactome:ProteinReference11964
reactome:ProteinReference2553,abstraction:ControlsExpressionOf,reactome:ProteinReference10356
reactome:ProteinReference7597,abstraction:ControlsExpressionOf,reactome:ProteinReference1082
reactome:ProteinReference2804,abstraction:ControlsExpressionOf,reactome:ProteinReference4423
reactome:ProteinReference1061,abstraction:ControlsExpressionOf,reactome:ProteinReference10577
reactome:ProteinReference1088,abstraction:ControlsExpressionOf,reactome:ProteinReference264
reactome:ProteinReference6774,abstraction:ControlsExpressionOf,reactome:ProteinReference5764
reactome:ProteinReference1070,abstraction:ControlsExpressionOf,reactome:ProteinReference1139
reactome:ProteinReference1115,abstraction:ControlsExpressionOf,reactome:ProteinReference1807
reactome:ProteinReference11271,abstraction:ControlsExpressionOf,reactome:ProteinReference11958
reactome:ProteinReference8607,abstraction:ControlsExpressionOf,reactome:ProteinReference6855
reactome:ProteinReference10409,abstraction:ControlsExpressionOf,reactome:ProteinReference11917
reactome:ProteinReference1053,abstraction:ControlsExpressionOf,reactome:ProteinReference327
reactome:ProteinReference1112,abstraction:ControlsExpressionOf,reactome:ProteinReference10580
reactome:ProteinReference1066,abstraction:ControlsExpressionOf,reactome:ProteinReference1351
reactome:ProteinReference2791,abstraction:ControlsExpressionOf,reactome:ProteinReference5336
reactome:ProteinReference1063,abstraction:ControlsExpressionOf,reactome:ProteinReference1352
reactome:ProteinReference1067,abstraction:ControlsExpressionOf,reactome:ProteinReference1152
reactome:ProteinReference4559,abstraction:ControlsExpressionOf,reactome:ProteinReference1337
reactome:ProteinReference9055,abstraction:ControlsExpressionOf,reactome:ProteinReference3539
reactome:ProteinReference6817,abstraction:ControlsExpressionOf,reactome:ProteinReference6181
reactome:ProteinReference4456,abstraction:ControlsExpressionOf,reactome:ProteinReference6180
reactome:ProteinReference175,abstraction:ControlsExpressionOf,reactome:ProteinReference8097
reactome:ProteinReference1061,abstraction:ControlsExpressionOf,reactome:ProteinReference1084
reactome:ProteinReference4548,abstraction:ControlsExpressionOf,reactome:ProteinReference655
reactome:ProteinReference4456,abstraction:ControlsExpressionOf,reactome:ProteinReference7011
reactome:ProteinReference11271,abstraction:ControlsExpressionOf,reactome:ProteinReference11637
reactome:ProteinReference1063,abstraction:ControlsExpressionOf,reactome:ProteinReference1155
reactome:ProteinReference4554,abstraction:ControlsExpressionOf,reactome:ProteinReference10578
reactome:ProteinReference1061,abstraction:ControlsExpressionOf,reactome:ProteinReference10591
reactome:ProteinReference6944,abstraction:ControlsExpressionOf,reactome:ProteinReference5336
reactome:ProteinReference10409,abstraction:ControlsExpressionOf,reactome:ProteinReference11951
reactome:ProteinReference2553,abstraction:ControlsExpressionOf,reactome:ProteinReference9927
reactome:ProteinReference11314,abstraction:ControlsExpressionOf,reactome:ProteinReference6081
reactome:ProteinReference1097,abstraction:ControlsExpressionOf,reactome:ProteinReference741
reactome:ProteinReference4548,abstraction:ControlsExpressionOf,reactome:ProteinReference5573
reactome:ProteinReference7596,abstraction:ControlsExpressionOf,reactome:ProteinReference1188
reactome:ProteinReference1107,abstraction:ControlsExpressionOf,reactome:ProteinReference741
reactome:ProteinReference6138,abstraction:ControlsExpressionOf,reactome:ProteinReference9868
reactome:ProteinReference1110,abstraction:ControlsExpressionOf,reactome:ProteinReference5139
reactome:ProteinReference6080,abstraction:ControlsExpressionOf,reactome:ProteinReference3894
reactome:ProteinReference6124,abstraction:ControlsExpressionOf,reactome:ProteinReference5078
reactome:ProteinReference4548,abstraction:ControlsExpressionOf,reactome:ProteinReference1346
reactome:ProteinReference9053,abstraction:ControlsExpressionOf,reactome:ProteinReference1268
reactome:ProteinReference9780,abstraction:ControlsExpressionOf,reactome:ProteinReference7058
reactome:ProteinReference10578,abstraction:ControlsExpressionOf,reactome:ProteinReference1082
reactome:ProteinReference8611,abstraction:ControlsExpressionOf,reactome:ProteinReference6855
reactome:ProteinReference11271,abstraction:ControlsExpressionOf,reactome:ProteinReference11701
reactome:ProteinReference8823,abstraction:ControlsExpressionOf,reactome:ProteinReference8832
reactome:ProteinReference1114,abstraction:ControlsExpressionOf,reactome:ProteinReference1152
reactome:ProteinReference7609,abstraction:ControlsExpressionOf,reactome:ProteinReference10825
reactome:ProteinReference1069,abstraction:ControlsExpressionOf,reactome:ProteinReference1151
reactome:ProteinReference10851,abstraction:ControlsExpressionOf,reactome:ProteinReference7604
reactome:ProteinReference11271,abstraction:ControlsExpressionOf,reactome:ProteinReference11941
reactome:ProteinReference5285,abstraction:ControlsExpressionOf,reactome:ProteinReference1347
reactome:ProteinReference7719,abstraction:ControlsExpressionOf,reactome:ProteinReference7718
reactome:ProteinReference8611,abstraction:ControlsExpressionOf,reactome:ProteinReference10383
reactome:ProteinReference5922,abstraction:ControlsExpressionOf,reactome:ProteinReference5916
reactome:ProteinReference1053,abstraction:ControlsExpressionOf,reactome:ProteinReference1143
reactome:ProteinReference1077,abstraction:ControlsExpressionOf,reactome:ProteinReference1140
reactome:ProteinReference1128,abstraction:ControlsExpressionOf,reactome:ProteinReference1150
reactome:ProteinReference1091,abstraction:ControlsExpressionOf,reactome:ProteinReference1337
reactome:ProteinReference10409,abstraction:ControlsExpressionOf,reactome:ProteinReference11763
reactome:ProteinReference10922,abstraction:ControlsExpressionOf,reactome:ProteinReference11747
reactome:ProteinReference1121,abstraction:ControlsExpressionOf,reactome:ProteinReference1339
reactome:ProteinReference2553,abstraction:ControlsExpressionOf,reactome:ProteinReference10362
reactome:ProteinReference5433,abstraction:ControlsExpressionOf,reactome:ProteinReference4641
reactome:ProteinReference6148,abstraction:ControlsExpressionOf,reactome:ProteinReference8227
reactome:ProteinReference10922,abstraction:ControlsExpressionOf,reactome:ProteinReference11745
reactome:ProteinReference1066,abstraction:ControlsExpressionOf,reactome:ProteinReference1807
reactome:ProteinReference1118,abstraction:ControlsExpressionOf,reactome:ProteinReference1844
reactome:ProteinReference1053,abstraction:ControlsExpressionOf,reactome:ProteinReference643
reactome:ProteinReference7597,abstraction:ControlsExpressionOf,reactome:ProteinReference1188
reactome:ProteinReference8604,abstraction:ControlsExpressionOf,reactome:ProteinReference4423
reactome:ProteinReference1088,abstraction:ControlsExpressionOf,reactome:ProteinReference7547
reactome:ProteinReference1106,abstraction:ControlsExpressionOf,reactome:ProteinReference1152
reactome:ProteinReference1091,abstraction:ControlsExpressionOf,reactome:ProteinReference5139
reactome:ProteinReference4527,abstraction:ControlsExpressionOf,reactome:ProteinReference1162
reactome:ProteinReference1065,abstraction:ControlsExpressionOf,reactome:ProteinReference1268
reactome:ProteinReference10922,abstraction:ControlsExpressionOf,reactome:ProteinReference11860
reactome:ProteinReference1053,abstraction:ControlsExpressionOf,reactome:ProteinReference1080
reactome:ProteinReference6861,abstraction:ControlsExpressionOf,reactome:ProteinReference11278
reactome:ProteinReference8936,abstraction:ControlsExpressionOf,reactome:ProteinReference11252
reactome:ProteinReference10376,abstraction:ControlsExpressionOf,reactome:ProteinReference4611
reactome:ProteinReference55,abstraction:ControlsExpressionOf,reactome:ProteinReference8632
reactome:ProteinReference5285,abstraction:ControlsExpressionOf,reactome:ProteinReference3539
reactome:ProteinReference2803,abstraction:ControlsExpressionOf,reactome:ProteinReference6855
reactome:ProteinReference5244,abstraction:ControlsExpressionOf,reactome:ProteinReference1082
reactome:ProteinReference1059,abstraction:ControlsExpressionOf,reactome:ProteinReference1152
reactome:ProteinReference1065,abstraction:ControlsExpressionOf,reactome:ProteinReference1129
reactome:ProteinReference10922,abstraction:ControlsExpressionOf,reactome:ProteinReference11925
reactome:ProteinReference1088,abstraction:ControlsExpressionOf,reactome:ProteinReference5913
reactome:ProteinReference8283,abstraction:ControlsExpressionOf,reactome:ProteinReference6179
reactome:ProteinReference1067,abstraction:ControlsExpressionOf,reactome:ProteinReference741
reactome:ProteinReference2553,abstraction:ControlsExpressionOf,reactome:ProteinReference2543
reactome:ProteinReference2803,abstraction:ControlsExpressionOf,reactome:ProteinReference10383
reactome:ProteinReference1061,abstraction:ControlsExpressionOf,reactome:ProteinReference1157
reactome:ProteinReference1096,abstraction:ControlsExpressionOf,reactome:ProteinReference1744
reactome:ProteinReference2793,abstraction:ControlsExpressionOf,reactome:ProteinReference10384
reactome:ProteinReference9053,abstraction:ControlsExpressionOf,reactome:ProteinReference10578
reactome:ProteinReference1119,abstraction:ControlsExpressionOf,reactome:ProteinReference1349
reactome:ProteinReference5432,abstraction:ControlsExpressionOf,reactome:ProteinReference8286
reactome:ProteinReference5458,abstraction:ControlsExpressionOf,reactome:ProteinReference5457
reactome:ProteinReference8824,abstraction:ControlsExpressionOf,reactome:ProteinReference9709
reactome:ProteinReference6147,abstraction:ControlsExpressionOf,reactome:ProteinReference6267
reactome:ProteinReference1052,abstraction:ControlsExpressionOf,reactome:ProteinReference10581
reactome:ProteinReference6150,abstraction:ControlsExpressionOf,reactome:ProteinReference5252
reactome:ProteinReference9780,abstraction:ControlsExpressionOf,reactome:ProteinReference1223
reactome:ProteinReference7604,abstraction:ControlsExpressionOf,reactome:ProteinReference5393
reactome:ProteinReference4557,abstraction:ControlsExpressionOf,reactome:ProteinReference1197
reactome:ProteinReference4588,abstraction:ControlsExpressionOf,reactome:ProteinReference10830
reactome:ProteinReference5155,abstraction:ControlsExpressionOf,reactome:ProteinReference4654
reactome:ProteinReference7604,abstraction:ControlsExpressionOf,reactome:ProteinReference3509
reactome:ProteinReference4636,abstraction:ControlsExpressionOf,reactome:ProteinReference7774
reactome:ProteinReference10679,abstraction:ControlsExpressionOf,reactome:ProteinReference5251
reactome:ProteinReference10404,abstraction:ControlsExpressionOf,reactome:ProteinReference8116
reactome:ProteinReference11256,abstraction:ControlsExpressionOf,reactome:ProteinReference397
reactome:ProteinReference11045,abstraction:ControlsExpressionOf,reactome:ProteinReference11048
reactome:ProteinReference6861,abstraction:ControlsExpressionOf,reactome:ProteinReference9737
reactome:ProteinReference8824,abstraction:ControlsExpressionOf,reactome:ProteinReference8783
reactome:ProteinReference1079,abstraction:ControlsExpressionOf,reactome:ProteinReference671
reactome:ProteinReference2799,abstraction:ControlsExpressionOf,reactome:ProteinReference4423
reactome:ProteinReference1065,abstraction:ControlsExpressionOf,reactome:ProteinReference10578
reactome:ProteinReference7509,abstraction:ControlsExpressionOf,reactome:ProteinReference7555
reactome:ProteinReference10922,abstraction:ControlsExpressionOf,reactome:ProteinReference11795
reactome:ProteinReference10923,abstraction:ControlsExpressionOf,reactome:ProteinReference7777
reactome:ProteinReference6947,abstraction:ControlsExpressionOf,reactome:ProteinReference4538
reactome:ProteinReference1057,abstraction:ControlsExpressionOf,reactome:ProteinReference6896
reactome:ProteinReference11271,abstraction:ControlsExpressionOf,reactome:ProteinReference11836
reactome:ProteinReference1106,abstraction:ControlsExpressionOf,reactome:ProteinReference741
reactome:ProteinReference10409,abstraction:ControlsExpressionOf,reactome:ProteinReference11897
reactome:ProteinReference8611,abstraction:ControlsExpressionOf,reactome:ProteinReference5336
reactome:ProteinReference5244,abstraction:ControlsExpressionOf,reactome:ProteinReference1188
reactome:ProteinReference1132,abstraction:ControlsExpressionOf,reactome:ProteinReference4387
reactome:ProteinReference11271,abstraction:ControlsExpressionOf,reactome:ProteinReference11652
reactome:ProteinReference1088,abstraction:ControlsExpressionOf,reactome:ProteinReference6181
reactome:ProteinReference4555,abstraction:ControlsExpressionOf,reactome:ProteinReference1268
reactome:ProteinReference1086,abstraction:ControlsExpressionOf,reactome:ProteinReference10577
reactome:ProteinReference5285,abstraction:ControlsExpressionOf,reactome:ProteinReference1744
reactome:ProteinReference5245,abstraction:ControlsExpressionOf,reactome:ProteinReference6180
reactome:ProteinReference10922,abstraction:ControlsExpressionOf,reactome:ProteinReference11786
reactome:ProteinReference1115,abstraction:ControlsExpressionOf,reactome:ProteinReference1352
reactome:ProteinReference6947,abstraction:ControlsExpressionOf,reactome:ProteinReference5228
reactome:ProteinReference5431,abstraction:ControlsExpressionOf,reactome:ProteinReference5364
reactome:ProteinReference7507,abstraction:ControlsExpressionOf,reactome:ProteinReference7558
reactome:ProteinReference1107,abstraction:ControlsExpressionOf,reactome:ProteinReference661
reactome:ProteinReference11271,abstraction:ControlsExpressionOf,reactome:ProteinReference11736
reactome:ProteinReference1053,abstraction:ControlsExpressionOf,reactome:ProteinReference1158
reactome:ProteinReference1118,abstraction:ControlsExpressionOf,reactome:ProteinReference1352
reactome:ProteinReference4564,abstraction:ControlsExpressionOf,reactome:ProteinReference10838
reactome:ProteinReference2788,abstraction:ControlsExpressionOf,reactome:ProteinReference8322
reactome:ProteinReference5239,abstraction:ControlsExpressionOf,reactome:ProteinReference1188
reactome:ProteinReference2553,abstraction:ControlsExpressionOf,reactome:ProteinReference9921
reactome:ProteinReference1086,abstraction:ControlsExpressionOf,reactome:ProteinReference1084
reactome:ProteinReference11312,abstraction:ControlsExpressionOf,reactome:ProteinReference6952
reactome:ProteinReference11271,abstraction:ControlsExpressionOf,reactome:ProteinReference11724
reactome:ProteinReference5273,abstraction:ControlsExpressionOf,reactome:ProteinReference4393
reactome:ProteinReference8783,abstraction:ControlsExpressionOf,reactome:ProteinReference5920
reactome:ProteinReference5431,abstraction:ControlsExpressionOf,reactome:ProteinReference5453
reactome:ProteinReference1099,abstraction:ControlsExpressionOf,reactome:ProteinReference1082
reactome:ProteinReference1064,abstraction:ControlsExpressionOf,reactome:ProteinReference1151
reactome:ProteinReference4393,abstraction:ControlsExpressionOf,reactome:ProteinReference5278
reactome:ProteinReference6771,abstraction:ControlsExpressionOf,reactome:ProteinReference6776
reactome:ProteinReference4551,abstraction:ControlsExpressionOf,reactome:ProteinReference1082
reactome:ProteinReference8823,abstraction:ControlsExpressionOf,reactome:ProteinReference4777
reactome:ProteinReference6816,abstraction:ControlsExpressionOf,reactome:ProteinReference6862
reactome:ProteinReference1053,abstraction:ControlsExpressionOf,reactome:ProteinReference1129
reactome:ProteinReference1079,abstraction:ControlsExpressionOf,reactome:ProteinReference1172
reactome:ProteinReference10409,abstraction:ControlsExpressionOf,reactome:ProteinReference11875
reactome:ProteinReference7510,abstraction:ControlsExpressionOf,reactome:ProteinReference7541
reactome:ProteinReference6861,abstraction:ControlsExpressionOf,reactome:ProteinReference9707
reactome:ProteinReference2803,abstraction:ControlsExpressionOf,reactome:ProteinReference5336
reactome:ProteinReference5245,abstraction:ControlsExpressionOf,reactome:ProteinReference1844
reactome:ProteinReference11044,abstraction:ControlsExpressionOf,reactome:ProteinReference1799
reactome:ProteinReference4393,abstraction:ControlsExpressionOf,reactome:ProteinReference6440
reactome:ProteinReference4413,abstraction:ControlsExpressionOf,reactome:ProteinReference8294
reactome:ProteinReference11271,abstraction:ControlsExpressionOf,reactome:ProteinReference11903
reactome:ProteinReference6162,abstraction:ControlsExpressionOf,reactome:ProteinReference11256
reactome:ProteinReference9701,abstraction:ControlsExpressionOf,reactome:ProteinReference9374
reactome:ProteinReference10409,abstraction:ControlsExpressionOf,reactome:ProteinReference11866
reactome:ProteinReference1120,abstraction:ControlsExpressionOf,reactome:ProteinReference1126
reactome:ProteinReference10922,abstraction:ControlsExpressionOf,reactome:ProteinReference11871
reactome:ProteinReference10135,abstraction:ControlsExpressionOf,reactome:ProteinReference10360
reactome:ProteinReference6278,abstraction:ControlsExpressionOf,reactome:ProteinReference6194
reactome:ProteinReference10922,abstraction:ControlsExpressionOf,reactome:ProteinReference11886
reactome:ProteinReference10409,abstraction:ControlsExpressionOf,reactome:ProteinReference11972
reactome:ProteinReference11271,abstraction:ControlsExpressionOf,reactome:ProteinReference11944
reactome:ProteinReference4530,abstraction:ControlsExpressionOf,reactome:ProteinReference1844
reactome:ProteinReference10922,abstraction:ControlsExpressionOf,reactome:ProteinReference11899
reactome:ProteinReference10922,abstraction:ControlsExpressionOf,reactome:ProteinReference11863
reactome:ProteinReference10573,abstraction:ControlsExpressionOf,reactome:ProteinReference10577
reactome:ProteinReference1123,abstraction:ControlsExpressionOf,reactome:ProteinReference10581
reactome:ProteinReference1118,abstraction:ControlsExpressionOf,reactome:ProteinReference1337
reactome:ProteinReference5244,abstraction:ControlsExpressionOf,reactome:ProteinReference7502
reactome:ProteinReference10466,abstraction:ControlsExpressionOf,reactome:ProteinReference10469
reactome:ProteinReference11271,abstraction:ControlsExpressionOf,reactome:ProteinReference11956
reactome:ProteinReference1066,abstraction:ControlsExpressionOf,reactome:ProteinReference1155
reactome:ProteinReference7596,abstraction:ControlsExpressionOf,reactome:ProteinReference5573
reactome:ProteinReference1097,abstraction:ControlsExpressionOf,reactome:ProteinReference10580
reactome:ProteinReference9047,abstraction:ControlsExpressionOf,reactome:ProteinReference1082
reactome:ProteinReference5002,abstraction:ControlsExpressionOf,reactome:ProteinReference2059
reactome:ProteinReference1064,abstraction:ControlsExpressionOf,reactome:ProteinReference1136
reactome:ProteinReference10922,abstraction:ControlsExpressionOf,reactome:ProteinReference11934
reactome:ProteinReference5942,abstraction:ControlsExpressionOf,reactome:ProteinReference5945
reactome:ProteinReference11278,abstraction:ControlsExpressionOf,reactome:ProteinReference2706
reactome:ProteinReference5941,abstraction:ControlsExpressionOf,reactome:ProteinReference5944
reactome:ProteinReference1094,abstraction:ControlsExpressionOf,reactome:ProteinReference1082
reactome:ProteinReference1067,abstraction:ControlsExpressionOf,reactome:ProteinReference1145
reactome:ProteinReference2553,abstraction:ControlsExpressionOf,reactome:ProteinReference8104
reactome:ProteinReference2505,abstraction:ControlsExpressionOf,reactome:ProteinReference8632
reactome:ProteinReference9780,abstraction:ControlsExpressionOf,reactome:ProteinReference390
reactome:ProteinReference10409,abstraction:ControlsExpressionOf,reactome:ProteinReference11989
reactome:ProteinReference5273,abstraction:ControlsExpressionOf,reactome:ProteinReference5276
reactome:ProteinReference1113,abstraction:ControlsExpressionOf,reactome:ProteinReference1339
reactome:ProteinReference7590,abstraction:ControlsExpressionOf,reactome:ProteinReference5039
reactome:ProteinReference7507,abstraction:ControlsExpressionOf,reactome:ProteinReference1357
reactome:ProteinReference8824,abstraction:ControlsExpressionOf,reactome:ProteinReference8830
reactome:ProteinReference2789,abstraction:ControlsExpressionOf,reactome:ProteinReference6855
reactome:ProteinReference7604,abstraction:ControlsExpressionOf,reactome:ProteinReference10853
reactome:ProteinReference10922,abstraction:ControlsExpressionOf,reactome:ProteinReference11770
reactome:ProteinReference10572,abstraction:ControlsExpressionOf,reactome:ProteinReference10578
reactome:ProteinReference7511,abstraction:ControlsExpressionOf,reactome:ProteinReference7560
reactome:ProteinReference11271,abstraction:ControlsExpressionOf,reactome:ProteinReference12032
reactome:ProteinReference8286,abstraction:ControlsExpressionOf,reactome:ProteinReference10445
reactome:ProteinReference9150,abstraction:ControlsExpressionOf,reactome:ProteinReference7763
reactome:ProteinReference4551,abstraction:ControlsExpressionOf,reactome:ProteinReference1188
reactome:ProteinReference6948,abstraction:ControlsExpressionOf,reactome:ProteinReference3540
reactome:ProteinReference4549,abstraction:ControlsExpressionOf,reactome:ProteinReference1844
reactome:ProteinReference2789,abstraction:ControlsExpressionOf,reactome:ProteinReference10383
reactome:ProteinReference8612,abstraction:ControlsExpressionOf,reactome:ProteinReference8322
reactome:ProteinReference1114,abstraction:ControlsExpressionOf,reactome:ProteinReference661
reactome:ProteinReference1074,abstraction:ControlsExpressionOf,reactome:ProteinReference1198
reactome:ProteinReference1068,abstraction:ControlsExpressionOf,reactome:ProteinReference1156
reactome:ProteinReference7597,abstraction:ControlsExpressionOf,reactome:ProteinReference655
reactome:ProteinReference11271,abstraction:ControlsExpressionOf,reactome:ProteinReference11683
reactome:ProteinReference4458,abstraction:ControlsExpressionOf,reactome:ProteinReference10580
reactome:ProteinReference1064,abstraction:ControlsExpressionOf,reactome:ProteinReference666
reactome:ProteinReference6082,abstraction:ControlsExpressionOf,reactome:ProteinReference5404
reactome:ProteinReference1088,abstraction:ControlsExpressionOf,reactome:ProteinReference6033
reactome:ProteinReference4557,abstraction:ControlsExpressionOf,reactome:ProteinReference1402
reactome:ProteinReference7597,abstraction:ControlsExpressionOf,reactome:ProteinReference5573
reactome:ProteinReference10409,abstraction:ControlsExpressionOf,reactome:ProteinReference11953
reactome:ProteinReference3477,abstraction:ControlsExpressionOf,reactome:ProteinReference10580
reactome:ProteinReference10409,abstraction:ControlsExpressionOf,reactome:ProteinReference12020
reactome:ProteinReference5155,abstraction:ControlsExpressionOf,reactome:ProteinReference10845
reactome:ProteinReference4557,abstraction:ControlsExpressionOf,reactome:ProteinReference1349
reactome:ProteinReference10922,abstraction:ControlsExpressionOf,reactome:ProteinReference11679
reactome:ProteinReference6768,abstraction:ControlsExpressionOf,reactome:ProteinReference6776
reactome:ProteinReference5239,abstraction:ControlsExpressionOf,reactome:ProteinReference1339
reactome:ProteinReference10577,abstraction:ControlsExpressionOf,reactome:ProteinReference1351
reactome:ProteinReference10409,abstraction:ControlsExpressionOf,reactome:ProteinReference11656
reactome:ProteinReference6079,abstraction:ControlsExpressionOf,reactome:ProteinReference4453
reactome:ProteinReference6081,abstraction:ControlsExpressionOf,reactome:ProteinReference5404
reactome:ProteinReference6034,abstraction:ControlsExpressionOf,reactome:ProteinReference5254
reactome:ProteinReference8783,abstraction:ControlsExpressionOf,reactome:ProteinReference5913
reactome:ProteinReference1100,abstraction:ControlsExpressionOf,reactome:ProteinReference1844
reactome:ProteinReference4589,abstraction:ControlsExpressionOf,reactome:ProteinReference5273
reactome:ProteinReference2521,abstraction:ControlsExpressionOf,reactome:ProteinReference8632
reactome:ProteinReference8982,abstraction:ControlsExpressionOf,reactome:ProteinReference1351
reactome:ProteinReference2493,abstraction:ControlsExpressionOf,reactome:ProteinReference8632
reactome:ProteinReference9047,abstraction:ControlsExpressionOf,reactome:ProteinReference1188
reactome:ProteinReference1067,abstraction:ControlsExpressionOf,reactome:ProteinReference653
reactome:ProteinReference175,abstraction:ControlsExpressionOf,reactome:ProteinReference5632
reactome:ProteinReference8823,abstraction:ControlsExpressionOf,reactome:ProteinReference8834
reactome:ProteinReference1087,abstraction:ControlsExpressionOf,reactome:ProteinReference1084
reactome:ProteinReference10578,abstraction:ControlsExpressionOf,reactome:ProteinReference655
reactome:ProteinReference7541,abstraction:ControlsExpressionOf,reactome:ProteinReference11038
reactome:ProteinReference1094,abstraction:ControlsExpressionOf,reactome:ProteinReference1188
reactome:ProteinReference9053,abstraction:ControlsExpressionOf,reactome:ProteinReference1162
reactome:ProteinReference10409,abstraction:ControlsExpressionOf,reactome:ProteinReference11876
reactome:ProteinReference5155,abstraction:ControlsExpressionOf,reactome:ProteinReference10852
reactome:ProteinReference5243,abstraction:ControlsExpressionOf,reactome:ProteinReference1151
reactome:ProteinReference10409,abstraction:ControlsExpressionOf,reactome:ProteinReference11885
reactome:ProteinReference1059,abstraction:ControlsExpressionOf,reactome:ProteinReference1145
reactome:ProteinReference6147,abstraction:ControlsExpressionOf,reactome:ProteinReference6179
reactome:ProteinReference1088,abstraction:ControlsExpressionOf,reactome:ProteinReference6072
reactome:ProteinReference5433,abstraction:ControlsExpressionOf,reactome:ProteinReference6075
reactome:ProteinReference10922,abstraction:ControlsExpressionOf,reactome:ProteinReference11639
reactome:ProteinReference7506,abstraction:ControlsExpressionOf,reactome:ProteinReference7560
reactome:ProteinReference1052,abstraction:ControlsExpressionOf,reactome:ProteinReference1152
reactome:ProteinReference4530,abstraction:ControlsExpressionOf,reactome:ProteinReference1352
reactome:ProteinReference11256,abstraction:ControlsExpressionOf,reactome:ProteinReference3443
reactome:ProteinReference10409,abstraction:ControlsExpressionOf,reactome:ProteinReference11840
reactome:ProteinReference5430,abstraction:ControlsExpressionOf,reactome:ProteinReference8287
reactome:ProteinReference4551,abstraction:ControlsExpressionOf,reactome:ProteinReference7502
reactome:ProteinReference5284,abstraction:ControlsExpressionOf,reactome:ProteinReference1351
reactome:ProteinReference10922,abstraction:ControlsExpressionOf,reactome:ProteinReference11968
reactome:ProteinReference10577,abstraction:ControlsExpressionOf,reactome:ProteinReference1807
reactome:ProteinReference5434,abstraction:ControlsExpressionOf,reactome:ProteinReference175
reactome:ProteinReference11271,abstraction:ControlsExpressionOf,reactome:ProteinReference10580
reactome:ProteinReference2553,abstraction:ControlsExpressionOf,reactome:ProteinReference10357
reactome:ProteinReference10922,abstraction:ControlsExpressionOf,reactome:ProteinReference11741
reactome:ProteinReference5456,abstraction:ControlsExpressionOf,reactome:ProteinReference11256
reactome:ProteinReference10922,abstraction:ControlsExpressionOf,reactome:ProteinReference11774
reactome:ProteinReference10466,abstraction:ControlsExpressionOf,reactome:ProteinReference4387
reactome:ProteinReference2504,abstraction:ControlsExpressionOf,reactome:ProteinReference8632
reactome:ProteinReference4589,abstraction:ControlsExpressionOf,reactome:ProteinReference5190
reactome:ProteinReference1069,abstraction:ControlsExpressionOf,reactome:ProteinReference10
reactome:ProteinReference6244,abstraction:ControlsExpressionOf,reactome:ProteinReference6263
reactome:ProteinReference6976,abstraction:ControlsExpressionOf,reactome:ProteinReference10830
reactome:ProteinReference8982,abstraction:ControlsExpressionOf,reactome:ProteinReference1807
reactome:ProteinReference4552,abstraction:ControlsExpressionOf,reactome:ProteinReference10578
reactome:ProteinReference9100,abstraction:ControlsExpressionOf,reactome:ProteinReference2581
reactome:ProteinReference1065,abstraction:ControlsExpressionOf,reactome:ProteinReference1162
reactome:ProteinReference5430,abstraction:ControlsExpressionOf,reactome:ProteinReference8286
reactome:ProteinReference11271,abstraction:ControlsExpressionOf,reactome:ProteinReference12021
reactome:ProteinReference10409,abstraction:ControlsExpressionOf,reactome:ProteinReference12011
reactome:ProteinReference2796,abstraction:ControlsExpressionOf,reactome:ProteinReference5907
reactome:ProteinReference5244,abstraction:ControlsExpressionOf,reactome:ProteinReference655
reactome:ProteinReference1111,abstraction:ControlsExpressionOf,reactome:ProteinReference1347
reactome:ProteinReference5239,abstraction:ControlsExpressionOf,reactome:ProteinReference4641
reactome:ProteinReference1073,abstraction:ControlsExpressionOf,reactome:ProteinReference1648
reactome:ProteinReference5244,abstraction:ControlsExpressionOf,reactome:ProteinReference5573
reactome:ProteinReference6244,abstraction:ControlsExpressionOf,reactome:ProteinReference5063
reactome:ProteinReference1069,abstraction:ControlsExpressionOf,reactome:ProteinReference1084
reactome:ProteinReference5428,abstraction:ControlsExpressionOf,reactome:ProteinReference7716
reactome:ProteinReference7511,abstraction:ControlsExpressionOf,reactome:ProteinReference7547
reactome:ProteinReference5245,abstraction:ControlsExpressionOf,reactome:ProteinReference1337
reactome:ProteinReference2789,abstraction:ControlsExpressionOf,reactome:ProteinReference5336
reactome:ProteinReference10922,abstraction:ControlsExpressionOf,reactome:ProteinReference11920
reactome:ProteinReference4549,abstraction:ControlsExpressionOf,reactome:ProteinReference1352
reactome:ProteinReference1062,abstraction:ControlsExpressionOf,reactome:ProteinReference1126
reactome:ProteinReference11271,abstraction:ControlsExpressionOf,reactome:ProteinReference11874
reactome:ProteinReference6080,abstraction:ControlsExpressionOf,reactome:ProteinReference11297
reactome:ProteinReference4550,abstraction:ControlsExpressionOf,reactome:ProteinReference1339
reactome:ProteinReference1062,abstraction:ControlsExpressionOf,reactome:ProteinReference1138
reactome:ProteinReference1077,abstraction:ControlsExpressionOf,reactome:ProteinReference1337
reactome:ProteinReference1067,abstraction:ControlsExpressionOf,reactome:ProteinReference1135
reactome:ProteinReference2808,abstraction:ControlsExpressionOf,reactome:ProteinReference8322
reactome:ProteinReference10404,abstraction:ControlsExpressionOf,reactome:ProteinReference11309
reactome:ProteinReference10409,abstraction:ControlsExpressionOf,reactome:ProteinReference12008
reactome:ProteinReference4526,abstraction:ControlsExpressionOf,reactome:ProteinReference1351
reactome:ProteinReference4558,abstraction:ControlsExpressionOf,reactome:ProteinReference3577
reactome:ProteinReference11312,abstraction:ControlsExpressionOf,reactome:ProteinReference6081
reactome:ProteinReference5276,abstraction:ControlsExpressionOf,reactome:ProteinReference10826
reactome:ProteinReference5432,abstraction:ControlsExpressionOf,reactome:ProteinReference653
reactome:ProteinReference8286,abstraction:ControlsExpressionOf,reactome:ProteinReference6912
reactome:ProteinReference6079,abstraction:ControlsExpressionOf,reactome:ProteinReference4690
reactome:ProteinReference5284,abstraction:ControlsExpressionOf,reactome:ProteinReference1807
reactome:ProteinReference5239,abstraction:ControlsExpressionOf,reactome:ProteinReference5573
reactome:ProteinReference3891,abstraction:ControlsExpressionOf,reactome:ProteinReference4630
reactome:ProteinReference8603,abstraction:ControlsExpressionOf,reactome:ProteinReference10384
reactome:ProteinReference10409,abstraction:ControlsExpressionOf,reactome:ProteinReference11867
reactome:ProteinReference6118,abstraction:ControlsExpressionOf,reactome:ProteinReference5078
reactome:ProteinReference4499,abstraction:ControlsExpressionOf,reactome:ProteinReference2581
reactome:ProteinReference5284,abstraction:ControlsExpressionOf,reactome:ProteinReference661
reactome:ProteinReference10409,abstraction:ControlsExpressionOf,reactome:ProteinReference11704
reactome:ProteinReference1122,abstraction:ControlsExpressionOf,reactome:ProteinReference655
reactome:ProteinReference8823,abstraction:ControlsExpressionOf,reactome:ProteinReference9374
reactome:ProteinReference1121,abstraction:ControlsExpressionOf,reactome:ProteinReference1197
reactome:ProteinReference2464,abstraction:ControlsExpressionOf,reactome:ProteinReference8632
reactome:ProteinReference10409,abstraction:ControlsExpressionOf,reactome:ProteinReference11773
reactome:ProteinReference4589,abstraction:ControlsExpressionOf,reactome:ProteinReference3540
reactome:ProteinReference4548,abstraction:ControlsExpressionOf,reactome:ProteinReference10581
reactome:ProteinReference10409,abstraction:ControlsExpressionOf,reactome:ProteinReference11881
reactome:ProteinReference5941,abstraction:ControlsExpressionOf,reactome:ProteinReference5943
reactome:ProteinReference11271,abstraction:ControlsExpressionOf,reactome:ProteinReference11734
reactome:ProteinReference8824,abstraction:ControlsExpressionOf,reactome:ProteinReference9702
reactome:ProteinReference1052,abstraction:ControlsExpressionOf,reactome:ProteinReference741
reactome:ProteinReference1070,abstraction:ControlsExpressionOf,reactome:ProteinReference1084
reactome:ProteinReference5277,abstraction:ControlsExpressionOf,reactome:ProteinReference7604
reactome:ProteinReference10409,abstraction:ControlsExpressionOf,reactome:ProteinReference11873
reactome:ProteinReference11271,abstraction:ControlsExpressionOf,reactome:ProteinReference11728
reactome:ProteinReference6101,abstraction:ControlsExpressionOf,reactome:ProteinReference7726
reactome:ProteinReference11271,abstraction:ControlsExpressionOf,reactome:ProteinReference11664
reactome:ProteinReference7634,abstraction:ControlsExpressionOf,reactome:ProteinReference11278
reactome:ProteinReference3891,abstraction:ControlsExpressionOf,reactome:ProteinReference6181
reactome:ProteinReference4550,abstraction:ControlsExpressionOf,reactome:ProteinReference3577
reactome:ProteinReference1065,abstraction:ControlsExpressionOf,reactome:ProteinReference1071
reactome:ProteinReference11277,abstraction:ControlsExpressionOf,reactome:ProteinReference1182
reactome:ProteinReference3509,abstraction:ControlsExpressionOf,reactome:ProteinReference10836
reactome:ProteinReference10922,abstraction:ControlsExpressionOf,reactome:ProteinReference11907
reactome:ProteinReference7509,abstraction:ControlsExpressionOf,reactome:ProteinReference7556
reactome:ProteinReference2553,abstraction:ControlsExpressionOf,reactome:ProteinReference10364
reactome:ProteinReference4526,abstraction:ControlsExpressionOf,reactome:ProteinReference1807
reactome:ProteinReference7590,abstraction:ControlsExpressionOf,reactome:ProteinReference10414
reactome:ProteinReference6861,abstraction:ControlsExpressionOf,reactome:ProteinReference9735
reactome:ProteinReference10409,abstraction:ControlsExpressionOf,reactome:ProteinReference11779
reactome:ProteinReference4555,abstraction:ControlsExpressionOf,reactome:ProteinReference1162
reactome:ProteinReference7506,abstraction:ControlsExpressionOf,reactome:ProteinReference7547
reactome:ProteinReference10922,abstraction:ControlsExpressionOf,reactome:ProteinReference11696
reactome:ProteinReference5036,abstraction:ControlsExpressionOf,reactome:ProteinReference2718
reactome:ProteinReference1076,abstraction:ControlsExpressionOf,reactome:ProteinReference1140
reactome:ProteinReference9083,abstraction:ControlsExpressionOf,reactome:ProteinReference2581
reactome:ProteinReference1067,abstraction:ControlsExpressionOf,reactome:ProteinReference1160
reactome:ProteinReference1123,abstraction:ControlsExpressionOf,reactome:ProteinReference1152
reactome:ProteinReference5940,abstraction:ControlsExpressionOf,reactome:ProteinReference5945
reactome:ProteinReference11045,abstraction:ControlsExpressionOf,reactome:ProteinReference825
reactome:ProteinReference1061,abstraction:ControlsExpressionOf,reactome:ProteinReference5914
reactome:ProteinReference4550,abstraction:ControlsExpressionOf,reactome:ProteinReference4641
reactome:ProteinReference1059,abstraction:ControlsExpressionOf,reactome:ProteinReference1135
reactome:ProteinReference2810,abstraction:ControlsExpressionOf,reactome:ProteinReference8322
reactome:ProteinReference1099,abstraction:ControlsExpressionOf,reactome:ProteinReference655
reactome:ProteinReference4527,abstraction:ControlsExpressionOf,reactome:ProteinReference1151
reactome:ProteinReference10409,abstraction:ControlsExpressionOf,reactome:ProteinReference11674
reactome:ProteinReference10350,abstraction:ControlsExpressionOf,reactome:ProteinReference11017
reactome:ProteinReference1100,abstraction:ControlsExpressionOf,reactome:ProteinReference1337
reactome:ProteinReference5240,abstraction:ControlsExpressionOf,reactome:ProteinReference1337
reactome:ProteinReference1052,abstraction:ControlsExpressionOf,reactome:ProteinReference1147
reactome:ProteinReference4551,abstraction:ControlsExpressionOf,reactome:ProteinReference655
reactome:ProteinReference2804,abstraction:ControlsExpressionOf,reactome:ProteinReference10384
reactome:ProteinReference1099,abstraction:ControlsExpressionOf,reactome:ProteinReference1346
reactome:ProteinReference4551,abstraction:ControlsExpressionOf,reactome:ProteinReference5573
reactome:ProteinReference10922,abstraction:ControlsExpressionOf,reactome:ProteinReference11792
reactome:ProteinReference6789,abstraction:ControlsExpressionOf,reactome:ProteinReference5105
reactome:ProteinReference10922,abstraction:ControlsExpressionOf,reactome:ProteinReference11830
reactome:ProteinReference1153,abstraction:ControlsExpressionOf,reactome:ProteinReference1128
reactome:ProteinReference5002,abstraction:ControlsExpressionOf,reactome:ProteinReference1053
reactome:ProteinReference5922,abstraction:ControlsExpressionOf,reactome:ProteinReference5912
reactome:ProteinReference1063,abstraction:ControlsExpressionOf,reactome:ProteinReference1372
reactome:ProteinReference4580,abstraction:ControlsExpressionOf,reactome:ProteinReference5390
reactome:ProteinReference9052,abstraction:ControlsExpressionOf,reactome:ProteinReference9816
reactome:ProteinReference8601,abstraction:ControlsExpressionOf,reactome:ProteinReference4438
reactome:ProteinReference10681,abstraction:ControlsExpressionOf,reactome:ProteinReference5257
reactome:ProteinReference4551,abstraction:ControlsExpressionOf,reactome:ProteinReference1346
reactome:ProteinReference4541,abstraction:ControlsExpressionOf,reactome:ProteinReference6193
reactome:ProteinReference6952,abstraction:ControlsExpressionOf,reactome:ProteinReference10404
reactome:ProteinReference5284,abstraction:ControlsExpressionOf,reactome:ProteinReference5176
reactome:ProteinReference2553,abstraction:ControlsExpressionOf,reactome:ProteinReference8311
reactome:ProteinReference1064,abstraction:ControlsExpressionOf,reactome:ProteinReference10
reactome:ProteinReference10678,abstraction:ControlsExpressionOf,reactome:ProteinReference5257
reactome:ProteinReference1142,abstraction:ControlsExpressionOf,reactome:ProteinReference1270
reactome:ProteinReference10922,abstraction:ControlsExpressionOf,reactome:ProteinReference11708
reactome:ProteinReference1070,abstraction:ControlsExpressionOf,reactome:ProteinReference1157
reactome:ProteinReference4564,abstraction:ControlsExpressionOf,reactome:ProteinReference7545
reactome:ProteinReference7774,abstraction:ControlsExpressionOf,reactome:ProteinReference7341
reactome:ProteinReference6783,abstraction:ControlsExpressionOf,reactome:ProteinReference1163
reactome:ProteinReference10409,abstraction:ControlsExpressionOf,reactome:ProteinReference11649
reactome:ProteinReference4556,abstraction:ControlsExpressionOf,reactome:ProteinReference1351
reactome:ProteinReference7590,abstraction:ControlsExpressionOf,reactome:ProteinReference4944
reactome:ProteinReference6080,abstraction:ControlsExpressionOf,reactome:ProteinReference11288
reactome:ProteinReference1053,abstraction:ControlsExpressionOf,reactome:ProteinReference1156
reactome:ProteinReference2787,abstraction:ControlsExpressionOf,reactome:ProteinReference6855
reactome:ProteinReference1132,abstraction:ControlsExpressionOf,reactome:ProteinReference8966
reactome:ProteinReference10577,abstraction:ControlsExpressionOf,reactome:ProteinReference1352
reactome:ProteinReference6944,abstraction:ControlsExpressionOf,reactome:ProteinReference4423
reactome:ProteinReference5433,abstraction:ControlsExpressionOf,reactome:ProteinReference7639
reactome:ProteinReference1057,abstraction:ControlsExpressionOf,reactome:ProteinReference653
reactome:ProteinReference9141,abstraction:ControlsExpressionOf,reactome:ProteinReference5390
reactome:ProteinReference1056,abstraction:ControlsExpressionOf,reactome:ProteinReference1150
reactome:ProteinReference10922,abstraction:ControlsExpressionOf,reactome:ProteinReference11755
reactome:ProteinReference2787,abstraction:ControlsExpressionOf,reactome:ProteinReference10383
reactome:ProteinReference9047,abstraction:ControlsExpressionOf,reactome:ProteinReference655
reactome:ProteinReference8982,abstraction:ControlsExpressionOf,reactome:ProteinReference1352
reactome:ProteinReference2796,abstraction:ControlsExpressionOf,reactome:ProteinReference4423
reactome:ProteinReference10409,abstraction:ControlsExpressionOf,reactome:ProteinReference11940
reactome:ProteinReference6861,abstraction:ControlsExpressionOf,reactome:ProteinReference9717
reactome:ProteinReference1094,abstraction:ControlsExpressionOf,reactome:ProteinReference655
reactome:ProteinReference10833,abstraction:ControlsExpressionOf,reactome:ProteinReference7777
reactome:ProteinReference2503,abstraction:ControlsExpressionOf,reactome:ProteinReference8632
reactome:ProteinReference10409,abstraction:ControlsExpressionOf,reactome:ProteinReference11729
reactome:ProteinReference1059,abstraction:ControlsExpressionOf,reactome:ProteinReference1160
reactome:ProteinReference4561,abstraction:ControlsExpressionOf,reactome:ProteinReference6180
reactome:ProteinReference10409,abstraction:ControlsExpressionOf,reactome:ProteinReference12003
reactome:ProteinReference2509,abstraction:ControlsExpressionOf,reactome:ProteinReference8632
reactome:ProteinReference7713,abstraction:ControlsExpressionOf,reactome:ProteinReference7502
reactome:ProteinReference1094,abstraction:ControlsExpressionOf,reactome:ProteinReference1346
reactome:ProteinReference10409,abstraction:ControlsExpressionOf,reactome:ProteinReference11992
reactome:ProteinReference1123,abstraction:ControlsExpressionOf,reactome:ProteinReference741
reactome:ProteinReference4526,abstraction:ControlsExpressionOf,reactome:ProteinReference5176
reactome:ProteinReference6946,abstraction:ControlsExpressionOf,reactome:ProteinReference8322
reactome:ProteinReference8604,abstraction:ControlsExpressionOf,reactome:ProteinReference10384
reactome:ProteinReference7604,abstraction:ControlsExpressionOf,reactome:ProteinReference10850
reactome:ProteinReference8283,abstraction:ControlsExpressionOf,reactome:ProteinReference7058
reactome:ProteinReference6080,abstraction:ControlsExpressionOf,reactome:ProteinReference9922
reactome:ProteinReference1068,abstraction:ControlsExpressionOf,reactome:ProteinReference1139
reactome:ProteinReference10409,abstraction:ControlsExpressionOf,reactome:ProteinReference11950
reactome:ProteinReference8610,abstraction:ControlsExpressionOf,reactome:ProteinReference8322
reactome:ProteinReference1066,abstraction:ControlsExpressionOf,reactome:ProteinReference1082
reactome:ProteinReference4525,abstraction:ControlsExpressionOf,reactome:ProteinReference1351
reactome:ProteinReference7604,abstraction:ControlsExpressionOf,reactome:ProteinReference10823
reactome:ProteinReference1061,abstraction:ControlsExpressionOf,reactome:ProteinReference1140
reactome:ProteinReference10922,abstraction:ControlsExpressionOf,reactome:ProteinReference11854
reactome:ProteinReference11271,abstraction:ControlsExpressionOf,reactome:ProteinReference11745
reactome:ProteinReference11271,abstraction:ControlsExpressionOf,reactome:ProteinReference11887
reactome:ProteinReference1121,abstraction:ControlsExpressionOf,reactome:ProteinReference1402
reactome:ProteinReference1052,abstraction:ControlsExpressionOf,reactome:ProteinReference661
reactome:ProteinReference5003,abstraction:ControlsExpressionOf,reactome:ProteinReference1347
reactome:ProteinReference10409,abstraction:ControlsExpressionOf,reactome:ProteinReference11832
reactome:ProteinReference7589,abstraction:ControlsExpressionOf,reactome:ProteinReference7523
reactome:ProteinReference1052,abstraction:ControlsExpressionOf,reactome:ProteinReference1145
reactome:ProteinReference1121,abstraction:ControlsExpressionOf,reactome:ProteinReference1349
reactome:ProteinReference6031,abstraction:ControlsExpressionOf,reactome:ProteinReference2031
reactome:ProteinReference4561,abstraction:ControlsExpressionOf,reactome:ProteinReference1844
reactome:ProteinReference11271,abstraction:ControlsExpressionOf,reactome:ProteinReference11860
reactome:ProteinReference4413,abstraction:ControlsExpressionOf,reactome:ProteinReference8295
reactome:ProteinReference11019,abstraction:ControlsExpressionOf,reactome:ProteinReference10836
reactome:ProteinReference4523,abstraction:ControlsExpressionOf,reactome:ProteinReference1844
reactome:ProteinReference7589,abstraction:ControlsExpressionOf,reactome:ProteinReference5039
reactome:ProteinReference3891,abstraction:ControlsExpressionOf,reactome:ProteinReference4641
reactome:ProteinReference6079,abstraction:ControlsExpressionOf,reactome:ProteinReference9927
reactome:ProteinReference11271,abstraction:ControlsExpressionOf,reactome:ProteinReference11925
reactome:ProteinReference11313,abstraction:ControlsExpressionOf,reactome:ProteinReference8116
reactome:ProteinReference7509,abstraction:ControlsExpressionOf,reactome:ProteinReference7559
reactome:ProteinReference9960,abstraction:ControlsExpressionOf,reactome:ProteinReference10456
reactome:ProteinReference1113,abstraction:ControlsExpressionOf,reactome:ProteinReference1197
reactome:ProteinReference6244,abstraction:ControlsExpressionOf,reactome:ProteinReference936
reactome:ProteinReference10922,abstraction:ControlsExpressionOf,reactome:ProteinReference11964
reactome:ProteinReference10348,abstraction:ControlsExpressionOf,reactome:ProteinReference6969
reactome:ProteinReference1112,abstraction:ControlsExpressionOf,reactome:ProteinReference1339
reactome:ProteinReference5003,abstraction:ControlsExpressionOf,reactome:ProteinReference3539
reactome:ProteinReference3891,abstraction:ControlsExpressionOf,reactome:ProteinReference5412
reactome:ProteinReference4525,abstraction:ControlsExpressionOf,reactome:ProteinReference1807
reactome:ProteinReference4556,abstraction:ControlsExpressionOf,reactome:ProteinReference1844
reactome:ProteinReference2003,abstraction:ControlsExpressionOf,reactome:ProteinReference1988
reactome:ProteinReference4521,abstraction:ControlsExpressionOf,reactome:ProteinReference10577
reactome:ProteinReference1070,abstraction:ControlsExpressionOf,reactome:ProteinReference1053
reactome:ProteinReference6818,abstraction:ControlsExpressionOf,reactome:ProteinReference7550
reactome:ProteinReference10836,abstraction:ControlsExpressionOf,reactome:ProteinReference11030
reactome:ProteinReference1074,abstraction:ControlsExpressionOf,reactome:ProteinReference1641
reactome:ProteinReference2799,abstraction:ControlsExpressionOf,reactome:ProteinReference10384
reactome:ProteinReference2000,abstraction:ControlsExpressionOf,reactome:ProteinReference1988
reactome:ProteinReference10677,abstraction:ControlsExpressionOf,reactome:ProteinReference5251
reactome:ProteinReference2787,abstraction:ControlsExpressionOf,reactome:ProteinReference5336
reactome:ProteinReference2793,abstraction:ControlsExpressionOf,reactome:ProteinReference6855
reactome:ProteinReference1052,abstraction:ControlsExpressionOf,reactome:ProteinReference650
reactome:ProteinReference1096,abstraction:ControlsExpressionOf,reactome:ProteinReference1351
reactome:ProteinReference1063,abstraction:ControlsExpressionOf,reactome:ProteinReference1346
reactome:ProteinReference3487,abstraction:ControlsExpressionOf,reactome:ProteinReference10854
reactome:ProteinReference1052,abstraction:ControlsExpressionOf,reactome:ProteinReference653
reactome:ProteinReference4548,abstraction:ControlsExpressionOf,reactome:ProteinReference1152
reactome:ProteinReference2793,abstraction:ControlsExpressionOf,reactome:ProteinReference10383
reactome:ProteinReference6875,abstraction:ControlsExpressionOf,reactome:ProteinReference6898
reactome:ProteinReference4413,abstraction:ControlsExpressionOf,reactome:ProteinReference8290
reactome:ProteinReference1115,abstraction:ControlsExpressionOf,reactome:ProteinReference1372
reactome:ProteinReference10922,abstraction:ControlsExpressionOf,reactome:ProteinReference11938
reactome:ProteinReference8283,abstraction:ControlsExpressionOf,reactome:ProteinReference7127
reactome:ProteinReference706,abstraction:ControlsExpressionOf,reactome:ProteinReference332
reactome:ProteinReference5430,abstraction:ControlsExpressionOf,reactome:ProteinReference653
reactome:ProteinReference10922,abstraction:ControlsExpressionOf,reactome:ProteinReference11937
reactome:ProteinReference4472,abstraction:ControlsExpressionOf,reactome:ProteinReference5176
reactome:ProteinReference4556,abstraction:ControlsExpressionOf,reactome:ProteinReference5176
reactome:ProteinReference1154,abstraction:ControlsExpressionOf,reactome:ProteinReference193
reactome:ProteinReference1103,abstraction:ControlsExpressionOf,reactome:ProteinReference1351
reactome:ProteinReference5431,abstraction:ControlsExpressionOf,reactome:ProteinReference7510
reactome:ProteinReference5245,abstraction:ControlsExpressionOf,reactome:ProteinReference7714
reactome:ProteinReference663,abstraction:ControlsExpressionOf,reactome:ProteinReference644
reactome:ProteinReference9780,abstraction:ControlsExpressionOf,reactome:ProteinReference1240
reactome:ProteinReference7597,abstraction:ControlsExpressionOf,reactome:ProteinReference10581
reactome:ProteinReference7589,abstraction:ControlsExpressionOf,reactome:ProteinReference7541
reactome:ProteinReference11271,abstraction:ControlsExpressionOf,reactome:ProteinReference11786
reactome:ProteinReference6119,abstraction:ControlsExpressionOf,reactome:ProteinReference6139
reactome:ProteinReference2809,abstraction:ControlsExpressionOf,reactome:ProteinReference4438
reactome:ProteinReference1057,abstraction:ControlsExpressionOf,reactome:ProteinReference1154
reactome:ProteinReference4530,abstraction:ControlsExpressionOf,reactome:ProteinReference7714
reactome:ProteinReference5433,abstraction:ControlsExpressionOf,reactome:ProteinReference6932
reactome:ProteinReference1096,abstraction:ControlsExpressionOf,reactome:ProteinReference1807
reactome:ProteinReference1104,abstraction:ControlsExpressionOf,reactome:ProteinReference1349
reactome:ProteinReference10409,abstraction:ControlsExpressionOf,reactome:ProteinReference11744
reactome:ProteinReference10409,abstraction:ControlsExpressionOf,reactome:ProteinReference11684
reactome:ProteinReference2790,abstraction:ControlsExpressionOf,reactome:ProteinReference5907
reactome:ProteinReference4558,abstraction:ControlsExpressionOf,reactome:ProteinReference1197
reactome:ProteinReference11271,abstraction:ControlsExpressionOf,reactome:ProteinReference11693
reactome:ProteinReference4414,abstraction:ControlsExpressionOf,reactome:ProteinReference1154
reactome:ProteinReference1142,abstraction:ControlsExpressionOf,reactome:ProteinReference1183
reactome:ProteinReference5285,abstraction:ControlsExpressionOf,reactome:ProteinReference1351
reactome:ProteinReference11271,abstraction:ControlsExpressionOf,reactome:ProteinReference11908
reactome:ProteinReference9807,abstraction:ControlsExpressionOf,reactome:ProteinReference2841
reactome:ProteinReference1063,abstraction:ControlsExpressionOf,reactome:ProteinReference1126
reactome:ProteinReference4559,abstraction:ControlsExpressionOf,reactome:ProteinReference1347
reactome:ProteinReference10682,abstraction:ControlsExpressionOf,reactome:ProteinReference3249
reactome:ProteinReference6138,abstraction:ControlsExpressionOf,reactome:ProteinReference7502
reactome:ProteinReference10922,abstraction:ControlsExpressionOf,reactome:ProteinReference11725
reactome:ProteinReference10578,abstraction:ControlsExpressionOf,reactome:ProteinReference10581
reactome:ProteinReference10409,abstraction:ControlsExpressionOf,reactome:ProteinReference12017
reactome:ProteinReference3092,abstraction:ControlsExpressionOf,reactome:ProteinReference6139
reactome:ProteinReference10839,abstraction:ControlsExpressionOf,reactome:ProteinReference10840
reactome:ProteinReference4525,abstraction:ControlsExpressionOf,reactome:ProteinReference5176
reactome:ProteinReference1098,abstraction:ControlsExpressionOf,reactome:ProteinReference10580
reactome:ProteinReference5004,abstraction:ControlsExpressionOf,reactome:ProteinReference1268
reactome:ProteinReference1123,abstraction:ControlsExpressionOf,reactome:ProteinReference763
reactome:ProteinReference1052,abstraction:ControlsExpressionOf,reactome:ProteinReference1163
reactome:ProteinReference1103,abstraction:ControlsExpressionOf,reactome:ProteinReference1807
reactome:ProteinReference9053,abstraction:ControlsExpressionOf,reactome:ProteinReference1151
reactome:ProteinReference6818,abstraction:ControlsExpressionOf,reactome:ProteinReference6862
reactome:ProteinReference8286,abstraction:ControlsExpressionOf,reactome:ProteinReference7011
reactome:ProteinReference3836,abstraction:ControlsExpressionOf,reactome:ProteinReference6139
reactome:ProteinReference663,abstraction:ControlsExpressionOf,reactome:ProteinReference666
reactome:ProteinReference4549,abstraction:ControlsExpressionOf,reactome:ProteinReference7714
reactome:ProteinReference11271,abstraction:ControlsExpressionOf,reactome:ProteinReference11871
reactome:ProteinReference4556,abstraction:ControlsExpressionOf,reactome:ProteinReference1352
reactome:ProteinReference1061,abstraction:ControlsExpressionOf,reactome:ProteinReference1844
reactome:ProteinReference6096,abstraction:ControlsExpressionOf,reactome:ProteinReference5077
reactome:ProteinReference6034,abstraction:ControlsExpressionOf,reactome:ProteinReference1901
reactome:ProteinReference1107,abstraction:ControlsExpressionOf,reactome:ProteinReference1188
reactome:ProteinReference4550,abstraction:ControlsExpressionOf,reactome:ProteinReference1197
reactome:ProteinReference9807,abstraction:ControlsExpressionOf,reactome:ProteinReference6193
reactome:ProteinReference10922,abstraction:ControlsExpressionOf,reactome:ProteinReference11947
reactome:ProteinReference11271,abstraction:ControlsExpressionOf,reactome:ProteinReference11886
reactome:ProteinReference4559,abstraction:ControlsExpressionOf,reactome:ProteinReference10577
reactome:ProteinReference11271,abstraction:ControlsExpressionOf,reactome:ProteinReference11899
reactome:ProteinReference11271,abstraction:ControlsExpressionOf,reactome:ProteinReference11863
reactome:ProteinReference10409,abstraction:ControlsExpressionOf,reactome:ProteinReference12002
reactome:ProteinReference5434,abstraction:ControlsExpressionOf,reactome:ProteinReference8287
reactome:ProteinReference10922,abstraction:ControlsExpressionOf,reactome:ProteinReference11983
reactome:ProteinReference10833,abstraction:ControlsExpressionOf,reactome:ProteinReference11027
reactome:ProteinReference10839,abstraction:ControlsExpressionOf,reactome:ProteinReference7518
reactome:ProteinReference4456,abstraction:ControlsExpressionOf,reactome:ProteinReference3540
reactome:ProteinReference11271,abstraction:ControlsExpressionOf,reactome:ProteinReference11934
reactome:ProteinReference10580,abstraction:ControlsExpressionOf,reactome:ProteinReference5139
reactome:ProteinReference2793,abstraction:ControlsExpressionOf,reactome:ProteinReference5336
reactome:ProteinReference7826,abstraction:ControlsExpressionOf,reactome:ProteinReference6103
reactome:ProteinReference7503,abstraction:ControlsExpressionOf,reactome:ProteinReference7550
reactome:ProteinReference1090,abstraction:ControlsExpressionOf,reactome:ProteinReference655
reactome:ProteinReference1086,abstraction:ControlsExpressionOf,reactome:ProteinReference2042
reactome:ProteinReference4413,abstraction:ControlsExpressionOf,reactome:ProteinReference10404
reactome:ProteinReference4561,abstraction:ControlsExpressionOf,reactome:ProteinReference1337
reactome:ProteinReference5285,abstraction:ControlsExpressionOf,reactome:ProteinReference1807
reactome:ProteinReference9073,abstraction:ControlsExpressionOf,reactome:ProteinReference2585
reactome:ProteinReference2798,abstraction:ControlsExpressionOf,reactome:ProteinReference4438
reactome:ProteinReference9701,abstraction:ControlsExpressionOf,reactome:ProteinReference9707
reactome:ProteinReference5285,abstraction:ControlsExpressionOf,reactome:ProteinReference661
reactome:ProteinReference5434,abstraction:ControlsExpressionOf,reactome:ProteinReference8286
reactome:ProteinReference11256,abstraction:ControlsExpressionOf,reactome:ProteinReference10533
reactome:ProteinReference1065,abstraction:ControlsExpressionOf,reactome:ProteinReference1151
reactome:ProteinReference6774,abstraction:ControlsExpressionOf,reactome:ProteinReference1650
reactome:ProteinReference4523,abstraction:ControlsExpressionOf,reactome:ProteinReference1337
reactome:ProteinReference5244,abstraction:ControlsExpressionOf,reactome:ProteinReference10581
reactome:ProteinReference10682,abstraction:ControlsExpressionOf,reactome:ProteinReference10529
reactome:ProteinReference1066,abstraction:ControlsExpressionOf,reactome:ProteinReference1081
reactome:ProteinReference11271,abstraction:ControlsExpressionOf,reactome:ProteinReference11770
reactome:ProteinReference4450,abstraction:ControlsExpressionOf,reactome:ProteinReference10455
reactome:ProteinReference1064,abstraction:ControlsExpressionOf,reactome:ProteinReference1159
reactome:ProteinReference3891,abstraction:ControlsExpressionOf,reactome:ProteinReference6278
reactome:ProteinReference4697,abstraction:ControlsExpressionOf,reactome:ProteinReference1357
reactome:ProteinReference2806,abstraction:ControlsExpressionOf,reactome:ProteinReference6855
reactome:ProteinReference1113,abstraction:ControlsExpressionOf,reactome:ProteinReference1402
reactome:ProteinReference1091,abstraction:ControlsExpressionOf,reactome:ProteinReference10577
reactome:ProteinReference1113,abstraction:ControlsExpressionOf,reactome:ProteinReference1349
reactome:ProteinReference4525,abstraction:ControlsExpressionOf,reactome:ProteinReference1352
reactome:ProteinReference5432,abstraction:ControlsExpressionOf,reactome:ProteinReference5453
reactome:ProteinReference1154,abstraction:ControlsExpressionOf,reactome:ProteinReference6780
reactome:ProteinReference2806,abstraction:ControlsExpressionOf,reactome:ProteinReference10383
reactome:ProteinReference4589,abstraction:ControlsExpressionOf,reactome:ProteinReference5163
reactome:ProteinReference10922,abstraction:ControlsExpressionOf,reactome:ProteinReference11970
reactome:ProteinReference706,abstraction:ControlsExpressionOf,reactome:ProteinReference647
reactome:ProteinReference5395,abstraction:ControlsExpressionOf,reactome:ProteinReference10403
reactome:ProteinReference10409,abstraction:ControlsExpressionOf,reactome:ProteinReference11843
reactome:ProteinReference1052,abstraction:ControlsExpressionOf,reactome:ProteinReference1160
reactome:ProteinReference5277,abstraction:ControlsExpressionOf,reactome:ProteinReference10829
reactome:ProteinReference1053,abstraction:ControlsExpressionOf,reactome:ProteinReference1139
reactome:ProteinReference4527,abstraction:ControlsExpressionOf,reactome:ProteinReference10577
reactome:ProteinReference1076,abstraction:ControlsExpressionOf,reactome:ProteinReference1337
reactome:ProteinReference1117,abstraction:ControlsExpressionOf,reactome:ProteinReference10580
reactome:ProteinReference10409,abstraction:ControlsExpressionOf,reactome:ProteinReference11942
reactome:ProteinReference1115,abstraction:ControlsExpressionOf,reactome:ProteinReference1346
reactome:ProteinReference11271,abstraction:ControlsExpressionOf,reactome:ProteinReference11679
reactome:ProteinReference6861,abstraction:ControlsExpressionOf,reactome:ProteinReference9711
reactome:ProteinReference4541,abstraction:ControlsExpressionOf,reactome:ProteinReference5073
reactome:ProteinReference3891,abstraction:ControlsExpressionOf,reactome:ProteinReference5533
reactome:ProteinReference5940,abstraction:ControlsExpressionOf,reactome:ProteinReference5946
reactome:ProteinReference7572,abstraction:ControlsExpressionOf,reactome:ProteinReference7502
reactome:ProteinReference1065,abstraction:ControlsExpressionOf,reactome:ProteinReference1136
reactome:ProteinReference10922,abstraction:ControlsExpressionOf,reactome:ProteinReference11844
reactome:ProteinReference7505,abstraction:ControlsExpressionOf,reactome:ProteinReference7541
reactome:ProteinReference1153,abstraction:ControlsExpressionOf,reactome:ProteinReference9816
reactome:ProteinReference11315,abstraction:ControlsExpressionOf,reactome:ProteinReference8294
reactome:ProteinReference1073,abstraction:ControlsExpressionOf,reactome:ProteinReference1649
reactome:ProteinReference6951,abstraction:ControlsExpressionOf,reactome:ProteinReference10404
reactome:ProteinReference4530,abstraction:ControlsExpressionOf,reactome:ProteinReference1372
reactome:ProteinReference6773,abstraction:ControlsExpressionOf,reactome:ProteinReference5711
reactome:ProteinReference11256,abstraction:ControlsExpressionOf,reactome:ProteinReference2585
reactome:ProteinReference7506,abstraction:ControlsExpressionOf,reactome:ProteinReference7557
reactome:ProteinReference4697,abstraction:ControlsExpressionOf,reactome:ProteinReference5449
reactome:ProteinReference1114,abstraction:ControlsExpressionOf,reactome:ProteinReference1188
reactome:ProteinReference10922,abstraction:ControlsExpressionOf,reactome:ProteinReference11984
reactome:ProteinReference1123,abstraction:ControlsExpressionOf,reactome:ProteinReference1163
reactome:ProteinReference1088,abstraction:ControlsExpressionOf,reactome:ProteinReference1149
reactome:ProteinReference4393,abstraction:ControlsExpressionOf,reactome:ProteinReference5165
reactome:ProteinReference1061,abstraction:ControlsExpressionOf,reactome:ProteinReference1352
reactome:ProteinReference1066,abstraction:ControlsExpressionOf,reactome:ProteinReference655
reactome:ProteinReference11271,abstraction:ControlsExpressionOf,reactome:ProteinReference11639
reactome:ProteinReference7590,abstraction:ControlsExpressionOf,reactome:ProteinReference7762
reactome:ProteinReference10922,abstraction:ControlsExpressionOf,reactome:ProteinReference11972
reactome:ProteinReference1107,abstraction:ControlsExpressionOf,reactome:ProteinReference1339
reactome:ProteinReference8605,abstraction:ControlsExpressionOf,reactome:ProteinReference4423
reactome:ProteinReference2790,abstraction:ControlsExpressionOf,reactome:ProteinReference4423
reactome:ProteinReference4481,abstraction:ControlsExpressionOf,reactome:ProteinReference7609
reactome:ProteinReference4555,abstraction:ControlsExpressionOf,reactome:ProteinReference1151
reactome:ProteinReference11271,abstraction:ControlsExpressionOf,reactome:ProteinReference11968
reactome:ProteinReference10409,abstraction:ControlsExpressionOf,reactome:ProteinReference11935
reactome:ProteinReference10922,abstraction:ControlsExpressionOf,reactome:ProteinReference11713
reactome:ProteinReference6160,abstraction:ControlsExpressionOf,reactome:ProteinReference1123
reactome:ProteinReference5285,abstraction:ControlsExpressionOf,reactome:ProteinReference5176
reactome:ProteinReference4558,abstraction:ControlsExpressionOf,reactome:ProteinReference1402
reactome:ProteinReference1066,abstraction:ControlsExpressionOf,reactome:ProteinReference1346
reactome:ProteinReference11271,abstraction:ControlsExpressionOf,reactome:ProteinReference11741
reactome:ProteinReference11313,abstraction:ControlsExpressionOf,reactome:ProteinReference4470
reactome:ProteinReference11271,abstraction:ControlsExpressionOf,reactome:ProteinReference11774
reactome:ProteinReference1065,abstraction:ControlsExpressionOf,reactome:ProteinReference666
reactome:ProteinReference4557,abstraction:ControlsExpressionOf,reactome:ProteinReference10578
reactome:ProteinReference4697,abstraction:ControlsExpressionOf,reactome:ProteinReference3539
reactome:ProteinReference11313,abstraction:ControlsExpressionOf,reactome:ProteinReference11309
reactome:ProteinReference1115,abstraction:ControlsExpressionOf,reactome:ProteinReference1126
reactome:ProteinReference4558,abstraction:ControlsExpressionOf,reactome:ProteinReference1349
reactome:ProteinReference6136,abstraction:ControlsExpressionOf,reactome:ProteinReference2314
reactome:ProteinReference4549,abstraction:ControlsExpressionOf,reactome:ProteinReference1372
reactome:ProteinReference6097,abstraction:ControlsExpressionOf,reactome:ProteinReference6776
reactome:ProteinReference1079,abstraction:ControlsExpressionOf,reactome:ProteinReference1197
reactome:ProteinReference1099,abstraction:ControlsExpressionOf,reactome:ProteinReference10581
reactome:ProteinReference10922,abstraction:ControlsExpressionOf,reactome:ProteinReference11989
reactome:ProteinReference5164,abstraction:ControlsExpressionOf,reactome:ProteinReference10429
reactome:ProteinReference10409,abstraction:ControlsExpressionOf,reactome:ProteinReference11762
reactome:ProteinReference7507,abstraction:ControlsExpressionOf,reactome:ProteinReference7546
reactome:ProteinReference4551,abstraction:ControlsExpressionOf,reactome:ProteinReference10581
reactome:ProteinReference5429,abstraction:ControlsExpressionOf,reactome:ProteinReference3598
reactome:ProteinReference1053,abstraction:ControlsExpressionOf,reactome:ProteinReference1151
reactome:ProteinReference6032,abstraction:ControlsExpressionOf,reactome:ProteinReference10403
reactome:ProteinReference9076,abstraction:ControlsExpressionOf,reactome:ProteinReference2581
reactome:ProteinReference4393,abstraction:ControlsExpressionOf,reactome:ProteinReference10854
reactome:ProteinReference1063,abstraction:ControlsExpressionOf,reactome:ProteinReference1744
reactome:ProteinReference1074,abstraction:ControlsExpressionOf,reactome:ProteinReference1071
reactome:ProteinReference7589,abstraction:ControlsExpressionOf,reactome:ProteinReference3644
reactome:ProteinReference1087,abstraction:ControlsExpressionOf,reactome:ProteinReference2042
reactome:ProteinReference4413,abstraction:ControlsExpressionOf,reactome:ProteinReference6136
reactome:ProteinReference11271,abstraction:ControlsExpressionOf,reactome:ProteinReference11920
reactome:ProteinReference7571,abstraction:ControlsExpressionOf,reactome:ProteinReference4654
reactome:ProteinReference6126,abstraction:ControlsExpressionOf,reactome:ProteinReference5078
reactome:ProteinReference2806,abstraction:ControlsExpressionOf,reactome:ProteinReference5336
reactome:ProteinReference5284,abstraction:ControlsExpressionOf,reactome:ProteinReference1082
reactome:ProteinReference5432,abstraction:ControlsExpressionOf,reactome:ProteinReference3598
reactome:ProteinReference1086,abstraction:ControlsExpressionOf,reactome:ProteinReference1844
reactome:ProteinReference5164,abstraction:ControlsExpressionOf,reactome:ProteinReference5162
reactome:ProteinReference7597,abstraction:ControlsExpressionOf,reactome:ProteinReference1152
reactome:ProteinReference10409,abstraction:ControlsExpressionOf,reactome:ProteinReference11743
reactome:ProteinReference4550,abstraction:ControlsExpressionOf,reactome:ProteinReference1402
reactome:ProteinReference2499,abstraction:ControlsExpressionOf,reactome:ProteinReference8632
reactome:ProteinReference10922,abstraction:ControlsExpressionOf,reactome:ProteinReference11953
reactome:ProteinReference1061,abstraction:ControlsExpressionOf,reactome:ProteinReference1337
reactome:ProteinReference4550,abstraction:ControlsExpressionOf,reactome:ProteinReference1349
reactome:ProteinReference1089,abstraction:ControlsExpressionOf,reactome:ProteinReference1351
reactome:ProteinReference1938,abstraction:ControlsExpressionOf,reactome:ProteinReference1988
reactome:ProteinReference2809,abstraction:ControlsExpressionOf,reactome:ProteinReference5291
reactome:ProteinReference4413,abstraction:ControlsExpressionOf,reactome:ProteinReference3239
reactome:ProteinReference9047,abstraction:ControlsExpressionOf,reactome:ProteinReference10581
reactome:ProteinReference4456,abstraction:ControlsExpressionOf,reactome:ProteinReference2059
reactome:ProteinReference1066,abstraction:ControlsExpressionOf,reactome:ProteinReference1126
reactome:ProteinReference1066,abstraction:ControlsExpressionOf,reactome:ProteinReference1138
reactome:ProteinReference1094,abstraction:ControlsExpressionOf,reactome:ProteinReference10581
reactome:ProteinReference1105,abstraction:ControlsExpressionOf,reactome:ProteinReference1337
reactome:ProteinReference11271,abstraction:ControlsExpressionOf,reactome:ProteinReference11837
reactome:ProteinReference1069,abstraction:ControlsExpressionOf,reactome:ProteinReference1140
reactome:ProteinReference1118,abstraction:ControlsExpressionOf,reactome:ProteinReference1347
reactome:ProteinReference7920,abstraction:ControlsExpressionOf,reactome:ProteinReference3577
reactome:ProteinReference1123,abstraction:ControlsExpressionOf,reactome:ProteinReference1154
reactome:ProteinReference8603,abstraction:ControlsExpressionOf,reactome:ProteinReference6855
reactome:ProteinReference7590,abstraction:ControlsExpressionOf,reactome:ProteinReference9898
reactome:ProteinReference10922,abstraction:ControlsExpressionOf,reactome:ProteinReference11876
reactome:ProteinReference5427,abstraction:ControlsExpressionOf,reactome:ProteinReference8286
reactome:ProteinReference10580,abstraction:ControlsExpressionOf,reactome:ProteinReference1124
reactome:ProteinReference10578,abstraction:ControlsExpressionOf,reactome:ProteinReference1152
reactome:ProteinReference4458,abstraction:ControlsExpressionOf,reactome:ProteinReference3577
reactome:ProteinReference3851,abstraction:ControlsExpressionOf,reactome:ProteinReference5291
reactome:ProteinReference7504,abstraction:ControlsExpressionOf,reactome:ProteinReference7555
reactome:ProteinReference8824,abstraction:ControlsExpressionOf,reactome:ProteinReference9708
reactome:ProteinReference10409,abstraction:ControlsExpressionOf,reactome:ProteinReference11709
reactome:ProteinReference4526,abstraction:ControlsExpressionOf,reactome:ProteinReference1082
reactome:ProteinReference10424,abstraction:ControlsExpressionOf,reactome:ProteinReference10347
reactome:ProteinReference10409,abstraction:ControlsExpressionOf,reactome:ProteinReference11849
reactome:ProteinReference10409,abstraction:ControlsExpressionOf,reactome:ProteinReference11835
reactome:ProteinReference1105,abstraction:ControlsExpressionOf,reactome:ProteinReference5139
reactome:ProteinReference8823,abstraction:ControlsExpressionOf,reactome:ProteinReference9707
reactome:ProteinReference3891,abstraction:ControlsExpressionOf,reactome:ProteinReference6293
reactome:ProteinReference11271,abstraction:ControlsExpressionOf,reactome:ProteinReference11907
reactome:ProteinReference7861,abstraction:ControlsExpressionOf,reactome:ProteinReference1163
reactome:ProteinReference5428,abstraction:ControlsExpressionOf,reactome:ProteinReference4386
reactome:ProteinReference1068,abstraction:ControlsExpressionOf,reactome:ProteinReference10
reactome:ProteinReference5418,abstraction:ControlsExpressionOf,reactome:ProteinReference10846
reactome:ProteinReference10922,abstraction:ControlsExpressionOf,reactome:ProteinReference11840
reactome:ProteinReference4456,abstraction:ControlsExpressionOf,reactome:ProteinReference3539
reactome:ProteinReference6943,abstraction:ControlsExpressionOf,reactome:ProteinReference10383
reactome:ProteinReference6173,abstraction:ControlsExpressionOf,reactome:ProteinReference1357
reactome:ProteinReference10922,abstraction:ControlsExpressionOf,reactome:ProteinReference11749
reactome:ProteinReference707,abstraction:ControlsExpressionOf,reactome:ProteinReference332
reactome:ProteinReference1112,abstraction:ControlsExpressionOf,reactome:ProteinReference1197
reactome:ProteinReference10409,abstraction:ControlsExpressionOf,reactome:ProteinReference11802
reactome:ProteinReference4553,abstraction:ControlsExpressionOf,reactome:ProteinReference6180
reactome:ProteinReference1102,abstraction:ControlsExpressionOf,reactome:ProteinReference1337
reactome:ProteinReference10573,abstraction:ControlsExpressionOf,reactome:ProteinReference1844
reactome:ProteinReference6122,abstraction:ControlsExpressionOf,reactome:ProteinReference5078
reactome:ProteinReference4564,abstraction:ControlsExpressionOf,reactome:ProteinReference4641
reactome:ProteinReference4589,abstraction:ControlsExpressionOf,reactome:ProteinReference5282
reactome:ProteinReference1108,abstraction:ControlsExpressionOf,reactome:ProteinReference1337
reactome:ProteinReference10922,abstraction:ControlsExpressionOf,reactome:ProteinReference12000
reactome:ProteinReference1061,abstraction:ControlsExpressionOf,reactome:ProteinReference6178
reactome:ProteinReference1106,abstraction:ControlsExpressionOf,reactome:ProteinReference1339
reactome:ProteinReference10409,abstraction:ControlsExpressionOf,reactome:ProteinReference11878
reactome:ProteinReference7573,abstraction:ControlsExpressionOf,reactome:ProteinReference4654
reactome:ProteinReference10922,abstraction:ControlsExpressionOf,reactome:ProteinReference11975
reactome:ProteinReference175,abstraction:ControlsExpressionOf,reactome:ProteinReference9939
reactome:ProteinReference1070,abstraction:ControlsExpressionOf,reactome:ProteinReference1140
reactome:ProteinReference10409,abstraction:ControlsExpressionOf,reactome:ProteinReference11982
reactome:ProteinReference10922,abstraction:ControlsExpressionOf,reactome:ProteinReference11884
reactome:ProteinReference1068,abstraction:ControlsExpressionOf,reactome:ProteinReference1084
reactome:ProteinReference1102,abstraction:ControlsExpressionOf,reactome:ProteinReference5139
reactome:ProteinReference4399,abstraction:ControlsExpressionOf,reactome:ProteinReference10455
reactome:ProteinReference4552,abstraction:ControlsExpressionOf,reactome:ProteinReference1151
reactome:ProteinReference7859,abstraction:ControlsExpressionOf,reactome:ProteinReference2059
reactome:ProteinReference7503,abstraction:ControlsExpressionOf,reactome:ProteinReference7518
reactome:ProteinReference2791,abstraction:ControlsExpressionOf,reactome:ProteinReference10384
reactome:ProteinReference8917,abstraction:ControlsExpressionOf,reactome:ProteinReference8907
reactome:ProteinReference1108,abstraction:ControlsExpressionOf,reactome:ProteinReference5139
reactome:ProteinReference1064,abstraction:ControlsExpressionOf,reactome:ProteinReference1143
reactome:ProteinReference10577,abstraction:ControlsExpressionOf,reactome:ProteinReference1372
reactome:ProteinReference5244,abstraction:ControlsExpressionOf,reactome:ProteinReference1152
reactome:ProteinReference11271,abstraction:ControlsExpressionOf,reactome:ProteinReference11792
reactome:ProteinReference707,abstraction:ControlsExpressionOf,reactome:ProteinReference17
reactome:ProteinReference11271,abstraction:ControlsExpressionOf,reactome:ProteinReference11830
reactome:ProteinReference5908,abstraction:ControlsExpressionOf,reactome:ProteinReference5915
reactome:ProteinReference3891,abstraction:ControlsExpressionOf,reactome:ProteinReference8740
reactome:ProteinReference6944,abstraction:ControlsExpressionOf,reactome:ProteinReference10384
reactome:ProteinReference1120,abstraction:ControlsExpressionOf,reactome:ProteinReference661
reactome:ProteinReference6774,abstraction:ControlsExpressionOf,reactome:ProteinReference6779
reactome:ProteinReference5004,abstraction:ControlsExpressionOf,reactome:ProteinReference1162
reactome:ProteinReference8982,abstraction:ControlsExpressionOf,reactome:ProteinReference1372
reactome:ProteinReference10922,abstraction:ControlsExpressionOf,reactome:ProteinReference11905
reactome:ProteinReference6438,abstraction:ControlsExpressionOf,reactome:ProteinReference6097
reactome:ProteinReference11271,abstraction:ControlsExpressionOf,reactome:ProteinReference12027
reactome:ProteinReference5036,abstraction:ControlsExpressionOf,reactome:ProteinReference2719
reactome:ProteinReference4588,abstraction:ControlsExpressionOf,reactome:ProteinReference5277
reactome:ProteinReference1086,abstraction:ControlsExpressionOf,reactome:ProteinReference1352
reactome:ProteinReference1074,abstraction:ControlsExpressionOf,reactome:ProteinReference1124
reactome:ProteinReference1061,abstraction:ControlsExpressionOf,reactome:ProteinReference5921
reactome:ProteinReference6861,abstraction:ControlsExpressionOf,reactome:ProteinReference9746
reactome:ProteinReference2804,abstraction:ControlsExpressionOf,reactome:ProteinReference6855
reactome:ProteinReference6173,abstraction:ControlsExpressionOf,reactome:ProteinReference5449
reactome:ProteinReference11271,abstraction:ControlsExpressionOf,reactome:ProteinReference11755
reactome:ProteinReference11256,abstraction:ControlsExpressionOf,reactome:ProteinReference6912
reactome:ProteinReference1111,abstraction:ControlsExpressionOf,reactome:ProteinReference1351
reactome:ProteinReference11256,abstraction:ControlsExpressionOf,reactome:ProteinReference408
reactome:ProteinReference4530,abstraction:ControlsExpressionOf,reactome:ProteinReference1126
reactome:ProteinReference1154,abstraction:ControlsExpressionOf,reactome:ProteinReference10602
reactome:ProteinReference1079,abstraction:ControlsExpressionOf,reactome:ProteinReference1349
reactome:ProteinReference1061,abstraction:ControlsExpressionOf,reactome:ProteinReference5919
reactome:ProteinReference4561,abstraction:ControlsExpressionOf,reactome:ProteinReference7714
reactome:ProteinReference175,abstraction:ControlsExpressionOf,reactome:ProteinReference7764
reactome:ProteinReference5284,abstraction:ControlsExpressionOf,reactome:ProteinReference7502
reactome:ProteinReference1115,abstraction:ControlsExpressionOf,reactome:ProteinReference1744
reactome:ProteinReference9078,abstraction:ControlsExpressionOf,reactome:ProteinReference2585
reactome:ProteinReference5430,abstraction:ControlsExpressionOf,reactome:ProteinReference5453
reactome:ProteinReference1114,abstraction:ControlsExpressionOf,reactome:ProteinReference655
reactome:ProteinReference3864,abstraction:ControlsExpressionOf,reactome:ProteinReference2585
reactome:ProteinReference2788,abstraction:ControlsExpressionOf,reactome:ProteinReference5907
reactome:ProteinReference707,abstraction:ControlsExpressionOf,reactome:ProteinReference7738
reactome:ProteinReference10922,abstraction:ControlsExpressionOf,reactome:ProteinReference11790
reactome:ProteinReference1118,abstraction:ControlsExpressionOf,reactome:ProteinReference1744
reactome:ProteinReference6778,abstraction:ControlsExpressionOf,reactome:ProteinReference6773
reactome:ProteinReference10347,abstraction:ControlsExpressionOf,reactome:ProteinReference5039
reactome:ProteinReference10409,abstraction:ControlsExpressionOf,reactome:ProteinReference11799
reactome:ProteinReference5434,abstraction:ControlsExpressionOf,reactome:ProteinReference653
reactome:ProteinReference4523,abstraction:ControlsExpressionOf,reactome:ProteinReference7714
reactome:ProteinReference7571,abstraction:ControlsExpressionOf,reactome:ProteinReference10845
reactome:ProteinReference10466,abstraction:ControlsExpressionOf,reactome:ProteinReference6791
reactome:ProteinReference5429,abstraction:ControlsExpressionOf,reactome:ProteinReference4641
reactome:ProteinReference5163,abstraction:ControlsExpressionOf,reactome:ProteinReference11050
reactome:ProteinReference1068,abstraction:ControlsExpressionOf,reactome:ProteinReference1157
reactome:ProteinReference3080,abstraction:ControlsExpressionOf,reactome:ProteinReference6139
reactome:ProteinReference1062,abstraction:ControlsExpressionOf,reactome:ProteinReference1147
reactome:ProteinReference10922,abstraction:ControlsExpressionOf,reactome:ProteinReference11779
reactome:ProteinReference1086,abstraction:ControlsExpressionOf,reactome:ProteinReference1337
reactome:ProteinReference1061,abstraction:ControlsExpressionOf,reactome:ProteinReference5917
reactome:ProteinReference10409,abstraction:ControlsExpressionOf,reactome:ProteinReference11859
reactome:ProteinReference10838,abstraction:ControlsExpressionOf,reactome:ProteinReference7604
reactome:ProteinReference4549,abstraction:ControlsExpressionOf,reactome:ProteinReference1126
reactome:ProteinReference5245,abstraction:ControlsExpressionOf,reactome:ProteinReference1347
reactome:ProteinReference11271,abstraction:ControlsExpressionOf,reactome:ProteinReference11854
reactome:ProteinReference42,abstraction:ControlsExpressionOf,reactome:ProteinReference6147
reactome:ProteinReference1065,abstraction:ControlsExpressionOf,reactome:ProteinReference10
reactome:ProteinReference10409,abstraction:ControlsExpressionOf,reactome:ProteinReference11993
reactome:ProteinReference4556,abstraction:ControlsExpressionOf,reactome:ProteinReference7714
reactome:ProteinReference1111,abstraction:ControlsExpressionOf,reactome:ProteinReference1807
reactome:ProteinReference1121,abstraction:ControlsExpressionOf,reactome:ProteinReference1268
reactome:ProteinReference9701,abstraction:ControlsExpressionOf,reactome:ProteinReference9717
reactome:ProteinReference8604,abstraction:ControlsExpressionOf,reactome:ProteinReference6855
reactome:ProteinReference4589,abstraction:ControlsExpressionOf,reactome:ProteinReference5274
reactome:ProteinReference5510,abstraction:ControlsExpressionOf,reactome:ProteinReference6181
reactome:ProteinReference10451,abstraction:ControlsExpressionOf,reactome:ProteinReference5290
reactome:ProteinReference4541,abstraction:ControlsExpressionOf,reactome:ProteinReference11017
reactome:ProteinReference4526,abstraction:ControlsExpressionOf,reactome:ProteinReference7502
reactome:ProteinReference1952,abstraction:ControlsExpressionOf,reactome:ProteinReference1950
reactome:ProteinReference10405,abstraction:ControlsExpressionOf,reactome:ProteinReference647
reactome:ProteinReference4526,abstraction:ControlsExpressionOf,reactome:ProteinReference1372
reactome:ProteinReference1099,abstraction:ControlsExpressionOf,reactome:ProteinReference1152
reactome:ProteinReference4530,abstraction:ControlsExpressionOf,reactome:ProteinReference1347
reactome:ProteinReference1092,abstraction:ControlsExpressionOf,reactome:ProteinReference5139
reactome:ProteinReference10922,abstraction:ControlsExpressionOf,reactome:ProteinReference11805
reactome:ProteinReference4551,abstraction:ControlsExpressionOf,reactome:ProteinReference1152
reactome:ProteinReference4393,abstraction:ControlsExpressionOf,reactome:ProteinReference1718
reactome:ProteinReference5245,abstraction:ControlsExpressionOf,reactome:ProteinReference3539
reactome:ProteinReference1122,abstraction:ControlsExpressionOf,reactome:ProteinReference741
reactome:ProteinReference1064,abstraction:ControlsExpressionOf,reactome:ProteinReference1158
reactome:ProteinReference2510,abstraction:ControlsExpressionOf,reactome:ProteinReference8632
reactome:ProteinReference4588,abstraction:ControlsExpressionOf,reactome:ProteinReference659
reactome:ProteinReference9779,abstraction:ControlsExpressionOf,reactome:ProteinReference5668
reactome:ProteinReference6861,abstraction:ControlsExpressionOf,reactome:ProteinReference9725
reactome:ProteinReference10409,abstraction:ControlsExpressionOf,reactome:ProteinReference11954
reactome:ProteinReference5922,abstraction:ControlsExpressionOf,reactome:ProteinReference5909
reactome:ProteinReference2835,abstraction:ControlsExpressionOf,reactome:ProteinReference1182
reactome:ProteinReference5187,abstraction:ControlsExpressionOf,reactome:ProteinReference5189
reactome:ProteinReference10678,abstraction:ControlsExpressionOf,reactome:ProteinReference10530
reactome:ProteinReference10409,abstraction:ControlsExpressionOf,reactome:ProteinReference11955
reactome:ProteinReference1112,abstraction:ControlsExpressionOf,reactome:ProteinReference1402
reactome:ProteinReference4456,abstraction:ControlsExpressionOf,reactome:ProteinReference4660
reactome:ProteinReference10409,abstraction:ControlsExpressionOf,reactome:ProteinReference11677
reactome:ProteinReference4530,abstraction:ControlsExpressionOf,reactome:ProteinReference3539
reactome:ProteinReference1068,abstraction:ControlsExpressionOf,reactome:ProteinReference2585
reactome:ProteinReference1112,abstraction:ControlsExpressionOf,reactome:ProteinReference1349
reactome:ProteinReference1052,abstraction:ControlsExpressionOf,reactome:ProteinReference1188
reactome:ProteinReference6121,abstraction:ControlsExpressionOf,reactome:ProteinReference5078
reactome:ProteinReference10573,abstraction:ControlsExpressionOf,reactome:ProteinReference1337
reactome:ProteinReference10577,abstraction:ControlsExpressionOf,reactome:ProteinReference1346
reactome:ProteinReference5273,abstraction:ControlsExpressionOf,reactome:ProteinReference5281
reactome:ProteinReference1060,abstraction:ControlsExpressionOf,reactome:ProteinReference1139
reactome:ProteinReference2487,abstraction:ControlsExpressionOf,reactome:ProteinReference8632
reactome:ProteinReference3891,abstraction:ControlsExpressionOf,reactome:ProteinReference1501
reactome:ProteinReference10922,abstraction:ControlsExpressionOf,reactome:ProteinReference11940
reactome:ProteinReference8283,abstraction:ControlsExpressionOf,reactome:ProteinReference9656
reactome:ProteinReference6136,abstraction:ControlsExpressionOf,reactome:ProteinReference4641
reactome:ProteinReference9047,abstraction:ControlsExpressionOf,reactome:ProteinReference1152
reactome:ProteinReference10677,abstraction:ControlsExpressionOf,reactome:ProteinReference10683
reactome:ProteinReference4564,abstraction:ControlsExpressionOf,reactome:ProteinReference11012
reactome:ProteinReference5433,abstraction:ControlsExpressionOf,reactome:ProteinReference7717
reactome:ProteinReference10409,abstraction:ControlsExpressionOf,reactome:ProteinReference11826
reactome:ProteinReference10409,abstraction:ControlsExpressionOf,reactome:ProteinReference11676
reactome:ProteinReference8982,abstraction:ControlsExpressionOf,reactome:ProteinReference1346
reactome:ProteinReference1121,abstraction:ControlsExpressionOf,reactome:ProteinReference10578
reactome:ProteinReference1094,abstraction:ControlsExpressionOf,reactome:ProteinReference1152
reactome:ProteinReference6165,abstraction:ControlsExpressionOf,reactome:ProteinReference1123
reactome:ProteinReference7596,abstraction:ControlsExpressionOf,reactome:ProteinReference10580
reactome:ProteinReference10922,abstraction:ControlsExpressionOf,reactome:ProteinReference11644
reactome:ProteinReference7503,abstraction:ControlsExpressionOf,reactome:ProteinReference7560
reactome:ProteinReference4473,abstraction:ControlsExpressionOf,reactome:ProteinReference5907
reactome:ProteinReference10409,abstraction:ControlsExpressionOf,reactome:ProteinReference11902
reactome:ProteinReference11271,abstraction:ControlsExpressionOf,reactome:ProteinReference11938
reactome:ProteinReference1062,abstraction:ControlsExpressionOf,reactome:ProteinReference661
reactome:ProteinReference2799,abstraction:ControlsExpressionOf,reactome:ProteinReference6855
reactome:ProteinReference10346,abstraction:ControlsExpressionOf,reactome:ProteinReference6768
reactome:ProteinReference10922,abstraction:ControlsExpressionOf,reactome:ProteinReference11910
reactome:ProteinReference10922,abstraction:ControlsExpressionOf,reactome:ProteinReference11632
reactome:ProteinReference11271,abstraction:ControlsExpressionOf,reactome:ProteinReference11937
reactome:ProteinReference1100,abstraction:ControlsExpressionOf,reactome:ProteinReference1347
reactome:ProteinReference5456,abstraction:ControlsExpressionOf,reactome:ProteinReference5457
reactome:ProteinReference4456,abstraction:ControlsExpressionOf,reactome:ProteinReference1053
reactome:ProteinReference5240,abstraction:ControlsExpressionOf,reactome:ProteinReference1347
reactome:ProteinReference10409,abstraction:ControlsExpressionOf,reactome:ProteinReference11669
reactome:ProteinReference2799,abstraction:ControlsExpressionOf,reactome:ProteinReference10383
reactome:ProteinReference4549,abstraction:ControlsExpressionOf,reactome:ProteinReference3539
reactome:ProteinReference4555,abstraction:ControlsExpressionOf,reactome:ProteinReference10577
reactome:ProteinReference10409,abstraction:ControlsExpressionOf,reactome:ProteinReference11793
reactome:ProteinReference4553,abstraction:ControlsExpressionOf,reactome:ProteinReference1337
reactome:ProteinReference1099,abstraction:ControlsExpressionOf,reactome:ProteinReference741
reactome:ProteinReference5284,abstraction:ControlsExpressionOf,reactome:ProteinReference655
reactome:ProteinReference10409,abstraction:ControlsExpressionOf,reactome:ProteinReference11896
reactome:ProteinReference7848,abstraction:ControlsExpressionOf,reactome:ProteinReference6194
reactome:ProteinReference1096,abstraction:ControlsExpressionOf,reactome:ProteinReference1082
reactome:ProteinReference1053,abstraction:ControlsExpressionOf,reactome:ProteinReference10
reactome:ProteinReference11036,abstraction:ControlsExpressionOf,reactome:ProteinReference9979
reactome:ProteinReference10348,abstraction:ControlsExpressionOf,reactome:ProteinReference6939
reactome:ProteinReference5284,abstraction:ControlsExpressionOf,reactome:ProteinReference1346
reactome:ProteinReference5245,abstraction:ControlsExpressionOf,reactome:ProteinReference1744
reactome:ProteinReference1064,abstraction:ControlsExpressionOf,reactome:ProteinReference4149
reactome:ProteinReference7597,abstraction:ControlsExpressionOf,reactome:ProteinReference10580
reactome:ProteinReference5276,abstraction:ControlsExpressionOf,reactome:ProteinReference10824
reactome:ProteinReference5240,abstraction:ControlsExpressionOf,reactome:ProteinReference10577
reactome:ProteinReference10409,abstraction:ControlsExpressionOf,reactome:ProteinReference12038
reactome:ProteinReference10409,abstraction:ControlsExpressionOf,reactome:ProteinReference11633
reactome:ProteinReference6861,abstraction:ControlsExpressionOf,reactome:ProteinReference8292
reactome:ProteinReference10577,abstraction:ControlsExpressionOf,reactome:ProteinReference1126
reactome:ProteinReference5405,abstraction:ControlsExpressionOf,reactome:ProteinReference11309
reactome:ProteinReference2805,abstraction:ControlsExpressionOf,reactome:ProteinReference5291
reactome:ProteinReference1059,abstraction:ControlsExpressionOf,reactome:ProteinReference1127
reactome:ProteinReference4556,abstraction:ControlsExpressionOf,reactome:ProteinReference1372
reactome:ProteinReference11271,abstraction:ControlsExpressionOf,reactome:ProteinReference11841
reactome:ProteinReference7510,abstraction:ControlsExpressionOf,reactome:ProteinReference7545
reactome:ProteinReference4530,abstraction:ControlsExpressionOf,reactome:ProteinReference1744
reactome:ProteinReference1053,abstraction:ControlsExpressionOf,reactome:ProteinReference1084
reactome:ProteinReference8982,abstraction:ControlsExpressionOf,reactome:ProteinReference1126
reactome:ProteinReference1072,abstraction:ControlsExpressionOf,reactome:ProteinReference6012
reactome:ProteinReference1132,abstraction:ControlsExpressionOf,reactome:ProteinReference6097
reactome:ProteinReference5155,abstraction:ControlsExpressionOf,reactome:ProteinReference10854
reactome:ProteinReference11271,abstraction:ControlsExpressionOf,reactome:ProteinReference11725
reactome:ProteinReference9138,abstraction:ControlsExpressionOf,reactome:ProteinReference10991
reactome:ProteinReference4526,abstraction:ControlsExpressionOf,reactome:ProteinReference655
reactome:ProteinReference1062,abstraction:ControlsExpressionOf,reactome:ProteinReference653
reactome:ProteinReference10409,abstraction:ControlsExpressionOf,reactome:ProteinReference11829
reactome:ProteinReference11038,abstraction:ControlsExpressionOf,reactome:ProteinReference11042
reactome:ProteinReference3891,abstraction:ControlsExpressionOf,reactome:ProteinReference6932
reactome:ProteinReference5427,abstraction:ControlsExpressionOf,reactome:ProteinReference653
reactome:ProteinReference5276,abstraction:ControlsExpressionOf,reactome:ProteinReference7604
reactome:ProteinReference6278,abstraction:ControlsExpressionOf,reactome:ProteinReference5136
reactome:ProteinReference5003,abstraction:ControlsExpressionOf,reactome:ProteinReference1351
reactome:ProteinReference6818,abstraction:ControlsExpressionOf,reactome:ProteinReference7056
reactome:ProteinReference4580,abstraction:ControlsExpressionOf,reactome:ProteinReference6969
reactome:ProteinReference4458,abstraction:ControlsExpressionOf,reactome:ProteinReference1197
reactome:ProteinReference1094,abstraction:ControlsExpressionOf,reactome:ProteinReference741
reactome:ProteinReference4526,abstraction:ControlsExpressionOf,reactome:ProteinReference1346
reactome:ProteinReference1077,abstraction:ControlsExpressionOf,reactome:ProteinReference1146
reactome:ProteinReference10578,abstraction:ControlsExpressionOf,reactome:ProteinReference10580
reactome:ProteinReference7504,abstraction:ControlsExpressionOf,reactome:ProteinReference7556
reactome:ProteinReference1066,abstraction:ControlsExpressionOf,reactome:ProteinReference10581
reactome:ProteinReference11271,abstraction:ControlsExpressionOf,reactome:ProteinReference11947
reactome:ProteinReference1052,abstraction:ControlsExpressionOf,reactome:ProteinReference1339
reactome:ProteinReference2835,abstraction:ControlsExpressionOf,reactome:ProteinReference1123
reactome:ProteinReference1111,abstraction:ControlsExpressionOf,reactome:ProteinReference1352
reactome:ProteinReference7504,abstraction:ControlsExpressionOf,reactome:ProteinReference6282
reactome:ProteinReference10409,abstraction:ControlsExpressionOf,reactome:ProteinReference11760
reactome:ProteinReference1075,abstraction:ControlsExpressionOf,reactome:ProteinReference1071
reactome:ProteinReference11271,abstraction:ControlsExpressionOf,reactome:ProteinReference11983
reactome:ProteinReference5285,abstraction:ControlsExpressionOf,reactome:ProteinReference1082
reactome:ProteinReference4549,abstraction:ControlsExpressionOf,reactome:ProteinReference1744
reactome:ProteinReference1123,abstraction:ControlsExpressionOf,reactome:ProteinReference1188
reactome:ProteinReference10409,abstraction:ControlsExpressionOf,reactome:ProteinReference12023
reactome:ProteinReference4525,abstraction:ControlsExpressionOf,reactome:ProteinReference1372
reactome:ProteinReference5432,abstraction:ControlsExpressionOf,reactome:ProteinReference7510
reactome:ProteinReference6079,abstraction:ControlsExpressionOf,reactome:ProteinReference6952
reactome:ProteinReference10922,abstraction:ControlsExpressionOf,reactome:ProteinReference11850
reactome:ProteinReference6136,abstraction:ControlsExpressionOf,reactome:ProteinReference6139
reactome:ProteinReference1122,abstraction:ControlsExpressionOf,reactome:ProteinReference661
reactome:ProteinReference10811,abstraction:ControlsExpressionOf,reactome:ProteinReference10814
reactome:ProteinReference1076,abstraction:ControlsExpressionOf,reactome:ProteinReference1645
reactome:ProteinReference7503,abstraction:ControlsExpressionOf,reactome:ProteinReference7547
reactome:ProteinReference11271,abstraction:ControlsExpressionOf,reactome:ProteinReference12025
reactome:ProteinReference8823,abstraction:ControlsExpressionOf,reactome:ProteinReference9717
reactome:ProteinReference1088,abstraction:ControlsExpressionOf,reactome:ProteinReference1268
reactome:ProteinReference10347,abstraction:ControlsExpressionOf,reactome:ProteinReference3369
reactome:ProteinReference1077,abstraction:ControlsExpressionOf,reactome:ProteinReference1657
reactome:ProteinReference1062,abstraction:ControlsExpressionOf,reactome:ProteinReference10375
reactome:ProteinReference2799,abstraction:ControlsExpressionOf,reactome:ProteinReference5336
reactome:ProteinReference6131,abstraction:ControlsExpressionOf,reactome:ProteinReference5078
reactome:ProteinReference5003,abstraction:ControlsExpressionOf,reactome:ProteinReference1807
reactome:ProteinReference10409,abstraction:ControlsExpressionOf,reactome:ProteinReference11667
reactome:ProteinReference5030,abstraction:ControlsExpressionOf,reactome:ProteinReference2765
reactome:ProteinReference9779,abstraction:ControlsExpressionOf,reactome:ProteinReference2642
reactome:ProteinReference7590,abstraction:ControlsExpressionOf,reactome:ProteinReference7763
reactome:ProteinReference5244,abstraction:ControlsExpressionOf,reactome:ProteinReference10580
reactome:ProteinReference11271,abstraction:ControlsExpressionOf,reactome:ProteinReference11970
reactome:ProteinReference10425,abstraction:ControlsExpressionOf,reactome:ProteinReference10347
reactome:ProteinReference6952,abstraction:ControlsExpressionOf,reactome:ProteinReference4660
reactome:ProteinReference6290,abstraction:ControlsExpressionOf,reactome:ProteinReference3125
reactome:ProteinReference4526,abstraction:ControlsExpressionOf,reactome:ProteinReference1126
reactome:ProteinReference6080,abstraction:ControlsExpressionOf,reactome:ProteinReference11294
reactome:ProteinReference5456,abstraction:ControlsExpressionOf,reactome:ProteinReference10990
reactome:ProteinReference10409,abstraction:ControlsExpressionOf,reactome:ProteinReference11671
reactome:ProteinReference5405,abstraction:ControlsExpressionOf,reactome:ProteinReference11288
reactome:ProteinReference9807,abstraction:ControlsExpressionOf,reactome:ProteinReference9820
reactome:ProteinReference10643,abstraction:ControlsExpressionOf,reactome:ProteinReference7777
reactome:ProteinReference6818,abstraction:ControlsExpressionOf,reactome:ProteinReference8951
reactome:ProteinReference8287,abstraction:ControlsExpressionOf,reactome:ProteinReference564
reactome:ProteinReference5239,abstraction:ControlsExpressionOf,reactome:ProteinReference10580
reactome:ProteinReference10922,abstraction:ControlsExpressionOf,reactome:ProteinReference11758
reactome:ProteinReference11271,abstraction:ControlsExpressionOf,reactome:ProteinReference11844
reactome:ProteinReference1106,abstraction:ControlsExpressionOf,reactome:ProteinReference1197
reactome:ProteinReference7826,abstraction:ControlsExpressionOf,reactome:ProteinReference4911
reactome:ProteinReference9807,abstraction:ControlsExpressionOf,reactome:ProteinReference2886
reactome:ProteinReference10451,abstraction:ControlsExpressionOf,reactome:ProteinReference9672
reactome:ProteinReference11256,abstraction:ControlsExpressionOf,reactome:ProteinReference5417
reactome:ProteinReference2447,abstraction:ControlsExpressionOf,reactome:ProteinReference8632
reactome:ProteinReference5429,abstraction:ControlsExpressionOf,reactome:ProteinReference6075
reactome:ProteinReference10922,abstraction:ControlsExpressionOf,reactome:ProteinReference11980
reactome:ProteinReference5243,abstraction:ControlsExpressionOf,reactome:ProteinReference6180
reactome:ProteinReference1141,abstraction:ControlsExpressionOf,reactome:ProteinReference1643
reactome:ProteinReference2553,abstraction:ControlsExpressionOf,reactome:ProteinReference8308
reactome:ProteinReference6081,abstraction:ControlsExpressionOf,reactome:ProteinReference4453
reactome:ProteinReference5908,abstraction:ControlsExpressionOf,reactome:ProteinReference5911
reactome:ProteinReference5274,abstraction:ControlsExpressionOf,reactome:ProteinReference5282
reactome:ProteinReference11271,abstraction:ControlsExpressionOf,reactome:ProteinReference11984
reactome:ProteinReference8287,abstraction:ControlsExpressionOf,reactome:ProteinReference10446
reactome:ProteinReference6080,abstraction:ControlsExpressionOf,reactome:ProteinReference2254
reactome:ProteinReference1065,abstraction:ControlsExpressionOf,reactome:ProteinReference1159
reactome:ProteinReference6689,abstraction:ControlsExpressionOf,reactome:ProteinReference11036
reactome:ProteinReference1113,abstraction:ControlsExpressionOf,reactome:ProteinReference10578
reactome:ProteinReference11256,abstraction:ControlsExpressionOf,reactome:ProteinReference6180
reactome:ProteinReference4521,abstraction:ControlsExpressionOf,reactome:ProteinReference1844
reactome:ProteinReference9701,abstraction:ControlsExpressionOf,reactome:ProteinReference9711
reactome:ProteinReference3487,abstraction:ControlsExpressionOf,reactome:ProteinReference5273
reactome:ProteinReference10409,abstraction:ControlsExpressionOf,reactome:ProteinReference11932
reactome:ProteinReference2461,abstraction:ControlsExpressionOf,reactome:ProteinReference8632
reactome:ProteinReference11271,abstraction:ControlsExpressionOf,reactome:ProteinReference11713
reactome:ProteinReference1088,abstraction:ControlsExpressionOf,reactome:ProteinReference1660
reactome:ProteinReference6293,abstraction:ControlsExpressionOf,reactome:ProteinReference6862
reactome:ProteinReference4558,abstraction:ControlsExpressionOf,reactome:ProteinReference1268
reactome:ProteinReference1123,abstraction:ControlsExpressionOf,reactome:ProteinReference1339
reactome:ProteinReference10409,abstraction:ControlsExpressionOf,reactome:ProteinReference11783
reactome:ProteinReference10828,abstraction:ControlsExpressionOf,reactome:ProteinReference5274
reactome:ProteinReference1088,abstraction:ControlsExpressionOf,reactome:ProteinReference5662
reactome:ProteinReference1121,abstraction:ControlsExpressionOf,reactome:ProteinReference1162
reactome:ProteinReference1097,abstraction:ControlsExpressionOf,reactome:ProteinReference1349
reactome:ProteinReference10409,abstraction:ControlsExpressionOf,reactome:ProteinReference11754
reactome:ProteinReference6861,abstraction:ControlsExpressionOf,reactome:ProteinReference9745
reactome:ProteinReference6079,abstraction:ControlsExpressionOf,reactome:ProteinReference5295
reactome:ProteinReference10409,abstraction:ControlsExpressionOf,reactome:ProteinReference11775
reactome:ProteinReference1149,abstraction:ControlsExpressionOf,reactome:ProteinReference1150
reactome:ProteinReference10417,abstraction:ControlsExpressionOf,reactome:ProteinReference9144
reactome:ProteinReference5242,abstraction:ControlsExpressionOf,reactome:ProteinReference1268
reactome:ProteinReference1063,abstraction:ControlsExpressionOf,reactome:ProteinReference1147
reactome:ProteinReference6163,abstraction:ControlsExpressionOf,reactome:ProteinReference10592
reactome:ProteinReference10409,abstraction:ControlsExpressionOf,reactome:ProteinReference12029
reactome:ProteinReference10577,abstraction:ControlsExpressionOf,reactome:ProteinReference1744
reactome:ProteinReference1061,abstraction:ControlsExpressionOf,reactome:ProteinReference2718
reactome:ProteinReference2806,abstraction:ControlsExpressionOf,reactome:ProteinReference4423
reactome:ProteinReference11043,abstraction:ControlsExpressionOf,reactome:ProteinReference11036
reactome:ProteinReference10409,abstraction:ControlsExpressionOf,reactome:ProteinReference11657
reactome:ProteinReference10922,abstraction:ControlsExpressionOf,reactome:ProteinReference11969
reactome:ProteinReference8286,abstraction:ControlsExpressionOf,reactome:ProteinReference6159
reactome:ProteinReference8982,abstraction:ControlsExpressionOf,reactome:ProteinReference1744
reactome:ProteinReference5285,abstraction:ControlsExpressionOf,reactome:ProteinReference7502
reactome:ProteinReference7504,abstraction:ControlsExpressionOf,reactome:ProteinReference7559
reactome:ProteinReference4458,abstraction:ControlsExpressionOf,reactome:ProteinReference1402
reactome:ProteinReference5004,abstraction:ControlsExpressionOf,reactome:ProteinReference1151
reactome:ProteinReference2808,abstraction:ControlsExpressionOf,reactome:ProteinReference4423
reactome:ProteinReference7324,abstraction:ControlsExpressionOf,reactome:ProteinReference5450
reactome:ProteinReference4458,abstraction:ControlsExpressionOf,reactome:ProteinReference1349
reactome:ProteinReference4525,abstraction:ControlsExpressionOf,reactome:ProteinReference1346
reactome:ProteinReference10409,abstraction:ControlsExpressionOf,reactome:ProteinReference12016
reactome:ProteinReference5456,abstraction:ControlsExpressionOf,reactome:ProteinReference10992
reactome:ProteinReference1075,abstraction:ControlsExpressionOf,reactome:ProteinReference6148
reactome:ProteinReference10922,abstraction:ControlsExpressionOf,reactome:ProteinReference11942
reactome:ProteinReference7590,abstraction:ControlsExpressionOf,reactome:ProteinReference5653
reactome:ProteinReference1064,abstraction:ControlsExpressionOf,reactome:ProteinReference1337
reactome:ProteinReference5922,abstraction:ControlsExpressionOf,reactome:ProteinReference5920
reactome:ProteinReference1052,abstraction:ControlsExpressionOf,reactome:ProteinReference649
reactome:ProteinReference1059,abstraction:ControlsExpressionOf,reactome:ProteinReference33
reactome:ProteinReference10922,abstraction:ControlsExpressionOf,reactome:ProteinReference11717
reactome:ProteinReference11271,abstraction:ControlsExpressionOf,reactome:ProteinReference11966
reactome:ProteinReference10922,abstraction:ControlsExpressionOf,reactome:ProteinReference12026
reactome:ProteinReference4489,abstraction:ControlsExpressionOf,reactome:ProteinReference6931
reactome:ProteinReference10409,abstraction:ControlsExpressionOf,reactome:ProteinReference11852
reactome:ProteinReference4556,abstraction:ControlsExpressionOf,reactome:ProteinReference1126
reactome:ProteinReference2795,abstraction:ControlsExpressionOf,reactome:ProteinReference5291
reactome:ProteinReference5433,abstraction:ControlsExpressionOf,reactome:ProteinReference7511
reactome:ProteinReference1133,abstraction:ControlsExpressionOf,reactome:ProteinReference7774
reactome:ProteinReference6080,abstraction:ControlsExpressionOf,reactome:ProteinReference11319
reactome:ProteinReference1150,abstraction:ControlsExpressionOf,reactome:ProteinReference1153
reactome:ProteinReference7826,abstraction:ControlsExpressionOf,reactome:ProteinReference9188
reactome:ProteinReference1064,abstraction:ControlsExpressionOf,reactome:ProteinReference5139
reactome:ProteinReference4558,abstraction:ControlsExpressionOf,reactome:ProteinReference10578
reactome:ProteinReference663,abstraction:ControlsExpressionOf,reactome:ProteinReference648
reactome:ProteinReference3891,abstraction:ControlsExpressionOf,reactome:ProteinReference1815
reactome:ProteinReference10409,abstraction:ControlsExpressionOf,reactome:ProteinReference11943
reactome:ProteinReference11271,abstraction:ControlsExpressionOf,reactome:ProteinReference11990
reactome:ProteinReference6081,abstraction:ControlsExpressionOf,reactome:ProteinReference4690
reactome:ProteinReference6875,abstraction:ControlsExpressionOf,reactome:ProteinReference3545
reactome:ProteinReference9047,abstraction:ControlsExpressionOf,reactome:ProteinReference10580
reactome:ProteinReference5434,abstraction:ControlsExpressionOf,reactome:ProteinReference5453
reactome:ProteinReference9054,abstraction:ControlsExpressionOf,reactome:ProteinReference3539
reactome:ProteinReference1114,abstraction:ControlsExpressionOf,reactome:ProteinReference10581
reactome:ProteinReference8824,abstraction:ControlsExpressionOf,reactome:ProteinReference8637
reactome:ProteinReference4588,abstraction:ControlsExpressionOf,reactome:ProteinReference4538
reactome:ProteinReference10922,abstraction:ControlsExpressionOf,reactome:ProteinReference12005
reactome:ProteinReference4561,abstraction:ControlsExpressionOf,reactome:ProteinReference1347
reactome:ProteinReference10409,abstraction:ControlsExpressionOf,reactome:ProteinReference11680
reactome:ProteinReference3891,abstraction:ControlsExpressionOf,reactome:ProteinReference5657
reactome:ProteinReference2501,abstraction:ControlsExpressionOf,reactome:ProteinReference8632
reactome:ProteinReference6875,abstraction:ControlsExpressionOf,reactome:ProteinReference6872
reactome:ProteinReference10374,abstraction:ControlsExpressionOf,reactome:ProteinReference5039
reactome:ProteinReference1064,abstraction:ControlsExpressionOf,reactome:ProteinReference1156
reactome:ProteinReference5003,abstraction:ControlsExpressionOf,reactome:ProteinReference1352
reactome:ProteinReference10409,abstraction:ControlsExpressionOf,reactome:ProteinReference11868
reactome:ProteinReference1090,abstraction:ControlsExpressionOf,reactome:ProteinReference741
reactome:ProteinReference10681,abstraction:ControlsExpressionOf,reactome:ProteinReference10677
reactome:ProteinReference4523,abstraction:ControlsExpressionOf,reactome:ProteinReference1347
reactome:ProteinReference4521,abstraction:ControlsExpressionOf,reactome:ProteinReference1352
reactome:ProteinReference1149,abstraction:ControlsExpressionOf,reactome:ProteinReference3924
reactome:ProteinReference1066,abstraction:ControlsExpressionOf,reactome:ProteinReference1152
reactome:ProteinReference11271,abstraction:ControlsExpressionOf,reactome:ProteinReference11749
reactome:ProteinReference1096,abstraction:ControlsExpressionOf,reactome:ProteinReference655
reactome:ProteinReference6079,abstraction:ControlsExpressionOf,reactome:ProteinReference6081
reactome:ProteinReference5155,abstraction:ControlsExpressionOf,reactome:ProteinReference5164
reactome:ProteinReference10678,abstraction:ControlsExpressionOf,reactome:ProteinReference10677
reactome:ProteinReference4559,abstraction:ControlsExpressionOf,reactome:ProteinReference1844
reactome:ProteinReference1101,abstraction:ControlsExpressionOf,reactome:ProteinReference1126
reactome:ProteinReference4525,abstraction:ControlsExpressionOf,reactome:ProteinReference1126
reactome:ProteinReference11259,abstraction:ControlsExpressionOf,reactome:ProteinReference6072
reactome:ProteinReference4550,abstraction:ControlsExpressionOf,reactome:ProteinReference10578
reactome:ProteinReference5433,abstraction:ControlsExpressionOf,reactome:ProteinReference7509
reactome:ProteinReference1063,abstraction:ControlsExpressionOf,reactome:ProteinReference661
reactome:ProteinReference4557,abstraction:ControlsExpressionOf,reactome:ProteinReference1151
reactome:ProteinReference4561,abstraction:ControlsExpressionOf,reactome:ProteinReference10577
reactome:ProteinReference2497,abstraction:ControlsExpressionOf,reactome:ProteinReference8632
reactome:ProteinReference1096,abstraction:ControlsExpressionOf,reactome:ProteinReference1346
reactome:ProteinReference6950,abstraction:ControlsExpressionOf,reactome:ProteinReference4690
reactome:ProteinReference4561,abstraction:ControlsExpressionOf,reactome:ProteinReference3539
reactome:ProteinReference6116,abstraction:ControlsExpressionOf,reactome:ProteinReference6139
reactome:ProteinReference11271,abstraction:ControlsExpressionOf,reactome:ProteinReference11975
reactome:ProteinReference6871,abstraction:ControlsExpressionOf,reactome:ProteinReference4483
reactome:ProteinReference11271,abstraction:ControlsExpressionOf,reactome:ProteinReference11884
reactome:ProteinReference1106,abstraction:ControlsExpressionOf,reactome:ProteinReference1402
reactome:ProteinReference6244,abstraction:ControlsExpressionOf,reactome:ProteinReference6253
reactome:ProteinReference10409,abstraction:ControlsExpressionOf,reactome:ProteinReference11996
reactome:ProteinReference1060,abstraction:ControlsExpressionOf,reactome:ProteinReference1144
reactome:ProteinReference1075,abstraction:ControlsExpressionOf,reactome:ProteinReference1651
reactome:ProteinReference1060,abstraction:ControlsExpressionOf,reactome:ProteinReference1148
reactome:ProteinReference7505,abstraction:ControlsExpressionOf,reactome:ProteinReference10838
reactome:ProteinReference2810,abstraction:ControlsExpressionOf,reactome:ProteinReference4423
reactome:ProteinReference4588,abstraction:ControlsExpressionOf,reactome:ProteinReference10831
reactome:ProteinReference1106,abstraction:ControlsExpressionOf,reactome:ProteinReference1349
reactome:ProteinReference4523,abstraction:ControlsExpressionOf,reactome:ProteinReference3539
reactome:ProteinReference11271,abstraction:ControlsExpressionOf,reactome:ProteinReference11806
reactome:ProteinReference707,abstraction:ControlsExpressionOf,reactome:ProteinReference1142
reactome:ProteinReference6081,abstraction:ControlsExpressionOf,reactome:ProteinReference11282
reactome:ProteinReference1091,abstraction:ControlsExpressionOf,reactome:ProteinReference1844
reactome:ProteinReference6773,abstraction:ControlsExpressionOf,reactome:ProteinReference6776
reactome:ProteinReference7590,abstraction:ControlsExpressionOf,reactome:ProteinReference3606
reactome:ProteinReference6788,abstraction:ControlsExpressionOf,reactome:ProteinReference5105
reactome:ProteinReference11271,abstraction:ControlsExpressionOf,reactome:ProteinReference11905
reactome:ProteinReference5410,abstraction:ControlsExpressionOf,reactome:ProteinReference3540
reactome:ProteinReference7826,abstraction:ControlsExpressionOf,reactome:ProteinReference5073
reactome:ProteinReference10808,abstraction:ControlsExpressionOf,reactome:ProteinReference10809
reactome:ProteinReference7826,abstraction:ControlsExpressionOf,reactome:ProteinReference10459
reactome:ProteinReference6817,abstraction:ControlsExpressionOf,reactome:ProteinReference4968
reactome:ProteinReference10643,abstraction:ControlsExpressionOf,reactome:ProteinReference11027
reactome:ProteinReference10680,abstraction:ControlsExpressionOf,reactome:ProteinReference10683
reactome:ProteinReference2807,abstraction:ControlsExpressionOf,reactome:ProteinReference4438
reactome:ProteinReference1065,abstraction:ControlsExpressionOf,reactome:ProteinReference327
reactome:ProteinReference175,abstraction:ControlsExpressionOf,reactome:ProteinReference7621
reactome:ProteinReference10922,abstraction:ControlsExpressionOf,reactome:ProteinReference12012
reactome:ProteinReference7712,abstraction:ControlsExpressionOf,reactome:ProteinReference7502
reactome:ProteinReference5156,abstraction:ControlsExpressionOf,reactome:ProteinReference11036
reactome:ProteinReference4527,abstraction:ControlsExpressionOf,reactome:ProteinReference1844
reactome:ProteinReference5430,abstraction:ControlsExpressionOf,reactome:ProteinReference7510
reactome:ProteinReference6120,abstraction:ControlsExpressionOf,reactome:ProteinReference5078
reactome:ProteinReference5922,abstraction:ControlsExpressionOf,reactome:ProteinReference5913
reactome:ProteinReference11045,abstraction:ControlsExpressionOf,reactome:ProteinReference11046
reactome:ProteinReference6944,abstraction:ControlsExpressionOf,reactome:ProteinReference6855
reactome:ProteinReference1068,abstraction:ControlsExpressionOf,reactome:ProteinReference1140
reactome:ProteinReference5285,abstraction:ControlsExpressionOf,reactome:ProteinReference655
reactome:ProteinReference5922,abstraction:ControlsExpressionOf,reactome:ProteinReference8964
reactome:ProteinReference6945,abstraction:ControlsExpressionOf,reactome:ProteinReference5291
reactome:ProteinReference10409,abstraction:ControlsExpressionOf,reactome:ProteinReference11712
reactome:ProteinReference8823,abstraction:ControlsExpressionOf,reactome:ProteinReference9711
reactome:ProteinReference2796,abstraction:ControlsExpressionOf,reactome:ProteinReference6855
reactome:ProteinReference1063,abstraction:ControlsExpressionOf,reactome:ProteinReference653
reactome:ProteinReference4548,abstraction:ControlsExpressionOf,reactome:ProteinReference1339
reactome:ProteinReference10409,abstraction:ControlsExpressionOf,reactome:ProteinReference11780
reactome:ProteinReference5243,abstraction:ControlsExpressionOf,reactome:ProteinReference1337
reactome:ProteinReference8283,abstraction:ControlsExpressionOf,reactome:ProteinReference7249
reactome:ProteinReference6875,abstraction:ControlsExpressionOf,reactome:ProteinReference6901
reactome:ProteinReference5285,abstraction:ControlsExpressionOf,reactome:ProteinReference1346
reactome:ProteinReference2481,abstraction:ControlsExpressionOf,reactome:ProteinReference8632
reactome:ProteinReference2794,abstraction:ControlsExpressionOf,reactome:ProteinReference4438
reactome:ProteinReference2796,abstraction:ControlsExpressionOf,reactome:ProteinReference10383
reactome:ProteinReference1079,abstraction:ControlsExpressionOf,reactome:ProteinReference18
reactome:ProteinReference10409,abstraction:ControlsExpressionOf,reactome:ProteinReference11861
reactome:ProteinReference11271,abstraction:ControlsExpressionOf,reactome:ProteinReference11790
reactome:ProteinReference6150,abstraction:ControlsExpressionOf,reactome:ProteinReference1901
reactome:ProteinReference1150,abstraction:ControlsExpressionOf,reactome:ProteinReference1123
reactome:ProteinReference1088,abstraction:ControlsExpressionOf,reactome:ProteinReference1162
reactome:ProteinReference10409,abstraction:ControlsExpressionOf,reactome:ProteinReference11928
reactome:ProteinReference10409,abstraction:ControlsExpressionOf,reactome:ProteinReference11651
reactome:ProteinReference10922,abstraction:ControlsExpressionOf,reactome:ProteinReference11849
reactome:ProteinReference10922,abstraction:ControlsExpressionOf,reactome:ProteinReference11835
reactome:ProteinReference10414,abstraction:ControlsExpressionOf,reactome:ProteinReference7762
reactome:ProteinReference1060,abstraction:ControlsExpressionOf,reactome:ProteinReference1084
reactome:ProteinReference10350,abstraction:ControlsExpressionOf,reactome:ProteinReference5190
reactome:ProteinReference6943,abstraction:ControlsExpressionOf,reactome:ProteinReference4423
reactome:ProteinReference11014,abstraction:ControlsExpressionOf,reactome:ProteinReference5164
reactome:ProteinReference1065,abstraction:ControlsExpressionOf,reactome:ProteinReference1143
reactome:ProteinReference5942,abstraction:ControlsExpressionOf,reactome:ProteinReference6173
reactome:ProteinReference3891,abstraction:ControlsExpressionOf,reactome:ProteinReference1713
reactome:ProteinReference6946,abstraction:ControlsExpressionOf,reactome:ProteinReference4423
reactome:ProteinReference1061,abstraction:ControlsExpressionOf,reactome:ProteinReference1148
reactome:ProteinReference1061,abstraction:ControlsExpressionOf,reactome:ProteinReference1144
reactome:ProteinReference11271,abstraction:ControlsExpressionOf,reactome:ProteinReference11823
reactome:ProteinReference5284,abstraction:ControlsExpressionOf,reactome:ProteinReference10581
reactome:ProteinReference10839,abstraction:ControlsExpressionOf,reactome:ProteinReference6173
reactome:ProteinReference5186,abstraction:ControlsExpressionOf,reactome:ProteinReference5189
reactome:ProteinReference6244,abstraction:ControlsExpressionOf,reactome:ProteinReference6252
reactome:ProteinReference1103,abstraction:ControlsExpressionOf,reactome:ProteinReference1126
reactome:ProteinReference4554,abstraction:ControlsExpressionOf,reactome:ProteinReference1268
reactome:ProteinReference1065,abstraction:ControlsExpressionOf,reactome:ProteinReference643
reactome:ProteinReference8610,abstraction:ControlsExpressionOf,reactome:ProteinReference4423
reactome:ProteinReference4559,abstraction:ControlsExpressionOf,reactome:ProteinReference1352
reactome:ProteinReference1060,abstraction:ControlsExpressionOf,reactome:ProteinReference1083
reactome:ProteinReference1118,abstraction:ControlsExpressionOf,reactome:ProteinReference1351
reactome:ProteinReference10922,abstraction:ControlsExpressionOf,reactome:ProteinReference11764
reactome:ProteinReference7330,abstraction:ControlsExpressionOf,reactome:ProteinReference10853
reactome:ProteinReference8824,abstraction:ControlsExpressionOf,reactome:ProteinReference4497
reactome:ProteinReference1116,abstraction:ControlsExpressionOf,reactome:ProteinReference1126
reactome:ProteinReference10409,abstraction:ControlsExpressionOf,reactome:ProteinReference11973
reactome:ProteinReference11271,abstraction:ControlsExpressionOf,reactome:ProteinReference11766
reactome:ProteinReference1061,abstraction:ControlsExpressionOf,reactome:ProteinReference1347
reactome:ProteinReference10409,abstraction:ControlsExpressionOf,reactome:ProteinReference6159
reactome:ProteinReference1066,abstraction:ControlsExpressionOf,reactome:ProteinReference1147
reactome:ProteinReference7826,abstraction:ControlsExpressionOf,reactome:ProteinReference11036
reactome:ProteinReference4556,abstraction:ControlsExpressionOf,reactome:ProteinReference1744
reactome:ProteinReference1093,abstraction:ControlsExpressionOf,reactome:ProteinReference5139
reactome:ProteinReference7590,abstraction:ControlsExpressionOf,reactome:ProteinReference8097
reactome:ProteinReference11271,abstraction:ControlsExpressionOf,reactome:ProteinReference11805
reactome:ProteinReference11256,abstraction:ControlsExpressionOf,reactome:ProteinReference406
reactome:ProteinReference1067,abstraction:ControlsExpressionOf,reactome:ProteinReference1130
reactome:ProteinReference1061,abstraction:ControlsExpressionOf,reactome:ProteinReference5449
reactome:ProteinReference9779,abstraction:ControlsExpressionOf,reactome:ProteinReference6139
reactome:ProteinReference6079,abstraction:ControlsExpressionOf,reactome:ProteinReference5403
reactome:ProteinReference2513,abstraction:ControlsExpressionOf,reactome:ProteinReference8632
reactome:ProteinReference4399,abstraction:ControlsExpressionOf,reactome:ProteinReference6081
reactome:ProteinReference10409,abstraction:ControlsExpressionOf,reactome:ProteinReference11999
reactome:ProteinReference9807,abstraction:ControlsExpressionOf,reactome:ProteinReference5601
reactome:ProteinReference9095,abstraction:ControlsExpressionOf,reactome:ProteinReference2581
reactome:ProteinReference2522,abstraction:ControlsExpressionOf,reactome:ProteinReference8632
reactome:ProteinReference4526,abstraction:ControlsExpressionOf,reactome:ProteinReference10581
reactome:ProteinReference3087,abstraction:ControlsExpressionOf,reactome:ProteinReference6139
reactome:ProteinReference1091,abstraction:ControlsExpressionOf,reactome:ProteinReference1352
reactome:ProteinReference6771,abstraction:ControlsExpressionOf,reactome:ProteinReference4641
reactome:ProteinReference2478,abstraction:ControlsExpressionOf,reactome:ProteinReference8632
reactome:ProteinReference6951,abstraction:ControlsExpressionOf,reactome:ProteinReference4660
reactome:ProteinReference4548,abstraction:ControlsExpressionOf,reactome:ProteinReference4641
reactome:ProteinReference707,abstraction:ControlsExpressionOf,reactome:ProteinReference650
reactome:ProteinReference9807,abstraction:ControlsExpressionOf,reactome:ProteinReference5708
reactome:ProteinReference1095,abstraction:ControlsExpressionOf,reactome:ProteinReference1126
reactome:ProteinReference1118,abstraction:ControlsExpressionOf,reactome:ProteinReference1807
reactome:ProteinReference1115,abstraction:ControlsExpressionOf,reactome:ProteinReference661
reactome:ProteinReference3891,abstraction:ControlsExpressionOf,reactome:ProteinReference5662
reactome:ProteinReference9701,abstraction:ControlsExpressionOf,reactome:ProteinReference4777
reactome:ProteinReference6769,abstraction:ControlsExpressionOf,reactome:ProteinReference6776
reactome:ProteinReference6081,abstraction:ControlsExpressionOf,reactome:ProteinReference9927
reactome:ProteinReference1060,abstraction:ControlsExpressionOf,reactome:ProteinReference1157
reactome:ProteinReference1076,abstraction:ControlsExpressionOf,reactome:ProteinReference1146
reactome:ProteinReference1141,abstraction:ControlsExpressionOf,reactome:ProteinReference6074
reactome:ProteinReference10922,abstraction:ControlsExpressionOf,reactome:ProteinReference11912
reactome:ProteinReference4554,abstraction:ControlsExpressionOf,reactome:ProteinReference6180
reactome:ProteinReference7503,abstraction:ControlsExpressionOf,reactome:ProteinReference7557
reactome:ProteinReference1062,abstraction:ControlsExpressionOf,reactome:ProteinReference1082
reactome:ProteinReference4558,abstraction:ControlsExpressionOf,reactome:ProteinReference1162
reactome:ProteinReference10348,abstraction:ControlsExpressionOf,reactome:ProteinReference3458
reactome:ProteinReference10922,abstraction:ControlsExpressionOf,reactome:ProteinReference11733
reactome:ProteinReference1105,abstraction:ControlsExpressionOf,reactome:ProteinReference10577
reactome:ProteinReference4525,abstraction:ControlsExpressionOf,reactome:ProteinReference1744
reactome:ProteinReference10414,abstraction:ControlsExpressionOf,reactome:ProteinReference9898
reactome:ProteinReference1102,abstraction:ControlsExpressionOf,reactome:ProteinReference1347
reactome:ProteinReference2474,abstraction:ControlsExpressionOf,reactome:ProteinReference8632
reactome:ProteinReference11271,abstraction:ControlsExpressionOf,reactome:ProteinReference11644
reactome:ProteinReference2796,abstraction:ControlsExpressionOf,reactome:ProteinReference5336
reactome:ProteinReference5242,abstraction:ControlsExpressionOf,reactome:ProteinReference1162
reactome:ProteinReference1061,abstraction:ControlsExpressionOf,reactome:ProteinReference1083
reactome:ProteinReference1108,abstraction:ControlsExpressionOf,reactome:ProteinReference1347
reactome:ProteinReference10409,abstraction:ControlsExpressionOf,reactome:ProteinReference11686
reactome:ProteinReference4541,abstraction:ControlsExpressionOf,reactome:ProteinReference6103
reactome:ProteinReference1098,abstraction:ControlsExpressionOf,reactome:ProteinReference1197
reactome:ProteinReference11271,abstraction:ControlsExpressionOf,reactome:ProteinReference11910
reactome:ProteinReference11271,abstraction:ControlsExpressionOf,reactome:ProteinReference11632
reactome:ProteinReference1090,abstraction:ControlsExpressionOf,reactome:ProteinReference10580
reactome:ProteinReference6927,abstraction:ControlsExpressionOf,reactome:ProteinReference5426
reactome:ProteinReference1060,abstraction:ControlsExpressionOf,reactome:ProteinReference1146
reactome:ProteinReference1132,abstraction:ControlsExpressionOf,reactome:ProteinReference10469
reactome:ProteinReference6693,abstraction:ControlsExpressionOf,reactome:ProteinReference10852
reactome:ProteinReference1077,abstraction:ControlsExpressionOf,reactome:ProteinReference1650
reactome:ProteinReference1059,abstraction:ControlsExpressionOf,reactome:ProteinReference1130
reactome:ProteinReference10922,abstraction:ControlsExpressionOf,reactome:ProteinReference11859
reactome:ProteinReference10811,abstraction:ControlsExpressionOf,reactome:ProteinReference10813
reactome:ProteinReference5429,abstraction:ControlsExpressionOf,reactome:ProteinReference6932
reactome:ProteinReference175,abstraction:ControlsExpressionOf,reactome:ProteinReference10413
reactome:ProteinReference1102,abstraction:ControlsExpressionOf,reactome:ProteinReference10577
reactome:ProteinReference1060,abstraction:ControlsExpressionOf,reactome:ProteinReference1125
reactome:ProteinReference1065,abstraction:ControlsExpressionOf,reactome:ProteinReference1158
reactome:ProteinReference1128,abstraction:ControlsExpressionOf,reactome:ProteinReference1154
reactome:ProteinReference4527,abstraction:ControlsExpressionOf,reactome:ProteinReference1337
reactome:ProteinReference8824,abstraction:ControlsExpressionOf,reactome:ProteinReference9716
reactome:ProteinReference1108,abstraction:ControlsExpressionOf,reactome:ProteinReference10577
reactome:ProteinReference2801,abstraction:ControlsExpressionOf,reactome:ProteinReference8322
reactome:ProteinReference7656,abstraction:ControlsExpressionOf,reactome:ProteinReference7655
reactome:ProteinReference1073,abstraction:ControlsExpressionOf,reactome:ProteinReference1640
reactome:ProteinReference1066,abstraction:ControlsExpressionOf,reactome:ProteinReference661
reactome:ProteinReference3085,abstraction:ControlsExpressionOf,reactome:ProteinReference6139
reactome:ProteinReference10409,abstraction:ControlsExpressionOf,reactome:ProteinReference11864
reactome:ProteinReference1066,abstraction:ControlsExpressionOf,reactome:ProteinReference1145
reactome:ProteinReference1112,abstraction:ControlsExpressionOf,reactome:ProteinReference10578
reactome:ProteinReference8287,abstraction:ControlsExpressionOf,reactome:ProteinReference6145
reactome:ProteinReference4473,abstraction:ControlsExpressionOf,reactome:ProteinReference1085
reactome:ProteinReference10409,abstraction:ControlsExpressionOf,reactome:ProteinReference11699
reactome:ProteinReference9780,abstraction:ControlsExpressionOf,reactome:ProteinReference1126
reactome:ProteinReference6861,abstraction:ControlsExpressionOf,reactome:ProteinReference8831
reactome:ProteinReference1088,abstraction:ControlsExpressionOf,reactome:ProteinReference5036
reactome:ProteinReference10409,abstraction:ControlsExpressionOf,reactome:ProteinReference11822
reactome:ProteinReference1061,abstraction:ControlsExpressionOf,reactome:ProteinReference1744
reactome:ProteinReference4589,abstraction:ControlsExpressionOf,reactome:ProteinReference5390
reactome:ProteinReference5004,abstraction:ControlsExpressionOf,reactome:ProteinReference10577
reactome:ProteinReference10922,abstraction:ControlsExpressionOf,reactome:ProteinReference11761
reactome:ProteinReference1111,abstraction:ControlsExpressionOf,reactome:ProteinReference1372
reactome:ProteinReference6976,abstraction:ControlsExpressionOf,reactome:ProteinReference10831
reactome:ProteinReference5245,abstraction:ControlsExpressionOf,reactome:ProteinReference1351
reactome:ProteinReference1062,abstraction:ControlsExpressionOf,reactome:ProteinReference7726
reactome:ProteinReference3847,abstraction:ControlsExpressionOf,reactome:ProteinReference4438
reactome:ProteinReference5427,abstraction:ControlsExpressionOf,reactome:ProteinReference3598
reactome:ProteinReference1064,abstraction:ControlsExpressionOf,reactome:ProteinReference1139
reactome:ProteinReference5428,abstraction:ControlsExpressionOf,reactome:ProteinReference6692
reactome:ProteinReference4589,abstraction:ControlsExpressionOf,reactome:ProteinReference6684
reactome:ProteinReference10922,abstraction:ControlsExpressionOf,reactome:ProteinReference11985
reactome:ProteinReference10833,abstraction:ControlsExpressionOf,reactome:ProteinReference6785
reactome:ProteinReference11271,abstraction:ControlsExpressionOf,reactome:ProteinReference11979
reactome:ProteinReference11271,abstraction:ControlsExpressionOf,reactome:ProteinReference11929
reactome:ProteinReference42,abstraction:ControlsExpressionOf,reactome:ProteinReference6149
reactome:ProteinReference4530,abstraction:ControlsExpressionOf,reactome:ProteinReference1351
reactome:ProteinReference6162,abstraction:ControlsExpressionOf,reactome:ProteinReference6072
reactome:ProteinReference10409,abstraction:ControlsExpressionOf,reactome:ProteinReference5907
reactome:ProteinReference10411,abstraction:ControlsExpressionOf,reactome:ProteinReference5907
reactome:ProteinReference8609,abstraction:ControlsExpressionOf,reactome:ProteinReference5291
reactome:ProteinReference1114,abstraction:ControlsExpressionOf,reactome:ProteinReference741
reactome:ProteinReference9701,abstraction:ControlsExpressionOf,reactome:ProteinReference8834
reactome:ProteinReference1061,abstraction:ControlsExpressionOf,reactome:ProteinReference1146
reactome:ProteinReference9701,abstraction:ControlsExpressionOf,reactome:ProteinReference8292
reactome:ProteinReference1061,abstraction:ControlsExpressionOf,reactome:ProteinReference26
reactome:ProteinReference5277,abstraction:ControlsExpressionOf,reactome:ProteinReference5274
reactome:ProteinReference7596,abstraction:ControlsExpressionOf,reactome:ProteinReference1339
reactome:ProteinReference1086,abstraction:ControlsExpressionOf,reactome:ProteinReference2059
reactome:ProteinReference1060,abstraction:ControlsExpressionOf,reactome:ProteinReference1053
reactome:ProteinReference10409,abstraction:ControlsExpressionOf,reactome:ProteinReference11727
reactome:ProteinReference1086,abstraction:ControlsExpressionOf,reactome:ProteinReference1347
reactome:ProteinReference1066,abstraction:ControlsExpressionOf,reactome:ProteinReference653
reactome:ProteinReference1053,abstraction:ControlsExpressionOf,reactome:ProteinReference1140
reactome:ProteinReference175,abstraction:ControlsExpressionOf,reactome:ProteinReference9416
reactome:ProteinReference1121,abstraction:ControlsExpressionOf,reactome:ProteinReference1151
reactome:ProteinReference11271,abstraction:ControlsExpressionOf,reactome:ProteinReference11850
reactome:ProteinReference10681,abstraction:ControlsExpressionOf,reactome:ProteinReference10529
reactome:ProteinReference1120,abstraction:ControlsExpressionOf,reactome:ProteinReference655
reactome:ProteinReference1061,abstraction:ControlsExpressionOf,reactome:ProteinReference1125
reactome:ProteinReference1141,abstraction:ControlsExpressionOf,reactome:ProteinReference1641
reactome:ProteinReference10922,abstraction:ControlsExpressionOf,reactome:ProteinReference10911
reactome:ProteinReference5245,abstraction:ControlsExpressionOf,reactome:ProteinReference1807
reactome:ProteinReference10922,abstraction:ControlsExpressionOf,reactome:ProteinReference11669
reactome:ProteinReference9780,abstraction:ControlsExpressionOf,reactome:ProteinReference5078
reactome:ProteinReference4549,abstraction:ControlsExpressionOf,reactome:ProteinReference1351
reactome:ProteinReference10922,abstraction:ControlsExpressionOf,reactome:ProteinReference11746
reactome:ProteinReference1064,abstraction:ControlsExpressionOf,reactome:ProteinReference1123
reactome:ProteinReference10922,abstraction:ControlsExpressionOf,reactome:ProteinReference11946
reactome:ProteinReference10922,abstraction:ControlsExpressionOf,reactome:ProteinReference11896
reactome:ProteinReference5284,abstraction:ControlsExpressionOf,reactome:ProteinReference1152
reactome:ProteinReference7597,abstraction:ControlsExpressionOf,reactome:ProteinReference1339
reactome:ProteinReference4530,abstraction:ControlsExpressionOf,reactome:ProteinReference1807
reactome:ProteinReference9701,abstraction:ControlsExpressionOf,reactome:ProteinReference9706
reactome:ProteinReference2473,abstraction:ControlsExpressionOf,reactome:ProteinReference8632
reactome:ProteinReference1088,abstraction:ControlsExpressionOf,reactome:ProteinReference1153
reactome:ProteinReference2496,abstraction:ControlsExpressionOf,reactome:ProteinReference8632
reactome:ProteinReference4530,abstraction:ControlsExpressionOf,reactome:ProteinReference661
reactome:ProteinReference4521,abstraction:ControlsExpressionOf,reactome:ProteinReference7714
reactome:ProteinReference1074,abstraction:ControlsExpressionOf,reactome:ProteinReference1643
reactome:ProteinReference10922,abstraction:ControlsExpressionOf,reactome:ProteinReference11633
reactome:ProteinReference10348,abstraction:ControlsExpressionOf,reactome:ProteinReference10435
reactome:ProteinReference10922,abstraction:ControlsExpressionOf,reactome:ProteinReference11698
reactome:ProteinReference1100,abstraction:ControlsExpressionOf,reactome:ProteinReference1351
reactome:ProteinReference1089,abstraction:ControlsExpressionOf,reactome:ProteinReference1126
reactome:ProteinReference7505,abstraction:ControlsExpressionOf,reactome:ProteinReference7545
reactome:ProteinReference10572,abstraction:ControlsExpressionOf,reactome:ProteinReference1268
reactome:ProteinReference10409,abstraction:ControlsExpressionOf,reactome:ProteinReference11882
reactome:ProteinReference11271,abstraction:ControlsExpressionOf,reactome:ProteinReference11758
reactome:ProteinReference6774,abstraction:ControlsExpressionOf,reactome:ProteinReference6776
reactome:ProteinReference10409,abstraction:ControlsExpressionOf,reactome:ProteinReference11771
reactome:ProteinReference10573,abstraction:ControlsExpressionOf,reactome:ProteinReference1347
reactome:ProteinReference1073,abstraction:ControlsExpressionOf,reactome:ProteinReference1172
reactome:ProteinReference6875,abstraction:ControlsExpressionOf,reactome:ProteinReference6896
reactome:ProteinReference5243,abstraction:ControlsExpressionOf,reactome:ProteinReference7714
reactome:ProteinReference1098,abstraction:ControlsExpressionOf,reactome:ProteinReference1402
reactome:ProteinReference2811,abstraction:ControlsExpressionOf,reactome:ProteinReference5291
reactome:ProteinReference10922,abstraction:ControlsExpressionOf,reactome:ProteinReference11829
reactome:ProteinReference11271,abstraction:ControlsExpressionOf,reactome:ProteinReference11980
reactome:ProteinReference1061,abstraction:ControlsExpressionOf,reactome:ProteinReference1053
reactome:ProteinReference1098,abstraction:ControlsExpressionOf,reactome:ProteinReference1349
reactome:ProteinReference2792,abstraction:ControlsExpressionOf,reactome:ProteinReference5291
reactome:ProteinReference1109,abstraction:ControlsExpressionOf,reactome:ProteinReference5139
reactome:ProteinReference7712,abstraction:ControlsExpressionOf,reactome:ProteinReference7324
reactome:ProteinReference4549,abstraction:ControlsExpressionOf,reactome:ProteinReference1807
reactome:ProteinReference10578,abstraction:ControlsExpressionOf,reactome:ProteinReference1339
reactome:ProteinReference6080,abstraction:ControlsExpressionOf,reactome:ProteinReference4468
reactome:ProteinReference4526,abstraction:ControlsExpressionOf,reactome:ProteinReference1152
reactome:ProteinReference4549,abstraction:ControlsExpressionOf,reactome:ProteinReference661
reactome:ProteinReference1062,abstraction:ControlsExpressionOf,reactome:ProteinReference1081
reactome:ProteinReference1994,abstraction:ControlsExpressionOf,reactome:ProteinReference1988
reactome:ProteinReference4555,abstraction:ControlsExpressionOf,reactome:ProteinReference6180
reactome:ProteinReference8605,abstraction:ControlsExpressionOf,reactome:ProteinReference6855
reactome:ProteinReference1096,abstraction:ControlsExpressionOf,reactome:ProteinReference10581
reactome:ProteinReference2790,abstraction:ControlsExpressionOf,reactome:ProteinReference6855
reactome:ProteinReference5928,abstraction:ControlsExpressionOf,reactome:ProteinReference3539
reactome:ProteinReference1107,abstraction:ControlsExpressionOf,reactome:ProteinReference10580
reactome:ProteinReference4554,abstraction:ControlsExpressionOf,reactome:ProteinReference1162
reactome:ProteinReference707,abstraction:ControlsExpressionOf,reactome:ProteinReference1356
reactome:ProteinReference2806,abstraction:ControlsExpressionOf,reactome:ProteinReference10384
reactome:ProteinReference4553,abstraction:ControlsExpressionOf,reactome:ProteinReference1347
reactome:ProteinReference8605,abstraction:ControlsExpressionOf,reactome:ProteinReference10383
reactome:ProteinReference2790,abstraction:ControlsExpressionOf,reactome:ProteinReference10383
reactome:ProteinReference1111,abstraction:ControlsExpressionOf,reactome:ProteinReference1346
reactome:ProteinReference5931,abstraction:ControlsExpressionOf,reactome:ProteinReference3539
reactome:ProteinReference10409,abstraction:ControlsExpressionOf,reactome:ProteinReference11695
reactome:ProteinReference1100,abstraction:ControlsExpressionOf,reactome:ProteinReference1807
reactome:ProteinReference175,abstraction:ControlsExpressionOf,reactome:ProteinReference4653
reactome:ProteinReference11033,abstraction:ControlsExpressionOf,reactome:ProteinReference11038
reactome:ProteinReference10922,abstraction:ControlsExpressionOf,reactome:ProteinReference11880
reactome:ProteinReference9141,abstraction:ControlsExpressionOf,reactome:ProteinReference10349
reactome:ProteinReference10922,abstraction:ControlsExpressionOf,reactome:ProteinReference11918
reactome:ProteinReference1086,abstraction:ControlsExpressionOf,reactome:ProteinReference1744
reactome:ProteinReference5245,abstraction:ControlsExpressionOf,reactome:ProteinReference5176
reactome:ProteinReference6147,abstraction:ControlsExpressionOf,reactome:ProteinReference6153
reactome:ProteinReference10829,abstraction:ControlsExpressionOf,reactome:ProteinReference10838
reactome:ProteinReference1099,abstraction:ControlsExpressionOf,reactome:ProteinReference1188
reactome:ProteinReference1086,abstraction:ControlsExpressionOf,reactome:ProteinReference10348
reactome:ProteinReference10409,abstraction:ControlsExpressionOf,reactome:ProteinReference11731
reactome:ProteinReference4548,abstraction:ControlsExpressionOf,reactome:ProteinReference1197
reactome:ProteinReference5244,abstraction:ControlsExpressionOf,reactome:ProteinReference1339
reactome:ProteinReference7590,abstraction:ControlsExpressionOf,reactome:ProteinReference5632
reactome:ProteinReference4530,abstraction:ControlsExpressionOf,reactome:ProteinReference5176
reactome:ProteinReference11271,abstraction:ControlsExpressionOf,reactome:ProteinReference11969
reactome:ProteinReference4555,abstraction:ControlsExpressionOf,reactome:ProteinReference1844
reactome:ProteinReference4553,abstraction:ControlsExpressionOf,reactome:ProteinReference10577
reactome:ProteinReference1079,abstraction:ControlsExpressionOf,reactome:ProteinReference2672
reactome:ProteinReference5428,abstraction:ControlsExpressionOf,reactome:ProteinReference7444
reactome:ProteinReference6244,abstraction:ControlsExpressionOf,reactome:ProteinReference6256
reactome:ProteinReference4588,abstraction:ControlsExpressionOf,reactome:ProteinReference4641
reactome:ProteinReference5405,abstraction:ControlsExpressionOf,reactome:ProteinReference1163
reactome:ProteinReference4458,abstraction:ControlsExpressionOf,reactome:ProteinReference1268
reactome:ProteinReference10409,abstraction:ControlsExpressionOf,reactome:ProteinReference11682
reactome:ProteinReference1066,abstraction:ControlsExpressionOf,reactome:ProteinReference1160
reactome:ProteinReference5427,abstraction:ControlsExpressionOf,reactome:ProteinReference4641
reactome:ProteinReference10409,abstraction:ControlsExpressionOf,reactome:ProteinReference11872
reactome:ProteinReference2458,abstraction:ControlsExpressionOf,reactome:ProteinReference8632
reactome:ProteinReference5428,abstraction:ControlsExpressionOf,reactome:ProteinReference7739
reactome:ProteinReference5434,abstraction:ControlsExpressionOf,reactome:ProteinReference7510
reactome:ProteinReference1117,abstraction:ControlsExpressionOf,reactome:ProteinReference1349
reactome:ProteinReference10922,abstraction:ControlsExpressionOf,reactome:ProteinReference11671
reactome:ProteinReference6080,abstraction:ControlsExpressionOf,reactome:ProteinReference5290
reactome:ProteinReference4552,abstraction:ControlsExpressionOf,reactome:ProteinReference1268
reactome:ProteinReference11271,abstraction:ControlsExpressionOf,reactome:ProteinReference11717
reactome:ProteinReference11271,abstraction:ControlsExpressionOf,reactome:ProteinReference12026
reactome:ProteinReference5431,abstraction:ControlsExpressionOf,reactome:ProteinReference3598
reactome:ProteinReference4559,abstraction:ControlsExpressionOf,reactome:ProteinReference7714
reactome:ProteinReference8283,abstraction:ControlsExpressionOf,reactome:ProteinReference7766
reactome:ProteinReference5285,abstraction:ControlsExpressionOf,reactome:ProteinReference10581
reactome:ProteinReference5240,abstraction:ControlsExpressionOf,reactome:ProteinReference1844
reactome:ProteinReference42,abstraction:ControlsExpressionOf,reactome:ProteinReference6150
reactome:ProteinReference5003,abstraction:ControlsExpressionOf,reactome:ProteinReference1372
reactome:ProteinReference2947,abstraction:ControlsExpressionOf,reactome:ProteinReference5449
reactome:ProteinReference1069,abstraction:ControlsExpressionOf,reactome:ProteinReference1148
reactome:ProteinReference9086,abstraction:ControlsExpressionOf,reactome:ProteinReference3539
reactome:ProteinReference1069,abstraction:ControlsExpressionOf,reactome:ProteinReference1144
reactome:ProteinReference1052,abstraction:ControlsExpressionOf,reactome:ProteinReference1130
reactome:ProteinReference10922,abstraction:ControlsExpressionOf,reactome:ProteinReference11778
reactome:ProteinReference4414,abstraction:ControlsExpressionOf,reactome:ProteinReference741
reactome:ProteinReference7507,abstraction:ControlsExpressionOf,reactome:ProteinReference7541
reactome:ProteinReference10409,abstraction:ControlsExpressionOf,reactome:ProteinReference11936
reactome:ProteinReference6147,abstraction:ControlsExpressionOf,reactome:ProteinReference6152
reactome:ProteinReference1067,abstraction:ControlsExpressionOf,reactome:ProteinReference10580
reactome:ProteinReference1111,abstraction:ControlsExpressionOf,reactome:ProteinReference1126
reactome:ProteinReference10347,abstraction:ControlsExpressionOf,reactome:ProteinReference3449
reactome:ProteinReference9053,abstraction:ControlsExpressionOf,reactome:ProteinReference1337
reactome:ProteinReference4521,abstraction:ControlsExpressionOf,reactome:ProteinReference1372
reactome:ProteinReference8823,abstraction:ControlsExpressionOf,reactome:ProteinReference8292
reactome:ProteinReference4549,abstraction:ControlsExpressionOf,reactome:ProteinReference5176
reactome:ProteinReference1070,abstraction:ControlsExpressionOf,reactome:ProteinReference1126
reactome:ProteinReference10409,abstraction:ControlsExpressionOf,reactome:ProteinReference11931
reactome:ProteinReference1052,abstraction:ControlsExpressionOf,reactome:ProteinReference16
reactome:ProteinReference6129,abstraction:ControlsExpressionOf,reactome:ProteinReference6139
reactome:ProteinReference11256,abstraction:ControlsExpressionOf,reactome:ProteinReference1123
reactome:ProteinReference4457,abstraction:ControlsExpressionOf,reactome:ProteinReference767
reactome:ProteinReference5245,abstraction:ControlsExpressionOf,reactome:ProteinReference1352
reactome:ProteinReference5244,abstraction:ControlsExpressionOf,reactome:ProteinReference3577
reactome:ProteinReference10573,abstraction:ControlsExpressionOf,reactome:ProteinReference1744
reactome:ProteinReference4456,abstraction:ControlsExpressionOf,reactome:ProteinReference10404
reactome:ProteinReference11271,abstraction:ControlsExpressionOf,reactome:ProteinReference12005
reactome:ProteinReference4473,abstraction:ControlsExpressionOf,reactome:ProteinReference4149
reactome:ProteinReference6861,abstraction:ControlsExpressionOf,reactome:ProteinReference9701
reactome:ProteinReference4473,abstraction:ControlsExpressionOf,reactome:ProteinReference6180
reactome:ProteinReference1088,abstraction:ControlsExpressionOf,reactome:ProteinReference1151
reactome:ProteinReference4393,abstraction:ControlsExpressionOf,reactome:ProteinReference10403
reactome:ProteinReference1154,abstraction:ControlsExpressionOf,reactome:ProteinReference1799
reactome:ProteinReference1114,abstraction:ControlsExpressionOf,reactome:ProteinReference10580
reactome:ProteinReference1063,abstraction:ControlsExpressionOf,reactome:ProteinReference1082
reactome:ProteinReference5433,abstraction:ControlsExpressionOf,reactome:ProteinReference6173
reactome:ProteinReference2553,abstraction:ControlsExpressionOf,reactome:ProteinReference8194
reactome:ProteinReference5239,abstraction:ControlsExpressionOf,reactome:ProteinReference3577
reactome:ProteinReference10922,abstraction:ControlsExpressionOf,reactome:ProteinReference11647
reactome:ProteinReference4458,abstraction:ControlsExpressionOf,reactome:ProteinReference10578
reactome:ProteinReference5244,abstraction:ControlsExpressionOf,reactome:ProteinReference4641
reactome:ProteinReference1070,abstraction:ControlsExpressionOf,reactome:ProteinReference1148
reactome:ProteinReference1070,abstraction:ControlsExpressionOf,reactome:ProteinReference1144
reactome:ProteinReference10577,abstraction:ControlsExpressionOf,reactome:ProteinReference661
reactome:ProteinReference4527,abstraction:ControlsExpressionOf,reactome:ProteinReference7714
reactome:ProteinReference8605,abstraction:ControlsExpressionOf,reactome:ProteinReference5336
reactome:ProteinReference2790,abstraction:ControlsExpressionOf,reactome:ProteinReference5336
reactome:ProteinReference1056,abstraction:ControlsExpressionOf,reactome:ProteinReference653
reactome:ProteinReference1065,abstraction:ControlsExpressionOf,reactome:ProteinReference1337
reactome:ProteinReference4580,abstraction:ControlsExpressionOf,reactome:ProteinReference8227
reactome:ProteinReference11256,abstraction:ControlsExpressionOf,reactome:ProteinReference11265
reactome:ProteinReference8823,abstraction:ControlsExpressionOf,reactome:ProteinReference9706
reactome:ProteinReference2553,abstraction:ControlsExpressionOf,reactome:ProteinReference4387
reactome:ProteinReference4552,abstraction:ControlsExpressionOf,reactome:ProteinReference6180
reactome:ProteinReference8982,abstraction:ControlsExpressionOf,reactome:ProteinReference661
reactome:ProteinReference1106,abstraction:ControlsExpressionOf,reactome:ProteinReference10580
reactome:ProteinReference1099,abstraction:ControlsExpressionOf,reactome:ProteinReference1339
reactome:ProteinReference1074,abstraction:ControlsExpressionOf,reactome:ProteinReference10994
reactome:ProteinReference4551,abstraction:ControlsExpressionOf,reactome:ProteinReference1339
reactome:ProteinReference10922,abstraction:ControlsExpressionOf,reactome:ProteinReference11657
reactome:ProteinReference1065,abstraction:ControlsExpressionOf,reactome:ProteinReference5139
reactome:ProteinReference1086,abstraction:ControlsExpressionOf,reactome:ProteinReference1053
reactome:ProteinReference10835,abstraction:ControlsExpressionOf,reactome:ProteinReference10836
reactome:ProteinReference10414,abstraction:ControlsExpressionOf,reactome:ProteinReference7763
reactome:ProteinReference6031,abstraction:ControlsExpressionOf,reactome:ProteinReference5662
reactome:ProteinReference10409,abstraction:ControlsExpressionOf,reactome:ProteinReference12022
reactome:ProteinReference707,abstraction:ControlsExpressionOf,reactome:ProteinReference705
reactome:ProteinReference6861,abstraction:ControlsExpressionOf,reactome:ProteinReference8835
reactome:ProteinReference1087,abstraction:ControlsExpressionOf,reactome:ProteinReference10348
reactome:ProteinReference1088,abstraction:ControlsExpressionOf,reactome:ProteinReference4590
reactome:ProteinReference10837,abstraction:ControlsExpressionOf,reactome:ProteinReference10836
reactome:ProteinReference10828,abstraction:ControlsExpressionOf,reactome:ProteinReference10829
reactome:ProteinReference1065,abstraction:ControlsExpressionOf,reactome:ProteinReference1156
reactome:ProteinReference1069,abstraction:ControlsExpressionOf,reactome:ProteinReference1083
reactome:ProteinReference10922,abstraction:ControlsExpressionOf,reactome:ProteinReference11710
reactome:ProteinReference10922,abstraction:ControlsExpressionOf,reactome:ProteinReference11804
reactome:ProteinReference11271,abstraction:ControlsExpressionOf,reactome:ProteinReference12012
reactome:ProteinReference1088,abstraction:ControlsExpressionOf,reactome:ProteinReference5105
reactome:ProteinReference5939,abstraction:ControlsExpressionOf,reactome:ProteinReference5945
reactome:ProteinReference10409,abstraction:ControlsExpressionOf,reactome:ProteinReference11952
reactome:ProteinReference10922,abstraction:ControlsExpressionOf,reactome:ProteinReference11852
reactome:ProteinReference6080,abstraction:ControlsExpressionOf,reactome:ProteinReference4470
reactome:ProteinReference6127,abstraction:ControlsExpressionOf,reactome:ProteinReference5078
reactome:ProteinReference1063,abstraction:ControlsExpressionOf,reactome:ProteinReference1188
reactome:ProteinReference2457,abstraction:ControlsExpressionOf,reactome:ProteinReference8632
reactome:ProteinReference1100,abstraction:ControlsExpressionOf,reactome:ProteinReference1352
reactome:ProteinReference5240,abstraction:ControlsExpressionOf,reactome:ProteinReference1352
reactome:ProteinReference10922,abstraction:ControlsExpressionOf,reactome:ProteinReference12018
reactome:ProteinReference5136,abstraction:ControlsExpressionOf,reactome:ProteinReference5277
reactome:ProteinReference9047,abstraction:ControlsExpressionOf,reactome:ProteinReference1339
reactome:ProteinReference6943,abstraction:ControlsExpressionOf,reactome:ProteinReference10384
reactome:ProteinReference10922,abstraction:ControlsExpressionOf,reactome:ProteinReference11943
reactome:ProteinReference5164,abstraction:ControlsExpressionOf,reactome:ProteinReference10909
reactome:ProteinReference4558,abstraction:ControlsExpressionOf,reactome:ProteinReference1151
reactome:ProteinReference175,abstraction:ControlsExpressionOf,reactome:ProteinReference5907
reactome:ProteinReference175,abstraction:ControlsExpressionOf,reactome:ProteinReference4969
reactome:ProteinReference7777,abstraction:ControlsExpressionOf,reactome:ProteinReference7341
reactome:ProteinReference6946,abstraction:ControlsExpressionOf,reactome:ProteinReference10384
reactome:ProteinReference1094,abstraction:ControlsExpressionOf,reactome:ProteinReference1339
reactome:ProteinReference10409,abstraction:ControlsExpressionOf,reactome:ProteinReference11776
reactome:ProteinReference10833,abstraction:ControlsExpressionOf,reactome:ProteinReference10836
reactome:ProteinReference7604,abstraction:ControlsExpressionOf,reactome:ProteinReference10830
reactome:ProteinReference4548,abstraction:ControlsExpressionOf,reactome:ProteinReference1402
reactome:ProteinReference4559,abstraction:ControlsExpressionOf,reactome:ProteinReference1372
reactome:ProteinReference10922,abstraction:ControlsExpressionOf,reactome:ProteinReference11869
reactome:ProteinReference6147,abstraction:ControlsExpressionOf,reactome:ProteinReference6136
reactome:ProteinReference10922,abstraction:ControlsExpressionOf,reactome:ProteinReference11680
reactome:ProteinReference5242,abstraction:ControlsExpressionOf,reactome:ProteinReference1151
reactome:ProteinReference1106,abstraction:ControlsExpressionOf,reactome:ProteinReference10578
reactome:ProteinReference4548,abstraction:ControlsExpressionOf,reactome:ProteinReference1349
reactome:ProteinReference11271,abstraction:ControlsExpressionOf,reactome:ProteinReference12013
reactome:ProteinReference11271,abstraction:ControlsExpressionOf,reactome:ProteinReference11895
reactome:ProteinReference1070,abstraction:ControlsExpressionOf,reactome:ProteinReference1083
reactome:ProteinReference4555,abstraction:ControlsExpressionOf,reactome:ProteinReference1337
reactome:ProteinReference6244,abstraction:ControlsExpressionOf,reactome:ProteinReference5107
reactome:ProteinReference7590,abstraction:ControlsExpressionOf,reactome:ProteinReference10438
reactome:ProteinReference10409,abstraction:ControlsExpressionOf,reactome:ProteinReference11705
reactome:ProteinReference5003,abstraction:ControlsExpressionOf,reactome:ProteinReference1346
reactome:ProteinReference9052,abstraction:ControlsExpressionOf,reactome:ProteinReference10591
reactome:ProteinReference4526,abstraction:ControlsExpressionOf,reactome:ProteinReference661
reactome:ProteinReference1064,abstraction:ControlsExpressionOf,reactome:ProteinReference1148
reactome:ProteinReference11256,abstraction:ControlsExpressionOf,reactome:ProteinReference3540
reactome:ProteinReference1077,abstraction:ControlsExpressionOf,reactome:ProteinReference8227
reactome:ProteinReference1069,abstraction:ControlsExpressionOf,reactome:ProteinReference1157
reactome:ProteinReference4551,abstraction:ControlsExpressionOf,reactome:ProteinReference4641
reactome:ProteinReference2776,abstraction:ControlsExpressionOf,reactome:ProteinReference4438
reactome:ProteinReference1096,abstraction:ControlsExpressionOf,reactome:ProteinReference1152
reactome:ProteinReference11271,abstraction:ControlsExpressionOf,reactome:ProteinReference11764
reactome:ProteinReference6079,abstraction:ControlsExpressionOf,reactome:ProteinReference11282
reactome:ProteinReference10922,abstraction:ControlsExpressionOf,reactome:ProteinReference11769
reactome:ProteinReference10409,abstraction:ControlsExpressionOf,reactome:ProteinReference11921
reactome:ProteinReference11256,abstraction:ControlsExpressionOf,reactome:ProteinReference416
reactome:ProteinReference5427,abstraction:ControlsExpressionOf,reactome:ProteinReference7510
reactome:ProteinReference5428,abstraction:ControlsExpressionOf,reactome:ProteinReference707
reactome:ProteinReference1091,abstraction:ControlsExpressionOf,reactome:ProteinReference1372
reactome:ProteinReference4561,abstraction:ControlsExpressionOf,reactome:ProteinReference1351
reactome:ProteinReference2515,abstraction:ControlsExpressionOf,reactome:ProteinReference8632
reactome:ProteinReference1064,abstraction:ControlsExpressionOf,reactome:ProteinReference2059
reactome:ProteinReference8286,abstraction:ControlsExpressionOf,reactome:ProteinReference9380
reactome:ProteinReference4697,abstraction:ControlsExpressionOf,reactome:ProteinReference7726
reactome:ProteinReference1064,abstraction:ControlsExpressionOf,reactome:ProteinReference1347
reactome:ProteinReference7596,abstraction:ControlsExpressionOf,reactome:ProteinReference1197
reactome:ProteinReference5431,abstraction:ControlsExpressionOf,reactome:ProteinReference4641
reactome:ProteinReference10572,abstraction:ControlsExpressionOf,reactome:ProteinReference1162
reactome:ProteinReference1060,abstraction:ControlsExpressionOf,reactome:ProteinReference1140
reactome:ProteinReference4523,abstraction:ControlsExpressionOf,reactome:ProteinReference1351
reactome:ProteinReference1069,abstraction:ControlsExpressionOf,reactome:ProteinReference1146
reactome:ProteinReference10829,abstraction:ControlsExpressionOf,reactome:ProteinReference7521
reactome:ProteinReference1111,abstraction:ControlsExpressionOf,reactome:ProteinReference1744
reactome:ProteinReference10922,abstraction:ControlsExpressionOf,reactome:ProteinReference11894
reactome:ProteinReference10922,abstraction:ControlsExpressionOf,reactome:ProteinReference11672
reactome:ProteinReference4712,abstraction:ControlsExpressionOf,reactome:ProteinReference5078
reactome:ProteinReference5390,abstraction:ControlsExpressionOf,reactome:ProteinReference10845
reactome:ProteinReference11273,abstraction:ControlsExpressionOf,reactome:ProteinReference1124
reactome:ProteinReference1115,abstraction:ControlsExpressionOf,reactome:ProteinReference1082
reactome:ProteinReference1069,abstraction:ControlsExpressionOf,reactome:ProteinReference1125
reactome:ProteinReference1118,abstraction:ControlsExpressionOf,reactome:ProteinReference1082
reactome:ProteinReference5418,abstraction:ControlsExpressionOf,reactome:ProteinReference10990
reactome:ProteinReference10922,abstraction:ControlsExpressionOf,reactome:ProteinReference11986
reactome:ProteinReference4531,abstraction:ControlsExpressionOf,reactome:ProteinReference18
reactome:ProteinReference10846,abstraction:ControlsExpressionOf,reactome:ProteinReference10849
reactome:ProteinReference1064,abstraction:ControlsExpressionOf,reactome:ProteinReference10577
reactome:ProteinReference10415,abstraction:ControlsExpressionOf,reactome:ProteinReference9144
reactome:ProteinReference10409,abstraction:ControlsExpressionOf,reactome:ProteinReference11853
reactome:ProteinReference10409,abstraction:ControlsExpressionOf,reactome:ProteinReference12036
reactome:ProteinReference5003,abstraction:ControlsExpressionOf,reactome:ProteinReference1126
reactome:ProteinReference5429,abstraction:ControlsExpressionOf,reactome:ProteinReference7717
reactome:ProteinReference4636,abstraction:ControlsExpressionOf,reactome:ProteinReference6785
reactome:ProteinReference10376,abstraction:ControlsExpressionOf,reactome:ProteinReference4690
reactome:ProteinReference7597,abstraction:ControlsExpressionOf,reactome:ProteinReference1197
reactome:ProteinReference10453,abstraction:ControlsExpressionOf,reactome:ProteinReference6081
reactome:ProteinReference4521,abstraction:ControlsExpressionOf,reactome:ProteinReference1126
reactome:ProteinReference1064,abstraction:ControlsExpressionOf,reactome:ProteinReference1084
reactome:ProteinReference11271,abstraction:ControlsExpressionOf,reactome:ProteinReference11912
reactome:ProteinReference5285,abstraction:ControlsExpressionOf,reactome:ProteinReference1152
reactome:ProteinReference1073,abstraction:ControlsExpressionOf,reactome:ProteinReference1171
reactome:ProteinReference11271,abstraction:ControlsExpressionOf,reactome:ProteinReference11733
reactome:ProteinReference1056,abstraction:ControlsExpressionOf,reactome:ProteinReference1154
reactome:ProteinReference9807,abstraction:ControlsExpressionOf,reactome:ProteinReference2732
reactome:ProteinReference1070,abstraction:ControlsExpressionOf,reactome:ProteinReference1146
reactome:ProteinReference7826,abstraction:ControlsExpressionOf,reactome:ProteinReference6194
reactome:ProteinReference6080,abstraction:ControlsExpressionOf,reactome:ProteinReference9672
reactome:ProteinReference10922,abstraction:ControlsExpressionOf,reactome:ProteinReference11861
reactome:ProteinReference4523,abstraction:ControlsExpressionOf,reactome:ProteinReference1807
reactome:ProteinReference10409,abstraction:ControlsExpressionOf,reactome:ProteinReference11678
reactome:ProteinReference4473,abstraction:ControlsExpressionOf,reactome:ProteinReference1337
reactome:ProteinReference6130,abstraction:ControlsExpressionOf,reactome:ProteinReference5078
reactome:ProteinReference1096,abstraction:ControlsExpressionOf,reactome:ProteinReference741
reactome:ProteinReference10833,abstraction:ControlsExpressionOf,reactome:ProteinReference11020
reactome:ProteinReference10809,abstraction:ControlsExpressionOf,reactome:ProteinReference10815
reactome:ProteinReference1064,abstraction:ControlsExpressionOf,reactome:ProteinReference1083
reactome:ProteinReference2454,abstraction:ControlsExpressionOf,reactome:ProteinReference8632
reactome:ProteinReference1063,abstraction:ControlsExpressionOf,reactome:ProteinReference1081
reactome:ProteinReference5424,abstraction:ControlsExpressionOf,reactome:ProteinReference6136
reactome:ProteinReference6097,abstraction:ControlsExpressionOf,reactome:ProteinReference6099
reactome:ProteinReference1070,abstraction:ControlsExpressionOf,reactome:ProteinReference1125
reactome:ProteinReference6097,abstraction:ControlsExpressionOf,reactome:ProteinReference7502
reactome:ProteinReference1075,abstraction:ControlsExpressionOf,reactome:ProteinReference1643
reactome:ProteinReference10409,abstraction:ControlsExpressionOf,reactome:ProteinReference12024
reactome:ProteinReference10922,abstraction:ControlsExpressionOf,reactome:ProteinReference11919
reactome:ProteinReference1101,abstraction:ControlsExpressionOf,reactome:ProteinReference1351
reactome:ProteinReference10922,abstraction:ControlsExpressionOf,reactome:ProteinReference11915
reactome:ProteinReference11271,abstraction:ControlsExpressionOf,reactome:ProteinReference11747
reactome:ProteinReference4556,abstraction:ControlsExpressionOf,reactome:ProteinReference1807
reactome:ProteinReference6278,abstraction:ControlsExpressionOf,reactome:ProteinReference8227
reactome:ProteinReference10578,abstraction:ControlsExpressionOf,reactome:ProteinReference1197
reactome:ProteinReference10604,abstraction:ControlsExpressionOf,reactome:ProteinReference3540
reactome:ProteinReference4458,abstraction:ControlsExpressionOf,reactome:ProteinReference1162
reactome:ProteinReference6861,abstraction:ControlsExpressionOf,reactome:ProteinReference9748
reactome:ProteinReference1115,abstraction:ControlsExpressionOf,reactome:ProteinReference1188
reactome:ProteinReference4556,abstraction:ControlsExpressionOf,reactome:ProteinReference661
reactome:ProteinReference10409,abstraction:ControlsExpressionOf,reactome:ProteinReference12028
reactome:ProteinReference9701,abstraction:ControlsExpressionOf,reactome:ProteinReference6773
reactome:ProteinReference5941,abstraction:ControlsExpressionOf,reactome:ProteinReference5040
reactome:ProteinReference1069,abstraction:ControlsExpressionOf,reactome:ProteinReference1053
reactome:ProteinReference11315,abstraction:ControlsExpressionOf,reactome:ProteinReference11288
reactome:ProteinReference7506,abstraction:ControlsExpressionOf,reactome:ProteinReference7555
reactome:ProteinReference4552,abstraction:ControlsExpressionOf,reactome:ProteinReference1162
reactome:ProteinReference10922,abstraction:ControlsExpressionOf,reactome:ProteinReference11973
reactome:ProteinReference6244,abstraction:ControlsExpressionOf,reactome:ProteinReference1274
reactome:ProteinReference2553,abstraction:ControlsExpressionOf,reactome:ProteinReference5269
reactome:ProteinReference4521,abstraction:ControlsExpressionOf,reactome:ProteinReference1347
reactome:ProteinReference6244,abstraction:ControlsExpressionOf,reactome:ProteinReference4160
reactome:ProteinReference2788,abstraction:ControlsExpressionOf,reactome:ProteinReference6855
reactome:ProteinReference1124,abstraction:ControlsExpressionOf,reactome:ProteinReference5139
reactome:ProteinReference6244,abstraction:ControlsExpressionOf,reactome:ProteinReference595
reactome:ProteinReference11256,abstraction:ControlsExpressionOf,reactome:ProteinReference570
reactome:ProteinReference4564,abstraction:ControlsExpressionOf,reactome:ProteinReference7560
reactome:ProteinReference2788,abstraction:ControlsExpressionOf,reactome:ProteinReference10383
reactome:ProteinReference8283,abstraction:ControlsExpressionOf,reactome:ProteinReference7835
reactome:ProteinReference10409,abstraction:ControlsExpressionOf,reactome:ProteinReference11715
reactome:ProteinReference2553,abstraction:ControlsExpressionOf,reactome:ProteinReference5901
reactome:ProteinReference10409,abstraction:ControlsExpressionOf,reactome:ProteinReference11668
reactome:ProteinReference5393,abstraction:ControlsExpressionOf,reactome:ProteinReference10850
reactome:ProteinReference1064,abstraction:ControlsExpressionOf,reactome:ProteinReference1157
reactome:ProteinReference3487,abstraction:ControlsExpressionOf,reactome:ProteinReference4393
reactome:ProteinReference7826,abstraction:ControlsExpressionOf,reactome:ProteinReference1660
reactome:ProteinReference7571,abstraction:ControlsExpressionOf,reactome:ProteinReference5164
reactome:ProteinReference1088,abstraction:ControlsExpressionOf,reactome:ProteinReference6173
reactome:ProteinReference8287,abstraction:ControlsExpressionOf,reactome:ProteinReference10450
reactome:ProteinReference5243,abstraction:ControlsExpressionOf,reactome:ProteinReference1347
reactome:ProteinReference4541,abstraction:ControlsExpressionOf,reactome:ProteinReference4911
reactome:ProteinReference6123,abstraction:ControlsExpressionOf,reactome:ProteinReference5078
reactome:ProteinReference1101,abstraction:ControlsExpressionOf,reactome:ProteinReference1807
reactome:ProteinReference10452,abstraction:ControlsExpressionOf,reactome:ProteinReference6081
reactome:ProteinReference175,abstraction:ControlsExpressionOf,reactome:ProteinReference6903
reactome:ProteinReference10922,abstraction:ControlsExpressionOf,reactome:ProteinReference11917
reactome:ProteinReference5244,abstraction:ControlsExpressionOf,reactome:ProteinReference1197
reactome:ProteinReference11271,abstraction:ControlsExpressionOf,reactome:ProteinReference11985
reactome:ProteinReference1063,abstraction:ControlsExpressionOf,reactome:ProteinReference655
reactome:ProteinReference1061,abstraction:ControlsExpressionOf,reactome:ProteinReference1351
reactome:ProteinReference3093,abstraction:ControlsExpressionOf,reactome:ProteinReference6139
reactome:ProteinReference4525,abstraction:ControlsExpressionOf,reactome:ProteinReference661
reactome:ProteinReference6125,abstraction:ControlsExpressionOf,reactome:ProteinReference5078
reactome:ProteinReference4521,abstraction:ControlsExpressionOf,reactome:ProteinReference3539
reactome:ProteinReference4561,abstraction:ControlsExpressionOf,reactome:ProteinReference5176
reactome:ProteinReference7604,abstraction:ControlsExpressionOf,reactome:ProteinReference10807
reactome:ProteinReference6293,abstraction:ControlsExpressionOf,reactome:ProteinReference4969
reactome:ProteinReference4580,abstraction:ControlsExpressionOf,reactome:ProteinReference6769
reactome:ProteinReference1066,abstraction:ControlsExpressionOf,reactome:ProteinReference1188
reactome:ProteinReference8824,abstraction:ControlsExpressionOf,reactome:ProteinReference5908
reactome:ProteinReference8287,abstraction:ControlsExpressionOf,reactome:ProteinReference10444
reactome:ProteinReference10382,abstraction:ControlsExpressionOf,reactome:ProteinReference8322
reactome:ProteinReference10922,abstraction:ControlsExpressionOf,reactome:ProteinReference11951
reactome:ProteinReference5277,abstraction:ControlsExpressionOf,reactome:ProteinReference3509
reactome:ProteinReference10409,abstraction:ControlsExpressionOf,reactome:ProteinReference11810
reactome:ProteinReference4554,abstraction:ControlsExpressionOf,reactome:ProteinReference1151
reactome:ProteinReference1052,abstraction:ControlsExpressionOf,reactome:ProteinReference10580
reactome:ProteinReference10831,abstraction:ControlsExpressionOf,reactome:ProteinReference3598
reactome:ProteinReference1110,abstraction:ControlsExpressionOf,reactome:ProteinReference1126
reactome:ProteinReference4523,abstraction:ControlsExpressionOf,reactome:ProteinReference5176
reactome:ProteinReference9925,abstraction:ControlsExpressionOf,reactome:ProteinReference6798
reactome:ProteinReference5239,abstraction:ControlsExpressionOf,reactome:ProteinReference1197
reactome:ProteinReference10679,abstraction:ControlsExpressionOf,reactome:ProteinReference10683
reactome:ProteinReference5243,abstraction:ControlsExpressionOf,reactome:ProteinReference10577
reactome:ProteinReference4559,abstraction:ControlsExpressionOf,reactome:ProteinReference1126
reactome:ProteinReference2800,abstraction:ControlsExpressionOf,reactome:ProteinReference8322
reactome:ProteinReference7596,abstraction:ControlsExpressionOf,reactome:ProteinReference1402
reactome:ProteinReference5243,abstraction:ControlsExpressionOf,reactome:ProteinReference3539
reactome:ProteinReference4481,abstraction:ControlsExpressionOf,reactome:ProteinReference7603
reactome:ProteinReference10409,abstraction:ControlsExpressionOf,reactome:ProteinReference11883
reactome:ProteinReference10922,abstraction:ControlsExpressionOf,reactome:ProteinReference11686
reactome:ProteinReference9807,abstraction:ControlsExpressionOf,reactome:ProteinReference5766
reactome:ProteinReference7596,abstraction:ControlsExpressionOf,reactome:ProteinReference1349
reactome:ProteinReference7505,abstraction:ControlsExpressionOf,reactome:ProteinReference4641
reactome:ProteinReference10836,abstraction:ControlsExpressionOf,reactome:ProteinReference11019
reactome:ProteinReference1118,abstraction:ControlsExpressionOf,reactome:ProteinReference1372
reactome:ProteinReference5163,abstraction:ControlsExpressionOf,reactome:ProteinReference3487
reactome:ProteinReference11271,abstraction:ControlsExpressionOf,reactome:ProteinReference11795
reactome:ProteinReference3891,abstraction:ControlsExpressionOf,reactome:ProteinReference1128
reactome:ProteinReference9807,abstraction:ControlsExpressionOf,reactome:ProteinReference4772
reactome:ProteinReference2805,abstraction:ControlsExpressionOf,reactome:ProteinReference8322
reactome:ProteinReference6079,abstraction:ControlsExpressionOf,reactome:ProteinReference4423
reactome:ProteinReference10922,abstraction:ControlsExpressionOf,reactome:ProteinReference11763
reactome:ProteinReference10831,abstraction:ControlsExpressionOf,reactome:ProteinReference10830
reactome:ProteinReference11313,abstraction:ControlsExpressionOf,reactome:ProteinReference4468
reactome:ProteinReference11271,abstraction:ControlsExpressionOf,reactome:ProteinReference11746
reactome:ProteinReference1061,abstraction:ControlsExpressionOf,reactome:ProteinReference10601
reactome:ProteinReference5942,abstraction:ControlsExpressionOf,reactome:ProteinReference6180
reactome:ProteinReference4530,abstraction:ControlsExpressionOf,reactome:ProteinReference1082
reactome:ProteinReference11271,abstraction:ControlsExpressionOf,reactome:ProteinReference11946
reactome:ProteinReference1061,abstraction:ControlsExpressionOf,reactome:ProteinReference1807
reactome:ProteinReference8283,abstraction:ControlsExpressionOf,reactome:ProteinReference5078
reactome:ProteinReference1065,abstraction:ControlsExpressionOf,reactome:ProteinReference1139
reactome:ProteinReference5274,abstraction:ControlsExpressionOf,reactome:ProteinReference5273
reactome:ProteinReference1116,abstraction:ControlsExpressionOf,reactome:ProteinReference1351
reactome:ProteinReference4697,abstraction:ControlsExpressionOf,reactome:ProteinReference7558
reactome:ProteinReference6773,abstraction:ControlsExpressionOf,reactome:ProteinReference6779
reactome:ProteinReference1091,abstraction:ControlsExpressionOf,reactome:ProteinReference1126
reactome:ProteinReference5428,abstraction:ControlsExpressionOf,reactome:ProteinReference5364
reactome:ProteinReference706,abstraction:ControlsExpressionOf,reactome:ProteinReference17
reactome:ProteinReference10409,abstraction:ControlsExpressionOf,reactome:ProteinReference11702
reactome:ProteinReference7597,abstraction:ControlsExpressionOf,reactome:ProteinReference1402
reactome:ProteinReference4561,abstraction:ControlsExpressionOf,reactome:ProteinReference1352
reactome:ProteinReference10922,abstraction:ControlsExpressionOf,reactome:ProteinReference11699
reactome:ProteinReference1096,abstraction:ControlsExpressionOf,reactome:ProteinReference661
reactome:ProteinReference5003,abstraction:ControlsExpressionOf,reactome:ProteinReference1744
reactome:ProteinReference7597,abstraction:ControlsExpressionOf,reactome:ProteinReference1349
reactome:ProteinReference11271,abstraction:ControlsExpressionOf,reactome:ProteinReference11698
reactome:ProteinReference5908,abstraction:ControlsExpressionOf,reactome:ProteinReference5918
reactome:ProteinReference1063,abstraction:ControlsExpressionOf,reactome:ProteinReference1138
reactome:ProteinReference6861,abstraction:ControlsExpressionOf,reactome:ProteinReference9732
reactome:ProteinReference11256,abstraction:ControlsExpressionOf,reactome:ProteinReference4423
reactome:ProteinReference10409,abstraction:ControlsExpressionOf,reactome:ProteinReference11803
reactome:ProteinReference4457,abstraction:ControlsExpressionOf,reactome:ProteinReference1163
reactome:ProteinReference6861,abstraction:ControlsExpressionOf,reactome:ProteinReference9712
reactome:ProteinReference4564,abstraction:ControlsExpressionOf,reactome:ProteinReference7547
reactome:ProteinReference4523,abstraction:ControlsExpressionOf,reactome:ProteinReference1352
reactome:ProteinReference4521,abstraction:ControlsExpressionOf,reactome:ProteinReference1744
reactome:ProteinReference3891,abstraction:ControlsExpressionOf,reactome:ProteinReference8019
reactome:ProteinReference9779,abstraction:ControlsExpressionOf,reactome:ProteinReference7550
reactome:ProteinReference2788,abstraction:ControlsExpressionOf,reactome:ProteinReference5336
reactome:ProteinReference4549,abstraction:ControlsExpressionOf,reactome:ProteinReference1082
reactome:ProteinReference1098,abstraction:ControlsExpressionOf,reactome:ProteinReference1268
reactome:ProteinReference1052,abstraction:ControlsExpressionOf,reactome:ProteinReference1135
reactome:ProteinReference6950,abstraction:ControlsExpressionOf,reactome:ProteinReference6952
reactome:ProteinReference175,abstraction:ControlsExpressionOf,reactome:ProteinReference9429
reactome:ProteinReference9926,abstraction:ControlsExpressionOf,reactome:ProteinReference6798
reactome:ProteinReference2553,abstraction:ControlsExpressionOf,reactome:ProteinReference8966
reactome:ProteinReference8244,abstraction:ControlsExpressionOf,reactome:ProteinReference5406
reactome:ProteinReference1095,abstraction:ControlsExpressionOf,reactome:ProteinReference1351
reactome:ProteinReference1064,abstraction:ControlsExpressionOf,reactome:ProteinReference1053
reactome:ProteinReference8824,abstraction:ControlsExpressionOf,reactome:ProteinReference9703
reactome:ProteinReference8601,abstraction:ControlsExpressionOf,reactome:ProteinReference5291
reactome:ProteinReference1103,abstraction:ControlsExpressionOf,reactome:ProteinReference661
reactome:ProteinReference5450,abstraction:ControlsExpressionOf,reactome:ProteinReference3487
reactome:ProteinReference4551,abstraction:ControlsExpressionOf,reactome:ProteinReference1197
reactome:ProteinReference10578,abstraction:ControlsExpressionOf,reactome:ProteinReference1402
reactome:ProteinReference1116,abstraction:ControlsExpressionOf,reactome:ProteinReference1807
reactome:ProteinReference10409,abstraction:ControlsExpressionOf,reactome:ProteinReference11706
reactome:ProteinReference4555,abstraction:ControlsExpressionOf,reactome:ProteinReference7714
reactome:ProteinReference10578,abstraction:ControlsExpressionOf,reactome:ProteinReference1349
reactome:ProteinReference9052,abstraction:ControlsExpressionOf,reactome:ProteinReference10590
reactome:ProteinReference1116,abstraction:ControlsExpressionOf,reactome:ProteinReference661
reactome:ProteinReference2498,abstraction:ControlsExpressionOf,reactome:ProteinReference8632
reactome:ProteinReference8824,abstraction:ControlsExpressionOf,reactome:ProteinReference9719
reactome:ProteinReference706,abstraction:ControlsExpressionOf,reactome:ProteinReference7738
reactome:ProteinReference10580,abstraction:ControlsExpressionOf,reactome:ProteinReference11252
reactome:ProteinReference4559,abstraction:ControlsExpressionOf,reactome:ProteinReference3539
reactome:ProteinReference5163,abstraction:ControlsExpressionOf,reactome:ProteinReference6971
reactome:ProteinReference1091,abstraction:ControlsExpressionOf,reactome:ProteinReference1347
reactome:ProteinReference5030,abstraction:ControlsExpressionOf,reactome:ProteinReference5277
reactome:ProteinReference10409,abstraction:ControlsExpressionOf,reactome:ProteinReference11648
reactome:ProteinReference5942,abstraction:ControlsExpressionOf,reactome:ProteinReference5944
reactome:ProteinReference10466,abstraction:ControlsExpressionOf,reactome:ProteinReference10472
reactome:ProteinReference7736,abstraction:ControlsExpressionOf,reactome:ProteinReference18
reactome:ProteinReference5939,abstraction:ControlsExpressionOf,reactome:ProteinReference5946
reactome:ProteinReference1059,abstraction:ControlsExpressionOf,reactome:ProteinReference1071
reactome:ProteinReference11271,abstraction:ControlsExpressionOf,reactome:ProteinReference11880
reactome:ProteinReference5242,abstraction:ControlsExpressionOf,reactome:ProteinReference10577
reactome:ProteinReference1105,abstraction:ControlsExpressionOf,reactome:ProteinReference1844
reactome:ProteinReference1123,abstraction:ControlsExpressionOf,reactome:ProteinReference10580
reactome:ProteinReference11271,abstraction:ControlsExpressionOf,reactome:ProteinReference11918
reactome:ProteinReference4527,abstraction:ControlsExpressionOf,reactome:ProteinReference1347
reactome:ProteinReference5240,abstraction:ControlsExpressionOf,reactome:ProteinReference7714
reactome:ProteinReference8823,abstraction:ControlsExpressionOf,reactome:ProteinReference6773
reactome:ProteinReference10409,abstraction:ControlsExpressionOf,reactome:ProteinReference11690
reactome:ProteinReference10409,abstraction:ControlsExpressionOf,reactome:ProteinReference11687
reactome:ProteinReference1149,abstraction:ControlsExpressionOf,reactome:ProteinReference10598
reactome:ProteinReference9047,abstraction:ControlsExpressionOf,reactome:ProteinReference1197
reactome:ProteinReference10922,abstraction:ControlsExpressionOf,reactome:ProteinReference11897
reactome:ProteinReference1060,abstraction:ControlsExpressionOf,reactome:ProteinReference1155
reactome:ProteinReference4473,abstraction:ControlsExpressionOf,reactome:ProteinReference7718
reactome:ProteinReference4473,abstraction:ControlsExpressionOf,reactome:ProteinReference6871
reactome:ProteinReference10409,abstraction:ControlsExpressionOf,reactome:ProteinReference11976
reactome:ProteinReference1153,abstraction:ControlsExpressionOf,reactome:ProteinReference10591
reactome:ProteinReference10409,abstraction:ControlsExpressionOf,reactome:ProteinReference11900
reactome:ProteinReference6436,abstraction:ControlsExpressionOf,reactome:ProteinReference6097
reactome:ProteinReference1095,abstraction:ControlsExpressionOf,reactome:ProteinReference1807
reactome:ProteinReference6150,abstraction:ControlsExpressionOf,reactome:ProteinReference6277
reactome:ProteinReference4456,abstraction:ControlsExpressionOf,reactome:ProteinReference10443
reactome:ProteinReference3477,abstraction:ControlsExpressionOf,reactome:ProteinReference1124
reactome:ProteinReference1094,abstraction:ControlsExpressionOf,reactome:ProteinReference1197
reactome:ProteinReference1098,abstraction:ControlsExpressionOf,reactome:ProteinReference10578
reactome:ProteinReference10409,abstraction:ControlsExpressionOf,reactome:ProteinReference11978
reactome:ProteinReference1115,abstraction:ControlsExpressionOf,reactome:ProteinReference655
reactome:ProteinReference10409,abstraction:ControlsExpressionOf,reactome:ProteinReference11828
reactome:ProteinReference6081,abstraction:ControlsExpressionOf,reactome:ProteinReference5295
reactome:ProteinReference5244,abstraction:ControlsExpressionOf,reactome:ProteinReference1402
reactome:ProteinReference10409,abstraction:ControlsExpressionOf,reactome:ProteinReference11635
reactome:ProteinReference6137,abstraction:ControlsExpressionOf,reactome:ProteinReference4705
reactome:ProteinReference1086,abstraction:ControlsExpressionOf,reactome:ProteinReference1351
reactome:ProteinReference1118,abstraction:ControlsExpressionOf,reactome:ProteinReference655
reactome:ProteinReference1067,abstraction:ControlsExpressionOf,reactome:ProteinReference1161
reactome:ProteinReference5244,abstraction:ControlsExpressionOf,reactome:ProteinReference1349
reactome:ProteinReference4557,abstraction:ControlsExpressionOf,reactome:ProteinReference1268
reactome:ProteinReference1102,abstraction:ControlsExpressionOf,reactome:ProteinReference1844
reactome:ProteinReference2808,abstraction:ControlsExpressionOf,reactome:ProteinReference6855
reactome:ProteinReference4527,abstraction:ControlsExpressionOf,reactome:ProteinReference3539
reactome:ProteinReference5245,abstraction:ControlsExpressionOf,reactome:ProteinReference7502
reactome:ProteinReference5429,abstraction:ControlsExpressionOf,reactome:ProteinReference7511
reactome:ProteinReference1108,abstraction:ControlsExpressionOf,reactome:ProteinReference1844
reactome:ProteinReference5245,abstraction:ControlsExpressionOf,reactome:ProteinReference1372
reactome:ProteinReference1118,abstraction:ControlsExpressionOf,reactome:ProteinReference1346
reactome:ProteinReference2808,abstraction:ControlsExpressionOf,reactome:ProteinReference10383
reactome:ProteinReference5239,abstraction:ControlsExpressionOf,reactome:ProteinReference1402
reactome:ProteinReference1077,abstraction:ControlsExpressionOf,reactome:ProteinReference1646
reactome:ProteinReference6783,abstraction:ControlsExpressionOf,reactome:ProteinReference6784
reactome:ProteinReference10409,abstraction:ControlsExpressionOf,reactome:ProteinReference11768
reactome:ProteinReference5239,abstraction:ControlsExpressionOf,reactome:ProteinReference1349
reactome:ProteinReference11271,abstraction:ControlsExpressionOf,reactome:ProteinReference11778
reactome:ProteinReference7511,abstraction:ControlsExpressionOf,reactome:ProteinReference6282
reactome:ProteinReference4414,abstraction:ControlsExpressionOf,reactome:ProteinReference1172
reactome:ProteinReference4530,abstraction:ControlsExpressionOf,reactome:ProteinReference7502
reactome:ProteinReference10922,abstraction:ControlsExpressionOf,reactome:ProteinReference11875
reactome:ProteinReference4697,abstraction:ControlsExpressionOf,reactome:ProteinReference7541
reactome:ProteinReference8823,abstraction:ControlsExpressionOf,reactome:ProteinReference8831
reactome:ProteinReference5004,abstraction:ControlsExpressionOf,reactome:ProteinReference1844
reactome:ProteinReference4559,abstraction:ControlsExpressionOf,reactome:ProteinReference1744
reactome:ProteinReference4473,abstraction:ControlsExpressionOf,reactome:ProteinReference7714
reactome:ProteinReference9816,abstraction:ControlsExpressionOf,reactome:ProteinReference1153
reactome:ProteinReference6079,abstraction:ControlsExpressionOf,reactome:ProteinReference8104
reactome:ProteinReference4450,abstraction:ControlsExpressionOf,reactome:ProteinReference10456
reactome:ProteinReference10426,abstraction:ControlsExpressionOf,reactome:ProteinReference10347
reactome:ProteinReference10922,abstraction:ControlsExpressionOf,reactome:ProteinReference11866
reactome:ProteinReference9780,abstraction:ControlsExpressionOf,reactome:ProteinReference3370
reactome:ProteinReference5942,abstraction:ControlsExpressionOf,reactome:ProteinReference4148
reactome:ProteinReference3108,abstraction:ControlsExpressionOf,reactome:ProteinReference8907
reactome:ProteinReference1086,abstraction:ControlsExpressionOf,reactome:ProteinReference1807
reactome:ProteinReference10577,abstraction:ControlsExpressionOf,reactome:ProteinReference1082
reactome:ProteinReference9807,abstraction:ControlsExpressionOf,reactome:ProteinReference4231
reactome:ProteinReference10409,abstraction:ControlsExpressionOf,reactome:ProteinReference11858
reactome:ProteinReference1120,abstraction:ControlsExpressionOf,reactome:ProteinReference741
reactome:ProteinReference1061,abstraction:ControlsExpressionOf,reactome:ProteinReference1155
reactome:ProteinReference11271,abstraction:ControlsExpressionOf,reactome:ProteinReference11647
reactome:ProteinReference5036,abstraction:ControlsExpressionOf,reactome:ProteinReference393
reactome:ProteinReference6861,abstraction:ControlsExpressionOf,reactome:ProteinReference8833
reactome:ProteinReference8982,abstraction:ControlsExpressionOf,reactome:ProteinReference1082
reactome:ProteinReference10573,abstraction:ControlsExpressionOf,reactome:ProteinReference1351
reactome:ProteinReference4549,abstraction:ControlsExpressionOf,reactome:ProteinReference7502
reactome:ProteinReference4557,abstraction:ControlsExpressionOf,reactome:ProteinReference6180
reactome:ProteinReference6278,abstraction:ControlsExpressionOf,reactome:ProteinReference10376
reactome:ProteinReference8283,abstraction:ControlsExpressionOf,reactome:ProteinReference7016
reactome:ProteinReference1091,abstraction:ControlsExpressionOf,reactome:ProteinReference1744
reactome:ProteinReference1076,abstraction:ControlsExpressionOf,reactome:ProteinReference8227
reactome:ProteinReference1059,abstraction:ControlsExpressionOf,reactome:ProteinReference1161
reactome:ProteinReference1118,abstraction:ControlsExpressionOf,reactome:ProteinReference1126
reactome:ProteinReference1073,abstraction:ControlsExpressionOf,reactome:ProteinReference1197
reactome:ProteinReference6173,abstraction:ControlsExpressionOf,reactome:ProteinReference7558
reactome:ProteinReference1105,abstraction:ControlsExpressionOf,reactome:ProteinReference1352
reactome:ProteinReference1052,abstraction:ControlsExpressionOf,reactome:ProteinReference671
reactome:ProteinReference1132,abstraction:ControlsExpressionOf,reactome:ProteinReference6791
reactome:ProteinReference8283,abstraction:ControlsExpressionOf,reactome:ProteinReference7059
reactome:ProteinReference8608,abstraction:ControlsExpressionOf,reactome:ProteinReference4438
reactome:ProteinReference11277,abstraction:ControlsExpressionOf,reactome:ProteinReference2059
reactome:ProteinReference6243,abstraction:ControlsExpressionOf,reactome:ProteinReference5709
reactome:ProteinReference7506,abstraction:ControlsExpressionOf,reactome:ProteinReference7556
reactome:ProteinReference4527,abstraction:ControlsExpressionOf,reactome:ProteinReference1744
reactome:ProteinReference2553,abstraction:ControlsExpressionOf,reactome:ProteinReference4464
reactome:ProteinReference2810,abstraction:ControlsExpressionOf,reactome:ProteinReference6855
reactome:ProteinReference2795,abstraction:ControlsExpressionOf,reactome:ProteinReference8322
reactome:ProteinReference10572,abstraction:ControlsExpressionOf,reactome:ProteinReference1151
reactome:ProteinReference8293,abstraction:ControlsExpressionOf,reactome:ProteinReference8134
reactome:ProteinReference7506,abstraction:ControlsExpressionOf,reactome:ProteinReference6282
reactome:ProteinReference2810,abstraction:ControlsExpressionOf,reactome:ProteinReference10383
reactome:ProteinReference10409,abstraction:ControlsExpressionOf,reactome:ProteinReference11781
reactome:ProteinReference1100,abstraction:ControlsExpressionOf,reactome:ProteinReference1372
reactome:ProteinReference10409,abstraction:ControlsExpressionOf,reactome:ProteinReference12035
reactome:ProteinReference5240,abstraction:ControlsExpressionOf,reactome:ProteinReference1372
reactome:ProteinReference4551,abstraction:ControlsExpressionOf,reactome:ProteinReference1402
reactome:ProteinReference8287,abstraction:ControlsExpressionOf,reactome:ProteinReference1124
reactome:ProteinReference7510,abstraction:ControlsExpressionOf,reactome:ProteinReference7550
reactome:ProteinReference1133,abstraction:ControlsExpressionOf,reactome:ProteinReference5963
reactome:ProteinReference10842,abstraction:ControlsExpressionOf,reactome:ProteinReference10843
reactome:ProteinReference7087,abstraction:ControlsExpressionOf,reactome:ProteinReference3598
reactome:ProteinReference4551,abstraction:ControlsExpressionOf,reactome:ProteinReference1349
reactome:ProteinReference9807,abstraction:ControlsExpressionOf,reactome:ProteinReference9620
reactome:ProteinReference10680,abstraction:ControlsExpressionOf,reactome:ProteinReference10530
reactome:ProteinReference10922,abstraction:ControlsExpressionOf,reactome:ProteinReference12020
reactome:ProteinReference1102,abstraction:ControlsExpressionOf,reactome:ProteinReference1352
reactome:ProteinReference10922,abstraction:ControlsExpressionOf,reactome:ProteinReference11872
reactome:ProteinReference1119,abstraction:ControlsExpressionOf,reactome:ProteinReference5139
reactome:ProteinReference1061,abstraction:ControlsExpressionOf,reactome:ProteinReference1150
reactome:ProteinReference11271,abstraction:ControlsExpressionOf,reactome:ProteinReference11710
reactome:ProteinReference1068,abstraction:ControlsExpressionOf,reactome:ProteinReference1144
reactome:ProteinReference11271,abstraction:ControlsExpressionOf,reactome:ProteinReference11804
reactome:ProteinReference10922,abstraction:ControlsExpressionOf,reactome:ProteinReference11656
reactome:ProteinReference1068,abstraction:ControlsExpressionOf,reactome:ProteinReference1148
reactome:ProteinReference10573,abstraction:ControlsExpressionOf,reactome:ProteinReference1807
reactome:ProteinReference1108,abstraction:ControlsExpressionOf,reactome:ProteinReference1352
reactome:ProteinReference1132,abstraction:ControlsExpressionOf,reactome:ProteinReference2765
reactome:ProteinReference2808,abstraction:ControlsExpressionOf,reactome:ProteinReference5336
reactome:ProteinReference10577,abstraction:ControlsExpressionOf,reactome:ProteinReference1188
reactome:ProteinReference5427,abstraction:ControlsExpressionOf,reactome:ProteinReference6932
reactome:ProteinReference8824,abstraction:ControlsExpressionOf,reactome:ProteinReference8789
reactome:ProteinReference5942,abstraction:ControlsExpressionOf,reactome:ProteinReference5943
reactome:ProteinReference11271,abstraction:ControlsExpressionOf,reactome:ProteinReference12018
reactome:ProteinReference6950,abstraction:ControlsExpressionOf,reactome:ProteinReference6081
reactome:ProteinReference8982,abstraction:ControlsExpressionOf,reactome:ProteinReference1188
reactome:ProteinReference1062,abstraction:ControlsExpressionOf,reactome:ProteinReference1152
reactome:ProteinReference9139,abstraction:ControlsExpressionOf,reactome:ProteinReference10845
reactome:ProteinReference6031,abstraction:ControlsExpressionOf,reactome:ProteinReference6033
reactome:ProteinReference10409,abstraction:ControlsExpressionOf,reactome:ProteinReference11847
reactome:ProteinReference6290,abstraction:ControlsExpressionOf,reactome:ProteinReference10845
reactome:ProteinReference5400,abstraction:ControlsExpressionOf,reactome:ProteinReference18
reactome:ProteinReference1052,abstraction:ControlsExpressionOf,reactome:ProteinReference1172
reactome:ProteinReference5276,abstraction:ControlsExpressionOf,reactome:ProteinReference5274
reactome:ProteinReference6097,abstraction:ControlsExpressionOf,reactome:ProteinReference8313
reactome:ProteinReference9047,abstraction:ControlsExpressionOf,reactome:ProteinReference1402
reactome:ProteinReference5908,abstraction:ControlsExpressionOf,reactome:ProteinReference5910
reactome:ProteinReference7590,abstraction:ControlsExpressionOf,reactome:ProteinReference9939
reactome:ProteinReference4548,abstraction:ControlsExpressionOf,reactome:ProteinReference10580
reactome:ProteinReference11271,abstraction:ControlsExpressionOf,reactome:ProteinReference11869
reactome:ProteinReference10922,abstraction:ControlsExpressionOf,reactome:ProteinReference11885
reactome:ProteinReference9047,abstraction:ControlsExpressionOf,reactome:ProteinReference1349
reactome:ProteinReference8286,abstraction:ControlsExpressionOf,reactome:ProteinReference6816
reactome:ProteinReference1114,abstraction:ControlsExpressionOf,reactome:ProteinReference1339
reactome:ProteinReference1094,abstraction:ControlsExpressionOf,reactome:ProteinReference1402
reactome:ProteinReference7826,abstraction:ControlsExpressionOf,reactome:ProteinReference10464
reactome:ProteinReference5245,abstraction:ControlsExpressionOf,reactome:ProteinReference1346
reactome:ProteinReference7590,abstraction:ControlsExpressionOf,reactome:ProteinReference10347
reactome:ProteinReference9701,abstraction:ControlsExpressionOf,reactome:ProteinReference8835
reactome:ProteinReference5405,abstraction:ControlsExpressionOf,reactome:ProteinReference8116
reactome:ProteinReference5395,abstraction:ControlsExpressionOf,reactome:ProteinReference647
reactome:ProteinReference6693,abstraction:ControlsExpressionOf,reactome:ProteinReference10854
reactome:ProteinReference1094,abstraction:ControlsExpressionOf,reactome:ProteinReference1349
reactome:ProteinReference10409,abstraction:ControlsExpressionOf,reactome:ProteinReference12034
reactome:ProteinReference6943,abstraction:ControlsExpressionOf,reactome:ProteinReference6855
reactome:ProteinReference5942,abstraction:ControlsExpressionOf,reactome:ProteinReference6178
reactome:ProteinReference6080,abstraction:ControlsExpressionOf,reactome:ProteinReference4659
reactome:ProteinReference1124,abstraction:ControlsExpressionOf,reactome:ProteinReference1123
reactome:ProteinReference4530,abstraction:ControlsExpressionOf,reactome:ProteinReference655
reactome:ProteinReference6861,abstraction:ControlsExpressionOf,reactome:ProteinReference8836
reactome:ProteinReference11271,abstraction:ControlsExpressionOf,reactome:ProteinReference11696
reactome:ProteinReference4554,abstraction:ControlsExpressionOf,reactome:ProteinReference10577
reactome:ProteinReference6946,abstraction:ControlsExpressionOf,reactome:ProteinReference6855
reactome:ProteinReference9807,abstraction:ControlsExpressionOf,reactome:ProteinReference8283
reactome:ProteinReference1089,abstraction:ControlsExpressionOf,reactome:ProteinReference1807
reactome:ProteinReference6861,abstraction:ControlsExpressionOf,reactome:ProteinReference8901
reactome:ProteinReference2797,abstraction:ControlsExpressionOf,reactome:ProteinReference4438
reactome:ProteinReference5284,abstraction:ControlsExpressionOf,reactome:ProteinReference1188
reactome:ProteinReference5940,abstraction:ControlsExpressionOf,reactome:ProteinReference5944
reactome:ProteinReference4530,abstraction:ControlsExpressionOf,reactome:ProteinReference1346
reactome:ProteinReference11256,abstraction:ControlsExpressionOf,reactome:ProteinReference2584
reactome:ProteinReference4458,abstraction:ControlsExpressionOf,reactome:ProteinReference1151
reactome:ProteinReference9807,abstraction:ControlsExpressionOf,reactome:ProteinReference9845
reactome:ProteinReference6946,abstraction:ControlsExpressionOf,reactome:ProteinReference10383
reactome:ProteinReference8610,abstraction:ControlsExpressionOf,reactome:ProteinReference6855
reactome:ProteinReference6861,abstraction:ControlsExpressionOf,reactome:ProteinReference3639
reactome:ProteinReference1089,abstraction:ControlsExpressionOf,reactome:ProteinReference661
reactome:ProteinReference11271,abstraction:ControlsExpressionOf,reactome:ProteinReference11769
reactome:ProteinReference6244,abstraction:ControlsExpressionOf,reactome:ProteinReference5564
reactome:ProteinReference1061,abstraction:ControlsExpressionOf,reactome:ProteinReference8227
reactome:ProteinReference10409,abstraction:ControlsExpressionOf,reactome:ProteinReference11977
reactome:ProteinReference10451,abstraction:ControlsExpressionOf,reactome:ProteinReference4459
reactome:ProteinReference8830,abstraction:ControlsExpressionOf,reactome:ProteinReference5915
reactome:ProteinReference4473,abstraction:ControlsExpressionOf,reactome:ProteinReference4653
reactome:ProteinReference8610,abstraction:ControlsExpressionOf,reactome:ProteinReference10383
reactome:ProteinReference1077,abstraction:ControlsExpressionOf,reactome:ProteinReference1658
reactome:ProteinReference3891,abstraction:ControlsExpressionOf,reactome:ProteinReference9816
reactome:ProteinReference10922,abstraction:ControlsExpressionOf,reactome:ProteinReference12011
reactome:ProteinReference7507,abstraction:ControlsExpressionOf,reactome:ProteinReference10838
reactome:ProteinReference10409,abstraction:ControlsExpressionOf,reactome:ProteinReference11838
reactome:ProteinReference10838,abstraction:ControlsExpressionOf,reactome:ProteinReference10842
reactome:ProteinReference2798,abstraction:ControlsExpressionOf,reactome:ProteinReference5291
reactome:ProteinReference3485,abstraction:ControlsExpressionOf,reactome:ProteinReference7777
reactome:ProteinReference1075,abstraction:ControlsExpressionOf,reactome:ProteinReference1641
reactome:ProteinReference4549,abstraction:ControlsExpressionOf,reactome:ProteinReference655
reactome:ProteinReference10409,abstraction:ControlsExpressionOf,reactome:ProteinReference11901
reactome:ProteinReference5004,abstraction:ControlsExpressionOf,reactome:ProteinReference1337
reactome:ProteinReference11271,abstraction:ControlsExpressionOf,reactome:ProteinReference11894
reactome:ProteinReference7590,abstraction:ControlsExpressionOf,reactome:ProteinReference7764
reactome:ProteinReference1068,abstraction:ControlsExpressionOf,reactome:ProteinReference1083
reactome:ProteinReference11271,abstraction:ControlsExpressionOf,reactome:ProteinReference11672
reactome:ProteinReference4549,abstraction:ControlsExpressionOf,reactome:ProteinReference5573
reactome:ProteinReference10922,abstraction:ControlsExpressionOf,reactome:ProteinReference12022
reactome:ProteinReference2810,abstraction:ControlsExpressionOf,reactome:ProteinReference5336
reactome:ProteinReference1098,abstraction:ControlsExpressionOf,reactome:ProteinReference1162
reactome:ProteinReference4553,abstraction:ControlsExpressionOf,reactome:ProteinReference1844
reactome:ProteinReference10922,abstraction:ControlsExpressionOf,reactome:ProteinReference12008
reactome:ProteinReference4549,abstraction:ControlsExpressionOf,reactome:ProteinReference1346
reactome:ProteinReference6173,abstraction:ControlsExpressionOf,reactome:ProteinReference7541
reactome:ProteinReference4548,abstraction:ControlsExpressionOf,reactome:ProteinReference10578
reactome:ProteinReference2796,abstraction:ControlsExpressionOf,reactome:ProteinReference10384
reactome:ProteinReference11271,abstraction:ControlsExpressionOf,reactome:ProteinReference11708
reactome:ProteinReference6082,abstraction:ControlsExpressionOf,reactome:ProteinReference5403
reactome:ProteinReference5245,abstraction:ControlsExpressionOf,reactome:ProteinReference1126
reactome:ProteinReference5942,abstraction:ControlsExpressionOf,reactome:ProteinReference6179
reactome:ProteinReference5163,abstraction:ControlsExpressionOf,reactome:ProteinReference5228
reactome:ProteinReference5405,abstraction:ControlsExpressionOf,reactome:ProteinReference4468
reactome:ProteinReference11271,abstraction:ControlsExpressionOf,reactome:ProteinReference11986
reactome:ProteinReference4526,abstraction:ControlsExpressionOf,reactome:ProteinReference1188
reactome:ProteinReference1063,abstraction:ControlsExpressionOf,reactome:ProteinReference10581
reactome:ProteinReference10922,abstraction:ControlsExpressionOf,reactome:ProteinReference11867
reactome:ProteinReference10922,abstraction:ControlsExpressionOf,reactome:ProteinReference11704
reactome:ProteinReference6081,abstraction:ControlsExpressionOf,reactome:ProteinReference5403
reactome:ProteinReference10922,abstraction:ControlsExpressionOf,reactome:ProteinReference11773
reactome:ProteinReference1065,abstraction:ControlsExpressionOf,reactome:ProteinReference1148
reactome:ProteinReference10922,abstraction:ControlsExpressionOf,reactome:ProteinReference11881
reactome:ProteinReference1061,abstraction:ControlsExpressionOf,reactome:ProteinReference6791
reactome:ProteinReference1100,abstraction:ControlsExpressionOf,reactome:ProteinReference1346
reactome:ProteinReference7506,abstraction:ControlsExpressionOf,reactome:ProteinReference7559
reactome:ProteinReference9053,abstraction:ControlsExpressionOf,reactome:ProteinReference10577
reactome:ProteinReference5942,abstraction:ControlsExpressionOf,reactome:ProteinReference5036
reactome:ProteinReference6861,abstraction:ControlsExpressionOf,reactome:ProteinReference9718
reactome:ProteinReference10409,abstraction:ControlsExpressionOf,reactome:ProteinReference11922
reactome:ProteinReference10922,abstraction:ControlsExpressionOf,reactome:ProteinReference11873
reactome:ProteinReference10922,abstraction:ControlsExpressionOf,reactome:ProteinReference11776
reactome:ProteinReference4399,abstraction:ControlsExpressionOf,reactome:ProteinReference10456
reactome:ProteinReference6779,abstraction:ControlsExpressionOf,reactome:ProteinReference6785
reactome:ProteinReference11256,abstraction:ControlsExpressionOf,reactome:ProteinReference410
reactome:ProteinReference3891,abstraction:ControlsExpressionOf,reactome:ProteinReference8051
reactome:ProteinReference11276,abstraction:ControlsExpressionOf,reactome:ProteinReference1163
reactome:ProteinReference10373,abstraction:ControlsExpressionOf,reactome:ProteinReference6081
reactome:ProteinReference6773,abstraction:ControlsExpressionOf,reactome:ProteinReference2601
reactome:ProteinReference1154,abstraction:ControlsExpressionOf,reactome:ProteinReference10470
reactome:ProteinReference6137,abstraction:ControlsExpressionOf,reactome:ProteinReference5036
reactome:ProteinReference3891,abstraction:ControlsExpressionOf,reactome:ProteinReference5072
reactome:ProteinReference10409,abstraction:ControlsExpressionOf,reactome:ProteinReference11655
reactome:ProteinReference4556,abstraction:ControlsExpressionOf,reactome:ProteinReference1082
reactome:ProteinReference10922,abstraction:ControlsExpressionOf,reactome:ProteinReference11705
reactome:ProteinReference1153,abstraction:ControlsExpressionOf,reactome:ProteinReference10590
reactome:ProteinReference1120,abstraction:ControlsExpressionOf,reactome:ProteinReference10580
reactome:ProteinReference1067,abstraction:ControlsExpressionOf,reactome:ProteinReference1051
reactome:ProteinReference4589,abstraction:ControlsExpressionOf,reactome:ProteinReference9380
reactome:ProteinReference11271,abstraction:ControlsExpressionOf,reactome:ProteinReference11919
reactome:ProteinReference9077,abstraction:ControlsExpressionOf,reactome:ProteinReference2581
reactome:ProteinReference11271,abstraction:ControlsExpressionOf,reactome:ProteinReference11915
reactome:ProteinReference11256,abstraction:ControlsExpressionOf,reactome:ProteinReference11269
reactome:ProteinReference6943,abstraction:ControlsExpressionOf,reactome:ProteinReference5336
reactome:ProteinReference8823,abstraction:ControlsExpressionOf,reactome:ProteinReference9701
reactome:ProteinReference8283,abstraction:ControlsExpressionOf,reactome:ProteinReference8201
reactome:ProteinReference5284,abstraction:ControlsExpressionOf,reactome:ProteinReference1339
reactome:ProteinReference1061,abstraction:ControlsExpressionOf,reactome:ProteinReference2765
reactome:ProteinReference1064,abstraction:ControlsExpressionOf,reactome:ProteinReference1140
reactome:ProteinReference10573,abstraction:ControlsExpressionOf,reactome:ProteinReference1352
reactome:ProteinReference4557,abstraction:ControlsExpressionOf,reactome:ProteinReference1162
reactome:ProteinReference5432,abstraction:ControlsExpressionOf,reactome:ProteinReference4641
reactome:ProteinReference6946,abstraction:ControlsExpressionOf,reactome:ProteinReference5336
reactome:ProteinReference1149,abstraction:ControlsExpressionOf,reactome:ProteinReference10592
reactome:ProteinReference8824,abstraction:ControlsExpressionOf,reactome:ProteinReference9721
reactome:ProteinReference1065,abstraction:ControlsExpressionOf,reactome:ProteinReference10577
reactome:ProteinReference10922,abstraction:ControlsExpressionOf,reactome:ProteinReference11674
reactome:ProteinReference1111,abstraction:ControlsExpressionOf,reactome:ProteinReference661
reactome:ProteinReference8610,abstraction:ControlsExpressionOf,reactome:ProteinReference5336
reactome:ProteinReference2801,abstraction:ControlsExpressionOf,reactome:ProteinReference4423
reactome:ProteinReference1068,abstraction:ControlsExpressionOf,reactome:ProteinReference1146
reactome:ProteinReference6816,abstraction:ControlsExpressionOf,reactome:ProteinReference4969
reactome:ProteinReference11029,abstraction:ControlsExpressionOf,reactome:ProteinReference7523
reactome:ProteinReference5036,abstraction:ControlsExpressionOf,reactome:ProteinReference24
reactome:ProteinReference10409,abstraction:ControlsExpressionOf,reactome:ProteinReference11642
reactome:ProteinReference1065,abstraction:ControlsExpressionOf,reactome:ProteinReference1084
reactome:ProteinReference1100,abstraction:ControlsExpressionOf,reactome:ProteinReference1126
reactome:ProteinReference5240,abstraction:ControlsExpressionOf,reactome:ProteinReference1126
reactome:ProteinReference8608,abstraction:ControlsExpressionOf,reactome:ProteinReference5291
reactome:ProteinReference1068,abstraction:ControlsExpressionOf,reactome:ProteinReference1125
reactome:ProteinReference7826,abstraction:ControlsExpressionOf,reactome:ProteinReference9600
reactome:ProteinReference10988,abstraction:ControlsExpressionOf,reactome:ProteinReference5764
reactome:ProteinReference6137,abstraction:ControlsExpressionOf,reactome:ProteinReference1124
reactome:ProteinReference6786,abstraction:ControlsExpressionOf,reactome:ProteinReference6072
reactome:ProteinReference5431,abstraction:ControlsExpressionOf,reactome:ProteinReference6932
reactome:ProteinReference4525,abstraction:ControlsExpressionOf,reactome:ProteinReference1082
reactome:ProteinReference1088,abstraction:ControlsExpressionOf,reactome:ProteinReference5914
reactome:ProteinReference4553,abstraction:ControlsExpressionOf,reactome:ProteinReference1352
reactome:ProteinReference11271,abstraction:ControlsExpressionOf,reactome:ProteinReference11964
reactome:ProteinReference8287,abstraction:ControlsExpressionOf,reactome:ProteinReference7301
reactome:ProteinReference10836,abstraction:ControlsExpressionOf,reactome:ProteinReference11021
reactome:ProteinReference11277,abstraction:ControlsExpressionOf,reactome:ProteinReference1053
reactome:ProteinReference10922,abstraction:ControlsExpressionOf,reactome:ProteinReference11649
reactome:ProteinReference8824,abstraction:ControlsExpressionOf,reactome:ProteinReference9715
reactome:ProteinReference11256,abstraction:ControlsExpressionOf,reactome:ProteinReference8294
reactome:ProteinReference10577,abstraction:ControlsExpressionOf,reactome:ProteinReference655
reactome:ProteinReference6817,abstraction:ControlsExpressionOf,reactome:ProteinReference6862
reactome:ProteinReference10922,abstraction:ControlsExpressionOf,reactome:ProteinReference11853
reactome:ProteinReference5396,abstraction:ControlsExpressionOf,reactome:ProteinReference3931
reactome:ProteinReference1067,abstraction:ControlsExpressionOf,reactome:ProteinReference1127
reactome:ProteinReference1064,abstraction:ControlsExpressionOf,reactome:ProteinReference1351
reactome:ProteinReference4556,abstraction:ControlsExpressionOf,reactome:ProteinReference1188
reactome:ProteinReference8823,abstraction:ControlsExpressionOf,reactome:ProteinReference8835
reactome:ProteinReference8982,abstraction:ControlsExpressionOf,reactome:ProteinReference655
reactome:ProteinReference6928,abstraction:ControlsExpressionOf,reactome:ProteinReference5426
reactome:ProteinReference4555,abstraction:ControlsExpressionOf,reactome:ProteinReference1347
reactome:ProteinReference1053,abstraction:ControlsExpressionOf,reactome:ProteinReference1148
reactome:ProteinReference10409,abstraction:ControlsExpressionOf,reactome:ProteinReference11719
reactome:ProteinReference1059,abstraction:ControlsExpressionOf,reactome:ProteinReference1051
reactome:ProteinReference11271,abstraction:ControlsExpressionOf,reactome:ProteinReference11951
reactome:ProteinReference1053,abstraction:ControlsExpressionOf,reactome:ProteinReference1144
reactome:ProteinReference8286,abstraction:ControlsExpressionOf,reactome:ProteinReference7012
reactome:ProteinReference8982,abstraction:ControlsExpressionOf,reactome:ProteinReference5573
reactome:ProteinReference7590,abstraction:ControlsExpressionOf,reactome:ProteinReference3449
reactome:ProteinReference10409,abstraction:ControlsExpressionOf,reactome:ProteinReference12009
reactome:ProteinReference10922,abstraction:ControlsExpressionOf,reactome:ProteinReference11729
reactome:ProteinReference10409,abstraction:ControlsExpressionOf,reactome:ProteinReference11987
reactome:ProteinReference5284,abstraction:ControlsExpressionOf,reactome:ProteinReference4641
reactome:ProteinReference5395,abstraction:ControlsExpressionOf,reactome:ProteinReference5254
reactome:ProteinReference10922,abstraction:ControlsExpressionOf,reactome:ProteinReference12003
reactome:ProteinReference5036,abstraction:ControlsExpressionOf,reactome:ProteinReference6174
reactome:ProteinReference5430,abstraction:ControlsExpressionOf,reactome:ProteinReference3598
reactome:ProteinReference10922,abstraction:ControlsExpressionOf,reactome:ProteinReference11992
reactome:ProteinReference5154,abstraction:ControlsExpressionOf,reactome:ProteinReference7502
reactome:ProteinReference1062,abstraction:ControlsExpressionOf,reactome:ProteinReference1145
reactome:ProteinReference4473,abstraction:ControlsExpressionOf,reactome:ProteinReference6899
reactome:ProteinReference9923,abstraction:ControlsExpressionOf,reactome:ProteinReference8191
reactome:ProteinReference3487,abstraction:ControlsExpressionOf,reactome:ProteinReference10829
reactome:ProteinReference1090,abstraction:ControlsExpressionOf,reactome:ProteinReference1349
reactome:ProteinReference4561,abstraction:ControlsExpressionOf,reactome:ProteinReference1372
reactome:ProteinReference11271,abstraction:ControlsExpressionOf,reactome:ProteinReference11763
reactome:ProteinReference10922,abstraction:ControlsExpressionOf,reactome:ProteinReference11950
reactome:ProteinReference1061,abstraction:ControlsExpressionOf,reactome:ProteinReference1082
reactome:ProteinReference2553,abstraction:ControlsExpressionOf,reactome:ProteinReference10377
reactome:ProteinReference4555,abstraction:ControlsExpressionOf,reactome:ProteinReference3539
reactome:ProteinReference1068,abstraction:ControlsExpressionOf,reactome:ProteinReference1053
reactome:ProteinReference1115,abstraction:ControlsExpressionOf,reactome:ProteinReference10581
reactome:ProteinReference1065,abstraction:ControlsExpressionOf,reactome:ProteinReference1157
reactome:ProteinReference4525,abstraction:ControlsExpressionOf,reactome:ProteinReference1188
reactome:ProteinReference5284,abstraction:ControlsExpressionOf,reactome:ProteinReference5573
reactome:ProteinReference7087,abstraction:ControlsExpressionOf,reactome:ProteinReference11256
reactome:ProteinReference1118,abstraction:ControlsExpressionOf,reactome:ProteinReference10581
reactome:ProteinReference4523,abstraction:ControlsExpressionOf,reactome:ProteinReference1372
reactome:ProteinReference4457,abstraction:ControlsExpressionOf,reactome:ProteinReference10846
reactome:ProteinReference3073,abstraction:ControlsExpressionOf,reactome:ProteinReference8907
reactome:ProteinReference10922,abstraction:ControlsExpressionOf,reactome:ProteinReference11832
reactome:ProteinReference1107,abstraction:ControlsExpressionOf,reactome:ProteinReference1197
reactome:ProteinReference706,abstraction:ControlsExpressionOf,reactome:ProteinReference1142
reactome:ProteinReference6244,abstraction:ControlsExpressionOf,reactome:ProteinReference4138
reactome:ProteinReference2797,abstraction:ControlsExpressionOf,reactome:ProteinReference5291
reactome:ProteinReference2788,abstraction:ControlsExpressionOf,reactome:ProteinReference4423
reactome:ProteinReference4526,abstraction:ControlsExpressionOf,reactome:ProteinReference4641
reactome:ProteinReference10409,abstraction:ControlsExpressionOf,reactome:ProteinReference12030
reactome:ProteinReference5405,abstraction:ControlsExpressionOf,reactome:ProteinReference4470
reactome:ProteinReference5240,abstraction:ControlsExpressionOf,reactome:ProteinReference3539
reactome:ProteinReference10572,abstraction:ControlsExpressionOf,reactome:ProteinReference10577
reactome:ProteinReference4556,abstraction:ControlsExpressionOf,reactome:ProteinReference7502
reactome:ProteinReference10409,abstraction:ControlsExpressionOf,reactome:ProteinReference11807
reactome:ProteinReference8609,abstraction:ControlsExpressionOf,reactome:ProteinReference8322
reactome:ProteinReference10409,abstraction:ControlsExpressionOf,reactome:ProteinReference11777
reactome:ProteinReference1069,abstraction:ControlsExpressionOf,reactome:ProteinReference1155
reactome:ProteinReference2451,abstraction:ControlsExpressionOf,reactome:ProteinReference8632
reactome:ProteinReference1076,abstraction:ControlsExpressionOf,reactome:ProteinReference1646
reactome:ProteinReference2456,abstraction:ControlsExpressionOf,reactome:ProteinReference8632
reactome:ProteinReference10409,abstraction:ControlsExpressionOf,reactome:ProteinReference11846
reactome:ProteinReference10922,abstraction:ControlsExpressionOf,reactome:ProteinReference11668
reactome:ProteinReference10409,abstraction:ControlsExpressionOf,reactome:ProteinReference11800
reactome:ProteinReference7596,abstraction:ControlsExpressionOf,reactome:ProteinReference10578
reactome:ProteinReference10829,abstraction:ControlsExpressionOf,reactome:ProteinReference11012
reactome:ProteinReference10986,abstraction:ControlsExpressionOf,reactome:ProteinReference10846
reactome:ProteinReference4526,abstraction:ControlsExpressionOf,reactome:ProteinReference5573
reactome:ProteinReference5428,abstraction:ControlsExpressionOf,reactome:ProteinReference175
reactome:ProteinReference1053,abstraction:ControlsExpressionOf,reactome:ProteinReference1083
reactome:ProteinReference1061,abstraction:ControlsExpressionOf,reactome:ProteinReference7766
reactome:ProteinReference10437,abstraction:ControlsExpressionOf,reactome:ProteinReference5039
reactome:ProteinReference8286,abstraction:ControlsExpressionOf,reactome:ProteinReference10449
reactome:ProteinReference1064,abstraction:ControlsExpressionOf,reactome:ProteinReference1844
reactome:ProteinReference4521,abstraction:ControlsExpressionOf,reactome:ProteinReference1351
reactome:ProteinReference6079,abstraction:ControlsExpressionOf,reactome:ProteinReference2096
reactome:ProteinReference1063,abstraction:ControlsExpressionOf,reactome:ProteinReference1152
reactome:ProteinReference6278,abstraction:ControlsExpressionOf,reactome:ProteinReference1350
reactome:ProteinReference5030,abstraction:ControlsExpressionOf,reactome:ProteinReference2031
reactome:ProteinReference10922,abstraction:ControlsExpressionOf,reactome:ProteinReference11810
reactome:ProteinReference1096,abstraction:ControlsExpressionOf,reactome:ProteinReference1188
reactome:ProteinReference10409,abstraction:ControlsExpressionOf,reactome:ProteinReference11839
reactome:ProteinReference4525,abstraction:ControlsExpressionOf,reactome:ProteinReference7502
reactome:ProteinReference1070,abstraction:ControlsExpressionOf,reactome:ProteinReference1155
reactome:ProteinReference3891,abstraction:ControlsExpressionOf,reactome:ProteinReference5238
reactome:ProteinReference1124,abstraction:ControlsExpressionOf,reactome:ProteinReference2059
reactome:ProteinReference5456,abstraction:ControlsExpressionOf,reactome:ProteinReference10991
reactome:ProteinReference1132,abstraction:ControlsExpressionOf,reactome:ProteinReference10471
reactome:ProteinReference7597,abstraction:ControlsExpressionOf,reactome:ProteinReference10578
reactome:ProteinReference5243,abstraction:ControlsExpressionOf,reactome:ProteinReference1351
reactome:ProteinReference10416,abstraction:ControlsExpressionOf,reactome:ProteinReference9144
reactome:ProteinReference11314,abstraction:ControlsExpressionOf,reactome:ProteinReference8294
reactome:ProteinReference4149,abstraction:ControlsExpressionOf,reactome:ProteinReference6097
reactome:ProteinReference7598,abstraction:ControlsExpressionOf,reactome:ProteinReference5573
reactome:ProteinReference1074,abstraction:ControlsExpressionOf,reactome:ProteinReference1645
reactome:ProteinReference11271,abstraction:ControlsExpressionOf,reactome:ProteinReference11897
reactome:ProteinReference7590,abstraction:ControlsExpressionOf,reactome:ProteinReference6798
reactome:ProteinReference1113,abstraction:ControlsExpressionOf,reactome:ProteinReference1268
reactome:ProteinReference9807,abstraction:ControlsExpressionOf,reactome:ProteinReference2837
reactome:ProteinReference4589,abstraction:ControlsExpressionOf,reactome:ProteinReference3370
reactome:ProteinReference1100,abstraction:ControlsExpressionOf,reactome:ProteinReference1744
reactome:ProteinReference5240,abstraction:ControlsExpressionOf,reactome:ProteinReference1744
reactome:ProteinReference1804,abstraction:ControlsExpressionOf,reactome:ProteinReference1270
reactome:ProteinReference5003,abstraction:ControlsExpressionOf,reactome:ProteinReference661
reactome:ProteinReference1053,abstraction:ControlsExpressionOf,reactome:ProteinReference1157
reactome:ProteinReference1114,abstraction:ControlsExpressionOf,reactome:ProteinReference1197
reactome:ProteinReference8612,abstraction:ControlsExpressionOf,reactome:ProteinReference4423
reactome:ProteinReference6818,abstraction:ControlsExpressionOf,reactome:ProteinReference7010
reactome:ProteinReference4521,abstraction:ControlsExpressionOf,reactome:ProteinReference1807
reactome:ProteinReference1065,abstraction:ControlsExpressionOf,reactome:ProteinReference1053
reactome:ProteinReference7510,abstraction:ControlsExpressionOf,reactome:ProteinReference7560
reactome:ProteinReference1062,abstraction:ControlsExpressionOf,reactome:ProteinReference1135
reactome:ProteinReference6079,abstraction:ControlsExpressionOf,reactome:ProteinReference8304
reactome:ProteinReference1077,abstraction:ControlsExpressionOf,reactome:ProteinReference5709
reactome:ProteinReference10922,abstraction:ControlsExpressionOf,reactome:ProteinReference11684
reactome:ProteinReference4552,abstraction:ControlsExpressionOf,reactome:ProteinReference10577
reactome:ProteinReference4521,abstraction:ControlsExpressionOf,reactome:ProteinReference661
reactome:ProteinReference3891,abstraction:ControlsExpressionOf,reactome:ProteinReference7256
reactome:ProteinReference10922,abstraction:ControlsExpressionOf,reactome:ProteinReference11744
reactome:ProteinReference11029,abstraction:ControlsExpressionOf,reactome:ProteinReference9968
reactome:ProteinReference6871,abstraction:ControlsExpressionOf,reactome:ProteinReference6895
reactome:ProteinReference2553,abstraction:ControlsExpressionOf,reactome:ProteinReference6523
reactome:ProteinReference7507,abstraction:ControlsExpressionOf,reactome:ProteinReference7545
reactome:ProteinReference10580,abstraction:ControlsExpressionOf,reactome:ProteinReference11253
reactome:ProteinReference5239,abstraction:ControlsExpressionOf,reactome:ProteinReference1268
reactome:ProteinReference7604,abstraction:ControlsExpressionOf,reactome:ProteinReference5277
reactome:ProteinReference4561,abstraction:ControlsExpressionOf,reactome:ProteinReference1346
reactome:ProteinReference8783,abstraction:ControlsExpressionOf,reactome:ProteinReference5914
reactome:ProteinReference10922,abstraction:ControlsExpressionOf,reactome:ProteinReference11803
reactome:ProteinReference9980,abstraction:ControlsExpressionOf,reactome:ProteinReference10827
reactome:ProteinReference706,abstraction:ControlsExpressionOf,reactome:ProteinReference650
reactome:ProteinReference1061,abstraction:ControlsExpressionOf,reactome:ProteinReference1372
reactome:ProteinReference8830,abstraction:ControlsExpressionOf,reactome:ProteinReference5911
reactome:ProteinReference5285,abstraction:ControlsExpressionOf,reactome:ProteinReference1188
reactome:ProteinReference9807,abstraction:ControlsExpressionOf,reactome:ProteinReference2404
reactome:ProteinReference1053,abstraction:ControlsExpressionOf,reactome:ProteinReference1146
reactome:ProteinReference11271,abstraction:ControlsExpressionOf,reactome:ProteinReference11875
reactome:ProteinReference1063,abstraction:ControlsExpressionOf,reactome:ProteinReference741
reactome:ProteinReference1122,abstraction:ControlsExpressionOf,reactome:ProteinReference10580
reactome:ProteinReference706,abstraction:ControlsExpressionOf,reactome:ProteinReference653
reactome:ProteinReference2790,abstraction:ControlsExpressionOf,reactome:ProteinReference10384
reactome:ProteinReference10922,abstraction:ControlsExpressionOf,reactome:ProteinReference12017
reactome:ProteinReference8605,abstraction:ControlsExpressionOf,reactome:ProteinReference10384
reactome:ProteinReference4523,abstraction:ControlsExpressionOf,reactome:ProteinReference1346
reactome:ProteinReference1088,abstraction:ControlsExpressionOf,reactome:ProteinReference4149
reactome:ProteinReference1067,abstraction:ControlsExpressionOf,reactome:ProteinReference33
reactome:ProteinReference7330,abstraction:ControlsExpressionOf,reactome:ProteinReference5395
reactome:ProteinReference1053,abstraction:ControlsExpressionOf,reactome:ProteinReference1125
reactome:ProteinReference1086,abstraction:ControlsExpressionOf,reactome:ProteinReference1082
reactome:ProteinReference1088,abstraction:ControlsExpressionOf,reactome:ProteinReference6180
reactome:ProteinReference5430,abstraction:ControlsExpressionOf,reactome:ProteinReference4641
reactome:ProteinReference4556,abstraction:ControlsExpressionOf,reactome:ProteinReference655
reactome:ProteinReference11271,abstraction:ControlsExpressionOf,reactome:ProteinReference11866
reactome:ProteinReference7657,abstraction:ControlsExpressionOf,reactome:ProteinReference7655
reactome:ProteinReference1105,abstraction:ControlsExpressionOf,reactome:ProteinReference1372
reactome:ProteinReference4556,abstraction:ControlsExpressionOf,reactome:ProteinReference5573
reactome:ProteinReference4530,abstraction:ControlsExpressionOf,reactome:ProteinReference10581
reactome:ProteinReference10922,abstraction:ControlsExpressionOf,reactome:ProteinReference11706
reactome:ProteinReference5942,abstraction:ControlsExpressionOf,reactome:ProteinReference4590
reactome:ProteinReference11271,abstraction:ControlsExpressionOf,reactome:ProteinReference11972
reactome:ProteinReference5432,abstraction:ControlsExpressionOf,reactome:ProteinReference6075
reactome:ProteinReference1064,abstraction:ControlsExpressionOf,reactome:ProteinReference1352
reactome:ProteinReference10922,abstraction:ControlsExpressionOf,reactome:ProteinReference12002
reactome:ProteinReference4556,abstraction:ControlsExpressionOf,reactome:ProteinReference1346
reactome:ProteinReference1110,abstraction:ControlsExpressionOf,reactome:ProteinReference1351
reactome:ProteinReference1107,abstraction:ControlsExpressionOf,reactome:ProteinReference1402
reactome:ProteinReference5244,abstraction:ControlsExpressionOf,reactome:ProteinReference10578
reactome:ProteinReference4559,abstraction:ControlsExpressionOf,reactome:ProteinReference1351
reactome:ProteinReference10409,abstraction:ControlsExpressionOf,reactome:ProteinReference11949
reactome:ProteinReference1121,abstraction:ControlsExpressionOf,reactome:ProteinReference1337
reactome:ProteinReference1096,abstraction:ControlsExpressionOf,reactome:ProteinReference1339
reactome:ProteinReference1107,abstraction:ControlsExpressionOf,reactome:ProteinReference1349
reactome:ProteinReference10409,abstraction:ControlsExpressionOf,reactome:ProteinReference11636
reactome:ProteinReference2482,abstraction:ControlsExpressionOf,reactome:ProteinReference8632
reactome:ProteinReference10409,abstraction:ControlsExpressionOf,reactome:ProteinReference11813
reactome:ProteinReference6861,abstraction:ControlsExpressionOf,reactome:ProteinReference5922
reactome:ProteinReference1061,abstraction:ControlsExpressionOf,reactome:ProteinReference10599
reactome:ProteinReference11256,abstraction:ControlsExpressionOf,reactome:ProteinReference399
reactome:ProteinReference1062,abstraction:ControlsExpressionOf,reactome:ProteinReference1160
reactome:ProteinReference6080,abstraction:ControlsExpressionOf,reactome:ProteinReference4611
reactome:ProteinReference11271,abstraction:ControlsExpressionOf,reactome:ProteinReference11989
reactome:ProteinReference5243,abstraction:ControlsExpressionOf,reactome:ProteinReference1844
reactome:ProteinReference8602,abstraction:ControlsExpressionOf,reactome:ProteinReference4438
reactome:ProteinReference1121,abstraction:ControlsExpressionOf,reactome:ProteinReference5139
reactome:ProteinReference1102,abstraction:ControlsExpressionOf,reactome:ProteinReference1372
reactome:ProteinReference1088,abstraction:ControlsExpressionOf,reactome:ProteinReference1844
reactome:ProteinReference4561,abstraction:ControlsExpressionOf,reactome:ProteinReference1126
reactome:ProteinReference1061,abstraction:ControlsExpressionOf,reactome:ProteinReference1081
reactome:ProteinReference5239,abstraction:ControlsExpressionOf,reactome:ProteinReference10578
reactome:ProteinReference5428,abstraction:ControlsExpressionOf,reactome:ProteinReference10987
reactome:ProteinReference4697,abstraction:ControlsExpressionOf,reactome:ProteinReference7546
reactome:ProteinReference10376,abstraction:ControlsExpressionOf,reactome:ProteinReference6952
reactome:ProteinReference1076,abstraction:ControlsExpressionOf,reactome:ProteinReference1658
reactome:ProteinReference1108,abstraction:ControlsExpressionOf,reactome:ProteinReference1372
reactome:ProteinReference10922,abstraction:ControlsExpressionOf,reactome:ProteinReference11900
reactome:ProteinReference4549,abstraction:ControlsExpressionOf,reactome:ProteinReference10581
reactome:ProteinReference1099,abstraction:ControlsExpressionOf,reactome:ProteinReference10580
reactome:ProteinReference1052,abstraction:ControlsExpressionOf,reactome:ProteinReference1051
reactome:ProteinReference1101,abstraction:ControlsExpressionOf,reactome:ProteinReference655
reactome:ProteinReference4525,abstraction:ControlsExpressionOf,reactome:ProteinReference655
reactome:ProteinReference1079,abstraction:ControlsExpressionOf,reactome:ProteinReference648
reactome:ProteinReference4521,abstraction:ControlsExpressionOf,reactome:ProteinReference5176
reactome:ProteinReference10922,abstraction:ControlsExpressionOf,reactome:ProteinReference11978
reactome:ProteinReference1091,abstraction:ControlsExpressionOf,reactome:ProteinReference1351
reactome:ProteinReference4523,abstraction:ControlsExpressionOf,reactome:ProteinReference1126
reactome:ProteinReference7503,abstraction:ControlsExpressionOf,reactome:ProteinReference7555
reactome:ProteinReference7326,abstraction:ControlsExpressionOf,reactome:ProteinReference5450
reactome:ProteinReference4525,abstraction:ControlsExpressionOf,reactome:ProteinReference5573
reactome:ProteinReference1098,abstraction:ControlsExpressionOf,reactome:ProteinReference1151
reactome:ProteinReference4551,abstraction:ControlsExpressionOf,reactome:ProteinReference10580
reactome:ProteinReference4450,abstraction:ControlsExpressionOf,reactome:ProteinReference6081
reactome:ProteinReference10922,abstraction:ControlsExpressionOf,reactome:ProteinReference11843
reactome:ProteinReference1115,abstraction:ControlsExpressionOf,reactome:ProteinReference1152
reactome:ProteinReference4550,abstraction:ControlsExpressionOf,reactome:ProteinReference1268
reactome:ProteinReference10573,abstraction:ControlsExpressionOf,reactome:ProteinReference1082
reactome:ProteinReference9701,abstraction:ControlsExpressionOf,reactome:ProteinReference8833
reactome:ProteinReference11271,abstraction:ControlsExpressionOf,reactome:ProteinReference11953
reactome:ProteinReference11271,abstraction:ControlsExpressionOf,reactome:ProteinReference12020
reactome:ProteinReference1118,abstraction:ControlsExpressionOf,reactome:ProteinReference1152
reactome:ProteinReference1110,abstraction:ControlsExpressionOf,reactome:ProteinReference1807
reactome:ProteinReference4527,abstraction:ControlsExpressionOf,reactome:ProteinReference1351
reactome:ProteinReference11271,abstraction:ControlsExpressionOf,reactome:ProteinReference11656
reactome:ProteinReference4559,abstraction:ControlsExpressionOf,reactome:ProteinReference1807
reactome:ProteinReference6797,abstraction:ControlsExpressionOf,reactome:ProteinReference4438
reactome:ProteinReference2553,abstraction:ControlsExpressionOf,reactome:ProteinReference5900
reactome:ProteinReference1110,abstraction:ControlsExpressionOf,reactome:ProteinReference661
reactome:ProteinReference1079,abstraction:ControlsExpressionOf,reactome:ProteinReference676
reactome:ProteinReference5243,abstraction:ControlsExpressionOf,reactome:ProteinReference5176
reactome:ProteinReference707,abstraction:ControlsExpressionOf,reactome:ProteinReference741
reactome:ProteinReference4559,abstraction:ControlsExpressionOf,reactome:ProteinReference661
reactome:ProteinReference6861,abstraction:ControlsExpressionOf,reactome:ProteinReference9286
reactome:ProteinReference5395,abstraction:ControlsExpressionOf,reactome:ProteinReference4149
reactome:ProteinReference1066,abstraction:ControlsExpressionOf,reactome:ProteinReference1130
reactome:ProteinReference5285,abstraction:ControlsExpressionOf,reactome:ProteinReference1339
reactome:ProteinReference4558,abstraction:ControlsExpressionOf,reactome:ProteinReference6180
reactome:ProteinReference5276,abstraction:ControlsExpressionOf,reactome:ProteinReference3509
reactome:ProteinReference175,abstraction:ControlsExpressionOf,reactome:ProteinReference1337
reactome:ProteinReference1067,abstraction:ControlsExpressionOf,reactome:ProteinReference1349
reactome:ProteinReference10409,abstraction:ControlsExpressionOf,reactome:ProteinReference11988
reactome:ProteinReference11271,abstraction:ControlsExpressionOf,reactome:ProteinReference11876
reactome:ProteinReference5242,abstraction:ControlsExpressionOf,reactome:ProteinReference6180
reactome:ProteinReference11271,abstraction:ControlsExpressionOf,reactome:ProteinReference11885
reactome:ProteinReference1052,abstraction:ControlsExpressionOf,reactome:ProteinReference9057
reactome:ProteinReference1123,abstraction:ControlsExpressionOf,reactome:ProteinReference10677
reactome:ProteinReference1094,abstraction:ControlsExpressionOf,reactome:ProteinReference10580
reactome:ProteinReference10466,abstraction:ControlsExpressionOf,reactome:ProteinReference10471
reactome:ProteinReference10409,abstraction:ControlsExpressionOf,reactome:ProteinReference12014
reactome:ProteinReference1091,abstraction:ControlsExpressionOf,reactome:ProteinReference1807
reactome:ProteinReference1060,abstraction:ControlsExpressionOf,reactome:ProteinReference1126
reactome:ProteinReference1061,abstraction:ControlsExpressionOf,reactome:ProteinReference655
reactome:ProteinReference1061,abstraction:ControlsExpressionOf,reactome:ProteinReference7558
reactome:ProteinReference7712,abstraction:ControlsExpressionOf,reactome:ProteinReference7726
reactome:ProteinReference8824,abstraction:ControlsExpressionOf,reactome:ProteinReference9713
reactome:ProteinReference1114,abstraction:ControlsExpressionOf,reactome:ProteinReference1402
reactome:ProteinReference3891,abstraction:ControlsExpressionOf,reactome:ProteinReference3450
reactome:ProteinReference1052,abstraction:ControlsExpressionOf,reactome:ProteinReference1127
reactome:ProteinReference11271,abstraction:ControlsExpressionOf,reactome:ProteinReference11840
reactome:ProteinReference4553,abstraction:ControlsExpressionOf,reactome:ProteinReference7714
reactome:ProteinReference9925,abstraction:ControlsExpressionOf,reactome:ProteinReference9927
reactome:ProteinReference9779,abstraction:ControlsExpressionOf,reactome:ProteinReference8962
reactome:ProteinReference1114,abstraction:ControlsExpressionOf,reactome:ProteinReference1349
reactome:ProteinReference10922,abstraction:ControlsExpressionOf,reactome:ProteinReference11935
reactome:ProteinReference1061,abstraction:ControlsExpressionOf,reactome:ProteinReference1346
reactome:ProteinReference4527,abstraction:ControlsExpressionOf,reactome:ProteinReference1807
reactome:ProteinReference4551,abstraction:ControlsExpressionOf,reactome:ProteinReference10578
reactome:ProteinReference9055,abstraction:ControlsExpressionOf,reactome:ProteinReference5573
reactome:ProteinReference11271,abstraction:ControlsExpressionOf,reactome:ProteinReference12000
reactome:ProteinReference4414,abstraction:ControlsExpressionOf,reactome:ProteinReference1197
reactome:ProteinReference1063,abstraction:ControlsExpressionOf,reactome:ProteinReference1145
reactome:ProteinReference7590,abstraction:ControlsExpressionOf,reactome:ProteinReference7621
reactome:ProteinReference10409,abstraction:ControlsExpressionOf,reactome:ProteinReference12031
reactome:ProteinReference8286,abstraction:ControlsExpressionOf,reactome:ProteinReference10443
reactome:ProteinReference2553,abstraction:ControlsExpressionOf,reactome:ProteinReference9936
reactome:ProteinReference5243,abstraction:ControlsExpressionOf,reactome:ProteinReference1352
reactome:ProteinReference1115,abstraction:ControlsExpressionOf,reactome:ProteinReference741
reactome:ProteinReference5242,abstraction:ControlsExpressionOf,reactome:ProteinReference1844
reactome:ProteinReference1086,abstraction:ControlsExpressionOf,reactome:ProteinReference1372
reactome:ProteinReference10922,abstraction:ControlsExpressionOf,reactome:ProteinReference11762
reactome:ProteinReference11271,abstraction:ControlsExpressionOf,reactome:ProteinReference12011
reactome:ProteinReference1118,abstraction:ControlsExpressionOf,reactome:ProteinReference741
reactome:ProteinReference6079,abstraction:ControlsExpressionOf,reactome:ProteinReference5405
reactome:ProteinReference4697,abstraction:ControlsExpressionOf,reactome:ProteinReference10838
reactome:ProteinReference7715,abstraction:ControlsExpressionOf,reactome:ProteinReference1807
reactome:ProteinReference1103,abstraction:ControlsExpressionOf,reactome:ProteinReference655
reactome:ProteinReference5273,abstraction:ControlsExpressionOf,reactome:ProteinReference5275
reactome:ProteinReference7826,abstraction:ControlsExpressionOf,reactome:ProteinReference9927
reactome:ProteinReference6816,abstraction:ControlsExpressionOf,reactome:ProteinReference6190
reactome:ProteinReference7505,abstraction:ControlsExpressionOf,reactome:ProteinReference7550
reactome:ProteinReference1067,abstraction:ControlsExpressionOf,reactome:ProteinReference1149
reactome:ProteinReference8112,abstraction:ControlsExpressionOf,reactome:ProteinReference3459
reactome:ProteinReference1088,abstraction:ControlsExpressionOf,reactome:ProteinReference4148
reactome:ProteinReference1124,abstraction:ControlsExpressionOf,reactome:ProteinReference1053
reactome:ProteinReference9047,abstraction:ControlsExpressionOf,reactome:ProteinReference10578
reactome:ProteinReference9701,abstraction:ControlsExpressionOf,reactome:ProteinReference8836
reactome:ProteinReference1116,abstraction:ControlsExpressionOf,reactome:ProteinReference655
reactome:ProteinReference11271,abstraction:ControlsExpressionOf,reactome:ProteinReference12008
reactome:ProteinReference5429,abstraction:ControlsExpressionOf,reactome:ProteinReference7639
reactome:ProteinReference4559,abstraction:ControlsExpressionOf,reactome:ProteinReference5176
reactome:ProteinReference2800,abstraction:ControlsExpressionOf,reactome:ProteinReference5907
reactome:ProteinReference10922,abstraction:ControlsExpressionOf,reactome:ProteinReference11743
reactome:ProteinReference6117,abstraction:ControlsExpressionOf,reactome:ProteinReference6139
reactome:ProteinReference5285,abstraction:ControlsExpressionOf,reactome:ProteinReference4641
reactome:ProteinReference1094,abstraction:ControlsExpressionOf,reactome:ProteinReference10578
reactome:ProteinReference10577,abstraction:ControlsExpressionOf,reactome:ProteinReference10581
reactome:ProteinReference11271,abstraction:ControlsExpressionOf,reactome:ProteinReference11867
reactome:ProteinReference11271,abstraction:ControlsExpressionOf,reactome:ProteinReference11704
reactome:ProteinReference11271,abstraction:ControlsExpressionOf,reactome:ProteinReference12028
reactome:ProteinReference1133,abstraction:ControlsExpressionOf,reactome:ProteinReference8966
reactome:ProteinReference10987,abstraction:ControlsExpressionOf,reactome:ProteinReference6774
reactome:ProteinReference8283,abstraction:ControlsExpressionOf,reactome:ProteinReference9811
reactome:ProteinReference3891,abstraction:ControlsExpressionOf,reactome:ProteinReference9810
reactome:ProteinReference8982,abstraction:ControlsExpressionOf,reactome:ProteinReference10581
reactome:ProteinReference5432,abstraction:ControlsExpressionOf,reactome:ProteinReference7639
reactome:ProteinReference8283,abstraction:ControlsExpressionOf,reactome:ProteinReference5060
reactome:ProteinReference1061,abstraction:ControlsExpressionOf,reactome:ProteinReference1126
reactome:ProteinReference11271,abstraction:ControlsExpressionOf,reactome:ProteinReference11773
reactome:ProteinReference11271,abstraction:ControlsExpressionOf,reactome:ProteinReference11881
reactome:ProteinReference1069,abstraction:ControlsExpressionOf,reactome:ProteinReference1082
reactome:ProteinReference1061,abstraction:ControlsExpressionOf,reactome:ProteinReference1138
reactome:ProteinReference7826,abstraction:ControlsExpressionOf,reactome:ProteinReference5136
reactome:ProteinReference5285,abstraction:ControlsExpressionOf,reactome:ProteinReference5573
reactome:ProteinReference5187,abstraction:ControlsExpressionOf,reactome:ProteinReference5188
reactome:ProteinReference1063,abstraction:ControlsExpressionOf,reactome:ProteinReference10580
reactome:ProteinReference6861,abstraction:ControlsExpressionOf,reactome:ProteinReference9739
reactome:ProteinReference2791,abstraction:ControlsExpressionOf,reactome:ProteinReference4438
reactome:ProteinReference1061,abstraction:ControlsExpressionOf,reactome:ProteinReference1357
reactome:ProteinReference3891,abstraction:ControlsExpressionOf,reactome:ProteinReference6862
reactome:ProteinReference11256,abstraction:ControlsExpressionOf,reactome:ProteinReference8290
reactome:ProteinReference11271,abstraction:ControlsExpressionOf,reactome:ProteinReference11873
reactome:ProteinReference4495,abstraction:ControlsExpressionOf,reactome:ProteinReference4705
reactome:ProteinReference5434,abstraction:ControlsExpressionOf,reactome:ProteinReference3598
reactome:ProteinReference5245,abstraction:ControlsExpressionOf,reactome:ProteinReference1152
reactome:ProteinReference1095,abstraction:ControlsExpressionOf,reactome:ProteinReference655
reactome:ProteinReference10922,abstraction:ControlsExpressionOf,reactome:ProteinReference11709
reactome:ProteinReference10573,abstraction:ControlsExpressionOf,reactome:ProteinReference1372
reactome:ProteinReference6861,abstraction:ControlsExpressionOf,reactome:ProteinReference3067
reactome:ProteinReference1088,abstraction:ControlsExpressionOf,reactome:ProteinReference1337
reactome:ProteinReference4641,abstraction:ControlsExpressionOf,reactome:ProteinReference5039
reactome:ProteinReference8824,abstraction:ControlsExpressionOf,reactome:ProteinReference9714
reactome:ProteinReference5277,abstraction:ControlsExpressionOf,reactome:ProteinReference10827
reactome:ProteinReference1105,abstraction:ControlsExpressionOf,reactome:ProteinReference1126
reactome:ProteinReference706,abstraction:ControlsExpressionOf,reactome:ProteinReference1356
reactome:ProteinReference1088,abstraction:ControlsExpressionOf,reactome:ProteinReference11252
reactome:ProteinReference4561,abstraction:ControlsExpressionOf,reactome:ProteinReference1744
reactome:ProteinReference10922,abstraction:ControlsExpressionOf,reactome:ProteinReference12034
reactome:ProteinReference5431,abstraction:ControlsExpressionOf,reactome:ProteinReference7717
reactome:ProteinReference4527,abstraction:ControlsExpressionOf,reactome:ProteinReference5176
reactome:ProteinReference1123,abstraction:ControlsExpressionOf,reactome:ProteinReference9057
reactome:ProteinReference11029,abstraction:ControlsExpressionOf,reactome:ProteinReference11032
reactome:ProteinReference1113,abstraction:ControlsExpressionOf,reactome:ProteinReference1162
reactome:ProteinReference10350,abstraction:ControlsExpressionOf,reactome:ProteinReference6159
reactome:ProteinReference11271,abstraction:ControlsExpressionOf,reactome:ProteinReference11779
reactome:ProteinReference1088,abstraction:ControlsExpressionOf,reactome:ProteinReference5139
reactome:ProteinReference4589,abstraction:ControlsExpressionOf,reactome:ProteinReference9797
reactome:ProteinReference6173,abstraction:ControlsExpressionOf,reactome:ProteinReference7546
reactome:ProteinReference10846,abstraction:ControlsExpressionOf,reactome:ProteinReference7604
reactome:ProteinReference6244,abstraction:ControlsExpressionOf,reactome:ProteinReference6248
reactome:ProteinReference5276,abstraction:ControlsExpressionOf,reactome:ProteinReference10853
reactome:ProteinReference4530,abstraction:ControlsExpressionOf,reactome:ProteinReference1152
reactome:ProteinReference1111,abstraction:ControlsExpressionOf,reactome:ProteinReference1082
reactome:ProteinReference8286,abstraction:ControlsExpressionOf,reactome:ProteinReference503
reactome:ProteinReference6244,abstraction:ControlsExpressionOf,reactome:ProteinReference6259
reactome:ProteinReference10922,abstraction:ControlsExpressionOf,reactome:ProteinReference11802
reactome:ProteinReference4523,abstraction:ControlsExpressionOf,reactome:ProteinReference1744
reactome:ProteinReference1070,abstraction:ControlsExpressionOf,reactome:ProteinReference1082
reactome:ProteinReference1113,abstraction:ControlsExpressionOf,reactome:ProteinReference5139
reactome:ProteinReference1059,abstraction:ControlsExpressionOf,reactome:ProteinReference1149
reactome:ProteinReference10922,abstraction:ControlsExpressionOf,reactome:ProteinReference11878
reactome:ProteinReference5276,abstraction:ControlsExpressionOf,reactome:ProteinReference10829
reactome:ProteinReference3891,abstraction:ControlsExpressionOf,reactome:ProteinReference5417
reactome:ProteinReference11271,abstraction:ControlsExpressionOf,reactome:ProteinReference11674
reactome:ProteinReference4589,abstraction:ControlsExpressionOf,reactome:ProteinReference8227
reactome:ProteinReference10376,abstraction:ControlsExpressionOf,reactome:ProteinReference6081
reactome:ProteinReference1102,abstraction:ControlsExpressionOf,reactome:ProteinReference1126
reactome:ProteinReference8823,abstraction:ControlsExpressionOf,reactome:ProteinReference8833
reactome:ProteinReference4553,abstraction:ControlsExpressionOf,reactome:ProteinReference1372
reactome:ProteinReference10409,abstraction:ControlsExpressionOf,reactome:ProteinReference11824
reactome:ProteinReference2553,abstraction:ControlsExpressionOf,reactome:ProteinReference2099
reactome:ProteinReference5036,abstraction:ControlsExpressionOf,reactome:ProteinReference1160
reactome:ProteinReference1052,abstraction:ControlsExpressionOf,reactome:ProteinReference1197
reactome:ProteinReference10922,abstraction:ControlsExpressionOf,reactome:ProteinReference11982
reactome:ProteinReference4548,abstraction:ControlsExpressionOf,reactome:ProteinReference3577
reactome:ProteinReference8286,abstraction:ControlsExpressionOf,reactome:ProteinReference6162
reactome:ProteinReference6124,abstraction:ControlsExpressionOf,reactome:ProteinReference6139
reactome:ProteinReference5239,abstraction:ControlsExpressionOf,reactome:ProteinReference1162
reactome:ProteinReference1108,abstraction:ControlsExpressionOf,reactome:ProteinReference1126
reactome:ProteinReference4460,abstraction:ControlsExpressionOf,reactome:ProteinReference1163
reactome:ProteinReference3891,abstraction:ControlsExpressionOf,reactome:ProteinReference6180
reactome:ProteinReference5430,abstraction:ControlsExpressionOf,reactome:ProteinReference6075
reactome:ProteinReference4549,abstraction:ControlsExpressionOf,reactome:ProteinReference1152
reactome:ProteinReference1141,abstraction:ControlsExpressionOf,reactome:ProteinReference1140
reactome:ProteinReference10409,abstraction:ControlsExpressionOf,reactome:ProteinReference11933
reactome:ProteinReference1063,abstraction:ControlsExpressionOf,reactome:ProteinReference1135
reactome:ProteinReference6079,abstraction:ControlsExpressionOf,reactome:ProteinReference10404
reactome:ProteinReference1086,abstraction:ControlsExpressionOf,reactome:ProteinReference655
reactome:ProteinReference1105,abstraction:ControlsExpressionOf,reactome:ProteinReference1347
reactome:ProteinReference9097,abstraction:ControlsExpressionOf,reactome:ProteinReference2581
reactome:ProteinReference1088,abstraction:ControlsExpressionOf,reactome:ProteinReference6178
reactome:ProteinReference5428,abstraction:ControlsExpressionOf,reactome:ProteinReference8287
reactome:ProteinReference6947,abstraction:ControlsExpressionOf,reactome:ProteinReference10991
reactome:ProteinReference11271,abstraction:ControlsExpressionOf,reactome:ProteinReference11649
reactome:ProteinReference1086,abstraction:ControlsExpressionOf,reactome:ProteinReference1346
reactome:ProteinReference4527,abstraction:ControlsExpressionOf,reactome:ProteinReference1352
reactome:ProteinReference707,abstraction:ControlsExpressionOf,reactome:ProteinReference653
reactome:ProteinReference1112,abstraction:ControlsExpressionOf,reactome:ProteinReference1268
reactome:ProteinReference11312,abstraction:ControlsExpressionOf,reactome:ProteinReference8294
reactome:ProteinReference1075,abstraction:ControlsExpressionOf,reactome:ProteinReference1645
reactome:ProteinReference1118,abstraction:ControlsExpressionOf,reactome:ProteinReference661
reactome:ProteinReference4558,abstraction:ControlsExpressionOf,reactome:ProteinReference1337
reactome:ProteinReference9093,abstraction:ControlsExpressionOf,reactome:ProteinReference2585
reactome:ProteinReference8287,abstraction:ControlsExpressionOf,reactome:ProteinReference10445
reactome:ProteinReference5428,abstraction:ControlsExpressionOf,reactome:ProteinReference8286
reactome:ProteinReference7590,abstraction:ControlsExpressionOf,reactome:ProteinReference10413
reactome:ProteinReference1111,abstraction:ControlsExpressionOf,reactome:ProteinReference1188
reactome:ProteinReference6797,abstraction:ControlsExpressionOf,reactome:ProteinReference5291
reactome:ProteinReference11271,abstraction:ControlsExpressionOf,reactome:ProteinReference11940
reactome:ProteinReference10679,abstraction:ControlsExpressionOf,reactome:ProteinReference10530
reactome:ProteinReference9081,abstraction:ControlsExpressionOf,reactome:ProteinReference2581
reactome:ProteinReference1065,abstraction:ControlsExpressionOf,reactome:ProteinReference1140
reactome:ProteinReference6861,abstraction:ControlsExpressionOf,reactome:ProteinReference4752
reactome:ProteinReference10382,abstraction:ControlsExpressionOf,reactome:ProteinReference4423
reactome:ProteinReference11271,abstraction:ControlsExpressionOf,reactome:ProteinReference11729
reactome:ProteinReference8607,abstraction:ControlsExpressionOf,reactome:ProteinReference4438
reactome:ProteinReference5242,abstraction:ControlsExpressionOf,reactome:ProteinReference1337
reactome:ProteinReference11271,abstraction:ControlsExpressionOf,reactome:ProteinReference12003
reactome:ProteinReference11271,abstraction:ControlsExpressionOf,reactome:ProteinReference11992
reactome:ProteinReference1052,abstraction:ControlsExpressionOf,reactome:ProteinReference33
reactome:ProteinReference2800,abstraction:ControlsExpressionOf,reactome:ProteinReference4423
reactome:ProteinReference10922,abstraction:ControlsExpressionOf,reactome:ProteinReference11799
reactome:ProteinReference10409,abstraction:ControlsExpressionOf,reactome:ProteinReference11752
reactome:ProteinReference6951,abstraction:ControlsExpressionOf,reactome:ProteinReference11288
reactome:ProteinReference1154,abstraction:ControlsExpressionOf,reactome:ProteinReference1128
reactome:ProteinReference11271,abstraction:ControlsExpressionOf,reactome:ProteinReference11950
reactome:ProteinReference4580,abstraction:ControlsExpressionOf,reactome:ProteinReference3370
reactome:ProteinReference10409,abstraction:ControlsExpressionOf,reactome:ProteinReference11834
reactome:ProteinReference10409,abstraction:ControlsExpressionOf,reactome:ProteinReference11697
reactome:ProteinReference3891,abstraction:ControlsExpressionOf,reactome:ProteinReference7604
reactome:ProteinReference10838,abstraction:ControlsExpressionOf,reactome:ProteinReference10839
reactome:ProteinReference10408,abstraction:ControlsExpressionOf,reactome:ProteinReference11252
reactome:ProteinReference10409,abstraction:ControlsExpressionOf,reactome:ProteinReference11738
reactome:ProteinReference1088,abstraction:ControlsExpressionOf,reactome:ProteinReference6179
reactome:ProteinReference6173,abstraction:ControlsExpressionOf,reactome:ProteinReference10838
reactome:ProteinReference1076,abstraction:ControlsExpressionOf,reactome:ProteinReference1657
reactome:ProteinReference2788,abstraction:ControlsExpressionOf,reactome:ProteinReference10384
reactome:ProteinReference2835,abstraction:ControlsExpressionOf,reactome:ProteinReference2022
reactome:ProteinReference5154,abstraction:ControlsExpressionOf,reactome:ProteinReference1773
reactome:ProteinReference4478,abstraction:ControlsExpressionOf,reactome:ProteinReference6185
reactome:ProteinReference4554,abstraction:ControlsExpressionOf,reactome:ProteinReference1844
reactome:ProteinReference5004,abstraction:ControlsExpressionOf,reactome:ProteinReference1347
reactome:ProteinReference10922,abstraction:ControlsExpressionOf,reactome:ProteinReference11993
reactome:ProteinReference1063,abstraction:ControlsExpressionOf,reactome:ProteinReference1160
reactome:ProteinReference5928,abstraction:ControlsExpressionOf,reactome:ProteinReference5573
reactome:ProteinReference4550,abstraction:ControlsExpressionOf,reactome:ProteinReference1162
reactome:ProteinReference8611,abstraction:ControlsExpressionOf,reactome:ProteinReference4438
reactome:ProteinReference7503,abstraction:ControlsExpressionOf,reactome:ProteinReference7556
reactome:ProteinReference11271,abstraction:ControlsExpressionOf,reactome:ProteinReference11832
reactome:ProteinReference8823,abstraction:ControlsExpressionOf,reactome:ProteinReference8836
reactome:ProteinReference6871,abstraction:ControlsExpressionOf,reactome:ProteinReference6900
reactome:ProteinReference1086,abstraction:ControlsExpressionOf,reactome:ProteinReference1126
reactome:ProteinReference1115,abstraction:ControlsExpressionOf,reactome:ProteinReference10580
reactome:ProteinReference10573,abstraction:ControlsExpressionOf,reactome:ProteinReference1346
reactome:ProteinReference8823,abstraction:ControlsExpressionOf,reactome:ProteinReference8901
reactome:ProteinReference7503,abstraction:ControlsExpressionOf,reactome:ProteinReference6282
reactome:ProteinReference10409,abstraction:ControlsExpressionOf,reactome:ProteinReference11888
reactome:ProteinReference1054,abstraction:ControlsExpressionOf,reactome:ProteinReference6180
reactome:ProteinReference5432,abstraction:ControlsExpressionOf,reactome:ProteinReference6932
reactome:ProteinReference1054,abstraction:ControlsExpressionOf,reactome:ProteinReference7011
reactome:ProteinReference706,abstraction:ControlsExpressionOf,reactome:ProteinReference705
reactome:ProteinReference1057,abstraction:ControlsExpressionOf,reactome:ProteinReference1149
reactome:ProteinReference10409,abstraction:ControlsExpressionOf,reactome:ProteinReference11788
reactome:ProteinReference10409,abstraction:ControlsExpressionOf,reactome:ProteinReference11960
reactome:ProteinReference2491,abstraction:ControlsExpressionOf,reactome:ProteinReference8632
reactome:ProteinReference10681,abstraction:ControlsExpressionOf,reactome:ProteinReference3249
reactome:ProteinReference1123,abstraction:ControlsExpressionOf,reactome:ProteinReference1197
reactome:ProteinReference6080,abstraction:ControlsExpressionOf,reactome:ProteinReference4641
reactome:ProteinReference1088,abstraction:ControlsExpressionOf,reactome:ProteinReference5917
reactome:ProteinReference11256,abstraction:ControlsExpressionOf,reactome:ProteinReference7595
reactome:ProteinReference10678,abstraction:ControlsExpressionOf,reactome:ProteinReference3249
reactome:ProteinReference6162,abstraction:ControlsExpressionOf,reactome:ProteinReference1123
reactome:ProteinReference5004,abstraction:ControlsExpressionOf,reactome:ProteinReference3539
reactome:ProteinReference6775,abstraction:ControlsExpressionOf,reactome:ProteinReference6776
reactome:ProteinReference7590,abstraction:ControlsExpressionOf,reactome:ProteinReference9416
reactome:ProteinReference10922,abstraction:ControlsExpressionOf,reactome:ProteinReference11954
reactome:ProteinReference7590,abstraction:ControlsExpressionOf,reactome:ProteinReference10433
reactome:ProteinReference5434,abstraction:ControlsExpressionOf,reactome:ProteinReference4641
reactome:ProteinReference10409,abstraction:ControlsExpressionOf,reactome:ProteinReference11720
reactome:ProteinReference5395,abstraction:ControlsExpressionOf,reactome:ProteinReference10404
reactome:ProteinReference4556,abstraction:ControlsExpressionOf,reactome:ProteinReference10581
reactome:ProteinReference2553,abstraction:ControlsExpressionOf,reactome:ProteinReference8313
reactome:ProteinReference1089,abstraction:ControlsExpressionOf,reactome:ProteinReference655
reactome:ProteinReference1105,abstraction:ControlsExpressionOf,reactome:ProteinReference1744
reactome:ProteinReference10922,abstraction:ControlsExpressionOf,reactome:ProteinReference11955
reactome:ProteinReference10922,abstraction:ControlsExpressionOf,reactome:ProteinReference11677
reactome:ProteinReference2803,abstraction:ControlsExpressionOf,reactome:ProteinReference4438
reactome:ProteinReference11256,abstraction:ControlsExpressionOf,reactome:ProteinReference11267
reactome:ProteinReference10577,abstraction:ControlsExpressionOf,reactome:ProteinReference1152
reactome:ProteinReference5155,abstraction:ControlsExpressionOf,reactome:ProteinReference10829
reactome:ProteinReference2795,abstraction:ControlsExpressionOf,reactome:ProteinReference5907
reactome:ProteinReference2807,abstraction:ControlsExpressionOf,reactome:ProteinReference5291
reactome:ProteinReference1067,abstraction:ControlsExpressionOf,reactome:ProteinReference327
reactome:ProteinReference8982,abstraction:ControlsExpressionOf,reactome:ProteinReference1152
reactome:ProteinReference1052,abstraction:ControlsExpressionOf,reactome:ProteinReference1402
reactome:ProteinReference10922,abstraction:ControlsExpressionOf,reactome:ProteinReference11826
reactome:ProteinReference1088,abstraction:ControlsExpressionOf,reactome:ProteinReference7551
reactome:ProteinReference1066,abstraction:ControlsExpressionOf,reactome:ProteinReference10580
reactome:ProteinReference10922,abstraction:ControlsExpressionOf,reactome:ProteinReference11676
reactome:ProteinReference5941,abstraction:ControlsExpressionOf,reactome:ProteinReference588
reactome:ProteinReference6926,abstraction:ControlsExpressionOf,reactome:ProteinReference5426
reactome:ProteinReference1052,abstraction:ControlsExpressionOf,reactome:ProteinReference1349
reactome:ProteinReference10573,abstraction:ControlsExpressionOf,reactome:ProteinReference1126
reactome:ProteinReference6783,abstraction:ControlsExpressionOf,reactome:ProteinReference6782
reactome:ProteinReference10922,abstraction:ControlsExpressionOf,reactome:ProteinReference11902
reactome:ProteinReference11029,abstraction:ControlsExpressionOf,reactome:ProteinReference11034
reactome:ProteinReference9053,abstraction:ControlsExpressionOf,reactome:ProteinReference1844
reactome:ProteinReference7590,abstraction:ControlsExpressionOf,reactome:ProteinReference3627
reactome:ProteinReference7507,abstraction:ControlsExpressionOf,reactome:ProteinReference4641
reactome:ProteinReference1102,abstraction:ControlsExpressionOf,reactome:ProteinReference1744
reactome:ProteinReference8287,abstraction:ControlsExpressionOf,reactome:ProteinReference6912
reactome:ProteinReference10678,abstraction:ControlsExpressionOf,reactome:ProteinReference10529
reactome:ProteinReference8612,abstraction:ControlsExpressionOf,reactome:ProteinReference10384
reactome:ProteinReference2947,abstraction:ControlsExpressionOf,reactome:ProteinReference7558
reactome:ProteinReference5003,abstraction:ControlsExpressionOf,reactome:ProteinReference1082
reactome:ProteinReference2794,abstraction:ControlsExpressionOf,reactome:ProteinReference5291
reactome:ProteinReference8823,abstraction:ControlsExpressionOf,reactome:ProteinReference9718
reactome:ProteinReference1108,abstraction:ControlsExpressionOf,reactome:ProteinReference1744
reactome:ProteinReference5908,abstraction:ControlsExpressionOf,reactome:ProteinReference5916
reactome:ProteinReference10922,abstraction:ControlsExpressionOf,reactome:ProteinReference11793
reactome:ProteinReference5245,abstraction:ControlsExpressionOf,reactome:ProteinReference661
reactome:ProteinReference4525,abstraction:ControlsExpressionOf,reactome:ProteinReference10581
reactome:ProteinReference4496,abstraction:ControlsExpressionOf,reactome:ProteinReference5078
reactome:ProteinReference1070,abstraction:ControlsExpressionOf,reactome:ProteinReference1081
reactome:ProteinReference4555,abstraction:ControlsExpressionOf,reactome:ProteinReference1351
reactome:ProteinReference4521,abstraction:ControlsExpressionOf,reactome:ProteinReference1082
reactome:ProteinReference5430,abstraction:ControlsExpressionOf,reactome:ProteinReference7639
reactome:ProteinReference7330,abstraction:ControlsExpressionOf,reactome:ProteinReference9035
reactome:ProteinReference4557,abstraction:ControlsExpressionOf,reactome:ProteinReference10577
reactome:ProteinReference2835,abstraction:ControlsExpressionOf,reactome:ProteinReference1053
reactome:ProteinReference4553,abstraction:ControlsExpressionOf,reactome:ProteinReference1126
reactome:ProteinReference11271,abstraction:ControlsExpressionOf,reactome:ProteinReference11684
reactome:ProteinReference10412,abstraction:ControlsExpressionOf,reactome:ProteinReference3539
reactome:ProteinReference8601,abstraction:ControlsExpressionOf,reactome:ProteinReference8322
reactome:ProteinReference5004,abstraction:ControlsExpressionOf,reactome:ProteinReference1744
reactome:ProteinReference10409,abstraction:ControlsExpressionOf,reactome:ProteinReference11794
reactome:ProteinReference11271,abstraction:ControlsExpressionOf,reactome:ProteinReference11744
reactome:ProteinReference10922,abstraction:ControlsExpressionOf,reactome:ProteinReference12038
reactome:ProteinReference1068,abstraction:ControlsExpressionOf,reactome:ProteinReference1155
reactome:ProteinReference1067,abstraction:ControlsExpressionOf,reactome:ProteinReference643
reactome:ProteinReference1065,abstraction:ControlsExpressionOf,reactome:ProteinReference1844
reactome:ProteinReference42,abstraction:ControlsExpressionOf,reactome:ProteinReference6148
reactome:ProteinReference10409,abstraction:ControlsExpressionOf,reactome:ProteinReference11811
reactome:ProteinReference6162,abstraction:ControlsExpressionOf,reactome:ProteinReference5105
reactome:ProteinReference5240,abstraction:ControlsExpressionOf,reactome:ProteinReference1351
reactome:ProteinReference10922,abstraction:ControlsExpressionOf,reactome:ProteinReference11807
reactome:ProteinReference11313,abstraction:ControlsExpressionOf,reactome:ProteinReference4611
reactome:ProteinReference10409,abstraction:ControlsExpressionOf,reactome:ProteinReference11797
reactome:ProteinReference10409,abstraction:ControlsExpressionOf,reactome:ProteinReference11707
reactome:ProteinReference4697,abstraction:ControlsExpressionOf,reactome:ProteinReference7545
reactome:ProteinReference6244,abstraction:ControlsExpressionOf,reactome:ProteinReference6250
reactome:ProteinReference7856,abstraction:ControlsExpressionOf,reactome:ProteinReference10826
reactome:ProteinReference1064,abstraction:ControlsExpressionOf,reactome:ProteinReference1372
reactome:ProteinReference1067,abstraction:ControlsExpressionOf,reactome:ProteinReference1080
reactome:ProteinReference10922,abstraction:ControlsExpressionOf,reactome:ProteinReference11846
reactome:ProteinReference1059,abstraction:ControlsExpressionOf,reactome:ProteinReference327
reactome:ProteinReference1052,abstraction:ControlsExpressionOf,reactome:ProteinReference1149
reactome:ProteinReference11271,abstraction:ControlsExpressionOf,reactome:ProteinReference12017
reactome:ProteinReference10832,abstraction:ControlsExpressionOf,reactome:ProteinReference10833
reactome:ProteinReference3487,abstraction:ControlsExpressionOf,reactome:ProteinReference5163
reactome:ProteinReference1066,abstraction:ControlsExpressionOf,reactome:ProteinReference1135
reactome:ProteinReference7596,abstraction:ControlsExpressionOf,reactome:ProteinReference1151
reactome:ProteinReference4697,abstraction:ControlsExpressionOf,reactome:ProteinReference5228
reactome:ProteinReference7859,abstraction:ControlsExpressionOf,reactome:ProteinReference1163
reactome:ProteinReference7589,abstraction:ControlsExpressionOf,reactome:ProteinReference3606
reactome:ProteinReference4555,abstraction:ControlsExpressionOf,reactome:ProteinReference1807
reactome:ProteinReference5395,abstraction:ControlsExpressionOf,reactome:ProteinReference10853
reactome:ProteinReference11315,abstraction:ControlsExpressionOf,reactome:ProteinReference8116
reactome:ProteinReference5431,abstraction:ControlsExpressionOf,reactome:ProteinReference7511
reactome:ProteinReference5003,abstraction:ControlsExpressionOf,reactome:ProteinReference1188
reactome:ProteinReference7503,abstraction:ControlsExpressionOf,reactome:ProteinReference7559
reactome:ProteinReference1111,abstraction:ControlsExpressionOf,reactome:ProteinReference655
reactome:ProteinReference10409,abstraction:ControlsExpressionOf,reactome:ProteinReference11675
reactome:ProteinReference1086,abstraction:ControlsExpressionOf,reactome:ProteinReference1966
reactome:ProteinReference4589,abstraction:ControlsExpressionOf,reactome:ProteinReference6769
reactome:ProteinReference4554,abstraction:ControlsExpressionOf,reactome:ProteinReference1337
reactome:ProteinReference10922,abstraction:ControlsExpressionOf,reactome:ProteinReference11760
reactome:ProteinReference11271,abstraction:ControlsExpressionOf,reactome:ProteinReference12002
reactome:ProteinReference1079,abstraction:ControlsExpressionOf,reactome:ProteinReference658
reactome:ProteinReference6861,abstraction:ControlsExpressionOf,reactome:ProteinReference9731
reactome:ProteinReference707,abstraction:ControlsExpressionOf,reactome:ProteinReference671
reactome:ProteinReference1061,abstraction:ControlsExpressionOf,reactome:ProteinReference10359
reactome:ProteinReference1107,abstraction:ControlsExpressionOf,reactome:ProteinReference1268
reactome:ProteinReference2947,abstraction:ControlsExpressionOf,reactome:ProteinReference1357
reactome:ProteinReference10922,abstraction:ControlsExpressionOf,reactome:ProteinReference12023
reactome:ProteinReference5240,abstraction:ControlsExpressionOf,reactome:ProteinReference1807
reactome:ProteinReference5456,abstraction:ControlsExpressionOf,reactome:ProteinReference6774
reactome:ProteinReference1123,abstraction:ControlsExpressionOf,reactome:ProteinReference1402
reactome:ProteinReference1100,abstraction:ControlsExpressionOf,reactome:ProteinReference661
reactome:ProteinReference6950,abstraction:ControlsExpressionOf,reactome:ProteinReference4660
reactome:ProteinReference5240,abstraction:ControlsExpressionOf,reactome:ProteinReference661
reactome:ProteinReference9053,abstraction:ControlsExpressionOf,reactome:ProteinReference1352
reactome:ProteinReference3891,abstraction:ControlsExpressionOf,reactome:ProteinReference9817
reactome:ProteinReference1123,abstraction:ControlsExpressionOf,reactome:ProteinReference1349
reactome:ProteinReference10681,abstraction:ControlsExpressionOf,reactome:ProteinReference5256
reactome:ProteinReference2808,abstraction:ControlsExpressionOf,reactome:ProteinReference10384
reactome:ProteinReference5273,abstraction:ControlsExpressionOf,reactome:ProteinReference5280
reactome:ProteinReference1059,abstraction:ControlsExpressionOf,reactome:ProteinReference643
reactome:ProteinReference1069,abstraction:ControlsExpressionOf,reactome:ProteinReference1126
reactome:ProteinReference1069,abstraction:ControlsExpressionOf,reactome:ProteinReference1138
reactome:ProteinReference10678,abstraction:ControlsExpressionOf,reactome:ProteinReference5256
reactome:ProteinReference10922,abstraction:ControlsExpressionOf,reactome:ProteinReference11667
reactome:ProteinReference10409,abstraction:ControlsExpressionOf,reactome:ProteinReference12004
reactome:ProteinReference1073,abstraction:ControlsExpressionOf,reactome:ProteinReference1071
reactome:ProteinReference6759,abstraction:ControlsExpressionOf,reactome:ProteinReference6774
reactome:ProteinReference10409,abstraction:ControlsExpressionOf,reactome:ProteinReference11994
reactome:ProteinReference4553,abstraction:ControlsExpressionOf,reactome:ProteinReference3539
reactome:ProteinReference10680,abstraction:ControlsExpressionOf,reactome:ProteinReference5257
reactome:ProteinReference7505,abstraction:ControlsExpressionOf,reactome:ProteinReference7560
reactome:ProteinReference2553,abstraction:ControlsExpressionOf,reactome:ProteinReference10359
reactome:ProteinReference10409,abstraction:ControlsExpressionOf,reactome:ProteinReference11661
reactome:ProteinReference11271,abstraction:ControlsExpressionOf,reactome:ProteinReference11843
reactome:ProteinReference6861,abstraction:ControlsExpressionOf,reactome:ProteinReference9709
reactome:ProteinReference1059,abstraction:ControlsExpressionOf,reactome:ProteinReference1080
reactome:ProteinReference10346,abstraction:ControlsExpressionOf,reactome:ProteinReference5228
reactome:ProteinReference2553,abstraction:ControlsExpressionOf,reactome:ProteinReference10809
reactome:ProteinReference4559,abstraction:ControlsExpressionOf,reactome:ProteinReference1082
reactome:ProteinReference11271,abstraction:ControlsExpressionOf,reactome:ProteinReference11942
reactome:ProteinReference6950,abstraction:ControlsExpressionOf,reactome:ProteinReference8104
reactome:ProteinReference2789,abstraction:ControlsExpressionOf,reactome:ProteinReference4438
reactome:ProteinReference10809,abstraction:ControlsExpressionOf,reactome:ProteinReference10814
reactome:ProteinReference1809,abstraction:ControlsExpressionOf,reactome:ProteinReference1270
reactome:ProteinReference2553,abstraction:ControlsExpressionOf,reactome:ProteinReference5275
reactome:ProteinReference9701,abstraction:ControlsExpressionOf,reactome:ProteinReference5922
reactome:ProteinReference1112,abstraction:ControlsExpressionOf,reactome:ProteinReference1162
reactome:ProteinReference10409,abstraction:ControlsExpressionOf,reactome:ProteinReference11660
reactome:ProteinReference1061,abstraction:ControlsExpressionOf,reactome:ProteinReference10598
reactome:ProteinReference8783,abstraction:ControlsExpressionOf,reactome:ProteinReference5917
reactome:ProteinReference1065,abstraction:ControlsExpressionOf,reactome:ProteinReference1352
reactome:ProteinReference9096,abstraction:ControlsExpressionOf,reactome:ProteinReference2585
reactome:ProteinReference7657,abstraction:ControlsExpressionOf,reactome:ProteinReference7656
reactome:ProteinReference6244,abstraction:ControlsExpressionOf,reactome:ProteinReference6265
reactome:ProteinReference1107,abstraction:ControlsExpressionOf,reactome:ProteinReference10578
reactome:ProteinReference1061,abstraction:ControlsExpressionOf,reactome:ProteinReference2719
reactome:ProteinReference10572,abstraction:ControlsExpressionOf,reactome:ProteinReference1844
reactome:ProteinReference5428,abstraction:ControlsExpressionOf,reactome:ProteinReference653
reactome:ProteinReference1112,abstraction:ControlsExpressionOf,reactome:ProteinReference5139
reactome:ProteinReference5155,abstraction:ControlsExpressionOf,reactome:ProteinReference5273
reactome:ProteinReference4521,abstraction:ControlsExpressionOf,reactome:ProteinReference7502
reactome:ProteinReference6767,abstraction:ControlsExpressionOf,reactome:ProteinReference5105
reactome:ProteinReference10409,abstraction:ControlsExpressionOf,reactome:ProteinReference11700
reactome:ProteinReference2553,abstraction:ControlsExpressionOf,reactome:ProteinReference9922
reactome:ProteinReference2553,abstraction:ControlsExpressionOf,reactome:ProteinReference10363
reactome:ProteinReference1070,abstraction:ControlsExpressionOf,reactome:ProteinReference1138
reactome:ProteinReference2553,abstraction:ControlsExpressionOf,reactome:ProteinReference9815
reactome:ProteinReference5242,abstraction:ControlsExpressionOf,reactome:ProteinReference7714
reactome:ProteinReference6759,abstraction:ControlsExpressionOf,reactome:ProteinReference6777
reactome:ProteinReference4555,abstraction:ControlsExpressionOf,reactome:ProteinReference5176
reactome:ProteinReference1091,abstraction:ControlsExpressionOf,reactome:ProteinReference1082
reactome:ProteinReference7858,abstraction:ControlsExpressionOf,reactome:ProteinReference2059
reactome:ProteinReference1067,abstraction:ControlsExpressionOf,reactome:ProteinReference1129
reactome:ProteinReference10432,abstraction:ControlsExpressionOf,reactome:ProteinReference10433
reactome:ProteinReference3847,abstraction:ControlsExpressionOf,reactome:ProteinReference5291
reactome:ProteinReference4588,abstraction:ControlsExpressionOf,reactome:ProteinReference5190
reactome:ProteinReference1154,abstraction:ControlsExpressionOf,reactome:ProteinReference10591
reactome:ProteinReference4556,abstraction:ControlsExpressionOf,reactome:ProteinReference1152
reactome:ProteinReference4527,abstraction:ControlsExpressionOf,reactome:ProteinReference1082
reactome:ProteinReference5243,abstraction:ControlsExpressionOf,reactome:ProteinReference1372
reactome:ProteinReference5430,abstraction:ControlsExpressionOf,reactome:ProteinReference6932
reactome:ProteinReference1113,abstraction:ControlsExpressionOf,reactome:ProteinReference1151
reactome:ProteinReference8950,abstraction:ControlsExpressionOf,reactome:ProteinReference5907
reactome:ProteinReference6162,abstraction:ControlsExpressionOf,reactome:ProteinReference8283
reactome:ProteinReference10922,abstraction:ControlsExpressionOf,reactome:ProteinReference11932
reactome:ProteinReference11256,abstraction:ControlsExpressionOf,reactome:ProteinReference5306
reactome:ProteinReference5240,abstraction:ControlsExpressionOf,reactome:ProteinReference5176
reactome:ProteinReference10682,abstraction:ControlsExpressionOf,reactome:ProteinReference5251
reactome:ProteinReference11271,abstraction:ControlsExpressionOf,reactome:ProteinReference11935
reactome:ProteinReference2810,abstraction:ControlsExpressionOf,reactome:ProteinReference10384
reactome:ProteinReference4458,abstraction:ControlsExpressionOf,reactome:ProteinReference6180
reactome:ProteinReference6118,abstraction:ControlsExpressionOf,reactome:ProteinReference6139
reactome:ProteinReference9701,abstraction:ControlsExpressionOf,reactome:ProteinReference9286
reactome:ProteinReference6127,abstraction:ControlsExpressionOf,reactome:ProteinReference6139
reactome:ProteinReference10922,abstraction:ControlsExpressionOf,reactome:ProteinReference11783
reactome:ProteinReference10922,abstraction:ControlsExpressionOf,reactome:ProteinReference11754
reactome:ProteinReference2514,abstraction:ControlsExpressionOf,reactome:ProteinReference8632
reactome:ProteinReference10922,abstraction:ControlsExpressionOf,reactome:ProteinReference11775
reactome:ProteinReference2485,abstraction:ControlsExpressionOf,reactome:ProteinReference8632
reactome:ProteinReference4553,abstraction:ControlsExpressionOf,reactome:ProteinReference1744
reactome:ProteinReference4456,abstraction:ControlsExpressionOf,reactome:ProteinReference6791
reactome:ProteinReference1087,abstraction:ControlsExpressionOf,reactome:ProteinReference1966
reactome:ProteinReference5186,abstraction:ControlsExpressionOf,reactome:ProteinReference5188
reactome:ProteinReference5155,abstraction:ControlsExpressionOf,reactome:ProteinReference10839
reactome:ProteinReference2809,abstraction:ControlsExpressionOf,reactome:ProteinReference8322
reactome:ProteinReference11271,abstraction:ControlsExpressionOf,reactome:ProteinReference11762
reactome:ProteinReference10350,abstraction:ControlsExpressionOf,reactome:ProteinReference5163
reactome:ProteinReference1106,abstraction:ControlsExpressionOf,reactome:ProteinReference1268
reactome:ProteinReference10922,abstraction:ControlsExpressionOf,reactome:ProteinReference12029
reactome:ProteinReference9785,abstraction:ControlsExpressionOf,reactome:ProteinReference6684
reactome:ProteinReference10409,abstraction:ControlsExpressionOf,reactome:ProteinReference11965
reactome:ProteinReference1059,abstraction:ControlsExpressionOf,reactome:ProteinReference1158
reactome:ProteinReference4148,abstraction:ControlsExpressionOf,reactome:ProteinReference6097
reactome:ProteinReference5239,abstraction:ControlsExpressionOf,reactome:ProteinReference1151
reactome:ProteinReference2495,abstraction:ControlsExpressionOf,reactome:ProteinReference8632
reactome:ProteinReference1154,abstraction:ControlsExpressionOf,reactome:ProteinReference9816
reactome:ProteinReference10876,abstraction:ControlsExpressionOf,reactome:ProteinReference10836
reactome:ProteinReference5434,abstraction:ControlsExpressionOf,reactome:ProteinReference6075
reactome:ProteinReference7590,abstraction:ControlsExpressionOf,reactome:ProteinReference5907
reactome:ProteinReference6173,abstraction:ControlsExpressionOf,reactome:ProteinReference7545
reactome:ProteinReference7590,abstraction:ControlsExpressionOf,reactome:ProteinReference4969
reactome:ProteinReference4555,abstraction:ControlsExpressionOf,reactome:ProteinReference1352
reactome:ProteinReference701,abstraction:ControlsExpressionOf,reactome:ProteinReference8907
reactome:ProteinReference5433,abstraction:ControlsExpressionOf,reactome:ProteinReference4489
reactome:ProteinReference4525,abstraction:ControlsExpressionOf,reactome:ProteinReference1152
reactome:ProteinReference10409,abstraction:ControlsExpressionOf,reactome:ProteinReference11756
reactome:ProteinReference6817,abstraction:ControlsExpressionOf,reactome:ProteinReference4969
reactome:ProteinReference7505,abstraction:ControlsExpressionOf,reactome:ProteinReference7547
reactome:ProteinReference6278,abstraction:ControlsExpressionOf,reactome:ProteinReference10375
reactome:ProteinReference11271,abstraction:ControlsExpressionOf,reactome:ProteinReference11743
reactome:ProteinReference10922,abstraction:ControlsExpressionOf,reactome:ProteinReference12016
reactome:ProteinReference3851,abstraction:ControlsExpressionOf,reactome:ProteinReference8322
reactome:ProteinReference1059,abstraction:ControlsExpressionOf,reactome:ProteinReference1129
reactome:ProteinReference4726,abstraction:ControlsExpressionOf,reactome:ProteinReference5078
reactome:ProteinReference8824,abstraction:ControlsExpressionOf,reactome:ProteinReference9720
reactome:ProteinReference4552,abstraction:ControlsExpressionOf,reactome:ProteinReference1844
reactome:ProteinReference1114,abstraction:ControlsExpressionOf,reactome:ProteinReference10578
reactome:ProteinReference5395,abstraction:ControlsExpressionOf,reactome:ProteinReference4473
reactome:ProteinReference2517,abstraction:ControlsExpressionOf,reactome:ProteinReference8632
reactome:ProteinReference1064,abstraction:ControlsExpressionOf,reactome:ProteinReference1126
reactome:ProteinReference1062,abstraction:ControlsExpressionOf,reactome:ProteinReference1127
reactome:ProteinReference10577,abstraction:ControlsExpressionOf,reactome:ProteinReference10580
reactome:ProteinReference1053,abstraction:ControlsExpressionOf,reactome:ProteinReference1155
reactome:ProteinReference10409,abstraction:ControlsExpressionOf,reactome:ProteinReference11926
reactome:ProteinReference5036,abstraction:ControlsExpressionOf,reactome:ProteinReference5660
reactome:ProteinReference8982,abstraction:ControlsExpressionOf,reactome:ProteinReference10580
reactome:ProteinReference4551,abstraction:ControlsExpressionOf,reactome:ProteinReference3577
reactome:ProteinReference4559,abstraction:ControlsExpressionOf,reactome:ProteinReference7502
reactome:ProteinReference9052,abstraction:ControlsExpressionOf,reactome:ProteinReference3539
reactome:ProteinReference11271,abstraction:ControlsExpressionOf,reactome:ProteinReference11709
reactome:ProteinReference5003,abstraction:ControlsExpressionOf,reactome:ProteinReference655
reactome:ProteinReference3078,abstraction:ControlsExpressionOf,reactome:ProteinReference6139
reactome:ProteinReference8610,abstraction:ControlsExpressionOf,reactome:ProteinReference10384
reactome:ProteinReference11271,abstraction:ControlsExpressionOf,reactome:ProteinReference11849
reactome:ProteinReference11271,abstraction:ControlsExpressionOf,reactome:ProteinReference11835
reactome:ProteinReference5003,abstraction:ControlsExpressionOf,reactome:ProteinReference5573
reactome:ProteinReference9779,abstraction:ControlsExpressionOf,reactome:ProteinReference2970
reactome:ProteinReference10922,abstraction:ControlsExpressionOf,reactome:ProteinReference11868
reactome:ProteinReference10347,abstraction:ControlsExpressionOf,reactome:ProteinReference6798
reactome:ProteinReference10454,abstraction:ControlsExpressionOf,reactome:ProteinReference10455
reactome:ProteinReference6147,abstraction:ControlsExpressionOf,reactome:ProteinReference2726
reactome:ProteinReference4521,abstraction:ControlsExpressionOf,reactome:ProteinReference655
reactome:ProteinReference5424,abstraction:ControlsExpressionOf,reactome:ProteinReference6791
reactome:ProteinReference1997,abstraction:ControlsExpressionOf,reactome:ProteinReference1988
reactome:ProteinReference1061,abstraction:ControlsExpressionOf,reactome:ProteinReference1152
reactome:ProteinReference6147,abstraction:ControlsExpressionOf,reactome:ProteinReference2314
reactome:ProteinReference1064,abstraction:ControlsExpressionOf,reactome:ProteinReference1144
reactome:ProteinReference11271,abstraction:ControlsExpressionOf,reactome:ProteinReference11802
reactome:ProteinReference2553,abstraction:ControlsExpressionOf,reactome:ProteinReference10372
reactome:ProteinReference7091,abstraction:ControlsExpressionOf,reactome:ProteinReference3598
reactome:ProteinReference4521,abstraction:ControlsExpressionOf,reactome:ProteinReference1346
reactome:ProteinReference1076,abstraction:ControlsExpressionOf,reactome:ProteinReference1650
reactome:ProteinReference1121,abstraction:ControlsExpressionOf,reactome:ProteinReference10577
reactome:ProteinReference6244,abstraction:ControlsExpressionOf,reactome:ProteinReference935
reactome:ProteinReference8286,abstraction:ControlsExpressionOf,reactome:ProteinReference7841
reactome:ProteinReference7712,abstraction:ControlsExpressionOf,reactome:ProteinReference7720
reactome:ProteinReference4550,abstraction:ControlsExpressionOf,reactome:ProteinReference1151
reactome:ProteinReference11271,abstraction:ControlsExpressionOf,reactome:ProteinReference11878
reactome:ProteinReference10409,abstraction:ControlsExpressionOf,reactome:ProteinReference10429
reactome:ProteinReference1074,abstraction:ControlsExpressionOf,reactome:ProteinReference1140
reactome:ProteinReference5274,abstraction:ControlsExpressionOf,reactome:ProteinReference5390
reactome:ProteinReference6861,abstraction:ControlsExpressionOf,reactome:ProteinReference4538
reactome:ProteinReference5284,abstraction:ControlsExpressionOf,reactome:ProteinReference10580
reactome:ProteinReference10922,abstraction:ControlsExpressionOf,reactome:ProteinReference12031
reactome:ProteinReference11029,abstraction:ControlsExpressionOf,reactome:ProteinReference7521
reactome:ProteinReference1101,abstraction:ControlsExpressionOf,reactome:ProteinReference741
reactome:ProteinReference6773,abstraction:ControlsExpressionOf,reactome:ProteinReference6780
reactome:ProteinReference11271,abstraction:ControlsExpressionOf,reactome:ProteinReference11982
reactome:ProteinReference8287,abstraction:ControlsExpressionOf,reactome:ProteinReference7011
reactome:ProteinReference11315,abstraction:ControlsExpressionOf,reactome:ProteinReference4470
reactome:ProteinReference10922,abstraction:ControlsExpressionOf,reactome:ProteinReference11996
reactome:ProteinReference10409,abstraction:ControlsExpressionOf,reactome:ProteinReference11974
reactome:ProteinReference10572,abstraction:ControlsExpressionOf,reactome:ProteinReference1337
reactome:ProteinReference2801,abstraction:ControlsExpressionOf,reactome:ProteinReference6855
reactome:ProteinReference10348,abstraction:ControlsExpressionOf,reactome:ProteinReference7326
reactome:ProteinReference11315,abstraction:ControlsExpressionOf,reactome:ProteinReference11309
reactome:ProteinReference9925,abstraction:ControlsExpressionOf,reactome:ProteinReference10368
reactome:ProteinReference8823,abstraction:ControlsExpressionOf,reactome:ProteinReference5922
reactome:ProteinReference4527,abstraction:ControlsExpressionOf,reactome:ProteinReference7502
reactome:ProteinReference10409,abstraction:ControlsExpressionOf,reactome:ProteinReference11891
reactome:ProteinReference11026,abstraction:ControlsExpressionOf,reactome:ProteinReference7777
reactome:ProteinReference4527,abstraction:ControlsExpressionOf,reactome:ProteinReference1372
reactome:ProteinReference2801,abstraction:ControlsExpressionOf,reactome:ProteinReference10383
reactome:ProteinReference7725,abstraction:ControlsExpressionOf,reactome:ProteinReference4149
reactome:ProteinReference2477,abstraction:ControlsExpressionOf,reactome:ProteinReference8632
reactome:ProteinReference10846,abstraction:ControlsExpressionOf,reactome:ProteinReference6774
reactome:ProteinReference3083,abstraction:ControlsExpressionOf,reactome:ProteinReference6139
reactome:ProteinReference6278,abstraction:ControlsExpressionOf,reactome:ProteinReference8190
reactome:ProteinReference1060,abstraction:ControlsExpressionOf,reactome:ProteinReference1147
reactome:ProteinReference4588,abstraction:ControlsExpressionOf,reactome:ProteinReference9188
reactome:ProteinReference10580,abstraction:ControlsExpressionOf,reactome:ProteinReference1807
reactome:ProteinReference1068,abstraction:ControlsExpressionOf,reactome:ProteinReference1082
reactome:ProteinReference1153,abstraction:ControlsExpressionOf,reactome:ProteinReference2245
reactome:ProteinReference10846,abstraction:ControlsExpressionOf,reactome:ProteinReference5156
reactome:ProteinReference4526,abstraction:ControlsExpressionOf,reactome:ProteinReference10580
reactome:ProteinReference4552,abstraction:ControlsExpressionOf,reactome:ProteinReference1352
reactome:ProteinReference1073,abstraction:ControlsExpressionOf,reactome:ProteinReference1651
reactome:ProteinReference7509,abstraction:ControlsExpressionOf,reactome:ProteinReference1357
reactome:ProteinReference1063,abstraction:ControlsExpressionOf,reactome:ProteinReference1339
reactome:ProteinReference4554,abstraction:ControlsExpressionOf,reactome:ProteinReference7714
reactome:ProteinReference1107,abstraction:ControlsExpressionOf,reactome:ProteinReference1162
reactome:ProteinReference10677,abstraction:ControlsExpressionOf,reactome:ProteinReference10530
reactome:ProteinReference10922,abstraction:ControlsExpressionOf,reactome:ProteinReference11712
reactome:ProteinReference4561,abstraction:ControlsExpressionOf,reactome:ProteinReference1807
reactome:ProteinReference10922,abstraction:ControlsExpressionOf,reactome:ProteinReference11780
reactome:ProteinReference1052,abstraction:ControlsExpressionOf,reactome:ProteinReference1080
reactome:ProteinReference1061,abstraction:ControlsExpressionOf,reactome:ProteinReference7546
reactome:ProteinReference1061,abstraction:ControlsExpressionOf,reactome:ProteinReference741
reactome:ProteinReference4561,abstraction:ControlsExpressionOf,reactome:ProteinReference661
reactome:ProteinReference5432,abstraction:ControlsExpressionOf,reactome:ProteinReference7717
reactome:ProteinReference8823,abstraction:ControlsExpressionOf,reactome:ProteinReference9286
reactome:ProteinReference2792,abstraction:ControlsExpressionOf,reactome:ProteinReference5907
reactome:ProteinReference8283,abstraction:ControlsExpressionOf,reactome:ProteinReference3639
reactome:ProteinReference2787,abstraction:ControlsExpressionOf,reactome:ProteinReference4438
reactome:ProteinReference175,abstraction:ControlsExpressionOf,reactome:ProteinReference3539
reactome:ProteinReference9807,abstraction:ControlsExpressionOf,reactome:ProteinReference9846
reactome:ProteinReference1097,abstraction:ControlsExpressionOf,reactome:ProteinReference5139
reactome:ProteinReference5405,abstraction:ControlsExpressionOf,reactome:ProteinReference4611
reactome:ProteinReference10409,abstraction:ControlsExpressionOf,reactome:ProteinReference11890
reactome:ProteinReference6440,abstraction:ControlsExpressionOf,reactome:ProteinReference6097
reactome:ProteinReference10922,abstraction:ControlsExpressionOf,reactome:ProteinReference11928
reactome:ProteinReference11271,abstraction:ControlsExpressionOf,reactome:ProteinReference11799
reactome:ProteinReference1153,abstraction:ControlsExpressionOf,reactome:ProteinReference3540
reactome:ProteinReference10922,abstraction:ControlsExpressionOf,reactome:ProteinReference11651
reactome:ProteinReference4523,abstraction:ControlsExpressionOf,reactome:ProteinReference661
reactome:ProteinReference10409,abstraction:ControlsExpressionOf,reactome:ProteinReference11643
reactome:ProteinReference5243,abstraction:ControlsExpressionOf,reactome:ProteinReference1126
reactome:ProteinReference6861,abstraction:ControlsExpressionOf,reactome:ProteinReference860
reactome:ProteinReference10409,abstraction:ControlsExpressionOf,reactome:ProteinReference12015
reactome:ProteinReference8286,abstraction:ControlsExpressionOf,reactome:ProteinReference5607
reactome:ProteinReference1061,abstraction:ControlsExpressionOf,reactome:ProteinReference5915
reactome:ProteinReference9926,abstraction:ControlsExpressionOf,reactome:ProteinReference10368
reactome:ProteinReference10409,abstraction:ControlsExpressionOf,reactome:ProteinReference11857
reactome:ProteinReference8283,abstraction:ControlsExpressionOf,reactome:ProteinReference8963
reactome:ProteinReference5427,abstraction:ControlsExpressionOf,reactome:ProteinReference6075
reactome:ProteinReference1132,abstraction:ControlsExpressionOf,reactome:ProteinReference10472
reactome:ProteinReference9807,abstraction:ControlsExpressionOf,reactome:ProteinReference5706
reactome:ProteinReference1110,abstraction:ControlsExpressionOf,reactome:ProteinReference655
reactome:ProteinReference1120,abstraction:ControlsExpressionOf,reactome:ProteinReference1349
reactome:ProteinReference5434,abstraction:ControlsExpressionOf,reactome:ProteinReference7639
reactome:ProteinReference4458,abstraction:ControlsExpressionOf,reactome:ProteinReference1337
reactome:ProteinReference11271,abstraction:ControlsExpressionOf,reactome:ProteinReference11859
reactome:ProteinReference4559,abstraction:ControlsExpressionOf,reactome:ProteinReference655
reactome:ProteinReference10409,abstraction:ControlsExpressionOf,reactome:ProteinReference11845
reactome:ProteinReference1057,abstraction:ControlsExpressionOf,reactome:ProteinReference6895
reactome:ProteinReference11271,abstraction:ControlsExpressionOf,reactome:ProteinReference11993
reactome:ProteinReference10409,abstraction:ControlsExpressionOf,reactome:ProteinReference11714
reactome:ProteinReference7858,abstraction:ControlsExpressionOf,reactome:ProteinReference1053
reactome:ProteinReference4559,abstraction:ControlsExpressionOf,reactome:ProteinReference5573
reactome:ProteinReference10414,abstraction:ControlsExpressionOf,reactome:ProteinReference7621
reactome:ProteinReference1103,abstraction:ControlsExpressionOf,reactome:ProteinReference741
reactome:ProteinReference1118,abstraction:ControlsExpressionOf,reactome:ProteinReference1188
reactome:ProteinReference5433,abstraction:ControlsExpressionOf,reactome:ProteinReference10466
reactome:ProteinReference4552,abstraction:ControlsExpressionOf,reactome:ProteinReference1337
reactome:ProteinReference7590,abstraction:ControlsExpressionOf,reactome:ProteinReference6903
reactome:ProteinReference7509,abstraction:ControlsExpressionOf,reactome:ProteinReference5449
reactome:ProteinReference4630,abstraction:ControlsExpressionOf,reactome:ProteinReference2765
reactome:ProteinReference4559,abstraction:ControlsExpressionOf,reactome:ProteinReference1346
reactome:ProteinReference5395,abstraction:ControlsExpressionOf,reactome:ProteinReference6868
reactome:ProteinReference9701,abstraction:ControlsExpressionOf,reactome:ProteinReference4752
reactome:ProteinReference1079,abstraction:ControlsExpressionOf,reactome:ProteinReference675
reactome:ProteinReference1061,abstraction:ControlsExpressionOf,reactome:ProteinReference1147
reactome:ProteinReference1093,abstraction:ControlsExpressionOf,reactome:ProteinReference1126
reactome:ProteinReference1116,abstraction:ControlsExpressionOf,reactome:ProteinReference741
reactome:ProteinReference6779,abstraction:ControlsExpressionOf,reactome:ProteinReference6773
reactome:ProteinReference1064,abstraction:ControlsExpressionOf,reactome:ProteinReference1744
reactome:ProteinReference2801,abstraction:ControlsExpressionOf,reactome:ProteinReference5336
reactome:ProteinReference10922,abstraction:ControlsExpressionOf,reactome:ProteinReference11999
reactome:ProteinReference5908,abstraction:ControlsExpressionOf,reactome:ProteinReference5912
reactome:ProteinReference1060,abstraction:ControlsExpressionOf,reactome:ProteinReference661
reactome:ProteinReference11271,abstraction:ControlsExpressionOf,reactome:ProteinReference11761
reactome:ProteinReference10409,abstraction:ControlsExpressionOf,reactome:ProteinReference11735
reactome:ProteinReference1091,abstraction:ControlsExpressionOf,reactome:ProteinReference655
reactome:ProteinReference1133,abstraction:ControlsExpressionOf,reactome:ProteinReference2245
reactome:ProteinReference1086,abstraction:ControlsExpressionOf,reactome:ProteinReference1152
reactome:ProteinReference11271,abstraction:ControlsExpressionOf,reactome:ProteinReference11954
reactome:ProteinReference1061,abstraction:ControlsExpressionOf,reactome:ProteinReference10592
reactome:ProteinReference1091,abstraction:ControlsExpressionOf,reactome:ProteinReference1346
reactome:ProteinReference1088,abstraction:ControlsExpressionOf,reactome:ProteinReference1347
reactome:ProteinReference11271,abstraction:ControlsExpressionOf,reactome:ProteinReference11955
reactome:ProteinReference10466,abstraction:ControlsExpressionOf,reactome:ProteinReference6780
reactome:ProteinReference1101,abstraction:ControlsExpressionOf,reactome:ProteinReference661
reactome:ProteinReference11271,abstraction:ControlsExpressionOf,reactome:ProteinReference11677
reactome:ProteinReference1062,abstraction:ControlsExpressionOf,reactome:ProteinReference33
reactome:ProteinReference1154,abstraction:ControlsExpressionOf,reactome:ProteinReference10590
reactome:ProteinReference4587,abstraction:ControlsExpressionOf,reactome:ProteinReference10350
reactome:ProteinReference1111,abstraction:ControlsExpressionOf,reactome:ProteinReference10581
reactome:ProteinReference1088,abstraction:ControlsExpressionOf,reactome:ProteinReference5449
reactome:ProteinReference1095,abstraction:ControlsExpressionOf,reactome:ProteinReference741
reactome:ProteinReference10595,abstraction:ControlsExpressionOf,reactome:ProteinReference10592
reactome:ProteinReference4527,abstraction:ControlsExpressionOf,reactome:ProteinReference1346
reactome:ProteinReference1991,abstraction:ControlsExpressionOf,reactome:ProteinReference1988
reactome:ProteinReference9701,abstraction:ControlsExpressionOf,reactome:ProteinReference8831
reactome:ProteinReference5423,abstraction:ControlsExpressionOf,reactome:ProteinReference6136
reactome:ProteinReference1064,abstraction:ControlsExpressionOf,reactome:ProteinReference1146
reactome:ProteinReference10836,abstraction:ControlsExpressionOf,reactome:ProteinReference10833
reactome:ProteinReference11278,abstraction:ControlsExpressionOf,reactome:ProteinReference9722
reactome:ProteinReference11271,abstraction:ControlsExpressionOf,reactome:ProteinReference11826
reactome:ProteinReference1052,abstraction:ControlsExpressionOf,reactome:ProteinReference1268
reactome:ProteinReference9807,abstraction:ControlsExpressionOf,reactome:ProteinReference5730
reactome:ProteinReference11271,abstraction:ControlsExpressionOf,reactome:ProteinReference11676
reactome:ProteinReference2553,abstraction:ControlsExpressionOf,reactome:ProteinReference5902
reactome:ProteinReference11271,abstraction:ControlsExpressionOf,reactome:ProteinReference11902
reactome:ProteinReference1105,abstraction:ControlsExpressionOf,reactome:ProteinReference1351
reactome:ProteinReference6083,abstraction:ControlsExpressionOf,reactome:ProteinReference5404
reactome:ProteinReference1088,abstraction:ControlsExpressionOf,reactome:ProteinReference10577
reactome:ProteinReference1052,abstraction:ControlsExpressionOf,reactome:ProteinReference1129
reactome:ProteinReference1064,abstraction:ControlsExpressionOf,reactome:ProteinReference1125
reactome:ProteinReference5245,abstraction:ControlsExpressionOf,reactome:ProteinReference1082
reactome:ProteinReference1052,abstraction:ControlsExpressionOf,reactome:ProteinReference18
reactome:ProteinReference1106,abstraction:ControlsExpressionOf,reactome:ProteinReference1162
reactome:ProteinReference1088,abstraction:ControlsExpressionOf,reactome:ProteinReference3539
reactome:ProteinReference10922,abstraction:ControlsExpressionOf,reactome:ProteinReference11752
reactome:ProteinReference6081,abstraction:ControlsExpressionOf,reactome:ProteinReference2096
reactome:ProteinReference4697,abstraction:ControlsExpressionOf,reactome:ProteinReference4641
reactome:ProteinReference2793,abstraction:ControlsExpressionOf,reactome:ProteinReference4438
reactome:ProteinReference1113,abstraction:ControlsExpressionOf,reactome:ProteinReference10577
reactome:ProteinReference11271,abstraction:ControlsExpressionOf,reactome:ProteinReference11669
reactome:ProteinReference4580,abstraction:ControlsExpressionOf,reactome:ProteinReference10830
reactome:ProteinReference1060,abstraction:ControlsExpressionOf,reactome:ProteinReference653
reactome:ProteinReference11271,abstraction:ControlsExpressionOf,reactome:ProteinReference11793
reactome:ProteinReference10409,abstraction:ControlsExpressionOf,reactome:ProteinReference11640
reactome:ProteinReference11271,abstraction:ControlsExpressionOf,reactome:ProteinReference11896
reactome:ProteinReference6956,abstraction:ControlsExpressionOf,reactome:ProteinReference4538
reactome:ProteinReference6164,abstraction:ControlsExpressionOf,reactome:ProteinReference1123
reactome:ProteinReference1067,abstraction:ControlsExpressionOf,reactome:ProteinReference1071
reactome:ProteinReference7590,abstraction:ControlsExpressionOf,reactome:ProteinReference9429
reactome:ProteinReference6770,abstraction:ControlsExpressionOf,reactome:ProteinReference6776
reactome:ProteinReference1115,abstraction:ControlsExpressionOf,reactome:ProteinReference1339
reactome:ProteinReference8830,abstraction:ControlsExpressionOf,reactome:ProteinReference5918
reactome:ProteinReference10409,abstraction:ControlsExpressionOf,reactome:ProteinReference11893
reactome:ProteinReference1102,abstraction:ControlsExpressionOf,reactome:ProteinReference1351
reactome:ProteinReference10573,abstraction:ControlsExpressionOf,reactome:ProteinReference1152
reactome:ProteinReference8612,abstraction:ControlsExpressionOf,reactome:ProteinReference6855
reactome:ProteinReference1061,abstraction:ControlsExpressionOf,reactome:ProteinReference661
reactome:ProteinReference4697,abstraction:ControlsExpressionOf,reactome:ProteinReference5573
reactome:ProteinReference6244,abstraction:ControlsExpressionOf,reactome:ProteinReference3711
reactome:ProteinReference4525,abstraction:ControlsExpressionOf,reactome:ProteinReference10580
reactome:ProteinReference10922,abstraction:ControlsExpressionOf,reactome:ProteinReference11864
reactome:ProteinReference8824,abstraction:ControlsExpressionOf,reactome:ProteinReference9710
reactome:ProteinReference10409,abstraction:ControlsExpressionOf,reactome:ProteinReference11765
reactome:ProteinReference1108,abstraction:ControlsExpressionOf,reactome:ProteinReference1351
reactome:ProteinReference1077,abstraction:ControlsExpressionOf,reactome:ProteinReference1648
reactome:ProteinReference7604,abstraction:ControlsExpressionOf,reactome:ProteinReference11256
reactome:ProteinReference8612,abstraction:ControlsExpressionOf,reactome:ProteinReference10383
reactome:ProteinReference11271,abstraction:ControlsExpressionOf,reactome:ProteinReference12038
reactome:ProteinReference2776,abstraction:ControlsExpressionOf,reactome:ProteinReference5291
reactome:ProteinReference11271,abstraction:ControlsExpressionOf,reactome:ProteinReference11633
reactome:ProteinReference1112,abstraction:ControlsExpressionOf,reactome:ProteinReference1151
reactome:ProteinReference4527,abstraction:ControlsExpressionOf,reactome:ProteinReference1126
reactome:ProteinReference5428,abstraction:ControlsExpressionOf,reactome:ProteinReference5453
reactome:ProteinReference5155,abstraction:ControlsExpressionOf,reactome:ProteinReference11019
reactome:ProteinReference10922,abstraction:ControlsExpressionOf,reactome:ProteinReference11822
reactome:ProteinReference1105,abstraction:ControlsExpressionOf,reactome:ProteinReference1807
reactome:ProteinReference2483,abstraction:ControlsExpressionOf,reactome:ProteinReference8632
reactome:ProteinReference1052,abstraction:ControlsExpressionOf,reactome:ProteinReference10578
reactome:ProteinReference1059,abstraction:ControlsExpressionOf,reactome:ProteinReference1156
reactome:ProteinReference10809,abstraction:ControlsExpressionOf,reactome:ProteinReference10813
reactome:ProteinReference4558,abstraction:ControlsExpressionOf,reactome:ProteinReference1347
reactome:ProteinReference1128,abstraction:ControlsExpressionOf,reactome:ProteinReference1127
reactome:ProteinReference6081,abstraction:ControlsExpressionOf,reactome:ProteinReference8304
reactome:ProteinReference5004,abstraction:ControlsExpressionOf,reactome:ProteinReference1351
reactome:ProteinReference8293,abstraction:ControlsExpressionOf,reactome:ProteinReference8294
reactome:ProteinReference11271,abstraction:ControlsExpressionOf,reactome:ProteinReference11829
reactome:ProteinReference1068,abstraction:ControlsExpressionOf,reactome:ProteinReference1081
reactome:ProteinReference6861,abstraction:ControlsExpressionOf,reactome:ProteinReference9704
reactome:ProteinReference1099,abstraction:ControlsExpressionOf,reactome:ProteinReference1197
reactome:ProteinReference5245,abstraction:ControlsExpressionOf,reactome:ProteinReference1188
reactome:ProteinReference6079,abstraction:ControlsExpressionOf,reactome:ProteinReference11297
reactome:ProteinReference5242,abstraction:ControlsExpressionOf,reactome:ProteinReference1347
reactome:ProteinReference10922,abstraction:ControlsExpressionOf,reactome:ProteinReference11720
reactome:ProteinReference5243,abstraction:ControlsExpressionOf,reactome:ProteinReference1744
reactome:ProteinReference5276,abstraction:ControlsExpressionOf,reactome:ProteinReference10827
reactome:ProteinReference9053,abstraction:ControlsExpressionOf,reactome:ProteinReference1372
reactome:ProteinReference1063,abstraction:ControlsExpressionOf,reactome:ProteinReference1127
reactome:ProteinReference5434,abstraction:ControlsExpressionOf,reactome:ProteinReference6932
reactome:ProteinReference1102,abstraction:ControlsExpressionOf,reactome:ProteinReference1807
reactome:ProteinReference5427,abstraction:ControlsExpressionOf,reactome:ProteinReference7639
reactome:ProteinReference1066,abstraction:ControlsExpressionOf,reactome:ProteinReference1339
reactome:ProteinReference11271,abstraction:ControlsExpressionOf,reactome:ProteinReference11760
reactome:ProteinReference4530,abstraction:ControlsExpressionOf,reactome:ProteinReference1188
reactome:ProteinReference1053,abstraction:ControlsExpressionOf,reactome:ProteinReference1082
reactome:ProteinReference4558,abstraction:ControlsExpressionOf,reactome:ProteinReference10577
reactome:ProteinReference1100,abstraction:ControlsExpressionOf,reactome:ProteinReference1082
reactome:ProteinReference1108,abstraction:ControlsExpressionOf,reactome:ProteinReference1807
reactome:ProteinReference1102,abstraction:ControlsExpressionOf,reactome:ProteinReference661
reactome:ProteinReference7826,abstraction:ControlsExpressionOf,reactome:ProteinReference7827
reactome:ProteinReference7091,abstraction:ControlsExpressionOf,reactome:ProteinReference11256
reactome:ProteinReference7572,abstraction:ControlsExpressionOf,reactome:ProteinReference4654
reactome:ProteinReference10922,abstraction:ControlsExpressionOf,reactome:ProteinReference11727
reactome:ProteinReference1061,abstraction:ControlsExpressionOf,reactome:ProteinReference653
reactome:ProteinReference6773,abstraction:ControlsExpressionOf,reactome:ProteinReference6790
reactome:ProteinReference5240,abstraction:ControlsExpressionOf,reactome:ProteinReference1082
reactome:ProteinReference6244,abstraction:ControlsExpressionOf,reactome:ProteinReference4120
reactome:ProteinReference1108,abstraction:ControlsExpressionOf,reactome:ProteinReference661
reactome:ProteinReference11271,abstraction:ControlsExpressionOf,reactome:ProteinReference12023
reactome:ProteinReference1096,abstraction:ControlsExpressionOf,reactome:ProteinReference10580
reactome:ProteinReference5242,abstraction:ControlsExpressionOf,reactome:ProteinReference3539
reactome:ProteinReference1123,abstraction:ControlsExpressionOf,reactome:ProteinReference1268
reactome:ProteinReference8823,abstraction:ControlsExpressionOf,reactome:ProteinReference4752
reactome:ProteinReference10409,abstraction:ControlsExpressionOf,reactome:ProteinReference11665
reactome:ProteinReference3891,abstraction:ControlsExpressionOf,reactome:ProteinReference2553
reactome:ProteinReference5004,abstraction:ControlsExpressionOf,reactome:ProteinReference1807
reactome:ProteinReference2488,abstraction:ControlsExpressionOf,reactome:ProteinReference8632
reactome:ProteinReference7505,abstraction:ControlsExpressionOf,reactome:ProteinReference7557
reactome:ProteinReference1065,abstraction:ControlsExpressionOf,reactome:ProteinReference1372
reactome:ProteinReference11271,abstraction:ControlsExpressionOf,reactome:ProteinReference11667
reactome:ProteinReference1088,abstraction:ControlsExpressionOf,reactome:ProteinReference26
reactome:ProteinReference1095,abstraction:ControlsExpressionOf,reactome:ProteinReference661
reactome:ProteinReference4549,abstraction:ControlsExpressionOf,reactome:ProteinReference1188
reactome:ProteinReference707,abstraction:ControlsExpressionOf,reactome:ProteinReference649
reactome:ProteinReference7589,abstraction:ControlsExpressionOf,reactome:ProteinReference10438
reactome:ProteinReference6079,abstraction:ControlsExpressionOf,reactome:ProteinReference2128
reactome:ProteinReference4550,abstraction:ControlsExpressionOf,reactome:ProteinReference10577
reactome:ProteinReference4456,abstraction:ControlsExpressionOf,reactome:ProteinReference5573
reactome:ProteinReference6818,abstraction:ControlsExpressionOf,reactome:ProteinReference7011
reactome:ProteinReference1103,abstraction:ControlsExpressionOf,reactome:ProteinReference10580
reactome:ProteinReference5433,abstraction:ControlsExpressionOf,reactome:ProteinReference1021
reactome:ProteinReference5430,abstraction:ControlsExpressionOf,reactome:ProteinReference7717
reactome:ProteinReference6079,abstraction:ControlsExpressionOf,reactome:ProteinReference4660
reactome:ProteinReference1092,abstraction:ControlsExpressionOf,reactome:ProteinReference1351
reactome:ProteinReference4636,abstraction:ControlsExpressionOf,reactome:ProteinReference7726
reactome:ProteinReference1142,abstraction:ControlsExpressionOf,reactome:ProteinReference1172
reactome:ProteinReference11271,abstraction:ControlsExpressionOf,reactome:ProteinReference11671
reactome:ProteinReference6875,abstraction:ControlsExpressionOf,reactome:ProteinReference4483
reactome:ProteinReference663,abstraction:ControlsExpressionOf,reactome:ProteinReference667
reactome:ProteinReference8612,abstraction:ControlsExpressionOf,reactome:ProteinReference5336
reactome:ProteinReference4589,abstraction:ControlsExpressionOf,reactome:ProteinReference6883
reactome:ProteinReference1069,abstraction:ControlsExpressionOf,reactome:ProteinReference1152
reactome:ProteinReference10922,abstraction:ControlsExpressionOf,reactome:ProteinReference11707
reactome:ProteinReference3891,abstraction:ControlsExpressionOf,reactome:ProteinReference4969
reactome:ProteinReference1100,abstraction:ControlsExpressionOf,reactome:ProteinReference1188
reactome:ProteinReference10922,abstraction:ControlsExpressionOf,reactome:ProteinReference11882
reactome:ProteinReference10922,abstraction:ControlsExpressionOf,reactome:ProteinReference11771
reactome:ProteinReference5432,abstraction:ControlsExpressionOf,reactome:ProteinReference7511
reactome:ProteinReference1089,abstraction:ControlsExpressionOf,reactome:ProteinReference741
reactome:ProteinReference3891,abstraction:ControlsExpressionOf,reactome:ProteinReference8283
reactome:ProteinReference5285,abstraction:ControlsExpressionOf,reactome:ProteinReference10580
reactome:ProteinReference1122,abstraction:ControlsExpressionOf,reactome:ProteinReference1349
reactome:ProteinReference1123,abstraction:ControlsExpressionOf,reactome:ProteinReference10578
reactome:ProteinReference9094,abstraction:ControlsExpressionOf,reactome:ProteinReference2581
reactome:ProteinReference5003,abstraction:ControlsExpressionOf,reactome:ProteinReference10581
reactome:ProteinReference8286,abstraction:ControlsExpressionOf,reactome:ProteinReference282
reactome:ProteinReference1075,abstraction:ControlsExpressionOf,reactome:ProteinReference1140
reactome:ProteinReference6126,abstraction:ControlsExpressionOf,reactome:ProteinReference6139
reactome:ProteinReference10409,abstraction:ControlsExpressionOf,reactome:ProteinReference11913
reactome:ProteinReference2553,abstraction:ControlsExpressionOf,reactome:ProteinReference10386
reactome:ProteinReference11271,abstraction:ControlsExpressionOf,reactome:ProteinReference1124
reactome:ProteinReference4636,abstraction:ControlsExpressionOf,reactome:ProteinReference10836
reactome:ProteinReference2553,abstraction:ControlsExpressionOf,reactome:ProteinReference2010
reactome:ProteinReference5275,abstraction:ControlsExpressionOf,reactome:ProteinReference5278
reactome:ProteinReference10681,abstraction:ControlsExpressionOf,reactome:ProteinReference10528
reactome:ProteinReference2553,abstraction:ControlsExpressionOf,reactome:ProteinReference10375
reactome:ProteinReference4521,abstraction:ControlsExpressionOf,reactome:ProteinReference10581
reactome:ProteinReference6173,abstraction:ControlsExpressionOf,reactome:ProteinReference4641
reactome:ProteinReference10922,abstraction:ControlsExpressionOf,reactome:ProteinReference11675
reactome:ProteinReference5429,abstraction:ControlsExpressionOf,reactome:ProteinReference7509
reactome:ProteinReference1086,abstraction:ControlsExpressionOf,reactome:ProteinReference661
reactome:ProteinReference6079,abstraction:ControlsExpressionOf,reactome:ProteinReference11288
reactome:ProteinReference10409,abstraction:ControlsExpressionOf,reactome:ProteinReference11638
reactome:ProteinReference4530,abstraction:ControlsExpressionOf,reactome:ProteinReference1339
reactome:ProteinReference10678,abstraction:ControlsExpressionOf,reactome:ProteinReference10528
reactome:ProteinReference11271,abstraction:ControlsExpressionOf,reactome:ProteinReference11932
reactome:ProteinReference1111,abstraction:ControlsExpressionOf,reactome:ProteinReference1152
reactome:ProteinReference10409,abstraction:ControlsExpressionOf,reactome:ProteinReference11909
reactome:ProteinReference1092,abstraction:ControlsExpressionOf,reactome:ProteinReference1807
reactome:ProteinReference3079,abstraction:ControlsExpressionOf,reactome:ProteinReference6139
reactome:ProteinReference1070,abstraction:ControlsExpressionOf,reactome:ProteinReference1152
reactome:ProteinReference2947,abstraction:ControlsExpressionOf,reactome:ProteinReference7546
reactome:ProteinReference10922,abstraction:ControlsExpressionOf,reactome:ProteinReference11695
reactome:ProteinReference11271,abstraction:ControlsExpressionOf,reactome:ProteinReference11783
reactome:ProteinReference11271,abstraction:ControlsExpressionOf,reactome:ProteinReference11754
reactome:ProteinReference4636,abstraction:ControlsExpressionOf,reactome:ProteinReference7502
reactome:ProteinReference4555,abstraction:ControlsExpressionOf,reactome:ProteinReference1372
reactome:ProteinReference4552,abstraction:ControlsExpressionOf,reactome:ProteinReference7714
reactome:ProteinReference11271,abstraction:ControlsExpressionOf,reactome:ProteinReference11775
reactome:ProteinReference5432,abstraction:ControlsExpressionOf,reactome:ProteinReference7509
reactome:ProteinReference1068,abstraction:ControlsExpressionOf,reactome:ProteinReference1126
reactome:ProteinReference1068,abstraction:ControlsExpressionOf,reactome:ProteinReference1138
reactome:ProteinReference1063,abstraction:ControlsExpressionOf,reactome:ProteinReference1197
reactome:ProteinReference5456,abstraction:ControlsExpressionOf,reactome:ProteinReference2584
reactome:ProteinReference1132,abstraction:ControlsExpressionOf,reactome:ProteinReference2031
reactome:ProteinReference11271,abstraction:ControlsExpressionOf,reactome:ProteinReference12029
reactome:ProteinReference7504,abstraction:ControlsExpressionOf,reactome:ProteinReference7551
reactome:ProteinReference10922,abstraction:ControlsExpressionOf,reactome:ProteinReference11731
reactome:ProteinReference8824,abstraction:ControlsExpressionOf,reactome:ProteinReference8832
reactome:ProteinReference11256,abstraction:ControlsExpressionOf,reactome:ProteinReference5056
reactome:ProteinReference3891,abstraction:ControlsExpressionOf,reactome:ProteinReference6931
reactome:ProteinReference11271,abstraction:ControlsExpressionOf,reactome:ProteinReference11657
reactome:ProteinReference1099,abstraction:ControlsExpressionOf,reactome:ProteinReference1402
reactome:ProteinReference1066,abstraction:ControlsExpressionOf,reactome:ProteinReference1051
reactome:ProteinReference7571,abstraction:ControlsExpressionOf,reactome:ProteinReference10829
reactome:ProteinReference5240,abstraction:ControlsExpressionOf,reactome:ProteinReference7502
reactome:ProteinReference1099,abstraction:ControlsExpressionOf,reactome:ProteinReference1349
reactome:ProteinReference10922,abstraction:ControlsExpressionOf,reactome:ProteinReference12004
reactome:ProteinReference4478,abstraction:ControlsExpressionOf,reactome:ProteinReference9188
reactome:ProteinReference4549,abstraction:ControlsExpressionOf,reactome:ProteinReference1339
reactome:ProteinReference1154,abstraction:ControlsExpressionOf,reactome:ProteinReference7774
reactome:ProteinReference10922,abstraction:ControlsExpressionOf,reactome:ProteinReference11994
reactome:ProteinReference1062,abstraction:ControlsExpressionOf,reactome:ProteinReference1130
reactome:ProteinReference6079,abstraction:ControlsExpressionOf,reactome:ProteinReference9922
reactome:ProteinReference7571,abstraction:ControlsExpressionOf,reactome:ProteinReference10841
reactome:ProteinReference4553,abstraction:ControlsExpressionOf,reactome:ProteinReference1351
reactome:ProteinReference10922,abstraction:ControlsExpressionOf,reactome:ProteinReference11682
reactome:ProteinReference6775,abstraction:ControlsExpressionOf,reactome:ProteinReference6779
reactome:ProteinReference4557,abstraction:ControlsExpressionOf,reactome:ProteinReference1844
reactome:ProteinReference11271,abstraction:ControlsExpressionOf,reactome:ProteinReference12016
reactome:ProteinReference1061,abstraction:ControlsExpressionOf,reactome:ProteinReference5911
reactome:ProteinReference10347,abstraction:ControlsExpressionOf,reactome:ProteinReference10433
reactome:ProteinReference5939,abstraction:ControlsExpressionOf,reactome:ProteinReference5944
reactome:ProteinReference4580,abstraction:ControlsExpressionOf,reactome:ProteinReference5039
reactome:ProteinReference5390,abstraction:ControlsExpressionOf,reactome:ProteinReference11036
reactome:ProteinReference2526,abstraction:ControlsExpressionOf,reactome:ProteinReference8632
reactome:ProteinReference6122,abstraction:ControlsExpressionOf,reactome:ProteinReference6139
reactome:ProteinReference10809,abstraction:ControlsExpressionOf,reactome:ProteinReference10816
reactome:ProteinReference7572,abstraction:ControlsExpressionOf,reactome:ProteinReference10845
reactome:ProteinReference11271,abstraction:ControlsExpressionOf,reactome:ProteinReference11852
reactome:ProteinReference9779,abstraction:ControlsExpressionOf,reactome:ProteinReference3502
reactome:ProteinReference4499,abstraction:ControlsExpressionOf,reactome:ProteinReference2585
reactome:ProteinReference8830,abstraction:ControlsExpressionOf,reactome:ProteinReference5910
reactome:ProteinReference10573,abstraction:ControlsExpressionOf,reactome:ProteinReference661
reactome:ProteinReference5922,abstraction:ControlsExpressionOf,reactome:ProteinReference5914
reactome:ProteinReference4393,abstraction:ControlsExpressionOf,reactome:ProteinReference5276
reactome:ProteinReference10922,abstraction:ControlsExpressionOf,reactome:ProteinReference11936
reactome:ProteinReference10409,abstraction:ControlsExpressionOf,reactome:ProteinReference11641
reactome:ProteinReference1107,abstraction:ControlsExpressionOf,reactome:ProteinReference1151
reactome:ProteinReference1052,abstraction:ControlsExpressionOf,reactome:ProteinReference1162
reactome:ProteinReference11271,abstraction:ControlsExpressionOf,reactome:ProteinReference11943
reactome:ProteinReference4554,abstraction:ControlsExpressionOf,reactome:ProteinReference1347
reactome:ProteinReference10922,abstraction:ControlsExpressionOf,reactome:ProteinReference11931
reactome:ProteinReference3891,abstraction:ControlsExpressionOf,reactome:ProteinReference9812
reactome:ProteinReference4530,abstraction:ControlsExpressionOf,reactome:ProteinReference4641
reactome:ProteinReference11314,abstraction:ControlsExpressionOf,reactome:ProteinReference11309
reactome:ProteinReference5245,abstraction:ControlsExpressionOf,reactome:ProteinReference655
reactome:ProteinReference5155,abstraction:ControlsExpressionOf,reactome:ProteinReference2584
reactome:ProteinReference10596,abstraction:ControlsExpressionOf,reactome:ProteinReference10592
reactome:ProteinReference11038,abstraction:ControlsExpressionOf,reactome:ProteinReference11041
reactome:ProteinReference1111,abstraction:ControlsExpressionOf,reactome:ProteinReference741
reactome:ProteinReference5431,abstraction:ControlsExpressionOf,reactome:ProteinReference7639
reactome:ProteinReference2490,abstraction:ControlsExpressionOf,reactome:ProteinReference8632
reactome:ProteinReference5004,abstraction:ControlsExpressionOf,reactome:ProteinReference1352
reactome:ProteinReference8286,abstraction:ControlsExpressionOf,reactome:ProteinReference10448
reactome:ProteinReference5245,abstraction:ControlsExpressionOf,reactome:ProteinReference5573
reactome:ProteinReference11271,abstraction:ControlsExpressionOf,reactome:ProteinReference11680
reactome:ProteinReference4548,abstraction:ControlsExpressionOf,reactome:ProteinReference1268
reactome:ProteinReference9080,abstraction:ControlsExpressionOf,reactome:ProteinReference2581
reactome:ProteinReference1063,abstraction:ControlsExpressionOf,reactome:ProteinReference33
reactome:ProteinReference4484,abstraction:ControlsExpressionOf,reactome:ProteinReference11252
reactome:ProteinReference9053,abstraction:ControlsExpressionOf,reactome:ProteinReference1126
reactome:ProteinReference1069,abstraction:ControlsExpressionOf,reactome:ProteinReference1147
reactome:ProteinReference4409,abstraction:ControlsExpressionOf,reactome:ProteinReference5228
reactome:ProteinReference6136,abstraction:ControlsExpressionOf,reactome:ProteinReference1124
reactome:ProteinReference11271,abstraction:ControlsExpressionOf,reactome:ProteinReference11868
reactome:ProteinReference4553,abstraction:ControlsExpressionOf,reactome:ProteinReference1807
reactome:ProteinReference9779,abstraction:ControlsExpressionOf,reactome:ProteinReference3457
reactome:ProteinReference1066,abstraction:ControlsExpressionOf,reactome:ProteinReference1127
reactome:ProteinReference4553,abstraction:ControlsExpressionOf,reactome:ProteinReference661
reactome:ProteinReference2553,abstraction:ControlsExpressionOf,reactome:ProteinReference6170
reactome:ProteinReference4530,abstraction:ControlsExpressionOf,reactome:ProteinReference5573
reactome:ProteinReference10376,abstraction:ControlsExpressionOf,reactome:ProteinReference8104
reactome:ProteinReference4559,abstraction:ControlsExpressionOf,reactome:ProteinReference10581
reactome:ProteinReference8603,abstraction:ControlsExpressionOf,reactome:ProteinReference4438
reactome:ProteinReference4554,abstraction:ControlsExpressionOf,reactome:ProteinReference3539
reactome:ProteinReference4429,abstraction:ControlsExpressionOf,reactome:ProteinReference4641
reactome:ProteinReference1052,abstraction:ControlsExpressionOf,reactome:ProteinReference658
reactome:ProteinReference1153,abstraction:ControlsExpressionOf,reactome:ProteinReference1053
reactome:ProteinReference9083,abstraction:ControlsExpressionOf,reactome:ProteinReference2585
reactome:ProteinReference1061,abstraction:ControlsExpressionOf,reactome:ProteinReference7545
reactome:ProteinReference4549,abstraction:ControlsExpressionOf,reactome:ProteinReference4641
reactome:ProteinReference2520,abstraction:ControlsExpressionOf,reactome:ProteinReference8632
reactome:ProteinReference7724,abstraction:ControlsExpressionOf,reactome:ProteinReference3539
reactome:ProteinReference5389,abstraction:ControlsExpressionOf,reactome:ProteinReference2581
reactome:ProteinReference1054,abstraction:ControlsExpressionOf,reactome:ProteinReference6931
reactome:ProteinReference6861,abstraction:ControlsExpressionOf,reactome:ProteinReference1032
reactome:ProteinReference11271,abstraction:ControlsExpressionOf,reactome:ProteinReference11996
reactome:ProteinReference6278,abstraction:ControlsExpressionOf,reactome:ProteinReference3
reactome:ProteinReference5163,abstraction:ControlsExpressionOf,reactome:ProteinReference5164
reactome:ProteinReference1065,abstraction:ControlsExpressionOf,reactome:ProteinReference1126
reactome:ProteinReference10409,abstraction:ControlsExpressionOf,reactome:ProteinReference11831
reactome:ProteinReference1070,abstraction:ControlsExpressionOf,reactome:ProteinReference1147
reactome:ProteinReference4382,abstraction:ControlsExpressionOf,reactome:ProteinReference2059
reactome:ProteinReference1086,abstraction:ControlsExpressionOf,reactome:ProteinReference1163
reactome:ProteinReference6945,abstraction:ControlsExpressionOf,reactome:ProteinReference8322
reactome:ProteinReference1098,abstraction:ControlsExpressionOf,reactome:ProteinReference1337
reactome:ProteinReference7507,abstraction:ControlsExpressionOf,reactome:ProteinReference7550
reactome:ProteinReference1091,abstraction:ControlsExpressionOf,reactome:ProteinReference10581
reactome:ProteinReference1067,abstraction:ControlsExpressionOf,reactome:ProteinReference1151
reactome:ProteinReference4392,abstraction:ControlsExpressionOf,reactome:ProteinReference6868
reactome:ProteinReference1052,abstraction:ControlsExpressionOf,reactome:ProteinReference1071
reactome:ProteinReference1052,abstraction:ControlsExpressionOf,reactome:ProteinReference2672
reactome:ProteinReference6861,abstraction:ControlsExpressionOf,reactome:ProteinReference9736
reactome:ProteinReference9053,abstraction:ControlsExpressionOf,reactome:ProteinReference1347
reactome:ProteinReference4555,abstraction:ControlsExpressionOf,reactome:ProteinReference1346
reactome:ProteinReference7506,abstraction:ControlsExpressionOf,reactome:ProteinReference5449
reactome:ProteinReference4557,abstraction:ControlsExpressionOf,reactome:ProteinReference1352
reactome:ProteinReference1098,abstraction:ControlsExpressionOf,reactome:ProteinReference5139
reactome:ProteinReference1112,abstraction:ControlsExpressionOf,reactome:ProteinReference10577
reactome:ProteinReference10922,abstraction:ControlsExpressionOf,reactome:ProteinReference11952
reactome:ProteinReference6096,abstraction:ControlsExpressionOf,reactome:ProteinReference6140
reactome:ProteinReference1054,abstraction:ControlsExpressionOf,reactome:ProteinReference3539
reactome:ProteinReference8283,abstraction:ControlsExpressionOf,reactome:ProteinReference7019
reactome:ProteinReference10577,abstraction:ControlsExpressionOf,reactome:ProteinReference1339
reactome:ProteinReference4561,abstraction:ControlsExpressionOf,reactome:ProteinReference1082
reactome:ProteinReference4721,abstraction:ControlsExpressionOf,reactome:ProteinReference5078
reactome:ProteinReference5420,abstraction:ControlsExpressionOf,reactome:ProteinReference1154
reactome:ProteinReference1100,abstraction:ControlsExpressionOf,reactome:ProteinReference655
reactome:ProteinReference5240,abstraction:ControlsExpressionOf,reactome:ProteinReference655
reactome:ProteinReference10679,abstraction:ControlsExpressionOf,reactome:ProteinReference5257
reactome:ProteinReference1159,abstraction:ControlsExpressionOf,reactome:ProteinReference2726
reactome:ProteinReference1065,abstraction:ControlsExpressionOf,reactome:ProteinReference1144
reactome:ProteinReference1115,abstraction:ControlsExpressionOf,reactome:ProteinReference1197
reactome:ProteinReference10829,abstraction:ControlsExpressionOf,reactome:ProteinReference10845
reactome:ProteinReference11271,abstraction:ControlsExpressionOf,reactome:ProteinReference11712
reactome:ProteinReference11314,abstraction:ControlsExpressionOf,reactome:ProteinReference11288
reactome:ProteinReference8982,abstraction:ControlsExpressionOf,reactome:ProteinReference1339
reactome:ProteinReference5240,abstraction:ControlsExpressionOf,reactome:ProteinReference5573
reactome:ProteinReference8824,abstraction:ControlsExpressionOf,reactome:ProteinReference4777
reactome:ProteinReference1063,abstraction:ControlsExpressionOf,reactome:ProteinReference1402
reactome:ProteinReference10922,abstraction:ControlsExpressionOf,reactome:ProteinReference11926
reactome:ProteinReference4523,abstraction:ControlsExpressionOf,reactome:ProteinReference1082
reactome:ProteinReference11271,abstraction:ControlsExpressionOf,reactome:ProteinReference11780
reactome:ProteinReference5240,abstraction:ControlsExpressionOf,reactome:ProteinReference1346
reactome:ProteinReference1063,abstraction:ControlsExpressionOf,reactome:ProteinReference1349
reactome:ProteinReference2804,abstraction:ControlsExpressionOf,reactome:ProteinReference4438
reactome:ProteinReference10382,abstraction:ControlsExpressionOf,reactome:ProteinReference6855
reactome:ProteinReference9053,abstraction:ControlsExpressionOf,reactome:ProteinReference3539
reactome:ProteinReference1069,abstraction:ControlsExpressionOf,reactome:ProteinReference661
reactome:ProteinReference5294,abstraction:ControlsExpressionOf,reactome:ProteinReference1351
reactome:ProteinReference4554,abstraction:ControlsExpressionOf,reactome:ProteinReference1744
reactome:ProteinReference1123,abstraction:ControlsExpressionOf,reactome:ProteinReference1162
reactome:ProteinReference11271,abstraction:ControlsExpressionOf,reactome:ProteinReference11861
reactome:ProteinReference4553,abstraction:ControlsExpressionOf,reactome:ProteinReference5176
reactome:ProteinReference1067,abstraction:ControlsExpressionOf,reactome:ProteinReference1136
reactome:ProteinReference11271,abstraction:ControlsExpressionOf,reactome:ProteinReference11928
reactome:ProteinReference1065,abstraction:ControlsExpressionOf,reactome:ProteinReference1347
reactome:ProteinReference10382,abstraction:ControlsExpressionOf,reactome:ProteinReference10383
reactome:ProteinReference2800,abstraction:ControlsExpressionOf,reactome:ProteinReference6855
reactome:ProteinReference1106,abstraction:ControlsExpressionOf,reactome:ProteinReference1151
reactome:ProteinReference5003,abstraction:ControlsExpressionOf,reactome:ProteinReference1152
reactome:ProteinReference2445,abstraction:ControlsExpressionOf,reactome:ProteinReference8632
reactome:ProteinReference4993,abstraction:ControlsExpressionOf,reactome:ProteinReference4992
reactome:ProteinReference10409,abstraction:ControlsExpressionOf,reactome:ProteinReference11726
reactome:ProteinReference2800,abstraction:ControlsExpressionOf,reactome:ProteinReference10383
reactome:ProteinReference8286,abstraction:ControlsExpressionOf,reactome:ProteinReference6791
reactome:ProteinReference10409,abstraction:ControlsExpressionOf,reactome:ProteinReference11856
reactome:ProteinReference6158,abstraction:ControlsExpressionOf,reactome:ProteinReference1153
reactome:ProteinReference4521,abstraction:ControlsExpressionOf,reactome:ProteinReference1152
reactome:ProteinReference4557,abstraction:ControlsExpressionOf,reactome:ProteinReference1337
reactome:ProteinReference10454,abstraction:ControlsExpressionOf,reactome:ProteinReference6081
reactome:ProteinReference6950,abstraction:ControlsExpressionOf,reactome:ProteinReference10404
reactome:ProteinReference5277,abstraction:ControlsExpressionOf,reactome:ProteinReference10823
reactome:ProteinReference4555,abstraction:ControlsExpressionOf,reactome:ProteinReference1126
reactome:ProteinReference1059,abstraction:ControlsExpressionOf,reactome:ProteinReference1151
reactome:ProteinReference6121,abstraction:ControlsExpressionOf,reactome:ProteinReference6139
reactome:ProteinReference5430,abstraction:ControlsExpressionOf,reactome:ProteinReference7511
reactome:ProteinReference10409,abstraction:ControlsExpressionOf,reactome:ProteinReference11904
reactome:ProteinReference10922,abstraction:ControlsExpressionOf,reactome:ProteinReference11921
reactome:ProteinReference1128,abstraction:ControlsExpressionOf,reactome:ProteinReference1149
reactome:ProteinReference2480,abstraction:ControlsExpressionOf,reactome:ProteinReference8632
reactome:ProteinReference11271,abstraction:ControlsExpressionOf,reactome:ProteinReference11973
reactome:ProteinReference5155,abstraction:ControlsExpressionOf,reactome:ProteinReference5274
reactome:ProteinReference1066,abstraction:ControlsExpressionOf,reactome:ProteinReference1197
reactome:ProteinReference1067,abstraction:ControlsExpressionOf,reactome:ProteinReference666
reactome:ProteinReference1060,abstraction:ControlsExpressionOf,reactome:ProteinReference1082
reactome:ProteinReference4561,abstraction:ControlsExpressionOf,reactome:ProteinReference1188
reactome:ProteinReference1070,abstraction:ControlsExpressionOf,reactome:ProteinReference661
reactome:ProteinReference1064,abstraction:ControlsExpressionOf,reactome:ProteinReference1147
reactome:ProteinReference1070,abstraction:ControlsExpressionOf,reactome:ProteinReference1145
reactome:ProteinReference1117,abstraction:ControlsExpressionOf,reactome:ProteinReference5139
reactome:ProteinReference10409,abstraction:ControlsExpressionOf,reactome:ProteinReference11654
reactome:ProteinReference5002,abstraction:ControlsExpressionOf,reactome:ProteinReference1163
reactome:ProteinReference1053,abstraction:ControlsExpressionOf,reactome:ProteinReference1126
reactome:ProteinReference1053,abstraction:ControlsExpressionOf,reactome:ProteinReference1138
reactome:ProteinReference11271,abstraction:ControlsExpressionOf,reactome:ProteinReference11999
reactome:ProteinReference6097,abstraction:ControlsExpressionOf,reactome:ProteinReference5077
reactome:ProteinReference4523,abstraction:ControlsExpressionOf,reactome:ProteinReference1188
reactome:ProteinReference1069,abstraction:ControlsExpressionOf,reactome:ProteinReference653
reactome:ProteinReference8604,abstraction:ControlsExpressionOf,reactome:ProteinReference4438
reactome:ProteinReference1052,abstraction:ControlsExpressionOf,reactome:ProteinReference1161
reactome:ProteinReference6147,abstraction:ControlsExpressionOf,reactome:ProteinReference5709
reactome:ProteinReference4526,abstraction:ControlsExpressionOf,reactome:ProteinReference1339
reactome:ProteinReference1065,abstraction:ControlsExpressionOf,reactome:ProteinReference1083
reactome:ProteinReference1079,abstraction:ControlsExpressionOf,reactome:ProteinReference647
reactome:ProteinReference7330,abstraction:ControlsExpressionOf,reactome:ProteinReference10838
reactome:ProteinReference6861,abstraction:ControlsExpressionOf,reactome:ProteinReference6021
reactome:ProteinReference1142,abstraction:ControlsExpressionOf,reactome:ProteinReference1171
reactome:ProteinReference7657,abstraction:ControlsExpressionOf,reactome:ProteinReference7322
reactome:ProteinReference11271,abstraction:ControlsExpressionOf,reactome:ProteinReference11917
reactome:ProteinReference5284,abstraction:ControlsExpressionOf,reactome:ProteinReference3577
reactome:ProteinReference9053,abstraction:ControlsExpressionOf,reactome:ProteinReference1744
reactome:ProteinReference10922,abstraction:ControlsExpressionOf,reactome:ProteinReference12036
reactome:ProteinReference4425,abstraction:ControlsExpressionOf,reactome:ProteinReference4641
reactome:ProteinReference1059,abstraction:ControlsExpressionOf,reactome:ProteinReference1136
reactome:ProteinReference5430,abstraction:ControlsExpressionOf,reactome:ProteinReference7509
reactome:ProteinReference4641,abstraction:ControlsExpressionOf,reactome:ProteinReference4611
reactome:ProteinReference6162,abstraction:ControlsExpressionOf,reactome:ProteinReference6180
reactome:ProteinReference5940,abstraction:ControlsExpressionOf,reactome:ProteinReference5943
reactome:ProteinReference7571,abstraction:ControlsExpressionOf,reactome:ProteinReference10839
reactome:ProteinReference10833,abstraction:ControlsExpressionOf,reactome:ProteinReference7862
reactome:ProteinReference2448,abstraction:ControlsExpressionOf,reactome:ProteinReference8632
reactome:ProteinReference8287,abstraction:ControlsExpressionOf,reactome:ProteinReference6159
reactome:ProteinReference8824,abstraction:ControlsExpressionOf,reactome:ProteinReference8834
reactome:ProteinReference1111,abstraction:ControlsExpressionOf,reactome:ProteinReference10580
reactome:ProteinReference6861,abstraction:ControlsExpressionOf,reactome:ProteinReference9730
reactome:ProteinReference7596,abstraction:ControlsExpressionOf,reactome:ProteinReference1268
reactome:ProteinReference7084,abstraction:ControlsExpressionOf,reactome:ProteinReference3598
reactome:ProteinReference1070,abstraction:ControlsExpressionOf,reactome:ProteinReference653
reactome:ProteinReference10922,abstraction:ControlsExpressionOf,reactome:ProteinReference11678
reactome:ProteinReference8244,abstraction:ControlsExpressionOf,reactome:ProteinReference10838
reactome:ProteinReference11271,abstraction:ControlsExpressionOf,reactome:ProteinReference11686
reactome:ProteinReference7603,abstraction:ControlsExpressionOf,reactome:ProteinReference7609
reactome:ProteinReference1066,abstraction:ControlsExpressionOf,reactome:ProteinReference33
reactome:ProteinReference10382,abstraction:ControlsExpressionOf,reactome:ProteinReference5336
reactome:ProteinReference10409,abstraction:ControlsExpressionOf,reactome:ProteinReference11685
reactome:ProteinReference1075,abstraction:ControlsExpressionOf,reactome:ProteinReference1337
reactome:ProteinReference10922,abstraction:ControlsExpressionOf,reactome:ProteinReference12015
reactome:ProteinReference4561,abstraction:ControlsExpressionOf,reactome:ProteinReference7502
reactome:ProteinReference1059,abstraction:ControlsExpressionOf,reactome:ProteinReference666
reactome:ProteinReference10922,abstraction:ControlsExpressionOf,reactome:ProteinReference12024
reactome:ProteinReference7826,abstraction:ControlsExpressionOf,reactome:ProteinReference10376
reactome:ProteinReference1065,abstraction:ControlsExpressionOf,reactome:ProteinReference1744
reactome:ProteinReference1133,abstraction:ControlsExpressionOf,reactome:ProteinReference4387
reactome:ProteinReference10572,abstraction:ControlsExpressionOf,reactome:ProteinReference1347
reactome:ProteinReference4526,abstraction:ControlsExpressionOf,reactome:ProteinReference3577
reactome:ProteinReference2800,abstraction:ControlsExpressionOf,reactome:ProteinReference5336
reactome:ProteinReference6244,abstraction:ControlsExpressionOf,reactome:ProteinReference3712
reactome:ProteinReference5428,abstraction:ControlsExpressionOf,reactome:ProteinReference7510
reactome:ProteinReference10834,abstraction:ControlsExpressionOf,reactome:ProteinReference10832
reactome:ProteinReference4523,abstraction:ControlsExpressionOf,reactome:ProteinReference7502
reactome:ProteinReference9779,abstraction:ControlsExpressionOf,reactome:ProteinReference3547
reactome:ProteinReference10922,abstraction:ControlsExpressionOf,reactome:ProteinReference12028
reactome:ProteinReference1064,abstraction:ControlsExpressionOf,reactome:ProteinReference1807
reactome:ProteinReference2553,abstraction:ControlsExpressionOf,reactome:ProteinReference10380
reactome:ProteinReference4559,abstraction:ControlsExpressionOf,reactome:ProteinReference1152
reactome:ProteinReference2799,abstraction:ControlsExpressionOf,reactome:ProteinReference4438
reactome:ProteinReference1121,abstraction:ControlsExpressionOf,reactome:ProteinReference1844
reactome:ProteinReference1064,abstraction:ControlsExpressionOf,reactome:ProteinReference661
reactome:ProteinReference5434,abstraction:ControlsExpressionOf,reactome:ProteinReference7717
reactome:ProteinReference10409,abstraction:ControlsExpressionOf,reactome:ProteinReference11751
reactome:ProteinReference11271,abstraction:ControlsExpressionOf,reactome:ProteinReference11864
reactome:ProteinReference1115,abstraction:ControlsExpressionOf,reactome:ProteinReference1402
reactome:ProteinReference10836,abstraction:ControlsExpressionOf,reactome:ProteinReference11022
reactome:ProteinReference7597,abstraction:ControlsExpressionOf,reactome:ProteinReference1268
reactome:ProteinReference5163,abstraction:ControlsExpressionOf,reactome:ProteinReference10350
reactome:ProteinReference11271,abstraction:ControlsExpressionOf,reactome:ProteinReference11699
reactome:ProteinReference4588,abstraction:ControlsExpressionOf,reactome:ProteinReference6074
reactome:ProteinReference1105,abstraction:ControlsExpressionOf,reactome:ProteinReference1082
reactome:ProteinReference6160,abstraction:ControlsExpressionOf,reactome:ProteinReference6776
reactome:ProteinReference5433,abstraction:ControlsExpressionOf,reactome:ProteinReference7716
reactome:ProteinReference1115,abstraction:ControlsExpressionOf,reactome:ProteinReference1349
reactome:ProteinReference1124,abstraction:ControlsExpressionOf,reactome:ProteinReference1126
reactome:ProteinReference9141,abstraction:ControlsExpressionOf,reactome:ProteinReference3125
reactome:ProteinReference1073,abstraction:ControlsExpressionOf,reactome:ProteinReference1643
reactome:ProteinReference11271,abstraction:ControlsExpressionOf,reactome:ProteinReference11822
reactome:ProteinReference175,abstraction:ControlsExpressionOf,reactome:ProteinReference5617
reactome:ProteinReference1063,abstraction:ControlsExpressionOf,reactome:ProteinReference1130
reactome:ProteinReference9779,abstraction:ControlsExpressionOf,reactome:ProteinReference6179
reactome:ProteinReference1065,abstraction:ControlsExpressionOf,reactome:ProteinReference1146
reactome:ProteinReference8830,abstraction:ControlsExpressionOf,reactome:ProteinReference5909
reactome:ProteinReference10409,abstraction:ControlsExpressionOf,reactome:ProteinReference11737
reactome:ProteinReference10922,abstraction:ControlsExpressionOf,reactome:ProteinReference11715
reactome:ProteinReference6861,abstraction:ControlsExpressionOf,reactome:ProteinReference2167
reactome:ProteinReference10409,abstraction:ControlsExpressionOf,reactome:ProteinReference11981
reactome:ProteinReference9082,abstraction:ControlsExpressionOf,reactome:ProteinReference2581
reactome:ProteinReference6131,abstraction:ControlsExpressionOf,reactome:ProteinReference6139
reactome:ProteinReference10409,abstraction:ControlsExpressionOf,reactome:ProteinReference11694
reactome:ProteinReference1091,abstraction:ControlsExpressionOf,reactome:ProteinReference1152
reactome:ProteinReference4548,abstraction:ControlsExpressionOf,reactome:ProteinReference1162
reactome:ProteinReference1065,abstraction:ControlsExpressionOf,reactome:ProteinReference1125
reactome:ProteinReference10405,abstraction:ControlsExpressionOf,reactome:ProteinReference9869
reactome:ProteinReference5036,abstraction:ControlsExpressionOf,reactome:ProteinReference6147
reactome:ProteinReference5908,abstraction:ControlsExpressionOf,reactome:ProteinReference5909
reactome:ProteinReference1102,abstraction:ControlsExpressionOf,reactome:ProteinReference1082
reactome:ProteinReference175,abstraction:ControlsExpressionOf,reactome:ProteinReference9722
reactome:ProteinReference4556,abstraction:ControlsExpressionOf,reactome:ProteinReference1339
reactome:ProteinReference4382,abstraction:ControlsExpressionOf,reactome:ProteinReference1053
reactome:ProteinReference1108,abstraction:ControlsExpressionOf,reactome:ProteinReference1082
reactome:ProteinReference4527,abstraction:ControlsExpressionOf,reactome:ProteinReference1152
reactome:ProteinReference1061,abstraction:ControlsExpressionOf,reactome:ProteinReference1188
reactome:ProteinReference8824,abstraction:ControlsExpressionOf,reactome:ProteinReference9374
reactome:ProteinReference10680,abstraction:ControlsExpressionOf,reactome:ProteinReference10677
reactome:ProteinReference11271,abstraction:ControlsExpressionOf,reactome:ProteinReference11727
reactome:ProteinReference1066,abstraction:ControlsExpressionOf,reactome:ProteinReference1402
reactome:ProteinReference4458,abstraction:ControlsExpressionOf,reactome:ProteinReference1347
reactome:ProteinReference4555,abstraction:ControlsExpressionOf,reactome:ProteinReference1744
reactome:ProteinReference9701,abstraction:ControlsExpressionOf,reactome:ProteinReference9712
reactome:ProteinReference9780,abstraction:ControlsExpressionOf,reactome:ProteinReference8195
reactome:ProteinReference1066,abstraction:ControlsExpressionOf,reactome:ProteinReference1349
reactome:ProteinReference4473,abstraction:ControlsExpressionOf,reactome:ProteinReference6872
reactome:ProteinReference10922,abstraction:ControlsExpressionOf,reactome:ProteinReference11883
reactome:ProteinReference1110,abstraction:ControlsExpressionOf,reactome:ProteinReference741
reactome:ProteinReference9054,abstraction:ControlsExpressionOf,reactome:ProteinReference5573
reactome:ProteinReference9701,abstraction:ControlsExpressionOf,reactome:ProteinReference9704
reactome:ProteinReference6278,abstraction:ControlsExpressionOf,reactome:ProteinReference10460
reactome:ProteinReference1088,abstraction:ControlsExpressionOf,reactome:ProteinReference1351
reactome:ProteinReference5154,abstraction:ControlsExpressionOf,reactome:ProteinReference4641
reactome:ProteinReference4552,abstraction:ControlsExpressionOf,reactome:ProteinReference1347
reactome:ProteinReference4458,abstraction:ControlsExpressionOf,reactome:ProteinReference10577
reactome:ProteinReference8283,abstraction:ControlsExpressionOf,reactome:ProteinReference7051
reactome:ProteinReference4525,abstraction:ControlsExpressionOf,reactome:ProteinReference1339
reactome:ProteinReference2811,abstraction:ControlsExpressionOf,reactome:ProteinReference8322
reactome:ProteinReference5244,abstraction:ControlsExpressionOf,reactome:ProteinReference1268
reactome:ProteinReference2792,abstraction:ControlsExpressionOf,reactome:ProteinReference8322
reactome:ProteinReference11312,abstraction:ControlsExpressionOf,reactome:ProteinReference11309
reactome:ProteinReference9807,abstraction:ControlsExpressionOf,reactome:ProteinReference2173
reactome:ProteinReference1060,abstraction:ControlsExpressionOf,reactome:ProteinReference1081
reactome:ProteinReference2795,abstraction:ControlsExpressionOf,reactome:ProteinReference10383
reactome:ProteinReference1093,abstraction:ControlsExpressionOf,reactome:ProteinReference1351
reactome:ProteinReference1121,abstraction:ControlsExpressionOf,reactome:ProteinReference1352
reactome:ProteinReference10922,abstraction:ControlsExpressionOf,reactome:ProteinReference11702
reactome:ProteinReference10922,abstraction:ControlsExpressionOf,reactome:ProteinReference11765
reactome:ProteinReference1070,abstraction:ControlsExpressionOf,reactome:ProteinReference1160
reactome:ProteinReference4561,abstraction:ControlsExpressionOf,reactome:ProteinReference655
reactome:ProteinReference4552,abstraction:ControlsExpressionOf,reactome:ProteinReference3539
reactome:ProteinReference1091,abstraction:ControlsExpressionOf,reactome:ProteinReference741
reactome:ProteinReference1067,abstraction:ControlsExpressionOf,reactome:ProteinReference10
reactome:ProteinReference4561,abstraction:ControlsExpressionOf,reactome:ProteinReference5573
reactome:ProteinReference1108,abstraction:ControlsExpressionOf,reactome:ProteinReference1188
reactome:ProteinReference707,abstraction:ControlsExpressionOf,reactome:ProteinReference16
reactome:ProteinReference7504,abstraction:ControlsExpressionOf,reactome:ProteinReference1357
reactome:ProteinReference2798,abstraction:ControlsExpressionOf,reactome:ProteinReference5907
reactome:ProteinReference10921,abstraction:ControlsExpressionOf,reactome:ProteinReference10909
reactome:ProteinReference10409,abstraction:ControlsExpressionOf,reactome:ProteinReference11821
reactome:ProteinReference4523,abstraction:ControlsExpressionOf,reactome:ProteinReference655
reactome:ProteinReference11271,abstraction:ControlsExpressionOf,reactome:ProteinReference11882
reactome:ProteinReference5243,abstraction:ControlsExpressionOf,reactome:ProteinReference1807
reactome:ProteinReference4556,abstraction:ControlsExpressionOf,reactome:ProteinReference4641
reactome:ProteinReference5426,abstraction:ControlsExpressionOf,reactome:ProteinReference6924
reactome:ProteinReference11271,abstraction:ControlsExpressionOf,reactome:ProteinReference11771
reactome:ProteinReference9785,abstraction:ControlsExpressionOf,reactome:ProteinReference9380
reactome:ProteinReference6774,abstraction:ControlsExpressionOf,reactome:ProteinReference6784
reactome:ProteinReference4523,abstraction:ControlsExpressionOf,reactome:ProteinReference5573
reactome:ProteinReference6861,abstraction:ControlsExpressionOf,reactome:ProteinReference9705
reactome:ProteinReference5243,abstraction:ControlsExpressionOf,reactome:ProteinReference661
reactome:ProteinReference1052,abstraction:ControlsExpressionOf,reactome:ProteinReference1151
reactome:ProteinReference5245,abstraction:ControlsExpressionOf,reactome:ProteinReference10581
reactome:ProteinReference1066,abstraction:ControlsExpressionOf,reactome:ProteinReference1149
reactome:ProteinReference7503,abstraction:ControlsExpressionOf,reactome:ProteinReference7551
reactome:ProteinReference9052,abstraction:ControlsExpressionOf,reactome:ProteinReference1150
reactome:ProteinReference5429,abstraction:ControlsExpressionOf,reactome:ProteinReference6173
reactome:ProteinReference3072,abstraction:ControlsExpressionOf,reactome:ProteinReference8907
reactome:ProteinReference4525,abstraction:ControlsExpressionOf,reactome:ProteinReference3577
reactome:ProteinReference10593,abstraction:ControlsExpressionOf,reactome:ProteinReference10592
reactome:ProteinReference10681,abstraction:ControlsExpressionOf,reactome:ProteinReference5251
reactome:ProteinReference6290,abstraction:ControlsExpressionOf,reactome:ProteinReference6903
reactome:ProteinReference7503,abstraction:ControlsExpressionOf,reactome:ProteinReference10841
reactome:ProteinReference9807,abstraction:ControlsExpressionOf,reactome:ProteinReference5327
reactome:ProteinReference6861,abstraction:ControlsExpressionOf,reactome:ProteinReference4682
reactome:ProteinReference1061,abstraction:ControlsExpressionOf,reactome:ProteinReference5660
reactome:ProteinReference6439,abstraction:ControlsExpressionOf,reactome:ProteinReference6097
reactome:ProteinReference5003,abstraction:ControlsExpressionOf,reactome:ProteinReference10580
reactome:ProteinReference1093,abstraction:ControlsExpressionOf,reactome:ProteinReference1807
reactome:ProteinReference5432,abstraction:ControlsExpressionOf,reactome:ProteinReference6173
reactome:ProteinReference1064,abstraction:ControlsExpressionOf,reactome:ProteinReference1155
reactome:ProteinReference6244,abstraction:ControlsExpressionOf,reactome:ProteinReference6249
reactome:ProteinReference4473,abstraction:ControlsExpressionOf,reactome:ProteinReference10348
reactome:ProteinReference4557,abstraction:ControlsExpressionOf,reactome:ProteinReference7714
reactome:ProteinReference10922,abstraction:ControlsExpressionOf,reactome:ProteinReference11648
reactome:ProteinReference9138,abstraction:ControlsExpressionOf,reactome:ProteinReference10349
reactome:ProteinReference1093,abstraction:ControlsExpressionOf,reactome:ProteinReference661
reactome:ProteinReference10812,abstraction:ControlsExpressionOf,reactome:ProteinReference10814
reactome:ProteinReference11271,abstraction:ControlsExpressionOf,reactome:ProteinReference11695
reactome:ProteinReference8286,abstraction:ControlsExpressionOf,reactome:ProteinReference10447
reactome:ProteinReference6152,abstraction:ControlsExpressionOf,reactome:ProteinReference2726
reactome:ProteinReference5427,abstraction:ControlsExpressionOf,reactome:ProteinReference7717
reactome:ProteinReference3891,abstraction:ControlsExpressionOf,reactome:ProteinReference9656
reactome:ProteinReference4525,abstraction:ControlsExpressionOf,reactome:ProteinReference4641
reactome:ProteinReference7504,abstraction:ControlsExpressionOf,reactome:ProteinReference5449
reactome:ProteinReference10577,abstraction:ControlsExpressionOf,reactome:ProteinReference1197
reactome:ProteinReference6243,abstraction:ControlsExpressionOf,reactome:ProteinReference6244
reactome:ProteinReference1052,abstraction:ControlsExpressionOf,reactome:ProteinReference1136
reactome:ProteinReference5242,abstraction:ControlsExpressionOf,reactome:ProteinReference1351
reactome:ProteinReference10922,abstraction:ControlsExpressionOf,reactome:ProteinReference11690
reactome:ProteinReference10922,abstraction:ControlsExpressionOf,reactome:ProteinReference11687
reactome:ProteinReference10409,abstraction:ControlsExpressionOf,reactome:ProteinReference11650
reactome:ProteinReference6951,abstraction:ControlsExpressionOf,reactome:ProteinReference4468
reactome:ProteinReference6159,abstraction:ControlsExpressionOf,reactome:ProteinReference11015
reactome:ProteinReference11271,abstraction:ControlsExpressionOf,reactome:ProteinReference11731
reactome:ProteinReference10922,abstraction:ControlsExpressionOf,reactome:ProteinReference11665
reactome:ProteinReference8982,abstraction:ControlsExpressionOf,reactome:ProteinReference1197
reactome:ProteinReference5429,abstraction:ControlsExpressionOf,reactome:ProteinReference4489
reactome:ProteinReference10922,abstraction:ControlsExpressionOf,reactome:ProteinReference11976
reactome:ProteinReference1059,abstraction:ControlsExpressionOf,reactome:ProteinReference10
reactome:ProteinReference2471,abstraction:ControlsExpressionOf,reactome:ProteinReference8632
reactome:ProteinReference9076,abstraction:ControlsExpressionOf,reactome:ProteinReference2585
reactome:ProteinReference4552,abstraction:ControlsExpressionOf,reactome:ProteinReference1744
reactome:ProteinReference1099,abstraction:ControlsExpressionOf,reactome:ProteinReference1268
reactome:ProteinReference1113,abstraction:ControlsExpressionOf,reactome:ProteinReference1844
reactome:ProteinReference10409,abstraction:ControlsExpressionOf,reactome:ProteinReference11723
reactome:ProteinReference10922,abstraction:ControlsExpressionOf,reactome:ProteinReference11828
reactome:ProteinReference4456,abstraction:ControlsExpressionOf,reactome:ProteinReference767
reactome:ProteinReference7590,abstraction:ControlsExpressionOf,reactome:ProteinReference1337
reactome:ProteinReference7507,abstraction:ControlsExpressionOf,reactome:ProteinReference7560
reactome:ProteinReference10922,abstraction:ControlsExpressionOf,reactome:ProteinReference11635
reactome:ProteinReference2553,abstraction:ControlsExpressionOf,reactome:ProteinReference8191
reactome:ProteinReference4551,abstraction:ControlsExpressionOf,reactome:ProteinReference1268
reactome:ProteinReference11312,abstraction:ControlsExpressionOf,reactome:ProteinReference11288
reactome:ProteinReference11271,abstraction:ControlsExpressionOf,reactome:ProteinReference11682
reactome:ProteinReference7772,abstraction:ControlsExpressionOf,reactome:ProteinReference7341
reactome:ProteinReference5432,abstraction:ControlsExpressionOf,reactome:ProteinReference4489
reactome:ProteinReference5415,abstraction:ControlsExpressionOf,reactome:ProteinReference7603
reactome:ProteinReference1086,abstraction:ControlsExpressionOf,reactome:ProteinReference1188
reactome:ProteinReference9779,abstraction:ControlsExpressionOf,reactome:ProteinReference3628
reactome:ProteinReference11271,abstraction:ControlsExpressionOf,reactome:ProteinReference11872
reactome:ProteinReference6081,abstraction:ControlsExpressionOf,reactome:ProteinReference3894
reactome:ProteinReference6861,abstraction:ControlsExpressionOf,reactome:ProteinReference9733
reactome:ProteinReference2795,abstraction:ControlsExpressionOf,reactome:ProteinReference5336
reactome:ProteinReference1068,abstraction:ControlsExpressionOf,reactome:ProteinReference1152
reactome:ProteinReference5163,abstraction:ControlsExpressionOf,reactome:ProteinReference11016
reactome:ProteinReference5004,abstraction:ControlsExpressionOf,reactome:ProteinReference1372
reactome:ProteinReference10409,abstraction:ControlsExpressionOf,reactome:ProteinReference11961
reactome:ProteinReference6244,abstraction:ControlsExpressionOf,reactome:ProteinReference5611
reactome:ProteinReference10451,abstraction:ControlsExpressionOf,reactome:ProteinReference10455
reactome:ProteinReference1052,abstraction:ControlsExpressionOf,reactome:ProteinReference666
reactome:ProteinReference3847,abstraction:ControlsExpressionOf,reactome:ProteinReference8322
reactome:ProteinReference3851,abstraction:ControlsExpressionOf,reactome:ProteinReference4423
reactome:ProteinReference1100,abstraction:ControlsExpressionOf,reactome:ProteinReference10581
reactome:ProteinReference8286,abstraction:ControlsExpressionOf,reactome:ProteinReference7064
reactome:ProteinReference5240,abstraction:ControlsExpressionOf,reactome:ProteinReference10581
reactome:ProteinReference5284,abstraction:ControlsExpressionOf,reactome:ProteinReference1197
reactome:ProteinReference10922,abstraction:ControlsExpressionOf,reactome:ProteinReference11768
reactome:ProteinReference11271,abstraction:ControlsExpressionOf,reactome:ProteinReference11936
reactome:ProteinReference5242,abstraction:ControlsExpressionOf,reactome:ProteinReference1807
reactome:ProteinReference1061,abstraction:ControlsExpressionOf,reactome:ProteinReference4641
reactome:ProteinReference56,abstraction:ControlsExpressionOf,reactome:ProteinReference8632
reactome:ProteinReference11271,abstraction:ControlsExpressionOf,reactome:ProteinReference11931
reactome:ProteinReference10838,abstraction:ControlsExpressionOf,reactome:ProteinReference10841
reactome:ProteinReference7596,abstraction:ControlsExpressionOf,reactome:ProteinReference1162
reactome:ProteinReference7084,abstraction:ControlsExpressionOf,reactome:ProteinReference11256
reactome:ProteinReference9047,abstraction:ControlsExpressionOf,reactome:ProteinReference1268
reactome:ProteinReference10409,abstraction:ControlsExpressionOf,reactome:ProteinReference11808
reactome:ProteinReference10409,abstraction:ControlsExpressionOf,reactome:ProteinReference11930
reactome:ProteinReference10832,abstraction:ControlsExpressionOf,reactome:ProteinReference10836
reactome:ProteinReference8823,abstraction:ControlsExpressionOf,reactome:ProteinReference9712
reactome:ProteinReference1123,abstraction:ControlsExpressionOf,reactome:ProteinReference1151
reactome:ProteinReference1078,abstraction:ControlsExpressionOf,reactome:ProteinReference653
reactome:ProteinReference4553,abstraction:ControlsExpressionOf,reactome:ProteinReference1082
reactome:ProteinReference8283,abstraction:ControlsExpressionOf,reactome:ProteinReference3570
reactome:ProteinReference1094,abstraction:ControlsExpressionOf,reactome:ProteinReference1268
reactome:ProteinReference1060,abstraction:ControlsExpressionOf,reactome:ProteinReference1138
reactome:ProteinReference1091,abstraction:ControlsExpressionOf,reactome:ProteinReference661
reactome:ProteinReference1074,abstraction:ControlsExpressionOf,reactome:ProteinReference1642
reactome:ProteinReference6151,abstraction:ControlsExpressionOf,reactome:ProteinReference2314
reactome:ProteinReference1099,abstraction:ControlsExpressionOf,reactome:ProteinReference10578
reactome:ProteinReference8823,abstraction:ControlsExpressionOf,reactome:ProteinReference9704
reactome:ProteinReference10409,abstraction:ControlsExpressionOf,reactome:ProteinReference11784
reactome:ProteinReference1142,abstraction:ControlsExpressionOf,reactome:ProteinReference1197
reactome:ProteinReference10922,abstraction:ControlsExpressionOf,reactome:ProteinReference11858
reactome:ProteinReference10846,abstraction:ControlsExpressionOf,reactome:ProteinReference10847
reactome:ProteinReference6120,abstraction:ControlsExpressionOf,reactome:ProteinReference6139
reactome:ProteinReference10347,abstraction:ControlsExpressionOf,reactome:ProteinReference9429
reactome:ProteinReference4526,abstraction:ControlsExpressionOf,reactome:ProteinReference1197
reactome:ProteinReference4558,abstraction:ControlsExpressionOf,reactome:ProteinReference1844
reactome:ProteinReference4527,abstraction:ControlsExpressionOf,reactome:ProteinReference661
reactome:ProteinReference4550,abstraction:ControlsExpressionOf,reactome:ProteinReference6180
reactome:ProteinReference5434,abstraction:ControlsExpressionOf,reactome:ProteinReference7511
reactome:ProteinReference10573,abstraction:ControlsExpressionOf,reactome:ProteinReference1188
reactome:ProteinReference9807,abstraction:ControlsExpressionOf,reactome:ProteinReference8275
reactome:ProteinReference1105,abstraction:ControlsExpressionOf,reactome:ProteinReference655
reactome:ProteinReference5285,abstraction:ControlsExpressionOf,reactome:ProteinReference3577
reactome:ProteinReference7597,abstraction:ControlsExpressionOf,reactome:ProteinReference1162
reactome:ProteinReference1104,abstraction:ControlsExpressionOf,reactome:ProteinReference5139
reactome:ProteinReference1105,abstraction:ControlsExpressionOf,reactome:ProteinReference1346
reactome:ProteinReference1088,abstraction:ControlsExpressionOf,reactome:ProteinReference1352
reactome:ProteinReference6278,abstraction:ControlsExpressionOf,reactome:ProteinReference9815
reactome:ProteinReference8283,abstraction:ControlsExpressionOf,reactome:ProteinReference7044
reactome:ProteinReference7604,abstraction:ControlsExpressionOf,reactome:ProteinReference10854
reactome:ProteinReference10922,abstraction:ControlsExpressionOf,reactome:ProteinReference11781
reactome:ProteinReference10922,abstraction:ControlsExpressionOf,reactome:ProteinReference12035
reactome:ProteinReference11271,abstraction:ControlsExpressionOf,reactome:ProteinReference12022
reactome:ProteinReference7507,abstraction:ControlsExpressionOf,reactome:ProteinReference7547
reactome:ProteinReference1102,abstraction:ControlsExpressionOf,reactome:ProteinReference655
reactome:ProteinReference9701,abstraction:ControlsExpressionOf,reactome:ProteinReference8901
reactome:ProteinReference4550,abstraction:ControlsExpressionOf,reactome:ProteinReference1844
reactome:ProteinReference1108,abstraction:ControlsExpressionOf,reactome:ProteinReference655
reactome:ProteinReference5922,abstraction:ControlsExpressionOf,reactome:ProteinReference5917
reactome:ProteinReference11271,abstraction:ControlsExpressionOf,reactome:ProteinReference11952
reactome:ProteinReference5908,abstraction:ControlsExpressionOf,reactome:ProteinReference5920
reactome:ProteinReference10578,abstraction:ControlsExpressionOf,reactome:ProteinReference1162
reactome:ProteinReference5434,abstraction:ControlsExpressionOf,reactome:ProteinReference7509
reactome:ProteinReference10409,abstraction:ControlsExpressionOf,reactome:ProteinReference11814
reactome:ProteinReference1102,abstraction:ControlsExpressionOf,reactome:ProteinReference1346
reactome:ProteinReference4427,abstraction:ControlsExpressionOf,reactome:ProteinReference4641
reactome:ProteinReference10677,abstraction:ControlsExpressionOf,reactome:ProteinReference5257
reactome:ProteinReference5242,abstraction:ControlsExpressionOf,reactome:ProteinReference5176
reactome:ProteinReference9701,abstraction:ControlsExpressionOf,reactome:ProteinReference1032
reactome:ProteinReference1108,abstraction:ControlsExpressionOf,reactome:ProteinReference1346
reactome:ProteinReference10577,abstraction:ControlsExpressionOf,reactome:ProteinReference1402
reactome:ProteinReference1109,abstraction:ControlsExpressionOf,reactome:ProteinReference1351
reactome:ProteinReference9926,abstraction:ControlsExpressionOf,reactome:ProteinReference9927
reactome:ProteinReference10922,abstraction:ControlsExpressionOf,reactome:ProteinReference11847
reactome:ProteinReference10409,abstraction:ControlsExpressionOf,reactome:ProteinReference11916
reactome:ProteinReference10577,abstraction:ControlsExpressionOf,reactome:ProteinReference1349
reactome:ProteinReference40,abstraction:ControlsExpressionOf,reactome:ProteinReference6147
reactome:ProteinReference4580,abstraction:ControlsExpressionOf,reactome:ProteinReference5277
reactome:ProteinReference1068,abstraction:ControlsExpressionOf,reactome:ProteinReference1147
reactome:ProteinReference11271,abstraction:ControlsExpressionOf,reactome:ProteinReference11776
reactome:ProteinReference8982,abstraction:ControlsExpressionOf,reactome:ProteinReference1402
reactome:ProteinReference6162,abstraction:ControlsExpressionOf,reactome:ProteinReference7551
reactome:ProteinReference2470,abstraction:ControlsExpressionOf,reactome:ProteinReference8632
reactome:ProteinReference7826,abstraction:ControlsExpressionOf,reactome:ProteinReference1350
reactome:ProteinReference1056,abstraction:ControlsExpressionOf,reactome:ProteinReference1149
reactome:ProteinReference8982,abstraction:ControlsExpressionOf,reactome:ProteinReference1349
reactome:ProteinReference6944,abstraction:ControlsExpressionOf,reactome:ProteinReference4438
reactome:ProteinReference1088,abstraction:ControlsExpressionOf,reactome:ProteinReference1150
reactome:ProteinReference706,abstraction:ControlsExpressionOf,reactome:ProteinReference671
reactome:ProteinReference10409,abstraction:ControlsExpressionOf,reactome:ProteinReference11798
reactome:ProteinReference10409,abstraction:ControlsExpressionOf,reactome:ProteinReference11817
reactome:ProteinReference2553,abstraction:ControlsExpressionOf,reactome:ProteinReference5039
reactome:ProteinReference10409,abstraction:ControlsExpressionOf,reactome:ProteinReference11962
reactome:ProteinReference5004,abstraction:ControlsExpressionOf,reactome:ProteinReference1346
reactome:ProteinReference9098,abstraction:ControlsExpressionOf,reactome:ProteinReference2585
reactome:ProteinReference1113,abstraction:ControlsExpressionOf,reactome:ProteinReference1337
reactome:ProteinReference1131,abstraction:ControlsExpressionOf,reactome:ProteinReference1130
reactome:ProteinReference11271,abstraction:ControlsExpressionOf,reactome:ProteinReference11705
reactome:ProteinReference5418,abstraction:ControlsExpressionOf,reactome:ProteinReference2585
reactome:ProteinReference2796,abstraction:ControlsExpressionOf,reactome:ProteinReference4438
reactome:ProteinReference6951,abstraction:ControlsExpressionOf,reactome:ProteinReference4470
reactome:ProteinReference10409,abstraction:ControlsExpressionOf,reactome:ProteinReference11796
reactome:ProteinReference5036,abstraction:ControlsExpressionOf,reactome:ProteinReference2098
reactome:ProteinReference2801,abstraction:ControlsExpressionOf,reactome:ProteinReference10384
reactome:ProteinReference5429,abstraction:ControlsExpressionOf,reactome:ProteinReference10466
reactome:ProteinReference5244,abstraction:ControlsExpressionOf,reactome:ProteinReference1162
reactome:ProteinReference4554,abstraction:ControlsExpressionOf,reactome:ProteinReference1351
reactome:ProteinReference1067,abstraction:ControlsExpressionOf,reactome:ProteinReference1159
reactome:ProteinReference4558,abstraction:ControlsExpressionOf,reactome:ProteinReference1352
reactome:ProteinReference2484,abstraction:ControlsExpressionOf,reactome:ProteinReference8632
reactome:ProteinReference10922,abstraction:ControlsExpressionOf,reactome:ProteinReference11977
reactome:ProteinReference11271,abstraction:ControlsExpressionOf,reactome:ProteinReference11921
reactome:ProteinReference4393,abstraction:ControlsExpressionOf,reactome:ProteinReference4473
reactome:ProteinReference1062,abstraction:ControlsExpressionOf,reactome:ProteinReference1071
reactome:ProteinReference5284,abstraction:ControlsExpressionOf,reactome:ProteinReference1402
reactome:ProteinReference4556,abstraction:ControlsExpressionOf,reactome:ProteinReference1197
reactome:ProteinReference4553,abstraction:ControlsExpressionOf,reactome:ProteinReference7502
reactome:ProteinReference1109,abstraction:ControlsExpressionOf,reactome:ProteinReference1807
reactome:ProteinReference9701,abstraction:ControlsExpressionOf,reactome:ProteinReference9718
reactome:ProteinReference1061,abstraction:ControlsExpressionOf,reactome:ProteinReference7541
reactome:ProteinReference5284,abstraction:ControlsExpressionOf,reactome:ProteinReference1349
reactome:ProteinReference5239,abstraction:ControlsExpressionOf,reactome:ProteinReference1337
reactome:ProteinReference5242,abstraction:ControlsExpressionOf,reactome:ProteinReference1352
reactome:ProteinReference8283,abstraction:ControlsExpressionOf,reactome:ProteinReference9777
reactome:ProteinReference5030,abstraction:ControlsExpressionOf,reactome:ProteinReference6033
reactome:ProteinReference10922,abstraction:ControlsExpressionOf,reactome:ProteinReference11838
reactome:ProteinReference10580,abstraction:ControlsExpressionOf,reactome:ProteinReference11254
reactome:ProteinReference10922,abstraction:ControlsExpressionOf,reactome:ProteinReference11901
reactome:ProteinReference1063,abstraction:ControlsExpressionOf,reactome:ProteinReference10578
reactome:ProteinReference8602,abstraction:ControlsExpressionOf,reactome:ProteinReference5291
reactome:ProteinReference1132,abstraction:ControlsExpressionOf,reactome:ProteinReference1799
reactome:ProteinReference8830,abstraction:ControlsExpressionOf,reactome:ProteinReference5913
reactome:ProteinReference1141,abstraction:ControlsExpressionOf,reactome:ProteinReference1650
reactome:ProteinReference10812,abstraction:ControlsExpressionOf,reactome:ProteinReference10815
reactome:ProteinReference706,abstraction:ControlsExpressionOf,reactome:ProteinReference1172
reactome:ProteinReference5430,abstraction:ControlsExpressionOf,reactome:ProteinReference6173
reactome:ProteinReference1088,abstraction:ControlsExpressionOf,reactome:ProteinReference8227
reactome:ProteinReference8609,abstraction:ControlsExpressionOf,reactome:ProteinReference10383
reactome:ProteinReference4548,abstraction:ControlsExpressionOf,reactome:ProteinReference1151
reactome:ProteinReference5004,abstraction:ControlsExpressionOf,reactome:ProteinReference1126
reactome:ProteinReference10409,abstraction:ControlsExpressionOf,reactome:ProteinReference11945
reactome:ProteinReference6861,abstraction:ControlsExpressionOf,reactome:ProteinReference9726
reactome:ProteinReference11271,abstraction:ControlsExpressionOf,reactome:ProteinReference11853
reactome:ProteinReference11271,abstraction:ControlsExpressionOf,reactome:ProteinReference12036
reactome:ProteinReference4554,abstraction:ControlsExpressionOf,reactome:ProteinReference1807
reactome:ProteinReference11019,abstraction:ControlsExpressionOf,reactome:ProteinReference7774
reactome:ProteinReference10409,abstraction:ControlsExpressionOf,reactome:ProteinReference11924
reactome:ProteinReference10409,abstraction:ControlsExpressionOf,reactome:ProteinReference11963
reactome:ProteinReference7609,abstraction:ControlsExpressionOf,reactome:ProteinReference7325
reactome:ProteinReference4526,abstraction:ControlsExpressionOf,reactome:ProteinReference1402
reactome:ProteinReference5908,abstraction:ControlsExpressionOf,reactome:ProteinReference5913
reactome:ProteinReference4525,abstraction:ControlsExpressionOf,reactome:ProteinReference1197
reactome:ProteinReference4526,abstraction:ControlsExpressionOf,reactome:ProteinReference1349
reactome:ProteinReference9807,abstraction:ControlsExpressionOf,reactome:ProteinReference11278
reactome:ProteinReference10409,abstraction:ControlsExpressionOf,reactome:ProteinReference10909
reactome:ProteinReference1053,abstraction:ControlsExpressionOf,reactome:ProteinReference1152
reactome:ProteinReference1068,abstraction:ControlsExpressionOf,reactome:ProteinReference661
reactome:ProteinReference1073,abstraction:ControlsExpressionOf,reactome:ProteinReference1641
reactome:ProteinReference5908,abstraction:ControlsExpressionOf,reactome:ProteinReference8964
reactome:ProteinReference1100,abstraction:ControlsExpressionOf,reactome:ProteinReference1152
reactome:ProteinReference5240,abstraction:ControlsExpressionOf,reactome:ProteinReference1152
reactome:ProteinReference1068,abstraction:ControlsExpressionOf,reactome:ProteinReference1145
reactome:ProteinReference2553,abstraction:ControlsExpressionOf,reactome:ProteinReference10366
reactome:ProteinReference5427,abstraction:ControlsExpressionOf,reactome:ProteinReference7511
reactome:ProteinReference1074,abstraction:ControlsExpressionOf,reactome:ProteinReference1146
reactome:ProteinReference1066,abstraction:ControlsExpressionOf,reactome:ProteinReference1080
reactome:ProteinReference10922,abstraction:ControlsExpressionOf,reactome:ProteinReference11922
reactome:ProteinReference1059,abstraction:ControlsExpressionOf,reactome:ProteinReference1159
reactome:ProteinReference4580,abstraction:ControlsExpressionOf,reactome:ProteinReference659
reactome:ProteinReference1153,abstraction:ControlsExpressionOf,reactome:ProteinReference1150
reactome:ProteinReference10409,abstraction:ControlsExpressionOf,reactome:ProteinReference11818
reactome:ProteinReference9053,abstraction:ControlsExpressionOf,reactome:ProteinReference1351
reactome:ProteinReference1088,abstraction:ControlsExpressionOf,reactome:ProteinReference5921
reactome:ProteinReference11271,abstraction:ControlsExpressionOf,reactome:ProteinReference11678
reactome:ProteinReference10409,abstraction:ControlsExpressionOf,reactome:ProteinReference11703
reactome:ProteinReference9780,abstraction:ControlsExpressionOf,reactome:ProteinReference8963
reactome:ProteinReference5156,abstraction:ControlsExpressionOf,reactome:ProteinReference1773
reactome:ProteinReference9807,abstraction:ControlsExpressionOf,reactome:ProteinReference2669
reactome:ProteinReference9779,abstraction:ControlsExpressionOf,reactome:ProteinReference7058
reactome:ProteinReference6947,abstraction:ControlsExpressionOf,reactome:ProteinReference3931
reactome:ProteinReference6816,abstraction:ControlsExpressionOf,reactome:ProteinReference9092
reactome:ProteinReference11271,abstraction:ControlsExpressionOf,reactome:ProteinReference12024
reactome:ProteinReference10922,abstraction:ControlsExpressionOf,reactome:ProteinReference11655
reactome:ProteinReference10409,abstraction:ControlsExpressionOf,reactome:ProteinReference11670
reactome:ProteinReference1099,abstraction:ControlsExpressionOf,reactome:ProteinReference1162
reactome:ProteinReference10351,abstraction:ControlsExpressionOf,reactome:ProteinReference5228
reactome:ProteinReference1064,abstraction:ControlsExpressionOf,reactome:ProteinReference1082
reactome:ProteinReference2805,abstraction:ControlsExpressionOf,reactome:ProteinReference4423
reactome:ProteinReference4641,abstraction:ControlsExpressionOf,reactome:ProteinReference6924
reactome:ProteinReference4551,abstraction:ControlsExpressionOf,reactome:ProteinReference1162
reactome:ProteinReference10573,abstraction:ControlsExpressionOf,reactome:ProteinReference655
reactome:ProteinReference4550,abstraction:ControlsExpressionOf,reactome:ProteinReference1337
reactome:ProteinReference1088,abstraction:ControlsExpressionOf,reactome:ProteinReference5919
reactome:ProteinReference6083,abstraction:ControlsExpressionOf,reactome:ProteinReference4453
reactome:ProteinReference1074,abstraction:ControlsExpressionOf,reactome:ProteinReference1657
reactome:ProteinReference6861,abstraction:ControlsExpressionOf,reactome:ProteinReference8564
reactome:ProteinReference9099,abstraction:ControlsExpressionOf,reactome:ProteinReference2581
reactome:ProteinReference7860,abstraction:ControlsExpressionOf,reactome:ProteinReference2059
reactome:ProteinReference4561,abstraction:ControlsExpressionOf,reactome:ProteinReference10581
reactome:ProteinReference1123,abstraction:ControlsExpressionOf,reactome:ProteinReference3249
reactome:ProteinReference5931,abstraction:ControlsExpressionOf,reactome:ProteinReference5573
reactome:ProteinReference5427,abstraction:ControlsExpressionOf,reactome:ProteinReference7509
reactome:ProteinReference7571,abstraction:ControlsExpressionOf,reactome:ProteinReference2584
reactome:ProteinReference1062,abstraction:ControlsExpressionOf,reactome:ProteinReference1161
reactome:ProteinReference9807,abstraction:ControlsExpressionOf,reactome:ProteinReference847
reactome:ProteinReference11260,abstraction:ControlsExpressionOf,reactome:ProteinReference6180
reactome:ProteinReference1065,abstraction:ControlsExpressionOf,reactome:ProteinReference1351
reactome:ProteinReference5156,abstraction:ControlsExpressionOf,reactome:ProteinReference5162
reactome:ProteinReference1118,abstraction:ControlsExpressionOf,reactome:ProteinReference10580
reactome:ProteinReference1076,abstraction:ControlsExpressionOf,reactome:ProteinReference5709
reactome:ProteinReference6080,abstraction:ControlsExpressionOf,reactome:ProteinReference4453
reactome:ProteinReference6871,abstraction:ControlsExpressionOf,reactome:ProteinReference6902
reactome:ProteinReference1092,abstraction:ControlsExpressionOf,reactome:ProteinReference1126
reactome:ProteinReference1068,abstraction:ControlsExpressionOf,reactome:ProteinReference653
reactome:ProteinReference1141,abstraction:ControlsExpressionOf,reactome:ProteinReference3370
reactome:ProteinReference10922,abstraction:ControlsExpressionOf,reactome:ProteinReference11642
reactome:ProteinReference7817,abstraction:ControlsExpressionOf,reactome:ProteinReference8285
reactome:ProteinReference4523,abstraction:ControlsExpressionOf,reactome:ProteinReference10581
reactome:ProteinReference1096,abstraction:ControlsExpressionOf,reactome:ProteinReference1197
reactome:ProteinReference9053,abstraction:ControlsExpressionOf,reactome:ProteinReference1807
reactome:ProteinReference7857,abstraction:ControlsExpressionOf,reactome:ProteinReference2059
reactome:ProteinReference10410,abstraction:ControlsExpressionOf,reactome:ProteinReference5907
reactome:ProteinReference8823,abstraction:ControlsExpressionOf,reactome:ProteinReference1032
reactome:ProteinReference1098,abstraction:ControlsExpressionOf,reactome:ProteinReference10577
reactome:ProteinReference9053,abstraction:ControlsExpressionOf,reactome:ProteinReference661
reactome:ProteinReference4541,abstraction:ControlsExpressionOf,reactome:ProteinReference8190
reactome:ProteinReference11271,abstraction:ControlsExpressionOf,reactome:ProteinReference11715
reactome:ProteinReference11271,abstraction:ControlsExpressionOf,reactome:ProteinReference11668
reactome:ProteinReference11256,abstraction:ControlsExpressionOf,reactome:ProteinReference5496
reactome:ProteinReference6136,abstraction:ControlsExpressionOf,reactome:ProteinReference1159
reactome:ProteinReference9780,abstraction:ControlsExpressionOf,reactome:ProteinReference6139
reactome:ProteinReference4553,abstraction:ControlsExpressionOf,reactome:ProteinReference655
reactome:ProteinReference9047,abstraction:ControlsExpressionOf,reactome:ProteinReference1162
reactome:ProteinReference1100,abstraction:ControlsExpressionOf,reactome:ProteinReference741
reactome:ProteinReference3487,abstraction:ControlsExpressionOf,reactome:ProteinReference10833
reactome:ProteinReference4496,abstraction:ControlsExpressionOf,reactome:ProteinReference6139
reactome:ProteinReference4554,abstraction:ControlsExpressionOf,reactome:ProteinReference5176
reactome:ProteinReference4553,abstraction:ControlsExpressionOf,reactome:ProteinReference5573
reactome:ProteinReference11277,abstraction:ControlsExpressionOf,reactome:ProteinReference1163
reactome:ProteinReference1154,abstraction:ControlsExpressionOf,reactome:ProteinReference3540
reactome:ProteinReference8609,abstraction:ControlsExpressionOf,reactome:ProteinReference5336
reactome:ProteinReference5942,abstraction:ControlsExpressionOf,reactome:ProteinReference26
reactome:ProteinReference4473,abstraction:ControlsExpressionOf,reactome:ProteinReference6875
reactome:ProteinReference1094,abstraction:ControlsExpressionOf,reactome:ProteinReference1162
reactome:ProteinReference4553,abstraction:ControlsExpressionOf,reactome:ProteinReference1346
reactome:ProteinReference5508,abstraction:ControlsExpressionOf,reactome:ProteinReference6097
reactome:ProteinReference175,abstraction:ControlsExpressionOf,reactome:ProteinReference5939
reactome:ProteinReference1069,abstraction:ControlsExpressionOf,reactome:ProteinReference1081
reactome:ProteinReference10376,abstraction:ControlsExpressionOf,reactome:ProteinReference10404
reactome:ProteinReference9779,abstraction:ControlsExpressionOf,reactome:ProteinReference3646
reactome:ProteinReference1112,abstraction:ControlsExpressionOf,reactome:ProteinReference1844
reactome:ProteinReference1153,abstraction:ControlsExpressionOf,reactome:ProteinReference3924
reactome:ProteinReference6278,abstraction:ControlsExpressionOf,reactome:ProteinReference741
reactome:ProteinReference1064,abstraction:ControlsExpressionOf,reactome:ProteinReference1188
reactome:ProteinReference5155,abstraction:ControlsExpressionOf,reactome:ProteinReference10841
reactome:ProteinReference4393,abstraction:ControlsExpressionOf,reactome:ProteinReference6868
reactome:ProteinReference1111,abstraction:ControlsExpressionOf,reactome:ProteinReference1339
reactome:ProteinReference10922,abstraction:ControlsExpressionOf,reactome:ProteinReference11719
reactome:ProteinReference175,abstraction:ControlsExpressionOf,reactome:ProteinReference5476
reactome:ProteinReference1123,abstraction:ControlsExpressionOf,reactome:ProteinReference10529
reactome:ProteinReference11271,abstraction:ControlsExpressionOf,reactome:ProteinReference11810
reactome:ProteinReference6278,abstraction:ControlsExpressionOf,reactome:ProteinReference6032
reactome:ProteinReference6816,abstraction:ControlsExpressionOf,reactome:ProteinReference4965
reactome:ProteinReference9807,abstraction:ControlsExpressionOf,reactome:ProteinReference9722
reactome:ProteinReference1065,abstraction:ControlsExpressionOf,reactome:ProteinReference1807
reactome:ProteinReference10922,abstraction:ControlsExpressionOf,reactome:ProteinReference12009
reactome:ProteinReference9086,abstraction:ControlsExpressionOf,reactome:ProteinReference5573
reactome:ProteinReference4556,abstraction:ControlsExpressionOf,reactome:ProteinReference1349
reactome:ProteinReference10409,abstraction:ControlsExpressionOf,reactome:ProteinReference11957
reactome:ProteinReference1064,abstraction:ControlsExpressionOf,reactome:ProteinReference7726
reactome:ProteinReference6081,abstraction:ControlsExpressionOf,reactome:ProteinReference11297
reactome:ProteinReference1066,abstraction:ControlsExpressionOf,reactome:ProteinReference1268
reactome:ProteinReference4557,abstraction:ControlsExpressionOf,reactome:ProteinReference1347
reactome:ProteinReference1065,abstraction:ControlsExpressionOf,reactome:ProteinReference661
reactome:ProteinReference8830,abstraction:ControlsExpressionOf,reactome:ProteinReference5916
reactome:ProteinReference10922,abstraction:ControlsExpressionOf,reactome:ProteinReference11987
reactome:ProteinReference6244,abstraction:ControlsExpressionOf,reactome:ProteinReference5019
reactome:ProteinReference1115,abstraction:ControlsExpressionOf,reactome:ProteinReference10578
reactome:ProteinReference175,abstraction:ControlsExpressionOf,reactome:ProteinReference7766
reactome:ProteinReference11271,abstraction:ControlsExpressionOf,reactome:ProteinReference11883
reactome:ProteinReference9701,abstraction:ControlsExpressionOf,reactome:ProteinReference2167
reactome:ProteinReference1066,abstraction:ControlsExpressionOf,reactome:ProteinReference1129
reactome:ProteinReference5433,abstraction:ControlsExpressionOf,reactome:ProteinReference4386
reactome:ProteinReference2791,abstraction:ControlsExpressionOf,reactome:ProteinReference5291
reactome:ProteinReference11276,abstraction:ControlsExpressionOf,reactome:ProteinReference9057
reactome:ProteinReference8283,abstraction:ControlsExpressionOf,reactome:ProteinReference8195
reactome:ProteinReference4456,abstraction:ControlsExpressionOf,reactome:ProteinReference1163
reactome:ProteinReference1053,abstraction:ControlsExpressionOf,reactome:ProteinReference1147
reactome:ProteinReference1121,abstraction:ControlsExpressionOf,reactome:ProteinReference1372
reactome:ProteinReference5285,abstraction:ControlsExpressionOf,reactome:ProteinReference1197
reactome:ProteinReference10409,abstraction:ControlsExpressionOf,reactome:ProteinReference11767
reactome:ProteinReference5273,abstraction:ControlsExpressionOf,reactome:ProteinReference5277
reactome:ProteinReference1061,abstraction:ControlsExpressionOf,reactome:ProteinReference393
reactome:ProteinReference8824,abstraction:ControlsExpressionOf,reactome:ProteinReference9707
reactome:ProteinReference4541,abstraction:ControlsExpressionOf,reactome:ProteinReference8227
reactome:ProteinReference5429,abstraction:ControlsExpressionOf,reactome:ProteinReference1021
reactome:ProteinReference1141,abstraction:ControlsExpressionOf,reactome:ProteinReference1270
reactome:ProteinReference175,abstraction:ControlsExpressionOf,reactome:ProteinReference10419
reactome:ProteinReference10580,abstraction:ControlsExpressionOf,reactome:ProteinReference9869
reactome:ProteinReference9052,abstraction:ControlsExpressionOf,reactome:ProteinReference10599
reactome:ProteinReference1067,abstraction:ControlsExpressionOf,reactome:ProteinReference1143
reactome:ProteinReference1153,abstraction:ControlsExpressionOf,reactome:ProteinReference10605
reactome:ProteinReference4554,abstraction:ControlsExpressionOf,reactome:ProteinReference1352
reactome:ProteinReference1085,abstraction:ControlsExpressionOf,reactome:ProteinReference3249
reactome:ProteinReference4557,abstraction:ControlsExpressionOf,reactome:ProteinReference3539
reactome:ProteinReference1077,abstraction:ControlsExpressionOf,reactome:ProteinReference6244
reactome:ProteinReference5660,abstraction:ControlsExpressionOf,reactome:ProteinReference6097
reactome:ProteinReference6861,abstraction:ControlsExpressionOf,reactome:ProteinReference8566
reactome:ProteinReference4691,abstraction:ControlsExpressionOf,reactome:ProteinReference6193
reactome:ProteinReference10466,abstraction:ControlsExpressionOf,reactome:ProteinReference1799
reactome:ProteinReference4525,abstraction:ControlsExpressionOf,reactome:ProteinReference1402
reactome:ProteinReference11271,abstraction:ControlsExpressionOf,reactome:ProteinReference11702
reactome:ProteinReference6080,abstraction:ControlsExpressionOf,reactome:ProteinReference4459
reactome:ProteinReference4525,abstraction:ControlsExpressionOf,reactome:ProteinReference1349
reactome:ProteinReference5243,abstraction:ControlsExpressionOf,reactome:ProteinReference1082
reactome:ProteinReference10922,abstraction:ControlsExpressionOf,reactome:ProteinReference12030
reactome:ProteinReference6244,abstraction:ControlsExpressionOf,reactome:ProteinReference5089
reactome:ProteinReference3891,abstraction:ControlsExpressionOf,reactome:ProteinReference9818
reactome:ProteinReference1073,abstraction:ControlsExpressionOf,reactome:ProteinReference1337
reactome:ProteinReference11271,abstraction:ControlsExpressionOf,reactome:ProteinReference11803
reactome:ProteinReference10572,abstraction:ControlsExpressionOf,reactome:ProteinReference1351
reactome:ProteinReference10409,abstraction:ControlsExpressionOf,reactome:ProteinReference11750
reactome:ProteinReference10922,abstraction:ControlsExpressionOf,reactome:ProteinReference11777
reactome:ProteinReference6081,abstraction:ControlsExpressionOf,reactome:ProteinReference2128
reactome:ProteinReference7503,abstraction:ControlsExpressionOf,reactome:ProteinReference5449
reactome:ProteinReference10409,abstraction:ControlsExpressionOf,reactome:ProteinReference11782
reactome:ProteinReference9785,abstraction:ControlsExpressionOf,reactome:ProteinReference9797
reactome:ProteinReference1066,abstraction:ControlsExpressionOf,reactome:ProteinReference10578
reactome:ProteinReference7590,abstraction:ControlsExpressionOf,reactome:ProteinReference4653
reactome:ProteinReference1061,abstraction:ControlsExpressionOf,reactome:ProteinReference10813
reactome:ProteinReference1061,abstraction:ControlsExpressionOf,reactome:ProteinReference10581
reactome:ProteinReference5245,abstraction:ControlsExpressionOf,reactome:ProteinReference10580
reactome:ProteinReference4555,abstraction:ControlsExpressionOf,reactome:ProteinReference661
reactome:ProteinReference11271,abstraction:ControlsExpressionOf,reactome:ProteinReference11706
reactome:ProteinReference1085,abstraction:ControlsExpressionOf,reactome:ProteinReference10529
reactome:ProteinReference9807,abstraction:ControlsExpressionOf,reactome:ProteinReference5695
reactome:ProteinReference4521,abstraction:ControlsExpressionOf,reactome:ProteinReference1188
reactome:ProteinReference10409,abstraction:ControlsExpressionOf,reactome:ProteinReference11753
reactome:ProteinReference8783,abstraction:ControlsExpressionOf,reactome:ProteinReference5921
reactome:ProteinReference11271,abstraction:ControlsExpressionOf,reactome:ProteinReference11648
reactome:ProteinReference6955,abstraction:ControlsExpressionOf,reactome:ProteinReference10831
reactome:ProteinReference9924,abstraction:ControlsExpressionOf,reactome:ProteinReference8191
reactome:ProteinReference11255,abstraction:ControlsExpressionOf,reactome:ProteinReference11256
reactome:ProteinReference10922,abstraction:ControlsExpressionOf,reactome:ProteinReference11839
reactome:ProteinReference4530,abstraction:ControlsExpressionOf,reactome:ProteinReference10580
reactome:ProteinReference6079,abstraction:ControlsExpressionOf,reactome:ProteinReference2110
reactome:ProteinReference1105,abstraction:ControlsExpressionOf,reactome:ProteinReference10581
reactome:ProteinReference1059,abstraction:ControlsExpressionOf,reactome:ProteinReference1143
reactome:ProteinReference5276,abstraction:ControlsExpressionOf,reactome:ProteinReference10823
reactome:ProteinReference1053,abstraction:ControlsExpressionOf,reactome:ProteinReference661
reactome:ProteinReference9701,abstraction:ControlsExpressionOf,reactome:ProteinReference9705
reactome:ProteinReference1132,abstraction:ControlsExpressionOf,reactome:ProteinReference1130
reactome:ProteinReference10572,abstraction:ControlsExpressionOf,reactome:ProteinReference1807
reactome:ProteinReference1096,abstraction:ControlsExpressionOf,reactome:ProteinReference1402
reactome:ProteinReference1133,abstraction:ControlsExpressionOf,reactome:ProteinReference6791
reactome:ProteinReference11271,abstraction:ControlsExpressionOf,reactome:ProteinReference11690
reactome:ProteinReference7597,abstraction:ControlsExpressionOf,reactome:ProteinReference1151
reactome:ProteinReference11271,abstraction:ControlsExpressionOf,reactome:ProteinReference11687
reactome:ProteinReference1096,abstraction:ControlsExpressionOf,reactome:ProteinReference1349
reactome:ProteinReference4557,abstraction:ControlsExpressionOf,reactome:ProteinReference1744
reactome:ProteinReference1061,abstraction:ControlsExpressionOf,reactome:ProteinReference5918
reactome:ProteinReference5243,abstraction:ControlsExpressionOf,reactome:ProteinReference1188
reactome:ProteinReference9779,abstraction:ControlsExpressionOf,reactome:ProteinReference390
reactome:ProteinReference3891,abstraction:ControlsExpressionOf,reactome:ProteinReference3509
reactome:ProteinReference8607,abstraction:ControlsExpressionOf,reactome:ProteinReference5291
reactome:ProteinReference1064,abstraction:ControlsExpressionOf,reactome:ProteinReference1081
reactome:ProteinReference6081,abstraction:ControlsExpressionOf,reactome:ProteinReference11288
reactome:ProteinReference7507,abstraction:ControlsExpressionOf,reactome:ProteinReference7557
reactome:ProteinReference11271,abstraction:ControlsExpressionOf,reactome:ProteinReference11976
reactome:ProteinReference8783,abstraction:ControlsExpressionOf,reactome:ProteinReference5919
reactome:ProteinReference10409,abstraction:ControlsExpressionOf,reactome:ProteinReference11865
reactome:ProteinReference4589,abstraction:ControlsExpressionOf,reactome:ProteinReference10830
reactome:ProteinReference11271,abstraction:ControlsExpressionOf,reactome:ProteinReference11900
reactome:ProteinReference5190,abstraction:ControlsExpressionOf,reactome:ProteinReference5193
reactome:ProteinReference5431,abstraction:ControlsExpressionOf,reactome:ProteinReference7509
reactome:ProteinReference2553,abstraction:ControlsExpressionOf,reactome:ProteinReference10381
reactome:ProteinReference5395,abstraction:ControlsExpressionOf,reactome:ProteinReference3239
reactome:ProteinReference11271,abstraction:ControlsExpressionOf,reactome:ProteinReference11828
reactome:ProteinReference11271,abstraction:ControlsExpressionOf,reactome:ProteinReference11978
reactome:ProteinReference9807,abstraction:ControlsExpressionOf,reactome:ProteinReference1901
reactome:ProteinReference2795,abstraction:ControlsExpressionOf,reactome:ProteinReference4423
reactome:ProteinReference11271,abstraction:ControlsExpressionOf,reactome:ProteinReference11635
reactome:ProteinReference1063,abstraction:ControlsExpressionOf,reactome:ProteinReference1071
reactome:ProteinReference7634,abstraction:ControlsExpressionOf,reactome:ProteinReference9841
reactome:ProteinReference1052,abstraction:ControlsExpressionOf,reactome:ProteinReference1159
reactome:ProteinReference10348,abstraction:ControlsExpressionOf,reactome:ProteinReference5039
reactome:ProteinReference4697,abstraction:ControlsExpressionOf,reactome:ProteinReference7560
reactome:ProteinReference4588,abstraction:ControlsExpressionOf,reactome:ProteinReference5273
reactome:ProteinReference1102,abstraction:ControlsExpressionOf,reactome:ProteinReference10581
reactome:ProteinReference11315,abstraction:ControlsExpressionOf,reactome:ProteinReference4468
reactome:ProteinReference4549,abstraction:ControlsExpressionOf,reactome:ProteinReference10580
reactome:ProteinReference1112,abstraction:ControlsExpressionOf,reactome:ProteinReference1337
reactome:ProteinReference1103,abstraction:ControlsExpressionOf,reactome:ProteinReference1349
reactome:ProteinReference1124,abstraction:ControlsExpressionOf,reactome:ProteinReference1351
reactome:ProteinReference1108,abstraction:ControlsExpressionOf,reactome:ProteinReference10581
reactome:ProteinReference2947,abstraction:ControlsExpressionOf,reactome:ProteinReference7541
reactome:ProteinReference2553,abstraction:ControlsExpressionOf,reactome:ProteinReference9672
reactome:ProteinReference1067,abstraction:ControlsExpressionOf,reactome:ProteinReference1158
reactome:ProteinReference4552,abstraction:ControlsExpressionOf,reactome:ProteinReference1351
reactome:ProteinReference6278,abstraction:ControlsExpressionOf,reactome:ProteinReference763
reactome:ProteinReference10578,abstraction:ControlsExpressionOf,reactome:ProteinReference1151
reactome:ProteinReference4561,abstraction:ControlsExpressionOf,reactome:ProteinReference1152
reactome:ProteinReference6173,abstraction:ControlsExpressionOf,reactome:ProteinReference7518
reactome:ProteinReference8611,abstraction:ControlsExpressionOf,reactome:ProteinReference5291
reactome:ProteinReference707,abstraction:ControlsExpressionOf,reactome:ProteinReference1172
reactome:ProteinReference2518,abstraction:ControlsExpressionOf,reactome:ProteinReference8632
reactome:ProteinReference6950,abstraction:ControlsExpressionOf,reactome:ProteinReference11288
reactome:ProteinReference4558,abstraction:ControlsExpressionOf,reactome:ProteinReference7714
reactome:ProteinReference11271,abstraction:ControlsExpressionOf,reactome:ProteinReference11768
reactome:ProteinReference10823,abstraction:ControlsExpressionOf,reactome:ProteinReference5277
reactome:ProteinReference1065,abstraction:ControlsExpressionOf,reactome:ProteinReference1155
reactome:ProteinReference6081,abstraction:ControlsExpressionOf,reactome:ProteinReference9922
reactome:ProteinReference6861,abstraction:ControlsExpressionOf,reactome:ProteinReference9238
reactome:ProteinReference4523,abstraction:ControlsExpressionOf,reactome:ProteinReference1152
reactome:ProteinReference10409,abstraction:ControlsExpressionOf,reactome:ProteinReference11681
reactome:ProteinReference1053,abstraction:ControlsExpressionOf,reactome:ProteinReference653
reactome:ProteinReference6861,abstraction:ControlsExpressionOf,reactome:ProteinReference8783
reactome:ProteinReference1100,abstraction:ControlsExpressionOf,reactome:ProteinReference10580
reactome:ProteinReference2553,abstraction:ControlsExpressionOf,reactome:ProteinReference4638
reactome:ProteinReference7860,abstraction:ControlsExpressionOf,reactome:ProteinReference1053
reactome:ProteinReference5285,abstraction:ControlsExpressionOf,reactome:ProteinReference1402
reactome:ProteinReference10451,abstraction:ControlsExpressionOf,reactome:ProteinReference5295
reactome:ProteinReference6102,abstraction:ControlsExpressionOf,reactome:ProteinReference5039
reactome:ProteinReference5285,abstraction:ControlsExpressionOf,reactome:ProteinReference1349
reactome:ProteinReference6161,abstraction:ControlsExpressionOf,reactome:ProteinReference1123
reactome:ProteinReference8823,abstraction:ControlsExpressionOf,reactome:ProteinReference2167
reactome:ProteinReference6290,abstraction:ControlsExpressionOf,reactome:ProteinReference10991
reactome:ProteinReference5003,abstraction:ControlsExpressionOf,reactome:ProteinReference1339
reactome:ProteinReference1062,abstraction:ControlsExpressionOf,reactome:ProteinReference1136
reactome:ProteinReference10409,abstraction:ControlsExpressionOf,reactome:ProteinReference11819
reactome:ProteinReference5243,abstraction:ControlsExpressionOf,reactome:ProteinReference7502
reactome:ProteinReference5036,abstraction:ControlsExpressionOf,reactome:ProteinReference6181
reactome:ProteinReference7857,abstraction:ControlsExpressionOf,reactome:ProteinReference1053
reactome:ProteinReference1064,abstraction:ControlsExpressionOf,reactome:ProteinReference655
reactome:ProteinReference6773,abstraction:ControlsExpressionOf,reactome:ProteinReference6782
reactome:ProteinReference10409,abstraction:ControlsExpressionOf,reactome:ProteinReference11877
reactome:ProteinReference1114,abstraction:ControlsExpressionOf,reactome:ProteinReference1268
reactome:ProteinReference11271,abstraction:ControlsExpressionOf,reactome:ProteinReference11858
reactome:ProteinReference4521,abstraction:ControlsExpressionOf,reactome:ProteinReference1339
reactome:ProteinReference4726,abstraction:ControlsExpressionOf,reactome:ProteinReference6139
reactome:ProteinReference1124,abstraction:ControlsExpressionOf,reactome:ProteinReference1807
reactome:ProteinReference1088,abstraction:ControlsExpressionOf,reactome:ProteinReference1372
reactome:ProteinReference10409,abstraction:ControlsExpressionOf,reactome:ProteinReference11967
reactome:ProteinReference4550,abstraction:ControlsExpressionOf,reactome:ProteinReference7714
reactome:ProteinReference2803,abstraction:ControlsExpressionOf,reactome:ProteinReference5291
reactome:ProteinReference6759,abstraction:ControlsExpressionOf,reactome:ProteinReference6097
reactome:ProteinReference1062,abstraction:ControlsExpressionOf,reactome:ProteinReference1051
reactome:ProteinReference1064,abstraction:ControlsExpressionOf,reactome:ProteinReference1346
reactome:ProteinReference4552,abstraction:ControlsExpressionOf,reactome:ProteinReference1807
reactome:ProteinReference1124,abstraction:ControlsExpressionOf,reactome:ProteinReference661
reactome:ProteinReference11256,abstraction:ControlsExpressionOf,reactome:ProteinReference7502
reactome:ProteinReference6244,abstraction:ControlsExpressionOf,reactome:ProteinReference6251
reactome:ProteinReference10922,abstraction:ControlsExpressionOf,reactome:ProteinReference11949
reactome:ProteinReference5244,abstraction:ControlsExpressionOf,reactome:ProteinReference1151
reactome:ProteinReference10922,abstraction:ControlsExpressionOf,reactome:ProteinReference11636
reactome:ProteinReference4549,abstraction:ControlsExpressionOf,reactome:ProteinReference10578
reactome:ProteinReference4559,abstraction:ControlsExpressionOf,reactome:ProteinReference1188
reactome:ProteinReference10922,abstraction:ControlsExpressionOf,reactome:ProteinReference11813
reactome:ProteinReference4580,abstraction:ControlsExpressionOf,reactome:ProteinReference4538
reactome:ProteinReference11023,abstraction:ControlsExpressionOf,reactome:ProteinReference11027
reactome:ProteinReference1154,abstraction:ControlsExpressionOf,reactome:ProteinReference5963
reactome:ProteinReference10409,abstraction:ControlsExpressionOf,reactome:ProteinReference11785
reactome:ProteinReference10849,abstraction:ControlsExpressionOf,reactome:ProteinReference10850
reactome:ProteinReference1060,abstraction:ControlsExpressionOf,reactome:ProteinReference1152
reactome:ProteinReference10679,abstraction:ControlsExpressionOf,reactome:ProteinReference10677
reactome:ProteinReference6079,abstraction:ControlsExpressionOf,reactome:ProteinReference3894
reactome:ProteinReference7609,abstraction:ControlsExpressionOf,reactome:ProteinReference1216
reactome:ProteinReference2452,abstraction:ControlsExpressionOf,reactome:ProteinReference8632
reactome:ProteinReference8286,abstraction:ControlsExpressionOf,reactome:ProteinReference2558
reactome:ProteinReference5456,abstraction:ControlsExpressionOf,reactome:ProteinReference5764
reactome:ProteinReference8293,abstraction:ControlsExpressionOf,reactome:ProteinReference11309
reactome:ProteinReference6816,abstraction:ControlsExpressionOf,reactome:ProteinReference8273
reactome:ProteinReference11271,abstraction:ControlsExpressionOf,reactome:ProteinReference11781
reactome:ProteinReference1077,abstraction:ControlsExpressionOf,reactome:ProteinReference1640
reactome:ProteinReference3891,abstraction:ControlsExpressionOf,reactome:ProteinReference426
reactome:ProteinReference6945,abstraction:ControlsExpressionOf,reactome:ProteinReference4423
reactome:ProteinReference1086,abstraction:ControlsExpressionOf,reactome:ProteinReference10581
reactome:ProteinReference10409,abstraction:ControlsExpressionOf,reactome:ProteinReference11959
reactome:ProteinReference5434,abstraction:ControlsExpressionOf,reactome:ProteinReference6173
reactome:ProteinReference4458,abstraction:ControlsExpressionOf,reactome:ProteinReference1844
reactome:ProteinReference1091,abstraction:ControlsExpressionOf,reactome:ProteinReference1188
reactome:ProteinReference1075,abstraction:ControlsExpressionOf,reactome:ProteinReference1146
reactome:ProteinReference1063,abstraction:ControlsExpressionOf,reactome:ProteinReference1161
reactome:ProteinReference4588,abstraction:ControlsExpressionOf,reactome:ProteinReference3540
reactome:ProteinReference6816,abstraction:ControlsExpressionOf,reactome:ProteinReference6898
reactome:ProteinReference8283,abstraction:ControlsExpressionOf,reactome:ProteinReference9821
reactome:ProteinReference10347,abstraction:ControlsExpressionOf,reactome:ProteinReference3931
reactome:ProteinReference1091,abstraction:ControlsExpressionOf,reactome:ProteinReference7726
reactome:ProteinReference1061,abstraction:ControlsExpressionOf,reactome:ProteinReference24
reactome:ProteinReference10594,abstraction:ControlsExpressionOf,reactome:ProteinReference10592
reactome:ProteinReference1073,abstraction:ControlsExpressionOf,reactome:ProteinReference1124
reactome:ProteinReference4580,abstraction:ControlsExpressionOf,reactome:ProteinReference10831
reactome:ProteinReference4527,abstraction:ControlsExpressionOf,reactome:ProteinReference1188
reactome:ProteinReference11256,abstraction:ControlsExpressionOf,reactome:ProteinReference3460
reactome:ProteinReference1088,abstraction:ControlsExpressionOf,reactome:ProteinReference2718
reactome:ProteinReference10409,abstraction:ControlsExpressionOf,reactome:ProteinReference11666
reactome:ProteinReference1064,abstraction:ControlsExpressionOf,reactome:ProteinReference1138
reactome:ProteinReference10572,abstraction:ControlsExpressionOf,reactome:ProteinReference1352
reactome:ProteinReference11018,abstraction:ControlsExpressionOf,reactome:ProteinReference10836
reactome:ProteinReference10451,abstraction:ControlsExpressionOf,reactome:ProteinReference6081
reactome:ProteinReference6244,abstraction:ControlsExpressionOf,reactome:ProteinReference6261
reactome:ProteinReference11271,abstraction:ControlsExpressionOf,reactome:ProteinReference11847
reactome:ProteinReference11038,abstraction:ControlsExpressionOf,reactome:ProteinReference11040
reactome:ProteinReference6161,abstraction:ControlsExpressionOf,reactome:ProteinReference5105
reactome:ProteinReference8395,abstraction:ControlsExpressionOf,reactome:ProteinReference5533
reactome:ProteinReference4521,abstraction:ControlsExpressionOf,reactome:ProteinReference4641
reactome:ProteinReference7509,abstraction:ControlsExpressionOf,reactome:ProteinReference7558
reactome:ProteinReference10409,abstraction:ControlsExpressionOf,reactome:ProteinReference11855
reactome:ProteinReference1121,abstraction:ControlsExpressionOf,reactome:ProteinReference1347
reactome:ProteinReference3891,abstraction:ControlsExpressionOf,reactome:ProteinReference6136
reactome:ProteinReference10922,abstraction:ControlsExpressionOf,reactome:ProteinReference11988
reactome:ProteinReference1075,abstraction:ControlsExpressionOf,reactome:ProteinReference1657
reactome:ProteinReference10409,abstraction:ControlsExpressionOf,reactome:ProteinReference12037
reactome:ProteinReference1132,abstraction:ControlsExpressionOf,reactome:ProteinReference6780
reactome:ProteinReference6278,abstraction:ControlsExpressionOf,reactome:ProteinReference1808
reactome:ProteinReference10409,abstraction:ControlsExpressionOf,reactome:ProteinReference11688
reactome:ProteinReference6136,abstraction:ControlsExpressionOf,reactome:ProteinReference6074
reactome:ProteinReference4558,abstraction:ControlsExpressionOf,reactome:ProteinReference1372
reactome:ProteinReference4712,abstraction:ControlsExpressionOf,reactome:ProteinReference6139
reactome:ProteinReference6861,abstraction:ControlsExpressionOf,reactome:ProteinReference8830
reactome:ProteinReference10922,abstraction:ControlsExpressionOf,reactome:ProteinReference12014
reactome:ProteinReference8823,abstraction:ControlsExpressionOf,reactome:ProteinReference9705
reactome:ProteinReference9807,abstraction:ControlsExpressionOf,reactome:ProteinReference9842
reactome:ProteinReference11271,abstraction:ControlsExpressionOf,reactome:ProteinReference12034
reactome:ProteinReference2798,abstraction:ControlsExpressionOf,reactome:ProteinReference8322
reactome:ProteinReference5242,abstraction:ControlsExpressionOf,reactome:ProteinReference7502
reactome:ProteinReference5242,abstraction:ControlsExpressionOf,reactome:ProteinReference1372
reactome:ProteinReference4552,abstraction:ControlsExpressionOf,reactome:ProteinReference5176
reactome:ProteinReference1099,abstraction:ControlsExpressionOf,reactome:ProteinReference1151
reactome:ProteinReference9807,abstraction:ControlsExpressionOf,reactome:ProteinReference9844
reactome:ProteinReference4521,abstraction:ControlsExpressionOf,reactome:ProteinReference5573
reactome:ProteinReference1052,abstraction:ControlsExpressionOf,reactome:ProteinReference327
reactome:ProteinReference10573,abstraction:ControlsExpressionOf,reactome:ProteinReference10581
reactome:ProteinReference4541,abstraction:ControlsExpressionOf,reactome:ProteinReference10376
reactome:ProteinReference1061,abstraction:ControlsExpressionOf,reactome:ProteinReference6174
reactome:ProteinReference4551,abstraction:ControlsExpressionOf,reactome:ProteinReference1151
reactome:ProteinReference10409,abstraction:ControlsExpressionOf,reactome:ProteinReference11659
reactome:ProteinReference4559,abstraction:ControlsExpressionOf,reactome:ProteinReference1339
reactome:ProteinReference11271,abstraction:ControlsExpressionOf,reactome:ProteinReference11977
reactome:ProteinReference10409,abstraction:ControlsExpressionOf,reactome:ProteinReference11816
reactome:ProteinReference1074,abstraction:ControlsExpressionOf,reactome:ProteinReference1650
reactome:ProteinReference6173,abstraction:ControlsExpressionOf,reactome:ProteinReference7560
reactome:ProteinReference5284,abstraction:ControlsExpressionOf,reactome:ProteinReference1268
reactome:ProteinReference5243,abstraction:ControlsExpressionOf,reactome:ProteinReference655
reactome:ProteinReference1105,abstraction:ControlsExpressionOf,reactome:ProteinReference1152
reactome:ProteinReference706,abstraction:ControlsExpressionOf,reactome:ProteinReference649
reactome:ProteinReference5243,abstraction:ControlsExpressionOf,reactome:ProteinReference5573
reactome:ProteinReference11271,abstraction:ControlsExpressionOf,reactome:ProteinReference11838
reactome:ProteinReference1088,abstraction:ControlsExpressionOf,reactome:ProteinReference7558
reactome:ProteinReference9701,abstraction:ControlsExpressionOf,reactome:ProteinReference3067
reactome:ProteinReference1111,abstraction:ControlsExpressionOf,reactome:ProteinReference1197
reactome:ProteinReference1106,abstraction:ControlsExpressionOf,reactome:ProteinReference1844
reactome:ProteinReference8824,abstraction:ControlsExpressionOf,reactome:ProteinReference9717
reactome:ProteinReference6894,abstraction:ControlsExpressionOf,reactome:ProteinReference6896
reactome:ProteinReference7589,abstraction:ControlsExpressionOf,reactome:ProteinReference3627
reactome:ProteinReference7341,abstraction:ControlsExpressionOf,reactome:ProteinReference7777
reactome:ProteinReference5243,abstraction:ControlsExpressionOf,reactome:ProteinReference1346
reactome:ProteinReference11029,abstraction:ControlsExpressionOf,reactome:ProteinReference7518
reactome:ProteinReference6130,abstraction:ControlsExpressionOf,reactome:ProteinReference6139
reactome:ProteinReference10577,abstraction:ControlsExpressionOf,reactome:ProteinReference10578
reactome:ProteinReference11271,abstraction:ControlsExpressionOf,reactome:ProteinReference11901
reactome:ProteinReference11036,abstraction:ControlsExpressionOf,reactome:ProteinReference767
reactome:ProteinReference1052,abstraction:ControlsExpressionOf,reactome:ProteinReference648
reactome:ProteinReference6955,abstraction:ControlsExpressionOf,reactome:ProteinReference10830
reactome:ProteinReference4553,abstraction:ControlsExpressionOf,reactome:ProteinReference10581
reactome:ProteinReference1153,abstraction:ControlsExpressionOf,reactome:ProteinReference10599
reactome:ProteinReference1061,abstraction:ControlsExpressionOf,reactome:ProteinReference5910
reactome:ProteinReference8982,abstraction:ControlsExpressionOf,reactome:ProteinReference10578
reactome:ProteinReference1066,abstraction:ControlsExpressionOf,reactome:ProteinReference1071
reactome:ProteinReference1052,abstraction:ControlsExpressionOf,reactome:ProteinReference1143
reactome:ProteinReference1091,abstraction:ControlsExpressionOf,reactome:ProteinReference1339
reactome:ProteinReference9047,abstraction:ControlsExpressionOf,reactome:ProteinReference1151
reactome:ProteinReference7590,abstraction:ControlsExpressionOf,reactome:ProteinReference3539
reactome:ProteinReference4458,abstraction:ControlsExpressionOf,reactome:ProteinReference1352
reactome:ProteinReference10833,abstraction:ControlsExpressionOf,reactome:ProteinReference9593
reactome:ProteinReference4554,abstraction:ControlsExpressionOf,reactome:ProteinReference1082
reactome:ProteinReference10348,abstraction:ControlsExpressionOf,reactome:ProteinReference3369
reactome:ProteinReference1093,abstraction:ControlsExpressionOf,reactome:ProteinReference655
reactome:ProteinReference10454,abstraction:ControlsExpressionOf,reactome:ProteinReference10456
reactome:ProteinReference1102,abstraction:ControlsExpressionOf,reactome:ProteinReference1152
reactome:ProteinReference10409,abstraction:ControlsExpressionOf,reactome:ProteinReference11851
reactome:ProteinReference1094,abstraction:ControlsExpressionOf,reactome:ProteinReference1151
reactome:ProteinReference4589,abstraction:ControlsExpressionOf,reactome:ProteinReference5039
reactome:ProteinReference10382,abstraction:ControlsExpressionOf,reactome:ProteinReference10384
reactome:ProteinReference5395,abstraction:ControlsExpressionOf,reactome:ProteinReference10850
reactome:ProteinReference9779,abstraction:ControlsExpressionOf,reactome:ProteinReference7128
reactome:ProteinReference1052,abstraction:ControlsExpressionOf,reactome:ProteinReference643
reactome:ProteinReference5390,abstraction:ControlsExpressionOf,reactome:ProteinReference5273
reactome:ProteinReference1108,abstraction:ControlsExpressionOf,reactome:ProteinReference1152
reactome:ProteinReference7506,abstraction:ControlsExpressionOf,reactome:ProteinReference7551
reactome:ProteinReference4589,abstraction:ControlsExpressionOf,reactome:ProteinReference9793
reactome:ProteinReference1107,abstraction:ControlsExpressionOf,reactome:ProteinReference1337
reactome:ProteinReference1052,abstraction:ControlsExpressionOf,reactome:ProteinReference676
reactome:ProteinReference1077,abstraction:ControlsExpressionOf,reactome:ProteinReference1172
reactome:ProteinReference7505,abstraction:ControlsExpressionOf,reactome:ProteinReference7555
reactome:ProteinReference2789,abstraction:ControlsExpressionOf,reactome:ProteinReference5291
reactome:ProteinReference2800,abstraction:ControlsExpressionOf,reactome:ProteinReference10384
reactome:ProteinReference11256,abstraction:ControlsExpressionOf,reactome:ProteinReference8116
reactome:ProteinReference10409,abstraction:ControlsExpressionOf,reactome:ProteinReference12010
reactome:ProteinReference2553,abstraction:ControlsExpressionOf,reactome:ProteinReference10371
reactome:ProteinReference1061,abstraction:ControlsExpressionOf,reactome:ProteinReference6147
reactome:ProteinReference1089,abstraction:ControlsExpressionOf,reactome:ProteinReference1349
reactome:ProteinReference7596,abstraction:ControlsExpressionOf,reactome:ProteinReference10577
reactome:ProteinReference5423,abstraction:ControlsExpressionOf,reactome:ProteinReference6791
reactome:ProteinReference10409,abstraction:ControlsExpressionOf,reactome:ProteinReference11892
reactome:ProteinReference11271,abstraction:ControlsExpressionOf,reactome:ProteinReference11922
reactome:ProteinReference5284,abstraction:ControlsExpressionOf,reactome:ProteinReference10578
reactome:ProteinReference1107,abstraction:ControlsExpressionOf,reactome:ProteinReference5139
reactome:ProteinReference2469,abstraction:ControlsExpressionOf,reactome:ProteinReference8632
reactome:ProteinReference2805,abstraction:ControlsExpressionOf,reactome:ProteinReference10384
reactome:ProteinReference4630,abstraction:ControlsExpressionOf,reactome:ProteinReference2031
reactome:ProteinReference5004,abstraction:ControlsExpressionOf,reactome:ProteinReference1152
reactome:ProteinReference4559,abstraction:ControlsExpressionOf,reactome:ProteinReference4641
reactome:ProteinReference1121,abstraction:ControlsExpressionOf,reactome:ProteinReference1744
reactome:ProteinReference10409,abstraction:ControlsExpressionOf,reactome:ProteinReference11889
reactome:ProteinReference11029,abstraction:ControlsExpressionOf,reactome:ProteinReference7338
reactome:ProteinReference10828,abstraction:ControlsExpressionOf,reactome:ProteinReference10830
reactome:ProteinReference10869,abstraction:ControlsExpressionOf,reactome:ProteinReference10923
reactome:ProteinReference11271,abstraction:ControlsExpressionOf,reactome:ProteinReference11655
reactome:ProteinReference6123,abstraction:ControlsExpressionOf,reactome:ProteinReference6139
reactome:ProteinReference1088,abstraction:ControlsExpressionOf,reactome:ProteinReference1126
reactome:ProteinReference1105,abstraction:ControlsExpressionOf,reactome:ProteinReference741
reactome:ProteinReference8608,abstraction:ControlsExpressionOf,reactome:ProteinReference8322
reactome:ProteinReference4428,abstraction:ControlsExpressionOf,reactome:ProteinReference4641
reactome:ProteinReference5427,abstraction:ControlsExpressionOf,reactome:ProteinReference6173
reactome:ProteinReference6125,abstraction:ControlsExpressionOf,reactome:ProteinReference6139
reactome:ProteinReference7509,abstraction:ControlsExpressionOf,reactome:ProteinReference7541
reactome:ProteinReference11025,abstraction:ControlsExpressionOf,reactome:ProteinReference7777
reactome:ProteinReference1088,abstraction:ControlsExpressionOf,reactome:ProteinReference1357
reactome:ProteinReference1123,abstraction:ControlsExpressionOf,reactome:ProteinReference1085
reactome:ProteinReference7597,abstraction:ControlsExpressionOf,reactome:ProteinReference10577
reactome:ProteinReference5433,abstraction:ControlsExpressionOf,reactome:ProteinReference10987
reactome:ProteinReference10430,abstraction:ControlsExpressionOf,reactome:ProteinReference3931
reactome:ProteinReference8830,abstraction:ControlsExpressionOf,reactome:ProteinReference5912
reactome:ProteinReference9816,abstraction:ControlsExpressionOf,reactome:ProteinReference1150
reactome:ProteinReference1091,abstraction:ControlsExpressionOf,reactome:ProteinReference4641
reactome:ProteinReference10409,abstraction:ControlsExpressionOf,reactome:ProteinReference11740
reactome:ProteinReference1076,abstraction:ControlsExpressionOf,reactome:ProteinReference6244
reactome:ProteinReference10922,abstraction:ControlsExpressionOf,reactome:ProteinReference11824
reactome:ProteinReference6173,abstraction:ControlsExpressionOf,reactome:ProteinReference7547
reactome:ProteinReference4526,abstraction:ControlsExpressionOf,reactome:ProteinReference10578
reactome:ProteinReference10597,abstraction:ControlsExpressionOf,reactome:ProteinReference10592
reactome:ProteinReference10580,abstraction:ControlsExpressionOf,reactome:ProteinReference7816
reactome:ProteinReference9053,abstraction:ControlsExpressionOf,reactome:ProteinReference1082
reactome:ProteinReference9779,abstraction:ControlsExpressionOf,reactome:ProteinReference6140
reactome:ProteinReference40,abstraction:ControlsExpressionOf,reactome:ProteinReference6149
reactome:ProteinReference11271,abstraction:ControlsExpressionOf,reactome:ProteinReference11642
reactome:ProteinReference1102,abstraction:ControlsExpressionOf,reactome:ProteinReference741
reactome:ProteinReference5242,abstraction:ControlsExpressionOf,reactome:ProteinReference1346
reactome:ProteinReference6861,abstraction:ControlsExpressionOf,reactome:ProteinReference9702
reactome:ProteinReference1108,abstraction:ControlsExpressionOf,reactome:ProteinReference741
reactome:ProteinReference8601,abstraction:ControlsExpressionOf,reactome:ProteinReference10383
reactome:ProteinReference3223,abstraction:ControlsExpressionOf,reactome:ProteinReference6185
reactome:ProteinReference1133,abstraction:ControlsExpressionOf,reactome:ProteinReference6097
reactome:ProteinReference8609,abstraction:ControlsExpressionOf,reactome:ProteinReference4423
reactome:ProteinReference10922,abstraction:ControlsExpressionOf,reactome:ProteinReference11933
reactome:ProteinReference1060,abstraction:ControlsExpressionOf,reactome:ProteinReference1145
reactome:ProteinReference1119,abstraction:ControlsExpressionOf,reactome:ProteinReference1351
reactome:ProteinReference10409,abstraction:ControlsExpressionOf,reactome:ProteinReference12007
reactome:ProteinReference4523,abstraction:ControlsExpressionOf,reactome:ProteinReference10580
reactome:ProteinReference1067,abstraction:ControlsExpressionOf,reactome:ProteinReference5139
reactome:ProteinReference1804,abstraction:ControlsExpressionOf,reactome:ProteinReference826
reactome:ProteinReference1066,abstraction:ControlsExpressionOf,reactome:ProteinReference1161
reactome:ProteinReference10922,abstraction:ControlsExpressionOf,reactome:ProteinReference11945
reactome:ProteinReference10578,abstraction:ControlsExpressionOf,reactome:ProteinReference10577
reactome:ProteinReference4527,abstraction:ControlsExpressionOf,reactome:ProteinReference655
reactome:ProteinReference8283,abstraction:ControlsExpressionOf,reactome:ProteinReference6139
reactome:ProteinReference10809,abstraction:ControlsExpressionOf,reactome:ProteinReference10817
reactome:ProteinReference9701,abstraction:ControlsExpressionOf,reactome:ProteinReference8564
reactome:ProteinReference1052,abstraction:ControlsExpressionOf,reactome:ProteinReference1158
reactome:ProteinReference6875,abstraction:ControlsExpressionOf,reactome:ProteinReference6895
reactome:ProteinReference4527,abstraction:ControlsExpressionOf,reactome:ProteinReference5573
reactome:ProteinReference1114,abstraction:ControlsExpressionOf,reactome:ProteinReference1162
reactome:ProteinReference1113,abstraction:ControlsExpressionOf,reactome:ProteinReference1347
reactome:ProteinReference1065,abstraction:ControlsExpressionOf,reactome:ProteinReference1082
reactome:ProteinReference1067,abstraction:ControlsExpressionOf,reactome:ProteinReference1156
reactome:ProteinReference10409,abstraction:ControlsExpressionOf,reactome:ProteinReference11801
reactome:ProteinReference4556,abstraction:ControlsExpressionOf,reactome:ProteinReference10580
reactome:ProteinReference11271,abstraction:ControlsExpressionOf,reactome:ProteinReference11719
reactome:ProteinReference5942,abstraction:ControlsExpressionOf,reactome:ProteinReference588
reactome:ProteinReference3891,abstraction:ControlsExpressionOf,reactome:ProteinReference3477
reactome:ProteinReference11271,abstraction:ControlsExpressionOf,reactome:ProteinReference12009
reactome:ProteinReference1114,abstraction:ControlsExpressionOf,reactome:ProteinReference5139
reactome:ProteinReference1061,abstraction:ControlsExpressionOf,reactome:ProteinReference10838
reactome:ProteinReference1111,abstraction:ControlsExpressionOf,reactome:ProteinReference1402
reactome:ProteinReference11271,abstraction:ControlsExpressionOf,reactome:ProteinReference11987
reactome:ProteinReference1106,abstraction:ControlsExpressionOf,reactome:ProteinReference1337
reactome:ProteinReference10922,abstraction:ControlsExpressionOf,reactome:ProteinReference11703
reactome:ProteinReference1111,abstraction:ControlsExpressionOf,reactome:ProteinReference1349
reactome:ProteinReference4554,abstraction:ControlsExpressionOf,reactome:ProteinReference7502
reactome:ProteinReference4558,abstraction:ControlsExpressionOf,reactome:ProteinReference1126
reactome:ProteinReference1063,abstraction:ControlsExpressionOf,reactome:ProteinReference1136
reactome:ProteinReference4554,abstraction:ControlsExpressionOf,reactome:ProteinReference1372
reactome:ProteinReference2486,abstraction:ControlsExpressionOf,reactome:ProteinReference8632
reactome:ProteinReference2797,abstraction:ControlsExpressionOf,reactome:ProteinReference8322
reactome:ProteinReference6774,abstraction:ControlsExpressionOf,reactome:ProteinReference6782
reactome:ProteinReference706,abstraction:ControlsExpressionOf,reactome:ProteinReference1197
reactome:ProteinReference1119,abstraction:ControlsExpressionOf,reactome:ProteinReference1807
reactome:ProteinReference5242,abstraction:ControlsExpressionOf,reactome:ProteinReference1126
reactome:ProteinReference10922,abstraction:ControlsExpressionOf,reactome:ProteinReference11670
reactome:ProteinReference3864,abstraction:ControlsExpressionOf,reactome:ProteinReference2581
reactome:ProteinReference10409,abstraction:ControlsExpressionOf,reactome:ProteinReference11914
reactome:ProteinReference10409,abstraction:ControlsExpressionOf,reactome:ProteinReference11711
reactome:ProteinReference10922,abstraction:ControlsExpressionOf,reactome:ProteinReference11697
reactome:ProteinReference8823,abstraction:ControlsExpressionOf,reactome:ProteinReference3067
reactome:ProteinReference1063,abstraction:ControlsExpressionOf,reactome:ProteinReference1051
reactome:ProteinReference10922,abstraction:ControlsExpressionOf,reactome:ProteinReference11834
reactome:ProteinReference8195,abstraction:ControlsExpressionOf,reactome:ProteinReference10580
reactome:ProteinReference1106,abstraction:ControlsExpressionOf,reactome:ProteinReference5139
reactome:ProteinReference6080,abstraction:ControlsExpressionOf,reactome:ProteinReference5404
reactome:ProteinReference1073,abstraction:ControlsExpressionOf,reactome:ProteinReference1645
reactome:ProteinReference10922,abstraction:ControlsExpressionOf,reactome:ProteinReference11738
reactome:ProteinReference5244,abstraction:ControlsExpressionOf,reactome:ProteinReference10577
reactome:ProteinReference2835,abstraction:ControlsExpressionOf,reactome:ProteinReference2059
reactome:ProteinReference11314,abstraction:ControlsExpressionOf,reactome:ProteinReference8116
reactome:ProteinReference9779,abstraction:ControlsExpressionOf,reactome:ProteinReference1240
reactome:ProteinReference1153,abstraction:ControlsExpressionOf,reactome:ProteinReference10595
reactome:ProteinReference6818,abstraction:ControlsExpressionOf,reactome:ProteinReference9463
reactome:ProteinReference6244,abstraction:ControlsExpressionOf,reactome:ProteinReference2691
reactome:ProteinReference5003,abstraction:ControlsExpressionOf,reactome:ProteinReference1197
reactome:ProteinReference1118,abstraction:ControlsExpressionOf,reactome:ProteinReference1339
reactome:ProteinReference1101,abstraction:ControlsExpressionOf,reactome:ProteinReference10580
reactome:ProteinReference1061,abstraction:ControlsExpressionOf,reactome:ProteinReference1145
reactome:ProteinReference2811,abstraction:ControlsExpressionOf,reactome:ProteinReference4423
reactome:ProteinReference2792,abstraction:ControlsExpressionOf,reactome:ProteinReference4423
reactome:ProteinReference10922,abstraction:ControlsExpressionOf,reactome:ProteinReference11888
reactome:ProteinReference8287,abstraction:ControlsExpressionOf,reactome:ProteinReference6816
reactome:ProteinReference11026,abstraction:ControlsExpressionOf,reactome:ProteinReference11027
reactome:ProteinReference5239,abstraction:ControlsExpressionOf,reactome:ProteinReference10577
reactome:ProteinReference11271,abstraction:ControlsExpressionOf,reactome:ProteinReference12030
reactome:ProteinReference10922,abstraction:ControlsExpressionOf,reactome:ProteinReference11788
reactome:ProteinReference10922,abstraction:ControlsExpressionOf,reactome:ProteinReference11960
reactome:ProteinReference6774,abstraction:ControlsExpressionOf,reactome:ProteinReference1198
reactome:ProteinReference11271,abstraction:ControlsExpressionOf,reactome:ProteinReference11807
reactome:ProteinReference2512,abstraction:ControlsExpressionOf,reactome:ProteinReference8632
reactome:ProteinReference10409,abstraction:ControlsExpressionOf,reactome:ProteinReference11820
reactome:ProteinReference7826,abstraction:ControlsExpressionOf,reactome:ProteinReference10375
reactome:ProteinReference4556,abstraction:ControlsExpressionOf,reactome:ProteinReference10578
reactome:ProteinReference11271,abstraction:ControlsExpressionOf,reactome:ProteinReference11777
reactome:ProteinReference1132,abstraction:ControlsExpressionOf,reactome:ProteinReference10470
reactome:ProteinReference1105,abstraction:ControlsExpressionOf,reactome:ProteinReference661
reactome:ProteinReference11271,abstraction:ControlsExpressionOf,reactome:ProteinReference11846
reactome:ProteinReference8601,abstraction:ControlsExpressionOf,reactome:ProteinReference5336
reactome:ProteinReference7590,abstraction:ControlsExpressionOf,reactome:ProteinReference6969
reactome:ProteinReference4555,abstraction:ControlsExpressionOf,reactome:ProteinReference1082
reactome:ProteinReference9923,abstraction:ControlsExpressionOf,reactome:ProteinReference6798
reactome:ProteinReference3086,abstraction:ControlsExpressionOf,reactome:ProteinReference6139
reactome:ProteinReference4553,abstraction:ControlsExpressionOf,reactome:ProteinReference1152
reactome:ProteinReference9052,abstraction:ControlsExpressionOf,reactome:ProteinReference10598
reactome:ProteinReference4589,abstraction:ControlsExpressionOf,reactome:ProteinReference5509
reactome:ProteinReference6947,abstraction:ControlsExpressionOf,reactome:ProteinReference3540
reactome:ProteinReference1064,abstraction:ControlsExpressionOf,reactome:ProteinReference10581
reactome:ProteinReference10836,abstraction:ControlsExpressionOf,reactome:ProteinReference4636
reactome:ProteinReference11256,abstraction:ControlsExpressionOf,reactome:ProteinReference8292
reactome:ProteinReference1088,abstraction:ControlsExpressionOf,reactome:ProteinReference1744
reactome:ProteinReference11314,abstraction:ControlsExpressionOf,reactome:ProteinReference4468
reactome:ProteinReference9139,abstraction:ControlsExpressionOf,reactome:ProteinReference5390
reactome:ProteinReference1060,abstraction:ControlsExpressionOf,reactome:ProteinReference1135
reactome:ProteinReference6079,abstraction:ControlsExpressionOf,reactome:ProteinReference4470
reactome:ProteinReference1109,abstraction:ControlsExpressionOf,reactome:ProteinReference655
reactome:ProteinReference6162,abstraction:ControlsExpressionOf,reactome:ProteinReference2584
reactome:ProteinReference4558,abstraction:ControlsExpressionOf,reactome:ProteinReference3539
reactome:ProteinReference1061,abstraction:ControlsExpressionOf,reactome:ProteinReference10580
reactome:ProteinReference1141,abstraction:ControlsExpressionOf,reactome:ProteinReference1646
reactome:ProteinReference8824,abstraction:ControlsExpressionOf,reactome:ProteinReference9711
reactome:ProteinReference1068,abstraction:ControlsExpressionOf,reactome:ProteinReference2581
reactome:ProteinReference11271,abstraction:ControlsExpressionOf,reactome:ProteinReference11839
reactome:ProteinReference10409,abstraction:ControlsExpressionOf,reactome:ProteinReference11789
reactome:ProteinReference4550,abstraction:ControlsExpressionOf,reactome:ProteinReference1347
reactome:ProteinReference4525,abstraction:ControlsExpressionOf,reactome:ProteinReference10578
reactome:ProteinReference6818,abstraction:ControlsExpressionOf,reactome:ProteinReference8954
reactome:ProteinReference5284,abstraction:ControlsExpressionOf,reactome:ProteinReference1162
reactome:ProteinReference1096,abstraction:ControlsExpressionOf,reactome:ProteinReference1268
reactome:ProteinReference2795,abstraction:ControlsExpressionOf,reactome:ProteinReference10384
reactome:ProteinReference5431,abstraction:ControlsExpressionOf,reactome:ProteinReference6173
reactome:ProteinReference4588,abstraction:ControlsExpressionOf,reactome:ProteinReference5163
reactome:ProteinReference2787,abstraction:ControlsExpressionOf,reactome:ProteinReference5291
reactome:ProteinReference10922,abstraction:ControlsExpressionOf,reactome:ProteinReference11767
reactome:ProteinReference40,abstraction:ControlsExpressionOf,reactome:ProteinReference6150
reactome:ProteinReference9785,abstraction:ControlsExpressionOf,reactome:ProteinReference9793
reactome:ProteinReference5004,abstraction:ControlsExpressionOf,reactome:ProteinReference661
reactome:ProteinReference2809,abstraction:ControlsExpressionOf,reactome:ProteinReference6855
reactome:ProteinReference11025,abstraction:ControlsExpressionOf,reactome:ProteinReference11027
reactome:ProteinReference11256,abstraction:ControlsExpressionOf,reactome:ProteinReference5420
reactome:ProteinReference4555,abstraction:ControlsExpressionOf,reactome:ProteinReference1188
reactome:ProteinReference2809,abstraction:ControlsExpressionOf,reactome:ProteinReference10383
reactome:ProteinReference4550,abstraction:ControlsExpressionOf,reactome:ProteinReference3539
reactome:ProteinReference1062,abstraction:ControlsExpressionOf,reactome:ProteinReference1149
reactome:ProteinReference4557,abstraction:ControlsExpressionOf,reactome:ProteinReference1351
reactome:ProteinReference1076,abstraction:ControlsExpressionOf,reactome:ProteinReference1640
reactome:ProteinReference10350,abstraction:ControlsExpressionOf,reactome:ProteinReference10346
reactome:ProteinReference10922,abstraction:ControlsExpressionOf,reactome:ProteinReference11794
reactome:ProteinReference4554,abstraction:ControlsExpressionOf,reactome:ProteinReference1346
reactome:ProteinReference5036,abstraction:ControlsExpressionOf,reactome:ProteinReference6176
reactome:ProteinReference2806,abstraction:ControlsExpressionOf,reactome:ProteinReference4438
reactome:ProteinReference10922,abstraction:ControlsExpressionOf,reactome:ProteinReference11811
reactome:ProteinReference1116,abstraction:ControlsExpressionOf,reactome:ProteinReference10580
reactome:ProteinReference6817,abstraction:ControlsExpressionOf,reactome:ProteinReference6190
reactome:ProteinReference7826,abstraction:ControlsExpressionOf,reactome:ProteinReference8190
reactome:ProteinReference3851,abstraction:ControlsExpressionOf,reactome:ProteinReference6855
reactome:ProteinReference8823,abstraction:ControlsExpressionOf,reactome:ProteinReference8564
reactome:ProteinReference5431,abstraction:ControlsExpressionOf,reactome:ProteinReference4489
reactome:ProteinReference10922,abstraction:ControlsExpressionOf,reactome:ProteinReference11797
reactome:ProteinReference5428,abstraction:ControlsExpressionOf,reactome:ProteinReference3598
reactome:ProteinReference5240,abstraction:ControlsExpressionOf,reactome:ProteinReference1188
reactome:ProteinReference1060,abstraction:ControlsExpressionOf,reactome:ProteinReference1160
reactome:ProteinReference3851,abstraction:ControlsExpressionOf,reactome:ProteinReference10383
reactome:ProteinReference5395,abstraction:ControlsExpressionOf,reactome:ProteinReference8292
reactome:ProteinReference10409,abstraction:ControlsExpressionOf,reactome:ProteinReference11689
reactome:ProteinReference4580,abstraction:ControlsExpressionOf,reactome:ProteinReference4641
reactome:ProteinReference7505,abstraction:ControlsExpressionOf,reactome:ProteinReference7556
reactome:ProteinReference2808,abstraction:ControlsExpressionOf,reactome:ProteinReference4438
reactome:ProteinReference9047,abstraction:ControlsExpressionOf,reactome:ProteinReference10577
reactome:ProteinReference1061,abstraction:ControlsExpressionOf,reactome:ProteinReference1135
reactome:ProteinReference1070,abstraction:ControlsExpressionOf,reactome:ProteinReference1130
reactome:ProteinReference1098,abstraction:ControlsExpressionOf,reactome:ProteinReference1844
reactome:ProteinReference1109,abstraction:ControlsExpressionOf,reactome:ProteinReference1126
reactome:ProteinReference1066,abstraction:ControlsExpressionOf,reactome:ProteinReference1151
reactome:ProteinReference5285,abstraction:ControlsExpressionOf,reactome:ProteinReference1268
reactome:ProteinReference1096,abstraction:ControlsExpressionOf,reactome:ProteinReference10578
reactome:ProteinReference6697,abstraction:ControlsExpressionOf,reactome:ProteinReference7609
reactome:ProteinReference7505,abstraction:ControlsExpressionOf,reactome:ProteinReference6282
reactome:ProteinReference5245,abstraction:ControlsExpressionOf,reactome:ProteinReference1339
reactome:ProteinReference706,abstraction:ControlsExpressionOf,reactome:ProteinReference1349
reactome:ProteinReference4558,abstraction:ControlsExpressionOf,reactome:ProteinReference1744
reactome:ProteinReference9701,abstraction:ControlsExpressionOf,reactome:ProteinReference9709
reactome:ProteinReference1075,abstraction:ControlsExpressionOf,reactome:ProteinReference1650
reactome:ProteinReference1074,abstraction:ControlsExpressionOf,reactome:ProteinReference1183
reactome:ProteinReference1065,abstraction:ControlsExpressionOf,reactome:ProteinReference1081
reactome:ProteinReference1054,abstraction:ControlsExpressionOf,reactome:ProteinReference10443
reactome:ProteinReference5242,abstraction:ControlsExpressionOf,reactome:ProteinReference1744
reactome:ProteinReference7604,abstraction:ControlsExpressionOf,reactome:ProteinReference10825
reactome:ProteinReference4557,abstraction:ControlsExpressionOf,reactome:ProteinReference1807
reactome:ProteinReference11256,abstraction:ControlsExpressionOf,reactome:ProteinReference4820
reactome:ProteinReference5155,abstraction:ControlsExpressionOf,reactome:ProteinReference1773
reactome:ProteinReference4552,abstraction:ControlsExpressionOf,reactome:ProteinReference1082
reactome:ProteinReference1095,abstraction:ControlsExpressionOf,reactome:ProteinReference10580
reactome:ProteinReference4458,abstraction:ControlsExpressionOf,reactome:ProteinReference7714
reactome:ProteinReference5003,abstraction:ControlsExpressionOf,reactome:ProteinReference1402
reactome:ProteinReference6147,abstraction:ControlsExpressionOf,reactome:ProteinReference6139
reactome:ProteinReference5003,abstraction:ControlsExpressionOf,reactome:ProteinReference1349
reactome:ProteinReference11271,abstraction:ControlsExpressionOf,reactome:ProteinReference11949
reactome:ProteinReference1134,abstraction:ControlsExpressionOf,reactome:ProteinReference1130
reactome:ProteinReference1092,abstraction:ControlsExpressionOf,reactome:ProteinReference661
reactome:ProteinReference11271,abstraction:ControlsExpressionOf,reactome:ProteinReference11636
reactome:ProteinReference4555,abstraction:ControlsExpressionOf,reactome:ProteinReference7502
reactome:ProteinReference11271,abstraction:ControlsExpressionOf,reactome:ProteinReference11813
reactome:ProteinReference4554,abstraction:ControlsExpressionOf,reactome:ProteinReference1126
reactome:ProteinReference1062,abstraction:ControlsExpressionOf,reactome:ProteinReference1159
reactome:ProteinReference9053,abstraction:ControlsExpressionOf,reactome:ProteinReference655
reactome:ProteinReference6244,abstraction:ControlsExpressionOf,reactome:ProteinReference4209
reactome:ProteinReference5243,abstraction:ControlsExpressionOf,reactome:ProteinReference10581
reactome:ProteinReference9701,abstraction:ControlsExpressionOf,reactome:ProteinReference8783
reactome:ProteinReference7826,abstraction:ControlsExpressionOf,reactome:ProteinReference8227
reactome:ProteinReference1066,abstraction:ControlsExpressionOf,reactome:ProteinReference1136
reactome:ProteinReference9100,abstraction:ControlsExpressionOf,reactome:ProteinReference2585
reactome:ProteinReference5273,abstraction:ControlsExpressionOf,reactome:ProteinReference3598
reactome:ProteinReference6079,abstraction:ControlsExpressionOf,reactome:ProteinReference9672
reactome:ProteinReference10409,abstraction:ControlsExpressionOf,reactome:ProteinReference12019
reactome:ProteinReference10409,abstraction:ControlsExpressionOf,reactome:ProteinReference11827
reactome:ProteinReference9053,abstraction:ControlsExpressionOf,reactome:ProteinReference1346
reactome:ProteinReference5245,abstraction:ControlsExpressionOf,reactome:ProteinReference3577
reactome:ProteinReference4489,abstraction:ControlsExpressionOf,reactome:ProteinReference8059
reactome:ProteinReference2793,abstraction:ControlsExpressionOf,reactome:ProteinReference5291
reactome:ProteinReference4473,abstraction:ControlsExpressionOf,reactome:ProteinReference7726
reactome:ProteinReference10466,abstraction:ControlsExpressionOf,reactome:ProteinReference10470
reactome:ProteinReference6861,abstraction:ControlsExpressionOf,reactome:ProteinReference9741
reactome:ProteinReference10922,abstraction:ControlsExpressionOf,reactome:ProteinReference11661
reactome:ProteinReference8287,abstraction:ControlsExpressionOf,reactome:ProteinReference7012
reactome:ProteinReference1061,abstraction:ControlsExpressionOf,reactome:ProteinReference1160
reactome:ProteinReference5285,abstraction:ControlsExpressionOf,reactome:ProteinReference10578
reactome:ProteinReference1072,abstraction:ControlsExpressionOf,reactome:ProteinReference1071
reactome:ProteinReference7604,abstraction:ControlsExpressionOf,reactome:ProteinReference3891
reactome:ProteinReference2809,abstraction:ControlsExpressionOf,reactome:ProteinReference5336
reactome:ProteinReference10572,abstraction:ControlsExpressionOf,reactome:ProteinReference1372
reactome:ProteinReference4530,abstraction:ControlsExpressionOf,reactome:ProteinReference3577
reactome:ProteinReference3487,abstraction:ControlsExpressionOf,reactome:ProteinReference5395
reactome:ProteinReference8286,abstraction:ControlsExpressionOf,reactome:ProteinReference7521
reactome:ProteinReference2810,abstraction:ControlsExpressionOf,reactome:ProteinReference4438
reactome:ProteinReference10922,abstraction:ControlsExpressionOf,reactome:ProteinReference10923
reactome:ProteinReference10922,abstraction:ControlsExpressionOf,reactome:ProteinReference11660
reactome:ProteinReference10834,abstraction:ControlsExpressionOf,reactome:ProteinReference7777
reactome:ProteinReference6951,abstraction:ControlsExpressionOf,reactome:ProteinReference4611
reactome:ProteinReference10409,abstraction:ControlsExpressionOf,reactome:ProteinReference11658
reactome:ProteinReference1067,abstraction:ControlsExpressionOf,reactome:ProteinReference1139
reactome:ProteinReference5245,abstraction:ControlsExpressionOf,reactome:ProteinReference4641
reactome:ProteinReference1065,abstraction:ControlsExpressionOf,reactome:ProteinReference655
reactome:ProteinReference2475,abstraction:ControlsExpressionOf,reactome:ProteinReference8632
reactome:ProteinReference1086,abstraction:ControlsExpressionOf,reactome:ProteinReference10580
reactome:ProteinReference1066,abstraction:ControlsExpressionOf,reactome:ProteinReference666
reactome:ProteinReference1141,abstraction:ControlsExpressionOf,reactome:ProteinReference1658
reactome:ProteinReference6861,abstraction:ControlsExpressionOf,reactome:ProteinReference9738
reactome:ProteinReference1052,abstraction:ControlsExpressionOf,reactome:ProteinReference1337
reactome:ProteinReference1100,abstraction:ControlsExpressionOf,reactome:ProteinReference1339
reactome:ProteinReference2449,abstraction:ControlsExpressionOf,reactome:ProteinReference8632
reactome:ProteinReference5240,abstraction:ControlsExpressionOf,reactome:ProteinReference1339
reactome:ProteinReference10376,abstraction:ControlsExpressionOf,reactome:ProteinReference4660
reactome:ProteinReference6861,abstraction:ControlsExpressionOf,reactome:ProteinReference9734
reactome:ProteinReference1065,abstraction:ControlsExpressionOf,reactome:ProteinReference1346
reactome:ProteinReference3851,abstraction:ControlsExpressionOf,reactome:ProteinReference5336
reactome:ProteinReference10922,abstraction:ControlsExpressionOf,reactome:ProteinReference11700
reactome:ProteinReference11314,abstraction:ControlsExpressionOf,reactome:ProteinReference4470
reactome:ProteinReference6952,abstraction:ControlsExpressionOf,reactome:ProteinReference4641
reactome:ProteinReference1076,abstraction:ControlsExpressionOf,reactome:ProteinReference1172
reactome:ProteinReference10922,abstraction:ControlsExpressionOf,reactome:ProteinReference11681
reactome:ProteinReference5433,abstraction:ControlsExpressionOf,reactome:ProteinReference6692
reactome:ProteinReference1052,abstraction:ControlsExpressionOf,reactome:ProteinReference11252
reactome:ProteinReference7729,abstraction:ControlsExpressionOf,reactome:ProteinReference2581
reactome:ProteinReference4392,abstraction:ControlsExpressionOf,reactome:ProteinReference10850
reactome:ProteinReference5153,abstraction:ControlsExpressionOf,reactome:ProteinReference1773
reactome:ProteinReference1098,abstraction:ControlsExpressionOf,reactome:ProteinReference1352
reactome:ProteinReference11271,abstraction:ControlsExpressionOf,reactome:ProteinReference11988
reactome:ProteinReference10409,abstraction:ControlsExpressionOf,reactome:ProteinReference11718
reactome:ProteinReference1951,abstraction:ControlsExpressionOf,reactome:ProteinReference1950
reactome:ProteinReference1052,abstraction:ControlsExpressionOf,reactome:ProteinReference5139
reactome:ProteinReference5277,abstraction:ControlsExpressionOf,reactome:ProteinReference10830
reactome:ProteinReference4549,abstraction:ControlsExpressionOf,reactome:ProteinReference3577
reactome:ProteinReference4557,abstraction:ControlsExpressionOf,reactome:ProteinReference5176
reactome:ProteinReference6244,abstraction:ControlsExpressionOf,reactome:ProteinReference4135
reactome:ProteinReference11271,abstraction:ControlsExpressionOf,reactome:ProteinReference12014
reactome:ProteinReference2467,abstraction:ControlsExpressionOf,reactome:ProteinReference8632
reactome:ProteinReference6243,abstraction:ControlsExpressionOf,reactome:ProteinReference5072
reactome:ProteinReference4588,abstraction:ControlsExpressionOf,reactome:ProteinReference5282
reactome:ProteinReference8283,abstraction:ControlsExpressionOf,reactome:ProteinReference7037
reactome:ProteinReference1053,abstraction:ControlsExpressionOf,reactome:ProteinReference1081
reactome:ProteinReference7506,abstraction:ControlsExpressionOf,reactome:ProteinReference1357
reactome:ProteinReference2450,abstraction:ControlsExpressionOf,reactome:ProteinReference8632
reactome:ProteinReference10922,abstraction:ControlsExpressionOf,reactome:ProteinReference11877
reactome:ProteinReference1088,abstraction:ControlsExpressionOf,reactome:ProteinReference2719
reactome:ProteinReference4473,abstraction:ControlsExpressionOf,reactome:ProteinReference7502
reactome:ProteinReference1064,abstraction:ControlsExpressionOf,reactome:ProteinReference1152
reactome:ProteinReference1052,abstraction:ControlsExpressionOf,reactome:ProteinReference1156
reactome:ProteinReference6861,abstraction:ControlsExpressionOf,reactome:ProteinReference5234
reactome:ProteinReference707,abstraction:ControlsExpressionOf,reactome:ProteinReference1197
reactome:ProteinReference10409,abstraction:ControlsExpressionOf,reactome:ProteinReference11721
reactome:ProteinReference2947,abstraction:ControlsExpressionOf,reactome:ProteinReference10838
reactome:ProteinReference9807,abstraction:ControlsExpressionOf,reactome:ProteinReference5593
reactome:ProteinReference11271,abstraction:ControlsExpressionOf,reactome:ProteinReference12031
reactome:ProteinReference6943,abstraction:ControlsExpressionOf,reactome:ProteinReference4438
reactome:ProteinReference7505,abstraction:ControlsExpressionOf,reactome:ProteinReference7559
reactome:ProteinReference10573,abstraction:ControlsExpressionOf,reactome:ProteinReference10580
reactome:ProteinReference4458,abstraction:ControlsExpressionOf,reactome:ProteinReference1372
reactome:ProteinReference1112,abstraction:ControlsExpressionOf,reactome:ProteinReference1347
reactome:ProteinReference10409,abstraction:ControlsExpressionOf,reactome:ProteinReference11653
reactome:ProteinReference6946,abstraction:ControlsExpressionOf,reactome:ProteinReference4438
reactome:ProteinReference6244,abstraction:ControlsExpressionOf,reactome:ProteinReference6264
reactome:ProteinReference10922,abstraction:ControlsExpressionOf,reactome:ProteinReference11965
reactome:ProteinReference1059,abstraction:ControlsExpressionOf,reactome:ProteinReference1139
reactome:ProteinReference8287,abstraction:ControlsExpressionOf,reactome:ProteinReference10449
reactome:ProteinReference1079,abstraction:ControlsExpressionOf,reactome:ProteinReference332
reactome:ProteinReference1154,abstraction:ControlsExpressionOf,reactome:ProteinReference8966
reactome:ProteinReference1065,abstraction:ControlsExpressionOf,reactome:ProteinReference1138
reactome:ProteinReference10409,abstraction:ControlsExpressionOf,reactome:ProteinReference11939
reactome:ProteinReference4552,abstraction:ControlsExpressionOf,reactome:ProteinReference7502
reactome:ProteinReference5428,abstraction:ControlsExpressionOf,reactome:ProteinReference4641
reactome:ProteinReference11033,abstraction:ControlsExpressionOf,reactome:ProteinReference11029
reactome:ProteinReference4552,abstraction:ControlsExpressionOf,reactome:ProteinReference1372
reactome:ProteinReference8610,abstraction:ControlsExpressionOf,reactome:ProteinReference4438
reactome:ProteinReference4555,abstraction:ControlsExpressionOf,reactome:ProteinReference655
reactome:ProteinReference5431,abstraction:ControlsExpressionOf,reactome:ProteinReference10466
reactome:ProteinReference5390,abstraction:ControlsExpressionOf,reactome:ProteinReference5163
reactome:ProteinReference10922,abstraction:ControlsExpressionOf,reactome:ProteinReference11756
reactome:ProteinReference4555,abstraction:ControlsExpressionOf,reactome:ProteinReference5573
reactome:ProteinReference5240,abstraction:ControlsExpressionOf,reactome:ProteinReference4641
reactome:ProteinReference706,abstraction:ControlsExpressionOf,reactome:ProteinReference16
reactome:ProteinReference4548,abstraction:ControlsExpressionOf,reactome:ProteinReference6180
reactome:ProteinReference4527,abstraction:ControlsExpressionOf,reactome:ProteinReference10581
reactome:ProteinReference6875,abstraction:ControlsExpressionOf,reactome:ProteinReference6900
reactome:ProteinReference8823,abstraction:ControlsExpressionOf,reactome:ProteinReference9709
reactome:ProteinReference1079,abstraction:ControlsExpressionOf,reactome:ProteinReference17
reactome:ProteinReference1114,abstraction:ControlsExpressionOf,reactome:ProteinReference1151
reactome:ProteinReference10922,abstraction:ControlsExpressionOf,reactome:ProteinReference11666
reactome:ProteinReference1089,abstraction:ControlsExpressionOf,reactome:ProteinReference10580
reactome:ProteinReference175,abstraction:ControlsExpressionOf,reactome:ProteinReference9144
reactome:ProteinReference2806,abstraction:ControlsExpressionOf,reactome:ProteinReference5291
reactome:ProteinReference1118,abstraction:ControlsExpressionOf,reactome:ProteinReference1197
reactome:ProteinReference4589,abstraction:ControlsExpressionOf,reactome:ProteinReference7805
reactome:ProteinReference1062,abstraction:ControlsExpressionOf,reactome:ProteinReference327
reactome:ProteinReference11312,abstraction:ControlsExpressionOf,reactome:ProteinReference8116
reactome:ProteinReference1064,abstraction:ControlsExpressionOf,reactome:ProteinReference741
reactome:ProteinReference1123,abstraction:ControlsExpressionOf,reactome:ProteinReference1337
reactome:ProteinReference5030,abstraction:ControlsExpressionOf,reactome:ProteinReference6185
reactome:ProteinReference9052,abstraction:ControlsExpressionOf,reactome:ProteinReference10592
reactome:ProteinReference10572,abstraction:ControlsExpressionOf,reactome:ProteinReference1346
reactome:ProteinReference1096,abstraction:ControlsExpressionOf,reactome:ProteinReference1162
reactome:ProteinReference1069,abstraction:ControlsExpressionOf,reactome:ProteinReference1145
reactome:ProteinReference10409,abstraction:ControlsExpressionOf,reactome:ProteinReference11997
reactome:ProteinReference6080,abstraction:ControlsExpressionOf,reactome:ProteinReference6952
reactome:ProteinReference4548,abstraction:ControlsExpressionOf,reactome:ProteinReference1844
reactome:ProteinReference10925,abstraction:ControlsExpressionOf,reactome:ProteinReference10926
reactome:ProteinReference1153,abstraction:ControlsExpressionOf,reactome:ProteinReference10598
reactome:ProteinReference1057,abstraction:ControlsExpressionOf,reactome:ProteinReference1153
reactome:ProteinReference11271,abstraction:ControlsExpressionOf,reactome:ProteinReference11651
reactome:ProteinReference10829,abstraction:ControlsExpressionOf,reactome:ProteinReference5273
reactome:ProteinReference5030,abstraction:ControlsExpressionOf,reactome:ProteinReference5662
reactome:ProteinReference8823,abstraction:ControlsExpressionOf,reactome:ProteinReference8783
reactome:ProteinReference2455,abstraction:ControlsExpressionOf,reactome:ProteinReference8632
reactome:ProteinReference6774,abstraction:ControlsExpressionOf,reactome:ProteinReference10990
reactome:ProteinReference6817,abstraction:ControlsExpressionOf,reactome:ProteinReference4965
reactome:ProteinReference4414,abstraction:ControlsExpressionOf,reactome:ProteinReference1153
reactome:ProteinReference1133,abstraction:ControlsExpressionOf,reactome:ProteinReference10469
reactome:ProteinReference1123,abstraction:ControlsExpressionOf,reactome:ProteinReference5139
reactome:ProteinReference4456,abstraction:ControlsExpressionOf,reactome:ProteinReference5509
reactome:ProteinReference9785,abstraction:ControlsExpressionOf,reactome:ProteinReference6883
reactome:ProteinReference4588,abstraction:ControlsExpressionOf,reactome:ProteinReference5274
reactome:ProteinReference8602,abstraction:ControlsExpressionOf,reactome:ProteinReference8322
reactome:ProteinReference8740,abstraction:ControlsExpressionOf,reactome:ProteinReference1124
reactome:ProteinReference2805,abstraction:ControlsExpressionOf,reactome:ProteinReference6855
reactome:ProteinReference5939,abstraction:ControlsExpressionOf,reactome:ProteinReference5943
reactome:ProteinReference1121,abstraction:ControlsExpressionOf,reactome:ProteinReference1351
reactome:ProteinReference2805,abstraction:ControlsExpressionOf,reactome:ProteinReference10383
reactome:ProteinReference10841,abstraction:ControlsExpressionOf,reactome:ProteinReference7518
reactome:ProteinReference1062,abstraction:ControlsExpressionOf,reactome:ProteinReference1143
reactome:ProteinReference8609,abstraction:ControlsExpressionOf,reactome:ProteinReference10384
reactome:ProteinReference11271,abstraction:ControlsExpressionOf,reactome:ProteinReference11824
reactome:ProteinReference5154,abstraction:ControlsExpressionOf,reactome:ProteinReference4654
reactome:ProteinReference5243,abstraction:ControlsExpressionOf,reactome:ProteinReference1152
reactome:ProteinReference7340,abstraction:ControlsExpressionOf,reactome:ProteinReference10580
reactome:ProteinReference10922,abstraction:ControlsExpressionOf,reactome:ProteinReference11974
reactome:ProteinReference4541,abstraction:ControlsExpressionOf,reactome:ProteinReference9815
reactome:ProteinReference10922,abstraction:ControlsExpressionOf,reactome:ProteinReference11891
reactome:ProteinReference9052,abstraction:ControlsExpressionOf,reactome:ProteinReference10601
reactome:ProteinReference5433,abstraction:ControlsExpressionOf,reactome:ProteinReference7444
reactome:ProteinReference10409,abstraction:ControlsExpressionOf,reactome:ProteinReference11825
reactome:ProteinReference5030,abstraction:ControlsExpressionOf,reactome:ProteinReference7604
reactome:ProteinReference1076,abstraction:ControlsExpressionOf,reactome:ProteinReference1648
reactome:ProteinReference1062,abstraction:ControlsExpressionOf,reactome:ProteinReference643
reactome:ProteinReference6797,abstraction:ControlsExpressionOf,reactome:ProteinReference8322
reactome:ProteinReference6148,abstraction:ControlsExpressionOf,reactome:ProteinReference1159
reactome:ProteinReference11312,abstraction:ControlsExpressionOf,reactome:ProteinReference4468
reactome:ProteinReference2516,abstraction:ControlsExpressionOf,reactome:ProteinReference8632
reactome:ProteinReference10572,abstraction:ControlsExpressionOf,reactome:ProteinReference1126
reactome:ProteinReference11271,abstraction:ControlsExpressionOf,reactome:ProteinReference11933
reactome:ProteinReference10409,abstraction:ControlsExpressionOf,reactome:ProteinReference12033
reactome:ProteinReference1063,abstraction:ControlsExpressionOf,reactome:ProteinReference1149
reactome:ProteinReference1142,abstraction:ControlsExpressionOf,reactome:ProteinReference1651
reactome:ProteinReference5433,abstraction:ControlsExpressionOf,reactome:ProteinReference7739
reactome:ProteinReference5285,abstraction:ControlsExpressionOf,reactome:ProteinReference1162
reactome:ProteinReference1062,abstraction:ControlsExpressionOf,reactome:ProteinReference1080
reactome:ProteinReference6759,abstraction:ControlsExpressionOf,reactome:ProteinReference6773
reactome:ProteinReference6861,abstraction:ControlsExpressionOf,reactome:ProteinReference9708
reactome:ProteinReference1124,abstraction:ControlsExpressionOf,reactome:ProteinReference655
reactome:ProteinReference10922,abstraction:ControlsExpressionOf,reactome:ProteinReference11851
reactome:ProteinReference4552,abstraction:ControlsExpressionOf,reactome:ProteinReference655
reactome:ProteinReference7509,abstraction:ControlsExpressionOf,reactome:ProteinReference7546
reactome:ProteinReference707,abstraction:ControlsExpressionOf,reactome:ProteinReference1349
reactome:ProteinReference1990,abstraction:ControlsExpressionOf,reactome:ProteinReference1988
reactome:ProteinReference4589,abstraction:ControlsExpressionOf,reactome:ProteinReference5510
reactome:ProteinReference5277,abstraction:ControlsExpressionOf,reactome:ProteinReference10807
reactome:ProteinReference1121,abstraction:ControlsExpressionOf,reactome:ProteinReference1807
reactome:ProteinReference10409,abstraction:ControlsExpressionOf,reactome:ProteinReference11870
reactome:ProteinReference4552,abstraction:ControlsExpressionOf,reactome:ProteinReference1346
reactome:ProteinReference10922,abstraction:ControlsExpressionOf,reactome:ProteinReference12010
reactome:ProteinReference10409,abstraction:ControlsExpressionOf,reactome:ProteinReference11998
reactome:ProteinReference5429,abstraction:ControlsExpressionOf,reactome:ProteinReference4386
reactome:ProteinReference10922,abstraction:ControlsExpressionOf,reactome:ProteinReference11892
reactome:ProteinReference9701,abstraction:ControlsExpressionOf,reactome:ProteinReference9702
reactome:ProteinReference8824,abstraction:ControlsExpressionOf,reactome:ProteinReference8292
reactome:ProteinReference10409,abstraction:ControlsExpressionOf,reactome:ProteinReference11879
reactome:ProteinReference10922,abstraction:ControlsExpressionOf,reactome:ProteinReference11890
reactome:ProteinReference5284,abstraction:ControlsExpressionOf,reactome:ProteinReference1151
reactome:ProteinReference10922,abstraction:ControlsExpressionOf,reactome:ProteinReference11643
reactome:ProteinReference11271,abstraction:ControlsExpressionOf,reactome:ProteinReference11752
reactome:ProteinReference6774,abstraction:ControlsExpressionOf,reactome:ProteinReference10992
reactome:ProteinReference7590,abstraction:ControlsExpressionOf,reactome:ProteinReference5617
reactome:ProteinReference6925,abstraction:ControlsExpressionOf,reactome:ProteinReference5426
reactome:ProteinReference10922,abstraction:ControlsExpressionOf,reactome:ProteinReference11857
reactome:ProteinReference11271,abstraction:ControlsExpressionOf,reactome:ProteinReference11697
reactome:ProteinReference11271,abstraction:ControlsExpressionOf,reactome:ProteinReference11834
reactome:ProteinReference10409,abstraction:ControlsExpressionOf,reactome:ProteinReference11809
reactome:ProteinReference11271,abstraction:ControlsExpressionOf,reactome:ProteinReference11738
reactome:ProteinReference10409,abstraction:ControlsExpressionOf,reactome:ProteinReference11739
reactome:ProteinReference1057,abstraction:ControlsExpressionOf,reactome:ProteinReference1123
reactome:ProteinReference8823,abstraction:ControlsExpressionOf,reactome:ProteinReference8830
reactome:ProteinReference9807,abstraction:ControlsExpressionOf,reactome:ProteinReference712
reactome:ProteinReference10922,abstraction:ControlsExpressionOf,reactome:ProteinReference11845
reactome:ProteinReference5245,abstraction:ControlsExpressionOf,reactome:ProteinReference1197
reactome:ProteinReference8280,abstraction:ControlsExpressionOf,reactome:ProteinReference8907
reactome:ProteinReference1088,abstraction:ControlsExpressionOf,reactome:ProteinReference7546
reactome:ProteinReference10922,abstraction:ControlsExpressionOf,reactome:ProteinReference11714
reactome:ProteinReference1063,abstraction:ControlsExpressionOf,reactome:ProteinReference1159
reactome:ProteinReference1069,abstraction:ControlsExpressionOf,reactome:ProteinReference1135
reactome:ProteinReference3487,abstraction:ControlsExpressionOf,reactome:ProteinReference10425
reactome:ProteinReference6159,abstraction:ControlsExpressionOf,reactome:ProteinReference10350
reactome:ProteinReference1150,abstraction:ControlsExpressionOf,reactome:ProteinReference1154
reactome:ProteinReference1104,abstraction:ControlsExpressionOf,reactome:ProteinReference1351
reactome:ProteinReference4458,abstraction:ControlsExpressionOf,reactome:ProteinReference1126
reactome:ProteinReference2805,abstraction:ControlsExpressionOf,reactome:ProteinReference5336
reactome:ProteinReference8603,abstraction:ControlsExpressionOf,reactome:ProteinReference5291
reactome:ProteinReference1064,abstraction:ControlsExpressionOf,reactome:ProteinReference1145
reactome:ProteinReference7590,abstraction:ControlsExpressionOf,reactome:ProteinReference9722
reactome:ProteinReference10409,abstraction:ControlsExpressionOf,reactome:ProteinReference11812
reactome:ProteinReference10409,abstraction:ControlsExpressionOf,reactome:ProteinReference11646
reactome:ProteinReference11271,abstraction:ControlsExpressionOf,reactome:ProteinReference11888
reactome:ProteinReference1061,abstraction:ControlsExpressionOf,reactome:ProteinReference5913
reactome:ProteinReference7330,abstraction:ControlsExpressionOf,reactome:ProteinReference10854
reactome:ProteinReference8824,abstraction:ControlsExpressionOf,reactome:ProteinReference9706
reactome:ProteinReference1118,abstraction:ControlsExpressionOf,reactome:ProteinReference1402
reactome:ProteinReference4561,abstraction:ControlsExpressionOf,reactome:ProteinReference1339
reactome:ProteinReference4530,abstraction:ControlsExpressionOf,reactome:ProteinReference1197
reactome:ProteinReference5274,abstraction:ControlsExpressionOf,reactome:ProteinReference5406
reactome:ProteinReference11271,abstraction:ControlsExpressionOf,reactome:ProteinReference11788
reactome:ProteinReference5242,abstraction:ControlsExpressionOf,reactome:ProteinReference1152
reactome:ProteinReference4526,abstraction:ControlsExpressionOf,reactome:ProteinReference1151
reactome:ProteinReference10409,abstraction:ControlsExpressionOf,reactome:ProteinReference11748
reactome:ProteinReference8601,abstraction:ControlsExpressionOf,reactome:ProteinReference4423
reactome:ProteinReference11271,abstraction:ControlsExpressionOf,reactome:ProteinReference11960
reactome:ProteinReference1088,abstraction:ControlsExpressionOf,reactome:ProteinReference5915
reactome:ProteinReference1062,abstraction:ControlsExpressionOf,reactome:ProteinReference1158
reactome:ProteinReference4552,abstraction:ControlsExpressionOf,reactome:ProteinReference1126
reactome:ProteinReference1118,abstraction:ControlsExpressionOf,reactome:ProteinReference1349
reactome:ProteinReference2807,abstraction:ControlsExpressionOf,reactome:ProteinReference8322
reactome:ProteinReference1093,abstraction:ControlsExpressionOf,reactome:ProteinReference741
reactome:ProteinReference10409,abstraction:ControlsExpressionOf,reactome:ProteinReference11911
reactome:ProteinReference8286,abstraction:ControlsExpressionOf,reactome:ProteinReference6794
reactome:ProteinReference4523,abstraction:ControlsExpressionOf,reactome:ProteinReference1339
reactome:ProteinReference10922,abstraction:ControlsExpressionOf,reactome:ProteinReference11735
reactome:ProteinReference1111,abstraction:ControlsExpressionOf,reactome:ProteinReference10578
reactome:ProteinReference4548,abstraction:ControlsExpressionOf,reactome:ProteinReference1337
reactome:ProteinReference7504,abstraction:ControlsExpressionOf,reactome:ProteinReference7558
reactome:ProteinReference1132,abstraction:ControlsExpressionOf,reactome:ProteinReference6033
reactome:ProteinReference10922,abstraction:ControlsExpressionOf,reactome:ProteinReference12007
reactome:ProteinReference1074,abstraction:ControlsExpressionOf,reactome:ProteinReference1646
reactome:ProteinReference3891,abstraction:ControlsExpressionOf,reactome:ProteinReference8840
reactome:ProteinReference11271,abstraction:ControlsExpressionOf,reactome:ProteinReference11720
reactome:ProteinReference1070,abstraction:ControlsExpressionOf,reactome:ProteinReference1135
reactome:ProteinReference8287,abstraction:ControlsExpressionOf,reactome:ProteinReference10443
reactome:ProteinReference7590,abstraction:ControlsExpressionOf,reactome:ProteinReference3931
reactome:ProteinReference1062,abstraction:ControlsExpressionOf,reactome:ProteinReference1129
reactome:ProteinReference9780,abstraction:ControlsExpressionOf,reactome:ProteinReference5668
reactome:ProteinReference1075,abstraction:ControlsExpressionOf,reactome:ProteinReference8227
reactome:ProteinReference2794,abstraction:ControlsExpressionOf,reactome:ProteinReference8322
reactome:ProteinReference1052,abstraction:ControlsExpressionOf,reactome:ProteinReference1139
reactome:ProteinReference4549,abstraction:ControlsExpressionOf,reactome:ProteinReference1197
reactome:ProteinReference10451,abstraction:ControlsExpressionOf,reactome:ProteinReference4423
reactome:ProteinReference1107,abstraction:ControlsExpressionOf,reactome:ProteinReference10577
reactome:ProteinReference1104,abstraction:ControlsExpressionOf,reactome:ProteinReference1807
reactome:ProteinReference7573,abstraction:ControlsExpressionOf,reactome:ProteinReference10850
reactome:ProteinReference10409,abstraction:ControlsExpressionOf,reactome:ProteinReference11833
reactome:ProteinReference11015,abstraction:ControlsExpressionOf,reactome:ProteinReference10429
reactome:ProteinReference5190,abstraction:ControlsExpressionOf,reactome:ProteinReference5273
reactome:ProteinReference7848,abstraction:ControlsExpressionOf,reactome:ProteinReference763
reactome:ProteinReference4589,abstraction:ControlsExpressionOf,reactome:ProteinReference9795
reactome:ProteinReference6951,abstraction:ControlsExpressionOf,reactome:ProteinReference4641
reactome:ProteinReference2502,abstraction:ControlsExpressionOf,reactome:ProteinReference8632
reactome:ProteinReference6080,abstraction:ControlsExpressionOf,reactome:ProteinReference6081
reactome:ProteinReference1064,abstraction:ControlsExpressionOf,reactome:ProteinReference653
reactome:ProteinReference1069,abstraction:ControlsExpressionOf,reactome:ProteinReference1160
reactome:ProteinReference2527,abstraction:ControlsExpressionOf,reactome:ProteinReference8632
reactome:ProteinReference9053,abstraction:ControlsExpressionOf,reactome:ProteinReference10581
reactome:ProteinReference10409,abstraction:ControlsExpressionOf,reactome:ProteinReference11927
reactome:ProteinReference1067,abstraction:ControlsExpressionOf,reactome:ProteinReference1148
reactome:ProteinReference6861,abstraction:ControlsExpressionOf,reactome:ProteinReference9742
reactome:ProteinReference7596,abstraction:ControlsExpressionOf,reactome:ProteinReference1844
reactome:ProteinReference9807,abstraction:ControlsExpressionOf,reactome:ProteinReference586
reactome:ProteinReference4589,abstraction:ControlsExpressionOf,reactome:ProteinReference659
reactome:ProteinReference1061,abstraction:ControlsExpressionOf,reactome:ProteinReference6181
reactome:ProteinReference5004,abstraction:ControlsExpressionOf,reactome:ProteinReference1082
reactome:ProteinReference1054,abstraction:ControlsExpressionOf,reactome:ProteinReference5275
reactome:ProteinReference4564,abstraction:ControlsExpressionOf,reactome:ProteinReference5449
reactome:ProteinReference1105,abstraction:ControlsExpressionOf,reactome:ProteinReference1188
reactome:ProteinReference6293,abstraction:ControlsExpressionOf,reactome:ProteinReference7546
reactome:ProteinReference5428,abstraction:ControlsExpressionOf,reactome:ProteinReference6075
reactome:ProteinReference4523,abstraction:ControlsExpressionOf,reactome:ProteinReference3577
reactome:ProteinReference2553,abstraction:ControlsExpressionOf,reactome:ProteinReference9759
reactome:ProteinReference1100,abstraction:ControlsExpressionOf,reactome:ProteinReference1197
reactome:ProteinReference2804,abstraction:ControlsExpressionOf,reactome:ProteinReference5291
reactome:ProteinReference10922,abstraction:ControlsExpressionOf,reactome:ProteinReference11640
reactome:ProteinReference1113,abstraction:ControlsExpressionOf,reactome:ProteinReference1351
reactome:ProteinReference10409,abstraction:ControlsExpressionOf,reactome:ProteinReference11898
reactome:ProteinReference4561,abstraction:ControlsExpressionOf,reactome:ProteinReference4641
reactome:ProteinReference4472,abstraction:ControlsExpressionOf,reactome:ProteinReference3577
reactome:ProteinReference6081,abstraction:ControlsExpressionOf,reactome:ProteinReference2110
reactome:ProteinReference4458,abstraction:ControlsExpressionOf,reactome:ProteinReference3539
reactome:ProteinReference4556,abstraction:ControlsExpressionOf,reactome:ProteinReference3577
reactome:ProteinReference5433,abstraction:ControlsExpressionOf,reactome:ProteinReference707
reactome:ProteinReference10572,abstraction:ControlsExpressionOf,reactome:ProteinReference1744
reactome:ProteinReference7590,abstraction:ControlsExpressionOf,reactome:ProteinReference6939
reactome:ProteinReference2795,abstraction:ControlsExpressionOf,reactome:ProteinReference6855
reactome:ProteinReference1123,abstraction:ControlsExpressionOf,reactome:ProteinReference1153
reactome:ProteinReference11312,abstraction:ControlsExpressionOf,reactome:ProteinReference4470
reactome:ProteinReference9785,abstraction:ControlsExpressionOf,reactome:ProteinReference7805
reactome:ProteinReference2947,abstraction:ControlsExpressionOf,reactome:ProteinReference4538
reactome:ProteinReference2947,abstraction:ControlsExpressionOf,reactome:ProteinReference7545
reactome:ProteinReference7826,abstraction:ControlsExpressionOf,reactome:ProteinReference3
reactome:ProteinReference10922,abstraction:ControlsExpressionOf,reactome:ProteinReference11893
reactome:ProteinReference4523,abstraction:ControlsExpressionOf,reactome:ProteinReference4641
reactome:ProteinReference6976,abstraction:ControlsExpressionOf,reactome:ProteinReference5274
reactome:ProteinReference1052,abstraction:ControlsExpressionOf,reactome:ProteinReference1123
reactome:ProteinReference1102,abstraction:ControlsExpressionOf,reactome:ProteinReference1188
reactome:ProteinReference11271,abstraction:ControlsExpressionOf,reactome:ProteinReference11794
reactome:ProteinReference6244,abstraction:ControlsExpressionOf,reactome:ProteinReference6255
reactome:ProteinReference6817,abstraction:ControlsExpressionOf,reactome:ProteinReference8273
reactome:ProteinReference1065,abstraction:ControlsExpressionOf,reactome:ProteinReference10581
reactome:ProteinReference7597,abstraction:ControlsExpressionOf,reactome:ProteinReference1844
reactome:ProteinReference11271,abstraction:ControlsExpressionOf,reactome:ProteinReference11811
reactome:ProteinReference1052,abstraction:ControlsExpressionOf,reactome:ProteinReference675
reactome:ProteinReference1088,abstraction:ControlsExpressionOf,reactome:ProteinReference3370
reactome:ProteinReference10922,abstraction:ControlsExpressionOf,reactome:ProteinReference11820
reactome:ProteinReference11271,abstraction:ControlsExpressionOf,reactome:ProteinReference11707
reactome:ProteinReference11271,abstraction:ControlsExpressionOf,reactome:ProteinReference11797
reactome:ProteinReference10850,abstraction:ControlsExpressionOf,reactome:ProteinReference9035
reactome:ProteinReference1088,abstraction:ControlsExpressionOf,reactome:ProteinReference1807
reactome:ProteinReference8287,abstraction:ControlsExpressionOf,reactome:ProteinReference503
reactome:ProteinReference1064,abstraction:ControlsExpressionOf,reactome:ProteinReference1135
reactome:ProteinReference1088,abstraction:ControlsExpressionOf,reactome:ProteinReference661
reactome:ProteinReference1067,abstraction:ControlsExpressionOf,reactome:ProteinReference1084
reactome:ProteinReference1064,abstraction:ControlsExpressionOf,reactome:ProteinReference1163
reactome:ProteinReference1113,abstraction:ControlsExpressionOf,reactome:ProteinReference1807
reactome:ProteinReference5004,abstraction:ControlsExpressionOf,reactome:ProteinReference1188
reactome:ProteinReference10409,abstraction:ControlsExpressionOf,reactome:ProteinReference11906
reactome:ProteinReference8823,abstraction:ControlsExpressionOf,reactome:ProteinReference9702
reactome:ProteinReference1059,abstraction:ControlsExpressionOf,reactome:ProteinReference1148
reactome:ProteinReference10409,abstraction:ControlsExpressionOf,reactome:ProteinReference11673
reactome:ProteinReference1059,abstraction:ControlsExpressionOf,reactome:ProteinReference1144
reactome:ProteinReference8604,abstraction:ControlsExpressionOf,reactome:ProteinReference5291
reactome:ProteinReference4557,abstraction:ControlsExpressionOf,reactome:ProteinReference1082
reactome:ProteinReference1106,abstraction:ControlsExpressionOf,reactome:ProteinReference1347
reactome:ProteinReference706,abstraction:ControlsExpressionOf,reactome:ProteinReference18
reactome:ProteinReference5245,abstraction:ControlsExpressionOf,reactome:ProteinReference1402
reactome:ProteinReference8607,abstraction:ControlsExpressionOf,reactome:ProteinReference8322
reactome:ProteinReference1114,abstraction:ControlsExpressionOf,reactome:ProteinReference10577
reactome:ProteinReference8287,abstraction:ControlsExpressionOf,reactome:ProteinReference6162
reactome:ProteinReference10578,abstraction:ControlsExpressionOf,reactome:ProteinReference1844
reactome:ProteinReference8283,abstraction:ControlsExpressionOf,reactome:ProteinReference7550
reactome:ProteinReference1061,abstraction:ControlsExpressionOf,reactome:ProteinReference5916
reactome:ProteinReference1061,abstraction:ControlsExpressionOf,reactome:ProteinReference1339
reactome:ProteinReference11271,abstraction:ControlsExpressionOf,reactome:ProteinReference11675
reactome:ProteinReference5245,abstraction:ControlsExpressionOf,reactome:ProteinReference1349
reactome:ProteinReference10678,abstraction:ControlsExpressionOf,reactome:ProteinReference5251
reactome:ProteinReference8283,abstraction:ControlsExpressionOf,reactome:ProteinReference7031
reactome:ProteinReference1063,abstraction:ControlsExpressionOf,reactome:ProteinReference327
reactome:ProteinReference7504,abstraction:ControlsExpressionOf,reactome:ProteinReference7541
reactome:ProteinReference5244,abstraction:ControlsExpressionOf,reactome:ProteinReference6180
reactome:ProteinReference4558,abstraction:ControlsExpressionOf,reactome:ProteinReference1351
reactome:ProteinReference1120,abstraction:ControlsExpressionOf,reactome:ProteinReference5139
reactome:ProteinReference4530,abstraction:ControlsExpressionOf,reactome:ProteinReference1402
reactome:ProteinReference10922,abstraction:ControlsExpressionOf,reactome:ProteinReference11789
reactome:ProteinReference4521,abstraction:ControlsExpressionOf,reactome:ProteinReference10580
reactome:ProteinReference1153,abstraction:ControlsExpressionOf,reactome:ProteinReference10592
reactome:ProteinReference4530,abstraction:ControlsExpressionOf,reactome:ProteinReference1349
reactome:ProteinReference4458,abstraction:ControlsExpressionOf,reactome:ProteinReference1744
reactome:ProteinReference1106,abstraction:ControlsExpressionOf,reactome:ProteinReference10577
reactome:ProteinReference7596,abstraction:ControlsExpressionOf,reactome:ProteinReference1352
reactome:ProteinReference6083,abstraction:ControlsExpressionOf,reactome:ProteinReference5403
reactome:ProteinReference1105,abstraction:ControlsExpressionOf,reactome:ProteinReference1339
reactome:ProteinReference1068,abstraction:ControlsExpressionOf,reactome:ProteinReference1130
reactome:ProteinReference6773,abstraction:ControlsExpressionOf,reactome:ProteinReference5105
reactome:ProteinReference8611,abstraction:ControlsExpressionOf,reactome:ProteinReference8322
reactome:ProteinReference6861,abstraction:ControlsExpressionOf,reactome:ProteinReference9727
reactome:ProteinReference2809,abstraction:ControlsExpressionOf,reactome:ProteinReference4423
reactome:ProteinReference4555,abstraction:ControlsExpressionOf,reactome:ProteinReference10581
reactome:ProteinReference11271,abstraction:ControlsExpressionOf,reactome:ProteinReference12004
reactome:ProteinReference9785,abstraction:ControlsExpressionOf,reactome:ProteinReference5510
reactome:ProteinReference1074,abstraction:ControlsExpressionOf,reactome:ProteinReference1658
reactome:ProteinReference11271,abstraction:ControlsExpressionOf,reactome:ProteinReference11994
reactome:ProteinReference6783,abstraction:ControlsExpressionOf,reactome:ProteinReference2059
reactome:ProteinReference11271,abstraction:ControlsExpressionOf,reactome:ProteinReference11661
reactome:ProteinReference1063,abstraction:ControlsExpressionOf,reactome:ProteinReference1143
reactome:ProteinReference6945,abstraction:ControlsExpressionOf,reactome:ProteinReference6855
reactome:ProteinReference5244,abstraction:ControlsExpressionOf,reactome:ProteinReference1844
reactome:ProteinReference1066,abstraction:ControlsExpressionOf,reactome:ProteinReference1159
reactome:ProteinReference1064,abstraction:ControlsExpressionOf,reactome:ProteinReference1160
reactome:ProteinReference4554,abstraction:ControlsExpressionOf,reactome:ProteinReference1152
reactome:ProteinReference4549,abstraction:ControlsExpressionOf,reactome:ProteinReference1402
reactome:ProteinReference4550,abstraction:ControlsExpressionOf,reactome:ProteinReference1351
reactome:ProteinReference9780,abstraction:ControlsExpressionOf,reactome:ProteinReference2642
reactome:ProteinReference175,abstraction:ControlsExpressionOf,reactome:ProteinReference10418
reactome:ProteinReference8783,abstraction:ControlsExpressionOf,reactome:ProteinReference5915
reactome:ProteinReference10409,abstraction:ControlsExpressionOf,reactome:ProteinReference11730
reactome:ProteinReference1102,abstraction:ControlsExpressionOf,reactome:ProteinReference1339
reactome:ProteinReference6945,abstraction:ControlsExpressionOf,reactome:ProteinReference10383
reactome:ProteinReference1059,abstraction:ControlsExpressionOf,reactome:ProteinReference1084
reactome:ProteinReference4549,abstraction:ControlsExpressionOf,reactome:ProteinReference1349
reactome:ProteinReference1067,abstraction:ControlsExpressionOf,reactome:ProteinReference1157
reactome:ProteinReference1098,abstraction:ControlsExpressionOf,reactome:ProteinReference1372
reactome:ProteinReference11271,abstraction:ControlsExpressionOf,reactome:ProteinReference11660
reactome:ProteinReference4558,abstraction:ControlsExpressionOf,reactome:ProteinReference1807
reactome:ProteinReference1063,abstraction:ControlsExpressionOf,reactome:ProteinReference643
reactome:ProteinReference1108,abstraction:ControlsExpressionOf,reactome:ProteinReference1339
reactome:ProteinReference2799,abstraction:ControlsExpressionOf,reactome:ProteinReference5291
reactome:ProteinReference9807,abstraction:ControlsExpressionOf,reactome:ProteinReference6847
reactome:ProteinReference1153,abstraction:ControlsExpressionOf,reactome:ProteinReference10601
reactome:ProteinReference8283,abstraction:ControlsExpressionOf,reactome:ProteinReference7046
reactome:ProteinReference5003,abstraction:ControlsExpressionOf,reactome:ProteinReference10578
reactome:ProteinReference4558,abstraction:ControlsExpressionOf,reactome:ProteinReference661
reactome:ProteinReference2553,abstraction:ControlsExpressionOf,reactome:ProteinReference9424
reactome:ProteinReference5239,abstraction:ControlsExpressionOf,reactome:ProteinReference1844
reactome:ProteinReference7609,abstraction:ControlsExpressionOf,reactome:ProteinReference6697
reactome:ProteinReference1059,abstraction:ControlsExpressionOf,reactome:ProteinReference1083
reactome:ProteinReference10409,abstraction:ControlsExpressionOf,reactome:ProteinReference11742
reactome:ProteinReference4636,abstraction:ControlsExpressionOf,reactome:ProteinReference7720
reactome:ProteinReference2803,abstraction:ControlsExpressionOf,reactome:ProteinReference8322
reactome:ProteinReference11271,abstraction:ControlsExpressionOf,reactome:ProteinReference11700
reactome:ProteinReference7596,abstraction:ControlsExpressionOf,reactome:ProteinReference1337
reactome:ProteinReference1063,abstraction:ControlsExpressionOf,reactome:ProteinReference1080
reactome:ProteinReference6128,abstraction:ControlsExpressionOf,reactome:ProteinReference5078
reactome:ProteinReference1100,abstraction:ControlsExpressionOf,reactome:ProteinReference1402
reactome:ProteinReference1119,abstraction:ControlsExpressionOf,reactome:ProteinReference655
reactome:ProteinReference5242,abstraction:ControlsExpressionOf,reactome:ProteinReference661
reactome:ProteinReference11315,abstraction:ControlsExpressionOf,reactome:ProteinReference4611
reactome:ProteinReference1100,abstraction:ControlsExpressionOf,reactome:ProteinReference1349
reactome:ProteinReference1096,abstraction:ControlsExpressionOf,reactome:ProteinReference1151
reactome:ProteinReference5428,abstraction:ControlsExpressionOf,reactome:ProteinReference7639
reactome:ProteinReference10922,abstraction:ControlsExpressionOf,reactome:ProteinReference11913
reactome:ProteinReference1109,abstraction:ControlsExpressionOf,reactome:ProteinReference741
reactome:ProteinReference1088,abstraction:ControlsExpressionOf,reactome:ProteinReference10375
reactome:ProteinReference10409,abstraction:ControlsExpressionOf,reactome:ProteinReference11759
reactome:ProteinReference6290,abstraction:ControlsExpressionOf,reactome:ProteinReference3124
reactome:ProteinReference10836,abstraction:ControlsExpressionOf,reactome:ProteinReference7521
reactome:ProteinReference4589,abstraction:ControlsExpressionOf,reactome:ProteinReference9794
reactome:ProteinReference5163,abstraction:ControlsExpressionOf,reactome:ProteinReference5273
reactome:ProteinReference6244,abstraction:ControlsExpressionOf,reactome:ProteinReference3720
reactome:ProteinReference4550,abstraction:ControlsExpressionOf,reactome:ProteinReference1807
reactome:ProteinReference10922,abstraction:ControlsExpressionOf,reactome:ProteinReference11638
reactome:ProteinReference5922,abstraction:ControlsExpressionOf,reactome:ProteinReference5921
reactome:ProteinReference5273,abstraction:ControlsExpressionOf,reactome:ProteinReference5279
reactome:ProteinReference2798,abstraction:ControlsExpressionOf,reactome:ProteinReference4423
reactome:ProteinReference10922,abstraction:ControlsExpressionOf,reactome:ProteinReference11909
reactome:ProteinReference4551,abstraction:ControlsExpressionOf,reactome:ProteinReference6180
reactome:ProteinReference10409,abstraction:ControlsExpressionOf,reactome:ProteinReference11995
reactome:ProteinReference7510,abstraction:ControlsExpressionOf,reactome:ProteinReference7551
reactome:ProteinReference7597,abstraction:ControlsExpressionOf,reactome:ProteinReference1337
reactome:ProteinReference10451,abstraction:ControlsExpressionOf,reactome:ProteinReference10456
reactome:ProteinReference1110,abstraction:ControlsExpressionOf,reactome:ProteinReference10580
reactome:ProteinReference6861,abstraction:ControlsExpressionOf,reactome:ProteinReference8563
reactome:ProteinReference4559,abstraction:ControlsExpressionOf,reactome:ProteinReference10580
reactome:ProteinReference1060,abstraction:ControlsExpressionOf,reactome:ProteinReference1127
reactome:ProteinReference1073,abstraction:ControlsExpressionOf,reactome:ProteinReference1140
reactome:ProteinReference11033,abstraction:ControlsExpressionOf,reactome:ProteinReference11036
reactome:ProteinReference9053,abstraction:ControlsExpressionOf,reactome:ProteinReference1152
reactome:ProteinReference707,abstraction:ControlsExpressionOf,reactome:ProteinReference648
reactome:ProteinReference4557,abstraction:ControlsExpressionOf,reactome:ProteinReference7502
reactome:ProteinReference4557,abstraction:ControlsExpressionOf,reactome:ProteinReference1372
reactome:ProteinReference1059,abstraction:ControlsExpressionOf,reactome:ProteinReference1157
reactome:ProteinReference5922,abstraction:ControlsExpressionOf,reactome:ProteinReference5919
reactome:ProteinReference11271,abstraction:ControlsExpressionOf,reactome:ProteinReference11965
reactome:ProteinReference7511,abstraction:ControlsExpressionOf,reactome:ProteinReference7546
reactome:ProteinReference10409,abstraction:ControlsExpressionOf,reactome:ProteinReference11716
reactome:ProteinReference10680,abstraction:ControlsExpressionOf,reactome:ProteinReference3249
reactome:ProteinReference11313,abstraction:ControlsExpressionOf,reactome:ProteinReference6952
reactome:ProteinReference1061,abstraction:ControlsExpressionOf,reactome:ProteinReference1051
reactome:ProteinReference6772,abstraction:ControlsExpressionOf,reactome:ProteinReference6776
reactome:ProteinReference1113,abstraction:ControlsExpressionOf,reactome:ProteinReference1352
reactome:ProteinReference5433,abstraction:ControlsExpressionOf,reactome:ProteinReference5364
reactome:ProteinReference8830,abstraction:ControlsExpressionOf,reactome:ProteinReference5920
reactome:ProteinReference10347,abstraction:ControlsExpressionOf,reactome:ProteinReference6969
reactome:ProteinReference10417,abstraction:ControlsExpressionOf,reactome:ProteinReference7764
reactome:ProteinReference10409,abstraction:ControlsExpressionOf,reactome:ProteinReference11732
reactome:ProteinReference4548,abstraction:ControlsExpressionOf,reactome:ProteinReference7714
reactome:ProteinReference11271,abstraction:ControlsExpressionOf,reactome:ProteinReference11756
reactome:ProteinReference4551,abstraction:ControlsExpressionOf,reactome:ProteinReference1844
reactome:ProteinReference5163,abstraction:ControlsExpressionOf,reactome:ProteinReference6159
reactome:ProteinReference9785,abstraction:ControlsExpressionOf,reactome:ProteinReference9795
reactome:ProteinReference5285,abstraction:ControlsExpressionOf,reactome:ProteinReference1151
reactome:ProteinReference2500,abstraction:ControlsExpressionOf,reactome:ProteinReference8632
reactome:ProteinReference4553,abstraction:ControlsExpressionOf,reactome:ProteinReference1188
reactome:ProteinReference1119,abstraction:ControlsExpressionOf,reactome:ProteinReference1126
reactome:ProteinReference4558,abstraction:ControlsExpressionOf,reactome:ProteinReference5176
reactome:ProteinReference1086,abstraction:ControlsExpressionOf,reactome:ProteinReference1339
reactome:ProteinReference10409,abstraction:ControlsExpressionOf,reactome:ProteinReference11692
reactome:ProteinReference2797,abstraction:ControlsExpressionOf,reactome:ProteinReference5907
reactome:ProteinReference6945,abstraction:ControlsExpressionOf,reactome:ProteinReference5336
reactome:ProteinReference1059,abstraction:ControlsExpressionOf,reactome:ProteinReference1146
reactome:ProteinReference1091,abstraction:ControlsExpressionOf,reactome:ProteinReference10580
reactome:ProteinReference4552,abstraction:ControlsExpressionOf,reactome:ProteinReference10581
reactome:ProteinReference1063,abstraction:ControlsExpressionOf,reactome:ProteinReference1158
reactome:ProteinReference4473,abstraction:ControlsExpressionOf,reactome:ProteinReference7720
reactome:ProteinReference1067,abstraction:ControlsExpressionOf,reactome:ProteinReference1053
reactome:ProteinReference1079,abstraction:ControlsExpressionOf,reactome:ProteinReference1142
reactome:ProteinReference1065,abstraction:ControlsExpressionOf,reactome:ProteinReference1152
reactome:ProteinReference10409,abstraction:ControlsExpressionOf,reactome:ProteinReference11791
reactome:ProteinReference5239,abstraction:ControlsExpressionOf,reactome:ProteinReference1352
reactome:ProteinReference10922,abstraction:ControlsExpressionOf,reactome:ProteinReference11641
reactome:ProteinReference1059,abstraction:ControlsExpressionOf,reactome:ProteinReference1125
reactome:ProteinReference4527,abstraction:ControlsExpressionOf,reactome:ProteinReference10580
reactome:ProteinReference5907,abstraction:ControlsExpressionOf,reactome:ProteinReference10854
reactome:ProteinReference11271,abstraction:ControlsExpressionOf,reactome:ProteinReference11926
reactome:ProteinReference1063,abstraction:ControlsExpressionOf,reactome:ProteinReference1268
reactome:ProteinReference1062,abstraction:ControlsExpressionOf,reactome:ProteinReference1156
reactome:ProteinReference5004,abstraction:ControlsExpressionOf,reactome:ProteinReference655
reactome:ProteinReference5276,abstraction:ControlsExpressionOf,reactome:ProteinReference7856
reactome:ProteinReference4561,abstraction:ControlsExpressionOf,reactome:ProteinReference1197
reactome:ProteinReference9047,abstraction:ControlsExpressionOf,reactome:ProteinReference1844
reactome:ProteinReference1088,abstraction:ControlsExpressionOf,reactome:ProteinReference5911
reactome:ProteinReference1063,abstraction:ControlsExpressionOf,reactome:ProteinReference1129
reactome:ProteinReference5004,abstraction:ControlsExpressionOf,reactome:ProteinReference5573
reactome:ProteinReference10680,abstraction:ControlsExpressionOf,reactome:ProteinReference10529
reactome:ProteinReference4559,abstraction:ControlsExpressionOf,reactome:ProteinReference10578
reactome:ProteinReference3081,abstraction:ControlsExpressionOf,reactome:ProteinReference6139
reactome:ProteinReference1094,abstraction:ControlsExpressionOf,reactome:ProteinReference1844
reactome:ProteinReference4550,abstraction:ControlsExpressionOf,reactome:ProteinReference5176
reactome:ProteinReference6861,abstraction:ControlsExpressionOf,reactome:ProteinReference9747
reactome:ProteinReference3084,abstraction:ControlsExpressionOf,reactome:ProteinReference6139
reactome:ProteinReference4489,abstraction:ControlsExpressionOf,reactome:ProteinReference5509
reactome:ProteinReference7506,abstraction:ControlsExpressionOf,reactome:ProteinReference7546
reactome:ProteinReference1061,abstraction:ControlsExpressionOf,reactome:ProteinReference1127
reactome:ProteinReference4523,abstraction:ControlsExpressionOf,reactome:ProteinReference1197
reactome:ProteinReference11256,abstraction:ControlsExpressionOf,reactome:ProteinReference11270
reactome:ProteinReference10431,abstraction:ControlsExpressionOf,reactome:ProteinReference5156
reactome:ProteinReference7509,abstraction:ControlsExpressionOf,reactome:ProteinReference7545
reactome:ProteinReference1133,abstraction:ControlsExpressionOf,reactome:ProteinReference10472
reactome:ProteinReference5244,abstraction:ControlsExpressionOf,reactome:ProteinReference1337
reactome:ProteinReference9923,abstraction:ControlsExpressionOf,reactome:ProteinReference10369
reactome:ProteinReference9077,abstraction:ControlsExpressionOf,reactome:ProteinReference2585
reactome:ProteinReference1066,abstraction:ControlsExpressionOf,reactome:ProteinReference327
reactome:ProteinReference7826,abstraction:ControlsExpressionOf,reactome:ProteinReference10460
reactome:ProteinReference9780,abstraction:ControlsExpressionOf,reactome:ProteinReference8962
reactome:ProteinReference1804,abstraction:ControlsExpressionOf,reactome:ProteinReference1172
reactome:ProteinReference10573,abstraction:ControlsExpressionOf,reactome:ProteinReference1339
reactome:ProteinReference10409,abstraction:ControlsExpressionOf,reactome:ProteinReference11663
reactome:ProteinReference4589,abstraction:ControlsExpressionOf,reactome:ProteinReference4538
reactome:ProteinReference1075,abstraction:ControlsExpressionOf,reactome:ProteinReference1646
reactome:ProteinReference5432,abstraction:ControlsExpressionOf,reactome:ProteinReference10466
reactome:ProteinReference8283,abstraction:ControlsExpressionOf,reactome:ProteinReference9839
reactome:ProteinReference8824,abstraction:ControlsExpressionOf,reactome:ProteinReference6773
reactome:ProteinReference11271,abstraction:ControlsExpressionOf,reactome:ProteinReference11974
reactome:ProteinReference1109,abstraction:ControlsExpressionOf,reactome:ProteinReference661
reactome:ProteinReference11271,abstraction:ControlsExpressionOf,reactome:ProteinReference11891
reactome:ProteinReference10922,abstraction:ControlsExpressionOf,reactome:ProteinReference11831
reactome:ProteinReference2789,abstraction:ControlsExpressionOf,reactome:ProteinReference8322
reactome:ProteinReference6137,abstraction:ControlsExpressionOf,reactome:ProteinReference5078
reactome:ProteinReference1059,abstraction:ControlsExpressionOf,reactome:ProteinReference1053
reactome:ProteinReference1128,abstraction:ControlsExpressionOf,reactome:ProteinReference1660
reactome:ProteinReference11013,abstraction:ControlsExpressionOf,reactome:ProteinReference10350
reactome:ProteinReference4505,abstraction:ControlsExpressionOf,reactome:ProteinReference6868
reactome:ProteinReference1065,abstraction:ControlsExpressionOf,reactome:ProteinReference741
reactome:ProteinReference4541,abstraction:ControlsExpressionOf,reactome:ProteinReference10375
reactome:ProteinReference6861,abstraction:ControlsExpressionOf,reactome:ProteinReference8637
reactome:ProteinReference2553,abstraction:ControlsExpressionOf,reactome:ProteinReference5074
reactome:ProteinReference8609,abstraction:ControlsExpressionOf,reactome:ProteinReference6855
reactome:ProteinReference4555,abstraction:ControlsExpressionOf,reactome:ProteinReference1152
reactome:ProteinReference7712,abstraction:ControlsExpressionOf,reactome:ProteinReference10845
reactome:ProteinReference5428,abstraction:ControlsExpressionOf,reactome:ProteinReference6932
reactome:ProteinReference7824,abstraction:ControlsExpressionOf,reactome:ProteinReference1351
reactome:ProteinReference1066,abstraction:ControlsExpressionOf,reactome:ProteinReference1143
reactome:ProteinReference4557,abstraction:ControlsExpressionOf,reactome:ProteinReference655
reactome:ProteinReference4553,abstraction:ControlsExpressionOf,reactome:ProteinReference1339
reactome:ProteinReference1098,abstraction:ControlsExpressionOf,reactome:ProteinReference1126
reactome:ProteinReference4550,abstraction:ControlsExpressionOf,reactome:ProteinReference1352
reactome:ProteinReference1122,abstraction:ControlsExpressionOf,reactome:ProteinReference5139
reactome:ProteinReference1092,abstraction:ControlsExpressionOf,reactome:ProteinReference655
reactome:ProteinReference1070,abstraction:ControlsExpressionOf,reactome:ProteinReference1161
reactome:ProteinReference1121,abstraction:ControlsExpressionOf,reactome:ProteinReference1082
reactome:ProteinReference1112,abstraction:ControlsExpressionOf,reactome:ProteinReference1351
reactome:ProteinReference4557,abstraction:ControlsExpressionOf,reactome:ProteinReference1346
reactome:ProteinReference1052,abstraction:ControlsExpressionOf,reactome:ProteinReference10
reactome:ProteinReference6950,abstraction:ControlsExpressionOf,reactome:ProteinReference4468
reactome:ProteinReference4589,abstraction:ControlsExpressionOf,reactome:ProteinReference10831
reactome:ProteinReference10412,abstraction:ControlsExpressionOf,reactome:ProteinReference5573
reactome:ProteinReference1066,abstraction:ControlsExpressionOf,reactome:ProteinReference643
reactome:ProteinReference7604,abstraction:ControlsExpressionOf,reactome:ProteinReference10824
reactome:ProteinReference4554,abstraction:ControlsExpressionOf,reactome:ProteinReference661
reactome:ProteinReference6079,abstraction:ControlsExpressionOf,reactome:ProteinReference11294
reactome:ProteinReference7507,abstraction:ControlsExpressionOf,reactome:ProteinReference7555
reactome:ProteinReference1052,abstraction:ControlsExpressionOf,reactome:ProteinReference10577
reactome:ProteinReference6783,abstraction:ControlsExpressionOf,reactome:ProteinReference1053
reactome:ProteinReference6293,abstraction:ControlsExpressionOf,reactome:ProteinReference9847
reactome:ProteinReference10846,abstraction:ControlsExpressionOf,reactome:ProteinReference10431
reactome:ProteinReference707,abstraction:ControlsExpressionOf,reactome:ProteinReference18
reactome:ProteinReference7737,abstraction:ControlsExpressionOf,reactome:ProteinReference18
reactome:ProteinReference3891,abstraction:ControlsExpressionOf,reactome:ProteinReference3567
reactome:ProteinReference10572,abstraction:ControlsExpressionOf,reactome:ProteinReference1152
reactome:ProteinReference2523,abstraction:ControlsExpressionOf,reactome:ProteinReference8632
reactome:ProteinReference8824,abstraction:ControlsExpressionOf,reactome:ProteinReference8831
reactome:ProteinReference11271,abstraction:ControlsExpressionOf,reactome:ProteinReference11890
reactome:ProteinReference1052,abstraction:ControlsExpressionOf,reactome:ProteinReference1084
reactome:ProteinReference11271,abstraction:ControlsExpressionOf,reactome:ProteinReference11643
reactome:ProteinReference5430,abstraction:ControlsExpressionOf,reactome:ProteinReference4489
reactome:ProteinReference1065,abstraction:ControlsExpressionOf,reactome:ProteinReference1147
reactome:ProteinReference175,abstraction:ControlsExpressionOf,reactome:ProteinReference6424
reactome:ProteinReference1099,abstraction:ControlsExpressionOf,reactome:ProteinReference1337
reactome:ProteinReference11271,abstraction:ControlsExpressionOf,reactome:ProteinReference12015
reactome:ProteinReference10680,abstraction:ControlsExpressionOf,reactome:ProteinReference5256
reactome:ProteinReference10922,abstraction:ControlsExpressionOf,reactome:ProteinReference11726
reactome:ProteinReference11271,abstraction:ControlsExpressionOf,reactome:ProteinReference11857
reactome:ProteinReference7503,abstraction:ControlsExpressionOf,reactome:ProteinReference7558
reactome:ProteinReference10922,abstraction:ControlsExpressionOf,reactome:ProteinReference11856
reactome:ProteinReference4551,abstraction:ControlsExpressionOf,reactome:ProteinReference1337
reactome:ProteinReference2466,abstraction:ControlsExpressionOf,reactome:ProteinReference8632
reactome:ProteinReference6079,abstraction:ControlsExpressionOf,reactome:ProteinReference2254
reactome:ProteinReference10409,abstraction:ControlsExpressionOf,reactome:ProteinReference11948
reactome:ProteinReference11271,abstraction:ControlsExpressionOf,reactome:ProteinReference11845
reactome:ProteinReference8601,abstraction:ControlsExpressionOf,reactome:ProteinReference10384
reactome:ProteinReference1098,abstraction:ControlsExpressionOf,reactome:ProteinReference1347
reactome:ProteinReference6278,abstraction:ControlsExpressionOf,reactome:ProteinReference10461
reactome:ProteinReference1112,abstraction:ControlsExpressionOf,reactome:ProteinReference1807
reactome:ProteinReference11271,abstraction:ControlsExpressionOf,reactome:ProteinReference11714
reactome:ProteinReference1099,abstraction:ControlsExpressionOf,reactome:ProteinReference5139
reactome:ProteinReference1060,abstraction:ControlsExpressionOf,reactome:ProteinReference33
reactome:ProteinReference1154,abstraction:ControlsExpressionOf,reactome:ProteinReference6097
reactome:ProteinReference10922,abstraction:ControlsExpressionOf,reactome:ProteinReference11904
