Source,Interaction,Target
reactome:SmallMoleculeReference120,abstraction:ConsumptionControlledBy,reactome:ProteinReference4530
reactome:SmallMoleculeReference96,abstraction:ConsumptionControlledBy,reactome:ProteinReference8499
reactome:SmallMoleculeReference43,abstraction:ConsumptionControlledBy,reactome:ProteinReference11548
reactome:SmallMoleculeReference46,abstraction:ConsumptionControlledBy,reactome:ProteinReference441
reactome:SmallMoleculeReference191,abstraction:ConsumptionControlledBy,reactome:ProteinReference306
reactome:SmallMoleculeReference150,abstraction:ConsumptionControlledBy,reactome:ProteinReference1550
reactome:SmallMoleculeReference7,abstraction:ConsumptionControlledBy,reactome:ProteinReference1396
reactome:SmallMoleculeReference1368,abstraction:ConsumptionControlledBy,reactome:ProteinReference2305
reactome:SmallMoleculeReference466,abstraction:ConsumptionControlledBy,reactome:ProteinReference358
reactome:SmallMoleculeReference16,abstraction:ConsumptionControlledBy,reactome:ProteinReference158
reactome:SmallMoleculeReference969,abstraction:ConsumptionControlledBy,reactome:ProteinReference1711
reactome:SmallMoleculeReference203,abstraction:ConsumptionControlledBy,reactome:ProteinReference8987
reactome:SmallMoleculeReference821,abstraction:ConsumptionControlledBy,reactome:ProteinReference1565
reactome:SmallMoleculeReference140,abstraction:ConsumptionControlledBy,reactome:ProteinReference2380
reactome:SmallMoleculeReference169,abstraction:ConsumptionControlledBy,reactome:ProteinReference2432
reactome:SmallMoleculeReference2563,abstraction:ConsumptionControlledBy,reactome:ProteinReference8448
reactome:SmallMoleculeReference764,abstraction:ConsumptionControlledBy,reactome:ProteinReference4360
reactome:SmallMoleculeReference96,abstraction:ConsumptionControlledBy,reactome:ProteinReference4845
reactome:SmallMoleculeReference45,abstraction:ConsumptionControlledBy,reactome:ProteinReference145
reactome:SmallMoleculeReference668,abstraction:ConsumptionControlledBy,reactome:ProteinReference2638
reactome:SmallMoleculeReference569,abstraction:ConsumptionControlledBy,reactome:ProteinReference1237
reactome:SmallMoleculeReference1016,abstraction:ConsumptionControlledBy,reactome:ProteinReference1228
reactome:SmallMoleculeReference96,abstraction:ConsumptionControlledBy,reactome:ProteinReference9095
reactome:SmallMoleculeReference45,abstraction:ConsumptionControlledBy,reactome:ProteinReference297
reactome:SmallMoleculeReference466,abstraction:ConsumptionControlledBy,reactome:ProteinReference1017
reactome:SmallMoleculeReference312,abstraction:ConsumptionControlledBy,reactome:ProteinReference1572
reactome:SmallMoleculeReference96,abstraction:ConsumptionControlledBy,reactome:ProteinReference3165
reactome:SmallMoleculeReference1157,abstraction:ConsumptionControlledBy,reactome:ProteinReference1868
reactome:SmallMoleculeReference169,abstraction:ConsumptionControlledBy,reactome:ProteinReference2439
reactome:SmallMoleculeReference1430,abstraction:ConsumptionControlledBy,reactome:ProteinReference2394
reactome:SmallMoleculeReference260,abstraction:ConsumptionControlledBy,reactome:ProteinReference1417
reactome:SmallMoleculeReference1843,abstraction:ConsumptionControlledBy,reactome:ProteinReference4096
reactome:SmallMoleculeReference913,abstraction:ConsumptionControlledBy,reactome:ProteinReference1221
reactome:SmallMoleculeReference342,abstraction:ConsumptionControlledBy,reactome:ProteinReference6461
reactome:SmallMoleculeReference46,abstraction:ConsumptionControlledBy,reactome:ProteinReference107
reactome:SmallMoleculeReference1873,abstraction:ConsumptionControlledBy,reactome:ProteinReference4080
reactome:SmallMoleculeReference496,abstraction:ConsumptionControlledBy,reactome:ProteinReference1752
reactome:SmallMoleculeReference1187,abstraction:ConsumptionControlledBy,reactome:ProteinReference2073
reactome:SmallMoleculeReference120,abstraction:ConsumptionControlledBy,reactome:ProteinReference3410
reactome:SmallMoleculeReference375,abstraction:ConsumptionControlledBy,reactome:ProteinReference827
reactome:SmallMoleculeReference48,abstraction:ConsumptionControlledBy,reactome:ProteinReference124
reactome:SmallMoleculeReference43,abstraction:ConsumptionControlledBy,reactome:ProteinReference12166
reactome:SmallMoleculeReference46,abstraction:ConsumptionControlledBy,reactome:ProteinReference569
reactome:SmallMoleculeReference6,abstraction:ConsumptionControlledBy,reactome:ProteinReference688
reactome:SmallMoleculeReference1252,abstraction:ConsumptionControlledBy,reactome:ProteinReference2142
reactome:SmallMoleculeReference144,abstraction:ConsumptionControlledBy,reactome:ProteinReference2435
reactome:SmallMoleculeReference1040,abstraction:ConsumptionControlledBy,reactome:ProteinReference1223
reactome:SmallMoleculeReference1846,abstraction:ConsumptionControlledBy,reactome:ProteinReference3971
reactome:SmallMoleculeReference1033,abstraction:ConsumptionControlledBy,reactome:ProteinReference1240
reactome:SmallMoleculeReference1332,abstraction:ConsumptionControlledBy,reactome:ProteinReference2261
reactome:SmallMoleculeReference215,abstraction:ConsumptionControlledBy,reactome:ProteinReference938
reactome:SmallMoleculeReference301,abstraction:ConsumptionControlledBy,reactome:ProteinReference5207
reactome:SmallMoleculeReference1160,abstraction:ConsumptionControlledBy,reactome:ProteinReference1915
reactome:SmallMoleculeReference43,abstraction:ConsumptionControlledBy,reactome:ProteinReference12073
reactome:SmallMoleculeReference46,abstraction:ConsumptionControlledBy,reactome:ProteinReference12069
reactome:SmallMoleculeReference16,abstraction:ConsumptionControlledBy,reactome:ProteinReference541
reactome:SmallMoleculeReference1093,abstraction:ConsumptionControlledBy,reactome:ProteinReference1223
reactome:SmallMoleculeReference91,abstraction:ConsumptionControlledBy,reactome:ProteinReference1322
reactome:SmallMoleculeReference203,abstraction:ConsumptionControlledBy,reactome:ProteinReference2576
reactome:SmallMoleculeReference16,abstraction:ConsumptionControlledBy,reactome:ProteinReference544
reactome:SmallMoleculeReference301,abstraction:ConsumptionControlledBy,reactome:ProteinReference1182
reactome:SmallMoleculeReference466,abstraction:ConsumptionControlledBy,reactome:ProteinReference6802
reactome:SmallMoleculeReference43,abstraction:ConsumptionControlledBy,reactome:ProteinReference12104
reactome:SmallMoleculeReference1092,abstraction:ConsumptionControlledBy,reactome:ProteinReference1208
reactome:SmallMoleculeReference7,abstraction:ConsumptionControlledBy,reactome:ProteinReference6
reactome:SmallMoleculeReference159,abstraction:ConsumptionControlledBy,reactome:ProteinReference2376
reactome:SmallMoleculeReference352,abstraction:ConsumptionControlledBy,reactome:ProteinReference1863
reactome:SmallMoleculeReference126,abstraction:ConsumptionControlledBy,reactome:ProteinReference2158
reactome:SmallMoleculeReference514,abstraction:ConsumptionControlledBy,reactome:ProteinReference1187
reactome:SmallMoleculeReference1560,abstraction:ConsumptionControlledBy,reactome:ProteinReference2626
reactome:SmallMoleculeReference2101,abstraction:ConsumptionControlledBy,reactome:ProteinReference956
reactome:SmallMoleculeReference205,abstraction:ConsumptionControlledBy,reactome:ProteinReference2083
reactome:SmallMoleculeReference2564,abstraction:ConsumptionControlledBy,reactome:ProteinReference8449
reactome:SmallMoleculeReference96,abstraction:ConsumptionControlledBy,reactome:ProteinReference4841
reactome:SmallMoleculeReference45,abstraction:ConsumptionControlledBy,reactome:ProteinReference10944
reactome:SmallMoleculeReference46,abstraction:ConsumptionControlledBy,reactome:ProteinReference11448
reactome:SmallMoleculeReference490,abstraction:ConsumptionControlledBy,reactome:ProteinReference1043
reactome:SmallMoleculeReference155,abstraction:ConsumptionControlledBy,reactome:ProteinReference253
reactome:SmallMoleculeReference140,abstraction:ConsumptionControlledBy,reactome:ProteinReference230
reactome:SmallMoleculeReference466,abstraction:ConsumptionControlledBy,reactome:ProteinReference1547
reactome:SmallMoleculeReference203,abstraction:ConsumptionControlledBy,reactome:ProteinReference4386
reactome:SmallMoleculeReference1930,abstraction:ConsumptionControlledBy,reactome:ProteinReference4809
reactome:SmallMoleculeReference811,abstraction:ConsumptionControlledBy,reactome:ProteinReference1510
reactome:SmallMoleculeReference466,abstraction:ConsumptionControlledBy,reactome:ProteinReference6804
reactome:SmallMoleculeReference120,abstraction:ConsumptionControlledBy,reactome:ProteinReference5245
reactome:SmallMoleculeReference48,abstraction:ConsumptionControlledBy,reactome:ProteinReference8476
reactome:SmallMoleculeReference2365,abstraction:ConsumptionControlledBy,reactome:ProteinReference8342
reactome:SmallMoleculeReference1574,abstraction:ConsumptionControlledBy,reactome:ProteinReference1752
reactome:SmallMoleculeReference96,abstraction:ConsumptionControlledBy,reactome:ProteinReference7724
reactome:SmallMoleculeReference660,abstraction:ConsumptionControlledBy,reactome:ProteinReference1276
reactome:SmallMoleculeReference1885,abstraction:ConsumptionControlledBy,reactome:ProteinReference4092
reactome:SmallMoleculeReference653,abstraction:ConsumptionControlledBy,reactome:ProteinReference3967
reactome:SmallMoleculeReference1252,abstraction:ConsumptionControlledBy,reactome:ProteinReference2145
reactome:SmallMoleculeReference207,abstraction:ConsumptionControlledBy,reactome:ProteinReference3409
reactome:SmallMoleculeReference1575,abstraction:ConsumptionControlledBy,reactome:ProteinReference2682
reactome:SmallMoleculeReference161,abstraction:ConsumptionControlledBy,reactome:ProteinReference249
reactome:SmallMoleculeReference496,abstraction:ConsumptionControlledBy,reactome:ProteinReference1255
reactome:SmallMoleculeReference7,abstraction:ConsumptionControlledBy,reactome:ProteinReference1204
reactome:SmallMoleculeReference236,abstraction:ConsumptionControlledBy,reactome:ProteinReference387
reactome:SmallMoleculeReference352,abstraction:ConsumptionControlledBy,reactome:ProteinReference2036
reactome:SmallMoleculeReference1319,abstraction:ConsumptionControlledBy,reactome:ProteinReference2250
reactome:SmallMoleculeReference219,abstraction:ConsumptionControlledBy,reactome:ProteinReference1234
reactome:SmallMoleculeReference16,abstraction:ConsumptionControlledBy,reactome:ProteinReference11498
reactome:SmallMoleculeReference96,abstraction:ConsumptionControlledBy,reactome:ProteinReference2716
reactome:SmallMoleculeReference68,abstraction:ConsumptionControlledBy,reactome:ProteinReference11427
reactome:SmallMoleculeReference466,abstraction:ConsumptionControlledBy,reactome:ProteinReference5514
reactome:SmallMoleculeReference45,abstraction:ConsumptionControlledBy,reactome:ProteinReference231
reactome:SmallMoleculeReference955,abstraction:ConsumptionControlledBy,reactome:ProteinReference1210
reactome:SmallMoleculeReference43,abstraction:ConsumptionControlledBy,reactome:ProteinReference6532
reactome:SmallMoleculeReference15,abstraction:ConsumptionControlledBy,reactome:ProteinReference27
reactome:SmallMoleculeReference43,abstraction:ConsumptionControlledBy,reactome:ProteinReference11529
reactome:SmallMoleculeReference96,abstraction:ConsumptionControlledBy,reactome:ProteinReference4550
reactome:SmallMoleculeReference7,abstraction:ConsumptionControlledBy,reactome:ProteinReference1464
reactome:SmallMoleculeReference46,abstraction:ConsumptionControlledBy,reactome:ProteinReference12076
reactome:SmallMoleculeReference215,abstraction:ConsumptionControlledBy,reactome:ProteinReference931
reactome:SmallMoleculeReference140,abstraction:ConsumptionControlledBy,reactome:ProteinReference2434
reactome:SmallMoleculeReference1258,abstraction:ConsumptionControlledBy,reactome:ProteinReference2148
reactome:SmallMoleculeReference46,abstraction:ConsumptionControlledBy,reactome:ProteinReference619
reactome:SmallMoleculeReference1226,abstraction:ConsumptionControlledBy,reactome:ProteinReference8805
reactome:SmallMoleculeReference1559,abstraction:ConsumptionControlledBy,reactome:ProteinReference2708
reactome:SmallMoleculeReference2564,abstraction:ConsumptionControlledBy,reactome:ProteinReference8450
reactome:SmallMoleculeReference727,abstraction:ConsumptionControlledBy,reactome:ProteinReference1261
reactome:SmallMoleculeReference499,abstraction:ConsumptionControlledBy,reactome:ProteinReference2619
reactome:SmallMoleculeReference7,abstraction:ConsumptionControlledBy,reactome:ProteinReference1389
reactome:SmallMoleculeReference135,abstraction:ConsumptionControlledBy,reactome:ProteinReference1754
reactome:SmallMoleculeReference1576,abstraction:ConsumptionControlledBy,reactome:ProteinReference2625
reactome:SmallMoleculeReference446,abstraction:ConsumptionControlledBy,reactome:ProteinReference987
reactome:SmallMoleculeReference219,abstraction:ConsumptionControlledBy,reactome:ProteinReference1233
reactome:SmallMoleculeReference45,abstraction:ConsumptionControlledBy,reactome:ProteinReference11477
reactome:SmallMoleculeReference211,abstraction:ConsumptionControlledBy,reactome:ProteinReference2694
reactome:SmallMoleculeReference307,abstraction:ConsumptionControlledBy,reactome:ProteinReference1425
reactome:SmallMoleculeReference1329,abstraction:ConsumptionControlledBy,reactome:ProteinReference2264
reactome:SmallMoleculeReference1454,abstraction:ConsumptionControlledBy,reactome:ProteinReference2419
reactome:SmallMoleculeReference96,abstraction:ConsumptionControlledBy,reactome:ProteinReference2304
reactome:SmallMoleculeReference96,abstraction:ConsumptionControlledBy,reactome:ProteinReference3160
reactome:SmallMoleculeReference135,abstraction:ConsumptionControlledBy,reactome:ProteinReference2680
reactome:SmallMoleculeReference1284,abstraction:ConsumptionControlledBy,reactome:ProteinReference2181
reactome:SmallMoleculeReference96,abstraction:ConsumptionControlledBy,reactome:ProteinReference175
reactome:SmallMoleculeReference43,abstraction:ConsumptionControlledBy,reactome:ProteinReference11564
reactome:SmallMoleculeReference43,abstraction:ConsumptionControlledBy,reactome:ProteinReference11542
reactome:SmallMoleculeReference492,abstraction:ConsumptionControlledBy,reactome:ProteinReference1050
reactome:SmallMoleculeReference16,abstraction:ConsumptionControlledBy,reactome:ProteinReference231
reactome:SmallMoleculeReference653,abstraction:ConsumptionControlledBy,reactome:ProteinReference1486
reactome:SmallMoleculeReference96,abstraction:ConsumptionControlledBy,reactome:ProteinReference2808
reactome:SmallMoleculeReference96,abstraction:ConsumptionControlledBy,reactome:ProteinReference1111
reactome:SmallMoleculeReference174,abstraction:ConsumptionControlledBy,reactome:ProteinReference767
reactome:SmallMoleculeReference1313,abstraction:ConsumptionControlledBy,reactome:ProteinReference2230
reactome:SmallMoleculeReference1567,abstraction:ConsumptionControlledBy,reactome:ProteinReference1256
reactome:SmallMoleculeReference391,abstraction:ConsumptionControlledBy,reactome:ProteinReference10625
reactome:SmallMoleculeReference203,abstraction:ConsumptionControlledBy,reactome:ProteinReference9948
reactome:SmallMoleculeReference150,abstraction:ConsumptionControlledBy,reactome:ProteinReference2392
reactome:SmallMoleculeReference1930,abstraction:ConsumptionControlledBy,reactome:ProteinReference4799
reactome:SmallMoleculeReference1235,abstraction:ConsumptionControlledBy,reactome:ProteinReference2132
reactome:SmallMoleculeReference746,abstraction:ConsumptionControlledBy,reactome:ProteinReference1370
reactome:SmallMoleculeReference2601,abstraction:ConsumptionControlledBy,reactome:ProteinReference4439
reactome:SmallMoleculeReference342,abstraction:ConsumptionControlledBy,reactome:ProteinReference6441
reactome:SmallMoleculeReference8,abstraction:ConsumptionControlledBy,reactome:ProteinReference1397
reactome:SmallMoleculeReference168,abstraction:ConsumptionControlledBy,reactome:ProteinReference269
reactome:SmallMoleculeReference94,abstraction:ConsumptionControlledBy,reactome:ProteinReference343
reactome:SmallMoleculeReference1868,abstraction:ConsumptionControlledBy,reactome:ProteinReference4071
reactome:SmallMoleculeReference468,abstraction:ConsumptionControlledBy,reactome:ProteinReference5618
reactome:SmallMoleculeReference1554,abstraction:ConsumptionControlledBy,reactome:ProteinReference1133
reactome:SmallMoleculeReference214,abstraction:ConsumptionControlledBy,reactome:ProteinReference2134
reactome:SmallMoleculeReference96,abstraction:ConsumptionControlledBy,reactome:ProteinReference1108
reactome:SmallMoleculeReference43,abstraction:ConsumptionControlledBy,reactome:ProteinReference4212
reactome:SmallMoleculeReference796,abstraction:ConsumptionControlledBy,reactome:ProteinReference1536
reactome:SmallMoleculeReference119,abstraction:ConsumptionControlledBy,reactome:ProteinReference203
reactome:SmallMoleculeReference653,abstraction:ConsumptionControlledBy,reactome:ProteinReference1487
reactome:SmallMoleculeReference45,abstraction:ConsumptionControlledBy,reactome:ProteinReference4150
reactome:SmallMoleculeReference1753,abstraction:ConsumptionControlledBy,reactome:ProteinReference3301
reactome:SmallMoleculeReference533,abstraction:ConsumptionControlledBy,reactome:ProteinReference1539
reactome:SmallMoleculeReference166,abstraction:ConsumptionControlledBy,reactome:ProteinReference264
reactome:SmallMoleculeReference1930,abstraction:ConsumptionControlledBy,reactome:ProteinReference4798
reactome:SmallMoleculeReference1711,abstraction:ConsumptionControlledBy,reactome:ProteinReference2720
reactome:SmallMoleculeReference145,abstraction:ConsumptionControlledBy,reactome:ProteinReference2434
reactome:SmallMoleculeReference96,abstraction:ConsumptionControlledBy,reactome:ProteinReference2589
reactome:SmallMoleculeReference496,abstraction:ConsumptionControlledBy,reactome:ProteinReference2626
reactome:SmallMoleculeReference1715,abstraction:ConsumptionControlledBy,reactome:ProteinReference1236
reactome:SmallMoleculeReference473,abstraction:ConsumptionControlledBy,reactome:ProteinReference1030
reactome:SmallMoleculeReference108,abstraction:ConsumptionControlledBy,reactome:ProteinReference3459
reactome:SmallMoleculeReference124,abstraction:ConsumptionControlledBy,reactome:ProteinReference1282
reactome:SmallMoleculeReference466,abstraction:ConsumptionControlledBy,reactome:ProteinReference8850
reactome:SmallMoleculeReference72,abstraction:ConsumptionControlledBy,reactome:ProteinReference3934
reactome:SmallMoleculeReference951,abstraction:ConsumptionControlledBy,reactome:ProteinReference2702
reactome:SmallMoleculeReference466,abstraction:ConsumptionControlledBy,reactome:ProteinReference5589
reactome:SmallMoleculeReference45,abstraction:ConsumptionControlledBy,reactome:ProteinReference528
reactome:SmallMoleculeReference47,abstraction:ConsumptionControlledBy,reactome:ProteinReference110
reactome:SmallMoleculeReference466,abstraction:ConsumptionControlledBy,reactome:ProteinReference364
reactome:SmallMoleculeReference211,abstraction:ConsumptionControlledBy,reactome:ProteinReference974
reactome:SmallMoleculeReference385,abstraction:ConsumptionControlledBy,reactome:ProteinReference847
reactome:SmallMoleculeReference347,abstraction:ConsumptionControlledBy,reactome:ProteinReference11304
reactome:SmallMoleculeReference468,abstraction:ConsumptionControlledBy,reactome:ProteinReference5628
reactome:SmallMoleculeReference46,abstraction:ConsumptionControlledBy,reactome:ProteinReference12074
reactome:SmallMoleculeReference203,abstraction:ConsumptionControlledBy,reactome:ProteinReference2603
reactome:SmallMoleculeReference448,abstraction:ConsumptionControlledBy,reactome:ProteinReference988
reactome:SmallMoleculeReference1173,abstraction:ConsumptionControlledBy,reactome:ProteinReference2066
reactome:SmallMoleculeReference496,abstraction:ConsumptionControlledBy,reactome:ProteinReference1235
reactome:SmallMoleculeReference872,abstraction:ConsumptionControlledBy,reactome:ProteinReference1642
reactome:SmallMoleculeReference43,abstraction:ConsumptionControlledBy,reactome:ProteinReference465
reactome:SmallMoleculeReference1142,abstraction:ConsumptionControlledBy,reactome:ProteinReference2185
reactome:SmallMoleculeReference1503,abstraction:ConsumptionControlledBy,reactome:ProteinReference2563
reactome:SmallMoleculeReference140,abstraction:ConsumptionControlledBy,reactome:ProteinReference2433
reactome:SmallMoleculeReference232,abstraction:ConsumptionControlledBy,reactome:ProteinReference5543
reactome:SmallMoleculeReference43,abstraction:ConsumptionControlledBy,reactome:ProteinReference12067
reactome:SmallMoleculeReference260,abstraction:ConsumptionControlledBy,reactome:ProteinReference1430
reactome:SmallMoleculeReference978,abstraction:ConsumptionControlledBy,reactome:ProteinReference1708
reactome:SmallMoleculeReference207,abstraction:ConsumptionControlledBy,reactome:ProteinReference4342
reactome:SmallMoleculeReference2101,abstraction:ConsumptionControlledBy,reactome:ProteinReference78
reactome:SmallMoleculeReference174,abstraction:ConsumptionControlledBy,reactome:ProteinReference281
reactome:SmallMoleculeReference466,abstraction:ConsumptionControlledBy,reactome:ProteinReference7836
reactome:SmallMoleculeReference2601,abstraction:ConsumptionControlledBy,reactome:ProteinReference5296
reactome:SmallMoleculeReference1923,abstraction:ConsumptionControlledBy,reactome:ProteinReference4332
reactome:SmallMoleculeReference1330,abstraction:ConsumptionControlledBy,reactome:ProteinReference2263
reactome:SmallMoleculeReference924,abstraction:ConsumptionControlledBy,reactome:ProteinReference1679
reactome:SmallMoleculeReference600,abstraction:ConsumptionControlledBy,reactome:ProteinReference1230
reactome:SmallMoleculeReference46,abstraction:ConsumptionControlledBy,reactome:ProteinReference12084
reactome:SmallMoleculeReference45,abstraction:ConsumptionControlledBy,reactome:ProteinReference139
reactome:SmallMoleculeReference357,abstraction:ConsumptionControlledBy,reactome:ProteinReference756
reactome:SmallMoleculeReference960,abstraction:ConsumptionControlledBy,reactome:ProteinReference2308
reactome:SmallMoleculeReference43,abstraction:ConsumptionControlledBy,reactome:ProteinReference4214
reactome:SmallMoleculeReference434,abstraction:ConsumptionControlledBy,reactome:ProteinReference901
reactome:SmallMoleculeReference203,abstraction:ConsumptionControlledBy,reactome:ProteinReference1269
reactome:SmallMoleculeReference1462,abstraction:ConsumptionControlledBy,reactome:ProteinReference2438
reactome:SmallMoleculeReference738,abstraction:ConsumptionControlledBy,reactome:ProteinReference1327
reactome:SmallMoleculeReference940,abstraction:ConsumptionControlledBy,reactome:ProteinReference1677
reactome:SmallMoleculeReference975,abstraction:ConsumptionControlledBy,reactome:ProteinReference1717
reactome:SmallMoleculeReference96,abstraction:ConsumptionControlledBy,reactome:ProteinReference9100
reactome:SmallMoleculeReference96,abstraction:ConsumptionControlledBy,reactome:ProteinReference9096
reactome:SmallMoleculeReference1527,abstraction:ConsumptionControlledBy,reactome:ProteinReference1350
reactome:SmallMoleculeReference1363,abstraction:ConsumptionControlledBy,reactome:ProteinReference2376
reactome:SmallMoleculeReference215,abstraction:ConsumptionControlledBy,reactome:ProteinReference964
reactome:SmallMoleculeReference1573,abstraction:ConsumptionControlledBy,reactome:ProteinReference2741
reactome:SmallMoleculeReference211,abstraction:ConsumptionControlledBy,reactome:ProteinReference4347
reactome:SmallMoleculeReference1574,abstraction:ConsumptionControlledBy,reactome:ProteinReference2626
reactome:SmallMoleculeReference686,abstraction:ConsumptionControlledBy,reactome:ProteinReference1276
reactome:SmallMoleculeReference522,abstraction:ConsumptionControlledBy,reactome:ProteinReference1191
reactome:SmallMoleculeReference43,abstraction:ConsumptionControlledBy,reactome:ProteinReference356
reactome:SmallMoleculeReference466,abstraction:ConsumptionControlledBy,reactome:ProteinReference6873
reactome:SmallMoleculeReference135,abstraction:ConsumptionControlledBy,reactome:ProteinReference216
reactome:SmallMoleculeReference2101,abstraction:ConsumptionControlledBy,reactome:ProteinReference70
reactome:SmallMoleculeReference1716,abstraction:ConsumptionControlledBy,reactome:ProteinReference2734
reactome:SmallMoleculeReference466,abstraction:ConsumptionControlledBy,reactome:ProteinReference6801
reactome:SmallMoleculeReference96,abstraction:ConsumptionControlledBy,reactome:ProteinReference5413
reactome:SmallMoleculeReference207,abstraction:ConsumptionControlledBy,reactome:ProteinReference3374
reactome:SmallMoleculeReference2009,abstraction:ConsumptionControlledBy,reactome:ProteinReference1352
reactome:SmallMoleculeReference1656,abstraction:ConsumptionControlledBy,reactome:ProteinReference393
reactome:SmallMoleculeReference7,abstraction:ConsumptionControlledBy,reactome:ProteinReference1576
reactome:SmallMoleculeReference475,abstraction:ConsumptionControlledBy,reactome:ProteinReference1031
reactome:SmallMoleculeReference96,abstraction:ConsumptionControlledBy,reactome:ProteinReference10057
reactome:SmallMoleculeReference934,abstraction:ConsumptionControlledBy,reactome:ProteinReference1264
reactome:SmallMoleculeReference873,abstraction:ConsumptionControlledBy,reactome:ProteinReference1645
reactome:SmallMoleculeReference2809,abstraction:ConsumptionControlledBy,reactome:ProteinReference2808
reactome:SmallMoleculeReference466,abstraction:ConsumptionControlledBy,reactome:ProteinReference6867
reactome:SmallMoleculeReference96,abstraction:ConsumptionControlledBy,reactome:ProteinReference3173
reactome:SmallMoleculeReference203,abstraction:ConsumptionControlledBy,reactome:ProteinReference1171
reactome:SmallMoleculeReference201,abstraction:ConsumptionControlledBy,reactome:ProteinReference2155
reactome:SmallMoleculeReference1919,abstraction:ConsumptionControlledBy,reactome:ProteinReference4267
reactome:SmallMoleculeReference301,abstraction:ConsumptionControlledBy,reactome:ProteinReference654
reactome:SmallMoleculeReference46,abstraction:ConsumptionControlledBy,reactome:ProteinReference570
reactome:SmallMoleculeReference301,abstraction:ConsumptionControlledBy,reactome:ProteinReference1274
reactome:SmallMoleculeReference46,abstraction:ConsumptionControlledBy,reactome:ProteinReference11425
reactome:SmallMoleculeReference1803,abstraction:ConsumptionControlledBy,reactome:ProteinReference2102
reactome:SmallMoleculeReference618,abstraction:ConsumptionControlledBy,reactome:ProteinReference1223
reactome:SmallMoleculeReference2101,abstraction:ConsumptionControlledBy,reactome:ProteinReference85
reactome:SmallMoleculeReference2545,abstraction:ConsumptionControlledBy,reactome:ProteinReference8409
reactome:SmallMoleculeReference466,abstraction:ConsumptionControlledBy,reactome:ProteinReference8619
reactome:SmallMoleculeReference1858,abstraction:ConsumptionControlledBy,reactome:ProteinReference4051
reactome:SmallMoleculeReference1,abstraction:ConsumptionControlledBy,reactome:ProteinReference1268
reactome:SmallMoleculeReference1372,abstraction:ConsumptionControlledBy,reactome:ProteinReference2308
reactome:SmallMoleculeReference1930,abstraction:ConsumptionControlledBy,reactome:ProteinReference4808
reactome:SmallMoleculeReference46,abstraction:ConsumptionControlledBy,reactome:ProteinReference11426
reactome:SmallMoleculeReference1,abstraction:ConsumptionControlledBy,reactome:ProteinReference544
reactome:SmallMoleculeReference820,abstraction:ConsumptionControlledBy,reactome:ProteinReference1561
reactome:SmallMoleculeReference703,abstraction:ConsumptionControlledBy,reactome:ProteinReference1284
reactome:SmallMoleculeReference145,abstraction:ConsumptionControlledBy,reactome:ProteinReference2433
reactome:SmallMoleculeReference43,abstraction:ConsumptionControlledBy,reactome:ProteinReference12094
reactome:SmallMoleculeReference715,abstraction:ConsumptionControlledBy,reactome:ProteinReference1301
reactome:SmallMoleculeReference466,abstraction:ConsumptionControlledBy,reactome:ProteinReference362
reactome:SmallMoleculeReference829,abstraction:ConsumptionControlledBy,reactome:ProteinReference1582
reactome:SmallMoleculeReference1562,abstraction:ConsumptionControlledBy,reactome:ProteinReference1256
reactome:SmallMoleculeReference1208,abstraction:ConsumptionControlledBy,reactome:ProteinReference2088
reactome:SmallMoleculeReference203,abstraction:ConsumptionControlledBy,reactome:ProteinReference8400
reactome:SmallMoleculeReference261,abstraction:ConsumptionControlledBy,reactome:ProteinReference1393
reactome:SmallMoleculeReference961,abstraction:ConsumptionControlledBy,reactome:ProteinReference1703
reactome:SmallMoleculeReference929,abstraction:ConsumptionControlledBy,reactome:ProteinReference1261
reactome:SmallMoleculeReference46,abstraction:ConsumptionControlledBy,reactome:ProteinReference12092
reactome:SmallMoleculeReference149,abstraction:ConsumptionControlledBy,reactome:ProteinReference3656
reactome:SmallMoleculeReference380,abstraction:ConsumptionControlledBy,reactome:ProteinReference845
reactome:SmallMoleculeReference530,abstraction:ConsumptionControlledBy,reactome:ProteinReference1201
reactome:SmallMoleculeReference754,abstraction:ConsumptionControlledBy,reactome:ProteinReference9454
reactome:SmallMoleculeReference1984,abstraction:ConsumptionControlledBy,reactome:ProteinReference5182
reactome:SmallMoleculeReference134,abstraction:ConsumptionControlledBy,reactome:ProteinReference213
reactome:SmallMoleculeReference767,abstraction:ConsumptionControlledBy,reactome:ProteinReference1425
reactome:SmallMoleculeReference2010,abstraction:ConsumptionControlledBy,reactome:ProteinReference5620
reactome:SmallMoleculeReference207,abstraction:ConsumptionControlledBy,reactome:ProteinReference992
reactome:SmallMoleculeReference1592,abstraction:ConsumptionControlledBy,reactome:ProteinReference2730
reactome:SmallMoleculeReference1656,abstraction:ConsumptionControlledBy,reactome:ProteinReference26
reactome:SmallMoleculeReference1627,abstraction:ConsumptionControlledBy,reactome:ProteinReference1131
reactome:SmallMoleculeReference120,abstraction:ConsumptionControlledBy,reactome:ProteinReference6099
reactome:SmallMoleculeReference702,abstraction:ConsumptionControlledBy,reactome:ProteinReference1285
reactome:SmallMoleculeReference609,abstraction:ConsumptionControlledBy,reactome:ProteinReference1225
reactome:SmallMoleculeReference7,abstraction:ConsumptionControlledBy,reactome:ProteinReference1470
reactome:SmallMoleculeReference120,abstraction:ConsumptionControlledBy,reactome:ProteinReference9048
reactome:SmallMoleculeReference96,abstraction:ConsumptionControlledBy,reactome:ProteinReference2305
reactome:SmallMoleculeReference221,abstraction:ConsumptionControlledBy,reactome:ProteinReference1179
reactome:SmallMoleculeReference101,abstraction:ConsumptionControlledBy,reactome:ProteinReference1681
reactome:SmallMoleculeReference154,abstraction:ConsumptionControlledBy,reactome:ProteinReference2331
reactome:SmallMoleculeReference55,abstraction:ConsumptionControlledBy,reactome:ProteinReference208
reactome:SmallMoleculeReference466,abstraction:ConsumptionControlledBy,reactome:ProteinReference5611
reactome:SmallMoleculeReference466,abstraction:ConsumptionControlledBy,reactome:ProteinReference352
reactome:SmallMoleculeReference1157,abstraction:ConsumptionControlledBy,reactome:ProteinReference1865
reactome:SmallMoleculeReference362,abstraction:ConsumptionControlledBy,reactome:ProteinReference4056
reactome:SmallMoleculeReference466,abstraction:ConsumptionControlledBy,reactome:ProteinReference1506
reactome:SmallMoleculeReference812,abstraction:ConsumptionControlledBy,reactome:ProteinReference1516
reactome:SmallMoleculeReference120,abstraction:ConsumptionControlledBy,reactome:ProteinReference3386
reactome:SmallMoleculeReference941,abstraction:ConsumptionControlledBy,reactome:ProteinReference1210
reactome:SmallMoleculeReference2601,abstraction:ConsumptionControlledBy,reactome:ProteinReference5288
reactome:SmallMoleculeReference45,abstraction:ConsumptionControlledBy,reactome:ProteinReference6279
reactome:SmallMoleculeReference217,abstraction:ConsumptionControlledBy,reactome:ProteinReference4093
reactome:SmallMoleculeReference1267,abstraction:ConsumptionControlledBy,reactome:ProteinReference2157
reactome:SmallMoleculeReference157,abstraction:ConsumptionControlledBy,reactome:ProteinReference253
reactome:SmallMoleculeReference1230,abstraction:ConsumptionControlledBy,reactome:ProteinReference2135
reactome:SmallMoleculeReference189,abstraction:ConsumptionControlledBy,reactome:ProteinReference2117
reactome:SmallMoleculeReference1569,abstraction:ConsumptionControlledBy,reactome:ProteinReference2627
reactome:SmallMoleculeReference262,abstraction:ConsumptionControlledBy,reactome:ProteinReference485
reactome:SmallMoleculeReference115,abstraction:ConsumptionControlledBy,reactome:ProteinReference196
reactome:SmallMoleculeReference302,abstraction:ConsumptionControlledBy,reactome:ProteinReference2187
reactome:SmallMoleculeReference1580,abstraction:ConsumptionControlledBy,reactome:ProteinReference1254
reactome:SmallMoleculeReference169,abstraction:ConsumptionControlledBy,reactome:ProteinReference2079
reactome:SmallMoleculeReference203,abstraction:ConsumptionControlledBy,reactome:ProteinReference1172
reactome:SmallMoleculeReference1383,abstraction:ConsumptionControlledBy,reactome:ProteinReference2327
reactome:SmallMoleculeReference1587,abstraction:ConsumptionControlledBy,reactome:ProteinReference2628
reactome:SmallMoleculeReference412,abstraction:ConsumptionControlledBy,reactome:ProteinReference958
reactome:SmallMoleculeReference307,abstraction:ConsumptionControlledBy,reactome:ProteinReference1379
reactome:SmallMoleculeReference43,abstraction:ConsumptionControlledBy,reactome:ProteinReference107
reactome:SmallMoleculeReference1262,abstraction:ConsumptionControlledBy,reactome:ProteinReference2152
reactome:SmallMoleculeReference345,abstraction:ConsumptionControlledBy,reactome:ProteinReference839
reactome:SmallMoleculeReference46,abstraction:ConsumptionControlledBy,reactome:ProteinReference8774
reactome:SmallMoleculeReference1887,abstraction:ConsumptionControlledBy,reactome:ProteinReference4096
reactome:SmallMoleculeReference211,abstraction:ConsumptionControlledBy,reactome:ProteinReference941
reactome:SmallMoleculeReference1572,abstraction:ConsumptionControlledBy,reactome:ProteinReference2627
reactome:SmallMoleculeReference154,abstraction:ConsumptionControlledBy,reactome:ProteinReference242
reactome:SmallMoleculeReference2787,abstraction:ConsumptionControlledBy,reactome:ProteinReference10368
reactome:SmallMoleculeReference45,abstraction:ConsumptionControlledBy,reactome:ProteinReference101
reactome:SmallMoleculeReference46,abstraction:ConsumptionControlledBy,reactome:ProteinReference1760
reactome:SmallMoleculeReference203,abstraction:ConsumptionControlledBy,reactome:ProteinReference8992
reactome:SmallMoleculeReference336,abstraction:ConsumptionControlledBy,reactome:ProteinReference883
reactome:SmallMoleculeReference186,abstraction:ConsumptionControlledBy,reactome:ProteinReference2220
reactome:SmallMoleculeReference1294,abstraction:ConsumptionControlledBy,reactome:ProteinReference2202
reactome:SmallMoleculeReference96,abstraction:ConsumptionControlledBy,reactome:ProteinReference10554
reactome:SmallMoleculeReference45,abstraction:ConsumptionControlledBy,reactome:ProteinReference639
reactome:SmallMoleculeReference386,abstraction:ConsumptionControlledBy,reactome:ProteinReference2125
reactome:SmallMoleculeReference260,abstraction:ConsumptionControlledBy,reactome:ProteinReference1428
reactome:SmallMoleculeReference1367,abstraction:ConsumptionControlledBy,reactome:ProteinReference2304
reactome:SmallMoleculeReference135,abstraction:ConsumptionControlledBy,reactome:ProteinReference2673
reactome:SmallMoleculeReference325,abstraction:ConsumptionControlledBy,reactome:ProteinReference994
reactome:SmallMoleculeReference1804,abstraction:ConsumptionControlledBy,reactome:ProteinReference2152
reactome:SmallMoleculeReference2562,abstraction:ConsumptionControlledBy,reactome:ProteinReference8481
reactome:SmallMoleculeReference352,abstraction:ConsumptionControlledBy,reactome:ProteinReference741
reactome:SmallMoleculeReference100,abstraction:ConsumptionControlledBy,reactome:ProteinReference1065
reactome:SmallMoleculeReference43,abstraction:ConsumptionControlledBy,reactome:ProteinReference12069
reactome:SmallMoleculeReference260,abstraction:ConsumptionControlledBy,reactome:ProteinReference1393
reactome:SmallMoleculeReference1591,abstraction:ConsumptionControlledBy,reactome:ProteinReference1251
reactome:SmallMoleculeReference1367,abstraction:ConsumptionControlledBy,reactome:ProteinReference2302
reactome:SmallMoleculeReference46,abstraction:ConsumptionControlledBy,reactome:ProteinReference448
reactome:SmallMoleculeReference514,abstraction:ConsumptionControlledBy,reactome:ProteinReference1188
reactome:SmallMoleculeReference873,abstraction:ConsumptionControlledBy,reactome:ProteinReference4047
reactome:SmallMoleculeReference309,abstraction:ConsumptionControlledBy,reactome:ProteinReference1332
reactome:SmallMoleculeReference463,abstraction:ConsumptionControlledBy,reactome:ProteinReference996
reactome:SmallMoleculeReference138,abstraction:ConsumptionControlledBy,reactome:ProteinReference222
reactome:SmallMoleculeReference1196,abstraction:ConsumptionControlledBy,reactome:ProteinReference2080
reactome:SmallMoleculeReference96,abstraction:ConsumptionControlledBy,reactome:ProteinReference4526
reactome:SmallMoleculeReference970,abstraction:ConsumptionControlledBy,reactome:ProteinReference1714
reactome:SmallMoleculeReference677,abstraction:ConsumptionControlledBy,reactome:ProteinReference1276
reactome:SmallMoleculeReference347,abstraction:ConsumptionControlledBy,reactome:ProteinReference3125
reactome:SmallMoleculeReference174,abstraction:ConsumptionControlledBy,reactome:ProteinReference287
reactome:SmallMoleculeReference96,abstraction:ConsumptionControlledBy,reactome:ProteinReference1100
reactome:SmallMoleculeReference536,abstraction:ConsumptionControlledBy,reactome:ProteinReference11445
reactome:SmallMoleculeReference380,abstraction:ConsumptionControlledBy,reactome:ProteinReference843
reactome:SmallMoleculeReference342,abstraction:ConsumptionControlledBy,reactome:ProteinReference1800
reactome:SmallMoleculeReference829,abstraction:ConsumptionControlledBy,reactome:ProteinReference1629
reactome:SmallMoleculeReference1902,abstraction:ConsumptionControlledBy,reactome:ProteinReference4256
reactome:SmallMoleculeReference2601,abstraction:ConsumptionControlledBy,reactome:ProteinReference9766
reactome:SmallMoleculeReference1887,abstraction:ConsumptionControlledBy,reactome:ProteinReference4094
reactome:SmallMoleculeReference50,abstraction:ConsumptionControlledBy,reactome:ProteinReference126
reactome:SmallMoleculeReference309,abstraction:ConsumptionControlledBy,reactome:ProteinReference688
reactome:SmallMoleculeReference119,abstraction:ConsumptionControlledBy,reactome:ProteinReference7424
reactome:SmallMoleculeReference1580,abstraction:ConsumptionControlledBy,reactome:ProteinReference1753
reactome:SmallMoleculeReference889,abstraction:ConsumptionControlledBy,reactome:ProteinReference1653
reactome:SmallMoleculeReference46,abstraction:ConsumptionControlledBy,reactome:ProteinReference5341
reactome:SmallMoleculeReference70,abstraction:ConsumptionControlledBy,reactome:ProteinReference2358
reactome:SmallMoleculeReference53,abstraction:ConsumptionControlledBy,reactome:ProteinReference303
reactome:SmallMoleculeReference302,abstraction:ConsumptionControlledBy,reactome:ProteinReference2198
reactome:SmallMoleculeReference754,abstraction:ConsumptionControlledBy,reactome:ProteinReference1380
reactome:SmallMoleculeReference12,abstraction:ConsumptionControlledBy,reactome:ProteinReference17
reactome:SmallMoleculeReference101,abstraction:ConsumptionControlledBy,reactome:ProteinReference1064
reactome:SmallMoleculeReference96,abstraction:ConsumptionControlledBy,reactome:ProteinReference1107
reactome:SmallMoleculeReference96,abstraction:ConsumptionControlledBy,reactome:ProteinReference2426
reactome:SmallMoleculeReference2601,abstraction:ConsumptionControlledBy,reactome:ProteinReference10613
reactome:SmallMoleculeReference1458,abstraction:ConsumptionControlledBy,reactome:ProteinReference9699
reactome:SmallMoleculeReference1729,abstraction:ConsumptionControlledBy,reactome:ProteinReference2750
reactome:SmallMoleculeReference203,abstraction:ConsumptionControlledBy,reactome:ProteinReference9006
reactome:SmallMoleculeReference49,abstraction:ConsumptionControlledBy,reactome:ProteinReference8474
reactome:SmallMoleculeReference1220,abstraction:ConsumptionControlledBy,reactome:ProteinReference11304
reactome:SmallMoleculeReference956,abstraction:ConsumptionControlledBy,reactome:ProteinReference1676
reactome:SmallMoleculeReference342,abstraction:ConsumptionControlledBy,reactome:ProteinReference696
reactome:SmallMoleculeReference96,abstraction:ConsumptionControlledBy,reactome:ProteinReference10565
reactome:SmallMoleculeReference212,abstraction:ConsumptionControlledBy,reactome:ProteinReference323
reactome:SmallMoleculeReference81,abstraction:ConsumptionControlledBy,reactome:ProteinReference11427
reactome:SmallMoleculeReference203,abstraction:ConsumptionControlledBy,reactome:ProteinReference1323
reactome:SmallMoleculeReference1255,abstraction:ConsumptionControlledBy,reactome:ProteinReference2144
reactome:SmallMoleculeReference154,abstraction:ConsumptionControlledBy,reactome:ProteinReference2431
reactome:SmallMoleculeReference1333,abstraction:ConsumptionControlledBy,reactome:ProteinReference2265
reactome:SmallMoleculeReference120,abstraction:ConsumptionControlledBy,reactome:ProteinReference3415
reactome:SmallMoleculeReference69,abstraction:ConsumptionControlledBy,reactome:ProteinReference8514
reactome:SmallMoleculeReference466,abstraction:ConsumptionControlledBy,reactome:ProteinReference694
reactome:SmallMoleculeReference1581,abstraction:ConsumptionControlledBy,reactome:ProteinReference2629
reactome:SmallMoleculeReference96,abstraction:ConsumptionControlledBy,reactome:ProteinReference5421
reactome:SmallMoleculeReference1559,abstraction:ConsumptionControlledBy,reactome:ProteinReference2672
reactome:SmallMoleculeReference1065,abstraction:ConsumptionControlledBy,reactome:ProteinReference1227
reactome:SmallMoleculeReference829,abstraction:ConsumptionControlledBy,reactome:ProteinReference1581
reactome:SmallMoleculeReference309,abstraction:ConsumptionControlledBy,reactome:ProteinReference1374
reactome:SmallMoleculeReference6,abstraction:ConsumptionControlledBy,reactome:ProteinReference1705
reactome:SmallMoleculeReference574,abstraction:ConsumptionControlledBy,reactome:ProteinReference2215
reactome:SmallMoleculeReference446,abstraction:ConsumptionControlledBy,reactome:ProteinReference999
reactome:SmallMoleculeReference45,abstraction:ConsumptionControlledBy,reactome:ProteinReference301
reactome:SmallMoleculeReference1177,abstraction:ConsumptionControlledBy,reactome:ProteinReference2075
reactome:SmallMoleculeReference46,abstraction:ConsumptionControlledBy,reactome:ProteinReference638
reactome:SmallMoleculeReference407,abstraction:ConsumptionControlledBy,reactome:ProteinReference903
reactome:SmallMoleculeReference211,abstraction:ConsumptionControlledBy,reactome:ProteinReference971
reactome:SmallMoleculeReference203,abstraction:ConsumptionControlledBy,reactome:ProteinReference8592
reactome:SmallMoleculeReference1151,abstraction:ConsumptionControlledBy,reactome:ProteinReference2536
reactome:SmallMoleculeReference43,abstraction:ConsumptionControlledBy,reactome:ProteinReference457
reactome:SmallMoleculeReference96,abstraction:ConsumptionControlledBy,reactome:ProteinReference3936
reactome:SmallMoleculeReference154,abstraction:ConsumptionControlledBy,reactome:ProteinReference233
reactome:SmallMoleculeReference1,abstraction:ConsumptionControlledBy,reactome:ProteinReference543
reactome:SmallMoleculeReference1911,abstraction:ConsumptionControlledBy,reactome:ProteinReference4257
reactome:SmallMoleculeReference466,abstraction:ConsumptionControlledBy,reactome:ProteinReference361
reactome:SmallMoleculeReference204,abstraction:ConsumptionControlledBy,reactome:ProteinReference4079
reactome:SmallMoleculeReference102,abstraction:ConsumptionControlledBy,reactome:ProteinReference1065
reactome:SmallMoleculeReference203,abstraction:ConsumptionControlledBy,reactome:ProteinReference1638
reactome:SmallMoleculeReference466,abstraction:ConsumptionControlledBy,reactome:ProteinReference8968
reactome:SmallMoleculeReference1559,abstraction:ConsumptionControlledBy,reactome:ProteinReference1161
reactome:SmallMoleculeReference363,abstraction:ConsumptionControlledBy,reactome:ProteinReference844
reactome:SmallMoleculeReference2875,abstraction:ConsumptionControlledBy,reactome:ProteinReference2713
reactome:SmallMoleculeReference1160,abstraction:ConsumptionControlledBy,reactome:ProteinReference1978
reactome:SmallMoleculeReference2601,abstraction:ConsumptionControlledBy,reactome:ProteinReference2776
reactome:SmallMoleculeReference154,abstraction:ConsumptionControlledBy,reactome:ProteinReference2436
reactome:SmallMoleculeReference1314,abstraction:ConsumptionControlledBy,reactome:ProteinReference2230
reactome:SmallMoleculeReference216,abstraction:ConsumptionControlledBy,reactome:ProteinReference3423
reactome:SmallMoleculeReference861,abstraction:ConsumptionControlledBy,reactome:ProteinReference1640
reactome:SmallMoleculeReference203,abstraction:ConsumptionControlledBy,reactome:ProteinReference3242
reactome:SmallMoleculeReference1528,abstraction:ConsumptionControlledBy,reactome:ProteinReference2597
reactome:SmallMoleculeReference211,abstraction:ConsumptionControlledBy,reactome:ProteinReference4267
reactome:SmallMoleculeReference46,abstraction:ConsumptionControlledBy,reactome:ProteinReference5560
reactome:SmallMoleculeReference211,abstraction:ConsumptionControlledBy,reactome:ProteinReference1156
reactome:SmallMoleculeReference1208,abstraction:ConsumptionControlledBy,reactome:ProteinReference4361
reactome:SmallMoleculeReference216,abstraction:ConsumptionControlledBy,reactome:ProteinReference722
reactome:SmallMoleculeReference943,abstraction:ConsumptionControlledBy,reactome:ProteinReference1678
reactome:SmallMoleculeReference68,abstraction:ConsumptionControlledBy,reactome:ProteinReference2588
reactome:SmallMoleculeReference120,abstraction:ConsumptionControlledBy,reactome:ProteinReference4553
reactome:SmallMoleculeReference1554,abstraction:ConsumptionControlledBy,reactome:ProteinReference1131
reactome:SmallMoleculeReference1685,abstraction:ConsumptionControlledBy,reactome:ProteinReference1156
reactome:SmallMoleculeReference1864,abstraction:ConsumptionControlledBy,reactome:ProteinReference4063
reactome:SmallMoleculeReference1215,abstraction:ConsumptionControlledBy,reactome:ProteinReference2103
reactome:SmallMoleculeReference466,abstraction:ConsumptionControlledBy,reactome:ProteinReference5840
reactome:SmallMoleculeReference96,abstraction:ConsumptionControlledBy,reactome:ProteinReference3312
reactome:SmallMoleculeReference43,abstraction:ConsumptionControlledBy,reactome:ProteinReference11536
reactome:SmallMoleculeReference16,abstraction:ConsumptionControlledBy,reactome:ProteinReference521
reactome:SmallMoleculeReference342,abstraction:ConsumptionControlledBy,reactome:ProteinReference6429
reactome:SmallMoleculeReference163,abstraction:ConsumptionControlledBy,reactome:ProteinReference269
reactome:SmallMoleculeReference211,abstraction:ConsumptionControlledBy,reactome:ProteinReference2692
reactome:SmallMoleculeReference135,abstraction:ConsumptionControlledBy,reactome:ProteinReference215
reactome:SmallMoleculeReference813,abstraction:ConsumptionControlledBy,reactome:ProteinReference1495
reactome:SmallMoleculeReference1207,abstraction:ConsumptionControlledBy,reactome:ProteinReference2089
reactome:SmallMoleculeReference16,abstraction:ConsumptionControlledBy,reactome:ProteinReference6889
reactome:SmallMoleculeReference1587,abstraction:ConsumptionControlledBy,reactome:ProteinReference2624
reactome:SmallMoleculeReference910,abstraction:ConsumptionControlledBy,reactome:ProteinReference1658
reactome:SmallMoleculeReference70,abstraction:ConsumptionControlledBy,reactome:ProteinReference171
reactome:SmallMoleculeReference496,abstraction:ConsumptionControlledBy,reactome:ProteinReference1240
reactome:SmallMoleculeReference84,abstraction:ConsumptionControlledBy,reactome:ProteinReference181
reactome:SmallMoleculeReference355,abstraction:ConsumptionControlledBy,reactome:ProteinReference822
reactome:SmallMoleculeReference1559,abstraction:ConsumptionControlledBy,reactome:ProteinReference2677
reactome:SmallMoleculeReference43,abstraction:ConsumptionControlledBy,reactome:ProteinReference12079
reactome:SmallMoleculeReference574,abstraction:ConsumptionControlledBy,reactome:ProteinReference2727
reactome:SmallMoleculeReference139,abstraction:ConsumptionControlledBy,reactome:ProteinReference253
reactome:SmallMoleculeReference203,abstraction:ConsumptionControlledBy,reactome:ProteinReference1745
reactome:SmallMoleculeReference203,abstraction:ConsumptionControlledBy,reactome:ProteinReference1293
reactome:SmallMoleculeReference466,abstraction:ConsumptionControlledBy,reactome:ProteinReference1025
reactome:SmallMoleculeReference45,abstraction:ConsumptionControlledBy,reactome:ProteinReference450
reactome:SmallMoleculeReference622,abstraction:ConsumptionControlledBy,reactome:ProteinReference1249
reactome:SmallMoleculeReference764,abstraction:ConsumptionControlledBy,reactome:ProteinReference3264
reactome:SmallMoleculeReference710,abstraction:ConsumptionControlledBy,reactome:ProteinReference1750
reactome:SmallMoleculeReference1234,abstraction:ConsumptionControlledBy,reactome:ProteinReference2127
reactome:SmallMoleculeReference362,abstraction:ConsumptionControlledBy,reactome:ProteinReference807
reactome:SmallMoleculeReference142,abstraction:ConsumptionControlledBy,reactome:ProteinReference2567
reactome:SmallMoleculeReference1209,abstraction:ConsumptionControlledBy,reactome:ProteinReference2103
reactome:SmallMoleculeReference43,abstraction:ConsumptionControlledBy,reactome:ProteinReference5550
reactome:SmallMoleculeReference94,abstraction:ConsumptionControlledBy,reactome:ProteinReference344
reactome:SmallMoleculeReference2645,abstraction:ConsumptionControlledBy,reactome:ProteinReference4107
reactome:SmallMoleculeReference46,abstraction:ConsumptionControlledBy,reactome:ProteinReference574
reactome:SmallMoleculeReference298,abstraction:ConsumptionControlledBy,reactome:ProteinReference1403
reactome:SmallMoleculeReference1143,abstraction:ConsumptionControlledBy,reactome:ProteinReference2546
reactome:SmallMoleculeReference466,abstraction:ConsumptionControlledBy,reactome:ProteinReference6807
reactome:SmallMoleculeReference232,abstraction:ConsumptionControlledBy,reactome:ProteinReference5541
reactome:SmallMoleculeReference171,abstraction:ConsumptionControlledBy,reactome:ProteinReference275
reactome:SmallMoleculeReference45,abstraction:ConsumptionControlledBy,reactome:ProteinReference272
reactome:SmallMoleculeReference101,abstraction:ConsumptionControlledBy,reactome:ProteinReference1693
reactome:SmallMoleculeReference169,abstraction:ConsumptionControlledBy,reactome:ProteinReference2318
reactome:SmallMoleculeReference91,abstraction:ConsumptionControlledBy,reactome:ProteinReference1127
reactome:SmallMoleculeReference2101,abstraction:ConsumptionControlledBy,reactome:ProteinReference4776
reactome:SmallMoleculeReference1870,abstraction:ConsumptionControlledBy,reactome:ProteinReference1623
reactome:SmallMoleculeReference133,abstraction:ConsumptionControlledBy,reactome:ProteinReference213
reactome:SmallMoleculeReference1219,abstraction:ConsumptionControlledBy,reactome:ProteinReference10683
reactome:SmallMoleculeReference1873,abstraction:ConsumptionControlledBy,reactome:ProteinReference4079
reactome:SmallMoleculeReference2563,abstraction:ConsumptionControlledBy,reactome:ProteinReference8484
reactome:SmallMoleculeReference1,abstraction:ConsumptionControlledBy,reactome:ProteinReference139
reactome:SmallMoleculeReference142,abstraction:ConsumptionControlledBy,reactome:ProteinReference2437
reactome:SmallMoleculeReference1388,abstraction:ConsumptionControlledBy,reactome:ProteinReference2347
reactome:SmallMoleculeReference812,abstraction:ConsumptionControlledBy,reactome:ProteinReference1524
reactome:SmallMoleculeReference7,abstraction:ConsumptionControlledBy,reactome:ProteinReference1017
reactome:SmallMoleculeReference967,abstraction:ConsumptionControlledBy,reactome:ProteinReference1709
reactome:SmallMoleculeReference1263,abstraction:ConsumptionControlledBy,reactome:ProteinReference2153
reactome:SmallMoleculeReference803,abstraction:ConsumptionControlledBy,reactome:ProteinReference1376
reactome:SmallMoleculeReference141,abstraction:ConsumptionControlledBy,reactome:ProteinReference246
reactome:SmallMoleculeReference2601,abstraction:ConsumptionControlledBy,reactome:ProteinReference10619
reactome:SmallMoleculeReference43,abstraction:ConsumptionControlledBy,reactome:ProteinReference11554
reactome:SmallMoleculeReference1284,abstraction:ConsumptionControlledBy,reactome:ProteinReference2182
reactome:SmallMoleculeReference120,abstraction:ConsumptionControlledBy,reactome:ProteinReference3423
reactome:SmallMoleculeReference985,abstraction:ConsumptionControlledBy,reactome:ProteinReference1727
reactome:SmallMoleculeReference1462,abstraction:ConsumptionControlledBy,reactome:ProteinReference2431
reactome:SmallMoleculeReference751,abstraction:ConsumptionControlledBy,reactome:ProteinReference1449
reactome:SmallMoleculeReference298,abstraction:ConsumptionControlledBy,reactome:ProteinReference11159
reactome:SmallMoleculeReference959,abstraction:ConsumptionControlledBy,reactome:ProteinReference1703
reactome:SmallMoleculeReference478,abstraction:ConsumptionControlledBy,reactome:ProteinReference1038
reactome:SmallMoleculeReference46,abstraction:ConsumptionControlledBy,reactome:ProteinReference5556
reactome:SmallMoleculeReference342,abstraction:ConsumptionControlledBy,reactome:ProteinReference6455
reactome:SmallMoleculeReference307,abstraction:ConsumptionControlledBy,reactome:ProteinReference1380
reactome:SmallMoleculeReference46,abstraction:ConsumptionControlledBy,reactome:ProteinReference12090
reactome:SmallMoleculeReference1253,abstraction:ConsumptionControlledBy,reactome:ProteinReference2143
reactome:SmallMoleculeReference43,abstraction:ConsumptionControlledBy,reactome:ProteinReference271
reactome:SmallMoleculeReference670,abstraction:ConsumptionControlledBy,reactome:ProteinReference1267
reactome:SmallMoleculeReference468,abstraction:ConsumptionControlledBy,reactome:ProteinReference1475
reactome:SmallMoleculeReference46,abstraction:ConsumptionControlledBy,reactome:ProteinReference105
reactome:SmallMoleculeReference1717,abstraction:ConsumptionControlledBy,reactome:ProteinReference2739
reactome:SmallMoleculeReference797,abstraction:ConsumptionControlledBy,reactome:ProteinReference1376
reactome:SmallMoleculeReference466,abstraction:ConsumptionControlledBy,reactome:ProteinReference6689
reactome:SmallMoleculeReference342,abstraction:ConsumptionControlledBy,reactome:ProteinReference5442
reactome:SmallMoleculeReference466,abstraction:ConsumptionControlledBy,reactome:ProteinReference5867
reactome:SmallMoleculeReference13,abstraction:ConsumptionControlledBy,reactome:ProteinReference21
reactome:SmallMoleculeReference85,abstraction:ConsumptionControlledBy,reactome:ProteinReference171
reactome:SmallMoleculeReference1875,abstraction:ConsumptionControlledBy,reactome:ProteinReference1624
reactome:SmallMoleculeReference1236,abstraction:ConsumptionControlledBy,reactome:ProteinReference2125
reactome:SmallMoleculeReference7,abstraction:ConsumptionControlledBy,reactome:ProteinReference1428
reactome:SmallMoleculeReference574,abstraction:ConsumptionControlledBy,reactome:ProteinReference1217
reactome:SmallMoleculeReference466,abstraction:ConsumptionControlledBy,reactome:ProteinReference6844
reactome:SmallMoleculeReference2101,abstraction:ConsumptionControlledBy,reactome:ProteinReference76
reactome:SmallMoleculeReference7,abstraction:ConsumptionControlledBy,reactome:ProteinReference6802
reactome:SmallMoleculeReference1367,abstraction:ConsumptionControlledBy,reactome:ProteinReference2305
reactome:SmallMoleculeReference96,abstraction:ConsumptionControlledBy,reactome:ProteinReference10573
reactome:SmallMoleculeReference653,abstraction:ConsumptionControlledBy,reactome:ProteinReference1383
reactome:SmallMoleculeReference1930,abstraction:ConsumptionControlledBy,reactome:ProteinReference4827
reactome:SmallMoleculeReference96,abstraction:ConsumptionControlledBy,reactome:ProteinReference1121
reactome:SmallMoleculeReference375,abstraction:ConsumptionControlledBy,reactome:ProteinReference836
reactome:SmallMoleculeReference139,abstraction:ConsumptionControlledBy,reactome:ProteinReference1680
reactome:SmallMoleculeReference1871,abstraction:ConsumptionControlledBy,reactome:ProteinReference4073
reactome:SmallMoleculeReference96,abstraction:ConsumptionControlledBy,reactome:ProteinReference5243
reactome:SmallMoleculeReference1311,abstraction:ConsumptionControlledBy,reactome:ProteinReference2232
reactome:SmallMoleculeReference1716,abstraction:ConsumptionControlledBy,reactome:ProteinReference2732
reactome:SmallMoleculeReference1930,abstraction:ConsumptionControlledBy,reactome:ProteinReference4810
reactome:SmallMoleculeReference7,abstraction:ConsumptionControlledBy,reactome:ProteinReference1386
reactome:SmallMoleculeReference1585,abstraction:ConsumptionControlledBy,reactome:ProteinReference2619
reactome:SmallMoleculeReference203,abstraction:ConsumptionControlledBy,reactome:ProteinReference9021
reactome:SmallMoleculeReference621,abstraction:ConsumptionControlledBy,reactome:ProteinReference1225
reactome:SmallMoleculeReference302,abstraction:ConsumptionControlledBy,reactome:ProteinReference2352
reactome:SmallMoleculeReference1672,abstraction:ConsumptionControlledBy,reactome:ProteinReference2693
reactome:SmallMoleculeReference656,abstraction:ConsumptionControlledBy,reactome:ProteinReference1262
reactome:SmallMoleculeReference120,abstraction:ConsumptionControlledBy,reactome:ProteinReference3851
reactome:SmallMoleculeReference533,abstraction:ConsumptionControlledBy,reactome:ProteinReference1538
reactome:SmallMoleculeReference199,abstraction:ConsumptionControlledBy,reactome:ProteinReference2121
reactome:SmallMoleculeReference835,abstraction:ConsumptionControlledBy,reactome:ProteinReference1600
reactome:SmallMoleculeReference952,abstraction:ConsumptionControlledBy,reactome:ProteinReference1673
reactome:SmallMoleculeReference1462,abstraction:ConsumptionControlledBy,reactome:ProteinReference2436
reactome:SmallMoleculeReference215,abstraction:ConsumptionControlledBy,reactome:ProteinReference2674
reactome:SmallMoleculeReference2645,abstraction:ConsumptionControlledBy,reactome:ProteinReference3960
reactome:SmallMoleculeReference203,abstraction:ConsumptionControlledBy,reactome:ProteinReference2708
reactome:SmallMoleculeReference1573,abstraction:ConsumptionControlledBy,reactome:ProteinReference1217
reactome:SmallMoleculeReference13,abstraction:ConsumptionControlledBy,reactome:ProteinReference389
reactome:SmallMoleculeReference203,abstraction:ConsumptionControlledBy,reactome:ProteinReference9034
reactome:SmallMoleculeReference1259,abstraction:ConsumptionControlledBy,reactome:ProteinReference2151
reactome:SmallMoleculeReference100,abstraction:ConsumptionControlledBy,reactome:ProteinReference1692
reactome:SmallMoleculeReference54,abstraction:ConsumptionControlledBy,reactome:ProteinReference4722
reactome:SmallMoleculeReference74,abstraction:ConsumptionControlledBy,reactome:ProteinReference170
reactome:SmallMoleculeReference190,abstraction:ConsumptionControlledBy,reactome:ProteinReference310
reactome:SmallMoleculeReference1377,abstraction:ConsumptionControlledBy,reactome:ProteinReference2316
reactome:SmallMoleculeReference211,abstraction:ConsumptionControlledBy,reactome:ProteinReference322
reactome:SmallMoleculeReference140,abstraction:ConsumptionControlledBy,reactome:ProteinReference257
reactome:SmallMoleculeReference207,abstraction:ConsumptionControlledBy,reactome:ProteinReference880
reactome:SmallMoleculeReference211,abstraction:ConsumptionControlledBy,reactome:ProteinReference977
reactome:SmallMoleculeReference7,abstraction:ConsumptionControlledBy,reactome:ProteinReference1421
reactome:SmallMoleculeReference1250,abstraction:ConsumptionControlledBy,reactome:ProteinReference2142
reactome:SmallMoleculeReference244,abstraction:ConsumptionControlledBy,reactome:ProteinReference2381
reactome:SmallMoleculeReference96,abstraction:ConsumptionControlledBy,reactome:ProteinReference7860
reactome:SmallMoleculeReference349,abstraction:ConsumptionControlledBy,reactome:ProteinReference2087
reactome:SmallMoleculeReference1160,abstraction:ConsumptionControlledBy,reactome:ProteinReference1906
reactome:SmallMoleculeReference96,abstraction:ConsumptionControlledBy,reactome:ProteinReference1883
reactome:SmallMoleculeReference661,abstraction:ConsumptionControlledBy,reactome:ProteinReference1188
reactome:SmallMoleculeReference316,abstraction:ConsumptionControlledBy,reactome:ProteinReference1585
reactome:SmallMoleculeReference46,abstraction:ConsumptionControlledBy,reactome:ProteinReference563
reactome:SmallMoleculeReference7,abstraction:ConsumptionControlledBy,reactome:ProteinReference5514
reactome:SmallMoleculeReference312,abstraction:ConsumptionControlledBy,reactome:ProteinReference1574
reactome:SmallMoleculeReference1045,abstraction:ConsumptionControlledBy,reactome:ProteinReference1218
reactome:SmallMoleculeReference924,abstraction:ConsumptionControlledBy,reactome:ProteinReference1170
reactome:SmallMoleculeReference653,abstraction:ConsumptionControlledBy,reactome:ProteinReference1392
reactome:SmallMoleculeReference309,abstraction:ConsumptionControlledBy,reactome:ProteinReference1560
reactome:SmallMoleculeReference261,abstraction:ConsumptionControlledBy,reactome:ProteinReference1382
reactome:SmallMoleculeReference120,abstraction:ConsumptionControlledBy,reactome:ProteinReference5244
reactome:SmallMoleculeReference149,abstraction:ConsumptionControlledBy,reactome:ProteinReference2271
reactome:SmallMoleculeReference142,abstraction:ConsumptionControlledBy,reactome:ProteinReference265
reactome:SmallMoleculeReference114,abstraction:ConsumptionControlledBy,reactome:ProteinReference195
reactome:SmallMoleculeReference1332,abstraction:ConsumptionControlledBy,reactome:ProteinReference2260
reactome:SmallMoleculeReference446,abstraction:ConsumptionControlledBy,reactome:ProteinReference892
reactome:SmallMoleculeReference1891,abstraction:ConsumptionControlledBy,reactome:ProteinReference4099
reactome:SmallMoleculeReference43,abstraction:ConsumptionControlledBy,reactome:ProteinReference10465
reactome:SmallMoleculeReference2740,abstraction:ConsumptionControlledBy,reactome:ProteinReference8981
reactome:SmallMoleculeReference391,abstraction:ConsumptionControlledBy,reactome:ProteinReference5256
reactome:SmallMoleculeReference135,abstraction:ConsumptionControlledBy,reactome:ProteinReference2675
reactome:SmallMoleculeReference190,abstraction:ConsumptionControlledBy,reactome:ProteinReference5202
reactome:SmallMoleculeReference200,abstraction:ConsumptionControlledBy,reactome:ProteinReference2155
reactome:SmallMoleculeReference1736,abstraction:ConsumptionControlledBy,reactome:ProteinReference1236
reactome:SmallMoleculeReference1717,abstraction:ConsumptionControlledBy,reactome:ProteinReference2740
reactome:SmallMoleculeReference145,abstraction:ConsumptionControlledBy,reactome:ProteinReference266
reactome:SmallMoleculeReference516,abstraction:ConsumptionControlledBy,reactome:ProteinReference1185
reactome:SmallMoleculeReference1819,abstraction:ConsumptionControlledBy,reactome:ProteinReference2672
reactome:SmallMoleculeReference142,abstraction:ConsumptionControlledBy,reactome:ProteinReference6236
reactome:SmallMoleculeReference96,abstraction:ConsumptionControlledBy,reactome:ProteinReference9076
reactome:SmallMoleculeReference105,abstraction:ConsumptionControlledBy,reactome:ProteinReference2600
reactome:SmallMoleculeReference49,abstraction:ConsumptionControlledBy,reactome:ProteinReference8473
reactome:SmallMoleculeReference1333,abstraction:ConsumptionControlledBy,reactome:ProteinReference2264
reactome:SmallMoleculeReference2645,abstraction:ConsumptionControlledBy,reactome:ProteinReference3959
reactome:SmallMoleculeReference1607,abstraction:ConsumptionControlledBy,reactome:ProteinReference2639
reactome:SmallMoleculeReference1391,abstraction:ConsumptionControlledBy,reactome:ProteinReference2222
reactome:SmallMoleculeReference96,abstraction:ConsumptionControlledBy,reactome:ProteinReference7573
reactome:SmallMoleculeReference302,abstraction:ConsumptionControlledBy,reactome:ProteinReference2197
reactome:SmallMoleculeReference1591,abstraction:ConsumptionControlledBy,reactome:ProteinReference2634
reactome:SmallMoleculeReference2601,abstraction:ConsumptionControlledBy,reactome:ProteinReference10629
reactome:SmallMoleculeReference469,abstraction:ConsumptionControlledBy,reactome:ProteinReference1040
reactome:SmallMoleculeReference120,abstraction:ConsumptionControlledBy,reactome:ProteinReference3418
reactome:SmallMoleculeReference790,abstraction:ConsumptionControlledBy,reactome:ProteinReference1376
reactome:SmallMoleculeReference1182,abstraction:ConsumptionControlledBy,reactome:ProteinReference2356
reactome:SmallMoleculeReference1530,abstraction:ConsumptionControlledBy,reactome:ProteinReference2593
reactome:SmallMoleculeReference46,abstraction:ConsumptionControlledBy,reactome:ProteinReference1800
reactome:SmallMoleculeReference1250,abstraction:ConsumptionControlledBy,reactome:ProteinReference2145
reactome:SmallMoleculeReference466,abstraction:ConsumptionControlledBy,reactome:ProteinReference5868
reactome:SmallMoleculeReference1508,abstraction:ConsumptionControlledBy,reactome:ProteinReference2575
reactome:SmallMoleculeReference2564,abstraction:ConsumptionControlledBy,reactome:ProteinReference8484
reactome:SmallMoleculeReference1293,abstraction:ConsumptionControlledBy,reactome:ProteinReference2203
reactome:SmallMoleculeReference8,abstraction:ConsumptionControlledBy,reactome:ProteinReference1383
reactome:SmallMoleculeReference1817,abstraction:ConsumptionControlledBy,reactome:ProteinReference2672
reactome:SmallMoleculeReference1321,abstraction:ConsumptionControlledBy,reactome:ProteinReference389
reactome:SmallMoleculeReference653,abstraction:ConsumptionControlledBy,reactome:ProteinReference3963
reactome:SmallMoleculeReference119,abstraction:ConsumptionControlledBy,reactome:ProteinReference205
reactome:SmallMoleculeReference1930,abstraction:ConsumptionControlledBy,reactome:ProteinReference4831
reactome:SmallMoleculeReference302,abstraction:ConsumptionControlledBy,reactome:ProteinReference1175
reactome:SmallMoleculeReference2563,abstraction:ConsumptionControlledBy,reactome:ProteinReference8485
reactome:SmallMoleculeReference45,abstraction:ConsumptionControlledBy,reactome:ProteinReference12050
reactome:SmallMoleculeReference149,abstraction:ConsumptionControlledBy,reactome:ProteinReference2275
reactome:SmallMoleculeReference1716,abstraction:ConsumptionControlledBy,reactome:ProteinReference2172
reactome:SmallMoleculeReference195,abstraction:ConsumptionControlledBy,reactome:ProteinReference307
reactome:SmallMoleculeReference1330,abstraction:ConsumptionControlledBy,reactome:ProteinReference2266
reactome:SmallMoleculeReference1460,abstraction:ConsumptionControlledBy,reactome:ProteinReference2421
reactome:SmallMoleculeReference466,abstraction:ConsumptionControlledBy,reactome:ProteinReference6440
reactome:SmallMoleculeReference814,abstraction:ConsumptionControlledBy,reactome:ProteinReference1023
reactome:SmallMoleculeReference120,abstraction:ConsumptionControlledBy,reactome:ProteinReference6024
reactome:SmallMoleculeReference461,abstraction:ConsumptionControlledBy,reactome:ProteinReference996
reactome:SmallMoleculeReference307,abstraction:ConsumptionControlledBy,reactome:ProteinReference1373
reactome:SmallMoleculeReference652,abstraction:ConsumptionControlledBy,reactome:ProteinReference12
reactome:SmallMoleculeReference653,abstraction:ConsumptionControlledBy,reactome:ProteinReference1460
reactome:SmallMoleculeReference466,abstraction:ConsumptionControlledBy,reactome:ProteinReference354
reactome:SmallMoleculeReference1491,abstraction:ConsumptionControlledBy,reactome:ProteinReference2538
reactome:SmallMoleculeReference312,abstraction:ConsumptionControlledBy,reactome:ProteinReference1625
reactome:SmallMoleculeReference301,abstraction:ConsumptionControlledBy,reactome:ProteinReference1183
reactome:SmallMoleculeReference1894,abstraction:ConsumptionControlledBy,reactome:ProteinReference609
reactome:SmallMoleculeReference46,abstraction:ConsumptionControlledBy,reactome:ProteinReference12068
reactome:SmallMoleculeReference1564,abstraction:ConsumptionControlledBy,reactome:ProteinReference2627
reactome:SmallMoleculeReference1930,abstraction:ConsumptionControlledBy,reactome:ProteinReference4818
reactome:SmallMoleculeReference1571,abstraction:ConsumptionControlledBy,reactome:ProteinReference2674
reactome:SmallMoleculeReference43,abstraction:ConsumptionControlledBy,reactome:ProteinReference8261
reactome:SmallMoleculeReference1894,abstraction:ConsumptionControlledBy,reactome:ProteinReference3714
reactome:SmallMoleculeReference1581,abstraction:ConsumptionControlledBy,reactome:ProteinReference1752
reactome:SmallMoleculeReference969,abstraction:ConsumptionControlledBy,reactome:ProteinReference1713
reactome:SmallMoleculeReference2442,abstraction:ConsumptionControlledBy,reactome:ProteinReference7742
reactome:SmallMoleculeReference260,abstraction:ConsumptionControlledBy,reactome:ProteinReference1382
reactome:SmallMoleculeReference348,abstraction:ConsumptionControlledBy,reactome:ProteinReference2166
reactome:SmallMoleculeReference1783,abstraction:ConsumptionControlledBy,reactome:ProteinReference2725
reactome:SmallMoleculeReference1157,abstraction:ConsumptionControlledBy,reactome:ProteinReference1866
reactome:SmallMoleculeReference1923,abstraction:ConsumptionControlledBy,reactome:ProteinReference4324
reactome:SmallMoleculeReference1800,abstraction:ConsumptionControlledBy,reactome:ProteinReference35
reactome:SmallMoleculeReference1780,abstraction:ConsumptionControlledBy,reactome:ProteinReference2735
reactome:SmallMoleculeReference8,abstraction:ConsumptionControlledBy,reactome:ProteinReference1392
reactome:SmallMoleculeReference46,abstraction:ConsumptionControlledBy,reactome:ProteinReference561
reactome:SmallMoleculeReference120,abstraction:ConsumptionControlledBy,reactome:ProteinReference3420
reactome:SmallMoleculeReference45,abstraction:ConsumptionControlledBy,reactome:ProteinReference1064
reactome:SmallMoleculeReference1161,abstraction:ConsumptionControlledBy,reactome:ProteinReference1979
reactome:SmallMoleculeReference812,abstraction:ConsumptionControlledBy,reactome:ProteinReference1497
reactome:SmallMoleculeReference150,abstraction:ConsumptionControlledBy,reactome:ProteinReference253
reactome:SmallMoleculeReference2092,abstraction:ConsumptionControlledBy,reactome:ProteinReference6208
reactome:SmallMoleculeReference985,abstraction:ConsumptionControlledBy,reactome:ProteinReference1726
reactome:SmallMoleculeReference211,abstraction:ConsumptionControlledBy,reactome:ProteinReference950
reactome:SmallMoleculeReference394,abstraction:ConsumptionControlledBy,reactome:ProteinReference588
reactome:SmallMoleculeReference342,abstraction:ConsumptionControlledBy,reactome:ProteinReference1501
reactome:SmallMoleculeReference7,abstraction:ConsumptionControlledBy,reactome:ProteinReference5205
reactome:SmallMoleculeReference146,abstraction:ConsumptionControlledBy,reactome:ProteinReference261
reactome:SmallMoleculeReference209,abstraction:ConsumptionControlledBy,reactome:ProteinReference886
reactome:SmallMoleculeReference42,abstraction:ConsumptionControlledBy,reactome:ProteinReference37
reactome:SmallMoleculeReference46,abstraction:ConsumptionControlledBy,reactome:ProteinReference5337
reactome:SmallMoleculeReference933,abstraction:ConsumptionControlledBy,reactome:ProteinReference1321
reactome:SmallMoleculeReference49,abstraction:ConsumptionControlledBy,reactome:ProteinReference2612
reactome:SmallMoleculeReference261,abstraction:ConsumptionControlledBy,reactome:ProteinReference1391
reactome:SmallMoleculeReference466,abstraction:ConsumptionControlledBy,reactome:ProteinReference5155
reactome:SmallMoleculeReference1559,abstraction:ConsumptionControlledBy,reactome:ProteinReference2684
reactome:SmallMoleculeReference46,abstraction:ConsumptionControlledBy,reactome:ProteinReference12070
reactome:SmallMoleculeReference582,abstraction:ConsumptionControlledBy,reactome:ProteinReference1219
reactome:SmallMoleculeReference1576,abstraction:ConsumptionControlledBy,reactome:ProteinReference1256
reactome:SmallMoleculeReference209,abstraction:ConsumptionControlledBy,reactome:ProteinReference7520
reactome:SmallMoleculeReference16,abstraction:ConsumptionControlledBy,reactome:ProteinReference6887
reactome:SmallMoleculeReference43,abstraction:ConsumptionControlledBy,reactome:ProteinReference459
reactome:SmallMoleculeReference342,abstraction:ConsumptionControlledBy,reactome:ProteinReference1507
reactome:SmallMoleculeReference764,abstraction:ConsumptionControlledBy,reactome:ProteinReference2103
reactome:SmallMoleculeReference1724,abstraction:ConsumptionControlledBy,reactome:ProteinReference2750
reactome:SmallMoleculeReference46,abstraction:ConsumptionControlledBy,reactome:ProteinReference1762
reactome:SmallMoleculeReference120,abstraction:ConsumptionControlledBy,reactome:ProteinReference5285
reactome:SmallMoleculeReference1530,abstraction:ConsumptionControlledBy,reactome:ProteinReference2597
reactome:SmallMoleculeReference43,abstraction:ConsumptionControlledBy,reactome:ProteinReference11492
reactome:SmallMoleculeReference932,abstraction:ConsumptionControlledBy,reactome:ProteinReference1321
reactome:SmallMoleculeReference1309,abstraction:ConsumptionControlledBy,reactome:ProteinReference2403
reactome:SmallMoleculeReference466,abstraction:ConsumptionControlledBy,reactome:ProteinReference6925
reactome:SmallMoleculeReference99,abstraction:ConsumptionControlledBy,reactome:ProteinReference1694
reactome:SmallMoleculeReference1277,abstraction:ConsumptionControlledBy,reactome:ProteinReference2173
reactome:SmallMoleculeReference1321,abstraction:ConsumptionControlledBy,reactome:ProteinReference2254
reactome:SmallMoleculeReference391,abstraction:ConsumptionControlledBy,reactome:ProteinReference8339
reactome:SmallMoleculeReference96,abstraction:ConsumptionControlledBy,reactome:ProteinReference5003
reactome:SmallMoleculeReference82,abstraction:ConsumptionControlledBy,reactome:ProteinReference172
reactome:SmallMoleculeReference2588,abstraction:ConsumptionControlledBy,reactome:ProteinReference8515
reactome:SmallMoleculeReference399,abstraction:ConsumptionControlledBy,reactome:ProteinReference8403
reactome:SmallMoleculeReference600,abstraction:ConsumptionControlledBy,reactome:ProteinReference1231
reactome:SmallMoleculeReference466,abstraction:ConsumptionControlledBy,reactome:ProteinReference6868
reactome:SmallMoleculeReference1218,abstraction:ConsumptionControlledBy,reactome:ProteinReference2102
reactome:SmallMoleculeReference1465,abstraction:ConsumptionControlledBy,reactome:ProteinReference2410
reactome:SmallMoleculeReference342,abstraction:ConsumptionControlledBy,reactome:ProteinReference6460
reactome:SmallMoleculeReference46,abstraction:ConsumptionControlledBy,reactome:ProteinReference12083
reactome:SmallMoleculeReference45,abstraction:ConsumptionControlledBy,reactome:ProteinReference10941
reactome:SmallMoleculeReference2645,abstraction:ConsumptionControlledBy,reactome:ProteinReference3961
reactome:SmallMoleculeReference158,abstraction:ConsumptionControlledBy,reactome:ProteinReference2592
reactome:SmallMoleculeReference120,abstraction:ConsumptionControlledBy,reactome:ProteinReference7714
reactome:SmallMoleculeReference356,abstraction:ConsumptionControlledBy,reactome:ProteinReference753
reactome:SmallMoleculeReference1383,abstraction:ConsumptionControlledBy,reactome:ProteinReference2325
reactome:SmallMoleculeReference1261,abstraction:ConsumptionControlledBy,reactome:ProteinReference2152
reactome:SmallMoleculeReference432,abstraction:ConsumptionControlledBy,reactome:ProteinReference866
reactome:SmallMoleculeReference391,abstraction:ConsumptionControlledBy,reactome:ProteinReference8336
reactome:SmallMoleculeReference110,abstraction:ConsumptionControlledBy,reactome:ProteinReference206
reactome:SmallMoleculeReference207,abstraction:ConsumptionControlledBy,reactome:ProteinReference838
reactome:SmallMoleculeReference147,abstraction:ConsumptionControlledBy,reactome:ProteinReference2433
reactome:SmallMoleculeReference466,abstraction:ConsumptionControlledBy,reactome:ProteinReference1007
reactome:SmallMoleculeReference1569,abstraction:ConsumptionControlledBy,reactome:ProteinReference2628
reactome:SmallMoleculeReference1643,abstraction:ConsumptionControlledBy,reactome:ProteinReference2171
reactome:SmallMoleculeReference1723,abstraction:ConsumptionControlledBy,reactome:ProteinReference2746
reactome:SmallMoleculeReference142,abstraction:ConsumptionControlledBy,reactome:ProteinReference269
reactome:SmallMoleculeReference49,abstraction:ConsumptionControlledBy,reactome:ProteinReference8432
reactome:SmallMoleculeReference810,abstraction:ConsumptionControlledBy,reactome:ProteinReference1481
reactome:SmallMoleculeReference569,abstraction:ConsumptionControlledBy,reactome:ProteinReference6202
reactome:SmallMoleculeReference2101,abstraction:ConsumptionControlledBy,reactome:ProteinReference86
reactome:SmallMoleculeReference302,abstraction:ConsumptionControlledBy,reactome:ProteinReference1872
reactome:SmallMoleculeReference957,abstraction:ConsumptionControlledBy,reactome:ProteinReference1064
reactome:SmallMoleculeReference1716,abstraction:ConsumptionControlledBy,reactome:ProteinReference2737
reactome:SmallMoleculeReference2601,abstraction:ConsumptionControlledBy,reactome:ProteinReference2809
reactome:SmallMoleculeReference813,abstraction:ConsumptionControlledBy,reactome:ProteinReference1496
reactome:SmallMoleculeReference193,abstraction:ConsumptionControlledBy,reactome:ProteinReference305
reactome:SmallMoleculeReference1315,abstraction:ConsumptionControlledBy,reactome:ProteinReference2225
reactome:SmallMoleculeReference119,abstraction:ConsumptionControlledBy,reactome:ProteinReference7637
reactome:SmallMoleculeReference1005,abstraction:ConsumptionControlledBy,reactome:ProteinReference1405
reactome:SmallMoleculeReference391,abstraction:ConsumptionControlledBy,reactome:ProteinReference10630
reactome:SmallMoleculeReference80,abstraction:ConsumptionControlledBy,reactome:ProteinReference225
reactome:SmallMoleculeReference43,abstraction:ConsumptionControlledBy,reactome:ProteinReference11565
reactome:SmallMoleculeReference260,abstraction:ConsumptionControlledBy,reactome:ProteinReference1391
reactome:SmallMoleculeReference977,abstraction:ConsumptionControlledBy,reactome:ProteinReference1712
reactome:SmallMoleculeReference45,abstraction:ConsumptionControlledBy,reactome:ProteinReference10936
reactome:SmallMoleculeReference1020,abstraction:ConsumptionControlledBy,reactome:ProteinReference1240
reactome:SmallMoleculeReference135,abstraction:ConsumptionControlledBy,reactome:ProteinReference2753
reactome:SmallMoleculeReference1930,abstraction:ConsumptionControlledBy,reactome:ProteinReference4783
reactome:SmallMoleculeReference1543,abstraction:ConsumptionControlledBy,reactome:ProteinReference2611
reactome:SmallMoleculeReference961,abstraction:ConsumptionControlledBy,reactome:ProteinReference1706
reactome:SmallMoleculeReference174,abstraction:ConsumptionControlledBy,reactome:ProteinReference286
reactome:SmallMoleculeReference190,abstraction:ConsumptionControlledBy,reactome:ProteinReference306
reactome:SmallMoleculeReference466,abstraction:ConsumptionControlledBy,reactome:ProteinReference6739
reactome:SmallMoleculeReference46,abstraction:ConsumptionControlledBy,reactome:ProteinReference5488
reactome:SmallMoleculeReference1226,abstraction:ConsumptionControlledBy,reactome:ProteinReference2807
reactome:SmallMoleculeReference764,abstraction:ConsumptionControlledBy,reactome:ProteinReference1465
reactome:SmallMoleculeReference7,abstraction:ConsumptionControlledBy,reactome:ProteinReference8619
reactome:SmallMoleculeReference2559,abstraction:ConsumptionControlledBy,reactome:ProteinReference8470
reactome:SmallMoleculeReference773,abstraction:ConsumptionControlledBy,reactome:ProteinReference1440
reactome:SmallMoleculeReference139,abstraction:ConsumptionControlledBy,reactome:ProteinReference257
reactome:SmallMoleculeReference524,abstraction:ConsumptionControlledBy,reactome:ProteinReference1195
reactome:SmallMoleculeReference496,abstraction:ConsumptionControlledBy,reactome:ProteinReference1251
reactome:SmallMoleculeReference2559,abstraction:ConsumptionControlledBy,reactome:ProteinReference8450
reactome:SmallMoleculeReference466,abstraction:ConsumptionControlledBy,reactome:ProteinReference5597
reactome:SmallMoleculeReference6,abstraction:ConsumptionControlledBy,reactome:ProteinReference1682
reactome:SmallMoleculeReference121,abstraction:ConsumptionControlledBy,reactome:ProteinReference216
reactome:SmallMoleculeReference94,abstraction:ConsumptionControlledBy,reactome:ProteinReference183
reactome:SmallMoleculeReference138,abstraction:ConsumptionControlledBy,reactome:ProteinReference11443
reactome:SmallMoleculeReference120,abstraction:ConsumptionControlledBy,reactome:ProteinReference3384
reactome:SmallMoleculeReference117,abstraction:ConsumptionControlledBy,reactome:ProteinReference205
reactome:SmallMoleculeReference466,abstraction:ConsumptionControlledBy,reactome:ProteinReference4224
reactome:SmallMoleculeReference79,abstraction:ConsumptionControlledBy,reactome:ProteinReference201
reactome:SmallMoleculeReference753,abstraction:ConsumptionControlledBy,reactome:ProteinReference1741
reactome:SmallMoleculeReference6,abstraction:ConsumptionControlledBy,reactome:ProteinReference1684
reactome:SmallMoleculeReference481,abstraction:ConsumptionControlledBy,reactome:ProteinReference1035
reactome:SmallMoleculeReference160,abstraction:ConsumptionControlledBy,reactome:ProteinReference249
reactome:SmallMoleculeReference43,abstraction:ConsumptionControlledBy,reactome:ProteinReference11494
reactome:SmallMoleculeReference1182,abstraction:ConsumptionControlledBy,reactome:ProteinReference2255
reactome:SmallMoleculeReference219,abstraction:ConsumptionControlledBy,reactome:ProteinReference1135
reactome:SmallMoleculeReference96,abstraction:ConsumptionControlledBy,reactome:ProteinReference10550
reactome:SmallMoleculeReference96,abstraction:ConsumptionControlledBy,reactome:ProteinReference1102
reactome:SmallMoleculeReference1151,abstraction:ConsumptionControlledBy,reactome:ProteinReference2535
reactome:SmallMoleculeReference43,abstraction:ConsumptionControlledBy,reactome:ProteinReference11523
reactome:SmallMoleculeReference1341,abstraction:ConsumptionControlledBy,reactome:ProteinReference7742
reactome:SmallMoleculeReference1581,abstraction:ConsumptionControlledBy,reactome:ProteinReference2626
reactome:SmallMoleculeReference574,abstraction:ConsumptionControlledBy,reactome:ProteinReference2730
reactome:SmallMoleculeReference931,abstraction:ConsumptionControlledBy,reactome:ProteinReference1261
reactome:SmallMoleculeReference813,abstraction:ConsumptionControlledBy,reactome:ProteinReference1045
reactome:SmallMoleculeReference45,abstraction:ConsumptionControlledBy,reactome:ProteinReference7754
reactome:SmallMoleculeReference215,abstraction:ConsumptionControlledBy,reactome:ProteinReference885
reactome:SmallMoleculeReference1160,abstraction:ConsumptionControlledBy,reactome:ProteinReference1926
reactome:SmallMoleculeReference203,abstraction:ConsumptionControlledBy,reactome:ProteinReference9950
reactome:SmallMoleculeReference203,abstraction:ConsumptionControlledBy,reactome:ProteinReference6302
reactome:SmallMoleculeReference174,abstraction:ConsumptionControlledBy,reactome:ProteinReference294
reactome:SmallMoleculeReference748,abstraction:ConsumptionControlledBy,reactome:ProteinReference1379
reactome:SmallMoleculeReference407,abstraction:ConsumptionControlledBy,reactome:ProteinReference902
reactome:SmallMoleculeReference46,abstraction:ConsumptionControlledBy,reactome:ProteinReference11429
reactome:SmallMoleculeReference204,abstraction:ConsumptionControlledBy,reactome:ProteinReference4070
reactome:SmallMoleculeReference499,abstraction:ConsumptionControlledBy,reactome:ProteinReference186
reactome:SmallMoleculeReference764,abstraction:ConsumptionControlledBy,reactome:ProteinReference2165
reactome:SmallMoleculeReference145,abstraction:ConsumptionControlledBy,reactome:ProteinReference267
reactome:SmallMoleculeReference1930,abstraction:ConsumptionControlledBy,reactome:ProteinReference4804
reactome:SmallMoleculeReference46,abstraction:ConsumptionControlledBy,reactome:ProteinReference10996
reactome:SmallMoleculeReference98,abstraction:ConsumptionControlledBy,reactome:ProteinReference1137
reactome:SmallMoleculeReference2601,abstraction:ConsumptionControlledBy,reactome:ProteinReference10620
reactome:SmallMoleculeReference128,abstraction:ConsumptionControlledBy,reactome:ProteinReference211
reactome:SmallMoleculeReference347,abstraction:ConsumptionControlledBy,reactome:ProteinReference2165
reactome:SmallMoleculeReference1573,abstraction:ConsumptionControlledBy,reactome:ProteinReference2730
reactome:SmallMoleculeReference1264,abstraction:ConsumptionControlledBy,reactome:ProteinReference2153
reactome:SmallMoleculeReference96,abstraction:ConsumptionControlledBy,reactome:ProteinReference9050
reactome:SmallMoleculeReference466,abstraction:ConsumptionControlledBy,reactome:ProteinReference5234
reactome:SmallMoleculeReference1882,abstraction:ConsumptionControlledBy,reactome:ProteinReference4089
reactome:SmallMoleculeReference466,abstraction:ConsumptionControlledBy,reactome:ProteinReference6928
reactome:SmallMoleculeReference120,abstraction:ConsumptionControlledBy,reactome:ProteinReference6029
reactome:SmallMoleculeReference2554,abstraction:ConsumptionControlledBy,reactome:ProteinReference8438
reactome:SmallMoleculeReference207,abstraction:ConsumptionControlledBy,reactome:ProteinReference3406
reactome:SmallMoleculeReference46,abstraction:ConsumptionControlledBy,reactome:ProteinReference12096
reactome:SmallMoleculeReference1575,abstraction:ConsumptionControlledBy,reactome:ProteinReference2672
reactome:SmallMoleculeReference119,abstraction:ConsumptionControlledBy,reactome:ProteinReference5545
reactome:SmallMoleculeReference120,abstraction:ConsumptionControlledBy,reactome:ProteinReference3422
reactome:SmallMoleculeReference203,abstraction:ConsumptionControlledBy,reactome:ProteinReference1153
reactome:SmallMoleculeReference1559,abstraction:ConsumptionControlledBy,reactome:ProteinReference2682
reactome:SmallMoleculeReference2564,abstraction:ConsumptionControlledBy,reactome:ProteinReference8486
reactome:SmallMoleculeReference43,abstraction:ConsumptionControlledBy,reactome:ProteinReference105
reactome:SmallMoleculeReference2529,abstraction:ConsumptionControlledBy,reactome:ProteinReference172
reactome:SmallMoleculeReference244,abstraction:ConsumptionControlledBy,reactome:ProteinReference1286
reactome:SmallMoleculeReference144,abstraction:ConsumptionControlledBy,reactome:ProteinReference2439
reactome:SmallMoleculeReference203,abstraction:ConsumptionControlledBy,reactome:ProteinReference5218
reactome:SmallMoleculeReference302,abstraction:ConsumptionControlledBy,reactome:ProteinReference2369
reactome:SmallMoleculeReference496,abstraction:ConsumptionControlledBy,reactome:ProteinReference1208
reactome:SmallMoleculeReference1784,abstraction:ConsumptionControlledBy,reactome:ProteinReference27
reactome:SmallMoleculeReference1371,abstraction:ConsumptionControlledBy,reactome:ProteinReference2302
reactome:SmallMoleculeReference45,abstraction:ConsumptionControlledBy,reactome:ProteinReference11506
reactome:SmallMoleculeReference1092,abstraction:ConsumptionControlledBy,reactome:ProteinReference1240
reactome:SmallMoleculeReference905,abstraction:ConsumptionControlledBy,reactome:ProteinReference1653
reactome:SmallMoleculeReference96,abstraction:ConsumptionControlledBy,reactome:ProteinReference8496
reactome:SmallMoleculeReference1870,abstraction:ConsumptionControlledBy,reactome:ProteinReference4081
reactome:SmallMoleculeReference1843,abstraction:ConsumptionControlledBy,reactome:ProteinReference4354
reactome:SmallMoleculeReference43,abstraction:ConsumptionControlledBy,reactome:ProteinReference12167
reactome:SmallMoleculeReference120,abstraction:ConsumptionControlledBy,reactome:ProteinReference6025
reactome:SmallMoleculeReference45,abstraction:ConsumptionControlledBy,reactome:ProteinReference568
reactome:SmallMoleculeReference193,abstraction:ConsumptionControlledBy,reactome:ProteinReference310
reactome:SmallMoleculeReference1143,abstraction:ConsumptionControlledBy,reactome:ProteinReference2550
reactome:SmallMoleculeReference2555,abstraction:ConsumptionControlledBy,reactome:ProteinReference8448
reactome:SmallMoleculeReference96,abstraction:ConsumptionControlledBy,reactome:ProteinReference3171
reactome:SmallMoleculeReference709,abstraction:ConsumptionControlledBy,reactome:ProteinReference1292
reactome:SmallMoleculeReference345,abstraction:ConsumptionControlledBy,reactome:ProteinReference763
reactome:SmallMoleculeReference1819,abstraction:ConsumptionControlledBy,reactome:ProteinReference2684
reactome:SmallMoleculeReference152,abstraction:ConsumptionControlledBy,reactome:ProteinReference3679
reactome:SmallMoleculeReference2601,abstraction:ConsumptionControlledBy,reactome:ProteinReference10628
reactome:SmallMoleculeReference207,abstraction:ConsumptionControlledBy,reactome:ProteinReference3392
reactome:SmallMoleculeReference135,abstraction:ConsumptionControlledBy,reactome:ProteinReference1255
reactome:SmallMoleculeReference468,abstraction:ConsumptionControlledBy,reactome:ProteinReference5622
reactome:SmallMoleculeReference1930,abstraction:ConsumptionControlledBy,reactome:ProteinReference4835
reactome:SmallMoleculeReference814,abstraction:ConsumptionControlledBy,reactome:ProteinReference1547
reactome:SmallMoleculeReference483,abstraction:ConsumptionControlledBy,reactome:ProteinReference1034
reactome:SmallMoleculeReference158,abstraction:ConsumptionControlledBy,reactome:ProteinReference2581
reactome:SmallMoleculeReference142,abstraction:ConsumptionControlledBy,reactome:ProteinReference3666
reactome:SmallMoleculeReference496,abstraction:ConsumptionControlledBy,reactome:ProteinReference1247
reactome:SmallMoleculeReference354,abstraction:ConsumptionControlledBy,reactome:ProteinReference750
reactome:SmallMoleculeReference43,abstraction:ConsumptionControlledBy,reactome:ProteinReference12165
reactome:SmallMoleculeReference1575,abstraction:ConsumptionControlledBy,reactome:ProteinReference2687
reactome:SmallMoleculeReference209,abstraction:ConsumptionControlledBy,reactome:ProteinReference4512
reactome:SmallMoleculeReference698,abstraction:ConsumptionControlledBy,reactome:ProteinReference1147
reactome:SmallMoleculeReference97,abstraction:ConsumptionControlledBy,reactome:ProteinReference1137
reactome:SmallMoleculeReference574,abstraction:ConsumptionControlledBy,reactome:ProteinReference2735
reactome:SmallMoleculeReference206,abstraction:ConsumptionControlledBy,reactome:ProteinReference2137
reactome:SmallMoleculeReference1984,abstraction:ConsumptionControlledBy,reactome:ProteinReference5183
reactome:SmallMoleculeReference207,abstraction:ConsumptionControlledBy,reactome:ProteinReference834
reactome:SmallMoleculeReference169,abstraction:ConsumptionControlledBy,reactome:ProteinReference2434
reactome:SmallMoleculeReference209,abstraction:ConsumptionControlledBy,reactome:ProteinReference4356
reactome:SmallMoleculeReference13,abstraction:ConsumptionControlledBy,reactome:ProteinReference392
reactome:SmallMoleculeReference468,abstraction:ConsumptionControlledBy,reactome:ProteinReference5627
reactome:SmallMoleculeReference96,abstraction:ConsumptionControlledBy,reactome:ProteinReference3943
reactome:SmallMoleculeReference714,abstraction:ConsumptionControlledBy,reactome:ProteinReference1299
reactome:SmallMoleculeReference466,abstraction:ConsumptionControlledBy,reactome:ProteinReference6872
reactome:SmallMoleculeReference669,abstraction:ConsumptionControlledBy,reactome:ProteinReference1267
reactome:SmallMoleculeReference144,abstraction:ConsumptionControlledBy,reactome:ProteinReference231
reactome:SmallMoleculeReference1556,abstraction:ConsumptionControlledBy,reactome:ProteinReference1251
reactome:SmallMoleculeReference1869,abstraction:ConsumptionControlledBy,reactome:ProteinReference1623
reactome:SmallMoleculeReference159,abstraction:ConsumptionControlledBy,reactome:ProteinReference2719
reactome:SmallMoleculeReference46,abstraction:ConsumptionControlledBy,reactome:ProteinReference579
reactome:SmallMoleculeReference1573,abstraction:ConsumptionControlledBy,reactome:ProteinReference2735
reactome:SmallMoleculeReference359,abstraction:ConsumptionControlledBy,reactome:ProteinReference818
reactome:SmallMoleculeReference791,abstraction:ConsumptionControlledBy,reactome:ProteinReference1450
reactome:SmallMoleculeReference1289,abstraction:ConsumptionControlledBy,reactome:ProteinReference2195
reactome:SmallMoleculeReference2101,abstraction:ConsumptionControlledBy,reactome:ProteinReference61
reactome:SmallMoleculeReference1894,abstraction:ConsumptionControlledBy,reactome:ProteinReference4105
reactome:SmallMoleculeReference46,abstraction:ConsumptionControlledBy,reactome:ProteinReference553
reactome:SmallMoleculeReference466,abstraction:ConsumptionControlledBy,reactome:ProteinReference3365
reactome:SmallMoleculeReference957,abstraction:ConsumptionControlledBy,reactome:ProteinReference1686
reactome:SmallMoleculeReference128,abstraction:ConsumptionControlledBy,reactome:ProteinReference212
reactome:SmallMoleculeReference7,abstraction:ConsumptionControlledBy,reactome:ProteinReference1390
reactome:SmallMoleculeReference1819,abstraction:ConsumptionControlledBy,reactome:ProteinReference2681
reactome:SmallMoleculeReference1226,abstraction:ConsumptionControlledBy,reactome:ProteinReference2811
reactome:SmallMoleculeReference46,abstraction:ConsumptionControlledBy,reactome:ProteinReference10750
reactome:SmallMoleculeReference342,abstraction:ConsumptionControlledBy,reactome:ProteinReference6442
reactome:SmallMoleculeReference978,abstraction:ConsumptionControlledBy,reactome:ProteinReference2702
reactome:SmallMoleculeReference96,abstraction:ConsumptionControlledBy,reactome:ProteinReference3177
reactome:SmallMoleculeReference1423,abstraction:ConsumptionControlledBy,reactome:ProteinReference1840
reactome:SmallMoleculeReference46,abstraction:ConsumptionControlledBy,reactome:ProteinReference580
reactome:SmallMoleculeReference147,abstraction:ConsumptionControlledBy,reactome:ProteinReference2432
reactome:SmallMoleculeReference46,abstraction:ConsumptionControlledBy,reactome:ProteinReference12104
reactome:SmallMoleculeReference203,abstraction:ConsumptionControlledBy,reactome:ProteinReference9023
reactome:SmallMoleculeReference906,abstraction:ConsumptionControlledBy,reactome:ProteinReference1654
reactome:SmallMoleculeReference2601,abstraction:ConsumptionControlledBy,reactome:ProteinReference2806
reactome:SmallMoleculeReference469,abstraction:ConsumptionControlledBy,reactome:ProteinReference1025
reactome:SmallMoleculeReference139,abstraction:ConsumptionControlledBy,reactome:ProteinReference2605
reactome:SmallMoleculeReference2560,abstraction:ConsumptionControlledBy,reactome:ProteinReference8448
reactome:SmallMoleculeReference496,abstraction:ConsumptionControlledBy,reactome:ProteinReference1178
reactome:SmallMoleculeReference120,abstraction:ConsumptionControlledBy,reactome:ProteinReference3419
reactome:SmallMoleculeReference1817,abstraction:ConsumptionControlledBy,reactome:ProteinReference2681
reactome:SmallMoleculeReference261,abstraction:ConsumptionControlledBy,reactome:ProteinReference1396
reactome:SmallMoleculeReference67,abstraction:ConsumptionControlledBy,reactome:ProteinReference170
reactome:SmallMoleculeReference352,abstraction:ConsumptionControlledBy,reactome:ProteinReference1148
reactome:SmallMoleculeReference46,abstraction:ConsumptionControlledBy,reactome:ProteinReference11508
reactome:SmallMoleculeReference211,abstraction:ConsumptionControlledBy,reactome:ProteinReference2701
reactome:SmallMoleculeReference302,abstraction:ConsumptionControlledBy,reactome:ProteinReference2184
reactome:SmallMoleculeReference216,abstraction:ConsumptionControlledBy,reactome:ProteinReference4302
reactome:SmallMoleculeReference46,abstraction:ConsumptionControlledBy,reactome:ProteinReference6885
reactome:SmallMoleculeReference1207,abstraction:ConsumptionControlledBy,reactome:ProteinReference2087
reactome:SmallMoleculeReference66,abstraction:ConsumptionControlledBy,reactome:ProteinReference614
reactome:SmallMoleculeReference743,abstraction:ConsumptionControlledBy,reactome:ProteinReference2372
reactome:SmallMoleculeReference147,abstraction:ConsumptionControlledBy,reactome:ProteinReference2439
reactome:SmallMoleculeReference496,abstraction:ConsumptionControlledBy,reactome:ProteinReference1135
reactome:SmallMoleculeReference139,abstraction:ConsumptionControlledBy,reactome:ProteinReference2358
reactome:SmallMoleculeReference54,abstraction:ConsumptionControlledBy,reactome:ProteinReference606
reactome:SmallMoleculeReference754,abstraction:ConsumptionControlledBy,reactome:ProteinReference1340
reactome:SmallMoleculeReference46,abstraction:ConsumptionControlledBy,reactome:ProteinReference7753
reactome:SmallMoleculeReference139,abstraction:ConsumptionControlledBy,reactome:ProteinReference2533
reactome:SmallMoleculeReference1874,abstraction:ConsumptionControlledBy,reactome:ProteinReference1598
reactome:SmallMoleculeReference146,abstraction:ConsumptionControlledBy,reactome:ProteinReference268
reactome:SmallMoleculeReference132,abstraction:ConsumptionControlledBy,reactome:ProteinReference1749
reactome:SmallMoleculeReference66,abstraction:ConsumptionControlledBy,reactome:ProteinReference160
reactome:SmallMoleculeReference43,abstraction:ConsumptionControlledBy,reactome:ProteinReference11514
reactome:SmallMoleculeReference183,abstraction:ConsumptionControlledBy,reactome:ProteinReference293
reactome:SmallMoleculeReference10,abstraction:ConsumptionControlledBy,reactome:ProteinReference1617
reactome:SmallMoleculeReference142,abstraction:ConsumptionControlledBy,reactome:ProteinReference2435
reactome:SmallMoleculeReference45,abstraction:ConsumptionControlledBy,reactome:ProteinReference303
reactome:SmallMoleculeReference96,abstraction:ConsumptionControlledBy,reactome:ProteinReference5155
reactome:SmallMoleculeReference511,abstraction:ConsumptionControlledBy,reactome:ProteinReference1295
reactome:SmallMoleculeReference46,abstraction:ConsumptionControlledBy,reactome:ProteinReference6532
reactome:SmallMoleculeReference1631,abstraction:ConsumptionControlledBy,reactome:ProteinReference2657
reactome:SmallMoleculeReference183,abstraction:ConsumptionControlledBy,reactome:ProteinReference297
reactome:SmallMoleculeReference203,abstraction:ConsumptionControlledBy,reactome:ProteinReference7573
reactome:SmallMoleculeReference174,abstraction:ConsumptionControlledBy,reactome:ProteinReference284
reactome:SmallMoleculeReference466,abstraction:ConsumptionControlledBy,reactome:ProteinReference8235
reactome:SmallMoleculeReference186,abstraction:ConsumptionControlledBy,reactome:ProteinReference303
reactome:SmallMoleculeReference120,abstraction:ConsumptionControlledBy,reactome:ProteinReference2556
reactome:SmallMoleculeReference1226,abstraction:ConsumptionControlledBy,reactome:ProteinReference8804
reactome:SmallMoleculeReference466,abstraction:ConsumptionControlledBy,reactome:ProteinReference5856
reactome:SmallMoleculeReference893,abstraction:ConsumptionControlledBy,reactome:ProteinReference1654
reactome:SmallMoleculeReference79,abstraction:ConsumptionControlledBy,reactome:ProteinReference1406
reactome:SmallMoleculeReference69,abstraction:ConsumptionControlledBy,reactome:ProteinReference170
reactome:SmallMoleculeReference948,abstraction:ConsumptionControlledBy,reactome:ProteinReference1679
reactome:SmallMoleculeReference785,abstraction:ConsumptionControlledBy,reactome:ProteinReference1413
reactome:SmallMoleculeReference604,abstraction:ConsumptionControlledBy,reactome:ProteinReference1236
reactome:SmallMoleculeReference396,abstraction:ConsumptionControlledBy,reactome:ProteinReference1864
reactome:SmallMoleculeReference150,abstraction:ConsumptionControlledBy,reactome:ProteinReference1554
reactome:SmallMoleculeReference333,abstraction:ConsumptionControlledBy,reactome:ProteinReference1613
reactome:SmallMoleculeReference142,abstraction:ConsumptionControlledBy,reactome:ProteinReference245
reactome:SmallMoleculeReference13,abstraction:ConsumptionControlledBy,reactome:ProteinReference22
reactome:SmallMoleculeReference66,abstraction:ConsumptionControlledBy,reactome:ProteinReference2595
reactome:SmallMoleculeReference191,abstraction:ConsumptionControlledBy,reactome:ProteinReference310
reactome:SmallMoleculeReference146,abstraction:ConsumptionControlledBy,reactome:ProteinReference2430
reactome:SmallMoleculeReference1904,abstraction:ConsumptionControlledBy,reactome:ProteinReference4258
reactome:SmallMoleculeReference10,abstraction:ConsumptionControlledBy,reactome:ProteinReference1616
reactome:SmallMoleculeReference96,abstraction:ConsumptionControlledBy,reactome:ProteinReference6130
reactome:SmallMoleculeReference466,abstraction:ConsumptionControlledBy,reactome:ProteinReference5857
reactome:SmallMoleculeReference959,abstraction:ConsumptionControlledBy,reactome:ProteinReference1706
reactome:SmallMoleculeReference120,abstraction:ConsumptionControlledBy,reactome:ProteinReference4557
reactome:SmallMoleculeReference356,abstraction:ConsumptionControlledBy,reactome:ProteinReference754
reactome:SmallMoleculeReference466,abstraction:ConsumptionControlledBy,reactome:ProteinReference1006
reactome:SmallMoleculeReference203,abstraction:ConsumptionControlledBy,reactome:ProteinReference9015
reactome:SmallMoleculeReference147,abstraction:ConsumptionControlledBy,reactome:ProteinReference2711
reactome:SmallMoleculeReference1672,abstraction:ConsumptionControlledBy,reactome:ProteinReference2694
reactome:SmallMoleculeReference43,abstraction:ConsumptionControlledBy,reactome:ProteinReference11511
reactome:SmallMoleculeReference2426,abstraction:ConsumptionControlledBy,reactome:ProteinReference12047
reactome:SmallMoleculeReference659,abstraction:ConsumptionControlledBy,reactome:ProteinReference1754
reactome:SmallMoleculeReference157,abstraction:ConsumptionControlledBy,reactome:ProteinReference251
reactome:SmallMoleculeReference46,abstraction:ConsumptionControlledBy,reactome:ProteinReference550
reactome:SmallMoleculeReference96,abstraction:ConsumptionControlledBy,reactome:ProteinReference10276
reactome:SmallMoleculeReference260,abstraction:ConsumptionControlledBy,reactome:ProteinReference1396
reactome:SmallMoleculeReference6,abstraction:ConsumptionControlledBy,reactome:ProteinReference687
reactome:SmallMoleculeReference309,abstraction:ConsumptionControlledBy,reactome:ProteinReference1556
reactome:SmallMoleculeReference468,abstraction:ConsumptionControlledBy,reactome:ProteinReference5623
reactome:SmallMoleculeReference1776,abstraction:ConsumptionControlledBy,reactome:ProteinReference2751
reactome:SmallMoleculeReference203,abstraction:ConsumptionControlledBy,reactome:ProteinReference9011
reactome:SmallMoleculeReference466,abstraction:ConsumptionControlledBy,reactome:ProteinReference6871
reactome:SmallMoleculeReference926,abstraction:ConsumptionControlledBy,reactome:ProteinReference1318
reactome:SmallMoleculeReference175,abstraction:ConsumptionControlledBy,reactome:ProteinReference9640
reactome:SmallMoleculeReference657,abstraction:ConsumptionControlledBy,reactome:ProteinReference1264
reactome:SmallMoleculeReference174,abstraction:ConsumptionControlledBy,reactome:ProteinReference285
reactome:SmallMoleculeReference954,abstraction:ConsumptionControlledBy,reactome:ProteinReference1674
reactome:SmallMoleculeReference137,abstraction:ConsumptionControlledBy,reactome:ProteinReference219
reactome:SmallMoleculeReference2562,abstraction:ConsumptionControlledBy,reactome:ProteinReference8479
reactome:SmallMoleculeReference45,abstraction:ConsumptionControlledBy,reactome:ProteinReference174
reactome:SmallMoleculeReference96,abstraction:ConsumptionControlledBy,reactome:ProteinReference3167
reactome:SmallMoleculeReference566,abstraction:ConsumptionControlledBy,reactome:ProteinReference1235
reactome:SmallMoleculeReference496,abstraction:ConsumptionControlledBy,reactome:ProteinReference1248
reactome:SmallMoleculeReference1160,abstraction:ConsumptionControlledBy,reactome:ProteinReference1911
reactome:SmallMoleculeReference145,abstraction:ConsumptionControlledBy,reactome:ProteinReference251
reactome:SmallMoleculeReference43,abstraction:ConsumptionControlledBy,reactome:ProteinReference11541
reactome:SmallMoleculeReference211,abstraction:ConsumptionControlledBy,reactome:ProteinReference951
reactome:SmallMoleculeReference232,abstraction:ConsumptionControlledBy,reactome:ProteinReference7412
reactome:SmallMoleculeReference261,abstraction:ConsumptionControlledBy,reactome:ProteinReference1204
reactome:SmallMoleculeReference159,abstraction:ConsumptionControlledBy,reactome:ProteinReference2336
reactome:SmallMoleculeReference1930,abstraction:ConsumptionControlledBy,reactome:ProteinReference4792
reactome:SmallMoleculeReference1574,abstraction:ConsumptionControlledBy,reactome:ProteinReference2629
reactome:SmallMoleculeReference748,abstraction:ConsumptionControlledBy,reactome:ProteinReference1370
reactome:SmallMoleculeReference213,abstraction:ConsumptionControlledBy,reactome:ProteinReference1002
reactome:SmallMoleculeReference466,abstraction:ConsumptionControlledBy,reactome:ProteinReference366
reactome:SmallMoleculeReference45,abstraction:ConsumptionControlledBy,reactome:ProteinReference10949
reactome:SmallMoleculeReference414,abstraction:ConsumptionControlledBy,reactome:ProteinReference959
reactome:SmallMoleculeReference342,abstraction:ConsumptionControlledBy,reactome:ProteinReference6432
reactome:SmallMoleculeReference96,abstraction:ConsumptionControlledBy,reactome:ProteinReference3939
reactome:SmallMoleculeReference2645,abstraction:ConsumptionControlledBy,reactome:ProteinReference3714
reactome:SmallMoleculeReference756,abstraction:ConsumptionControlledBy,reactome:ProteinReference1418
reactome:SmallMoleculeReference1843,abstraction:ConsumptionControlledBy,reactome:ProteinReference4098
reactome:SmallMoleculeReference312,abstraction:ConsumptionControlledBy,reactome:ProteinReference1593
reactome:SmallMoleculeReference466,abstraction:ConsumptionControlledBy,reactome:ProteinReference5822
reactome:SmallMoleculeReference96,abstraction:ConsumptionControlledBy,reactome:ProteinReference10555
reactome:SmallMoleculeReference902,abstraction:ConsumptionControlledBy,reactome:ProteinReference1653
reactome:SmallMoleculeReference66,abstraction:ConsumptionControlledBy,reactome:ProteinReference613
reactome:SmallMoleculeReference1160,abstraction:ConsumptionControlledBy,reactome:ProteinReference1923
reactome:SmallMoleculeReference762,abstraction:ConsumptionControlledBy,reactome:ProteinReference1411
reactome:SmallMoleculeReference96,abstraction:ConsumptionControlledBy,reactome:ProteinReference3153
reactome:SmallMoleculeReference752,abstraction:ConsumptionControlledBy,reactome:ProteinReference7696
reactome:SmallMoleculeReference2601,abstraction:ConsumptionControlledBy,reactome:ProteinReference10676
reactome:SmallMoleculeReference1575,abstraction:ConsumptionControlledBy,reactome:ProteinReference2679
reactome:SmallMoleculeReference96,abstraction:ConsumptionControlledBy,reactome:ProteinReference2811
reactome:SmallMoleculeReference96,abstraction:ConsumptionControlledBy,reactome:ProteinReference9098
reactome:SmallMoleculeReference43,abstraction:ConsumptionControlledBy,reactome:ProteinReference12083
reactome:SmallMoleculeReference875,abstraction:ConsumptionControlledBy,reactome:ProteinReference1645
reactome:SmallMoleculeReference213,abstraction:ConsumptionControlledBy,reactome:ProteinReference988
reactome:SmallMoleculeReference189,abstraction:ConsumptionControlledBy,reactome:ProteinReference2120
reactome:SmallMoleculeReference120,abstraction:ConsumptionControlledBy,reactome:ProteinReference10638
reactome:SmallMoleculeReference810,abstraction:ConsumptionControlledBy,reactome:ProteinReference1022
reactome:SmallMoleculeReference45,abstraction:ConsumptionControlledBy,reactome:ProteinReference10443
reactome:SmallMoleculeReference96,abstraction:ConsumptionControlledBy,reactome:ProteinReference7593
reactome:SmallMoleculeReference158,abstraction:ConsumptionControlledBy,reactome:ProteinReference2582
reactome:SmallMoleculeReference78,abstraction:ConsumptionControlledBy,reactome:ProteinReference170
reactome:SmallMoleculeReference319,abstraction:ConsumptionControlledBy,reactome:ProteinReference892
reactome:SmallMoleculeReference342,abstraction:ConsumptionControlledBy,reactome:ProteinReference6436
reactome:SmallMoleculeReference343,abstraction:ConsumptionControlledBy,reactome:ProteinReference714
reactome:SmallMoleculeReference2601,abstraction:ConsumptionControlledBy,reactome:ProteinReference8581
reactome:SmallMoleculeReference463,abstraction:ConsumptionControlledBy,reactome:ProteinReference1003
reactome:SmallMoleculeReference466,abstraction:ConsumptionControlledBy,reactome:ProteinReference5811
reactome:SmallMoleculeReference46,abstraction:ConsumptionControlledBy,reactome:ProteinReference11479
reactome:SmallMoleculeReference217,abstraction:ConsumptionControlledBy,reactome:ProteinReference326
reactome:SmallMoleculeReference394,abstraction:ConsumptionControlledBy,reactome:ProteinReference6196
reactome:SmallMoleculeReference159,abstraction:ConsumptionControlledBy,reactome:ProteinReference2337
reactome:SmallMoleculeReference873,abstraction:ConsumptionControlledBy,reactome:ProteinReference1646
reactome:SmallMoleculeReference1207,abstraction:ConsumptionControlledBy,reactome:ProteinReference2090
reactome:SmallMoleculeReference1160,abstraction:ConsumptionControlledBy,reactome:ProteinReference1903
reactome:SmallMoleculeReference162,abstraction:ConsumptionControlledBy,reactome:ProteinReference1680
reactome:SmallMoleculeReference1564,abstraction:ConsumptionControlledBy,reactome:ProteinReference2628
reactome:SmallMoleculeReference301,abstraction:ConsumptionControlledBy,reactome:ProteinReference1200
reactome:SmallMoleculeReference193,abstraction:ConsumptionControlledBy,reactome:ProteinReference306
reactome:SmallMoleculeReference559,abstraction:ConsumptionControlledBy,reactome:ProteinReference1208
reactome:SmallMoleculeReference116,abstraction:ConsumptionControlledBy,reactome:ProteinReference204
reactome:SmallMoleculeReference1547,abstraction:ConsumptionControlledBy,reactome:ProteinReference25
reactome:SmallMoleculeReference1726,abstraction:ConsumptionControlledBy,reactome:ProteinReference2745
reactome:SmallMoleculeReference16,abstraction:ConsumptionControlledBy,reactome:ProteinReference538
reactome:SmallMoleculeReference996,abstraction:ConsumptionControlledBy,reactome:ProteinReference1732
reactome:SmallMoleculeReference499,abstraction:ConsumptionControlledBy,reactome:ProteinReference2620
reactome:SmallMoleculeReference1230,abstraction:ConsumptionControlledBy,reactome:ProteinReference2137
reactome:SmallMoleculeReference1213,abstraction:ConsumptionControlledBy,reactome:ProteinReference2138
reactome:SmallMoleculeReference122,abstraction:ConsumptionControlledBy,reactome:ProteinReference215
reactome:SmallMoleculeReference1575,abstraction:ConsumptionControlledBy,reactome:ProteinReference2671
reactome:SmallMoleculeReference1895,abstraction:ConsumptionControlledBy,reactome:ProteinReference4255
reactome:SmallMoleculeReference98,abstraction:ConsumptionControlledBy,reactome:ProteinReference1694
reactome:SmallMoleculeReference96,abstraction:ConsumptionControlledBy,reactome:ProteinReference10547
reactome:SmallMoleculeReference2600,abstraction:ConsumptionControlledBy,reactome:ProteinReference8525
reactome:SmallMoleculeReference139,abstraction:ConsumptionControlledBy,reactome:ProteinReference2261
reactome:SmallMoleculeReference46,abstraction:ConsumptionControlledBy,reactome:ProteinReference12067
reactome:SmallMoleculeReference49,abstraction:ConsumptionControlledBy,reactome:ProteinReference8475
reactome:SmallMoleculeReference511,abstraction:ConsumptionControlledBy,reactome:ProteinReference1172
reactome:SmallMoleculeReference261,abstraction:ConsumptionControlledBy,reactome:ProteinReference1454
reactome:SmallMoleculeReference750,abstraction:ConsumptionControlledBy,reactome:ProteinReference1402
reactome:SmallMoleculeReference1860,abstraction:ConsumptionControlledBy,reactome:ProteinReference4053
reactome:SmallMoleculeReference1052,abstraction:ConsumptionControlledBy,reactome:ProteinReference1223
reactome:SmallMoleculeReference91,abstraction:ConsumptionControlledBy,reactome:ProteinReference177
reactome:SmallMoleculeReference147,abstraction:ConsumptionControlledBy,reactome:ProteinReference243
reactome:SmallMoleculeReference68,abstraction:ConsumptionControlledBy,reactome:ProteinReference170
reactome:SmallMoleculeReference725,abstraction:ConsumptionControlledBy,reactome:ProteinReference1317
reactome:SmallMoleculeReference804,abstraction:ConsumptionControlledBy,reactome:ProteinReference1376
reactome:SmallMoleculeReference260,abstraction:ConsumptionControlledBy,reactome:ProteinReference1204
reactome:SmallMoleculeReference466,abstraction:ConsumptionControlledBy,reactome:ProteinReference1014
reactome:SmallMoleculeReference49,abstraction:ConsumptionControlledBy,reactome:ProteinReference436
reactome:SmallMoleculeReference2601,abstraction:ConsumptionControlledBy,reactome:ProteinReference5297
reactome:SmallMoleculeReference1562,abstraction:ConsumptionControlledBy,reactome:ProteinReference1257
reactome:SmallMoleculeReference298,abstraction:ConsumptionControlledBy,reactome:ProteinReference11620
reactome:SmallMoleculeReference45,abstraction:ConsumptionControlledBy,reactome:ProteinReference497
reactome:SmallMoleculeReference1534,abstraction:ConsumptionControlledBy,reactome:ProteinReference2606
reactome:SmallMoleculeReference203,abstraction:ConsumptionControlledBy,reactome:ProteinReference4512
reactome:SmallMoleculeReference16,abstraction:ConsumptionControlledBy,reactome:ProteinReference11499
reactome:SmallMoleculeReference574,abstraction:ConsumptionControlledBy,reactome:ProteinReference1751
reactome:SmallMoleculeReference91,abstraction:ConsumptionControlledBy,reactome:ProteinReference178
reactome:SmallMoleculeReference1160,abstraction:ConsumptionControlledBy,reactome:ProteinReference1921
reactome:SmallMoleculeReference261,abstraction:ConsumptionControlledBy,reactome:ProteinReference478
reactome:SmallMoleculeReference157,abstraction:ConsumptionControlledBy,reactome:ProteinReference233
reactome:SmallMoleculeReference466,abstraction:ConsumptionControlledBy,reactome:ProteinReference9128
reactome:SmallMoleculeReference466,abstraction:ConsumptionControlledBy,reactome:ProteinReference6755
reactome:SmallMoleculeReference232,abstraction:ConsumptionControlledBy,reactome:ProteinReference5542
reactome:SmallMoleculeReference714,abstraction:ConsumptionControlledBy,reactome:ProteinReference1307
reactome:SmallMoleculeReference1912,abstraction:ConsumptionControlledBy,reactome:ProteinReference4261
reactome:SmallMoleculeReference207,abstraction:ConsumptionControlledBy,reactome:ProteinReference3391
reactome:SmallMoleculeReference748,abstraction:ConsumptionControlledBy,reactome:ProteinReference1373
reactome:SmallMoleculeReference207,abstraction:ConsumptionControlledBy,reactome:ProteinReference3394
reactome:SmallMoleculeReference45,abstraction:ConsumptionControlledBy,reactome:ProteinReference582
reactome:SmallMoleculeReference1801,abstraction:ConsumptionControlledBy,reactome:ProteinReference35
reactome:SmallMoleculeReference302,abstraction:ConsumptionControlledBy,reactome:ProteinReference1181
reactome:SmallMoleculeReference1482,abstraction:ConsumptionControlledBy,reactome:ProteinReference872
reactome:SmallMoleculeReference203,abstraction:ConsumptionControlledBy,reactome:ProteinReference7590
reactome:SmallMoleculeReference46,abstraction:ConsumptionControlledBy,reactome:ProteinReference12082
reactome:SmallMoleculeReference43,abstraction:ConsumptionControlledBy,reactome:ProteinReference11530
reactome:SmallMoleculeReference659,abstraction:ConsumptionControlledBy,reactome:ProteinReference1250
reactome:SmallMoleculeReference43,abstraction:ConsumptionControlledBy,reactome:ProteinReference11537
reactome:SmallMoleculeReference55,abstraction:ConsumptionControlledBy,reactome:ProteinReference871
reactome:SmallMoleculeReference90,abstraction:ConsumptionControlledBy,reactome:ProteinReference174
reactome:SmallMoleculeReference2601,abstraction:ConsumptionControlledBy,reactome:ProteinReference2794
reactome:SmallMoleculeReference1162,abstraction:ConsumptionControlledBy,reactome:ProteinReference2067
reactome:SmallMoleculeReference81,abstraction:ConsumptionControlledBy,reactome:ProteinReference311
reactome:SmallMoleculeReference142,abstraction:ConsumptionControlledBy,reactome:ProteinReference611
reactome:SmallMoleculeReference1744,abstraction:ConsumptionControlledBy,reactome:ProteinReference2758
reactome:SmallMoleculeReference215,abstraction:ConsumptionControlledBy,reactome:ProteinReference2680
reactome:SmallMoleculeReference96,abstraction:ConsumptionControlledBy,reactome:ProteinReference9070
reactome:SmallMoleculeReference16,abstraction:ConsumptionControlledBy,reactome:ProteinReference614
reactome:SmallMoleculeReference1923,abstraction:ConsumptionControlledBy,reactome:ProteinReference4358
reactome:SmallMoleculeReference1255,abstraction:ConsumptionControlledBy,reactome:ProteinReference2143
reactome:SmallMoleculeReference466,abstraction:ConsumptionControlledBy,reactome:ProteinReference5853
reactome:SmallMoleculeReference16,abstraction:ConsumptionControlledBy,reactome:ProteinReference157
reactome:SmallMoleculeReference190,abstraction:ConsumptionControlledBy,reactome:ProteinReference2119
reactome:SmallMoleculeReference126,abstraction:ConsumptionControlledBy,reactome:ProteinReference1823
reactome:SmallMoleculeReference97,abstraction:ConsumptionControlledBy,reactome:ProteinReference1694
reactome:SmallMoleculeReference742,abstraction:ConsumptionControlledBy,reactome:ProteinReference1333
reactome:SmallMoleculeReference150,abstraction:ConsumptionControlledBy,reactome:ProteinReference2388
reactome:SmallMoleculeReference1911,abstraction:ConsumptionControlledBy,reactome:ProteinReference4256
reactome:SmallMoleculeReference1577,abstraction:ConsumptionControlledBy,reactome:ProteinReference2625
reactome:SmallMoleculeReference16,abstraction:ConsumptionControlledBy,reactome:ProteinReference160
reactome:SmallMoleculeReference143,abstraction:ConsumptionControlledBy,reactome:ProteinReference3671
reactome:SmallMoleculeReference394,abstraction:ConsumptionControlledBy,reactome:ProteinReference9590
reactome:SmallMoleculeReference496,abstraction:ConsumptionControlledBy,reactome:ProteinReference1181
reactome:SmallMoleculeReference219,abstraction:ConsumptionControlledBy,reactome:ProteinReference1232
reactome:SmallMoleculeReference120,abstraction:ConsumptionControlledBy,reactome:ProteinReference8103
reactome:SmallMoleculeReference1557,abstraction:ConsumptionControlledBy,reactome:ProteinReference2709
reactome:SmallMoleculeReference512,abstraction:ConsumptionControlledBy,reactome:ProteinReference1177
reactome:SmallMoleculeReference710,abstraction:ConsumptionControlledBy,reactome:ProteinReference2605
reactome:SmallMoleculeReference2645,abstraction:ConsumptionControlledBy,reactome:ProteinReference4108
reactome:SmallMoleculeReference203,abstraction:ConsumptionControlledBy,reactome:ProteinReference9014
reactome:SmallMoleculeReference216,abstraction:ConsumptionControlledBy,reactome:ProteinReference7517
reactome:SmallMoleculeReference1575,abstraction:ConsumptionControlledBy,reactome:ProteinReference2681
reactome:SmallMoleculeReference135,abstraction:ConsumptionControlledBy,reactome:ProteinReference1254
reactome:SmallMoleculeReference96,abstraction:ConsumptionControlledBy,reactome:ProteinReference2269
reactome:SmallMoleculeReference211,abstraction:ConsumptionControlledBy,reactome:ProteinReference947
reactome:SmallMoleculeReference96,abstraction:ConsumptionControlledBy,reactome:ProteinReference184
reactome:SmallMoleculeReference96,abstraction:ConsumptionControlledBy,reactome:ProteinReference10588
reactome:SmallMoleculeReference128,abstraction:ConsumptionControlledBy,reactome:ProteinReference1148
reactome:SmallMoleculeReference96,abstraction:ConsumptionControlledBy,reactome:ProteinReference3314
reactome:SmallMoleculeReference68,abstraction:ConsumptionControlledBy,reactome:ProteinReference2691
reactome:SmallMoleculeReference243,abstraction:ConsumptionControlledBy,reactome:ProteinReference2614
reactome:SmallMoleculeReference2809,abstraction:ConsumptionControlledBy,reactome:ProteinReference2811
reactome:SmallMoleculeReference1857,abstraction:ConsumptionControlledBy,reactome:ProteinReference4066
reactome:SmallMoleculeReference152,abstraction:ConsumptionControlledBy,reactome:ProteinReference253
reactome:SmallMoleculeReference203,abstraction:ConsumptionControlledBy,reactome:ProteinReference8994
reactome:SmallMoleculeReference174,abstraction:ConsumptionControlledBy,reactome:ProteinReference288
reactome:SmallMoleculeReference6,abstraction:ConsumptionControlledBy,reactome:ProteinReference5
reactome:SmallMoleculeReference46,abstraction:ConsumptionControlledBy,reactome:ProteinReference12094
reactome:SmallMoleculeReference154,abstraction:ConsumptionControlledBy,reactome:ProteinReference255
reactome:SmallMoleculeReference1527,abstraction:ConsumptionControlledBy,reactome:ProteinReference2592
reactome:SmallMoleculeReference392,abstraction:ConsumptionControlledBy,reactome:ProteinReference2134
reactome:SmallMoleculeReference597,abstraction:ConsumptionControlledBy,reactome:ProteinReference1240
reactome:SmallMoleculeReference1528,abstraction:ConsumptionControlledBy,reactome:ProteinReference2590
reactome:SmallMoleculeReference46,abstraction:ConsumptionControlledBy,reactome:ProteinReference445
reactome:SmallMoleculeReference84,abstraction:ConsumptionControlledBy,reactome:ProteinReference172
reactome:SmallMoleculeReference120,abstraction:ConsumptionControlledBy,reactome:ProteinReference4558
reactome:SmallMoleculeReference468,abstraction:ConsumptionControlledBy,reactome:ProteinReference1413
reactome:SmallMoleculeReference207,abstraction:ConsumptionControlledBy,reactome:ProteinReference3408
reactome:SmallMoleculeReference358,abstraction:ConsumptionControlledBy,reactome:ProteinReference756
reactome:SmallMoleculeReference1894,abstraction:ConsumptionControlledBy,reactome:ProteinReference4103
reactome:SmallMoleculeReference342,abstraction:ConsumptionControlledBy,reactome:ProteinReference6428
reactome:SmallMoleculeReference394,abstraction:ConsumptionControlledBy,reactome:ProteinReference1350
reactome:SmallMoleculeReference2601,abstraction:ConsumptionControlledBy,reactome:ProteinReference10623
reactome:SmallMoleculeReference598,abstraction:ConsumptionControlledBy,reactome:ProteinReference1235
reactome:SmallMoleculeReference208,abstraction:ConsumptionControlledBy,reactome:ProteinReference319
reactome:SmallMoleculeReference45,abstraction:ConsumptionControlledBy,reactome:ProteinReference11456
reactome:SmallMoleculeReference54,abstraction:ConsumptionControlledBy,reactome:ProteinReference8913
reactome:SmallMoleculeReference260,abstraction:ConsumptionControlledBy,reactome:ProteinReference478
reactome:SmallMoleculeReference1573,abstraction:ConsumptionControlledBy,reactome:ProteinReference2743
reactome:SmallMoleculeReference302,abstraction:ConsumptionControlledBy,reactome:ProteinReference2341
reactome:SmallMoleculeReference129,abstraction:ConsumptionControlledBy,reactome:ProteinReference210
reactome:SmallMoleculeReference1782,abstraction:ConsumptionControlledBy,reactome:ProteinReference2754
reactome:SmallMoleculeReference790,abstraction:ConsumptionControlledBy,reactome:ProteinReference1420
reactome:SmallMoleculeReference897,abstraction:ConsumptionControlledBy,reactome:ProteinReference1658
reactome:SmallMoleculeReference1297,abstraction:ConsumptionControlledBy,reactome:ProteinReference2215
reactome:SmallMoleculeReference96,abstraction:ConsumptionControlledBy,reactome:ProteinReference2713
reactome:SmallMoleculeReference1257,abstraction:ConsumptionControlledBy,reactome:ProteinReference2148
reactome:SmallMoleculeReference1312,abstraction:ConsumptionControlledBy,reactome:ProteinReference2226
reactome:SmallMoleculeReference45,abstraction:ConsumptionControlledBy,reactome:ProteinReference293
reactome:SmallMoleculeReference466,abstraction:ConsumptionControlledBy,reactome:ProteinReference9255
reactome:SmallMoleculeReference754,abstraction:ConsumptionControlledBy,reactome:ProteinReference1397
reactome:SmallMoleculeReference1160,abstraction:ConsumptionControlledBy,reactome:ProteinReference1950
reactome:SmallMoleculeReference299,abstraction:ConsumptionControlledBy,reactome:ProteinReference1351
reactome:SmallMoleculeReference1580,abstraction:ConsumptionControlledBy,reactome:ProteinReference1752
reactome:SmallMoleculeReference2101,abstraction:ConsumptionControlledBy,reactome:ProteinReference80
reactome:SmallMoleculeReference1772,abstraction:ConsumptionControlledBy,reactome:ProteinReference2101
reactome:SmallMoleculeReference829,abstraction:ConsumptionControlledBy,reactome:ProteinReference1630
reactome:SmallMoleculeReference581,abstraction:ConsumptionControlledBy,reactome:ProteinReference1219
reactome:SmallMoleculeReference211,abstraction:ConsumptionControlledBy,reactome:ProteinReference321
reactome:SmallMoleculeReference1627,abstraction:ConsumptionControlledBy,reactome:ProteinReference1133
reactome:SmallMoleculeReference45,abstraction:ConsumptionControlledBy,reactome:ProteinReference461
reactome:SmallMoleculeReference135,abstraction:ConsumptionControlledBy,reactome:ProteinReference1753
reactome:SmallMoleculeReference54,abstraction:ConsumptionControlledBy,reactome:ProteinReference133
reactome:SmallMoleculeReference511,abstraction:ConsumptionControlledBy,reactome:ProteinReference1326
reactome:SmallMoleculeReference667,abstraction:ConsumptionControlledBy,reactome:ProteinReference1129
reactome:SmallMoleculeReference1219,abstraction:ConsumptionControlledBy,reactome:ProteinReference5256
reactome:SmallMoleculeReference151,abstraction:ConsumptionControlledBy,reactome:ProteinReference250
reactome:SmallMoleculeReference1424,abstraction:ConsumptionControlledBy,reactome:ProteinReference2379
reactome:SmallMoleculeReference1226,abstraction:ConsumptionControlledBy,reactome:ProteinReference2808
reactome:SmallMoleculeReference598,abstraction:ConsumptionControlledBy,reactome:ProteinReference1234
reactome:SmallMoleculeReference43,abstraction:ConsumptionControlledBy,reactome:ProteinReference11567
reactome:SmallMoleculeReference96,abstraction:ConsumptionControlledBy,reactome:ProteinReference10583
reactome:SmallMoleculeReference135,abstraction:ConsumptionControlledBy,reactome:ProteinReference2683
reactome:SmallMoleculeReference204,abstraction:ConsumptionControlledBy,reactome:ProteinReference1588
reactome:SmallMoleculeReference207,abstraction:ConsumptionControlledBy,reactome:ProteinReference3404
reactome:SmallMoleculeReference211,abstraction:ConsumptionControlledBy,reactome:ProteinReference948
reactome:SmallMoleculeReference16,abstraction:ConsumptionControlledBy,reactome:ProteinReference546
reactome:SmallMoleculeReference16,abstraction:ConsumptionControlledBy,reactome:ProteinReference539
reactome:SmallMoleculeReference1571,abstraction:ConsumptionControlledBy,reactome:ProteinReference2680
reactome:SmallMoleculeReference466,abstraction:ConsumptionControlledBy,reactome:ProteinReference5855
reactome:SmallMoleculeReference96,abstraction:ConsumptionControlledBy,reactome:ProteinReference1112
reactome:SmallMoleculeReference16,abstraction:ConsumptionControlledBy,reactome:ProteinReference613
reactome:SmallMoleculeReference1398,abstraction:ConsumptionControlledBy,reactome:ProteinReference2351
reactome:SmallMoleculeReference13,abstraction:ConsumptionControlledBy,reactome:ProteinReference20
reactome:SmallMoleculeReference1773,abstraction:ConsumptionControlledBy,reactome:ProteinReference2146
reactome:SmallMoleculeReference337,abstraction:ConsumptionControlledBy,reactome:ProteinReference1587
reactome:SmallMoleculeReference1868,abstraction:ConsumptionControlledBy,reactome:ProteinReference891
reactome:SmallMoleculeReference621,abstraction:ConsumptionControlledBy,reactome:ProteinReference1226
reactome:SmallMoleculeReference96,abstraction:ConsumptionControlledBy,reactome:ProteinReference5154
reactome:SmallMoleculeReference466,abstraction:ConsumptionControlledBy,reactome:ProteinReference5848
reactome:SmallMoleculeReference8,abstraction:ConsumptionControlledBy,reactome:ProteinReference1394
reactome:SmallMoleculeReference342,abstraction:ConsumptionControlledBy,reactome:ProteinReference1504
reactome:SmallMoleculeReference574,abstraction:ConsumptionControlledBy,reactome:ProteinReference1840
reactome:SmallMoleculeReference345,abstraction:ConsumptionControlledBy,reactome:ProteinReference760
reactome:SmallMoleculeReference598,abstraction:ConsumptionControlledBy,reactome:ProteinReference1233
reactome:SmallMoleculeReference1923,abstraction:ConsumptionControlledBy,reactome:ProteinReference4321
reactome:SmallMoleculeReference754,abstraction:ConsumptionControlledBy,reactome:ProteinReference1462
reactome:SmallMoleculeReference207,abstraction:ConsumptionControlledBy,reactome:ProteinReference319
reactome:SmallMoleculeReference1872,abstraction:ConsumptionControlledBy,reactome:ProteinReference1597
reactome:SmallMoleculeReference54,abstraction:ConsumptionControlledBy,reactome:ProteinReference607
reactome:SmallMoleculeReference347,abstraction:ConsumptionControlledBy,reactome:ProteinReference4058
reactome:SmallMoleculeReference478,abstraction:ConsumptionControlledBy,reactome:ProteinReference1037
reactome:SmallMoleculeReference1776,abstraction:ConsumptionControlledBy,reactome:ProteinReference2745
reactome:SmallMoleculeReference120,abstraction:ConsumptionControlledBy,reactome:ProteinReference4521
reactome:SmallMoleculeReference148,abstraction:ConsumptionControlledBy,reactome:ProteinReference3681
reactome:SmallMoleculeReference1334,abstraction:ConsumptionControlledBy,reactome:ProteinReference2273
reactome:SmallMoleculeReference155,abstraction:ConsumptionControlledBy,reactome:ProteinReference252
reactome:SmallMoleculeReference1580,abstraction:ConsumptionControlledBy,reactome:ProteinReference1255
reactome:SmallMoleculeReference805,abstraction:ConsumptionControlledBy,reactome:ProteinReference1275
reactome:SmallMoleculeReference203,abstraction:ConsumptionControlledBy,reactome:ProteinReference8988
reactome:SmallMoleculeReference961,abstraction:ConsumptionControlledBy,reactome:ProteinReference1704
reactome:SmallMoleculeReference43,abstraction:ConsumptionControlledBy,reactome:ProteinReference11508
reactome:SmallMoleculeReference139,abstraction:ConsumptionControlledBy,reactome:ProteinReference233
reactome:SmallMoleculeReference236,abstraction:ConsumptionControlledBy,reactome:ProteinReference421
reactome:SmallMoleculeReference1866,abstraction:ConsumptionControlledBy,reactome:ProteinReference4067
reactome:SmallMoleculeReference1573,abstraction:ConsumptionControlledBy,reactome:ProteinReference1840
reactome:SmallMoleculeReference1675,abstraction:ConsumptionControlledBy,reactome:ProteinReference2698
reactome:SmallMoleculeReference790,abstraction:ConsumptionControlledBy,reactome:ProteinReference1423
reactome:SmallMoleculeReference2599,abstraction:ConsumptionControlledBy,reactome:ProteinReference8528
reactome:SmallMoleculeReference149,abstraction:ConsumptionControlledBy,reactome:ProteinReference253
reactome:SmallMoleculeReference916,abstraction:ConsumptionControlledBy,reactome:ProteinReference1677
reactome:SmallMoleculeReference1634,abstraction:ConsumptionControlledBy,reactome:ProteinReference2660
reactome:SmallMoleculeReference342,abstraction:ConsumptionControlledBy,reactome:ProteinReference388
reactome:SmallMoleculeReference302,abstraction:ConsumptionControlledBy,reactome:ProteinReference2751
reactome:SmallMoleculeReference1716,abstraction:ConsumptionControlledBy,reactome:ProteinReference2173
reactome:SmallMoleculeReference653,abstraction:ConsumptionControlledBy,reactome:ProteinReference3964
reactome:SmallMoleculeReference7,abstraction:ConsumptionControlledBy,reactome:ProteinReference6346
reactome:SmallMoleculeReference108,abstraction:ConsumptionControlledBy,reactome:ProteinReference6298
reactome:SmallMoleculeReference1869,abstraction:ConsumptionControlledBy,reactome:ProteinReference4081
reactome:SmallMoleculeReference45,abstraction:ConsumptionControlledBy,reactome:ProteinReference12042
reactome:SmallMoleculeReference1447,abstraction:ConsumptionControlledBy,reactome:ProteinReference2036
reactome:SmallMoleculeReference150,abstraction:ConsumptionControlledBy,reactome:ProteinReference2261
reactome:SmallMoleculeReference2529,abstraction:ConsumptionControlledBy,reactome:ProteinReference298
reactome:SmallMoleculeReference810,abstraction:ConsumptionControlledBy,reactome:ProteinReference1512
reactome:SmallMoleculeReference468,abstraction:ConsumptionControlledBy,reactome:ProteinReference1403
reactome:SmallMoleculeReference137,abstraction:ConsumptionControlledBy,reactome:ProteinReference220
reactome:SmallMoleculeReference354,abstraction:ConsumptionControlledBy,reactome:ProteinReference747
reactome:SmallMoleculeReference1873,abstraction:ConsumptionControlledBy,reactome:ProteinReference1588
reactome:SmallMoleculeReference146,abstraction:ConsumptionControlledBy,reactome:ProteinReference2438
reactome:SmallMoleculeReference96,abstraction:ConsumptionControlledBy,reactome:ProteinReference9066
reactome:SmallMoleculeReference54,abstraction:ConsumptionControlledBy,reactome:ProteinReference4710
reactome:SmallMoleculeReference203,abstraction:ConsumptionControlledBy,reactome:ProteinReference5217
reactome:SmallMoleculeReference349,abstraction:ConsumptionControlledBy,reactome:ProteinReference2113
reactome:SmallMoleculeReference43,abstraction:ConsumptionControlledBy,reactome:ProteinReference10930
reactome:SmallMoleculeReference45,abstraction:ConsumptionControlledBy,reactome:ProteinReference11450
reactome:SmallMoleculeReference496,abstraction:ConsumptionControlledBy,reactome:ProteinReference1232
reactome:SmallMoleculeReference466,abstraction:ConsumptionControlledBy,reactome:ProteinReference5781
reactome:SmallMoleculeReference120,abstraction:ConsumptionControlledBy,reactome:ProteinReference4548
reactome:SmallMoleculeReference96,abstraction:ConsumptionControlledBy,reactome:ProteinReference3186
reactome:SmallMoleculeReference1762,abstraction:ConsumptionControlledBy,reactome:ProteinReference2712
reactome:SmallMoleculeReference336,abstraction:ConsumptionControlledBy,reactome:ProteinReference711
reactome:SmallMoleculeReference622,abstraction:ConsumptionControlledBy,reactome:ProteinReference1242
reactome:SmallMoleculeReference212,abstraction:ConsumptionControlledBy,reactome:ProteinReference885
reactome:SmallMoleculeReference204,abstraction:ConsumptionControlledBy,reactome:ProteinReference891
reactome:SmallMoleculeReference80,abstraction:ConsumptionControlledBy,reactome:ProteinReference171
reactome:SmallMoleculeReference1207,abstraction:ConsumptionControlledBy,reactome:ProteinReference2154
reactome:SmallMoleculeReference154,abstraction:ConsumptionControlledBy,reactome:ProteinReference2438
reactome:SmallMoleculeReference46,abstraction:ConsumptionControlledBy,reactome:ProteinReference442
reactome:SmallMoleculeReference204,abstraction:ConsumptionControlledBy,reactome:ProteinReference4073
reactome:SmallMoleculeReference653,abstraction:ConsumptionControlledBy,reactome:ProteinReference1420
reactome:SmallMoleculeReference349,abstraction:ConsumptionControlledBy,reactome:ProteinReference2137
reactome:SmallMoleculeReference466,abstraction:ConsumptionControlledBy,reactome:ProteinReference8967
reactome:SmallMoleculeReference2600,abstraction:ConsumptionControlledBy,reactome:ProteinReference8523
reactome:SmallMoleculeReference169,abstraction:ConsumptionControlledBy,reactome:ProteinReference2035
reactome:SmallMoleculeReference468,abstraction:ConsumptionControlledBy,reactome:ProteinReference1414
reactome:SmallMoleculeReference466,abstraction:ConsumptionControlledBy,reactome:ProteinReference360
reactome:SmallMoleculeReference1446,abstraction:ConsumptionControlledBy,reactome:ProteinReference2036
reactome:SmallMoleculeReference45,abstraction:ConsumptionControlledBy,reactome:ProteinReference494
reactome:SmallMoleculeReference466,abstraction:ConsumptionControlledBy,reactome:ProteinReference4585
reactome:SmallMoleculeReference1575,abstraction:ConsumptionControlledBy,reactome:ProteinReference2690
reactome:SmallMoleculeReference2564,abstraction:ConsumptionControlledBy,reactome:ProteinReference8448
reactome:SmallMoleculeReference96,abstraction:ConsumptionControlledBy,reactome:ProteinReference3169
reactome:SmallMoleculeReference121,abstraction:ConsumptionControlledBy,reactome:ProteinReference218
reactome:SmallMoleculeReference399,abstraction:ConsumptionControlledBy,reactome:ProteinReference6198
reactome:SmallMoleculeReference1218,abstraction:ConsumptionControlledBy,reactome:ProteinReference2103
reactome:SmallMoleculeReference805,abstraction:ConsumptionControlledBy,reactome:ProteinReference1204
reactome:SmallMoleculeReference1305,abstraction:ConsumptionControlledBy,reactome:ProteinReference2414
reactome:SmallMoleculeReference207,abstraction:ConsumptionControlledBy,reactome:ProteinReference3377
reactome:SmallMoleculeReference2601,abstraction:ConsumptionControlledBy,reactome:ProteinReference5290
reactome:SmallMoleculeReference120,abstraction:ConsumptionControlledBy,reactome:ProteinReference10802
reactome:SmallMoleculeReference2601,abstraction:ConsumptionControlledBy,reactome:ProteinReference10632
reactome:SmallMoleculeReference108,abstraction:ConsumptionControlledBy,reactome:ProteinReference1218
reactome:SmallMoleculeReference260,abstraction:ConsumptionControlledBy,reactome:ProteinReference1470
reactome:SmallMoleculeReference207,abstraction:ConsumptionControlledBy,reactome:ProteinReference3375
reactome:SmallMoleculeReference466,abstraction:ConsumptionControlledBy,reactome:ProteinReference5862
reactome:SmallMoleculeReference1930,abstraction:ConsumptionControlledBy,reactome:ProteinReference4800
reactome:SmallMoleculeReference1672,abstraction:ConsumptionControlledBy,reactome:ProteinReference1156
reactome:SmallMoleculeReference2541,abstraction:ConsumptionControlledBy,reactome:ProteinReference8401
reactome:SmallMoleculeReference466,abstraction:ConsumptionControlledBy,reactome:ProteinReference4637
reactome:SmallMoleculeReference96,abstraction:ConsumptionControlledBy,reactome:ProteinReference2302
reactome:SmallMoleculeReference1331,abstraction:ConsumptionControlledBy,reactome:ProteinReference2260
reactome:SmallMoleculeReference1372,abstraction:ConsumptionControlledBy,reactome:ProteinReference2305
reactome:SmallMoleculeReference1555,abstraction:ConsumptionControlledBy,reactome:ProteinReference2730
reactome:SmallMoleculeReference45,abstraction:ConsumptionControlledBy,reactome:ProteinReference6794
reactome:SmallMoleculeReference466,abstraction:ConsumptionControlledBy,reactome:ProteinReference6792
reactome:SmallMoleculeReference1511,abstraction:ConsumptionControlledBy,reactome:ProteinReference2577
reactome:SmallMoleculeReference46,abstraction:ConsumptionControlledBy,reactome:ProteinReference110
reactome:SmallMoleculeReference160,abstraction:ConsumptionControlledBy,reactome:ProteinReference2411
reactome:SmallMoleculeReference574,abstraction:ConsumptionControlledBy,reactome:ProteinReference2733
reactome:SmallMoleculeReference211,abstraction:ConsumptionControlledBy,reactome:ProteinReference1584
reactome:SmallMoleculeReference1751,abstraction:ConsumptionControlledBy,reactome:ProteinReference3286
reactome:SmallMoleculeReference45,abstraction:ConsumptionControlledBy,reactome:ProteinReference266
reactome:SmallMoleculeReference948,abstraction:ConsumptionControlledBy,reactome:ProteinReference1170
reactome:SmallMoleculeReference1152,abstraction:ConsumptionControlledBy,reactome:ProteinReference2245
reactome:SmallMoleculeReference302,abstraction:ConsumptionControlledBy,reactome:ProteinReference1743
reactome:SmallMoleculeReference1160,abstraction:ConsumptionControlledBy,reactome:ProteinReference2422
reactome:SmallMoleculeReference46,abstraction:ConsumptionControlledBy,reactome:ProteinReference12079
reactome:SmallMoleculeReference153,abstraction:ConsumptionControlledBy,reactome:ProteinReference3655
reactome:SmallMoleculeReference939,abstraction:ConsumptionControlledBy,reactome:ProteinReference1674
reactome:SmallMoleculeReference1580,abstraction:ConsumptionControlledBy,reactome:ProteinReference2626
reactome:SmallMoleculeReference203,abstraction:ConsumptionControlledBy,reactome:ProteinReference1863
reactome:SmallMoleculeReference1559,abstraction:ConsumptionControlledBy,reactome:ProteinReference2619
reactome:SmallMoleculeReference302,abstraction:ConsumptionControlledBy,reactome:ProteinReference2340
reactome:SmallMoleculeReference141,abstraction:ConsumptionControlledBy,reactome:ProteinReference3665
reactome:SmallMoleculeReference750,abstraction:ConsumptionControlledBy,reactome:ProteinReference1344
reactome:SmallMoleculeReference298,abstraction:ConsumptionControlledBy,reactome:ProteinReference11616
reactome:SmallMoleculeReference309,abstraction:ConsumptionControlledBy,reactome:ProteinReference687
reactome:SmallMoleculeReference45,abstraction:ConsumptionControlledBy,reactome:ProteinReference2169
reactome:SmallMoleculeReference1285,abstraction:ConsumptionControlledBy,reactome:ProteinReference2189
reactome:SmallMoleculeReference151,abstraction:ConsumptionControlledBy,reactome:ProteinReference2359
reactome:SmallMoleculeReference45,abstraction:ConsumptionControlledBy,reactome:ProteinReference583
reactome:SmallMoleculeReference207,abstraction:ConsumptionControlledBy,reactome:ProteinReference3399
reactome:SmallMoleculeReference1573,abstraction:ConsumptionControlledBy,reactome:ProteinReference2733
reactome:SmallMoleculeReference43,abstraction:ConsumptionControlledBy,reactome:ProteinReference8882
reactome:SmallMoleculeReference1315,abstraction:ConsumptionControlledBy,reactome:ProteinReference2134
reactome:SmallMoleculeReference215,abstraction:ConsumptionControlledBy,reactome:ProteinReference2673
reactome:SmallMoleculeReference1742,abstraction:ConsumptionControlledBy,reactome:ProteinReference2755
reactome:SmallMoleculeReference357,abstraction:ConsumptionControlledBy,reactome:ProteinReference753
reactome:SmallMoleculeReference46,abstraction:ConsumptionControlledBy,reactome:ProteinReference1788
reactome:SmallMoleculeReference1567,abstraction:ConsumptionControlledBy,reactome:ProteinReference1254
reactome:SmallMoleculeReference526,abstraction:ConsumptionControlledBy,reactome:ProteinReference1197
reactome:SmallMoleculeReference235,abstraction:ConsumptionControlledBy,reactome:ProteinReference387
reactome:SmallMoleculeReference980,abstraction:ConsumptionControlledBy,reactome:ProteinReference1720
reactome:SmallMoleculeReference1207,abstraction:ConsumptionControlledBy,reactome:ProteinReference2086
reactome:SmallMoleculeReference342,abstraction:ConsumptionControlledBy,reactome:ProteinReference55
reactome:SmallMoleculeReference96,abstraction:ConsumptionControlledBy,reactome:ProteinReference3194
reactome:SmallMoleculeReference1,abstraction:ConsumptionControlledBy,reactome:ProteinReference157
reactome:SmallMoleculeReference312,abstraction:ConsumptionControlledBy,reactome:ProteinReference1575
reactome:SmallMoleculeReference96,abstraction:ConsumptionControlledBy,reactome:ProteinReference9083
reactome:SmallMoleculeReference46,abstraction:ConsumptionControlledBy,reactome:ProteinReference632
reactome:SmallMoleculeReference120,abstraction:ConsumptionControlledBy,reactome:ProteinReference3381
reactome:SmallMoleculeReference764,abstraction:ConsumptionControlledBy,reactome:ProteinReference11304
reactome:SmallMoleculeReference96,abstraction:ConsumptionControlledBy,reactome:ProteinReference3864
reactome:SmallMoleculeReference45,abstraction:ConsumptionControlledBy,reactome:ProteinReference243
reactome:SmallMoleculeReference46,abstraction:ConsumptionControlledBy,reactome:ProteinReference11510
reactome:SmallMoleculeReference16,abstraction:ConsumptionControlledBy,reactome:ProteinReference517
reactome:SmallMoleculeReference323,abstraction:ConsumptionControlledBy,reactome:ProteinReference988
reactome:SmallMoleculeReference66,abstraction:ConsumptionControlledBy,reactome:ProteinReference615
reactome:SmallMoleculeReference625,abstraction:ConsumptionControlledBy,reactome:ProteinReference1241
reactome:SmallMoleculeReference391,abstraction:ConsumptionControlledBy,reactome:ProteinReference8338
reactome:SmallMoleculeReference43,abstraction:ConsumptionControlledBy,reactome:ProteinReference30
reactome:SmallMoleculeReference302,abstraction:ConsumptionControlledBy,reactome:ProteinReference1170
reactome:SmallMoleculeReference397,abstraction:ConsumptionControlledBy,reactome:ProteinReference710
reactome:SmallMoleculeReference1930,abstraction:ConsumptionControlledBy,reactome:ProteinReference4784
reactome:SmallMoleculeReference16,abstraction:ConsumptionControlledBy,reactome:ProteinReference543
reactome:SmallMoleculeReference135,abstraction:ConsumptionControlledBy,reactome:ProteinReference2676
reactome:SmallMoleculeReference7,abstraction:ConsumptionControlledBy,reactome:ProteinReference1381
reactome:SmallMoleculeReference1198,abstraction:ConsumptionControlledBy,reactome:ProteinReference2081
reactome:SmallMoleculeReference135,abstraction:ConsumptionControlledBy,reactome:ProteinReference2685
reactome:SmallMoleculeReference695,abstraction:ConsumptionControlledBy,reactome:ProteinReference1281
reactome:SmallMoleculeReference1254,abstraction:ConsumptionControlledBy,reactome:ProteinReference2144
reactome:SmallMoleculeReference574,abstraction:ConsumptionControlledBy,reactome:ProteinReference2741
reactome:SmallMoleculeReference2601,abstraction:ConsumptionControlledBy,reactome:ProteinReference8335
reactome:SmallMoleculeReference159,abstraction:ConsumptionControlledBy,reactome:ProteinReference2339
reactome:SmallMoleculeReference1259,abstraction:ConsumptionControlledBy,reactome:ProteinReference2149
reactome:SmallMoleculeReference1784,abstraction:ConsumptionControlledBy,reactome:ProteinReference2708
reactome:SmallMoleculeReference81,abstraction:ConsumptionControlledBy,reactome:ProteinReference170
reactome:SmallMoleculeReference653,abstraction:ConsumptionControlledBy,reactome:ProteinReference1396
reactome:SmallMoleculeReference497,abstraction:ConsumptionControlledBy,reactome:ProteinReference1082
reactome:SmallMoleculeReference204,abstraction:ConsumptionControlledBy,reactome:ProteinReference4071
reactome:SmallMoleculeReference963,abstraction:ConsumptionControlledBy,reactome:ProteinReference1707
reactome:SmallMoleculeReference1221,abstraction:ConsumptionControlledBy,reactome:ProteinReference2101
reactome:SmallMoleculeReference125,abstraction:ConsumptionControlledBy,reactome:ProteinReference169
reactome:SmallMoleculeReference196,abstraction:ConsumptionControlledBy,reactome:ProteinReference308
reactome:SmallMoleculeReference1530,abstraction:ConsumptionControlledBy,reactome:ProteinReference2590
reactome:SmallMoleculeReference158,abstraction:ConsumptionControlledBy,reactome:ProteinReference2595
reactome:SmallMoleculeReference1209,abstraction:ConsumptionControlledBy,reactome:ProteinReference2088
reactome:SmallMoleculeReference496,abstraction:ConsumptionControlledBy,reactome:ProteinReference1234
reactome:SmallMoleculeReference204,abstraction:ConsumptionControlledBy,reactome:ProteinReference4075
reactome:SmallMoleculeReference424,abstraction:ConsumptionControlledBy,reactome:ProteinReference866
reactome:SmallMoleculeReference532,abstraction:ConsumptionControlledBy,reactome:ProteinReference1204
reactome:SmallMoleculeReference260,abstraction:ConsumptionControlledBy,reactome:ProteinReference3972
reactome:SmallMoleculeReference466,abstraction:ConsumptionControlledBy,reactome:ProteinReference5780
reactome:SmallMoleculeReference45,abstraction:ConsumptionControlledBy,reactome:ProteinReference197
reactome:SmallMoleculeReference309,abstraction:ConsumptionControlledBy,reactome:ProteinReference1559
reactome:SmallMoleculeReference45,abstraction:ConsumptionControlledBy,reactome:ProteinReference558
reactome:SmallMoleculeReference133,abstraction:ConsumptionControlledBy,reactome:ProteinReference216
reactome:SmallMoleculeReference951,abstraction:ConsumptionControlledBy,reactome:ProteinReference1137
reactome:SmallMoleculeReference466,abstraction:ConsumptionControlledBy,reactome:ProteinReference5823
reactome:SmallMoleculeReference714,abstraction:ConsumptionControlledBy,reactome:ProteinReference1306
reactome:SmallMoleculeReference96,abstraction:ConsumptionControlledBy,reactome:ProteinReference9061
reactome:SmallMoleculeReference43,abstraction:ConsumptionControlledBy,reactome:ProteinReference12082
reactome:SmallMoleculeReference309,abstraction:ConsumptionControlledBy,reactome:ProteinReference1555
reactome:SmallMoleculeReference1717,abstraction:ConsumptionControlledBy,reactome:ProteinReference2734
reactome:SmallMoleculeReference120,abstraction:ConsumptionControlledBy,reactome:ProteinReference3383
reactome:SmallMoleculeReference431,abstraction:ConsumptionControlledBy,reactome:ProteinReference866
reactome:SmallMoleculeReference159,abstraction:ConsumptionControlledBy,reactome:ProteinReference2437
reactome:SmallMoleculeReference104,abstraction:ConsumptionControlledBy,reactome:ProteinReference2697
reactome:SmallMoleculeReference46,abstraction:ConsumptionControlledBy,reactome:ProteinReference5557
reactome:SmallMoleculeReference226,abstraction:ConsumptionControlledBy,reactome:ProteinReference329
reactome:SmallMoleculeReference466,abstraction:ConsumptionControlledBy,reactome:ProteinReference8248
reactome:SmallMoleculeReference1571,abstraction:ConsumptionControlledBy,reactome:ProteinReference2673
reactome:SmallMoleculeReference496,abstraction:ConsumptionControlledBy,reactome:ProteinReference1233
reactome:SmallMoleculeReference148,abstraction:ConsumptionControlledBy,reactome:ProteinReference251
reactome:SmallMoleculeReference1,abstraction:ConsumptionControlledBy,reactome:ProteinReference546
reactome:SmallMoleculeReference473,abstraction:ConsumptionControlledBy,reactome:ProteinReference1032
reactome:SmallMoleculeReference141,abstraction:ConsumptionControlledBy,reactome:ProteinReference2336
reactome:SmallMoleculeReference1377,abstraction:ConsumptionControlledBy,reactome:ProteinReference2335
reactome:SmallMoleculeReference120,abstraction:ConsumptionControlledBy,reactome:ProteinReference3957
reactome:SmallMoleculeReference244,abstraction:ConsumptionControlledBy,reactome:ProteinReference1275
reactome:SmallMoleculeReference134,abstraction:ConsumptionControlledBy,reactome:ProteinReference215
reactome:SmallMoleculeReference213,abstraction:ConsumptionControlledBy,reactome:ProteinReference324
reactome:SmallMoleculeReference2645,abstraction:ConsumptionControlledBy,reactome:ProteinReference4114
reactome:SmallMoleculeReference674,abstraction:ConsumptionControlledBy,reactome:ProteinReference1276
reactome:SmallMoleculeReference203,abstraction:ConsumptionControlledBy,reactome:ProteinReference9025
reactome:SmallMoleculeReference1142,abstraction:ConsumptionControlledBy,reactome:ProteinReference2183
reactome:SmallMoleculeReference673,abstraction:ConsumptionControlledBy,reactome:ProteinReference1276
reactome:SmallMoleculeReference1321,abstraction:ConsumptionControlledBy,reactome:ProteinReference2253
reactome:SmallMoleculeReference1283,abstraction:ConsumptionControlledBy,reactome:ProteinReference2177
reactome:SmallMoleculeReference1930,abstraction:ConsumptionControlledBy,reactome:ProteinReference4811
reactome:SmallMoleculeReference223,abstraction:ConsumptionControlledBy,reactome:ProteinReference328
reactome:SmallMoleculeReference1473,abstraction:ConsumptionControlledBy,reactome:ProteinReference1160
reactome:SmallMoleculeReference447,abstraction:ConsumptionControlledBy,reactome:ProteinReference989
reactome:SmallMoleculeReference1160,abstraction:ConsumptionControlledBy,reactome:ProteinReference1963
reactome:SmallMoleculeReference1774,abstraction:ConsumptionControlledBy,reactome:ProteinReference26
reactome:SmallMoleculeReference71,abstraction:ConsumptionControlledBy,reactome:ProteinReference180
reactome:SmallMoleculeReference411,abstraction:ConsumptionControlledBy,reactome:ProteinReference2651
reactome:SmallMoleculeReference754,abstraction:ConsumptionControlledBy,reactome:ProteinReference1339
reactome:SmallMoleculeReference94,abstraction:ConsumptionControlledBy,reactome:ProteinReference182
reactome:SmallMoleculeReference155,abstraction:ConsumptionControlledBy,reactome:ProteinReference232
reactome:SmallMoleculeReference706,abstraction:ConsumptionControlledBy,reactome:ProteinReference1287
reactome:SmallMoleculeReference11,abstraction:ConsumptionControlledBy,reactome:ProteinReference12
reactome:SmallMoleculeReference96,abstraction:ConsumptionControlledBy,reactome:ProteinReference9099
reactome:SmallMoleculeReference466,abstraction:ConsumptionControlledBy,reactome:ProteinReference1501
reactome:SmallMoleculeReference16,abstraction:ConsumptionControlledBy,reactome:ProteinReference197
reactome:SmallMoleculeReference466,abstraction:ConsumptionControlledBy,reactome:ProteinReference3650
reactome:SmallMoleculeReference959,abstraction:ConsumptionControlledBy,reactome:ProteinReference1704
reactome:SmallMoleculeReference48,abstraction:ConsumptionControlledBy,reactome:ProteinReference118
reactome:SmallMoleculeReference155,abstraction:ConsumptionControlledBy,reactome:ProteinReference263
reactome:SmallMoleculeReference207,abstraction:ConsumptionControlledBy,reactome:ProteinReference3387
reactome:SmallMoleculeReference1503,abstraction:ConsumptionControlledBy,reactome:ProteinReference2559
reactome:SmallMoleculeReference1303,abstraction:ConsumptionControlledBy,reactome:ProteinReference2419
reactome:SmallMoleculeReference1161,abstraction:ConsumptionControlledBy,reactome:ProteinReference1978
reactome:SmallMoleculeReference2555,abstraction:ConsumptionControlledBy,reactome:ProteinReference8456
reactome:SmallMoleculeReference466,abstraction:ConsumptionControlledBy,reactome:ProteinReference1507
reactome:SmallMoleculeReference96,abstraction:ConsumptionControlledBy,reactome:ProteinReference3317
reactome:SmallMoleculeReference1214,abstraction:ConsumptionControlledBy,reactome:ProteinReference2101
reactome:SmallMoleculeReference790,abstraction:ConsumptionControlledBy,reactome:ProteinReference1417
reactome:SmallMoleculeReference169,abstraction:ConsumptionControlledBy,reactome:ProteinReference270
reactome:SmallMoleculeReference302,abstraction:ConsumptionControlledBy,reactome:ProteinReference2745
reactome:SmallMoleculeReference353,abstraction:ConsumptionControlledBy,reactome:ProteinReference745
reactome:SmallMoleculeReference203,abstraction:ConsumptionControlledBy,reactome:ProteinReference4697
reactome:SmallMoleculeReference120,abstraction:ConsumptionControlledBy,reactome:ProteinReference4527
reactome:SmallMoleculeReference1678,abstraction:ConsumptionControlledBy,reactome:ProteinReference2699
reactome:SmallMoleculeReference2554,abstraction:ConsumptionControlledBy,reactome:ProteinReference8446
reactome:SmallMoleculeReference1585,abstraction:ConsumptionControlledBy,reactome:ProteinReference2620
reactome:SmallMoleculeReference1562,abstraction:ConsumptionControlledBy,reactome:ProteinReference1254
reactome:SmallMoleculeReference157,abstraction:ConsumptionControlledBy,reactome:ProteinReference252
reactome:SmallMoleculeReference296,abstraction:ConsumptionControlledBy,reactome:ProteinReference3942
reactome:SmallMoleculeReference217,abstraction:ConsumptionControlledBy,reactome:ProteinReference4091
reactome:SmallMoleculeReference43,abstraction:ConsumptionControlledBy,reactome:ProteinReference11522
reactome:SmallMoleculeReference395,abstraction:ConsumptionControlledBy,reactome:ProteinReference5695
reactome:SmallMoleculeReference96,abstraction:ConsumptionControlledBy,reactome:ProteinReference9082
reactome:SmallMoleculeReference1656,abstraction:ConsumptionControlledBy,reactome:ProteinReference25
reactome:SmallMoleculeReference75,abstraction:ConsumptionControlledBy,reactome:ProteinReference171
reactome:SmallMoleculeReference137,abstraction:ConsumptionControlledBy,reactome:ProteinReference1880
reactome:SmallMoleculeReference2808,abstraction:ConsumptionControlledBy,reactome:ProteinReference10641
reactome:SmallMoleculeReference154,abstraction:ConsumptionControlledBy,reactome:ProteinReference2226
reactome:SmallMoleculeReference1836,abstraction:ConsumptionControlledBy,reactome:ProteinReference3945
reactome:SmallMoleculeReference512,abstraction:ConsumptionControlledBy,reactome:ProteinReference1174
reactome:SmallMoleculeReference120,abstraction:ConsumptionControlledBy,reactome:ProteinReference3413
reactome:SmallMoleculeReference96,abstraction:ConsumptionControlledBy,reactome:ProteinReference3166
reactome:SmallMoleculeReference45,abstraction:ConsumptionControlledBy,reactome:ProteinReference97
reactome:SmallMoleculeReference96,abstraction:ConsumptionControlledBy,reactome:ProteinReference4850
reactome:SmallMoleculeReference574,abstraction:ConsumptionControlledBy,reactome:ProteinReference2618
reactome:SmallMoleculeReference1160,abstraction:ConsumptionControlledBy,reactome:ProteinReference1953
reactome:SmallMoleculeReference145,abstraction:ConsumptionControlledBy,reactome:ProteinReference252
reactome:SmallMoleculeReference139,abstraction:ConsumptionControlledBy,reactome:ProteinReference2748
reactome:SmallMoleculeReference748,abstraction:ConsumptionControlledBy,reactome:ProteinReference1371
reactome:SmallMoleculeReference191,abstraction:ConsumptionControlledBy,reactome:ProteinReference2111
reactome:SmallMoleculeReference805,abstraction:ConsumptionControlledBy,reactome:ProteinReference1470
reactome:SmallMoleculeReference883,abstraction:ConsumptionControlledBy,reactome:ProteinReference1140
reactome:SmallMoleculeReference145,abstraction:ConsumptionControlledBy,reactome:ProteinReference253
reactome:SmallMoleculeReference119,abstraction:ConsumptionControlledBy,reactome:ProteinReference7423
reactome:SmallMoleculeReference1233,abstraction:ConsumptionControlledBy,reactome:ProteinReference2118
reactome:SmallMoleculeReference96,abstraction:ConsumptionControlledBy,reactome:ProteinReference5287
reactome:SmallMoleculeReference342,abstraction:ConsumptionControlledBy,reactome:ProteinReference6459
reactome:SmallMoleculeReference2601,abstraction:ConsumptionControlledBy,reactome:ProteinReference8336
reactome:SmallMoleculeReference43,abstraction:ConsumptionControlledBy,reactome:ProteinReference11520
reactome:SmallMoleculeReference1160,abstraction:ConsumptionControlledBy,reactome:ProteinReference1985
reactome:SmallMoleculeReference45,abstraction:ConsumptionControlledBy,reactome:ProteinReference557
reactome:SmallMoleculeReference353,abstraction:ConsumptionControlledBy,reactome:ProteinReference744
reactome:SmallMoleculeReference212,abstraction:ConsumptionControlledBy,reactome:ProteinReference4363
reactome:SmallMoleculeReference96,abstraction:ConsumptionControlledBy,reactome:ProteinReference3306
reactome:SmallMoleculeReference169,abstraction:ConsumptionControlledBy,reactome:ProteinReference274
reactome:SmallMoleculeReference1769,abstraction:ConsumptionControlledBy,reactome:ProteinReference2101
reactome:SmallMoleculeReference1867,abstraction:ConsumptionControlledBy,reactome:ProteinReference4068
reactome:SmallMoleculeReference203,abstraction:ConsumptionControlledBy,reactome:ProteinReference8591
reactome:SmallMoleculeReference978,abstraction:ConsumptionControlledBy,reactome:ProteinReference2695
reactome:SmallMoleculeReference1573,abstraction:ConsumptionControlledBy,reactome:ProteinReference2618
reactome:SmallMoleculeReference1501,abstraction:ConsumptionControlledBy,reactome:ProteinReference2556
reactome:SmallMoleculeReference2601,abstraction:ConsumptionControlledBy,reactome:ProteinReference5011
reactome:SmallMoleculeReference1742,abstraction:ConsumptionControlledBy,reactome:ProteinReference2754
reactome:SmallMoleculeReference391,abstraction:ConsumptionControlledBy,reactome:ProteinReference2102
reactome:SmallMoleculeReference522,abstraction:ConsumptionControlledBy,reactome:ProteinReference1194
reactome:SmallMoleculeReference376,abstraction:ConsumptionControlledBy,reactome:ProteinReference837
reactome:SmallMoleculeReference1528,abstraction:ConsumptionControlledBy,reactome:ProteinReference2593
reactome:SmallMoleculeReference86,abstraction:ConsumptionControlledBy,reactome:ProteinReference180
reactome:SmallMoleculeReference46,abstraction:ConsumptionControlledBy,reactome:ProteinReference525
reactome:SmallMoleculeReference1865,abstraction:ConsumptionControlledBy,reactome:ProteinReference4101
reactome:SmallMoleculeReference2581,abstraction:ConsumptionControlledBy,reactome:ProteinReference8444
reactome:SmallMoleculeReference205,abstraction:ConsumptionControlledBy,reactome:ProteinReference2088
reactome:SmallMoleculeReference1708,abstraction:ConsumptionControlledBy,reactome:ProteinReference2716
reactome:SmallMoleculeReference244,abstraction:ConsumptionControlledBy,reactome:ProteinReference2184
reactome:SmallMoleculeReference169,abstraction:ConsumptionControlledBy,reactome:ProteinReference2034
reactome:SmallMoleculeReference43,abstraction:ConsumptionControlledBy,reactome:ProteinReference11506
reactome:SmallMoleculeReference139,abstraction:ConsumptionControlledBy,reactome:ProteinReference235
reactome:SmallMoleculeReference146,abstraction:ConsumptionControlledBy,reactome:ProteinReference2431
reactome:SmallMoleculeReference812,abstraction:ConsumptionControlledBy,reactome:ProteinReference1479
reactome:SmallMoleculeReference16,abstraction:ConsumptionControlledBy,reactome:ProteinReference615
reactome:SmallMoleculeReference975,abstraction:ConsumptionControlledBy,reactome:ProteinReference1708
reactome:SmallMoleculeReference96,abstraction:ConsumptionControlledBy,reactome:ProteinReference5284
reactome:SmallMoleculeReference743,abstraction:ConsumptionControlledBy,reactome:ProteinReference1333
reactome:SmallMoleculeReference342,abstraction:ConsumptionControlledBy,reactome:ProteinReference4633
reactome:SmallMoleculeReference1341,abstraction:ConsumptionControlledBy,reactome:ProteinReference9773
reactome:SmallMoleculeReference101,abstraction:ConsumptionControlledBy,reactome:ProteinReference1065
reactome:SmallMoleculeReference1903,abstraction:ConsumptionControlledBy,reactome:ProteinReference4257
reactome:SmallMoleculeReference301,abstraction:ConsumptionControlledBy,reactome:ProteinReference1740
reactome:SmallMoleculeReference185,abstraction:ConsumptionControlledBy,reactome:ProteinReference301
reactome:SmallMoleculeReference359,abstraction:ConsumptionControlledBy,reactome:ProteinReference809
reactome:SmallMoleculeReference45,abstraction:ConsumptionControlledBy,reactome:ProteinReference209
reactome:SmallMoleculeReference260,abstraction:ConsumptionControlledBy,reactome:ProteinReference1421
reactome:SmallMoleculeReference1208,abstraction:ConsumptionControlledBy,reactome:ProteinReference2101
reactome:SmallMoleculeReference137,abstraction:ConsumptionControlledBy,reactome:ProteinReference1876
reactome:SmallMoleculeReference203,abstraction:ConsumptionControlledBy,reactome:ProteinReference5154
reactome:SmallMoleculeReference2601,abstraction:ConsumptionControlledBy,reactome:ProteinReference8576
reactome:SmallMoleculeReference309,abstraction:ConsumptionControlledBy,reactome:ProteinReference1405
reactome:SmallMoleculeReference43,abstraction:ConsumptionControlledBy,reactome:ProteinReference359
reactome:SmallMoleculeReference154,abstraction:ConsumptionControlledBy,reactome:ProteinReference2429
reactome:SmallMoleculeReference2552,abstraction:ConsumptionControlledBy,reactome:ProteinReference8436
reactome:SmallMoleculeReference301,abstraction:ConsumptionControlledBy,reactome:ProteinReference1369
reactome:SmallMoleculeReference215,abstraction:ConsumptionControlledBy,reactome:ProteinReference2675
reactome:SmallMoleculeReference1369,abstraction:ConsumptionControlledBy,reactome:ProteinReference2304
reactome:SmallMoleculeReference466,abstraction:ConsumptionControlledBy,reactome:ProteinReference1769
reactome:SmallMoleculeReference1775,abstraction:ConsumptionControlledBy,reactome:ProteinReference25
reactome:SmallMoleculeReference120,abstraction:ConsumptionControlledBy,reactome:ProteinReference4525
reactome:SmallMoleculeReference1380,abstraction:ConsumptionControlledBy,reactome:ProteinReference2418
reactome:SmallMoleculeReference141,abstraction:ConsumptionControlledBy,reactome:ProteinReference256
reactome:SmallMoleculeReference1369,abstraction:ConsumptionControlledBy,reactome:ProteinReference2302
reactome:SmallMoleculeReference873,abstraction:ConsumptionControlledBy,reactome:ProteinReference1643
reactome:SmallMoleculeReference120,abstraction:ConsumptionControlledBy,reactome:ProteinReference3421
reactome:SmallMoleculeReference466,abstraction:ConsumptionControlledBy,reactome:ProteinReference5852
reactome:SmallMoleculeReference45,abstraction:ConsumptionControlledBy,reactome:ProteinReference447
reactome:SmallMoleculeReference812,abstraction:ConsumptionControlledBy,reactome:ProteinReference1513
reactome:SmallMoleculeReference953,abstraction:ConsumptionControlledBy,reactome:ProteinReference1221
reactome:SmallMoleculeReference135,abstraction:ConsumptionControlledBy,reactome:ProteinReference214
reactome:SmallMoleculeReference96,abstraction:ConsumptionControlledBy,reactome:ProteinReference1433
reactome:SmallMoleculeReference296,abstraction:ConsumptionControlledBy,reactome:ProteinReference2328
reactome:SmallMoleculeReference653,abstraction:ConsumptionControlledBy,reactome:ProteinReference1417
reactome:SmallMoleculeReference43,abstraction:ConsumptionControlledBy,reactome:ProteinReference4233
reactome:SmallMoleculeReference1894,abstraction:ConsumptionControlledBy,reactome:ProteinReference4104
reactome:SmallMoleculeReference887,abstraction:ConsumptionControlledBy,reactome:ProteinReference1074
reactome:SmallMoleculeReference96,abstraction:ConsumptionControlledBy,reactome:ProteinReference4438
reactome:SmallMoleculeReference888,abstraction:ConsumptionControlledBy,reactome:ProteinReference1651
reactome:SmallMoleculeReference466,abstraction:ConsumptionControlledBy,reactome:ProteinReference8255
reactome:SmallMoleculeReference100,abstraction:ConsumptionControlledBy,reactome:ProteinReference185
reactome:SmallMoleculeReference146,abstraction:ConsumptionControlledBy,reactome:ProteinReference2436
reactome:SmallMoleculeReference195,abstraction:ConsumptionControlledBy,reactome:ProteinReference308
reactome:SmallMoleculeReference140,abstraction:ConsumptionControlledBy,reactome:ProteinReference2430
reactome:SmallMoleculeReference120,abstraction:ConsumptionControlledBy,reactome:ProteinReference2333
reactome:SmallMoleculeReference808,abstraction:ConsumptionControlledBy,reactome:ProteinReference7264
reactome:SmallMoleculeReference471,abstraction:ConsumptionControlledBy,reactome:ProteinReference1027
reactome:SmallMoleculeReference820,abstraction:ConsumptionControlledBy,reactome:ProteinReference1562
reactome:SmallMoleculeReference385,abstraction:ConsumptionControlledBy,reactome:ProteinReference846
reactome:SmallMoleculeReference16,abstraction:ConsumptionControlledBy,reactome:ProteinReference156
reactome:SmallMoleculeReference326,abstraction:ConsumptionControlledBy,reactome:ProteinReference1623
reactome:SmallMoleculeReference357,abstraction:ConsumptionControlledBy,reactome:ProteinReference754
reactome:SmallMoleculeReference96,abstraction:ConsumptionControlledBy,reactome:ProteinReference2715
reactome:SmallMoleculeReference352,abstraction:ConsumptionControlledBy,reactome:ProteinReference2038
reactome:SmallMoleculeReference564,abstraction:ConsumptionControlledBy,reactome:ProteinReference1208
reactome:SmallMoleculeReference1902,abstraction:ConsumptionControlledBy,reactome:ProteinReference4258
reactome:SmallMoleculeReference159,abstraction:ConsumptionControlledBy,reactome:ProteinReference2038
reactome:SmallMoleculeReference499,abstraction:ConsumptionControlledBy,reactome:ProteinReference2617
reactome:SmallMoleculeReference342,abstraction:ConsumptionControlledBy,reactome:ProteinReference1500
reactome:SmallMoleculeReference209,abstraction:ConsumptionControlledBy,reactome:ProteinReference4090
reactome:SmallMoleculeReference1188,abstraction:ConsumptionControlledBy,reactome:ProteinReference2073
reactome:SmallMoleculeReference997,abstraction:ConsumptionControlledBy,reactome:ProteinReference1733
reactome:SmallMoleculeReference810,abstraction:ConsumptionControlledBy,reactome:ProteinReference1514
reactome:SmallMoleculeReference800,abstraction:ConsumptionControlledBy,reactome:ProteinReference1463
reactome:SmallMoleculeReference764,abstraction:ConsumptionControlledBy,reactome:ProteinReference4049
reactome:SmallMoleculeReference1882,abstraction:ConsumptionControlledBy,reactome:ProteinReference4090
reactome:SmallMoleculeReference1589,abstraction:ConsumptionControlledBy,reactome:ProteinReference2634
reactome:SmallMoleculeReference806,abstraction:ConsumptionControlledBy,reactome:ProteinReference1377
reactome:SmallMoleculeReference99,abstraction:ConsumptionControlledBy,reactome:ProteinReference1137
reactome:SmallMoleculeReference1226,abstraction:ConsumptionControlledBy,reactome:ProteinReference2789
reactome:SmallMoleculeReference126,abstraction:ConsumptionControlledBy,reactome:ProteinReference2336
reactome:SmallMoleculeReference1559,abstraction:ConsumptionControlledBy,reactome:ProteinReference2687
reactome:SmallMoleculeReference43,abstraction:ConsumptionControlledBy,reactome:ProteinReference460
reactome:SmallMoleculeReference2601,abstraction:ConsumptionControlledBy,reactome:ProteinReference2787
reactome:SmallMoleculeReference592,abstraction:ConsumptionControlledBy,reactome:ProteinReference1223
reactome:SmallMoleculeReference16,abstraction:ConsumptionControlledBy,reactome:ProteinReference11502
reactome:SmallMoleculeReference1930,abstraction:ConsumptionControlledBy,reactome:ProteinReference4820
reactome:SmallMoleculeReference309,abstraction:ConsumptionControlledBy,reactome:ProteinReference1379
reactome:SmallMoleculeReference1744,abstraction:ConsumptionControlledBy,reactome:ProteinReference2756
reactome:SmallMoleculeReference723,abstraction:ConsumptionControlledBy,reactome:ProteinReference2259
reactome:SmallMoleculeReference342,abstraction:ConsumptionControlledBy,reactome:ProteinReference193
reactome:SmallMoleculeReference133,abstraction:ConsumptionControlledBy,reactome:ProteinReference215
reactome:SmallMoleculeReference260,abstraction:ConsumptionControlledBy,reactome:ProteinReference1433
reactome:SmallMoleculeReference466,abstraction:ConsumptionControlledBy,reactome:ProteinReference5066
reactome:SmallMoleculeReference1327,abstraction:ConsumptionControlledBy,reactome:ProteinReference2261
reactome:SmallMoleculeReference1207,abstraction:ConsumptionControlledBy,reactome:ProteinReference2137
reactome:SmallMoleculeReference139,abstraction:ConsumptionControlledBy,reactome:ProteinReference252
reactome:SmallMoleculeReference754,abstraction:ConsumptionControlledBy,reactome:ProteinReference1383
reactome:SmallMoleculeReference145,abstraction:ConsumptionControlledBy,reactome:ProteinReference268
reactome:SmallMoleculeReference466,abstraction:ConsumptionControlledBy,reactome:ProteinReference356
reactome:SmallMoleculeReference466,abstraction:ConsumptionControlledBy,reactome:ProteinReference7837
reactome:SmallMoleculeReference2599,abstraction:ConsumptionControlledBy,reactome:ProteinReference8525
reactome:SmallMoleculeReference383,abstraction:ConsumptionControlledBy,reactome:ProteinReference847
reactome:SmallMoleculeReference963,abstraction:ConsumptionControlledBy,reactome:ProteinReference1709
reactome:SmallMoleculeReference232,abstraction:ConsumptionControlledBy,reactome:ProteinReference7413
reactome:SmallMoleculeReference70,abstraction:ConsumptionControlledBy,reactome:ProteinReference2426
reactome:SmallMoleculeReference170,abstraction:ConsumptionControlledBy,reactome:ProteinReference271
reactome:SmallMoleculeReference466,abstraction:ConsumptionControlledBy,reactome:ProteinReference5826
reactome:SmallMoleculeReference715,abstraction:ConsumptionControlledBy,reactome:ProteinReference1304
reactome:SmallMoleculeReference1177,abstraction:ConsumptionControlledBy,reactome:ProteinReference2074
reactome:SmallMoleculeReference96,abstraction:ConsumptionControlledBy,reactome:ProteinReference3175
reactome:SmallMoleculeReference1536,abstraction:ConsumptionControlledBy,reactome:ProteinReference2607
reactome:SmallMoleculeReference1491,abstraction:ConsumptionControlledBy,reactome:ProteinReference2537
reactome:SmallMoleculeReference468,abstraction:ConsumptionControlledBy,reactome:ProteinReference5630
reactome:SmallMoleculeReference773,abstraction:ConsumptionControlledBy,reactome:ProteinReference1439
reactome:SmallMoleculeReference394,abstraction:ConsumptionControlledBy,reactome:ProteinReference342
reactome:SmallMoleculeReference96,abstraction:ConsumptionControlledBy,reactome:ProteinReference1062
reactome:SmallMoleculeReference140,abstraction:ConsumptionControlledBy,reactome:ProteinReference232
reactome:SmallMoleculeReference2601,abstraction:ConsumptionControlledBy,reactome:ProteinReference2950
reactome:SmallMoleculeReference214,abstraction:ConsumptionControlledBy,reactome:ProteinReference2122
reactome:SmallMoleculeReference43,abstraction:ConsumptionControlledBy,reactome:ProteinReference11555
reactome:SmallMoleculeReference466,abstraction:ConsumptionControlledBy,reactome:ProteinReference5796
reactome:SmallMoleculeReference1571,abstraction:ConsumptionControlledBy,reactome:ProteinReference2675
reactome:SmallMoleculeReference192,abstraction:ConsumptionControlledBy,reactome:ProteinReference305
reactome:SmallMoleculeReference43,abstraction:ConsumptionControlledBy,reactome:ProteinReference468
reactome:SmallMoleculeReference76,abstraction:ConsumptionControlledBy,reactome:ProteinReference171
reactome:SmallMoleculeReference1392,abstraction:ConsumptionControlledBy,reactome:ProteinReference2222
reactome:SmallMoleculeReference2542,abstraction:ConsumptionControlledBy,reactome:ProteinReference8405
reactome:SmallMoleculeReference709,abstraction:ConsumptionControlledBy,reactome:ProteinReference1291
reactome:SmallMoleculeReference8,abstraction:ConsumptionControlledBy,reactome:ProteinReference1417
reactome:SmallMoleculeReference1752,abstraction:ConsumptionControlledBy,reactome:ProteinReference3300
reactome:SmallMoleculeReference120,abstraction:ConsumptionControlledBy,reactome:ProteinReference3401
reactome:SmallMoleculeReference96,abstraction:ConsumptionControlledBy,reactome:ProteinReference2268
reactome:SmallMoleculeReference43,abstraction:ConsumptionControlledBy,reactome:ProteinReference11510
reactome:SmallMoleculeReference145,abstraction:ConsumptionControlledBy,reactome:ProteinReference2430
reactome:SmallMoleculeReference102,abstraction:ConsumptionControlledBy,reactome:ProteinReference185
reactome:SmallMoleculeReference616,abstraction:ConsumptionControlledBy,reactome:ProteinReference1246
reactome:SmallMoleculeReference99,abstraction:ConsumptionControlledBy,reactome:ProteinReference1691
reactome:SmallMoleculeReference301,abstraction:ConsumptionControlledBy,reactome:ProteinReference1813
reactome:SmallMoleculeReference1462,abstraction:ConsumptionControlledBy,reactome:ProteinReference2429
reactome:SmallMoleculeReference812,abstraction:ConsumptionControlledBy,reactome:ProteinReference1049
reactome:SmallMoleculeReference951,abstraction:ConsumptionControlledBy,reactome:ProteinReference1052
reactome:SmallMoleculeReference1222,abstraction:ConsumptionControlledBy,reactome:ProteinReference2104
reactome:SmallMoleculeReference96,abstraction:ConsumptionControlledBy,reactome:ProteinReference10587
reactome:SmallMoleculeReference1930,abstraction:ConsumptionControlledBy,reactome:ProteinReference4836
reactome:SmallMoleculeReference45,abstraction:ConsumptionControlledBy,reactome:ProteinReference464
reactome:SmallMoleculeReference342,abstraction:ConsumptionControlledBy,reactome:ProteinReference6462
reactome:SmallMoleculeReference1179,abstraction:ConsumptionControlledBy,reactome:ProteinReference2069
reactome:SmallMoleculeReference120,abstraction:ConsumptionControlledBy,reactome:ProteinReference3411
reactome:SmallMoleculeReference1577,abstraction:ConsumptionControlledBy,reactome:ProteinReference1256
reactome:SmallMoleculeReference1147,abstraction:ConsumptionControlledBy,reactome:ProteinReference2588
reactome:SmallMoleculeReference6,abstraction:ConsumptionControlledBy,reactome:ProteinReference1137
reactome:SmallMoleculeReference48,abstraction:ConsumptionControlledBy,reactome:ProteinReference117
reactome:SmallMoleculeReference891,abstraction:ConsumptionControlledBy,reactome:ProteinReference1655
reactome:SmallMoleculeReference244,abstraction:ConsumptionControlledBy,reactome:ProteinReference1366
reactome:SmallMoleculeReference16,abstraction:ConsumptionControlledBy,reactome:ProteinReference11487
reactome:SmallMoleculeReference1211,abstraction:ConsumptionControlledBy,reactome:ProteinReference2101
reactome:SmallMoleculeReference45,abstraction:ConsumptionControlledBy,reactome:ProteinReference10939
reactome:SmallMoleculeReference127,abstraction:ConsumptionControlledBy,reactome:ProteinReference2228
reactome:SmallMoleculeReference96,abstraction:ConsumptionControlledBy,reactome:ProteinReference2792
reactome:SmallMoleculeReference91,abstraction:ConsumptionControlledBy,reactome:ProteinReference1265
reactome:SmallMoleculeReference1288,abstraction:ConsumptionControlledBy,reactome:ProteinReference2194
reactome:SmallMoleculeReference392,abstraction:ConsumptionControlledBy,reactome:ProteinReference2082
reactome:SmallMoleculeReference513,abstraction:ConsumptionControlledBy,reactome:ProteinReference12
reactome:SmallMoleculeReference45,abstraction:ConsumptionControlledBy,reactome:ProteinReference249
reactome:SmallMoleculeReference207,abstraction:ConsumptionControlledBy,reactome:ProteinReference3410
reactome:SmallMoleculeReference203,abstraction:ConsumptionControlledBy,reactome:ProteinReference3864
reactome:SmallMoleculeReference1661,abstraction:ConsumptionControlledBy,reactome:ProteinReference2688
reactome:SmallMoleculeReference466,abstraction:ConsumptionControlledBy,reactome:ProteinReference5858
reactome:SmallMoleculeReference2594,abstraction:ConsumptionControlledBy,reactome:ProteinReference8515
reactome:SmallMoleculeReference95,abstraction:ConsumptionControlledBy,reactome:ProteinReference184
reactome:SmallMoleculeReference1560,abstraction:ConsumptionControlledBy,reactome:ProteinReference2627
reactome:SmallMoleculeReference120,abstraction:ConsumptionControlledBy,reactome:ProteinReference3370
reactome:SmallMoleculeReference1503,abstraction:ConsumptionControlledBy,reactome:ProteinReference2560
reactome:SmallMoleculeReference263,abstraction:ConsumptionControlledBy,reactome:ProteinReference488
reactome:SmallMoleculeReference2601,abstraction:ConsumptionControlledBy,reactome:ProteinReference3850
reactome:SmallMoleculeReference2911,abstraction:ConsumptionControlledBy,reactome:ProteinReference9622
reactome:SmallMoleculeReference43,abstraction:ConsumptionControlledBy,reactome:ProteinReference363
reactome:SmallMoleculeReference1735,abstraction:ConsumptionControlledBy,reactome:ProteinReference2723
reactome:SmallMoleculeReference1717,abstraction:ConsumptionControlledBy,reactome:ProteinReference2732
reactome:SmallMoleculeReference142,abstraction:ConsumptionControlledBy,reactome:ProteinReference2432
reactome:SmallMoleculeReference45,abstraction:ConsumptionControlledBy,reactome:ProteinReference7755
reactome:SmallMoleculeReference301,abstraction:ConsumptionControlledBy,reactome:ProteinReference7732
reactome:SmallMoleculeReference209,abstraction:ConsumptionControlledBy,reactome:ProteinReference3959
reactome:SmallMoleculeReference302,abstraction:ConsumptionControlledBy,reactome:ProteinReference1176
reactome:SmallMoleculeReference46,abstraction:ConsumptionControlledBy,reactome:ProteinReference4150
reactome:SmallMoleculeReference7,abstraction:ConsumptionControlledBy,reactome:ProteinReference1449
reactome:SmallMoleculeReference145,abstraction:ConsumptionControlledBy,reactome:ProteinReference232
reactome:SmallMoleculeReference466,abstraction:ConsumptionControlledBy,reactome:ProteinReference1015
reactome:SmallMoleculeReference985,abstraction:ConsumptionControlledBy,reactome:ProteinReference1725
reactome:SmallMoleculeReference1730,abstraction:ConsumptionControlledBy,reactome:ProteinReference25
reactome:SmallMoleculeReference120,abstraction:ConsumptionControlledBy,reactome:ProteinReference7737
reactome:SmallMoleculeReference2001,abstraction:ConsumptionControlledBy,reactome:ProteinReference5567
reactome:SmallMoleculeReference142,abstraction:ConsumptionControlledBy,reactome:ProteinReference2439
reactome:SmallMoleculeReference211,abstraction:ConsumptionControlledBy,reactome:ProteinReference952
reactome:SmallMoleculeReference1569,abstraction:ConsumptionControlledBy,reactome:ProteinReference2630
reactome:SmallMoleculeReference96,abstraction:ConsumptionControlledBy,reactome:ProteinReference2789
reactome:SmallMoleculeReference1846,abstraction:ConsumptionControlledBy,reactome:ProteinReference3970
reactome:SmallMoleculeReference1575,abstraction:ConsumptionControlledBy,reactome:ProteinReference2619
reactome:SmallMoleculeReference1930,abstraction:ConsumptionControlledBy,reactome:ProteinReference4791
reactome:SmallMoleculeReference211,abstraction:ConsumptionControlledBy,reactome:ProteinReference953
reactome:SmallMoleculeReference174,abstraction:ConsumptionControlledBy,reactome:ProteinReference280
reactome:SmallMoleculeReference96,abstraction:ConsumptionControlledBy,reactome:ProteinReference6101
reactome:SmallMoleculeReference1369,abstraction:ConsumptionControlledBy,reactome:ProteinReference2305
reactome:SmallMoleculeReference135,abstraction:ConsumptionControlledBy,reactome:ProteinReference204
reactome:SmallMoleculeReference139,abstraction:ConsumptionControlledBy,reactome:ProteinReference1084
reactome:SmallMoleculeReference101,abstraction:ConsumptionControlledBy,reactome:ProteinReference1692
reactome:SmallMoleculeReference11,abstraction:ConsumptionControlledBy,reactome:ProteinReference14
reactome:SmallMoleculeReference348,abstraction:ConsumptionControlledBy,reactome:ProteinReference2163
reactome:SmallMoleculeReference226,abstraction:ConsumptionControlledBy,reactome:ProteinReference327
reactome:SmallMoleculeReference223,abstraction:ConsumptionControlledBy,reactome:ProteinReference329
reactome:SmallMoleculeReference260,abstraction:ConsumptionControlledBy,reactome:ProteinReference3976
reactome:SmallMoleculeReference16,abstraction:ConsumptionControlledBy,reactome:ProteinReference249
reactome:SmallMoleculeReference887,abstraction:ConsumptionControlledBy,reactome:ProteinReference1650
reactome:SmallMoleculeReference2101,abstraction:ConsumptionControlledBy,reactome:ProteinReference88
reactome:SmallMoleculeReference16,abstraction:ConsumptionControlledBy,reactome:ProteinReference11504
reactome:SmallMoleculeReference302,abstraction:ConsumptionControlledBy,reactome:ProteinReference1835
reactome:SmallMoleculeReference1930,abstraction:ConsumptionControlledBy,reactome:ProteinReference4813
reactome:SmallMoleculeReference765,abstraction:ConsumptionControlledBy,reactome:ProteinReference1414
reactome:SmallMoleculeReference466,abstraction:ConsumptionControlledBy,reactome:ProteinReference6696
reactome:SmallMoleculeReference207,abstraction:ConsumptionControlledBy,reactome:ProteinReference3390
reactome:SmallMoleculeReference211,abstraction:ConsumptionControlledBy,reactome:ProteinReference2705
reactome:SmallMoleculeReference1559,abstraction:ConsumptionControlledBy,reactome:ProteinReference2679
reactome:SmallMoleculeReference764,abstraction:ConsumptionControlledBy,reactome:ProteinReference1443
reactome:SmallMoleculeReference45,abstraction:ConsumptionControlledBy,reactome:ProteinReference5558
reactome:SmallMoleculeReference1627,abstraction:ConsumptionControlledBy,reactome:ProteinReference1134
reactome:SmallMoleculeReference574,abstraction:ConsumptionControlledBy,reactome:ProteinReference2738
reactome:SmallMoleculeReference1716,abstraction:ConsumptionControlledBy,reactome:ProteinReference2736
reactome:SmallMoleculeReference1236,abstraction:ConsumptionControlledBy,reactome:ProteinReference2124
reactome:SmallMoleculeReference126,abstraction:ConsumptionControlledBy,reactome:ProteinReference619
reactome:SmallMoleculeReference826,abstraction:ConsumptionControlledBy,reactome:ProteinReference1578
reactome:SmallMoleculeReference232,abstraction:ConsumptionControlledBy,reactome:ProteinReference6805
reactome:SmallMoleculeReference137,abstraction:ConsumptionControlledBy,reactome:ProteinReference1879
reactome:SmallMoleculeReference382,abstraction:ConsumptionControlledBy,reactome:ProteinReference853
reactome:SmallMoleculeReference191,abstraction:ConsumptionControlledBy,reactome:ProteinReference2131
reactome:SmallMoleculeReference1717,abstraction:ConsumptionControlledBy,reactome:ProteinReference2736
reactome:SmallMoleculeReference569,abstraction:ConsumptionControlledBy,reactome:ProteinReference1236
reactome:SmallMoleculeReference466,abstraction:ConsumptionControlledBy,reactome:ProteinReference5837
reactome:SmallMoleculeReference43,abstraction:ConsumptionControlledBy,reactome:ProteinReference1793
reactome:SmallMoleculeReference208,abstraction:ConsumptionControlledBy,reactome:ProteinReference966
reactome:SmallMoleculeReference46,abstraction:ConsumptionControlledBy,reactome:ProteinReference12080
reactome:SmallMoleculeReference147,abstraction:ConsumptionControlledBy,reactome:ProteinReference2434
reactome:SmallMoleculeReference309,abstraction:ConsumptionControlledBy,reactome:ProteinReference1372
reactome:SmallMoleculeReference70,abstraction:ConsumptionControlledBy,reactome:ProteinReference2658
reactome:SmallMoleculeReference1208,abstraction:ConsumptionControlledBy,reactome:ProteinReference2086
reactome:SmallMoleculeReference142,abstraction:ConsumptionControlledBy,reactome:ProteinReference231
reactome:SmallMoleculeReference466,abstraction:ConsumptionControlledBy,reactome:ProteinReference1508
reactome:SmallMoleculeReference1573,abstraction:ConsumptionControlledBy,reactome:ProteinReference2738
reactome:SmallMoleculeReference152,abstraction:ConsumptionControlledBy,reactome:ProteinReference251
reactome:SmallMoleculeReference210,abstraction:ConsumptionControlledBy,reactome:ProteinReference2707
reactome:SmallMoleculeReference121,abstraction:ConsumptionControlledBy,reactome:ProteinReference1826
reactome:SmallMoleculeReference754,abstraction:ConsumptionControlledBy,reactome:ProteinReference1395
reactome:SmallMoleculeReference2554,abstraction:ConsumptionControlledBy,reactome:ProteinReference8442
reactome:SmallMoleculeReference1,abstraction:ConsumptionControlledBy,reactome:ProteinReference2079
reactome:SmallMoleculeReference54,abstraction:ConsumptionControlledBy,reactome:ProteinReference564
reactome:SmallMoleculeReference312,abstraction:ConsumptionControlledBy,reactome:ProteinReference1583
reactome:SmallMoleculeReference208,abstraction:ConsumptionControlledBy,reactome:ProteinReference4328
reactome:SmallMoleculeReference118,abstraction:ConsumptionControlledBy,reactome:ProteinReference555
reactome:SmallMoleculeReference1717,abstraction:ConsumptionControlledBy,reactome:ProteinReference2172
reactome:SmallMoleculeReference1688,abstraction:ConsumptionControlledBy,reactome:ProteinReference2708
reactome:SmallMoleculeReference206,abstraction:ConsumptionControlledBy,reactome:ProteinReference326
reactome:SmallMoleculeReference1894,abstraction:ConsumptionControlledBy,reactome:ProteinReference3713
reactome:SmallMoleculeReference530,abstraction:ConsumptionControlledBy,reactome:ProteinReference1202
reactome:SmallMoleculeReference144,abstraction:ConsumptionControlledBy,reactome:ProteinReference2433
reactome:SmallMoleculeReference875,abstraction:ConsumptionControlledBy,reactome:ProteinReference1646
reactome:SmallMoleculeReference1559,abstraction:ConsumptionControlledBy,reactome:ProteinReference2671
reactome:SmallMoleculeReference907,abstraction:ConsumptionControlledBy,reactome:ProteinReference1655
reactome:SmallMoleculeReference402,abstraction:ConsumptionControlledBy,reactome:ProteinReference4052
reactome:SmallMoleculeReference1432,abstraction:ConsumptionControlledBy,reactome:ProteinReference2367
reactome:SmallMoleculeReference7,abstraction:ConsumptionControlledBy,reactome:ProteinReference1429
reactome:SmallMoleculeReference45,abstraction:ConsumptionControlledBy,reactome:ProteinReference147
reactome:SmallMoleculeReference153,abstraction:ConsumptionControlledBy,reactome:ProteinReference246
reactome:SmallMoleculeReference126,abstraction:ConsumptionControlledBy,reactome:ProteinReference1860
reactome:SmallMoleculeReference1264,abstraction:ConsumptionControlledBy,reactome:ProteinReference2138
reactome:SmallMoleculeReference756,abstraction:ConsumptionControlledBy,reactome:ProteinReference1388
reactome:SmallMoleculeReference2554,abstraction:ConsumptionControlledBy,reactome:ProteinReference8439
reactome:SmallMoleculeReference466,abstraction:ConsumptionControlledBy,reactome:ProteinReference6436
reactome:SmallMoleculeReference67,abstraction:ConsumptionControlledBy,reactome:ProteinReference311
reactome:SmallMoleculeReference466,abstraction:ConsumptionControlledBy,reactome:ProteinReference353
reactome:SmallMoleculeReference159,abstraction:ConsumptionControlledBy,reactome:ProteinReference2328
reactome:SmallMoleculeReference212,abstraction:ConsumptionControlledBy,reactome:ProteinReference4362
reactome:SmallMoleculeReference45,abstraction:ConsumptionControlledBy,reactome:ProteinReference7757
reactome:SmallMoleculeReference150,abstraction:ConsumptionControlledBy,reactome:ProteinReference252
reactome:SmallMoleculeReference45,abstraction:ConsumptionControlledBy,reactome:ProteinReference1065
reactome:SmallMoleculeReference1527,abstraction:ConsumptionControlledBy,reactome:ProteinReference2595
reactome:SmallMoleculeReference43,abstraction:ConsumptionControlledBy,reactome:ProteinReference11546
reactome:SmallMoleculeReference478,abstraction:ConsumptionControlledBy,reactome:ProteinReference1036
reactome:SmallMoleculeReference96,abstraction:ConsumptionControlledBy,reactome:ProteinReference10091
reactome:SmallMoleculeReference496,abstraction:ConsumptionControlledBy,reactome:ProteinReference2627
reactome:SmallMoleculeReference169,abstraction:ConsumptionControlledBy,reactome:ProteinReference2436
reactome:SmallMoleculeReference1,abstraction:ConsumptionControlledBy,reactome:ProteinReference156
reactome:SmallMoleculeReference1603,abstraction:ConsumptionControlledBy,reactome:ProteinReference1231
reactome:SmallMoleculeReference2600,abstraction:ConsumptionControlledBy,reactome:ProteinReference8528
reactome:SmallMoleculeReference48,abstraction:ConsumptionControlledBy,reactome:ProteinReference113
reactome:SmallMoleculeReference1145,abstraction:ConsumptionControlledBy,reactome:ProteinReference1816
reactome:SmallMoleculeReference812,abstraction:ConsumptionControlledBy,reactome:ProteinReference1512
reactome:SmallMoleculeReference309,abstraction:ConsumptionControlledBy,reactome:ProteinReference1370
reactome:SmallMoleculeReference120,abstraction:ConsumptionControlledBy,reactome:ProteinReference10640
reactome:SmallMoleculeReference46,abstraction:ConsumptionControlledBy,reactome:ProteinReference6465
reactome:SmallMoleculeReference96,abstraction:ConsumptionControlledBy,reactome:ProteinReference3305
reactome:SmallMoleculeReference141,abstraction:ConsumptionControlledBy,reactome:ProteinReference2535
reactome:SmallMoleculeReference196,abstraction:ConsumptionControlledBy,reactome:ProteinReference309
reactome:SmallMoleculeReference1212,abstraction:ConsumptionControlledBy,reactome:ProteinReference2110
reactome:SmallMoleculeReference209,abstraction:ConsumptionControlledBy,reactome:ProteinReference4066
reactome:SmallMoleculeReference1160,abstraction:ConsumptionControlledBy,reactome:ProteinReference1975
reactome:SmallMoleculeReference466,abstraction:ConsumptionControlledBy,reactome:ProteinReference9867
reactome:SmallMoleculeReference142,abstraction:ConsumptionControlledBy,reactome:ProteinReference4731
reactome:SmallMoleculeReference43,abstraction:ConsumptionControlledBy,reactome:ProteinReference12161
reactome:SmallMoleculeReference96,abstraction:ConsumptionControlledBy,reactome:ProteinReference1106
reactome:SmallMoleculeReference307,abstraction:ConsumptionControlledBy,reactome:ProteinReference1416
reactome:SmallMoleculeReference1305,abstraction:ConsumptionControlledBy,reactome:ProteinReference2413
reactome:SmallMoleculeReference391,abstraction:ConsumptionControlledBy,reactome:ProteinReference851
reactome:SmallMoleculeReference96,abstraction:ConsumptionControlledBy,reactome:ProteinReference5293
reactome:SmallMoleculeReference873,abstraction:ConsumptionControlledBy,reactome:ProteinReference2298
reactome:SmallMoleculeReference131,abstraction:ConsumptionControlledBy,reactome:ProteinReference211
reactome:SmallMoleculeReference66,abstraction:ConsumptionControlledBy,reactome:ProteinReference2591
reactome:SmallMoleculeReference1876,abstraction:ConsumptionControlledBy,reactome:ProteinReference4082
reactome:SmallMoleculeReference187,abstraction:ConsumptionControlledBy,reactome:ProteinReference303
reactome:SmallMoleculeReference96,abstraction:ConsumptionControlledBy,reactome:ProteinReference7598
reactome:SmallMoleculeReference380,abstraction:ConsumptionControlledBy,reactome:ProteinReference844
reactome:SmallMoleculeReference55,abstraction:ConsumptionControlledBy,reactome:ProteinReference145
reactome:SmallMoleculeReference1894,abstraction:ConsumptionControlledBy,reactome:ProteinReference610
reactome:SmallMoleculeReference1390,abstraction:ConsumptionControlledBy,reactome:ProteinReference2345
reactome:SmallMoleculeReference795,abstraction:ConsumptionControlledBy,reactome:ProteinReference1432
reactome:SmallMoleculeReference120,abstraction:ConsumptionControlledBy,reactome:ProteinReference4552
reactome:SmallMoleculeReference2809,abstraction:ConsumptionControlledBy,reactome:ProteinReference2789
reactome:SmallMoleculeReference1462,abstraction:ConsumptionControlledBy,reactome:ProteinReference2409
reactome:SmallMoleculeReference2599,abstraction:ConsumptionControlledBy,reactome:ProteinReference8523
reactome:SmallMoleculeReference1171,abstraction:ConsumptionControlledBy,reactome:ProteinReference2064
reactome:SmallMoleculeReference159,abstraction:ConsumptionControlledBy,reactome:ProteinReference2435
reactome:SmallMoleculeReference466,abstraction:ConsumptionControlledBy,reactome:ProteinReference5785
reactome:SmallMoleculeReference96,abstraction:ConsumptionControlledBy,reactome:ProteinReference2799
reactome:SmallMoleculeReference708,abstraction:ConsumptionControlledBy,reactome:ProteinReference1290
reactome:SmallMoleculeReference16,abstraction:ConsumptionControlledBy,reactome:ProteinReference147
reactome:SmallMoleculeReference42,abstraction:ConsumptionControlledBy,reactome:ProteinReference1210
reactome:SmallMoleculeReference139,abstraction:ConsumptionControlledBy,reactome:ProteinReference263
reactome:SmallMoleculeReference364,abstraction:ConsumptionControlledBy,reactome:ProteinReference10352
reactome:SmallMoleculeReference96,abstraction:ConsumptionControlledBy,reactome:ProteinReference9075
reactome:SmallMoleculeReference2601,abstraction:ConsumptionControlledBy,reactome:ProteinReference8579
reactome:SmallMoleculeReference49,abstraction:ConsumptionControlledBy,reactome:ProteinReference8431
reactome:SmallMoleculeReference1574,abstraction:ConsumptionControlledBy,reactome:ProteinReference2627
reactome:SmallMoleculeReference110,abstraction:ConsumptionControlledBy,reactome:ProteinReference192
reactome:SmallMoleculeReference466,abstraction:ConsumptionControlledBy,reactome:ProteinReference5598
reactome:SmallMoleculeReference1572,abstraction:ConsumptionControlledBy,reactome:ProteinReference2625
reactome:SmallMoleculeReference43,abstraction:ConsumptionControlledBy,reactome:ProteinReference461
reactome:SmallMoleculeReference1464,abstraction:ConsumptionControlledBy,reactome:ProteinReference2358
reactome:SmallMoleculeReference46,abstraction:ConsumptionControlledBy,reactome:ProteinReference6279
reactome:SmallMoleculeReference1559,abstraction:ConsumptionControlledBy,reactome:ProteinReference2681
reactome:SmallMoleculeReference2601,abstraction:ConsumptionControlledBy,reactome:ProteinReference2807
reactome:SmallMoleculeReference1693,abstraction:ConsumptionControlledBy,reactome:ProteinReference2709
reactome:SmallMoleculeReference940,abstraction:ConsumptionControlledBy,reactome:ProteinReference1210
reactome:SmallMoleculeReference99,abstraction:ConsumptionControlledBy,reactome:ProteinReference1052
reactome:SmallMoleculeReference598,abstraction:ConsumptionControlledBy,reactome:ProteinReference1135
reactome:SmallMoleculeReference2559,abstraction:ConsumptionControlledBy,reactome:ProteinReference8449
reactome:SmallMoleculeReference496,abstraction:ConsumptionControlledBy,reactome:ProteinReference1253
reactome:SmallMoleculeReference359,abstraction:ConsumptionControlledBy,reactome:ProteinReference815
reactome:SmallMoleculeReference2101,abstraction:ConsumptionControlledBy,reactome:ProteinReference83
reactome:SmallMoleculeReference569,abstraction:ConsumptionControlledBy,reactome:ProteinReference2744
reactome:SmallMoleculeReference355,abstraction:ConsumptionControlledBy,reactome:ProteinReference821
reactome:SmallMoleculeReference16,abstraction:ConsumptionControlledBy,reactome:ProteinReference154
reactome:SmallMoleculeReference45,abstraction:ConsumptionControlledBy,reactome:ProteinReference466
reactome:SmallMoleculeReference466,abstraction:ConsumptionControlledBy,reactome:ProteinReference5860
reactome:SmallMoleculeReference96,abstraction:ConsumptionControlledBy,reactome:ProteinReference10572
reactome:SmallMoleculeReference1216,abstraction:ConsumptionControlledBy,reactome:ProteinReference2161
reactome:SmallMoleculeReference7,abstraction:ConsumptionControlledBy,reactome:ProteinReference5203
reactome:SmallMoleculeReference2584,abstraction:ConsumptionControlledBy,reactome:ProteinReference8442
reactome:SmallMoleculeReference957,abstraction:ConsumptionControlledBy,reactome:ProteinReference1065
reactome:SmallMoleculeReference46,abstraction:ConsumptionControlledBy,reactome:ProteinReference5343
reactome:SmallMoleculeReference2601,abstraction:ConsumptionControlledBy,reactome:ProteinReference5708
reactome:SmallMoleculeReference2101,abstraction:ConsumptionControlledBy,reactome:ProteinReference67
reactome:SmallMoleculeReference496,abstraction:ConsumptionControlledBy,reactome:ProteinReference2635
reactome:SmallMoleculeReference333,abstraction:ConsumptionControlledBy,reactome:ProteinReference713
reactome:SmallMoleculeReference1425,abstraction:ConsumptionControlledBy,reactome:ProteinReference2382
reactome:SmallMoleculeReference1870,abstraction:ConsumptionControlledBy,reactome:ProteinReference901
reactome:SmallMoleculeReference152,abstraction:ConsumptionControlledBy,reactome:ProteinReference233
reactome:SmallMoleculeReference96,abstraction:ConsumptionControlledBy,reactome:ProteinReference7502
reactome:SmallMoleculeReference46,abstraction:ConsumptionControlledBy,reactome:ProteinReference101
reactome:SmallMoleculeReference207,abstraction:ConsumptionControlledBy,reactome:ProteinReference3388
reactome:SmallMoleculeReference131,abstraction:ConsumptionControlledBy,reactome:ProteinReference743
reactome:SmallMoleculeReference809,abstraction:ConsumptionControlledBy,reactome:ProteinReference8391
reactome:SmallMoleculeReference342,abstraction:ConsumptionControlledBy,reactome:ProteinReference56
reactome:SmallMoleculeReference1363,abstraction:ConsumptionControlledBy,reactome:ProteinReference2377
reactome:SmallMoleculeReference2564,abstraction:ConsumptionControlledBy,reactome:ProteinReference8485
reactome:SmallMoleculeReference1717,abstraction:ConsumptionControlledBy,reactome:ProteinReference2737
reactome:SmallMoleculeReference1220,abstraction:ConsumptionControlledBy,reactome:ProteinReference2101
reactome:SmallMoleculeReference600,abstraction:ConsumptionControlledBy,reactome:ProteinReference1229
reactome:SmallMoleculeReference1765,abstraction:ConsumptionControlledBy,reactome:ProteinReference27
reactome:SmallMoleculeReference46,abstraction:ConsumptionControlledBy,reactome:ProteinReference639
reactome:SmallMoleculeReference106,abstraction:ConsumptionControlledBy,reactome:ProteinReference191
reactome:SmallMoleculeReference298,abstraction:ConsumptionControlledBy,reactome:ProteinReference11161
reactome:SmallMoleculeReference296,abstraction:ConsumptionControlledBy,reactome:ProteinReference618
reactome:SmallMoleculeReference342,abstraction:ConsumptionControlledBy,reactome:ProteinReference6360
reactome:SmallMoleculeReference6,abstraction:ConsumptionControlledBy,reactome:ProteinReference653
reactome:SmallMoleculeReference2601,abstraction:ConsumptionControlledBy,reactome:ProteinReference10633
reactome:SmallMoleculeReference203,abstraction:ConsumptionControlledBy,reactome:ProteinReference4567
reactome:SmallMoleculeReference1554,abstraction:ConsumptionControlledBy,reactome:ProteinReference1134
reactome:SmallMoleculeReference359,abstraction:ConsumptionControlledBy,reactome:ProteinReference4059
reactome:SmallMoleculeReference119,abstraction:ConsumptionControlledBy,reactome:ProteinReference5540
reactome:SmallMoleculeReference309,abstraction:ConsumptionControlledBy,reactome:ProteinReference1373
reactome:SmallMoleculeReference2601,abstraction:ConsumptionControlledBy,reactome:ProteinReference9768
reactome:SmallMoleculeReference116,abstraction:ConsumptionControlledBy,reactome:ProteinReference203
reactome:SmallMoleculeReference203,abstraction:ConsumptionControlledBy,reactome:ProteinReference4410
reactome:SmallMoleculeReference135,abstraction:ConsumptionControlledBy,reactome:ProteinReference218
reactome:SmallMoleculeReference653,abstraction:ConsumptionControlledBy,reactome:ProteinReference1393
reactome:SmallMoleculeReference302,abstraction:ConsumptionControlledBy,reactome:ProteinReference2652
reactome:SmallMoleculeReference566,abstraction:ConsumptionControlledBy,reactome:ProteinReference1213
reactome:SmallMoleculeReference1753,abstraction:ConsumptionControlledBy,reactome:ProteinReference3302
reactome:SmallMoleculeReference45,abstraction:ConsumptionControlledBy,reactome:ProteinReference162
reactome:SmallMoleculeReference1822,abstraction:ConsumptionControlledBy,reactome:ProteinReference2672
reactome:SmallMoleculeReference307,abstraction:ConsumptionControlledBy,reactome:ProteinReference1448
reactome:SmallMoleculeReference1571,abstraction:ConsumptionControlledBy,reactome:ProteinReference1255
reactome:SmallMoleculeReference221,abstraction:ConsumptionControlledBy,reactome:ProteinReference1178
reactome:SmallMoleculeReference7,abstraction:ConsumptionControlledBy,reactome:ProteinReference1501
reactome:SmallMoleculeReference148,abstraction:ConsumptionControlledBy,reactome:ProteinReference253
reactome:SmallMoleculeReference46,abstraction:ConsumptionControlledBy,reactome:ProteinReference578
reactome:SmallMoleculeReference2581,abstraction:ConsumptionControlledBy,reactome:ProteinReference8443
reactome:SmallMoleculeReference15,abstraction:ConsumptionControlledBy,reactome:ProteinReference211
reactome:SmallMoleculeReference1721,abstraction:ConsumptionControlledBy,reactome:ProteinReference979
reactome:SmallMoleculeReference466,abstraction:ConsumptionControlledBy,reactome:ProteinReference5865
reactome:SmallMoleculeReference1025,abstraction:ConsumptionControlledBy,reactome:ProteinReference1218
reactome:SmallMoleculeReference73,abstraction:ConsumptionControlledBy,reactome:ProteinReference2578
reactome:SmallMoleculeReference6,abstraction:ConsumptionControlledBy,reactome:ProteinReference1052
reactome:SmallMoleculeReference147,abstraction:ConsumptionControlledBy,reactome:ProteinReference253
reactome:SmallMoleculeReference466,abstraction:ConsumptionControlledBy,reactome:ProteinReference5804
reactome:SmallMoleculeReference141,abstraction:ConsumptionControlledBy,reactome:ProteinReference231
reactome:SmallMoleculeReference1872,abstraction:ConsumptionControlledBy,reactome:ProteinReference4081
reactome:SmallMoleculeReference189,abstraction:ConsumptionControlledBy,reactome:ProteinReference305
reactome:SmallMoleculeReference1580,abstraction:ConsumptionControlledBy,reactome:ProteinReference2644
reactome:SmallMoleculeReference71,abstraction:ConsumptionControlledBy,reactome:ProteinReference171
reactome:SmallMoleculeReference1218,abstraction:ConsumptionControlledBy,reactome:ProteinReference11304
reactome:SmallMoleculeReference192,abstraction:ConsumptionControlledBy,reactome:ProteinReference306
reactome:SmallMoleculeReference66,abstraction:ConsumptionControlledBy,reactome:ProteinReference347
reactome:SmallMoleculeReference915,abstraction:ConsumptionControlledBy,reactome:ProteinReference1675
reactome:SmallMoleculeReference710,abstraction:ConsumptionControlledBy,reactome:ProteinReference1084
reactome:SmallMoleculeReference203,abstraction:ConsumptionControlledBy,reactome:ProteinReference9028
reactome:SmallMoleculeReference8,abstraction:ConsumptionControlledBy,reactome:ProteinReference1757
reactome:SmallMoleculeReference1160,abstraction:ConsumptionControlledBy,reactome:ProteinReference1880
reactome:SmallMoleculeReference68,abstraction:ConsumptionControlledBy,reactome:ProteinReference311
reactome:SmallMoleculeReference8,abstraction:ConsumptionControlledBy,reactome:ProteinReference1756
reactome:SmallMoleculeReference747,abstraction:ConsumptionControlledBy,reactome:ProteinReference1346
reactome:SmallMoleculeReference46,abstraction:ConsumptionControlledBy,reactome:ProteinReference576
reactome:SmallMoleculeReference203,abstraction:ConsumptionControlledBy,reactome:ProteinReference9000
reactome:SmallMoleculeReference344,abstraction:ConsumptionControlledBy,reactome:ProteinReference717
reactome:SmallMoleculeReference345,abstraction:ConsumptionControlledBy,reactome:ProteinReference719
reactome:SmallMoleculeReference135,abstraction:ConsumptionControlledBy,reactome:ProteinReference1752
reactome:SmallMoleculeReference1686,abstraction:ConsumptionControlledBy,reactome:ProteinReference2708
reactome:SmallMoleculeReference43,abstraction:ConsumptionControlledBy,reactome:ProteinReference12075
reactome:SmallMoleculeReference45,abstraction:ConsumptionControlledBy,reactome:ProteinReference99
reactome:SmallMoleculeReference1306,abstraction:ConsumptionControlledBy,reactome:ProteinReference2252
reactome:SmallMoleculeReference737,abstraction:ConsumptionControlledBy,reactome:ProteinReference1325
reactome:SmallMoleculeReference43,abstraction:ConsumptionControlledBy,reactome:ProteinReference5547
reactome:SmallMoleculeReference120,abstraction:ConsumptionControlledBy,reactome:ProteinReference4551
reactome:SmallMoleculeReference209,abstraction:ConsumptionControlledBy,reactome:ProteinReference4089
reactome:SmallMoleculeReference302,abstraction:ConsumptionControlledBy,reactome:ProteinReference2342
reactome:SmallMoleculeReference201,abstraction:ConsumptionControlledBy,reactome:ProteinReference2126
reactome:SmallMoleculeReference1180,abstraction:ConsumptionControlledBy,reactome:ProteinReference2073
reactome:SmallMoleculeReference144,abstraction:ConsumptionControlledBy,reactome:ProteinReference2432
reactome:SmallMoleculeReference43,abstraction:ConsumptionControlledBy,reactome:ProteinReference11563
reactome:SmallMoleculeReference1241,abstraction:ConsumptionControlledBy,reactome:ProteinReference2144
reactome:SmallMoleculeReference1414,abstraction:ConsumptionControlledBy,reactome:ProteinReference2368
reactome:SmallMoleculeReference169,abstraction:ConsumptionControlledBy,reactome:ProteinReference3668
reactome:SmallMoleculeReference356,abstraction:ConsumptionControlledBy,reactome:ProteinReference755
reactome:SmallMoleculeReference913,abstraction:ConsumptionControlledBy,reactome:ProteinReference1674
reactome:SmallMoleculeReference1177,abstraction:ConsumptionControlledBy,reactome:ProteinReference2135
reactome:SmallMoleculeReference980,abstraction:ConsumptionControlledBy,reactome:ProteinReference1719
reactome:SmallMoleculeReference154,abstraction:ConsumptionControlledBy,reactome:ProteinReference246
reactome:SmallMoleculeReference46,abstraction:ConsumptionControlledBy,reactome:ProteinReference11434
reactome:SmallMoleculeReference66,abstraction:ConsumptionControlledBy,reactome:ProteinReference2594
reactome:SmallMoleculeReference659,abstraction:ConsumptionControlledBy,reactome:ProteinReference1254
reactome:SmallMoleculeReference45,abstraction:ConsumptionControlledBy,reactome:ProteinReference138
reactome:SmallMoleculeReference46,abstraction:ConsumptionControlledBy,reactome:ProteinReference5553
reactome:SmallMoleculeReference8,abstraction:ConsumptionControlledBy,reactome:ProteinReference1393
reactome:SmallMoleculeReference834,abstraction:ConsumptionControlledBy,reactome:ProteinReference1633
reactome:SmallMoleculeReference1316,abstraction:ConsumptionControlledBy,reactome:ProteinReference2247
reactome:SmallMoleculeReference149,abstraction:ConsumptionControlledBy,reactome:ProteinReference233
reactome:SmallMoleculeReference1373,abstraction:ConsumptionControlledBy,reactome:ProteinReference2306
reactome:SmallMoleculeReference122,abstraction:ConsumptionControlledBy,reactome:ProteinReference216
reactome:SmallMoleculeReference344,abstraction:ConsumptionControlledBy,reactome:ProteinReference718
reactome:SmallMoleculeReference196,abstraction:ConsumptionControlledBy,reactome:ProteinReference2112
reactome:SmallMoleculeReference466,abstraction:ConsumptionControlledBy,reactome:ProteinReference1504
reactome:SmallMoleculeReference1488,abstraction:ConsumptionControlledBy,reactome:ProteinReference2381
reactome:SmallMoleculeReference2601,abstraction:ConsumptionControlledBy,reactome:ProteinReference8570
reactome:SmallMoleculeReference1629,abstraction:ConsumptionControlledBy,reactome:ProteinReference2655
reactome:SmallMoleculeReference466,abstraction:ConsumptionControlledBy,reactome:ProteinReference6732
reactome:SmallMoleculeReference203,abstraction:ConsumptionControlledBy,reactome:ProteinReference7589
reactome:SmallMoleculeReference43,abstraction:ConsumptionControlledBy,reactome:ProteinReference11488
reactome:SmallMoleculeReference139,abstraction:ConsumptionControlledBy,reactome:ProteinReference2557
reactome:SmallMoleculeReference446,abstraction:ConsumptionControlledBy,reactome:ProteinReference893
reactome:SmallMoleculeReference715,abstraction:ConsumptionControlledBy,reactome:ProteinReference1300
reactome:SmallMoleculeReference213,abstraction:ConsumptionControlledBy,reactome:ProteinReference998
reactome:SmallMoleculeReference1432,abstraction:ConsumptionControlledBy,reactome:ProteinReference2399
reactome:SmallMoleculeReference354,abstraction:ConsumptionControlledBy,reactome:ProteinReference749
reactome:SmallMoleculeReference96,abstraction:ConsumptionControlledBy,reactome:ProteinReference7861
reactome:SmallMoleculeReference191,abstraction:ConsumptionControlledBy,reactome:ProteinReference2132
reactome:SmallMoleculeReference693,abstraction:ConsumptionControlledBy,reactome:ProteinReference1279
reactome:SmallMoleculeReference2601,abstraction:ConsumptionControlledBy,reactome:ProteinReference8574
reactome:SmallMoleculeReference120,abstraction:ConsumptionControlledBy,reactome:ProteinReference2309
reactome:SmallMoleculeReference79,abstraction:ConsumptionControlledBy,reactome:ProteinReference200
reactome:SmallMoleculeReference46,abstraction:ConsumptionControlledBy,reactome:ProteinReference450
reactome:SmallMoleculeReference995,abstraction:ConsumptionControlledBy,reactome:ProteinReference1729
reactome:SmallMoleculeReference1930,abstraction:ConsumptionControlledBy,reactome:ProteinReference4796
reactome:SmallMoleculeReference203,abstraction:ConsumptionControlledBy,reactome:ProteinReference1264
reactome:SmallMoleculeReference1160,abstraction:ConsumptionControlledBy,reactome:ProteinReference1876
reactome:SmallMoleculeReference46,abstraction:ConsumptionControlledBy,reactome:ProteinReference6295
reactome:SmallMoleculeReference1587,abstraction:ConsumptionControlledBy,reactome:ProteinReference1256
reactome:SmallMoleculeReference466,abstraction:ConsumptionControlledBy,reactome:ProteinReference6698
reactome:SmallMoleculeReference98,abstraction:ConsumptionControlledBy,reactome:ProteinReference1691
reactome:SmallMoleculeReference45,abstraction:ConsumptionControlledBy,reactome:ProteinReference230
reactome:SmallMoleculeReference466,abstraction:ConsumptionControlledBy,reactome:ProteinReference1005
reactome:SmallMoleculeReference1559,abstraction:ConsumptionControlledBy,reactome:ProteinReference2690
reactome:SmallMoleculeReference195,abstraction:ConsumptionControlledBy,reactome:ProteinReference309
reactome:SmallMoleculeReference2559,abstraction:ConsumptionControlledBy,reactome:ProteinReference8468
reactome:SmallMoleculeReference150,abstraction:ConsumptionControlledBy,reactome:ProteinReference232
reactome:SmallMoleculeReference96,abstraction:ConsumptionControlledBy,reactome:ProteinReference3336
reactome:SmallMoleculeReference120,abstraction:ConsumptionControlledBy,reactome:ProteinReference3400
reactome:SmallMoleculeReference659,abstraction:ConsumptionControlledBy,reactome:ProteinReference1753
reactome:SmallMoleculeReference1035,abstraction:ConsumptionControlledBy,reactome:ProteinReference1227
reactome:SmallMoleculeReference676,abstraction:ConsumptionControlledBy,reactome:ProteinReference1811
reactome:SmallMoleculeReference653,abstraction:ConsumptionControlledBy,reactome:ProteinReference1485
reactome:SmallMoleculeReference198,abstraction:ConsumptionControlledBy,reactome:ProteinReference2121
reactome:SmallMoleculeReference660,abstraction:ConsumptionControlledBy,reactome:ProteinReference1259
reactome:SmallMoleculeReference397,abstraction:ConsumptionControlledBy,reactome:ProteinReference1864
reactome:SmallMoleculeReference1428,abstraction:ConsumptionControlledBy,reactome:ProteinReference2385
reactome:SmallMoleculeReference744,abstraction:ConsumptionControlledBy,reactome:ProteinReference1810
reactome:SmallMoleculeReference77,abstraction:ConsumptionControlledBy,reactome:ProteinReference170
reactome:SmallMoleculeReference150,abstraction:ConsumptionControlledBy,reactome:ProteinReference263
reactome:SmallMoleculeReference694,abstraction:ConsumptionControlledBy,reactome:ProteinReference1275
reactome:SmallMoleculeReference1564,abstraction:ConsumptionControlledBy,reactome:ProteinReference2630
reactome:SmallMoleculeReference1260,abstraction:ConsumptionControlledBy,reactome:ProteinReference2166
reactome:SmallMoleculeReference1160,abstraction:ConsumptionControlledBy,reactome:ProteinReference1962
reactome:SmallMoleculeReference2601,abstraction:ConsumptionControlledBy,reactome:ProteinReference9767
reactome:SmallMoleculeReference921,abstraction:ConsumptionControlledBy,reactome:ProteinReference1678
reactome:SmallMoleculeReference203,abstraction:ConsumptionControlledBy,reactome:ProteinReference6161
reactome:SmallMoleculeReference427,abstraction:ConsumptionControlledBy,reactome:ProteinReference870
reactome:SmallMoleculeReference209,abstraction:ConsumptionControlledBy,reactome:ProteinReference1592
reactome:SmallMoleculeReference342,abstraction:ConsumptionControlledBy,reactome:ProteinReference6439
reactome:SmallMoleculeReference1348,abstraction:ConsumptionControlledBy,reactome:ProteinReference2278
reactome:SmallMoleculeReference1923,abstraction:ConsumptionControlledBy,reactome:ProteinReference4322
reactome:SmallMoleculeReference1503,abstraction:ConsumptionControlledBy,reactome:ProteinReference223
reactome:SmallMoleculeReference2601,abstraction:ConsumptionControlledBy,reactome:ProteinReference8573
reactome:SmallMoleculeReference96,abstraction:ConsumptionControlledBy,reactome:ProteinReference2804
reactome:SmallMoleculeReference2687,abstraction:ConsumptionControlledBy,reactome:ProteinReference9232
reactome:SmallMoleculeReference394,abstraction:ConsumptionControlledBy,reactome:ProteinReference2592
reactome:SmallMoleculeReference232,abstraction:ConsumptionControlledBy,reactome:ProteinReference7415
reactome:SmallMoleculeReference1160,abstraction:ConsumptionControlledBy,reactome:ProteinReference1898
reactome:SmallMoleculeReference104,abstraction:ConsumptionControlledBy,reactome:ProteinReference188
reactome:SmallMoleculeReference96,abstraction:ConsumptionControlledBy,reactome:ProteinReference9952
reactome:SmallMoleculeReference135,abstraction:ConsumptionControlledBy,reactome:ProteinReference2678
reactome:SmallMoleculeReference2591,abstraction:ConsumptionControlledBy,reactome:ProteinReference8515
reactome:SmallMoleculeReference566,abstraction:ConsumptionControlledBy,reactome:ProteinReference1210
reactome:SmallMoleculeReference1427,abstraction:ConsumptionControlledBy,reactome:ProteinReference2384
reactome:SmallMoleculeReference45,abstraction:ConsumptionControlledBy,reactome:ProteinReference307
reactome:SmallMoleculeReference223,abstraction:ConsumptionControlledBy,reactome:ProteinReference327
reactome:SmallMoleculeReference45,abstraction:ConsumptionControlledBy,reactome:ProteinReference106
reactome:SmallMoleculeReference43,abstraction:ConsumptionControlledBy,reactome:ProteinReference3519
reactome:SmallMoleculeReference53,abstraction:ConsumptionControlledBy,reactome:ProteinReference131
reactome:SmallMoleculeReference16,abstraction:ConsumptionControlledBy,reactome:ProteinReference230
reactome:SmallMoleculeReference1254,abstraction:ConsumptionControlledBy,reactome:ProteinReference2143
reactome:SmallMoleculeReference2101,abstraction:ConsumptionControlledBy,reactome:ProteinReference71
reactome:SmallMoleculeReference312,abstraction:ConsumptionControlledBy,reactome:ProteinReference1626
reactome:SmallMoleculeReference46,abstraction:ConsumptionControlledBy,reactome:ProteinReference12087
reactome:SmallMoleculeReference203,abstraction:ConsumptionControlledBy,reactome:ProteinReference10560
reactome:SmallMoleculeReference574,abstraction:ConsumptionControlledBy,reactome:ProteinReference1755
reactome:SmallMoleculeReference1857,abstraction:ConsumptionControlledBy,reactome:ProteinReference4051
reactome:SmallMoleculeReference156,abstraction:ConsumptionControlledBy,reactome:ProteinReference232
reactome:SmallMoleculeReference120,abstraction:ConsumptionControlledBy,reactome:ProteinReference9042
reactome:SmallMoleculeReference97,abstraction:ConsumptionControlledBy,reactome:ProteinReference1691
reactome:SmallMoleculeReference100,abstraction:ConsumptionControlledBy,reactome:ProteinReference1679
reactome:SmallMoleculeReference961,abstraction:ConsumptionControlledBy,reactome:ProteinReference1705
reactome:SmallMoleculeReference203,abstraction:ConsumptionControlledBy,reactome:ProteinReference6101
reactome:SmallMoleculeReference96,abstraction:ConsumptionControlledBy,reactome:ProteinReference10181
reactome:SmallMoleculeReference689,abstraction:ConsumptionControlledBy,reactome:ProteinReference1279
reactome:SmallMoleculeReference2601,abstraction:ConsumptionControlledBy,reactome:ProteinReference10666
reactome:SmallMoleculeReference466,abstraction:ConsumptionControlledBy,reactome:ProteinReference5783
reactome:SmallMoleculeReference2645,abstraction:ConsumptionControlledBy,reactome:ProteinReference5709
reactome:SmallMoleculeReference43,abstraction:ConsumptionControlledBy,reactome:ProteinReference12080
reactome:SmallMoleculeReference1883,abstraction:ConsumptionControlledBy,reactome:ProteinReference4091
reactome:SmallMoleculeReference79,abstraction:ConsumptionControlledBy,reactome:ProteinReference170
reactome:SmallMoleculeReference120,abstraction:ConsumptionControlledBy,reactome:ProteinReference3395
reactome:SmallMoleculeReference211,abstraction:ConsumptionControlledBy,reactome:ProteinReference2697
reactome:SmallMoleculeReference1560,abstraction:ConsumptionControlledBy,reactome:ProteinReference2628
reactome:SmallMoleculeReference174,abstraction:ConsumptionControlledBy,reactome:ProteinReference290
reactome:SmallMoleculeReference466,abstraction:ConsumptionControlledBy,reactome:ProteinReference6756
reactome:SmallMoleculeReference1580,abstraction:ConsumptionControlledBy,reactome:ProteinReference2629
reactome:SmallMoleculeReference342,abstraction:ConsumptionControlledBy,reactome:ProteinReference58
reactome:SmallMoleculeReference54,abstraction:ConsumptionControlledBy,reactome:ProteinReference8912
reactome:SmallMoleculeReference2601,abstraction:ConsumptionControlledBy,reactome:ProteinReference10625
reactome:SmallMoleculeReference1573,abstraction:ConsumptionControlledBy,reactome:ProteinReference1755
reactome:SmallMoleculeReference1912,abstraction:ConsumptionControlledBy,reactome:ProteinReference4262
reactome:SmallMoleculeReference65,abstraction:ConsumptionControlledBy,reactome:ProteinReference155
reactome:SmallMoleculeReference302,abstraction:ConsumptionControlledBy,reactome:ProteinReference11373
reactome:SmallMoleculeReference1818,abstraction:ConsumptionControlledBy,reactome:ProteinReference2672
reactome:SmallMoleculeReference391,abstraction:ConsumptionControlledBy,reactome:ProteinReference2103
reactome:SmallMoleculeReference120,abstraction:ConsumptionControlledBy,reactome:ProteinReference5240
reactome:SmallMoleculeReference804,abstraction:ConsumptionControlledBy,reactome:ProteinReference1468
reactome:SmallMoleculeReference301,abstraction:ConsumptionControlledBy,reactome:ProteinReference7743
reactome:SmallMoleculeReference1421,abstraction:ConsumptionControlledBy,reactome:ProteinReference2378
reactome:SmallMoleculeReference46,abstraction:ConsumptionControlledBy,reactome:ProteinReference10930
reactome:SmallMoleculeReference96,abstraction:ConsumptionControlledBy,reactome:ProteinReference8885
reactome:SmallMoleculeReference895,abstraction:ConsumptionControlledBy,reactome:ProteinReference1659
reactome:SmallMoleculeReference942,abstraction:ConsumptionControlledBy,reactome:ProteinReference1678
reactome:SmallMoleculeReference262,abstraction:ConsumptionControlledBy,reactome:ProteinReference484
reactome:SmallMoleculeReference1,abstraction:ConsumptionControlledBy,reactome:ProteinReference154
reactome:SmallMoleculeReference1800,abstraction:ConsumptionControlledBy,reactome:ProteinReference25
reactome:SmallMoleculeReference1219,abstraction:ConsumptionControlledBy,reactome:ProteinReference2102
reactome:SmallMoleculeReference1930,abstraction:ConsumptionControlledBy,reactome:ProteinReference4832
reactome:SmallMoleculeReference658,abstraction:ConsumptionControlledBy,reactome:ProteinReference1289
reactome:SmallMoleculeReference487,abstraction:ConsumptionControlledBy,reactome:ProteinReference1034
reactome:SmallMoleculeReference1889,abstraction:ConsumptionControlledBy,reactome:ProteinReference4096
reactome:SmallMoleculeReference1716,abstraction:ConsumptionControlledBy,reactome:ProteinReference2742
reactome:SmallMoleculeReference613,abstraction:ConsumptionControlledBy,reactome:ProteinReference2100
reactome:SmallMoleculeReference149,abstraction:ConsumptionControlledBy,reactome:ProteinReference2415
reactome:SmallMoleculeReference215,abstraction:ConsumptionControlledBy,reactome:ProteinReference854
reactome:SmallMoleculeReference43,abstraction:ConsumptionControlledBy,reactome:ProteinReference8057
reactome:SmallMoleculeReference2425,abstraction:ConsumptionControlledBy,reactome:ProteinReference7562
reactome:SmallMoleculeReference715,abstraction:ConsumptionControlledBy,reactome:ProteinReference1328
reactome:SmallMoleculeReference342,abstraction:ConsumptionControlledBy,reactome:ProteinReference697
reactome:SmallMoleculeReference157,abstraction:ConsumptionControlledBy,reactome:ProteinReference3659
reactome:SmallMoleculeReference967,abstraction:ConsumptionControlledBy,reactome:ProteinReference1708
reactome:SmallMoleculeReference45,abstraction:ConsumptionControlledBy,reactome:ProteinReference163
reactome:SmallMoleculeReference43,abstraction:ConsumptionControlledBy,reactome:ProteinReference12044
reactome:SmallMoleculeReference66,abstraction:ConsumptionControlledBy,reactome:ProteinReference169
reactome:SmallMoleculeReference203,abstraction:ConsumptionControlledBy,reactome:ProteinReference7826
reactome:SmallMoleculeReference296,abstraction:ConsumptionControlledBy,reactome:ProteinReference2332
reactome:SmallMoleculeReference75,abstraction:ConsumptionControlledBy,reactome:ProteinReference180
reactome:SmallMoleculeReference156,abstraction:ConsumptionControlledBy,reactome:ProteinReference2381
reactome:SmallMoleculeReference46,abstraction:ConsumptionControlledBy,reactome:ProteinReference12102
reactome:SmallMoleculeReference309,abstraction:ConsumptionControlledBy,reactome:ProteinReference1205
reactome:SmallMoleculeReference120,abstraction:ConsumptionControlledBy,reactome:ProteinReference3405
reactome:SmallMoleculeReference16,abstraction:ConsumptionControlledBy,reactome:ProteinReference347
reactome:SmallMoleculeReference205,abstraction:ConsumptionControlledBy,reactome:ProteinReference2089
reactome:SmallMoleculeReference342,abstraction:ConsumptionControlledBy,reactome:ProteinReference1
reactome:SmallMoleculeReference137,abstraction:ConsumptionControlledBy,reactome:ProteinReference1877
reactome:SmallMoleculeReference1152,abstraction:ConsumptionControlledBy,reactome:ProteinReference2358
reactome:SmallMoleculeReference148,abstraction:ConsumptionControlledBy,reactome:ProteinReference232
reactome:SmallMoleculeReference54,abstraction:ConsumptionControlledBy,reactome:ProteinReference603
reactome:SmallMoleculeReference120,abstraction:ConsumptionControlledBy,reactome:ProteinReference7920
reactome:SmallMoleculeReference120,abstraction:ConsumptionControlledBy,reactome:ProteinReference9047
reactome:SmallMoleculeReference371,abstraction:ConsumptionControlledBy,reactome:ProteinReference831
reactome:SmallMoleculeReference2601,abstraction:ConsumptionControlledBy,reactome:ProteinReference8338
reactome:SmallMoleculeReference466,abstraction:ConsumptionControlledBy,reactome:ProteinReference1544
reactome:SmallMoleculeReference574,abstraction:ConsumptionControlledBy,reactome:ProteinReference1226
reactome:SmallMoleculeReference710,abstraction:ConsumptionControlledBy,reactome:ProteinReference1749
reactome:SmallMoleculeReference1285,abstraction:ConsumptionControlledBy,reactome:ProteinReference2188
reactome:SmallMoleculeReference1886,abstraction:ConsumptionControlledBy,reactome:ProteinReference4093
reactome:SmallMoleculeReference150,abstraction:ConsumptionControlledBy,reactome:ProteinReference2390
reactome:SmallMoleculeReference466,abstraction:ConsumptionControlledBy,reactome:ProteinReference9868
reactome:SmallMoleculeReference140,abstraction:ConsumptionControlledBy,reactome:ProteinReference2431
reactome:SmallMoleculeReference149,abstraction:ConsumptionControlledBy,reactome:ProteinReference1891
reactome:SmallMoleculeReference1327,abstraction:ConsumptionControlledBy,reactome:ProteinReference2260
reactome:SmallMoleculeReference45,abstraction:ConsumptionControlledBy,reactome:ProteinReference12158
reactome:SmallMoleculeReference215,abstraction:ConsumptionControlledBy,reactome:ProteinReference2683
reactome:SmallMoleculeReference466,abstraction:ConsumptionControlledBy,reactome:ProteinReference5859
reactome:SmallMoleculeReference1564,abstraction:ConsumptionControlledBy,reactome:ProteinReference2625
reactome:SmallMoleculeReference2645,abstraction:ConsumptionControlledBy,reactome:ProteinReference3713
reactome:SmallMoleculeReference1265,abstraction:ConsumptionControlledBy,reactome:ProteinReference2138
reactome:SmallMoleculeReference714,abstraction:ConsumptionControlledBy,reactome:ProteinReference1301
reactome:SmallMoleculeReference1591,abstraction:ConsumptionControlledBy,reactome:ProteinReference2632
reactome:SmallMoleculeReference54,abstraction:ConsumptionControlledBy,reactome:ProteinReference604
reactome:SmallMoleculeReference120,abstraction:ConsumptionControlledBy,reactome:ProteinReference3950
reactome:SmallMoleculeReference2645,abstraction:ConsumptionControlledBy,reactome:ProteinReference609
reactome:SmallMoleculeReference2687,abstraction:ConsumptionControlledBy,reactome:ProteinReference8834
reactome:SmallMoleculeReference1609,abstraction:ConsumptionControlledBy,reactome:ProteinReference2640
reactome:SmallMoleculeReference46,abstraction:ConsumptionControlledBy,reactome:ProteinReference12050
reactome:SmallMoleculeReference2427,abstraction:ConsumptionControlledBy,reactome:ProteinReference12047
reactome:SmallMoleculeReference367,abstraction:ConsumptionControlledBy,reactome:ProteinReference828
reactome:SmallMoleculeReference139,abstraction:ConsumptionControlledBy,reactome:ProteinReference2426
reactome:SmallMoleculeReference466,abstraction:ConsumptionControlledBy,reactome:ProteinReference8245
reactome:SmallMoleculeReference466,abstraction:ConsumptionControlledBy,reactome:ProteinReference5522
reactome:SmallMoleculeReference103,abstraction:ConsumptionControlledBy,reactome:ProteinReference26
reactome:SmallMoleculeReference230,abstraction:ConsumptionControlledBy,reactome:ProteinReference1334
reactome:SmallMoleculeReference1822,abstraction:ConsumptionControlledBy,reactome:ProteinReference2684
reactome:SmallMoleculeReference812,abstraction:ConsumptionControlledBy,reactome:ProteinReference1514
reactome:SmallMoleculeReference764,abstraction:ConsumptionControlledBy,reactome:ProteinReference1412
reactome:SmallMoleculeReference159,abstraction:ConsumptionControlledBy,reactome:ProteinReference237
reactome:SmallMoleculeReference43,abstraction:ConsumptionControlledBy,reactome:ProteinReference6279
reactome:SmallMoleculeReference2554,abstraction:ConsumptionControlledBy,reactome:ProteinReference8440
reactome:SmallMoleculeReference1901,abstraction:ConsumptionControlledBy,reactome:ProteinReference4258
reactome:SmallMoleculeReference190,abstraction:ConsumptionControlledBy,reactome:ProteinReference311
reactome:SmallMoleculeReference342,abstraction:ConsumptionControlledBy,reactome:ProteinReference348
reactome:SmallMoleculeReference1571,abstraction:ConsumptionControlledBy,reactome:ProteinReference1254
reactome:SmallMoleculeReference804,abstraction:ConsumptionControlledBy,reactome:ProteinReference1469
reactome:SmallMoleculeReference466,abstraction:ConsumptionControlledBy,reactome:ProteinReference7711
reactome:SmallMoleculeReference203,abstraction:ConsumptionControlledBy,reactome:ProteinReference11324
reactome:SmallMoleculeReference43,abstraction:ConsumptionControlledBy,reactome:ProteinReference11561
reactome:SmallMoleculeReference169,abstraction:ConsumptionControlledBy,reactome:ProteinReference273
reactome:SmallMoleculeReference737,abstraction:ConsumptionControlledBy,reactome:ProteinReference1261
reactome:SmallMoleculeReference566,abstraction:ConsumptionControlledBy,reactome:ProteinReference1214
reactome:SmallMoleculeReference139,abstraction:ConsumptionControlledBy,reactome:ProteinReference2258
reactome:SmallMoleculeReference1160,abstraction:ConsumptionControlledBy,reactome:ProteinReference1976
reactome:SmallMoleculeReference566,abstraction:ConsumptionControlledBy,reactome:ProteinReference1220
reactome:SmallMoleculeReference43,abstraction:ConsumptionControlledBy,reactome:ProteinReference11533
reactome:SmallMoleculeReference653,abstraction:ConsumptionControlledBy,reactome:ProteinReference1382
reactome:SmallMoleculeReference305,abstraction:ConsumptionControlledBy,reactome:ProteinReference2279
reactome:SmallMoleculeReference140,abstraction:ConsumptionControlledBy,reactome:ProteinReference2436
reactome:SmallMoleculeReference938,abstraction:ConsumptionControlledBy,reactome:ProteinReference1221
reactome:SmallMoleculeReference754,abstraction:ConsumptionControlledBy,reactome:ProteinReference5269
reactome:SmallMoleculeReference169,abstraction:ConsumptionControlledBy,reactome:ProteinReference2036
reactome:SmallMoleculeReference469,abstraction:ConsumptionControlledBy,reactome:ProteinReference1027
reactome:SmallMoleculeReference299,abstraction:ConsumptionControlledBy,reactome:ProteinReference690
reactome:SmallMoleculeReference685,abstraction:ConsumptionControlledBy,reactome:ProteinReference1279
reactome:SmallMoleculeReference130,abstraction:ConsumptionControlledBy,reactome:ProteinReference1168
reactome:SmallMoleculeReference157,abstraction:ConsumptionControlledBy,reactome:ProteinReference3660
reactome:SmallMoleculeReference96,abstraction:ConsumptionControlledBy,reactome:ProteinReference3193
reactome:SmallMoleculeReference809,abstraction:ConsumptionControlledBy,reactome:ProteinReference1516
reactome:SmallMoleculeReference496,abstraction:ConsumptionControlledBy,reactome:ProteinReference2628
reactome:SmallMoleculeReference43,abstraction:ConsumptionControlledBy,reactome:ProteinReference351
reactome:SmallMoleculeReference598,abstraction:ConsumptionControlledBy,reactome:ProteinReference1232
reactome:SmallMoleculeReference468,abstraction:ConsumptionControlledBy,reactome:ProteinReference5631
reactome:SmallMoleculeReference668,abstraction:ConsumptionControlledBy,reactome:ProteinReference2637
reactome:SmallMoleculeReference1560,abstraction:ConsumptionControlledBy,reactome:ProteinReference2624
reactome:SmallMoleculeReference569,abstraction:ConsumptionControlledBy,reactome:ProteinReference2722
reactome:SmallMoleculeReference466,abstraction:ConsumptionControlledBy,reactome:ProteinReference5810
reactome:SmallMoleculeReference754,abstraction:ConsumptionControlledBy,reactome:ProteinReference1394
reactome:SmallMoleculeReference99,abstraction:ConsumptionControlledBy,reactome:ProteinReference186
reactome:SmallMoleculeReference960,abstraction:ConsumptionControlledBy,reactome:ProteinReference2304
reactome:SmallMoleculeReference80,abstraction:ConsumptionControlledBy,reactome:ProteinReference2589
reactome:SmallMoleculeReference701,abstraction:ConsumptionControlledBy,reactome:ProteinReference1080
reactome:SmallMoleculeReference46,abstraction:ConsumptionControlledBy,reactome:ProteinReference11480
reactome:SmallMoleculeReference1567,abstraction:ConsumptionControlledBy,reactome:ProteinReference1255
reactome:SmallMoleculeReference653,abstraction:ConsumptionControlledBy,reactome:ProteinReference1478
reactome:SmallMoleculeReference342,abstraction:ConsumptionControlledBy,reactome:ProteinReference1575
reactome:SmallMoleculeReference564,abstraction:ConsumptionControlledBy,reactome:ProteinReference2427
reactome:SmallMoleculeReference142,abstraction:ConsumptionControlledBy,reactome:ProteinReference6231
reactome:SmallMoleculeReference214,abstraction:ConsumptionControlledBy,reactome:ProteinReference324
reactome:SmallMoleculeReference126,abstraction:ConsumptionControlledBy,reactome:ProteinReference3304
reactome:SmallMoleculeReference145,abstraction:ConsumptionControlledBy,reactome:ProteinReference2431
reactome:SmallMoleculeReference601,abstraction:ConsumptionControlledBy,reactome:ProteinReference1230
reactome:SmallMoleculeReference1216,abstraction:ConsumptionControlledBy,reactome:ProteinReference2106
reactome:SmallMoleculeReference45,abstraction:ConsumptionControlledBy,reactome:ProteinReference225
reactome:SmallMoleculeReference98,abstraction:ConsumptionControlledBy,reactome:ProteinReference1052
reactome:SmallMoleculeReference1571,abstraction:ConsumptionControlledBy,reactome:ProteinReference1753
reactome:SmallMoleculeReference45,abstraction:ConsumptionControlledBy,reactome:ProteinReference10946
reactome:SmallMoleculeReference1160,abstraction:ConsumptionControlledBy,reactome:ProteinReference1879
reactome:SmallMoleculeReference466,abstraction:ConsumptionControlledBy,reactome:ProteinReference5596
reactome:SmallMoleculeReference1154,abstraction:ConsumptionControlledBy,reactome:ProteinReference1861
reactome:SmallMoleculeReference120,abstraction:ConsumptionControlledBy,reactome:ProteinReference3398
reactome:SmallMoleculeReference1330,abstraction:ConsumptionControlledBy,reactome:ProteinReference2260
reactome:SmallMoleculeReference131,abstraction:ConsumptionControlledBy,reactome:ProteinReference825
reactome:SmallMoleculeReference985,abstraction:ConsumptionControlledBy,reactome:ProteinReference2695
reactome:SmallMoleculeReference244,abstraction:ConsumptionControlledBy,reactome:ProteinReference2345
reactome:SmallMoleculeReference119,abstraction:ConsumptionControlledBy,reactome:ProteinReference5539
reactome:SmallMoleculeReference163,abstraction:ConsumptionControlledBy,reactome:ProteinReference259
reactome:SmallMoleculeReference127,abstraction:ConsumptionControlledBy,reactome:ProteinReference169
reactome:SmallMoleculeReference96,abstraction:ConsumptionControlledBy,reactome:ProteinReference3246
reactome:SmallMoleculeReference151,abstraction:ConsumptionControlledBy,reactome:ProteinReference231
reactome:SmallMoleculeReference466,abstraction:ConsumptionControlledBy,reactome:ProteinReference6854
reactome:SmallMoleculeReference1559,abstraction:ConsumptionControlledBy,reactome:ProteinReference2620
reactome:SmallMoleculeReference1571,abstraction:ConsumptionControlledBy,reactome:ProteinReference2683
reactome:SmallMoleculeReference481,abstraction:ConsumptionControlledBy,reactome:ProteinReference1034
reactome:SmallMoleculeReference1923,abstraction:ConsumptionControlledBy,reactome:ProteinReference4339
reactome:SmallMoleculeReference682,abstraction:ConsumptionControlledBy,reactome:ProteinReference1276
reactome:SmallMoleculeReference172,abstraction:ConsumptionControlledBy,reactome:ProteinReference275
reactome:SmallMoleculeReference96,abstraction:ConsumptionControlledBy,reactome:ProteinReference2810
reactome:SmallMoleculeReference150,abstraction:ConsumptionControlledBy,reactome:ProteinReference2387
reactome:SmallMoleculeReference1574,abstraction:ConsumptionControlledBy,reactome:ProteinReference2628
reactome:SmallMoleculeReference342,abstraction:ConsumptionControlledBy,reactome:ProteinReference6323
reactome:SmallMoleculeReference154,abstraction:ConsumptionControlledBy,reactome:ProteinReference2076
reactome:SmallMoleculeReference206,abstraction:ConsumptionControlledBy,reactome:ProteinReference2134
reactome:SmallMoleculeReference142,abstraction:ConsumptionControlledBy,reactome:ProteinReference5532
reactome:SmallMoleculeReference158,abstraction:ConsumptionControlledBy,reactome:ProteinReference2591
reactome:SmallMoleculeReference45,abstraction:ConsumptionControlledBy,reactome:ProteinReference169
reactome:SmallMoleculeReference7,abstraction:ConsumptionControlledBy,reactome:ProteinReference1425
reactome:SmallMoleculeReference1295,abstraction:ConsumptionControlledBy,reactome:ProteinReference2203
reactome:SmallMoleculeReference49,abstraction:ConsumptionControlledBy,reactome:ProteinReference8471
reactome:SmallMoleculeReference226,abstraction:ConsumptionControlledBy,reactome:ProteinReference328
reactome:SmallMoleculeReference358,abstraction:ConsumptionControlledBy,reactome:ProteinReference757
reactome:SmallMoleculeReference150,abstraction:ConsumptionControlledBy,reactome:ProteinReference3677
reactome:SmallMoleculeReference392,abstraction:ConsumptionControlledBy,reactome:ProteinReference2085
reactome:SmallMoleculeReference1,abstraction:ConsumptionControlledBy,reactome:ProteinReference138
reactome:SmallMoleculeReference145,abstraction:ConsumptionControlledBy,reactome:ProteinReference233
reactome:SmallMoleculeReference112,abstraction:ConsumptionControlledBy,reactome:ProteinReference206
reactome:SmallMoleculeReference96,abstraction:ConsumptionControlledBy,reactome:ProteinReference1096
reactome:SmallMoleculeReference82,abstraction:ConsumptionControlledBy,reactome:ProteinReference2568
reactome:SmallMoleculeReference46,abstraction:ConsumptionControlledBy,reactome:ProteinReference572
reactome:SmallMoleculeReference625,abstraction:ConsumptionControlledBy,reactome:ProteinReference1243
reactome:SmallMoleculeReference188,abstraction:ConsumptionControlledBy,reactome:ProteinReference2190
reactome:SmallMoleculeReference8,abstraction:ConsumptionControlledBy,reactome:ProteinReference1382
reactome:SmallMoleculeReference466,abstraction:ConsumptionControlledBy,reactome:ProteinReference7731
reactome:SmallMoleculeReference145,abstraction:ConsumptionControlledBy,reactome:ProteinReference2436
reactome:SmallMoleculeReference1869,abstraction:ConsumptionControlledBy,reactome:ProteinReference901
reactome:SmallMoleculeReference1372,abstraction:ConsumptionControlledBy,reactome:ProteinReference2304
reactome:SmallMoleculeReference232,abstraction:ConsumptionControlledBy,reactome:ProteinReference7450
reactome:SmallMoleculeReference466,abstraction:ConsumptionControlledBy,reactome:ProteinReference8618
reactome:SmallMoleculeReference104,abstraction:ConsumptionControlledBy,reactome:ProteinReference2695
reactome:SmallMoleculeReference122,abstraction:ConsumptionControlledBy,reactome:ProteinReference169
reactome:SmallMoleculeReference261,abstraction:ConsumptionControlledBy,reactome:ProteinReference1381
reactome:SmallMoleculeReference466,abstraction:ConsumptionControlledBy,reactome:ProteinReference6924
reactome:SmallMoleculeReference16,abstraction:ConsumptionControlledBy,reactome:ProteinReference225
reactome:SmallMoleculeReference152,abstraction:ConsumptionControlledBy,reactome:ProteinReference252
reactome:SmallMoleculeReference1372,abstraction:ConsumptionControlledBy,reactome:ProteinReference2302
reactome:SmallMoleculeReference96,abstraction:ConsumptionControlledBy,reactome:ProteinReference10395
reactome:SmallMoleculeReference466,abstraction:ConsumptionControlledBy,reactome:ProteinReference5787
reactome:SmallMoleculeReference466,abstraction:ConsumptionControlledBy,reactome:ProteinReference5821
reactome:SmallMoleculeReference653,abstraction:ConsumptionControlledBy,reactome:ProteinReference1391
reactome:SmallMoleculeReference96,abstraction:ConsumptionControlledBy,reactome:ProteinReference10568
reactome:SmallMoleculeReference97,abstraction:ConsumptionControlledBy,reactome:ProteinReference1052
reactome:SmallMoleculeReference574,abstraction:ConsumptionControlledBy,reactome:ProteinReference2743
reactome:SmallMoleculeReference2101,abstraction:ConsumptionControlledBy,reactome:ProteinReference87
reactome:SmallMoleculeReference46,abstraction:ConsumptionControlledBy,reactome:ProteinReference444
reactome:SmallMoleculeReference754,abstraction:ConsumptionControlledBy,reactome:ProteinReference1399
reactome:SmallMoleculeReference96,abstraction:ConsumptionControlledBy,reactome:ProteinReference5931
reactome:SmallMoleculeReference150,abstraction:ConsumptionControlledBy,reactome:ProteinReference2386
reactome:SmallMoleculeReference666,abstraction:ConsumptionControlledBy,reactome:ProteinReference1250
reactome:SmallMoleculeReference2601,abstraction:ConsumptionControlledBy,reactome:ProteinReference2808
reactome:SmallMoleculeReference2601,abstraction:ConsumptionControlledBy,reactome:ProteinReference10621
reactome:SmallMoleculeReference974,abstraction:ConsumptionControlledBy,reactome:ProteinReference1710
reactome:SmallMoleculeReference959,abstraction:ConsumptionControlledBy,reactome:ProteinReference1705
reactome:SmallMoleculeReference48,abstraction:ConsumptionControlledBy,reactome:ProteinReference126
reactome:SmallMoleculeReference350,abstraction:ConsumptionControlledBy,reactome:ProteinReference739
reactome:SmallMoleculeReference679,abstraction:ConsumptionControlledBy,reactome:ProteinReference1275
reactome:SmallMoleculeReference1234,abstraction:ConsumptionControlledBy,reactome:ProteinReference2125
reactome:SmallMoleculeReference7,abstraction:ConsumptionControlledBy,reactome:ProteinReference9867
reactome:SmallMoleculeReference45,abstraction:ConsumptionControlledBy,reactome:ProteinReference10947
reactome:SmallMoleculeReference43,abstraction:ConsumptionControlledBy,reactome:ProteinReference11526
reactome:SmallMoleculeReference1676,abstraction:ConsumptionControlledBy,reactome:ProteinReference2697
reactome:SmallMoleculeReference143,abstraction:ConsumptionControlledBy,reactome:ProteinReference2359
reactome:SmallMoleculeReference569,abstraction:ConsumptionControlledBy,reactome:ProteinReference2424
reactome:SmallMoleculeReference574,abstraction:ConsumptionControlledBy,reactome:ProteinReference1241
reactome:SmallMoleculeReference203,abstraction:ConsumptionControlledBy,reactome:ProteinReference317
reactome:SmallMoleculeReference150,abstraction:ConsumptionControlledBy,reactome:ProteinReference2440
reactome:SmallMoleculeReference309,abstraction:ConsumptionControlledBy,reactome:ProteinReference1371
reactome:SmallMoleculeReference1863,abstraction:ConsumptionControlledBy,reactome:ProteinReference4061
reactome:SmallMoleculeReference1546,abstraction:ConsumptionControlledBy,reactome:ProteinReference2620
reactome:SmallMoleculeReference1646,abstraction:ConsumptionControlledBy,reactome:ProteinReference2666
reactome:SmallMoleculeReference421,abstraction:ConsumptionControlledBy,reactome:ProteinReference960
reactome:SmallMoleculeReference493,abstraction:ConsumptionControlledBy,reactome:ProteinReference1046
reactome:SmallMoleculeReference134,abstraction:ConsumptionControlledBy,reactome:ProteinReference2655
reactome:SmallMoleculeReference96,abstraction:ConsumptionControlledBy,reactome:ProteinReference2246
reactome:SmallMoleculeReference684,abstraction:ConsumptionControlledBy,reactome:ProteinReference1280
reactome:SmallMoleculeReference1847,abstraction:ConsumptionControlledBy,reactome:ProteinReference3972
reactome:SmallMoleculeReference215,abstraction:ConsumptionControlledBy,reactome:ProteinReference2676
reactome:SmallMoleculeReference309,abstraction:ConsumptionControlledBy,reactome:ProteinReference1346
reactome:SmallMoleculeReference215,abstraction:ConsumptionControlledBy,reactome:ProteinReference2685
reactome:SmallMoleculeReference209,abstraction:ConsumptionControlledBy,reactome:ProteinReference4263
reactome:SmallMoleculeReference135,abstraction:ConsumptionControlledBy,reactome:ProteinReference1161
reactome:SmallMoleculeReference46,abstraction:ConsumptionControlledBy,reactome:ProteinReference7754
reactome:SmallMoleculeReference43,abstraction:ConsumptionControlledBy,reactome:ProteinReference272
reactome:SmallMoleculeReference1034,abstraction:ConsumptionControlledBy,reactome:ProteinReference1751
reactome:SmallMoleculeReference120,abstraction:ConsumptionControlledBy,reactome:ProteinReference3379
reactome:SmallMoleculeReference260,abstraction:ConsumptionControlledBy,reactome:ProteinReference1381
reactome:SmallMoleculeReference1160,abstraction:ConsumptionControlledBy,reactome:ProteinReference1924
reactome:SmallMoleculeReference104,abstraction:ConsumptionControlledBy,reactome:ProteinReference2690
reactome:SmallMoleculeReference714,abstraction:ConsumptionControlledBy,reactome:ProteinReference1304
reactome:SmallMoleculeReference834,abstraction:ConsumptionControlledBy,reactome:ProteinReference1631
reactome:SmallMoleculeReference46,abstraction:ConsumptionControlledBy,reactome:ProteinReference11451
reactome:SmallMoleculeReference1394,abstraction:ConsumptionControlledBy,reactome:ProteinReference2348
reactome:SmallMoleculeReference1930,abstraction:ConsumptionControlledBy,reactome:ProteinReference4166
reactome:SmallMoleculeReference43,abstraction:ConsumptionControlledBy,reactome:ProteinReference11535
reactome:SmallMoleculeReference203,abstraction:ConsumptionControlledBy,reactome:ProteinReference2317
reactome:SmallMoleculeReference43,abstraction:ConsumptionControlledBy,reactome:ProteinReference12071
reactome:SmallMoleculeReference45,abstraction:ConsumptionControlledBy,reactome:ProteinReference149
reactome:SmallMoleculeReference752,abstraction:ConsumptionControlledBy,reactome:ProteinReference2646
reactome:SmallMoleculeReference1507,abstraction:ConsumptionControlledBy,reactome:ProteinReference2574
reactome:SmallMoleculeReference159,abstraction:ConsumptionControlledBy,reactome:ProteinReference2332
reactome:SmallMoleculeReference641,abstraction:ConsumptionControlledBy,reactome:ProteinReference1258
reactome:SmallMoleculeReference169,abstraction:ConsumptionControlledBy,reactome:ProteinReference2430
reactome:SmallMoleculeReference466,abstraction:ConsumptionControlledBy,reactome:ProteinReference5060
reactome:SmallMoleculeReference134,abstraction:ConsumptionControlledBy,reactome:ProteinReference216
reactome:SmallMoleculeReference1818,abstraction:ConsumptionControlledBy,reactome:ProteinReference2684
reactome:SmallMoleculeReference2809,abstraction:ConsumptionControlledBy,reactome:ProteinReference2810
reactome:SmallMoleculeReference480,abstraction:ConsumptionControlledBy,reactome:ProteinReference1034
reactome:SmallMoleculeReference466,abstraction:ConsumptionControlledBy,reactome:ProteinReference5937
reactome:SmallMoleculeReference2101,abstraction:ConsumptionControlledBy,reactome:ProteinReference4772
reactome:SmallMoleculeReference8,abstraction:ConsumptionControlledBy,reactome:ProteinReference1391
reactome:SmallMoleculeReference203,abstraction:ConsumptionControlledBy,reactome:ProteinReference8998
reactome:SmallMoleculeReference135,abstraction:ConsumptionControlledBy,reactome:ProteinReference2677
reactome:SmallMoleculeReference1404,abstraction:ConsumptionControlledBy,reactome:ProteinReference2360
reactome:SmallMoleculeReference206,abstraction:ConsumptionControlledBy,reactome:ProteinReference2153
reactome:SmallMoleculeReference1562,abstraction:ConsumptionControlledBy,reactome:ProteinReference1255
reactome:SmallMoleculeReference1399,abstraction:ConsumptionControlledBy,reactome:ProteinReference2354
reactome:SmallMoleculeReference2368,abstraction:ConsumptionControlledBy,reactome:ProteinReference8342
reactome:SmallMoleculeReference883,abstraction:ConsumptionControlledBy,reactome:ProteinReference1647
reactome:SmallMoleculeReference16,abstraction:ConsumptionControlledBy,reactome:ProteinReference153
reactome:SmallMoleculeReference466,abstraction:ConsumptionControlledBy,reactome:ProteinReference1500
reactome:SmallMoleculeReference211,abstraction:ConsumptionControlledBy,reactome:ProteinReference972
reactome:SmallMoleculeReference46,abstraction:ConsumptionControlledBy,reactome:ProteinReference560
reactome:SmallMoleculeReference2601,abstraction:ConsumptionControlledBy,reactome:ProteinReference10618
reactome:SmallMoleculeReference307,abstraction:ConsumptionControlledBy,reactome:ProteinReference1424
reactome:SmallMoleculeReference46,abstraction:ConsumptionControlledBy,reactome:ProteinReference11506
reactome:SmallMoleculeReference96,abstraction:ConsumptionControlledBy,reactome:ProteinReference3188
reactome:SmallMoleculeReference1574,abstraction:ConsumptionControlledBy,reactome:ProteinReference2624
reactome:SmallMoleculeReference132,abstraction:ConsumptionControlledBy,reactome:ProteinReference217
reactome:SmallMoleculeReference215,abstraction:ConsumptionControlledBy,reactome:ProteinReference326
reactome:SmallMoleculeReference149,abstraction:ConsumptionControlledBy,reactome:ProteinReference252
reactome:SmallMoleculeReference43,abstraction:ConsumptionControlledBy,reactome:ProteinReference12087
reactome:SmallMoleculeReference1734,abstraction:ConsumptionControlledBy,reactome:ProteinReference2730
reactome:SmallMoleculeReference46,abstraction:ConsumptionControlledBy,reactome:ProteinReference551
reactome:SmallMoleculeReference496,abstraction:ConsumptionControlledBy,reactome:ProteinReference1252
reactome:SmallMoleculeReference43,abstraction:ConsumptionControlledBy,reactome:ProteinReference11518
reactome:SmallMoleculeReference46,abstraction:ConsumptionControlledBy,reactome:ProteinReference568
reactome:SmallMoleculeReference353,abstraction:ConsumptionControlledBy,reactome:ProteinReference748
reactome:SmallMoleculeReference569,abstraction:ConsumptionControlledBy,reactome:ProteinReference6196
reactome:SmallMoleculeReference1301,abstraction:ConsumptionControlledBy,reactome:ProteinReference2219
reactome:SmallMoleculeReference43,abstraction:ConsumptionControlledBy,reactome:ProteinReference12105
reactome:SmallMoleculeReference392,abstraction:ConsumptionControlledBy,reactome:ProteinReference2083
reactome:SmallMoleculeReference302,abstraction:ConsumptionControlledBy,reactome:ProteinReference1277
reactome:SmallMoleculeReference96,abstraction:ConsumptionControlledBy,reactome:ProteinReference3189
reactome:SmallMoleculeReference1717,abstraction:ConsumptionControlledBy,reactome:ProteinReference2173
reactome:SmallMoleculeReference2601,abstraction:ConsumptionControlledBy,reactome:ProteinReference9761
reactome:SmallMoleculeReference309,abstraction:ConsumptionControlledBy,reactome:ProteinReference1276
reactome:SmallMoleculeReference46,abstraction:ConsumptionControlledBy,reactome:ProteinReference11602
reactome:SmallMoleculeReference347,abstraction:ConsumptionControlledBy,reactome:ProteinReference5257
reactome:SmallMoleculeReference1818,abstraction:ConsumptionControlledBy,reactome:ProteinReference2681
reactome:SmallMoleculeReference960,abstraction:ConsumptionControlledBy,reactome:ProteinReference2305
reactome:SmallMoleculeReference466,abstraction:ConsumptionControlledBy,reactome:ProteinReference7734
reactome:SmallMoleculeReference752,abstraction:ConsumptionControlledBy,reactome:ProteinReference7694
reactome:SmallMoleculeReference1531,abstraction:ConsumptionControlledBy,reactome:ProteinReference2587
reactome:SmallMoleculeReference533,abstraction:ConsumptionControlledBy,reactome:ProteinReference1541
reactome:SmallMoleculeReference158,abstraction:ConsumptionControlledBy,reactome:ProteinReference2594
reactome:SmallMoleculeReference139,abstraction:ConsumptionControlledBy,reactome:ProteinReference2721
reactome:SmallMoleculeReference16,abstraction:ConsumptionControlledBy,reactome:ProteinReference149
reactome:SmallMoleculeReference1,abstraction:ConsumptionControlledBy,reactome:ProteinReference2543
reactome:SmallMoleculeReference70,abstraction:ConsumptionControlledBy,reactome:ProteinReference2246
reactome:SmallMoleculeReference43,abstraction:ConsumptionControlledBy,reactome:ProteinReference12085
reactome:SmallMoleculeReference120,abstraction:ConsumptionControlledBy,reactome:ProteinReference11352
reactome:SmallMoleculeReference50,abstraction:ConsumptionControlledBy,reactome:ProteinReference487
reactome:SmallMoleculeReference16,abstraction:ConsumptionControlledBy,reactome:ProteinReference6890
reactome:SmallMoleculeReference214,abstraction:ConsumptionControlledBy,reactome:ProteinReference2138
reactome:SmallMoleculeReference1175,abstraction:ConsumptionControlledBy,reactome:ProteinReference11444
reactome:SmallMoleculeReference2645,abstraction:ConsumptionControlledBy,reactome:ProteinReference4105
reactome:SmallMoleculeReference814,abstraction:ConsumptionControlledBy,reactome:ProteinReference1025
reactome:SmallMoleculeReference302,abstraction:ConsumptionControlledBy,reactome:ProteinReference1296
reactome:SmallMoleculeReference466,abstraction:ConsumptionControlledBy,reactome:ProteinReference3509
reactome:SmallMoleculeReference159,abstraction:ConsumptionControlledBy,reactome:ProteinReference271
reactome:SmallMoleculeReference96,abstraction:ConsumptionControlledBy,reactome:ProteinReference3170
reactome:SmallMoleculeReference1777,abstraction:ConsumptionControlledBy,reactome:ProteinReference2748
reactome:SmallMoleculeReference2601,abstraction:ConsumptionControlledBy,reactome:ProteinReference2948
reactome:SmallMoleculeReference310,abstraction:ConsumptionControlledBy,reactome:ProteinReference1126
reactome:SmallMoleculeReference1571,abstraction:ConsumptionControlledBy,reactome:ProteinReference2676
reactome:SmallMoleculeReference15,abstraction:ConsumptionControlledBy,reactome:ProteinReference31
reactome:SmallMoleculeReference1581,abstraction:ConsumptionControlledBy,reactome:ProteinReference2627
reactome:SmallMoleculeReference750,abstraction:ConsumptionControlledBy,reactome:ProteinReference1342
reactome:SmallMoleculeReference105,abstraction:ConsumptionControlledBy,reactome:ProteinReference188
reactome:SmallMoleculeReference1572,abstraction:ConsumptionControlledBy,reactome:ProteinReference1256
reactome:SmallMoleculeReference812,abstraction:ConsumptionControlledBy,reactome:ProteinReference1495
reactome:SmallMoleculeReference46,abstraction:ConsumptionControlledBy,reactome:ProteinReference4233
reactome:SmallMoleculeReference46,abstraction:ConsumptionControlledBy,reactome:ProteinReference11458
reactome:SmallMoleculeReference466,abstraction:ConsumptionControlledBy,reactome:ProteinReference8257
reactome:SmallMoleculeReference207,abstraction:ConsumptionControlledBy,reactome:ProteinReference3384
reactome:SmallMoleculeReference1571,abstraction:ConsumptionControlledBy,reactome:ProteinReference2685
reactome:SmallMoleculeReference238,abstraction:ConsumptionControlledBy,reactome:ProteinReference389
reactome:SmallMoleculeReference96,abstraction:ConsumptionControlledBy,reactome:ProteinReference5245
reactome:SmallMoleculeReference120,abstraction:ConsumptionControlledBy,reactome:ProteinReference3376
reactome:SmallMoleculeReference96,abstraction:ConsumptionControlledBy,reactome:ProteinReference10324
reactome:SmallMoleculeReference466,abstraction:ConsumptionControlledBy,reactome:ProteinReference5516
reactome:SmallMoleculeReference64,abstraction:ConsumptionControlledBy,reactome:ProteinReference154
reactome:SmallMoleculeReference209,abstraction:ConsumptionControlledBy,reactome:ProteinReference325
reactome:SmallMoleculeReference393,abstraction:ConsumptionControlledBy,reactome:ProteinReference2224
reactome:SmallMoleculeReference120,abstraction:ConsumptionControlledBy,reactome:ProteinReference4559
reactome:SmallMoleculeReference342,abstraction:ConsumptionControlledBy,reactome:ProteinReference1612
reactome:SmallMoleculeReference203,abstraction:ConsumptionControlledBy,reactome:ProteinReference5155
reactome:SmallMoleculeReference96,abstraction:ConsumptionControlledBy,reactome:ProteinReference4613
reactome:SmallMoleculeReference468,abstraction:ConsumptionControlledBy,reactome:ProteinReference5624
reactome:SmallMoleculeReference957,abstraction:ConsumptionControlledBy,reactome:ProteinReference1672
reactome:SmallMoleculeReference96,abstraction:ConsumptionControlledBy,reactome:ProteinReference10095
reactome:SmallMoleculeReference466,abstraction:ConsumptionControlledBy,reactome:ProteinReference5841
reactome:SmallMoleculeReference720,abstraction:ConsumptionControlledBy,reactome:ProteinReference1315
reactome:SmallMoleculeReference2560,abstraction:ConsumptionControlledBy,reactome:ProteinReference8469
reactome:SmallMoleculeReference330,abstraction:ConsumptionControlledBy,reactome:ProteinReference1588
reactome:SmallMoleculeReference1208,abstraction:ConsumptionControlledBy,reactome:ProteinReference2166
reactome:SmallMoleculeReference495,abstraction:ConsumptionControlledBy,reactome:ProteinReference1047
reactome:SmallMoleculeReference653,abstraction:ConsumptionControlledBy,reactome:ProteinReference8837
reactome:SmallMoleculeReference2583,abstraction:ConsumptionControlledBy,reactome:ProteinReference8444
reactome:SmallMoleculeReference876,abstraction:ConsumptionControlledBy,reactome:ProteinReference2614
reactome:SmallMoleculeReference45,abstraction:ConsumptionControlledBy,reactome:ProteinReference559
reactome:SmallMoleculeReference43,abstraction:ConsumptionControlledBy,reactome:ProteinReference11551
reactome:SmallMoleculeReference126,abstraction:ConsumptionControlledBy,reactome:ProteinReference217
reactome:SmallMoleculeReference16,abstraction:ConsumptionControlledBy,reactome:ProteinReference518
reactome:SmallMoleculeReference812,abstraction:ConsumptionControlledBy,reactome:ProteinReference1481
reactome:SmallMoleculeReference96,abstraction:ConsumptionControlledBy,reactome:ProteinReference4556
reactome:SmallMoleculeReference1562,abstraction:ConsumptionControlledBy,reactome:ProteinReference2626
reactome:SmallMoleculeReference2587,abstraction:ConsumptionControlledBy,reactome:ProteinReference8514
reactome:SmallMoleculeReference46,abstraction:ConsumptionControlledBy,reactome:ProteinReference11459
reactome:SmallMoleculeReference1408,abstraction:ConsumptionControlledBy,reactome:ProteinReference2362
reactome:SmallMoleculeReference68,abstraction:ConsumptionControlledBy,reactome:ProteinReference2692
reactome:SmallMoleculeReference980,abstraction:ConsumptionControlledBy,reactome:ProteinReference2634
reactome:SmallMoleculeReference357,abstraction:ConsumptionControlledBy,reactome:ProteinReference1740
reactome:SmallMoleculeReference1226,abstraction:ConsumptionControlledBy,reactome:ProteinReference2793
reactome:SmallMoleculeReference7,abstraction:ConsumptionControlledBy,reactome:ProteinReference1504
reactome:SmallMoleculeReference2687,abstraction:ConsumptionControlledBy,reactome:ProteinReference5234
reactome:SmallMoleculeReference1513,abstraction:ConsumptionControlledBy,reactome:ProteinReference2581
reactome:SmallMoleculeReference96,abstraction:ConsumptionControlledBy,reactome:ProteinReference4555
reactome:SmallMoleculeReference199,abstraction:ConsumptionControlledBy,reactome:ProteinReference308
reactome:SmallMoleculeReference45,abstraction:ConsumptionControlledBy,reactome:ProteinReference7759
reactome:SmallMoleculeReference260,abstraction:ConsumptionControlledBy,reactome:ProteinReference8529
reactome:SmallMoleculeReference45,abstraction:ConsumptionControlledBy,reactome:ProteinReference495
reactome:SmallMoleculeReference16,abstraction:ConsumptionControlledBy,reactome:ProteinReference515
reactome:SmallMoleculeReference45,abstraction:ConsumptionControlledBy,reactome:ProteinReference12155
reactome:SmallMoleculeReference357,abstraction:ConsumptionControlledBy,reactome:ProteinReference1369
reactome:SmallMoleculeReference46,abstraction:ConsumptionControlledBy,reactome:ProteinReference524
reactome:SmallMoleculeReference96,abstraction:ConsumptionControlledBy,reactome:ProteinReference3156
reactome:SmallMoleculeReference466,abstraction:ConsumptionControlledBy,reactome:ProteinReference5836
reactome:SmallMoleculeReference150,abstraction:ConsumptionControlledBy,reactome:ProteinReference242
reactome:SmallMoleculeReference98,abstraction:ConsumptionControlledBy,reactome:ProteinReference26
reactome:SmallMoleculeReference1893,abstraction:ConsumptionControlledBy,reactome:ProteinReference4102
reactome:SmallMoleculeReference45,abstraction:ConsumptionControlledBy,reactome:ProteinReference95
reactome:SmallMoleculeReference1160,abstraction:ConsumptionControlledBy,reactome:ProteinReference1920
reactome:SmallMoleculeReference1603,abstraction:ConsumptionControlledBy,reactome:ProteinReference1230
reactome:SmallMoleculeReference126,abstraction:ConsumptionControlledBy,reactome:ProteinReference1828
reactome:SmallMoleculeReference1462,abstraction:ConsumptionControlledBy,reactome:ProteinReference2414
reactome:SmallMoleculeReference244,abstraction:ConsumptionControlledBy,reactome:ProteinReference2347
reactome:SmallMoleculeReference6,abstraction:ConsumptionControlledBy,reactome:ProteinReference17
reactome:SmallMoleculeReference55,abstraction:ConsumptionControlledBy,reactome:ProteinReference154
reactome:SmallMoleculeReference91,abstraction:ConsumptionControlledBy,reactome:ProteinReference1052
reactome:SmallMoleculeReference209,abstraction:ConsumptionControlledBy,reactome:ProteinReference7518
reactome:SmallMoleculeReference130,abstraction:ConsumptionControlledBy,reactome:ProteinReference1169
reactome:SmallMoleculeReference96,abstraction:ConsumptionControlledBy,reactome:ProteinReference1098
reactome:SmallMoleculeReference110,abstraction:ConsumptionControlledBy,reactome:ProteinReference204
reactome:SmallMoleculeReference466,abstraction:ConsumptionControlledBy,reactome:ProteinReference6821
reactome:SmallMoleculeReference744,abstraction:ConsumptionControlledBy,reactome:ProteinReference1815
reactome:SmallMoleculeReference42,abstraction:ConsumptionControlledBy,reactome:ProteinReference831
reactome:SmallMoleculeReference122,abstraction:ConsumptionControlledBy,reactome:ProteinReference218
reactome:SmallMoleculeReference618,abstraction:ConsumptionControlledBy,reactome:ProteinReference1226
reactome:SmallMoleculeReference955,abstraction:ConsumptionControlledBy,reactome:ProteinReference1675
reactome:SmallMoleculeReference2428,abstraction:ConsumptionControlledBy,reactome:ProteinReference7704
reactome:SmallMoleculeReference790,abstraction:ConsumptionControlledBy,reactome:ProteinReference1204
reactome:SmallMoleculeReference302,abstraction:ConsumptionControlledBy,reactome:ProteinReference1870
reactome:SmallMoleculeReference142,abstraction:ConsumptionControlledBy,reactome:ProteinReference259
reactome:SmallMoleculeReference211,abstraction:ConsumptionControlledBy,reactome:ProteinReference969
reactome:SmallMoleculeReference466,abstraction:ConsumptionControlledBy,reactome:ProteinReference6927
reactome:SmallMoleculeReference1206,abstraction:ConsumptionControlledBy,reactome:ProteinReference2102
reactome:SmallMoleculeReference667,abstraction:ConsumptionControlledBy,reactome:ProteinReference1267
reactome:SmallMoleculeReference1044,abstraction:ConsumptionControlledBy,reactome:ProteinReference1227
reactome:SmallMoleculeReference466,abstraction:ConsumptionControlledBy,reactome:ProteinReference5443
reactome:SmallMoleculeReference1160,abstraction:ConsumptionControlledBy,reactome:ProteinReference1930
reactome:SmallMoleculeReference43,abstraction:ConsumptionControlledBy,reactome:ProteinReference12164
reactome:SmallMoleculeReference1843,abstraction:ConsumptionControlledBy,reactome:ProteinReference4353
reactome:SmallMoleculeReference1208,abstraction:ConsumptionControlledBy,reactome:ProteinReference2087
reactome:SmallMoleculeReference1762,abstraction:ConsumptionControlledBy,reactome:ProteinReference27
reactome:SmallMoleculeReference150,abstraction:ConsumptionControlledBy,reactome:ProteinReference1552
reactome:SmallMoleculeReference96,abstraction:ConsumptionControlledBy,reactome:ProteinReference2446
reactome:SmallMoleculeReference466,abstraction:ConsumptionControlledBy,reactome:ProteinReference3647
reactome:SmallMoleculeReference1161,abstraction:ConsumptionControlledBy,reactome:ProteinReference1985
reactome:SmallMoleculeReference96,abstraction:ConsumptionControlledBy,reactome:ProteinReference5002
reactome:SmallMoleculeReference653,abstraction:ConsumptionControlledBy,reactome:ProteinReference1483
reactome:SmallMoleculeReference1,abstraction:ConsumptionControlledBy,reactome:ProteinReference1269
reactome:SmallMoleculeReference466,abstraction:ConsumptionControlledBy,reactome:ProteinReference1011
reactome:SmallMoleculeReference792,abstraction:ConsumptionControlledBy,reactome:ProteinReference1450
reactome:SmallMoleculeReference96,abstraction:ConsumptionControlledBy,reactome:ProteinReference3304
reactome:SmallMoleculeReference145,abstraction:ConsumptionControlledBy,reactome:ProteinReference2338
reactome:SmallMoleculeReference134,abstraction:ConsumptionControlledBy,reactome:ProteinReference214
reactome:SmallMoleculeReference203,abstraction:ConsumptionControlledBy,reactome:ProteinReference4563
reactome:SmallMoleculeReference2101,abstraction:ConsumptionControlledBy,reactome:ProteinReference63
reactome:SmallMoleculeReference120,abstraction:ConsumptionControlledBy,reactome:ProteinReference3407
reactome:SmallMoleculeReference45,abstraction:ConsumptionControlledBy,reactome:ProteinReference5527
reactome:SmallMoleculeReference241,abstraction:ConsumptionControlledBy,reactome:ProteinReference2615
reactome:SmallMoleculeReference466,abstraction:ConsumptionControlledBy,reactome:ProteinReference8951
reactome:SmallMoleculeReference1,abstraction:ConsumptionControlledBy,reactome:ProteinReference121
reactome:SmallMoleculeReference46,abstraction:ConsumptionControlledBy,reactome:ProteinReference565
reactome:SmallMoleculeReference97,abstraction:ConsumptionControlledBy,reactome:ProteinReference26
reactome:SmallMoleculeReference536,abstraction:ConsumptionControlledBy,reactome:ProteinReference1206
reactome:SmallMoleculeReference767,abstraction:ConsumptionControlledBy,reactome:ProteinReference1424
reactome:SmallMoleculeReference329,abstraction:ConsumptionControlledBy,reactome:ProteinReference1624
reactome:SmallMoleculeReference466,abstraction:ConsumptionControlledBy,reactome:ProteinReference3364
reactome:SmallMoleculeReference525,abstraction:ConsumptionControlledBy,reactome:ProteinReference1198
reactome:SmallMoleculeReference1801,abstraction:ConsumptionControlledBy,reactome:ProteinReference25
reactome:SmallMoleculeReference7,abstraction:ConsumptionControlledBy,reactome:ProteinReference1447
reactome:SmallMoleculeReference639,abstraction:ConsumptionControlledBy,reactome:ProteinReference1258
reactome:SmallMoleculeReference1546,abstraction:ConsumptionControlledBy,reactome:ProteinReference2619
reactome:SmallMoleculeReference120,abstraction:ConsumptionControlledBy,reactome:ProteinReference3382
reactome:SmallMoleculeReference96,abstraction:ConsumptionControlledBy,reactome:ProteinReference4489
reactome:SmallMoleculeReference1348,abstraction:ConsumptionControlledBy,reactome:ProteinReference2277
reactome:SmallMoleculeReference354,abstraction:ConsumptionControlledBy,reactome:ProteinReference2383
reactome:SmallMoleculeReference1272,abstraction:ConsumptionControlledBy,reactome:ProteinReference2351
reactome:SmallMoleculeReference126,abstraction:ConsumptionControlledBy,reactome:ProteinReference1825
reactome:SmallMoleculeReference1277,abstraction:ConsumptionControlledBy,reactome:ProteinReference282
reactome:SmallMoleculeReference141,abstraction:ConsumptionControlledBy,reactome:ProteinReference254
reactome:SmallMoleculeReference985,abstraction:ConsumptionControlledBy,reactome:ProteinReference1133
reactome:SmallMoleculeReference640,abstraction:ConsumptionControlledBy,reactome:ProteinReference1258
reactome:SmallMoleculeReference203,abstraction:ConsumptionControlledBy,reactome:ProteinReference9027
reactome:SmallMoleculeReference1776,abstraction:ConsumptionControlledBy,reactome:ProteinReference2752
reactome:SmallMoleculeReference957,abstraction:ConsumptionControlledBy,reactome:ProteinReference1688
reactome:SmallMoleculeReference1248,abstraction:ConsumptionControlledBy,reactome:ProteinReference2144
reactome:SmallMoleculeReference1373,abstraction:ConsumptionControlledBy,reactome:ProteinReference2303
reactome:SmallMoleculeReference1,abstraction:ConsumptionControlledBy,reactome:ProteinReference1171
reactome:SmallMoleculeReference342,abstraction:ConsumptionControlledBy,reactome:ProteinReference6319
reactome:SmallMoleculeReference45,abstraction:ConsumptionControlledBy,reactome:ProteinReference12156
reactome:SmallMoleculeReference46,abstraction:ConsumptionControlledBy,reactome:ProteinReference621
reactome:SmallMoleculeReference150,abstraction:ConsumptionControlledBy,reactome:ProteinReference233
reactome:SmallMoleculeReference145,abstraction:ConsumptionControlledBy,reactome:ProteinReference3673
reactome:SmallMoleculeReference754,abstraction:ConsumptionControlledBy,reactome:ProteinReference1341
reactome:SmallMoleculeReference802,abstraction:ConsumptionControlledBy,reactome:ProteinReference1467
reactome:SmallMoleculeReference355,abstraction:ConsumptionControlledBy,reactome:ProteinReference750
reactome:SmallMoleculeReference135,abstraction:ConsumptionControlledBy,reactome:ProteinReference2684
reactome:SmallMoleculeReference43,abstraction:ConsumptionControlledBy,reactome:ProteinReference466
reactome:SmallMoleculeReference43,abstraction:ConsumptionControlledBy,reactome:ProteinReference12088
reactome:SmallMoleculeReference359,abstraction:ConsumptionControlledBy,reactome:ProteinReference817
reactome:SmallMoleculeReference203,abstraction:ConsumptionControlledBy,reactome:ProteinReference8989
reactome:SmallMoleculeReference405,abstraction:ConsumptionControlledBy,reactome:ProteinReference871
reactome:SmallMoleculeReference98,abstraction:ConsumptionControlledBy,reactome:ProteinReference186
reactome:SmallMoleculeReference193,abstraction:ConsumptionControlledBy,reactome:ProteinReference2126
reactome:SmallMoleculeReference208,abstraction:ConsumptionControlledBy,reactome:ProteinReference964
reactome:SmallMoleculeReference142,abstraction:ConsumptionControlledBy,reactome:ProteinReference2434
reactome:SmallMoleculeReference466,abstraction:ConsumptionControlledBy,reactome:ProteinReference6722
reactome:SmallMoleculeReference828,abstraction:ConsumptionControlledBy,reactome:ProteinReference1579
reactome:SmallMoleculeReference203,abstraction:ConsumptionControlledBy,reactome:ProteinReference9954
reactome:SmallMoleculeReference463,abstraction:ConsumptionControlledBy,reactome:ProteinReference1001
reactome:SmallMoleculeReference147,abstraction:ConsumptionControlledBy,reactome:ProteinReference251
reactome:SmallMoleculeReference46,abstraction:ConsumptionControlledBy,reactome:ProteinReference12097
reactome:SmallMoleculeReference466,abstraction:ConsumptionControlledBy,reactome:ProteinReference6700
reactome:SmallMoleculeReference96,abstraction:ConsumptionControlledBy,reactome:ProteinReference2793
reactome:SmallMoleculeReference1704,abstraction:ConsumptionControlledBy,reactome:ProteinReference2714
reactome:SmallMoleculeReference205,abstraction:ConsumptionControlledBy,reactome:ProteinReference2087
reactome:SmallMoleculeReference149,abstraction:ConsumptionControlledBy,reactome:ProteinReference1706
reactome:SmallMoleculeReference2368,abstraction:ConsumptionControlledBy,reactome:ProteinReference9667
reactome:SmallMoleculeReference96,abstraction:ConsumptionControlledBy,reactome:ProteinReference2790
reactome:SmallMoleculeReference2555,abstraction:ConsumptionControlledBy,reactome:ProteinReference8451
reactome:SmallMoleculeReference347,abstraction:ConsumptionControlledBy,reactome:ProteinReference2166
reactome:SmallMoleculeReference45,abstraction:ConsumptionControlledBy,reactome:ProteinReference109
reactome:SmallMoleculeReference149,abstraction:ConsumptionControlledBy,reactome:ProteinReference232
reactome:SmallMoleculeReference72,abstraction:ConsumptionControlledBy,reactome:ProteinReference170
reactome:SmallMoleculeReference2907,abstraction:ConsumptionControlledBy,reactome:ProteinReference8342
reactome:SmallMoleculeReference466,abstraction:ConsumptionControlledBy,reactome:ProteinReference5784
reactome:SmallMoleculeReference1260,abstraction:ConsumptionControlledBy,reactome:ProteinReference2160
reactome:SmallMoleculeReference342,abstraction:ConsumptionControlledBy,reactome:ProteinReference1455
reactome:SmallMoleculeReference1220,abstraction:ConsumptionControlledBy,reactome:ProteinReference5257
reactome:SmallMoleculeReference214,abstraction:ConsumptionControlledBy,reactome:ProteinReference2091
reactome:SmallMoleculeReference1160,abstraction:ConsumptionControlledBy,reactome:ProteinReference1877
reactome:SmallMoleculeReference1668,abstraction:ConsumptionControlledBy,reactome:ProteinReference393
reactome:SmallMoleculeReference8,abstraction:ConsumptionControlledBy,reactome:ProteinReference1396
reactome:SmallMoleculeReference1337,abstraction:ConsumptionControlledBy,reactome:ProteinReference2274
reactome:SmallMoleculeReference342,abstraction:ConsumptionControlledBy,reactome:ProteinReference1498
reactome:SmallMoleculeReference153,abstraction:ConsumptionControlledBy,reactome:ProteinReference2315
reactome:SmallMoleculeReference79,abstraction:ConsumptionControlledBy,reactome:ProteinReference2564
reactome:SmallMoleculeReference466,abstraction:ConsumptionControlledBy,reactome:ProteinReference6864
reactome:SmallMoleculeReference149,abstraction:ConsumptionControlledBy,reactome:ProteinReference263
reactome:SmallMoleculeReference189,abstraction:ConsumptionControlledBy,reactome:ProteinReference2119
reactome:SmallMoleculeReference1737,abstraction:ConsumptionControlledBy,reactome:ProteinReference1239
reactome:SmallMoleculeReference147,abstraction:ConsumptionControlledBy,reactome:ProteinReference242
reactome:SmallMoleculeReference1215,abstraction:ConsumptionControlledBy,reactome:ProteinReference2101
reactome:SmallMoleculeReference2540,abstraction:ConsumptionControlledBy,reactome:ProteinReference8427
reactome:SmallMoleculeReference6,abstraction:ConsumptionControlledBy,reactome:ProteinReference2
reactome:SmallMoleculeReference1587,abstraction:ConsumptionControlledBy,reactome:ProteinReference2625
reactome:SmallMoleculeReference653,abstraction:ConsumptionControlledBy,reactome:ProteinReference1204
reactome:SmallMoleculeReference355,abstraction:ConsumptionControlledBy,reactome:ProteinReference751
reactome:SmallMoleculeReference105,abstraction:ConsumptionControlledBy,reactome:ProteinReference194
reactome:SmallMoleculeReference159,abstraction:ConsumptionControlledBy,reactome:ProteinReference2432
reactome:SmallMoleculeReference131,abstraction:ConsumptionControlledBy,reactome:ProteinReference4067
reactome:SmallMoleculeReference96,abstraction:ConsumptionControlledBy,reactome:ProteinReference8856
reactome:SmallMoleculeReference1039,abstraction:ConsumptionControlledBy,reactome:ProteinReference1223
reactome:SmallMoleculeReference1332,abstraction:ConsumptionControlledBy,reactome:ProteinReference2262
reactome:SmallMoleculeReference120,abstraction:ConsumptionControlledBy,reactome:ProteinReference9046
reactome:SmallMoleculeReference159,abstraction:ConsumptionControlledBy,reactome:ProteinReference2257
reactome:SmallMoleculeReference1592,abstraction:ConsumptionControlledBy,reactome:ProteinReference2729
reactome:SmallMoleculeReference13,abstraction:ConsumptionControlledBy,reactome:ProteinReference8461
reactome:SmallMoleculeReference7,abstraction:ConsumptionControlledBy,reactome:ProteinReference9868
reactome:SmallMoleculeReference947,abstraction:ConsumptionControlledBy,reactome:ProteinReference1678
reactome:SmallMoleculeReference828,abstraction:ConsumptionControlledBy,reactome:ProteinReference4473
reactome:SmallMoleculeReference740,abstraction:ConsumptionControlledBy,reactome:ProteinReference2195
reactome:SmallMoleculeReference754,abstraction:ConsumptionControlledBy,reactome:ProteinReference1384
reactome:SmallMoleculeReference2687,abstraction:ConsumptionControlledBy,reactome:ProteinReference9228
reactome:SmallMoleculeReference146,abstraction:ConsumptionControlledBy,reactome:ProteinReference2361
reactome:SmallMoleculeReference1871,abstraction:ConsumptionControlledBy,reactome:ProteinReference4072
reactome:SmallMoleculeReference175,abstraction:ConsumptionControlledBy,reactome:ProteinReference289
reactome:SmallMoleculeReference159,abstraction:ConsumptionControlledBy,reactome:ProteinReference2439
reactome:SmallMoleculeReference1672,abstraction:ConsumptionControlledBy,reactome:ProteinReference2695
reactome:SmallMoleculeReference1209,abstraction:ConsumptionControlledBy,reactome:ProteinReference2101
reactome:SmallMoleculeReference45,abstraction:ConsumptionControlledBy,reactome:ProteinReference270
reactome:SmallMoleculeReference169,abstraction:ConsumptionControlledBy,reactome:ProteinReference2438
reactome:SmallMoleculeReference2601,abstraction:ConsumptionControlledBy,reactome:ProteinReference8339
reactome:SmallMoleculeReference1263,abstraction:ConsumptionControlledBy,reactome:ProteinReference2138
reactome:SmallMoleculeReference7,abstraction:ConsumptionControlledBy,reactome:ProteinReference1380
reactome:SmallMoleculeReference96,abstraction:ConsumptionControlledBy,reactome:ProteinReference4561
reactome:SmallMoleculeReference96,abstraction:ConsumptionControlledBy,reactome:ProteinReference4458
reactome:SmallMoleculeReference574,abstraction:ConsumptionControlledBy,reactome:ProteinReference1225
reactome:SmallMoleculeReference1253,abstraction:ConsumptionControlledBy,reactome:ProteinReference2142
reactome:SmallMoleculeReference342,abstraction:ConsumptionControlledBy,reactome:ProteinReference7588
reactome:SmallMoleculeReference425,abstraction:ConsumptionControlledBy,reactome:ProteinReference867
reactome:SmallMoleculeReference7,abstraction:ConsumptionControlledBy,reactome:ProteinReference5522
reactome:SmallMoleculeReference155,abstraction:ConsumptionControlledBy,reactome:ProteinReference2391
reactome:SmallMoleculeReference96,abstraction:ConsumptionControlledBy,reactome:ProteinReference8854
reactome:SmallMoleculeReference466,abstraction:ConsumptionControlledBy,reactome:ProteinReference6694
reactome:SmallMoleculeReference174,abstraction:ConsumptionControlledBy,reactome:ProteinReference802
reactome:SmallMoleculeReference656,abstraction:ConsumptionControlledBy,reactome:ProteinReference1263
reactome:SmallMoleculeReference1020,abstraction:ConsumptionControlledBy,reactome:ProteinReference1223
reactome:SmallMoleculeReference2101,abstraction:ConsumptionControlledBy,reactome:ProteinReference72
reactome:SmallMoleculeReference349,abstraction:ConsumptionControlledBy,reactome:ProteinReference2134
reactome:SmallMoleculeReference1575,abstraction:ConsumptionControlledBy,reactome:ProteinReference2620
reactome:SmallMoleculeReference1182,abstraction:ConsumptionControlledBy,reactome:ProteinReference2110
reactome:SmallMoleculeReference211,abstraction:ConsumptionControlledBy,reactome:ProteinReference954
reactome:SmallMoleculeReference45,abstraction:ConsumptionControlledBy,reactome:ProteinReference11478
reactome:SmallMoleculeReference1668,abstraction:ConsumptionControlledBy,reactome:ProteinReference26
reactome:SmallMoleculeReference8,abstraction:ConsumptionControlledBy,reactome:ProteinReference6
reactome:SmallMoleculeReference746,abstraction:ConsumptionControlledBy,reactome:ProteinReference1476
reactome:SmallMoleculeReference203,abstraction:ConsumptionControlledBy,reactome:ProteinReference8993
reactome:SmallMoleculeReference2101,abstraction:ConsumptionControlledBy,reactome:ProteinReference4775
reactome:SmallMoleculeReference2645,abstraction:ConsumptionControlledBy,reactome:ProteinReference4103
reactome:SmallMoleculeReference203,abstraction:ConsumptionControlledBy,reactome:ProteinReference9957
reactome:SmallMoleculeReference342,abstraction:ConsumptionControlledBy,reactome:ProteinReference6390
reactome:SmallMoleculeReference618,abstraction:ConsumptionControlledBy,reactome:ProteinReference1241
reactome:SmallMoleculeReference16,abstraction:ConsumptionControlledBy,reactome:ProteinReference11500
reactome:SmallMoleculeReference43,abstraction:ConsumptionControlledBy,reactome:ProteinReference5235
reactome:SmallMoleculeReference96,abstraction:ConsumptionControlledBy,reactome:ProteinReference3338
reactome:SmallMoleculeReference1486,abstraction:ConsumptionControlledBy,reactome:ProteinReference2100
reactome:SmallMoleculeReference1043,abstraction:ConsumptionControlledBy,reactome:ProteinReference1226
reactome:SmallMoleculeReference207,abstraction:ConsumptionControlledBy,reactome:ProteinReference929
reactome:SmallMoleculeReference919,abstraction:ConsumptionControlledBy,reactome:ProteinReference1678
reactome:SmallMoleculeReference566,abstraction:ConsumptionControlledBy,reactome:ProteinReference2635
reactome:SmallMoleculeReference1660,abstraction:ConsumptionControlledBy,reactome:ProteinReference26
reactome:SmallMoleculeReference174,abstraction:ConsumptionControlledBy,reactome:ProteinReference279
reactome:SmallMoleculeReference1562,abstraction:ConsumptionControlledBy,reactome:ProteinReference1753
reactome:SmallMoleculeReference148,abstraction:ConsumptionControlledBy,reactome:ProteinReference233
reactome:SmallMoleculeReference142,abstraction:ConsumptionControlledBy,reactome:ProteinReference2433
reactome:SmallMoleculeReference1290,abstraction:ConsumptionControlledBy,reactome:ProteinReference2204
reactome:SmallMoleculeReference1367,abstraction:ConsumptionControlledBy,reactome:ProteinReference2307
reactome:SmallMoleculeReference468,abstraction:ConsumptionControlledBy,reactome:ProteinReference1351
reactome:SmallMoleculeReference1656,abstraction:ConsumptionControlledBy,reactome:ProteinReference27
reactome:SmallMoleculeReference2601,abstraction:ConsumptionControlledBy,reactome:ProteinReference10630
reactome:SmallMoleculeReference127,abstraction:ConsumptionControlledBy,reactome:ProteinReference209
reactome:SmallMoleculeReference1527,abstraction:ConsumptionControlledBy,reactome:ProteinReference2591
reactome:SmallMoleculeReference146,abstraction:ConsumptionControlledBy,reactome:ProteinReference2429
reactome:SmallMoleculeReference297,abstraction:ConsumptionControlledBy,reactome:ProteinReference653
reactome:SmallMoleculeReference1219,abstraction:ConsumptionControlledBy,reactome:ProteinReference2103
reactome:SmallMoleculeReference566,abstraction:ConsumptionControlledBy,reactome:ProteinReference1221
reactome:SmallMoleculeReference394,abstraction:ConsumptionControlledBy,reactome:ProteinReference9699
reactome:SmallMoleculeReference45,abstraction:ConsumptionControlledBy,reactome:ProteinReference274
reactome:SmallMoleculeReference1253,abstraction:ConsumptionControlledBy,reactome:ProteinReference2145
reactome:SmallMoleculeReference6,abstraction:ConsumptionControlledBy,reactome:ProteinReference16
reactome:SmallMoleculeReference803,abstraction:ConsumptionControlledBy,reactome:ProteinReference1468
reactome:SmallMoleculeReference1462,abstraction:ConsumptionControlledBy,reactome:ProteinReference2435
reactome:SmallMoleculeReference8,abstraction:ConsumptionControlledBy,reactome:ProteinReference1204
reactome:SmallMoleculeReference1177,abstraction:ConsumptionControlledBy,reactome:ProteinReference2137
reactome:SmallMoleculeReference2601,abstraction:ConsumptionControlledBy,reactome:ProteinReference10615
reactome:SmallMoleculeReference147,abstraction:ConsumptionControlledBy,reactome:ProteinReference233
reactome:SmallMoleculeReference985,abstraction:ConsumptionControlledBy,reactome:ProteinReference1252
reactome:SmallMoleculeReference389,abstraction:ConsumptionControlledBy,reactome:ProteinReference831
reactome:SmallMoleculeReference174,abstraction:ConsumptionControlledBy,reactome:ProteinReference805
reactome:SmallMoleculeReference812,abstraction:ConsumptionControlledBy,reactome:ProteinReference1496
reactome:SmallMoleculeReference1160,abstraction:ConsumptionControlledBy,reactome:ProteinReference1959
reactome:SmallMoleculeReference1871,abstraction:ConsumptionControlledBy,reactome:ProteinReference1000
reactome:SmallMoleculeReference1436,abstraction:ConsumptionControlledBy,reactome:ProteinReference2401
reactome:SmallMoleculeReference466,abstraction:ConsumptionControlledBy,reactome:ProteinReference5861
reactome:SmallMoleculeReference144,abstraction:ConsumptionControlledBy,reactome:ProteinReference3672
reactome:SmallMoleculeReference2809,abstraction:ConsumptionControlledBy,reactome:ProteinReference2793
reactome:SmallMoleculeReference205,abstraction:ConsumptionControlledBy,reactome:ProteinReference2090
reactome:SmallMoleculeReference68,abstraction:ConsumptionControlledBy,reactome:ProteinReference11446
reactome:SmallMoleculeReference1729,abstraction:ConsumptionControlledBy,reactome:ProteinReference2748
reactome:SmallMoleculeReference43,abstraction:ConsumptionControlledBy,reactome:ProteinReference11602
reactome:SmallMoleculeReference2809,abstraction:ConsumptionControlledBy,reactome:ProteinReference2790
reactome:SmallMoleculeReference1160,abstraction:ConsumptionControlledBy,reactome:ProteinReference1943
reactome:SmallMoleculeReference96,abstraction:ConsumptionControlledBy,reactome:ProteinReference10578
reactome:SmallMoleculeReference120,abstraction:ConsumptionControlledBy,reactome:ProteinReference3389
reactome:SmallMoleculeReference601,abstraction:ConsumptionControlledBy,reactome:ProteinReference1231
reactome:SmallMoleculeReference48,abstraction:ConsumptionControlledBy,reactome:ProteinReference120
reactome:SmallMoleculeReference45,abstraction:ConsumptionControlledBy,reactome:ProteinReference458
reactome:SmallMoleculeReference1564,abstraction:ConsumptionControlledBy,reactome:ProteinReference1256
reactome:SmallMoleculeReference302,abstraction:ConsumptionControlledBy,reactome:ProteinReference1871
reactome:SmallMoleculeReference1226,abstraction:ConsumptionControlledBy,reactome:ProteinReference2792
reactome:SmallMoleculeReference714,abstraction:ConsumptionControlledBy,reactome:ProteinReference1300
reactome:SmallMoleculeReference2873,abstraction:ConsumptionControlledBy,reactome:ProteinReference2642
reactome:SmallMoleculeReference43,abstraction:ConsumptionControlledBy,reactome:ProteinReference10912
reactome:SmallMoleculeReference466,abstraction:ConsumptionControlledBy,reactome:ProteinReference1499
reactome:SmallMoleculeReference207,abstraction:ConsumptionControlledBy,reactome:ProteinReference3396
reactome:SmallMoleculeReference211,abstraction:ConsumptionControlledBy,reactome:ProteinReference2700
reactome:SmallMoleculeReference1212,abstraction:ConsumptionControlledBy,reactome:ProteinReference2154
reactome:SmallMoleculeReference45,abstraction:ConsumptionControlledBy,reactome:ProteinReference7758
reactome:SmallMoleculeReference122,abstraction:ConsumptionControlledBy,reactome:ProteinReference209
reactome:SmallMoleculeReference45,abstraction:ConsumptionControlledBy,reactome:ProteinReference102
reactome:SmallMoleculeReference135,abstraction:ConsumptionControlledBy,reactome:ProteinReference2682
reactome:SmallMoleculeReference394,abstraction:ConsumptionControlledBy,reactome:ProteinReference2595
reactome:SmallMoleculeReference382,abstraction:ConsumptionControlledBy,reactome:ProteinReference851
reactome:SmallMoleculeReference133,abstraction:ConsumptionControlledBy,reactome:ProteinReference214
reactome:SmallMoleculeReference102,abstraction:ConsumptionControlledBy,reactome:ProteinReference1694
reactome:SmallMoleculeReference203,abstraction:ConsumptionControlledBy,reactome:ProteinReference9956
reactome:SmallMoleculeReference345,abstraction:ConsumptionControlledBy,reactome:ProteinReference764
reactome:SmallMoleculeReference342,abstraction:ConsumptionControlledBy,reactome:ProteinReference6465
reactome:SmallMoleculeReference1373,abstraction:ConsumptionControlledBy,reactome:ProteinReference2301
reactome:SmallMoleculeReference734,abstraction:ConsumptionControlledBy,reactome:ProteinReference1324
reactome:SmallMoleculeReference1923,abstraction:ConsumptionControlledBy,reactome:ProteinReference4333
reactome:SmallMoleculeReference120,abstraction:ConsumptionControlledBy,reactome:ProteinReference3412
reactome:SmallMoleculeReference312,abstraction:ConsumptionControlledBy,reactome:ProteinReference1567
reactome:SmallMoleculeReference1228,abstraction:ConsumptionControlledBy,reactome:ProteinReference2117
reactome:SmallMoleculeReference1872,abstraction:ConsumptionControlledBy,reactome:ProteinReference1623
reactome:SmallMoleculeReference43,abstraction:ConsumptionControlledBy,reactome:ProteinReference11562
reactome:SmallMoleculeReference45,abstraction:ConsumptionControlledBy,reactome:ProteinReference10945
reactome:SmallMoleculeReference1576,abstraction:ConsumptionControlledBy,reactome:ProteinReference1255
reactome:SmallMoleculeReference143,abstraction:ConsumptionControlledBy,reactome:ProteinReference2353
reactome:SmallMoleculeReference342,abstraction:ConsumptionControlledBy,reactome:ProteinReference6443
reactome:SmallMoleculeReference49,abstraction:ConsumptionControlledBy,reactome:ProteinReference10641
reactome:SmallMoleculeReference96,abstraction:ConsumptionControlledBy,reactome:ProteinReference7591
reactome:SmallMoleculeReference1092,abstraction:ConsumptionControlledBy,reactome:ProteinReference1223
reactome:SmallMoleculeReference1869,abstraction:ConsumptionControlledBy,reactome:ProteinReference1624
reactome:SmallMoleculeReference466,abstraction:ConsumptionControlledBy,reactome:ProteinReference6704
reactome:SmallMoleculeReference1776,abstraction:ConsumptionControlledBy,reactome:ProteinReference26
reactome:SmallMoleculeReference101,abstraction:ConsumptionControlledBy,reactome:ProteinReference185
reactome:SmallMoleculeReference142,abstraction:ConsumptionControlledBy,reactome:ProteinReference6235
reactome:SmallMoleculeReference391,abstraction:ConsumptionControlledBy,reactome:ProteinReference11304
reactome:SmallMoleculeReference1210,abstraction:ConsumptionControlledBy,reactome:ProteinReference2139
reactome:SmallMoleculeReference174,abstraction:ConsumptionControlledBy,reactome:ProteinReference296
reactome:SmallMoleculeReference315,abstraction:ConsumptionControlledBy,reactome:ProteinReference987
reactome:SmallMoleculeReference1395,abstraction:ConsumptionControlledBy,reactome:ProteinReference2348
reactome:SmallMoleculeReference937,abstraction:ConsumptionControlledBy,reactome:ProteinReference1673
reactome:SmallMoleculeReference1472,abstraction:ConsumptionControlledBy,reactome:ProteinReference1160
reactome:SmallMoleculeReference211,abstraction:ConsumptionControlledBy,reactome:ProteinReference2706
reactome:SmallMoleculeReference96,abstraction:ConsumptionControlledBy,reactome:ProteinReference3180
reactome:SmallMoleculeReference1585,abstraction:ConsumptionControlledBy,reactome:ProteinReference1257
reactome:SmallMoleculeReference803,abstraction:ConsumptionControlledBy,reactome:ProteinReference1469
reactome:SmallMoleculeReference96,abstraction:ConsumptionControlledBy,reactome:ProteinReference10113
reactome:SmallMoleculeReference45,abstraction:ConsumptionControlledBy,reactome:ProteinReference165
reactome:SmallMoleculeReference45,abstraction:ConsumptionControlledBy,reactome:ProteinReference462
reactome:SmallMoleculeReference96,abstraction:ConsumptionControlledBy,reactome:ProteinReference2797
reactome:SmallMoleculeReference765,abstraction:ConsumptionControlledBy,reactome:ProteinReference1413
reactome:SmallMoleculeReference302,abstraction:ConsumptionControlledBy,reactome:ProteinReference1082
reactome:SmallMoleculeReference675,abstraction:ConsumptionControlledBy,reactome:ProteinReference1276
reactome:SmallMoleculeReference260,abstraction:ConsumptionControlledBy,reactome:ProteinReference1429
reactome:SmallMoleculeReference298,abstraction:ConsumptionControlledBy,reactome:ProteinReference678
reactome:SmallMoleculeReference605,abstraction:ConsumptionControlledBy,reactome:ProteinReference1239
reactome:SmallMoleculeReference74,abstraction:ConsumptionControlledBy,reactome:ProteinReference171
reactome:SmallMoleculeReference467,abstraction:ConsumptionControlledBy,reactome:ProteinReference1029
reactome:SmallMoleculeReference96,abstraction:ConsumptionControlledBy,reactome:ProteinReference4549
reactome:SmallMoleculeReference46,abstraction:ConsumptionControlledBy,reactome:ProteinReference12042
reactome:SmallMoleculeReference298,abstraction:ConsumptionControlledBy,reactome:ProteinReference11619
reactome:SmallMoleculeReference486,abstraction:ConsumptionControlledBy,reactome:ProteinReference1034
reactome:SmallMoleculeReference751,abstraction:ConsumptionControlledBy,reactome:ProteinReference12044
reactome:SmallMoleculeReference466,abstraction:ConsumptionControlledBy,reactome:ProteinReference1010
reactome:SmallMoleculeReference740,abstraction:ConsumptionControlledBy,reactome:ProteinReference2201
reactome:SmallMoleculeReference197,abstraction:ConsumptionControlledBy,reactome:ProteinReference308
reactome:SmallMoleculeReference966,abstraction:ConsumptionControlledBy,reactome:ProteinReference1713
reactome:SmallMoleculeReference1585,abstraction:ConsumptionControlledBy,reactome:ProteinReference2674
reactome:SmallMoleculeReference326,abstraction:ConsumptionControlledBy,reactome:ProteinReference1587
reactome:SmallMoleculeReference342,abstraction:ConsumptionControlledBy,reactome:ProteinReference57
reactome:SmallMoleculeReference466,abstraction:ConsumptionControlledBy,reactome:ProteinReference5818
reactome:SmallMoleculeReference45,abstraction:ConsumptionControlledBy,reactome:ProteinReference10940
reactome:SmallMoleculeReference134,abstraction:ConsumptionControlledBy,reactome:ProteinReference1440
reactome:SmallMoleculeReference1502,abstraction:ConsumptionControlledBy,reactome:ProteinReference2558
reactome:SmallMoleculeReference157,abstraction:ConsumptionControlledBy,reactome:ProteinReference241
reactome:SmallMoleculeReference751,abstraction:ConsumptionControlledBy,reactome:ProteinReference12043
reactome:SmallMoleculeReference86,abstraction:ConsumptionControlledBy,reactome:ProteinReference181
reactome:SmallMoleculeReference120,abstraction:ConsumptionControlledBy,reactome:ProteinReference3380
reactome:SmallMoleculeReference336,abstraction:ConsumptionControlledBy,reactome:ProteinReference1594
reactome:SmallMoleculeReference132,abstraction:ConsumptionControlledBy,reactome:ProteinReference1748
reactome:SmallMoleculeReference1587,abstraction:ConsumptionControlledBy,reactome:ProteinReference1257
reactome:SmallMoleculeReference109,abstraction:ConsumptionControlledBy,reactome:ProteinReference191
reactome:SmallMoleculeReference198,abstraction:ConsumptionControlledBy,reactome:ProteinReference308
reactome:SmallMoleculeReference46,abstraction:ConsumptionControlledBy,reactome:ProteinReference11450
reactome:SmallMoleculeReference1220,abstraction:ConsumptionControlledBy,reactome:ProteinReference2166
reactome:SmallMoleculeReference1094,abstraction:ConsumptionControlledBy,reactome:ProteinReference1223
reactome:SmallMoleculeReference206,abstraction:ConsumptionControlledBy,reactome:ProteinReference2082
reactome:SmallMoleculeReference382,abstraction:ConsumptionControlledBy,reactome:ProteinReference843
reactome:SmallMoleculeReference46,abstraction:ConsumptionControlledBy,reactome:ProteinReference12075
reactome:SmallMoleculeReference752,abstraction:ConsumptionControlledBy,reactome:ProteinReference1405
reactome:SmallMoleculeReference193,abstraction:ConsumptionControlledBy,reactome:ProteinReference2131
reactome:SmallMoleculeReference1407,abstraction:ConsumptionControlledBy,reactome:ProteinReference2366
reactome:SmallMoleculeReference302,abstraction:ConsumptionControlledBy,reactome:ProteinReference2752
reactome:SmallMoleculeReference1930,abstraction:ConsumptionControlledBy,reactome:ProteinReference4825
reactome:SmallMoleculeReference120,abstraction:ConsumptionControlledBy,reactome:ProteinReference2368
reactome:SmallMoleculeReference46,abstraction:ConsumptionControlledBy,reactome:ProteinReference549
reactome:SmallMoleculeReference1878,abstraction:ConsumptionControlledBy,reactome:ProteinReference4084
reactome:SmallMoleculeReference756,abstraction:ConsumptionControlledBy,reactome:ProteinReference1387
reactome:SmallMoleculeReference427,abstraction:ConsumptionControlledBy,reactome:ProteinReference869
reactome:SmallMoleculeReference1581,abstraction:ConsumptionControlledBy,reactome:ProteinReference2628
reactome:SmallMoleculeReference659,abstraction:ConsumptionControlledBy,reactome:ProteinReference1752
reactome:SmallMoleculeReference754,abstraction:ConsumptionControlledBy,reactome:ProteinReference1392
reactome:SmallMoleculeReference2675,abstraction:ConsumptionControlledBy,reactome:ProteinReference4321
reactome:SmallMoleculeReference91,abstraction:ConsumptionControlledBy,reactome:ProteinReference176
reactome:SmallMoleculeReference55,abstraction:ConsumptionControlledBy,reactome:ProteinReference872
reactome:SmallMoleculeReference46,abstraction:ConsumptionControlledBy,reactome:ProteinReference11477
reactome:SmallMoleculeReference466,abstraction:ConsumptionControlledBy,reactome:ProteinReference6439
reactome:SmallMoleculeReference203,abstraction:ConsumptionControlledBy,reactome:ProteinReference4564
reactome:SmallMoleculeReference96,abstraction:ConsumptionControlledBy,reactome:ProteinReference3159
reactome:SmallMoleculeReference190,abstraction:ConsumptionControlledBy,reactome:ProteinReference307
reactome:SmallMoleculeReference750,abstraction:ConsumptionControlledBy,reactome:ProteinReference1403
reactome:SmallMoleculeReference1229,abstraction:ConsumptionControlledBy,reactome:ProteinReference2121
reactome:SmallMoleculeReference439,abstraction:ConsumptionControlledBy,reactome:ProteinReference981
reactome:SmallMoleculeReference1205,abstraction:ConsumptionControlledBy,reactome:ProteinReference2081
reactome:SmallMoleculeReference1868,abstraction:ConsumptionControlledBy,reactome:ProteinReference890
reactome:SmallMoleculeReference96,abstraction:ConsumptionControlledBy,reactome:ProteinReference4457
reactome:SmallMoleculeReference203,abstraction:ConsumptionControlledBy,reactome:ProteinReference7721
reactome:SmallMoleculeReference1527,abstraction:ConsumptionControlledBy,reactome:ProteinReference2594
reactome:SmallMoleculeReference55,abstraction:ConsumptionControlledBy,reactome:ProteinReference161
reactome:SmallMoleculeReference48,abstraction:ConsumptionControlledBy,reactome:ProteinReference114
reactome:SmallMoleculeReference858,abstraction:ConsumptionControlledBy,reactome:ProteinReference1635
reactome:SmallMoleculeReference714,abstraction:ConsumptionControlledBy,reactome:ProteinReference1328
reactome:SmallMoleculeReference342,abstraction:ConsumptionControlledBy,reactome:ProteinReference6466
reactome:SmallMoleculeReference7,abstraction:ConsumptionControlledBy,reactome:ProteinReference9
reactome:SmallMoleculeReference598,abstraction:ConsumptionControlledBy,reactome:ProteinReference1228
reactome:SmallMoleculeReference7,abstraction:ConsumptionControlledBy,reactome:ProteinReference5060
reactome:SmallMoleculeReference209,abstraction:ConsumptionControlledBy,reactome:ProteinReference937
reactome:SmallMoleculeReference1160,abstraction:ConsumptionControlledBy,reactome:ProteinReference1961
reactome:SmallMoleculeReference120,abstraction:ConsumptionControlledBy,reactome:ProteinReference206
reactome:SmallMoleculeReference45,abstraction:ConsumptionControlledBy,reactome:ProteinReference224
reactome:SmallMoleculeReference150,abstraction:ConsumptionControlledBy,reactome:ProteinReference2393
reactome:SmallMoleculeReference232,abstraction:ConsumptionControlledBy,reactome:ProteinReference814
reactome:SmallMoleculeReference764,abstraction:ConsumptionControlledBy,reactome:ProteinReference2101
reactome:SmallMoleculeReference149,abstraction:ConsumptionControlledBy,reactome:ProteinReference2718
reactome:SmallMoleculeReference1161,abstraction:ConsumptionControlledBy,reactome:ProteinReference1975
reactome:SmallMoleculeReference860,abstraction:ConsumptionControlledBy,reactome:ProteinReference1639
reactome:SmallMoleculeReference144,abstraction:ConsumptionControlledBy,reactome:ProteinReference2434
reactome:SmallMoleculeReference691,abstraction:ConsumptionControlledBy,reactome:ProteinReference1281
reactome:SmallMoleculeReference46,abstraction:ConsumptionControlledBy,reactome:ProteinReference6794
reactome:SmallMoleculeReference756,abstraction:ConsumptionControlledBy,reactome:ProteinReference1470
reactome:SmallMoleculeReference985,abstraction:ConsumptionControlledBy,reactome:ProteinReference1131
reactome:SmallMoleculeReference347,abstraction:ConsumptionControlledBy,reactome:ProteinReference2101
reactome:SmallMoleculeReference210,abstraction:ConsumptionControlledBy,reactome:ProteinReference322
reactome:SmallMoleculeReference7,abstraction:ConsumptionControlledBy,reactome:ProteinReference1500
reactome:SmallMoleculeReference1577,abstraction:ConsumptionControlledBy,reactome:ProteinReference1254
reactome:SmallMoleculeReference592,abstraction:ConsumptionControlledBy,reactome:ProteinReference1241
reactome:SmallMoleculeReference2583,abstraction:ConsumptionControlledBy,reactome:ProteinReference8443
reactome:SmallMoleculeReference342,abstraction:ConsumptionControlledBy,reactome:ProteinReference1457
reactome:SmallMoleculeReference892,abstraction:ConsumptionControlledBy,reactome:ProteinReference1653
reactome:SmallMoleculeReference476,abstraction:ConsumptionControlledBy,reactome:ProteinReference1031
reactome:SmallMoleculeReference754,abstraction:ConsumptionControlledBy,reactome:ProteinReference1460
reactome:SmallMoleculeReference1209,abstraction:ConsumptionControlledBy,reactome:ProteinReference2086
reactome:SmallMoleculeReference96,abstraction:ConsumptionControlledBy,reactome:ProteinReference10133
reactome:SmallMoleculeReference203,abstraction:ConsumptionControlledBy,reactome:ProteinReference5002
reactome:SmallMoleculeReference163,abstraction:ConsumptionControlledBy,reactome:ProteinReference2550
reactome:SmallMoleculeReference836,abstraction:ConsumptionControlledBy,reactome:ProteinReference891
reactome:SmallMoleculeReference659,abstraction:ConsumptionControlledBy,reactome:ProteinReference1255
reactome:SmallMoleculeReference434,abstraction:ConsumptionControlledBy,reactome:ProteinReference903
reactome:SmallMoleculeReference96,abstraction:ConsumptionControlledBy,reactome:ProteinReference10562
reactome:SmallMoleculeReference342,abstraction:ConsumptionControlledBy,reactome:ProteinReference6444
reactome:SmallMoleculeReference134,abstraction:ConsumptionControlledBy,reactome:ProteinReference218
reactome:SmallMoleculeReference799,abstraction:ConsumptionControlledBy,reactome:ProteinReference1466
reactome:SmallMoleculeReference680,abstraction:ConsumptionControlledBy,reactome:ProteinReference1278
reactome:SmallMoleculeReference123,abstraction:ConsumptionControlledBy,reactome:ProteinReference169
reactome:SmallMoleculeReference653,abstraction:ConsumptionControlledBy,reactome:ProteinReference1461
reactome:SmallMoleculeReference676,abstraction:ConsumptionControlledBy,reactome:ProteinReference1277
reactome:SmallMoleculeReference230,abstraction:ConsumptionControlledBy,reactome:ProteinReference1389
reactome:SmallMoleculeReference916,abstraction:ConsumptionControlledBy,reactome:ProteinReference1210
reactome:SmallMoleculeReference1160,abstraction:ConsumptionControlledBy,reactome:ProteinReference1918
reactome:SmallMoleculeReference2601,abstraction:ConsumptionControlledBy,reactome:ProteinReference5010
reactome:SmallMoleculeReference302,abstraction:ConsumptionControlledBy,reactome:ProteinReference1276
reactome:SmallMoleculeReference2862,abstraction:ConsumptionControlledBy,reactome:ProteinReference11445
reactome:SmallMoleculeReference1216,abstraction:ConsumptionControlledBy,reactome:ProteinReference2099
reactome:SmallMoleculeReference348,abstraction:ConsumptionControlledBy,reactome:ProteinReference2102
reactome:SmallMoleculeReference1243,abstraction:ConsumptionControlledBy,reactome:ProteinReference2147
reactome:SmallMoleculeReference1853,abstraction:ConsumptionControlledBy,reactome:ProteinReference1721
reactome:SmallMoleculeReference1226,abstraction:ConsumptionControlledBy,reactome:ProteinReference2799
reactome:SmallMoleculeReference1180,abstraction:ConsumptionControlledBy,reactome:ProteinReference2259
reactome:SmallMoleculeReference569,abstraction:ConsumptionControlledBy,reactome:ProteinReference2730
reactome:SmallMoleculeReference96,abstraction:ConsumptionControlledBy,reactome:ProteinReference4554
reactome:SmallMoleculeReference466,abstraction:ConsumptionControlledBy,reactome:ProteinReference9459
reactome:SmallMoleculeReference138,abstraction:ConsumptionControlledBy,reactome:ProteinReference249
reactome:SmallMoleculeReference2809,abstraction:ConsumptionControlledBy,reactome:ProteinReference2797
reactome:SmallMoleculeReference16,abstraction:ConsumptionControlledBy,reactome:ProteinReference224
reactome:SmallMoleculeReference45,abstraction:ConsumptionControlledBy,reactome:ProteinReference242
reactome:SmallMoleculeReference43,abstraction:ConsumptionControlledBy,reactome:ProteinReference355
reactome:SmallMoleculeReference302,abstraction:ConsumptionControlledBy,reactome:ProteinReference1837
reactome:SmallMoleculeReference466,abstraction:ConsumptionControlledBy,reactome:ProteinReference5834
reactome:SmallMoleculeReference45,abstraction:ConsumptionControlledBy,reactome:ProteinReference455
reactome:SmallMoleculeReference342,abstraction:ConsumptionControlledBy,reactome:ProteinReference4577
reactome:SmallMoleculeReference1735,abstraction:ConsumptionControlledBy,reactome:ProteinReference2724
reactome:SmallMoleculeReference393,abstraction:ConsumptionControlledBy,reactome:ProteinReference2068
reactome:SmallMoleculeReference909,abstraction:ConsumptionControlledBy,reactome:ProteinReference1657
reactome:SmallMoleculeReference154,abstraction:ConsumptionControlledBy,reactome:ProteinReference2070
reactome:SmallMoleculeReference748,abstraction:ConsumptionControlledBy,reactome:ProteinReference1377
reactome:SmallMoleculeReference887,abstraction:ConsumptionControlledBy,reactome:ProteinReference1660
reactome:SmallMoleculeReference1577,abstraction:ConsumptionControlledBy,reactome:ProteinReference1753
reactome:SmallMoleculeReference478,abstraction:ConsumptionControlledBy,reactome:ProteinReference1033
reactome:SmallMoleculeReference216,abstraction:ConsumptionControlledBy,reactome:ProteinReference4065
reactome:SmallMoleculeReference158,abstraction:ConsumptionControlledBy,reactome:ProteinReference3680
reactome:SmallMoleculeReference346,abstraction:ConsumptionControlledBy,reactome:ProteinReference720
reactome:SmallMoleculeReference96,abstraction:ConsumptionControlledBy,reactome:ProteinReference1052
reactome:SmallMoleculeReference199,abstraction:ConsumptionControlledBy,reactome:ProteinReference309
reactome:SmallMoleculeReference46,abstraction:ConsumptionControlledBy,reactome:ProteinReference3519
reactome:SmallMoleculeReference82,abstraction:ConsumptionControlledBy,reactome:ProteinReference170
reactome:SmallMoleculeReference96,abstraction:ConsumptionControlledBy,reactome:ProteinReference3249
reactome:SmallMoleculeReference203,abstraction:ConsumptionControlledBy,reactome:ProteinReference9955
reactome:SmallMoleculeReference192,abstraction:ConsumptionControlledBy,reactome:ProteinReference310
reactome:SmallMoleculeReference1368,abstraction:ConsumptionControlledBy,reactome:ProteinReference2303
reactome:SmallMoleculeReference834,abstraction:ConsumptionControlledBy,reactome:ProteinReference1632
reactome:SmallMoleculeReference808,abstraction:ConsumptionControlledBy,reactome:ProteinReference7265
reactome:SmallMoleculeReference466,abstraction:ConsumptionControlledBy,reactome:ProteinReference5820
reactome:SmallMoleculeReference46,abstraction:ConsumptionControlledBy,reactome:ProteinReference10999
reactome:SmallMoleculeReference1043,abstraction:ConsumptionControlledBy,reactome:ProteinReference1227
reactome:SmallMoleculeReference209,abstraction:ConsumptionControlledBy,reactome:ProteinReference855
reactome:SmallMoleculeReference45,abstraction:ConsumptionControlledBy,reactome:ProteinReference10943
reactome:SmallMoleculeReference210,abstraction:ConsumptionControlledBy,reactome:ProteinReference2703
reactome:SmallMoleculeReference79,abstraction:ConsumptionControlledBy,reactome:ProteinReference1441
reactome:SmallMoleculeReference342,abstraction:ConsumptionControlledBy,reactome:ProteinReference6456
reactome:SmallMoleculeReference1272,abstraction:ConsumptionControlledBy,reactome:ProteinReference2352
reactome:SmallMoleculeReference169,abstraction:ConsumptionControlledBy,reactome:ProteinReference2431
reactome:SmallMoleculeReference96,abstraction:ConsumptionControlledBy,reactome:ProteinReference5244
reactome:SmallMoleculeReference119,abstraction:ConsumptionControlledBy,reactome:ProteinReference5544
reactome:SmallMoleculeReference167,abstraction:ConsumptionControlledBy,reactome:ProteinReference269
reactome:SmallMoleculeReference754,abstraction:ConsumptionControlledBy,reactome:ProteinReference1458
reactome:SmallMoleculeReference466,abstraction:ConsumptionControlledBy,reactome:ProteinReference359
reactome:SmallMoleculeReference205,abstraction:ConsumptionControlledBy,reactome:ProteinReference2154
reactome:SmallMoleculeReference1358,abstraction:ConsumptionControlledBy,reactome:ProteinReference12044
reactome:SmallMoleculeReference1284,abstraction:ConsumptionControlledBy,reactome:ProteinReference2179
reactome:SmallMoleculeReference1581,abstraction:ConsumptionControlledBy,reactome:ProteinReference2624
reactome:SmallMoleculeReference79,abstraction:ConsumptionControlledBy,reactome:ProteinReference197
reactome:SmallMoleculeReference1352,abstraction:ConsumptionControlledBy,reactome:ProteinReference2286
reactome:SmallMoleculeReference1678,abstraction:ConsumptionControlledBy,reactome:ProteinReference2694
reactome:SmallMoleculeReference217,abstraction:ConsumptionControlledBy,reactome:ProteinReference3960
reactome:SmallMoleculeReference1483,abstraction:ConsumptionControlledBy,reactome:ProteinReference871
reactome:SmallMoleculeReference142,abstraction:ConsumptionControlledBy,reactome:ProteinReference5533
reactome:SmallMoleculeReference1580,abstraction:ConsumptionControlledBy,reactome:ProteinReference2627
reactome:SmallMoleculeReference143,abstraction:ConsumptionControlledBy,reactome:ProteinReference246
reactome:SmallMoleculeReference1676,abstraction:ConsumptionControlledBy,reactome:ProteinReference2700
reactome:SmallMoleculeReference203,abstraction:ConsumptionControlledBy,reactome:ProteinReference9007
reactome:SmallMoleculeReference2809,abstraction:ConsumptionControlledBy,reactome:ProteinReference2792
reactome:SmallMoleculeReference211,abstraction:ConsumptionControlledBy,reactome:ProteinReference2695
reactome:SmallMoleculeReference565,abstraction:ConsumptionControlledBy,reactome:ProteinReference2009
reactome:SmallMoleculeReference148,abstraction:ConsumptionControlledBy,reactome:ProteinReference2338
reactome:SmallMoleculeReference46,abstraction:ConsumptionControlledBy,reactome:ProteinReference571
reactome:SmallMoleculeReference1930,abstraction:ConsumptionControlledBy,reactome:ProteinReference4789
reactome:SmallMoleculeReference972,abstraction:ConsumptionControlledBy,reactome:ProteinReference1712
reactome:SmallMoleculeReference1716,abstraction:ConsumptionControlledBy,reactome:ProteinReference1217
reactome:SmallMoleculeReference852,abstraction:ConsumptionControlledBy,reactome:ProteinReference2422
reactome:SmallMoleculeReference342,abstraction:ConsumptionControlledBy,reactome:ProteinReference6468
reactome:SmallMoleculeReference653,abstraction:ConsumptionControlledBy,reactome:ProteinReference1495
reactome:SmallMoleculeReference466,abstraction:ConsumptionControlledBy,reactome:ProteinReference6695
reactome:SmallMoleculeReference46,abstraction:ConsumptionControlledBy,reactome:ProteinReference8057
reactome:SmallMoleculeReference466,abstraction:ConsumptionControlledBy,reactome:ProteinReference5847
reactome:SmallMoleculeReference16,abstraction:ConsumptionControlledBy,reactome:ProteinReference545
reactome:SmallMoleculeReference261,abstraction:ConsumptionControlledBy,reactome:ProteinReference471
reactome:SmallMoleculeReference96,abstraction:ConsumptionControlledBy,reactome:ProteinReference2348
reactome:SmallMoleculeReference334,abstraction:ConsumptionControlledBy,reactome:ProteinReference1591
reactome:SmallMoleculeReference1751,abstraction:ConsumptionControlledBy,reactome:ProteinReference3288
reactome:SmallMoleculeReference46,abstraction:ConsumptionControlledBy,reactome:ProteinReference12044
reactome:SmallMoleculeReference232,abstraction:ConsumptionControlledBy,reactome:ProteinReference7410
reactome:SmallMoleculeReference45,abstraction:ConsumptionControlledBy,reactome:ProteinReference233
reactome:SmallMoleculeReference43,abstraction:ConsumptionControlledBy,reactome:ProteinReference11527
reactome:SmallMoleculeReference96,abstraction:ConsumptionControlledBy,reactome:ProteinReference1099
reactome:SmallMoleculeReference1206,abstraction:ConsumptionControlledBy,reactome:ProteinReference2082
reactome:SmallMoleculeReference2552,abstraction:ConsumptionControlledBy,reactome:ProteinReference8435
reactome:SmallMoleculeReference751,abstraction:ConsumptionControlledBy,reactome:ProteinReference1363
reactome:SmallMoleculeReference260,abstraction:ConsumptionControlledBy,reactome:ProteinReference3975
reactome:SmallMoleculeReference46,abstraction:ConsumptionControlledBy,reactome:ProteinReference5554
reactome:SmallMoleculeReference96,abstraction:ConsumptionControlledBy,reactome:ProteinReference9051
reactome:SmallMoleculeReference1724,abstraction:ConsumptionControlledBy,reactome:ProteinReference2748
reactome:SmallMoleculeReference1841,abstraction:ConsumptionControlledBy,reactome:ProteinReference4065
reactome:SmallMoleculeReference217,abstraction:ConsumptionControlledBy,reactome:ProteinReference3959
reactome:SmallMoleculeReference754,abstraction:ConsumptionControlledBy,reactome:ProteinReference1393
reactome:SmallMoleculeReference142,abstraction:ConsumptionControlledBy,reactome:ProteinReference266
reactome:SmallMoleculeReference956,abstraction:ConsumptionControlledBy,reactome:ProteinReference1677
reactome:SmallMoleculeReference1259,abstraction:ConsumptionControlledBy,reactome:ProteinReference2150
reactome:SmallMoleculeReference1843,abstraction:ConsumptionControlledBy,reactome:ProteinReference4095
reactome:SmallMoleculeReference120,abstraction:ConsumptionControlledBy,reactome:ProteinReference2322
reactome:SmallMoleculeReference154,abstraction:ConsumptionControlledBy,reactome:ProteinReference4055
reactome:SmallMoleculeReference7,abstraction:ConsumptionControlledBy,reactome:ProteinReference5443
reactome:SmallMoleculeReference207,abstraction:ConsumptionControlledBy,reactome:ProteinReference3381
reactome:SmallMoleculeReference466,abstraction:ConsumptionControlledBy,reactome:ProteinReference6845
reactome:SmallMoleculeReference45,abstraction:ConsumptionControlledBy,reactome:ProteinReference10749
reactome:SmallMoleculeReference1712,abstraction:ConsumptionControlledBy,reactome:ProteinReference2725
reactome:SmallMoleculeReference834,abstraction:ConsumptionControlledBy,reactome:ProteinReference1634
reactome:SmallMoleculeReference2101,abstraction:ConsumptionControlledBy,reactome:ProteinReference69
reactome:SmallMoleculeReference1306,abstraction:ConsumptionControlledBy,reactome:ProteinReference2255
reactome:SmallMoleculeReference43,abstraction:ConsumptionControlledBy,reactome:ProteinReference11489
reactome:SmallMoleculeReference618,abstraction:ConsumptionControlledBy,reactome:ProteinReference1225
reactome:SmallMoleculeReference163,abstraction:ConsumptionControlledBy,reactome:ProteinReference260
reactome:SmallMoleculeReference1569,abstraction:ConsumptionControlledBy,reactome:ProteinReference2625
reactome:SmallMoleculeReference2601,abstraction:ConsumptionControlledBy,reactome:ProteinReference8607
reactome:SmallMoleculeReference244,abstraction:ConsumptionControlledBy,reactome:ProteinReference1277
reactome:SmallMoleculeReference466,abstraction:ConsumptionControlledBy,reactome:ProteinReference8244
reactome:SmallMoleculeReference203,abstraction:ConsumptionControlledBy,reactome:ProteinReference5287
reactome:SmallMoleculeReference96,abstraction:ConsumptionControlledBy,reactome:ProteinReference10557
reactome:SmallMoleculeReference1305,abstraction:ConsumptionControlledBy,reactome:ProteinReference2218
reactome:SmallMoleculeReference144,abstraction:ConsumptionControlledBy,reactome:ProteinReference253
reactome:SmallMoleculeReference1603,abstraction:ConsumptionControlledBy,reactome:ProteinReference1229
reactome:SmallMoleculeReference205,abstraction:ConsumptionControlledBy,reactome:ProteinReference2086
reactome:SmallMoleculeReference139,abstraction:ConsumptionControlledBy,reactome:ProteinReference2749
reactome:SmallMoleculeReference383,abstraction:ConsumptionControlledBy,reactome:ProteinReference846
reactome:SmallMoleculeReference1226,abstraction:ConsumptionControlledBy,reactome:ProteinReference2791
reactome:SmallMoleculeReference126,abstraction:ConsumptionControlledBy,reactome:ProteinReference1824
reactome:SmallMoleculeReference1571,abstraction:ConsumptionControlledBy,reactome:ProteinReference1752
reactome:SmallMoleculeReference1576,abstraction:ConsumptionControlledBy,reactome:ProteinReference1254
reactome:SmallMoleculeReference43,abstraction:ConsumptionControlledBy,reactome:ProteinReference153
reactome:SmallMoleculeReference715,abstraction:ConsumptionControlledBy,reactome:ProteinReference1297
reactome:SmallMoleculeReference140,abstraction:ConsumptionControlledBy,reactome:ProteinReference2438
reactome:SmallMoleculeReference203,abstraction:ConsumptionControlledBy,reactome:ProteinReference6137
reactome:SmallMoleculeReference1708,abstraction:ConsumptionControlledBy,reactome:ProteinReference2715
reactome:SmallMoleculeReference353,abstraction:ConsumptionControlledBy,reactome:ProteinReference746
reactome:SmallMoleculeReference96,abstraction:ConsumptionControlledBy,reactome:ProteinReference7572
reactome:SmallMoleculeReference1353,abstraction:ConsumptionControlledBy,reactome:ProteinReference2286
reactome:SmallMoleculeReference2551,abstraction:ConsumptionControlledBy,reactome:ProteinReference8436
reactome:SmallMoleculeReference96,abstraction:ConsumptionControlledBy,reactome:ProteinReference10117
reactome:SmallMoleculeReference7,abstraction:ConsumptionControlledBy,reactome:ProteinReference6347
reactome:SmallMoleculeReference191,abstraction:ConsumptionControlledBy,reactome:ProteinReference308
reactome:SmallMoleculeReference467,abstraction:ConsumptionControlledBy,reactome:ProteinReference1026
reactome:SmallMoleculeReference211,abstraction:ConsumptionControlledBy,reactome:ProteinReference939
reactome:SmallMoleculeReference2101,abstraction:ConsumptionControlledBy,reactome:ProteinReference65
reactome:SmallMoleculeReference215,abstraction:ConsumptionControlledBy,reactome:ProteinReference2678
reactome:SmallMoleculeReference1804,abstraction:ConsumptionControlledBy,reactome:ProteinReference310
reactome:SmallMoleculeReference1824,abstraction:ConsumptionControlledBy,reactome:ProteinReference185
reactome:SmallMoleculeReference1663,abstraction:ConsumptionControlledBy,reactome:ProteinReference1161
reactome:SmallMoleculeReference96,abstraction:ConsumptionControlledBy,reactome:ProteinReference3190
reactome:SmallMoleculeReference260,abstraction:ConsumptionControlledBy,reactome:ProteinReference471
reactome:SmallMoleculeReference362,abstraction:ConsumptionControlledBy,reactome:ProteinReference808
reactome:SmallMoleculeReference203,abstraction:ConsumptionControlledBy,reactome:ProteinReference3477
reactome:SmallMoleculeReference394,abstraction:ConsumptionControlledBy,reactome:ProteinReference1241
reactome:SmallMoleculeReference751,abstraction:ConsumptionControlledBy,reactome:ProteinReference2279
reactome:SmallMoleculeReference49,abstraction:ConsumptionControlledBy,reactome:ProteinReference2760
reactome:SmallMoleculeReference140,abstraction:ConsumptionControlledBy,reactome:ProteinReference3676
reactome:SmallMoleculeReference511,abstraction:ConsumptionControlledBy,reactome:ProteinReference1184
reactome:SmallMoleculeReference342,abstraction:ConsumptionControlledBy,reactome:ProteinReference6427
reactome:SmallMoleculeReference43,abstraction:ConsumptionControlledBy,reactome:ProteinReference149
reactome:SmallMoleculeReference96,abstraction:ConsumptionControlledBy,reactome:ProteinReference2801
reactome:SmallMoleculeReference45,abstraction:ConsumptionControlledBy,reactome:ProteinReference103
reactome:SmallMoleculeReference597,abstraction:ConsumptionControlledBy,reactome:ProteinReference1223
reactome:SmallMoleculeReference394,abstraction:ConsumptionControlledBy,reactome:ProteinReference6203
reactome:SmallMoleculeReference648,abstraction:ConsumptionControlledBy,reactome:ProteinReference1138
reactome:SmallMoleculeReference1444,abstraction:ConsumptionControlledBy,reactome:ProteinReference2407
reactome:SmallMoleculeReference817,abstraction:ConsumptionControlledBy,reactome:ProteinReference1549
reactome:SmallMoleculeReference70,abstraction:ConsumptionControlledBy,reactome:ProteinReference172
reactome:SmallMoleculeReference203,abstraction:ConsumptionControlledBy,reactome:ProteinReference9010
reactome:SmallMoleculeReference1236,abstraction:ConsumptionControlledBy,reactome:ProteinReference2126
reactome:SmallMoleculeReference207,abstraction:ConsumptionControlledBy,reactome:ProteinReference3383
reactome:SmallMoleculeReference218,abstraction:ConsumptionControlledBy,reactome:ProteinReference328
reactome:SmallMoleculeReference698,abstraction:ConsumptionControlledBy,reactome:ProteinReference1745
reactome:SmallMoleculeReference1585,abstraction:ConsumptionControlledBy,reactome:ProteinReference2686
reactome:SmallMoleculeReference184,abstraction:ConsumptionControlledBy,reactome:ProteinReference300
reactome:SmallMoleculeReference147,abstraction:ConsumptionControlledBy,reactome:ProteinReference3674
reactome:SmallMoleculeReference8,abstraction:ConsumptionControlledBy,reactome:ProteinReference1469
reactome:SmallMoleculeReference1415,abstraction:ConsumptionControlledBy,reactome:ProteinReference2370
reactome:SmallMoleculeReference1576,abstraction:ConsumptionControlledBy,reactome:ProteinReference1753
reactome:SmallMoleculeReference718,abstraction:ConsumptionControlledBy,reactome:ProteinReference1170
reactome:SmallMoleculeReference133,abstraction:ConsumptionControlledBy,reactome:ProteinReference218
reactome:SmallMoleculeReference120,abstraction:ConsumptionControlledBy,reactome:ProteinReference3850
reactome:SmallMoleculeReference1849,abstraction:ConsumptionControlledBy,reactome:ProteinReference3976
reactome:SmallMoleculeReference986,abstraction:ConsumptionControlledBy,reactome:ProteinReference1723
reactome:SmallMoleculeReference43,abstraction:ConsumptionControlledBy,reactome:ProteinReference12162
reactome:SmallMoleculeReference45,abstraction:ConsumptionControlledBy,reactome:ProteinReference226
reactome:SmallMoleculeReference750,abstraction:ConsumptionControlledBy,reactome:ProteinReference1352
reactome:SmallMoleculeReference698,abstraction:ConsumptionControlledBy,reactome:ProteinReference1146
reactome:SmallMoleculeReference216,abstraction:ConsumptionControlledBy,reactome:ProteinReference326
reactome:SmallMoleculeReference148,abstraction:ConsumptionControlledBy,reactome:ProteinReference252
reactome:SmallMoleculeReference1147,abstraction:ConsumptionControlledBy,reactome:ProteinReference2169
reactome:SmallMoleculeReference1212,abstraction:ConsumptionControlledBy,reactome:ProteinReference2137
reactome:SmallMoleculeReference756,abstraction:ConsumptionControlledBy,reactome:ProteinReference1386
reactome:SmallMoleculeReference208,abstraction:ConsumptionControlledBy,reactome:ProteinReference963
reactome:SmallMoleculeReference298,abstraction:ConsumptionControlledBy,reactome:ProteinReference1351
reactome:SmallMoleculeReference159,abstraction:ConsumptionControlledBy,reactome:ProteinReference272
reactome:SmallMoleculeReference120,abstraction:ConsumptionControlledBy,reactome:ProteinReference9041
reactome:SmallMoleculeReference1575,abstraction:ConsumptionControlledBy,reactome:ProteinReference2686
reactome:SmallMoleculeReference2559,abstraction:ConsumptionControlledBy,reactome:ProteinReference8448
reactome:SmallMoleculeReference1567,abstraction:ConsumptionControlledBy,reactome:ProteinReference2629
reactome:SmallMoleculeReference1226,abstraction:ConsumptionControlledBy,reactome:ProteinReference2804
reactome:SmallMoleculeReference307,abstraction:ConsumptionControlledBy,reactome:ProteinReference1376
reactome:SmallMoleculeReference147,abstraction:ConsumptionControlledBy,reactome:ProteinReference252
reactome:SmallMoleculeReference466,abstraction:ConsumptionControlledBy,reactome:ProteinReference363
reactome:SmallMoleculeReference1503,abstraction:ConsumptionControlledBy,reactome:ProteinReference2562
reactome:SmallMoleculeReference203,abstraction:ConsumptionControlledBy,reactome:ProteinReference4440
reactome:SmallMoleculeReference2601,abstraction:ConsumptionControlledBy,reactome:ProteinReference2953
reactome:SmallMoleculeReference1554,abstraction:ConsumptionControlledBy,reactome:ProteinReference1132
reactome:SmallMoleculeReference446,abstraction:ConsumptionControlledBy,reactome:ProteinReference894
reactome:SmallMoleculeReference145,abstraction:ConsumptionControlledBy,reactome:ProteinReference2438
reactome:SmallMoleculeReference96,abstraction:ConsumptionControlledBy,reactome:ProteinReference2471
reactome:SmallMoleculeReference191,abstraction:ConsumptionControlledBy,reactome:ProteinReference2129
reactome:SmallMoleculeReference2645,abstraction:ConsumptionControlledBy,reactome:ProteinReference4104
reactome:SmallMoleculeReference923,abstraction:ConsumptionControlledBy,reactome:ProteinReference1679
reactome:SmallMoleculeReference1923,abstraction:ConsumptionControlledBy,reactome:ProteinReference4327
reactome:SmallMoleculeReference217,abstraction:ConsumptionControlledBy,reactome:ProteinReference3961
reactome:SmallMoleculeReference126,abstraction:ConsumptionControlledBy,reactome:ProteinReference213
reactome:SmallMoleculeReference466,abstraction:ConsumptionControlledBy,reactome:ProteinReference6733
reactome:SmallMoleculeReference2585,abstraction:ConsumptionControlledBy,reactome:ProteinReference8514
reactome:SmallMoleculeReference389,abstraction:ConsumptionControlledBy,reactome:ProteinReference2649
reactome:SmallMoleculeReference1468,abstraction:ConsumptionControlledBy,reactome:ProteinReference2414
reactome:SmallMoleculeReference120,abstraction:ConsumptionControlledBy,reactome:ProteinReference9043
reactome:SmallMoleculeReference96,abstraction:ConsumptionControlledBy,reactome:ProteinReference2939
reactome:SmallMoleculeReference918,abstraction:ConsumptionControlledBy,reactome:ProteinReference1678
reactome:SmallMoleculeReference46,abstraction:ConsumptionControlledBy,reactome:ProteinReference447
reactome:SmallMoleculeReference13,abstraction:ConsumptionControlledBy,reactome:ProteinReference393
reactome:SmallMoleculeReference715,abstraction:ConsumptionControlledBy,reactome:ProteinReference1298
reactome:SmallMoleculeReference309,abstraction:ConsumptionControlledBy,reactome:ProteinReference1561
reactome:SmallMoleculeReference43,abstraction:ConsumptionControlledBy,reactome:ProteinReference11559
reactome:SmallMoleculeReference1464,abstraction:ConsumptionControlledBy,reactome:ProteinReference2426
reactome:SmallMoleculeReference332,abstraction:ConsumptionControlledBy,reactome:ProteinReference1587
reactome:SmallMoleculeReference1160,abstraction:ConsumptionControlledBy,reactome:ProteinReference1910
reactome:SmallMoleculeReference193,abstraction:ConsumptionControlledBy,reactome:ProteinReference307
reactome:SmallMoleculeReference957,abstraction:ConsumptionControlledBy,reactome:ProteinReference1136
reactome:SmallMoleculeReference139,abstraction:ConsumptionControlledBy,reactome:ProteinReference2747
reactome:SmallMoleculeReference1571,abstraction:ConsumptionControlledBy,reactome:ProteinReference2678
reactome:SmallMoleculeReference574,abstraction:ConsumptionControlledBy,reactome:ProteinReference2729
reactome:SmallMoleculeReference723,abstraction:ConsumptionControlledBy,reactome:ProteinReference2260
reactome:SmallMoleculeReference85,abstraction:ConsumptionControlledBy,reactome:ProteinReference172
reactome:SmallMoleculeReference16,abstraction:ConsumptionControlledBy,reactome:ProteinReference226
reactome:SmallMoleculeReference91,abstraction:ConsumptionControlledBy,reactome:ProteinReference1266
reactome:SmallMoleculeReference466,abstraction:ConsumptionControlledBy,reactome:ProteinReference7844
reactome:SmallMoleculeReference772,abstraction:ConsumptionControlledBy,reactome:ProteinReference1432
reactome:SmallMoleculeReference120,abstraction:ConsumptionControlledBy,reactome:ProteinReference3949
reactome:SmallMoleculeReference757,abstraction:ConsumptionControlledBy,reactome:ProteinReference1400
reactome:SmallMoleculeReference342,abstraction:ConsumptionControlledBy,reactome:ProteinReference6467
reactome:SmallMoleculeReference96,abstraction:ConsumptionControlledBy,reactome:ProteinReference2360
reactome:SmallMoleculeReference43,abstraction:ConsumptionControlledBy,reactome:ProteinReference11534
reactome:SmallMoleculeReference2101,abstraction:ConsumptionControlledBy,reactome:ProteinReference68
reactome:SmallMoleculeReference1930,abstraction:ConsumptionControlledBy,reactome:ProteinReference1530
reactome:SmallMoleculeReference67,abstraction:ConsumptionControlledBy,reactome:ProteinReference171
reactome:SmallMoleculeReference207,abstraction:ConsumptionControlledBy,reactome:ProteinReference3386
reactome:SmallMoleculeReference1022,abstraction:ConsumptionControlledBy,reactome:ProteinReference1223
reactome:SmallMoleculeReference43,abstraction:ConsumptionControlledBy,reactome:ProteinReference11566
reactome:SmallMoleculeReference425,abstraction:ConsumptionControlledBy,reactome:ProteinReference865
reactome:SmallMoleculeReference203,abstraction:ConsumptionControlledBy,reactome:ProteinReference9953
reactome:SmallMoleculeReference401,abstraction:ConsumptionControlledBy,reactome:ProteinReference210
reactome:SmallMoleculeReference478,abstraction:ConsumptionControlledBy,reactome:ProteinReference1035
reactome:SmallMoleculeReference1573,abstraction:ConsumptionControlledBy,reactome:ProteinReference2729
reactome:SmallMoleculeReference96,abstraction:ConsumptionControlledBy,reactome:ProteinReference2791
reactome:SmallMoleculeReference43,abstraction:ConsumptionControlledBy,reactome:ProteinReference5548
reactome:SmallMoleculeReference48,abstraction:ConsumptionControlledBy,reactome:ProteinReference123
reactome:SmallMoleculeReference46,abstraction:ConsumptionControlledBy,reactome:ProteinReference12077
reactome:SmallMoleculeReference46,abstraction:ConsumptionControlledBy,reactome:ProteinReference12078
reactome:SmallMoleculeReference106,abstraction:ConsumptionControlledBy,reactome:ProteinReference1210
reactome:SmallMoleculeReference1585,abstraction:ConsumptionControlledBy,reactome:ProteinReference1256
reactome:SmallMoleculeReference209,abstraction:ConsumptionControlledBy,reactome:ProteinReference3965
reactome:SmallMoleculeReference1378,abstraction:ConsumptionControlledBy,reactome:ProteinReference2416
reactome:SmallMoleculeReference2645,abstraction:ConsumptionControlledBy,reactome:ProteinReference642
reactome:SmallMoleculeReference469,abstraction:ConsumptionControlledBy,reactome:ProteinReference1021
reactome:SmallMoleculeReference203,abstraction:ConsumptionControlledBy,reactome:ProteinReference9004
reactome:SmallMoleculeReference342,abstraction:ConsumptionControlledBy,reactome:ProteinReference4652
reactome:SmallMoleculeReference46,abstraction:ConsumptionControlledBy,reactome:ProteinReference236
reactome:SmallMoleculeReference224,abstraction:ConsumptionControlledBy,reactome:ProteinReference328
reactome:SmallMoleculeReference616,abstraction:ConsumptionControlledBy,reactome:ProteinReference1244
reactome:SmallMoleculeReference43,abstraction:ConsumptionControlledBy,reactome:ProteinReference5344
reactome:SmallMoleculeReference261,abstraction:ConsumptionControlledBy,reactome:ProteinReference475
reactome:SmallMoleculeReference158,abstraction:ConsumptionControlledBy,reactome:ProteinReference251
reactome:SmallMoleculeReference466,abstraction:ConsumptionControlledBy,reactome:ProteinReference5828
reactome:SmallMoleculeReference1589,abstraction:ConsumptionControlledBy,reactome:ProteinReference2632
reactome:SmallMoleculeReference1286,abstraction:ConsumptionControlledBy,reactome:ProteinReference2417
reactome:SmallMoleculeReference466,abstraction:ConsumptionControlledBy,reactome:ProteinReference6282
reactome:SmallMoleculeReference347,abstraction:ConsumptionControlledBy,reactome:ProteinReference2160
reactome:SmallMoleculeReference96,abstraction:ConsumptionControlledBy,reactome:ProteinReference9077
reactome:SmallMoleculeReference45,abstraction:ConsumptionControlledBy,reactome:ProteinReference304
reactome:SmallMoleculeReference261,abstraction:ConsumptionControlledBy,reactome:ProteinReference476
reactome:SmallMoleculeReference207,abstraction:ConsumptionControlledBy,reactome:ProteinReference883
reactome:SmallMoleculeReference2563,abstraction:ConsumptionControlledBy,reactome:ProteinReference8487
reactome:SmallMoleculeReference1571,abstraction:ConsumptionControlledBy,reactome:ProteinReference2626
reactome:SmallMoleculeReference653,abstraction:ConsumptionControlledBy,reactome:ProteinReference3959
reactome:SmallMoleculeReference2601,abstraction:ConsumptionControlledBy,reactome:ProteinReference2811
reactome:SmallMoleculeReference96,abstraction:ConsumptionControlledBy,reactome:ProteinReference1094
reactome:SmallMoleculeReference157,abstraction:ConsumptionControlledBy,reactome:ProteinReference247
reactome:SmallMoleculeReference1024,abstraction:ConsumptionControlledBy,reactome:ProteinReference1227
reactome:SmallMoleculeReference186,abstraction:ConsumptionControlledBy,reactome:ProteinReference304
reactome:SmallMoleculeReference130,abstraction:ConsumptionControlledBy,reactome:ProteinReference428
reactome:SmallMoleculeReference45,abstraction:ConsumptionControlledBy,reactome:ProteinReference196
reactome:SmallMoleculeReference466,abstraction:ConsumptionControlledBy,reactome:ProteinReference1004
reactome:SmallMoleculeReference79,abstraction:ConsumptionControlledBy,reactome:ProteinReference198
reactome:SmallMoleculeReference96,abstraction:ConsumptionControlledBy,reactome:ProteinReference4842
reactome:SmallMoleculeReference45,abstraction:ConsumptionControlledBy,reactome:ProteinReference1446
reactome:SmallMoleculeReference203,abstraction:ConsumptionControlledBy,reactome:ProteinReference2792
reactome:SmallMoleculeReference809,abstraction:ConsumptionControlledBy,reactome:ProteinReference1481
reactome:SmallMoleculeReference96,abstraction:ConsumptionControlledBy,reactome:ProteinReference10567
reactome:SmallMoleculeReference120,abstraction:ConsumptionControlledBy,reactome:ProteinReference7736
reactome:SmallMoleculeReference96,abstraction:ConsumptionControlledBy,reactome:ProteinReference3250
reactome:SmallMoleculeReference466,abstraction:ConsumptionControlledBy,reactome:ProteinReference9329
reactome:SmallMoleculeReference6,abstraction:ConsumptionControlledBy,reactome:ProteinReference1064
reactome:SmallMoleculeReference135,abstraction:ConsumptionControlledBy,reactome:ProteinReference2751
reactome:SmallMoleculeReference95,abstraction:ConsumptionControlledBy,reactome:ProteinReference2410
reactome:SmallMoleculeReference592,abstraction:ConsumptionControlledBy,reactome:ProteinReference1225
reactome:SmallMoleculeReference522,abstraction:ConsumptionControlledBy,reactome:ProteinReference1193
reactome:SmallMoleculeReference16,abstraction:ConsumptionControlledBy,reactome:ProteinReference159
reactome:SmallMoleculeReference309,abstraction:ConsumptionControlledBy,reactome:ProteinReference1448
reactome:SmallMoleculeReference145,abstraction:ConsumptionControlledBy,reactome:ProteinReference247
reactome:SmallMoleculeReference16,abstraction:ConsumptionControlledBy,reactome:ProteinReference523
reactome:SmallMoleculeReference203,abstraction:ConsumptionControlledBy,reactome:ProteinReference10405
reactome:SmallMoleculeReference418,abstraction:ConsumptionControlledBy,reactome:ProteinReference958
reactome:SmallMoleculeReference466,abstraction:ConsumptionControlledBy,reactome:ProteinReference6699
reactome:SmallMoleculeReference96,abstraction:ConsumptionControlledBy,reactome:ProteinReference3252
reactome:SmallMoleculeReference1,abstraction:ConsumptionControlledBy,reactome:ProteinReference545
reactome:SmallMoleculeReference46,abstraction:ConsumptionControlledBy,reactome:ProteinReference12071
reactome:SmallMoleculeReference141,abstraction:ConsumptionControlledBy,reactome:ProteinReference243
reactome:SmallMoleculeReference1735,abstraction:ConsumptionControlledBy,reactome:ProteinReference1237
reactome:SmallMoleculeReference169,abstraction:ConsumptionControlledBy,reactome:ProteinReference2317
reactome:SmallMoleculeReference1161,abstraction:ConsumptionControlledBy,reactome:ProteinReference1976
reactome:SmallMoleculeReference700,abstraction:ConsumptionControlledBy,reactome:ProteinReference1275
reactome:SmallMoleculeReference142,abstraction:ConsumptionControlledBy,reactome:ProteinReference267
reactome:SmallMoleculeReference474,abstraction:ConsumptionControlledBy,reactome:ProteinReference1029
reactome:SmallMoleculeReference349,abstraction:ConsumptionControlledBy,reactome:ProteinReference2082
reactome:SmallMoleculeReference466,abstraction:ConsumptionControlledBy,reactome:ProteinReference1532
reactome:SmallMoleculeReference429,abstraction:ConsumptionControlledBy,reactome:ProteinReference958
reactome:SmallMoleculeReference43,abstraction:ConsumptionControlledBy,reactome:ProteinReference1784
reactome:SmallMoleculeReference342,abstraction:ConsumptionControlledBy,reactome:ProteinReference1026
reactome:SmallMoleculeReference260,abstraction:ConsumptionControlledBy,reactome:ProteinReference1426
reactome:SmallMoleculeReference211,abstraction:ConsumptionControlledBy,reactome:ProteinReference945
reactome:SmallMoleculeReference45,abstraction:ConsumptionControlledBy,reactome:ProteinReference2563
reactome:SmallMoleculeReference2601,abstraction:ConsumptionControlledBy,reactome:ProteinReference10614
reactome:SmallMoleculeReference215,abstraction:ConsumptionControlledBy,reactome:ProteinReference2688
reactome:SmallMoleculeReference203,abstraction:ConsumptionControlledBy,reactome:ProteinReference10562
reactome:SmallMoleculeReference7,abstraction:ConsumptionControlledBy,reactome:ProteinReference5206
reactome:SmallMoleculeReference209,abstraction:ConsumptionControlledBy,reactome:ProteinReference3962
reactome:SmallMoleculeReference96,abstraction:ConsumptionControlledBy,reactome:ProteinReference10564
reactome:SmallMoleculeReference1516,abstraction:ConsumptionControlledBy,reactome:ProteinReference2587
reactome:SmallMoleculeReference309,abstraction:ConsumptionControlledBy,reactome:ProteinReference1553
reactome:SmallMoleculeReference203,abstraction:ConsumptionControlledBy,reactome:ProteinReference5696
reactome:SmallMoleculeReference342,abstraction:ConsumptionControlledBy,reactome:ProteinReference6435
reactome:SmallMoleculeReference260,abstraction:ConsumptionControlledBy,reactome:ProteinReference475
reactome:SmallMoleculeReference302,abstraction:ConsumptionControlledBy,reactome:ProteinReference1177
reactome:SmallMoleculeReference485,abstraction:ConsumptionControlledBy,reactome:ProteinReference1033
reactome:SmallMoleculeReference312,abstraction:ConsumptionControlledBy,reactome:ProteinReference1594
reactome:SmallMoleculeReference96,abstraction:ConsumptionControlledBy,reactome:ProteinReference3181
reactome:SmallMoleculeReference197,abstraction:ConsumptionControlledBy,reactome:ProteinReference309
reactome:SmallMoleculeReference534,abstraction:ConsumptionControlledBy,reactome:ProteinReference1205
reactome:SmallMoleculeReference574,abstraction:ConsumptionControlledBy,reactome:ProteinReference1243
reactome:SmallMoleculeReference2554,abstraction:ConsumptionControlledBy,reactome:ProteinReference8441
reactome:SmallMoleculeReference143,abstraction:ConsumptionControlledBy,reactome:ProteinReference231
reactome:SmallMoleculeReference762,abstraction:ConsumptionControlledBy,reactome:ProteinReference1410
reactome:SmallMoleculeReference260,abstraction:ConsumptionControlledBy,reactome:ProteinReference476
reactome:SmallMoleculeReference1255,abstraction:ConsumptionControlledBy,reactome:ProteinReference2142
reactome:SmallMoleculeReference1562,abstraction:ConsumptionControlledBy,reactome:ProteinReference2629
reactome:SmallMoleculeReference1930,abstraction:ConsumptionControlledBy,reactome:ProteinReference4805
reactome:SmallMoleculeReference653,abstraction:ConsumptionControlledBy,reactome:ProteinReference1496
reactome:SmallMoleculeReference260,abstraction:ConsumptionControlledBy,reactome:ProteinReference1425
reactome:SmallMoleculeReference46,abstraction:ConsumptionControlledBy,reactome:ProteinReference12105
reactome:SmallMoleculeReference78,abstraction:ConsumptionControlledBy,reactome:ProteinReference171
reactome:SmallMoleculeReference478,abstraction:ConsumptionControlledBy,reactome:ProteinReference1031
reactome:SmallMoleculeReference342,abstraction:ConsumptionControlledBy,reactome:ProteinReference5660
reactome:SmallMoleculeReference963,abstraction:ConsumptionControlledBy,reactome:ProteinReference1708
reactome:SmallMoleculeReference434,abstraction:ConsumptionControlledBy,reactome:ProteinReference902
reactome:SmallMoleculeReference96,abstraction:ConsumptionControlledBy,reactome:ProteinReference9068
reactome:SmallMoleculeReference147,abstraction:ConsumptionControlledBy,reactome:ProteinReference2430
reactome:SmallMoleculeReference203,abstraction:ConsumptionControlledBy,reactome:ProteinReference1154
reactome:SmallMoleculeReference46,abstraction:ConsumptionControlledBy,reactome:ProteinReference7755
reactome:SmallMoleculeReference2809,abstraction:ConsumptionControlledBy,reactome:ProteinReference2791
reactome:SmallMoleculeReference163,abstraction:ConsumptionControlledBy,reactome:ProteinReference2322
reactome:SmallMoleculeReference1930,abstraction:ConsumptionControlledBy,reactome:ProteinReference4817
reactome:SmallMoleculeReference46,abstraction:ConsumptionControlledBy,reactome:ProteinReference12085
reactome:SmallMoleculeReference1573,abstraction:ConsumptionControlledBy,reactome:ProteinReference2731
reactome:SmallMoleculeReference301,abstraction:ConsumptionControlledBy,reactome:ProteinReference7744
reactome:SmallMoleculeReference309,abstraction:ConsumptionControlledBy,reactome:ProteinReference1562
reactome:SmallMoleculeReference302,abstraction:ConsumptionControlledBy,reactome:ProteinReference2746
reactome:SmallMoleculeReference445,abstraction:ConsumptionControlledBy,reactome:ProteinReference986
reactome:SmallMoleculeReference1833,abstraction:ConsumptionControlledBy,reactome:ProteinReference3943
reactome:SmallMoleculeReference466,abstraction:ConsumptionControlledBy,reactome:ProteinReference1012
reactome:SmallMoleculeReference46,abstraction:ConsumptionControlledBy,reactome:ProteinReference631
reactome:SmallMoleculeReference103,abstraction:ConsumptionControlledBy,reactome:ProteinReference1693
reactome:SmallMoleculeReference1248,abstraction:ConsumptionControlledBy,reactome:ProteinReference2143
reactome:SmallMoleculeReference96,abstraction:ConsumptionControlledBy,reactome:ProteinReference5111
reactome:SmallMoleculeReference8,abstraction:ConsumptionControlledBy,reactome:ProteinReference5205
reactome:SmallMoleculeReference466,abstraction:ConsumptionControlledBy,reactome:ProteinReference7838
reactome:SmallMoleculeReference813,abstraction:ConsumptionControlledBy,reactome:ProteinReference1046
reactome:SmallMoleculeReference142,abstraction:ConsumptionControlledBy,reactome:ProteinReference260
reactome:SmallMoleculeReference494,abstraction:ConsumptionControlledBy,reactome:ProteinReference1044
reactome:SmallMoleculeReference46,abstraction:ConsumptionControlledBy,reactome:ProteinReference6294
reactome:SmallMoleculeReference1717,abstraction:ConsumptionControlledBy,reactome:ProteinReference2742
reactome:SmallMoleculeReference309,abstraction:ConsumptionControlledBy,reactome:ProteinReference1550
reactome:SmallMoleculeReference1255,abstraction:ConsumptionControlledBy,reactome:ProteinReference2145
reactome:SmallMoleculeReference466,abstraction:ConsumptionControlledBy,reactome:ProteinReference5592
reactome:SmallMoleculeReference811,abstraction:ConsumptionControlledBy,reactome:ProteinReference1511
reactome:SmallMoleculeReference699,abstraction:ConsumptionControlledBy,reactome:ProteinReference1284
reactome:SmallMoleculeReference1226,abstraction:ConsumptionControlledBy,reactome:ProteinReference2810
reactome:SmallMoleculeReference99,abstraction:ConsumptionControlledBy,reactome:ProteinReference26
reactome:SmallMoleculeReference1868,abstraction:ConsumptionControlledBy,reactome:ProteinReference892
reactome:SmallMoleculeReference43,abstraction:ConsumptionControlledBy,reactome:ProteinReference12093
reactome:SmallMoleculeReference1643,abstraction:ConsumptionControlledBy,reactome:ProteinReference2665
reactome:SmallMoleculeReference1580,abstraction:ConsumptionControlledBy,reactome:ProteinReference2648
reactome:SmallMoleculeReference1160,abstraction:ConsumptionControlledBy,reactome:ProteinReference1914
reactome:SmallMoleculeReference475,abstraction:ConsumptionControlledBy,reactome:ProteinReference1039
reactome:SmallMoleculeReference68,abstraction:ConsumptionControlledBy,reactome:ProteinReference171
reactome:SmallMoleculeReference155,abstraction:ConsumptionControlledBy,reactome:ProteinReference3324
reactome:SmallMoleculeReference466,abstraction:ConsumptionControlledBy,reactome:ProteinReference5807
reactome:SmallMoleculeReference43,abstraction:ConsumptionControlledBy,reactome:ProteinReference109
reactome:SmallMoleculeReference1226,abstraction:ConsumptionControlledBy,reactome:ProteinReference2795
reactome:SmallMoleculeReference205,abstraction:ConsumptionControlledBy,reactome:ProteinReference2137
reactome:SmallMoleculeReference66,abstraction:ConsumptionControlledBy,reactome:ProteinReference2593
reactome:SmallMoleculeReference54,abstraction:ConsumptionControlledBy,reactome:ProteinReference602
reactome:SmallMoleculeReference466,abstraction:ConsumptionControlledBy,reactome:ProteinReference5510
reactome:SmallMoleculeReference569,abstraction:ConsumptionControlledBy,reactome:ProteinReference1840
reactome:SmallMoleculeReference946,abstraction:ConsumptionControlledBy,reactome:ProteinReference1678
reactome:SmallMoleculeReference735,abstraction:ConsumptionControlledBy,reactome:ProteinReference1260
reactome:SmallMoleculeReference96,abstraction:ConsumptionControlledBy,reactome:ProteinReference3178
reactome:SmallMoleculeReference2551,abstraction:ConsumptionControlledBy,reactome:ProteinReference8435
reactome:SmallMoleculeReference154,abstraction:ConsumptionControlledBy,reactome:ProteinReference2437
reactome:SmallMoleculeReference399,abstraction:ConsumptionControlledBy,reactome:ProteinReference6201
reactome:SmallMoleculeReference230,abstraction:ConsumptionControlledBy,reactome:ProteinReference1386
reactome:SmallMoleculeReference324,abstraction:ConsumptionControlledBy,reactome:ProteinReference1588
reactome:SmallMoleculeReference455,abstraction:ConsumptionControlledBy,reactome:ProteinReference988
reactome:SmallMoleculeReference140,abstraction:ConsumptionControlledBy,reactome:ProteinReference2429
reactome:SmallMoleculeReference1836,abstraction:ConsumptionControlledBy,reactome:ProteinReference3944
reactome:SmallMoleculeReference729,abstraction:ConsumptionControlledBy,reactome:ProteinReference1321
reactome:SmallMoleculeReference155,abstraction:ConsumptionControlledBy,reactome:ProteinReference3661
reactome:SmallMoleculeReference215,abstraction:ConsumptionControlledBy,reactome:ProteinReference1161
reactome:SmallMoleculeReference207,abstraction:ConsumptionControlledBy,reactome:ProteinReference3401
reactome:SmallMoleculeReference1313,abstraction:ConsumptionControlledBy,reactome:ProteinReference2229
reactome:SmallMoleculeReference244,abstraction:ConsumptionControlledBy,reactome:ProteinReference2066
reactome:SmallMoleculeReference498,abstraction:ConsumptionControlledBy,reactome:ProteinReference1208
reactome:SmallMoleculeReference16,abstraction:ConsumptionControlledBy,reactome:ProteinReference535
reactome:SmallMoleculeReference211,abstraction:ConsumptionControlledBy,reactome:ProteinReference942
reactome:SmallMoleculeReference147,abstraction:ConsumptionControlledBy,reactome:ProteinReference232
reactome:SmallMoleculeReference6,abstraction:ConsumptionControlledBy,reactome:ProteinReference10
reactome:SmallMoleculeReference1508,abstraction:ConsumptionControlledBy,reactome:ProteinReference2574
reactome:SmallMoleculeReference72,abstraction:ConsumptionControlledBy,reactome:ProteinReference2575
reactome:SmallMoleculeReference232,abstraction:ConsumptionControlledBy,reactome:ProteinReference3458
reactome:SmallMoleculeReference46,abstraction:ConsumptionControlledBy,reactome:ProteinReference11428
reactome:SmallMoleculeReference207,abstraction:ConsumptionControlledBy,reactome:ProteinReference3423
reactome:SmallMoleculeReference922,abstraction:ConsumptionControlledBy,reactome:ProteinReference1678
reactome:SmallMoleculeReference45,abstraction:ConsumptionControlledBy,reactome:ProteinReference564
reactome:SmallMoleculeReference96,abstraction:ConsumptionControlledBy,reactome:ProteinReference3158
reactome:SmallMoleculeReference1540,abstraction:ConsumptionControlledBy,reactome:ProteinReference2609
reactome:SmallMoleculeReference122,abstraction:ConsumptionControlledBy,reactome:ProteinReference214
reactome:SmallMoleculeReference466,abstraction:ConsumptionControlledBy,reactome:ProteinReference3891
reactome:SmallMoleculeReference342,abstraction:ConsumptionControlledBy,reactome:ProteinReference6437
reactome:SmallMoleculeReference364,abstraction:ConsumptionControlledBy,reactome:ProteinReference809
reactome:SmallMoleculeReference480,abstraction:ConsumptionControlledBy,reactome:ProteinReference1032
reactome:SmallMoleculeReference468,abstraction:ConsumptionControlledBy,reactome:ProteinReference5626
reactome:SmallMoleculeReference207,abstraction:ConsumptionControlledBy,reactome:ProteinReference3411
reactome:SmallMoleculeReference466,abstraction:ConsumptionControlledBy,reactome:ProteinReference1545
reactome:SmallMoleculeReference2809,abstraction:ConsumptionControlledBy,reactome:ProteinReference2804
reactome:SmallMoleculeReference1053,abstraction:ConsumptionControlledBy,reactome:ProteinReference1223
reactome:SmallMoleculeReference96,abstraction:ConsumptionControlledBy,reactome:ProteinReference9078
reactome:SmallMoleculeReference215,abstraction:ConsumptionControlledBy,reactome:ProteinReference2677
reactome:SmallMoleculeReference43,abstraction:ConsumptionControlledBy,reactome:ProteinReference270
reactome:SmallMoleculeReference143,abstraction:ConsumptionControlledBy,reactome:ProteinReference269
reactome:SmallMoleculeReference232,abstraction:ConsumptionControlledBy,reactome:ProteinReference6289
reactome:SmallMoleculeReference393,abstraction:ConsumptionControlledBy,reactome:ProteinReference2228
reactome:SmallMoleculeReference1580,abstraction:ConsumptionControlledBy,reactome:ProteinReference2628
reactome:SmallMoleculeReference390,abstraction:ConsumptionControlledBy,reactome:ProteinReference850
reactome:SmallMoleculeReference203,abstraction:ConsumptionControlledBy,reactome:ProteinReference8985
reactome:SmallMoleculeReference1585,abstraction:ConsumptionControlledBy,reactome:ProteinReference2680
reactome:SmallMoleculeReference1871,abstraction:ConsumptionControlledBy,reactome:ProteinReference1589
reactome:SmallMoleculeReference204,abstraction:ConsumptionControlledBy,reactome:ProteinReference892
reactome:SmallMoleculeReference1532,abstraction:ConsumptionControlledBy,reactome:ProteinReference2604
reactome:SmallMoleculeReference348,abstraction:ConsumptionControlledBy,reactome:ProteinReference2082
reactome:SmallMoleculeReference192,abstraction:ConsumptionControlledBy,reactome:ProteinReference2124
reactome:SmallMoleculeReference2555,abstraction:ConsumptionControlledBy,reactome:ProteinReference8457
reactome:SmallMoleculeReference483,abstraction:ConsumptionControlledBy,reactome:ProteinReference1037
reactome:SmallMoleculeReference46,abstraction:ConsumptionControlledBy,reactome:ProteinReference7757
reactome:SmallMoleculeReference207,abstraction:ConsumptionControlledBy,reactome:ProteinReference3370
reactome:SmallMoleculeReference1877,abstraction:ConsumptionControlledBy,reactome:ProteinReference4084
reactome:SmallMoleculeReference1219,abstraction:ConsumptionControlledBy,reactome:ProteinReference11304
reactome:SmallMoleculeReference296,abstraction:ConsumptionControlledBy,reactome:ProteinReference617
reactome:SmallMoleculeReference96,abstraction:ConsumptionControlledBy,reactome:ProteinReference3291
reactome:SmallMoleculeReference84,abstraction:ConsumptionControlledBy,reactome:ProteinReference170
reactome:SmallMoleculeReference45,abstraction:ConsumptionControlledBy,reactome:ProteinReference11509
reactome:SmallMoleculeReference45,abstraction:ConsumptionControlledBy,reactome:ProteinReference273
reactome:SmallMoleculeReference45,abstraction:ConsumptionControlledBy,reactome:ProteinReference98
reactome:SmallMoleculeReference468,abstraction:ConsumptionControlledBy,reactome:ProteinReference1346
reactome:SmallMoleculeReference204,abstraction:ConsumptionControlledBy,reactome:ProteinReference4072
reactome:SmallMoleculeReference2645,abstraction:ConsumptionControlledBy,reactome:ProteinReference610
reactome:SmallMoleculeReference1443,abstraction:ConsumptionControlledBy,reactome:ProteinReference2405
reactome:SmallMoleculeReference96,abstraction:ConsumptionControlledBy,reactome:ProteinReference9073
reactome:SmallMoleculeReference203,abstraction:ConsumptionControlledBy,reactome:ProteinReference7572
reactome:SmallMoleculeReference159,abstraction:ConsumptionControlledBy,reactome:ProteinReference2542
reactome:SmallMoleculeReference218,abstraction:ConsumptionControlledBy,reactome:ProteinReference329
reactome:SmallMoleculeReference46,abstraction:ConsumptionControlledBy,reactome:ProteinReference12086
reactome:SmallMoleculeReference1822,abstraction:ConsumptionControlledBy,reactome:ProteinReference2681
reactome:SmallMoleculeReference45,abstraction:ConsumptionControlledBy,reactome:ProteinReference252
reactome:SmallMoleculeReference43,abstraction:ConsumptionControlledBy,reactome:ProteinReference11531
reactome:SmallMoleculeReference45,abstraction:ConsumptionControlledBy,reactome:ProteinReference454
reactome:SmallMoleculeReference1903,abstraction:ConsumptionControlledBy,reactome:ProteinReference4256
reactome:SmallMoleculeReference466,abstraction:ConsumptionControlledBy,reactome:ProteinReference5507
reactome:SmallMoleculeReference1297,abstraction:ConsumptionControlledBy,reactome:ProteinReference24
reactome:SmallMoleculeReference466,abstraction:ConsumptionControlledBy,reactome:ProteinReference5591
reactome:SmallMoleculeReference1574,abstraction:ConsumptionControlledBy,reactome:ProteinReference2625
reactome:SmallMoleculeReference1717,abstraction:ConsumptionControlledBy,reactome:ProteinReference2744
reactome:SmallMoleculeReference96,abstraction:ConsumptionControlledBy,reactome:ProteinReference4844
reactome:SmallMoleculeReference145,abstraction:ConsumptionControlledBy,reactome:ProteinReference2429
reactome:SmallMoleculeReference448,abstraction:ConsumptionControlledBy,reactome:ProteinReference996
reactome:SmallMoleculeReference960,abstraction:ConsumptionControlledBy,reactome:ProteinReference2302
reactome:SmallMoleculeReference96,abstraction:ConsumptionControlledBy,reactome:ProteinReference3240
reactome:SmallMoleculeReference1152,abstraction:ConsumptionControlledBy,reactome:ProteinReference2426
reactome:SmallMoleculeReference789,abstraction:ConsumptionControlledBy,reactome:ProteinReference1446
reactome:SmallMoleculeReference7,abstraction:ConsumptionControlledBy,reactome:ProteinReference1426
reactome:SmallMoleculeReference207,abstraction:ConsumptionControlledBy,reactome:ProteinReference3425
reactome:SmallMoleculeReference1874,abstraction:ConsumptionControlledBy,reactome:ProteinReference1597
reactome:SmallMoleculeReference45,abstraction:ConsumptionControlledBy,reactome:ProteinReference11462
reactome:SmallMoleculeReference466,abstraction:ConsumptionControlledBy,reactome:ProteinReference3366
reactome:SmallMoleculeReference157,abstraction:ConsumptionControlledBy,reactome:ProteinReference2375
reactome:SmallMoleculeReference382,abstraction:ConsumptionControlledBy,reactome:ProteinReference852
reactome:SmallMoleculeReference73,abstraction:ConsumptionControlledBy,reactome:ProteinReference170
reactome:SmallMoleculeReference768,abstraction:ConsumptionControlledBy,reactome:ProteinReference1425
reactome:SmallMoleculeReference207,abstraction:ConsumptionControlledBy,reactome:ProteinReference881
reactome:SmallMoleculeReference120,abstraction:ConsumptionControlledBy,reactome:ProteinReference3849
reactome:SmallMoleculeReference96,abstraction:ConsumptionControlledBy,reactome:ProteinReference6131
reactome:SmallMoleculeReference522,abstraction:ConsumptionControlledBy,reactome:ProteinReference1203
reactome:SmallMoleculeReference220,abstraction:ConsumptionControlledBy,reactome:ProteinReference329
reactome:SmallMoleculeReference475,abstraction:ConsumptionControlledBy,reactome:ProteinReference1038
reactome:SmallMoleculeReference466,abstraction:ConsumptionControlledBy,reactome:ProteinReference5824
reactome:SmallMoleculeReference810,abstraction:ConsumptionControlledBy,reactome:ProteinReference1515
reactome:SmallMoleculeReference111,abstraction:ConsumptionControlledBy,reactome:ProteinReference192
reactome:SmallMoleculeReference1027,abstraction:ConsumptionControlledBy,reactome:ProteinReference1240
reactome:SmallMoleculeReference1571,abstraction:ConsumptionControlledBy,reactome:ProteinReference1161
reactome:SmallMoleculeReference244,abstraction:ConsumptionControlledBy,reactome:ProteinReference2065
reactome:SmallMoleculeReference1785,abstraction:ConsumptionControlledBy,reactome:ProteinReference28
reactome:SmallMoleculeReference75,abstraction:ConsumptionControlledBy,reactome:ProteinReference181
reactome:SmallMoleculeReference1930,abstraction:ConsumptionControlledBy,reactome:ProteinReference4793
reactome:SmallMoleculeReference112,abstraction:ConsumptionControlledBy,reactome:ProteinReference192
reactome:SmallMoleculeReference120,abstraction:ConsumptionControlledBy,reactome:ProteinReference4523
reactome:SmallMoleculeReference1462,abstraction:ConsumptionControlledBy,reactome:ProteinReference2437
reactome:SmallMoleculeReference466,abstraction:ConsumptionControlledBy,reactome:ProteinReference5808
reactome:SmallMoleculeReference13,abstraction:ConsumptionControlledBy,reactome:ProteinReference391
reactome:SmallMoleculeReference1925,abstraction:ConsumptionControlledBy,reactome:ProteinReference318
reactome:SmallMoleculeReference96,abstraction:ConsumptionControlledBy,reactome:ProteinReference2795
reactome:SmallMoleculeReference1,abstraction:ConsumptionControlledBy,reactome:ProteinReference740
reactome:SmallMoleculeReference1029,abstraction:ConsumptionControlledBy,reactome:ProteinReference1223
reactome:SmallMoleculeReference46,abstraction:ConsumptionControlledBy,reactome:ProteinReference440
reactome:SmallMoleculeReference149,abstraction:ConsumptionControlledBy,reactome:ProteinReference1890
reactome:SmallMoleculeReference46,abstraction:ConsumptionControlledBy,reactome:ProteinReference12088
reactome:SmallMoleculeReference135,abstraction:ConsumptionControlledBy,reactome:ProteinReference2745
reactome:SmallMoleculeReference74,abstraction:ConsumptionControlledBy,reactome:ProteinReference180
reactome:SmallMoleculeReference466,abstraction:ConsumptionControlledBy,reactome:ProteinReference5838
reactome:SmallMoleculeReference96,abstraction:ConsumptionControlledBy,reactome:ProteinReference4848
reactome:SmallMoleculeReference653,abstraction:ConsumptionControlledBy,reactome:ProteinReference1484
reactome:SmallMoleculeReference194,abstraction:ConsumptionControlledBy,reactome:ProteinReference306
reactome:SmallMoleculeReference198,abstraction:ConsumptionControlledBy,reactome:ProteinReference2140
reactome:SmallMoleculeReference204,abstraction:ConsumptionControlledBy,reactome:ProteinReference1000
reactome:SmallMoleculeReference1305,abstraction:ConsumptionControlledBy,reactome:ProteinReference2217
reactome:SmallMoleculeReference416,abstraction:ConsumptionControlledBy,reactome:ProteinReference960
reactome:SmallMoleculeReference1914,abstraction:ConsumptionControlledBy,reactome:ProteinReference4263
reactome:SmallMoleculeReference139,abstraction:ConsumptionControlledBy,reactome:ProteinReference2069
reactome:SmallMoleculeReference120,abstraction:ConsumptionControlledBy,reactome:ProteinReference3847
reactome:SmallMoleculeReference566,abstraction:ConsumptionControlledBy,reactome:ProteinReference1216
reactome:SmallMoleculeReference43,abstraction:ConsumptionControlledBy,reactome:ProteinReference12163
reactome:SmallMoleculeReference1258,abstraction:ConsumptionControlledBy,reactome:ProteinReference2166
reactome:SmallMoleculeReference305,abstraction:ConsumptionControlledBy,reactome:ProteinReference2280
reactome:SmallMoleculeReference1243,abstraction:ConsumptionControlledBy,reactome:ProteinReference2146
reactome:SmallMoleculeReference46,abstraction:ConsumptionControlledBy,reactome:ProteinReference11453
reactome:SmallMoleculeReference1218,abstraction:ConsumptionControlledBy,reactome:ProteinReference2101
reactome:SmallMoleculeReference120,abstraction:ConsumptionControlledBy,reactome:ProteinReference3947
reactome:SmallMoleculeReference104,abstraction:ConsumptionControlledBy,reactome:ProteinReference2696
reactome:SmallMoleculeReference120,abstraction:ConsumptionControlledBy,reactome:ProteinReference3414
reactome:SmallMoleculeReference767,abstraction:ConsumptionControlledBy,reactome:ProteinReference1422
reactome:SmallMoleculeReference690,abstraction:ConsumptionControlledBy,reactome:ProteinReference1275
reactome:SmallMoleculeReference1372,abstraction:ConsumptionControlledBy,reactome:ProteinReference2307
reactome:SmallMoleculeReference96,abstraction:ConsumptionControlledBy,reactome:ProteinReference4849
reactome:SmallMoleculeReference120,abstraction:ConsumptionControlledBy,reactome:ProteinReference5242
reactome:SmallMoleculeReference170,abstraction:ConsumptionControlledBy,reactome:ProteinReference272
reactome:SmallMoleculeReference2101,abstraction:ConsumptionControlledBy,reactome:ProteinReference77
reactome:SmallMoleculeReference1470,abstraction:ConsumptionControlledBy,reactome:ProteinReference2442
reactome:SmallMoleculeReference1237,abstraction:ConsumptionControlledBy,reactome:ProteinReference2133
reactome:SmallMoleculeReference43,abstraction:ConsumptionControlledBy,reactome:ProteinReference12077
reactome:SmallMoleculeReference43,abstraction:ConsumptionControlledBy,reactome:ProteinReference11568
reactome:SmallMoleculeReference309,abstraction:ConsumptionControlledBy,reactome:ProteinReference1463
reactome:SmallMoleculeReference43,abstraction:ConsumptionControlledBy,reactome:ProteinReference12078
reactome:SmallMoleculeReference1367,abstraction:ConsumptionControlledBy,reactome:ProteinReference2303
reactome:SmallMoleculeReference968,abstraction:ConsumptionControlledBy,reactome:ProteinReference1710
reactome:SmallMoleculeReference66,abstraction:ConsumptionControlledBy,reactome:ProteinReference616
reactome:SmallMoleculeReference326,abstraction:ConsumptionControlledBy,reactome:ProteinReference1624
reactome:SmallMoleculeReference46,abstraction:ConsumptionControlledBy,reactome:ProteinReference423
reactome:SmallMoleculeReference96,abstraction:ConsumptionControlledBy,reactome:ProteinReference10136
reactome:SmallMoleculeReference1625,abstraction:ConsumptionControlledBy,reactome:ProteinReference2653
reactome:SmallMoleculeReference752,abstraction:ConsumptionControlledBy,reactome:ProteinReference2291
reactome:SmallMoleculeReference201,abstraction:ConsumptionControlledBy,reactome:ProteinReference308
reactome:SmallMoleculeReference820,abstraction:ConsumptionControlledBy,reactome:ProteinReference1564
reactome:SmallMoleculeReference224,abstraction:ConsumptionControlledBy,reactome:ProteinReference329
reactome:SmallMoleculeReference120,abstraction:ConsumptionControlledBy,reactome:ProteinReference204
reactome:SmallMoleculeReference1930,abstraction:ConsumptionControlledBy,reactome:ProteinReference4828
reactome:SmallMoleculeReference1580,abstraction:ConsumptionControlledBy,reactome:ProteinReference2624
reactome:SmallMoleculeReference466,abstraction:ConsumptionControlledBy,reactome:ProteinReference5608
reactome:SmallMoleculeReference96,abstraction:ConsumptionControlledBy,reactome:ProteinReference5928
reactome:SmallMoleculeReference2101,abstraction:ConsumptionControlledBy,reactome:ProteinReference60
reactome:SmallMoleculeReference888,abstraction:ConsumptionControlledBy,reactome:ProteinReference1652
reactome:SmallMoleculeReference191,abstraction:ConsumptionControlledBy,reactome:ProteinReference309
reactome:SmallMoleculeReference135,abstraction:ConsumptionControlledBy,reactome:ProteinReference2672
reactome:SmallMoleculeReference203,abstraction:ConsumptionControlledBy,reactome:ProteinReference9951
reactome:SmallMoleculeReference128,abstraction:ConsumptionControlledBy,reactome:ProteinReference1833
reactome:SmallMoleculeReference342,abstraction:ConsumptionControlledBy,reactome:ProteinReference6454
reactome:SmallMoleculeReference45,abstraction:ConsumptionControlledBy,reactome:ProteinReference94
reactome:SmallMoleculeReference203,abstraction:ConsumptionControlledBy,reactome:ProteinReference9029
reactome:SmallMoleculeReference1930,abstraction:ConsumptionControlledBy,reactome:ProteinReference4794
reactome:SmallMoleculeReference174,abstraction:ConsumptionControlledBy,reactome:ProteinReference299
reactome:SmallMoleculeReference348,abstraction:ConsumptionControlledBy,reactome:ProteinReference2164
reactome:SmallMoleculeReference98,abstraction:ConsumptionControlledBy,reactome:ProteinReference1064
reactome:SmallMoleculeReference1528,abstraction:ConsumptionControlledBy,reactome:ProteinReference1350
reactome:SmallMoleculeReference209,abstraction:ConsumptionControlledBy,reactome:ProteinReference856
reactome:SmallMoleculeReference96,abstraction:ConsumptionControlledBy,reactome:ProteinReference3174
reactome:SmallMoleculeReference7,abstraction:ConsumptionControlledBy,reactome:ProteinReference5204
reactome:SmallMoleculeReference46,abstraction:ConsumptionControlledBy,reactome:ProteinReference1798
reactome:SmallMoleculeReference956,abstraction:ConsumptionControlledBy,reactome:ProteinReference1210
reactome:SmallMoleculeReference1911,abstraction:ConsumptionControlledBy,reactome:ProteinReference4258
reactome:SmallMoleculeReference6,abstraction:ConsumptionControlledBy,reactome:ProteinReference3
reactome:SmallMoleculeReference201,abstraction:ConsumptionControlledBy,reactome:ProteinReference2127
reactome:SmallMoleculeReference150,abstraction:ConsumptionControlledBy,reactome:ProteinReference1551
reactome:SmallMoleculeReference244,abstraction:ConsumptionControlledBy,reactome:ProteinReference1276
reactome:SmallMoleculeReference915,abstraction:ConsumptionControlledBy,reactome:ProteinReference1676
reactome:SmallMoleculeReference393,abstraction:ConsumptionControlledBy,reactome:ProteinReference2245
reactome:SmallMoleculeReference7,abstraction:ConsumptionControlledBy,reactome:ProteinReference1427
reactome:SmallMoleculeReference146,abstraction:ConsumptionControlledBy,reactome:ProteinReference262
reactome:SmallMoleculeReference211,abstraction:ConsumptionControlledBy,reactome:ProteinReference2702
reactome:SmallMoleculeReference159,abstraction:ConsumptionControlledBy,reactome:ProteinReference2434
reactome:SmallMoleculeReference96,abstraction:ConsumptionControlledBy,reactome:ProteinReference4530
reactome:SmallMoleculeReference96,abstraction:ConsumptionControlledBy,reactome:ProteinReference4558
reactome:SmallMoleculeReference565,abstraction:ConsumptionControlledBy,reactome:ProteinReference2564
reactome:SmallMoleculeReference96,abstraction:ConsumptionControlledBy,reactome:ProteinReference5289
reactome:SmallMoleculeReference1368,abstraction:ConsumptionControlledBy,reactome:ProteinReference2306
reactome:SmallMoleculeReference43,abstraction:ConsumptionControlledBy,reactome:ProteinReference11540
reactome:SmallMoleculeReference302,abstraction:ConsumptionControlledBy,reactome:ProteinReference2186
reactome:SmallMoleculeReference2645,abstraction:ConsumptionControlledBy,reactome:ProteinReference4115
reactome:SmallMoleculeReference45,abstraction:ConsumptionControlledBy,reactome:ProteinReference554
reactome:SmallMoleculeReference120,abstraction:ConsumptionControlledBy,reactome:ProteinReference3403
reactome:SmallMoleculeReference466,abstraction:ConsumptionControlledBy,reactome:ProteinReference6853
reactome:SmallMoleculeReference466,abstraction:ConsumptionControlledBy,reactome:ProteinReference8247
reactome:SmallMoleculeReference135,abstraction:ConsumptionControlledBy,reactome:ProteinReference2687
reactome:SmallMoleculeReference466,abstraction:ConsumptionControlledBy,reactome:ProteinReference6697
reactome:SmallMoleculeReference146,abstraction:ConsumptionControlledBy,reactome:ProteinReference269
reactome:SmallMoleculeReference359,abstraction:ConsumptionControlledBy,reactome:ProteinReference816
reactome:SmallMoleculeReference116,abstraction:ConsumptionControlledBy,reactome:ProteinReference205
reactome:SmallMoleculeReference7,abstraction:ConsumptionControlledBy,reactome:ProteinReference6345
reactome:SmallMoleculeReference206,abstraction:ConsumptionControlledBy,reactome:ProteinReference2083
reactome:SmallMoleculeReference466,abstraction:ConsumptionControlledBy,reactome:ProteinReference6708
reactome:SmallMoleculeReference812,abstraction:ConsumptionControlledBy,reactome:ProteinReference1510
reactome:SmallMoleculeReference1215,abstraction:ConsumptionControlledBy,reactome:ProteinReference2166
reactome:SmallMoleculeReference653,abstraction:ConsumptionControlledBy,reactome:ProteinReference3962
reactome:SmallMoleculeReference46,abstraction:ConsumptionControlledBy,reactome:ProteinReference5552
reactome:SmallMoleculeReference46,abstraction:ConsumptionControlledBy,reactome:ProteinReference5235
reactome:SmallMoleculeReference209,abstraction:ConsumptionControlledBy,reactome:ProteinReference4088
reactome:SmallMoleculeReference43,abstraction:ConsumptionControlledBy,reactome:ProteinReference464
reactome:SmallMoleculeReference232,abstraction:ConsumptionControlledBy,reactome:ProteinReference3459
reactome:SmallMoleculeReference359,abstraction:ConsumptionControlledBy,reactome:ProteinReference847
reactome:SmallMoleculeReference980,abstraction:ConsumptionControlledBy,reactome:ProteinReference1721
reactome:SmallMoleculeReference1,abstraction:ConsumptionControlledBy,reactome:ProteinReference2221
reactome:SmallMoleculeReference337,abstraction:ConsumptionControlledBy,reactome:ProteinReference1584
reactome:SmallMoleculeReference1870,abstraction:ConsumptionControlledBy,reactome:ProteinReference1598
reactome:SmallMoleculeReference2809,abstraction:ConsumptionControlledBy,reactome:ProteinReference2795
reactome:SmallMoleculeReference2091,abstraction:ConsumptionControlledBy,reactome:ProteinReference9590
reactome:SmallMoleculeReference1432,abstraction:ConsumptionControlledBy,reactome:ProteinReference2400
reactome:SmallMoleculeReference208,abstraction:ConsumptionControlledBy,reactome:ProteinReference1591
reactome:SmallMoleculeReference1226,abstraction:ConsumptionControlledBy,reactome:ProteinReference2798
reactome:SmallMoleculeReference466,abstraction:ConsumptionControlledBy,reactome:ProteinReference6443
reactome:SmallMoleculeReference203,abstraction:ConsumptionControlledBy,reactome:ProteinReference9005
reactome:SmallMoleculeReference496,abstraction:ConsumptionControlledBy,reactome:ProteinReference1223
reactome:SmallMoleculeReference147,abstraction:ConsumptionControlledBy,reactome:ProteinReference2438
reactome:SmallMoleculeReference342,abstraction:ConsumptionControlledBy,reactome:ProteinReference6453
reactome:SmallMoleculeReference97,abstraction:ConsumptionControlledBy,reactome:ProteinReference1064
reactome:SmallMoleculeReference810,abstraction:ConsumptionControlledBy,reactome:ProteinReference1489
reactome:SmallMoleculeReference96,abstraction:ConsumptionControlledBy,reactome:ProteinReference3179
reactome:SmallMoleculeReference754,abstraction:ConsumptionControlledBy,reactome:ProteinReference9455
reactome:SmallMoleculeReference7,abstraction:ConsumptionControlledBy,reactome:ProteinReference1434
reactome:SmallMoleculeReference466,abstraction:ConsumptionControlledBy,reactome:ProteinReference8852
reactome:SmallMoleculeReference215,abstraction:ConsumptionControlledBy,reactome:ProteinReference2684
reactome:SmallMoleculeReference2101,abstraction:ConsumptionControlledBy,reactome:ProteinReference75
reactome:SmallMoleculeReference659,abstraction:ConsumptionControlledBy,reactome:ProteinReference1251
reactome:SmallMoleculeReference1210,abstraction:ConsumptionControlledBy,reactome:ProteinReference2138
reactome:SmallMoleculeReference96,abstraction:ConsumptionControlledBy,reactome:ProteinReference2217
reactome:SmallMoleculeReference1868,abstraction:ConsumptionControlledBy,reactome:ProteinReference893
reactome:SmallMoleculeReference466,abstraction:ConsumptionControlledBy,reactome:ProteinReference1767
reactome:SmallMoleculeReference764,abstraction:ConsumptionControlledBy,reactome:ProteinReference5257
reactome:SmallMoleculeReference466,abstraction:ConsumptionControlledBy,reactome:ProteinReference5814
reactome:SmallMoleculeReference748,abstraction:ConsumptionControlledBy,reactome:ProteinReference1376
reactome:SmallMoleculeReference66,abstraction:ConsumptionControlledBy,reactome:ProteinReference168
reactome:SmallMoleculeReference395,abstraction:ConsumptionControlledBy,reactome:ProteinReference8414
reactome:SmallMoleculeReference261,abstraction:ConsumptionControlledBy,reactome:ProteinReference1380
reactome:SmallMoleculeReference1498,abstraction:ConsumptionControlledBy,reactome:ProteinReference2554
reactome:SmallMoleculeReference1206,abstraction:ConsumptionControlledBy,reactome:ProteinReference2085
reactome:SmallMoleculeReference96,abstraction:ConsumptionControlledBy,reactome:ProteinReference5420
reactome:SmallMoleculeReference471,abstraction:ConsumptionControlledBy,reactome:ProteinReference1029
reactome:SmallMoleculeReference203,abstraction:ConsumptionControlledBy,reactome:ProteinReference9952
reactome:SmallMoleculeReference1569,abstraction:ConsumptionControlledBy,reactome:ProteinReference1256
reactome:SmallMoleculeReference45,abstraction:ConsumptionControlledBy,reactome:ProteinReference104
reactome:SmallMoleculeReference726,abstraction:ConsumptionControlledBy,reactome:ProteinReference1318
reactome:SmallMoleculeReference1585,abstraction:ConsumptionControlledBy,reactome:ProteinReference2673
reactome:SmallMoleculeReference2601,abstraction:ConsumptionControlledBy,reactome:ProteinReference10672
reactome:SmallMoleculeReference820,abstraction:ConsumptionControlledBy,reactome:ProteinReference1563
reactome:SmallMoleculeReference485,abstraction:ConsumptionControlledBy,reactome:ProteinReference1031
reactome:SmallMoleculeReference45,abstraction:ConsumptionControlledBy,reactome:ProteinReference219
reactome:SmallMoleculeReference46,abstraction:ConsumptionControlledBy,reactome:ProteinReference10912
reactome:SmallMoleculeReference311,abstraction:ConsumptionControlledBy,reactome:ProteinReference715
reactome:SmallMoleculeReference344,abstraction:ConsumptionControlledBy,reactome:ProteinReference716
reactome:SmallMoleculeReference96,abstraction:ConsumptionControlledBy,reactome:ProteinReference1066
reactome:SmallMoleculeReference333,abstraction:ConsumptionControlledBy,reactome:ProteinReference1594
reactome:SmallMoleculeReference1363,abstraction:ConsumptionControlledBy,reactome:ProteinReference2299
reactome:SmallMoleculeReference100,abstraction:ConsumptionControlledBy,reactome:ProteinReference1137
reactome:SmallMoleculeReference1195,abstraction:ConsumptionControlledBy,reactome:ProteinReference2079
reactome:SmallMoleculeReference1706,abstraction:ConsumptionControlledBy,reactome:ProteinReference2714
reactome:SmallMoleculeReference715,abstraction:ConsumptionControlledBy,reactome:ProteinReference1302
reactome:SmallMoleculeReference876,abstraction:ConsumptionControlledBy,reactome:ProteinReference2297
reactome:SmallMoleculeReference120,abstraction:ConsumptionControlledBy,reactome:ProteinReference9045
reactome:SmallMoleculeReference46,abstraction:ConsumptionControlledBy,reactome:ProteinReference5559
reactome:SmallMoleculeReference7,abstraction:ConsumptionControlledBy,reactome:ProteinReference1452
reactome:SmallMoleculeReference1357,abstraction:ConsumptionControlledBy,reactome:ProteinReference12044
reactome:SmallMoleculeReference149,abstraction:ConsumptionControlledBy,reactome:ProteinReference2193
reactome:SmallMoleculeReference1038,abstraction:ConsumptionControlledBy,reactome:ProteinReference1223
reactome:SmallMoleculeReference96,abstraction:ConsumptionControlledBy,reactome:ProteinReference7596
reactome:SmallMoleculeReference260,abstraction:ConsumptionControlledBy,reactome:ProteinReference1453
reactome:SmallMoleculeReference98,abstraction:ConsumptionControlledBy,reactome:ProteinReference1693
reactome:SmallMoleculeReference120,abstraction:ConsumptionControlledBy,reactome:ProteinReference2329
reactome:SmallMoleculeReference336,abstraction:ConsumptionControlledBy,reactome:ProteinReference1615
reactome:SmallMoleculeReference1338,abstraction:ConsumptionControlledBy,reactome:ProteinReference2275
reactome:SmallMoleculeReference203,abstraction:ConsumptionControlledBy,reactome:ProteinReference8996
reactome:SmallMoleculeReference976,abstraction:ConsumptionControlledBy,reactome:ProteinReference1712
reactome:SmallMoleculeReference2581,abstraction:ConsumptionControlledBy,reactome:ProteinReference8442
reactome:SmallMoleculeReference1260,abstraction:ConsumptionControlledBy,reactome:ProteinReference2152
reactome:SmallMoleculeReference1413,abstraction:ConsumptionControlledBy,reactome:ProteinReference2367
reactome:SmallMoleculeReference302,abstraction:ConsumptionControlledBy,reactome:ProteinReference1836
reactome:SmallMoleculeReference45,abstraction:ConsumptionControlledBy,reactome:ProteinReference12154
reactome:SmallMoleculeReference618,abstraction:ConsumptionControlledBy,reactome:ProteinReference1243
reactome:SmallMoleculeReference1765,abstraction:ConsumptionControlledBy,reactome:ProteinReference2091
reactome:SmallMoleculeReference45,abstraction:ConsumptionControlledBy,reactome:ProteinReference232
reactome:SmallMoleculeReference653,abstraction:ConsumptionControlledBy,reactome:ProteinReference1477
reactome:SmallMoleculeReference45,abstraction:ConsumptionControlledBy,reactome:ProteinReference556
reactome:SmallMoleculeReference96,abstraction:ConsumptionControlledBy,reactome:ProteinReference3315
reactome:SmallMoleculeReference466,abstraction:ConsumptionControlledBy,reactome:ProteinReference1768
reactome:SmallMoleculeReference302,abstraction:ConsumptionControlledBy,reactome:ProteinReference6035
reactome:SmallMoleculeReference352,abstraction:ConsumptionControlledBy,reactome:ProteinReference1831
reactome:SmallMoleculeReference985,abstraction:ConsumptionControlledBy,reactome:ProteinReference1724
reactome:SmallMoleculeReference81,abstraction:ConsumptionControlledBy,reactome:ProteinReference171
reactome:SmallMoleculeReference159,abstraction:ConsumptionControlledBy,reactome:ProteinReference2433
reactome:SmallMoleculeReference43,abstraction:ConsumptionControlledBy,reactome:ProteinReference455
reactome:SmallMoleculeReference1290,abstraction:ConsumptionControlledBy,reactome:ProteinReference2202
reactome:SmallMoleculeReference152,abstraction:ConsumptionControlledBy,reactome:ProteinReference241
reactome:SmallMoleculeReference96,abstraction:ConsumptionControlledBy,reactome:ProteinReference10088
reactome:SmallMoleculeReference302,abstraction:ConsumptionControlledBy,reactome:ProteinReference1174
reactome:SmallMoleculeReference203,abstraction:ConsumptionControlledBy,reactome:ProteinReference4568
reactome:SmallMoleculeReference856,abstraction:ConsumptionControlledBy,reactome:ProteinReference1631
reactome:SmallMoleculeReference944,abstraction:ConsumptionControlledBy,reactome:ProteinReference1678
reactome:SmallMoleculeReference298,abstraction:ConsumptionControlledBy,reactome:ProteinReference11617
reactome:SmallMoleculeReference1457,abstraction:ConsumptionControlledBy,reactome:ProteinReference2424
reactome:SmallMoleculeReference170,abstraction:ConsumptionControlledBy,reactome:ProteinReference2534
reactome:SmallMoleculeReference203,abstraction:ConsumptionControlledBy,reactome:ProteinReference2884
reactome:SmallMoleculeReference43,abstraction:ConsumptionControlledBy,reactome:ProteinReference7368
reactome:SmallMoleculeReference207,abstraction:ConsumptionControlledBy,reactome:ProteinReference833
reactome:SmallMoleculeReference68,abstraction:ConsumptionControlledBy,reactome:ProteinReference226
reactome:SmallMoleculeReference1314,abstraction:ConsumptionControlledBy,reactome:ProteinReference2229
reactome:SmallMoleculeReference394,abstraction:ConsumptionControlledBy,reactome:ProteinReference2591
reactome:SmallMoleculeReference1572,abstraction:ConsumptionControlledBy,reactome:ProteinReference1254
reactome:SmallMoleculeReference1209,abstraction:ConsumptionControlledBy,reactome:ProteinReference2087
reactome:SmallMoleculeReference386,abstraction:ConsumptionControlledBy,reactome:ProteinReference2121
reactome:SmallMoleculeReference600,abstraction:ConsumptionControlledBy,reactome:ProteinReference1235
reactome:SmallMoleculeReference43,abstraction:ConsumptionControlledBy,reactome:ProteinReference5558
reactome:SmallMoleculeReference46,abstraction:ConsumptionControlledBy,reactome:ProteinReference106
reactome:SmallMoleculeReference1051,abstraction:ConsumptionControlledBy,reactome:ProteinReference1223
reactome:SmallMoleculeReference2601,abstraction:ConsumptionControlledBy,reactome:ProteinReference10665
reactome:SmallMoleculeReference2601,abstraction:ConsumptionControlledBy,reactome:ProteinReference4543
reactome:SmallMoleculeReference671,abstraction:ConsumptionControlledBy,reactome:ProteinReference1277
reactome:SmallMoleculeReference466,abstraction:ConsumptionControlledBy,reactome:ProteinReference6693
reactome:SmallMoleculeReference754,abstraction:ConsumptionControlledBy,reactome:ProteinReference1396
reactome:SmallMoleculeReference128,abstraction:ConsumptionControlledBy,reactome:ProteinReference208
reactome:SmallMoleculeReference1554,abstraction:ConsumptionControlledBy,reactome:ProteinReference1130
reactome:SmallMoleculeReference659,abstraction:ConsumptionControlledBy,reactome:ProteinReference1208
reactome:SmallMoleculeReference466,abstraction:ConsumptionControlledBy,reactome:ProteinReference5794
reactome:SmallMoleculeReference1576,abstraction:ConsumptionControlledBy,reactome:ProteinReference2629
reactome:SmallMoleculeReference1749,abstraction:ConsumptionControlledBy,reactome:ProteinReference3131
reactome:SmallMoleculeReference120,abstraction:ConsumptionControlledBy,reactome:ProteinReference4550
reactome:SmallMoleculeReference100,abstraction:ConsumptionControlledBy,reactome:ProteinReference1691
reactome:SmallMoleculeReference45,abstraction:ConsumptionControlledBy,reactome:ProteinReference244
reactome:SmallMoleculeReference45,abstraction:ConsumptionControlledBy,reactome:ProteinReference11439
reactome:SmallMoleculeReference260,abstraction:ConsumptionControlledBy,reactome:ProteinReference1380
reactome:SmallMoleculeReference45,abstraction:ConsumptionControlledBy,reactome:ProteinReference227
reactome:SmallMoleculeReference342,abstraction:ConsumptionControlledBy,reactome:ProteinReference6471
reactome:SmallMoleculeReference784,abstraction:ConsumptionControlledBy,reactome:ProteinReference1442
reactome:SmallMoleculeReference466,abstraction:ConsumptionControlledBy,reactome:ProteinReference6793
reactome:SmallMoleculeReference1555,abstraction:ConsumptionControlledBy,reactome:ProteinReference2729
reactome:SmallMoleculeReference1643,abstraction:ConsumptionControlledBy,reactome:ProteinReference1548
reactome:SmallMoleculeReference1226,abstraction:ConsumptionControlledBy,reactome:ProteinReference2790
reactome:SmallMoleculeReference43,abstraction:ConsumptionControlledBy,reactome:ProteinReference1783
reactome:SmallMoleculeReference1571,abstraction:ConsumptionControlledBy,reactome:ProteinReference2684
reactome:SmallMoleculeReference2582,abstraction:ConsumptionControlledBy,reactome:ProteinReference8443
reactome:SmallMoleculeReference890,abstraction:ConsumptionControlledBy,reactome:ProteinReference1654
reactome:SmallMoleculeReference754,abstraction:ConsumptionControlledBy,reactome:ProteinReference1398
reactome:SmallMoleculeReference150,abstraction:ConsumptionControlledBy,reactome:ProteinReference1557
reactome:SmallMoleculeReference97,abstraction:ConsumptionControlledBy,reactome:ProteinReference1693
reactome:SmallMoleculeReference600,abstraction:ConsumptionControlledBy,reactome:ProteinReference1234
reactome:SmallMoleculeReference810,abstraction:ConsumptionControlledBy,reactome:ProteinReference1526
reactome:SmallMoleculeReference1716,abstraction:ConsumptionControlledBy,reactome:ProteinReference1840
reactome:SmallMoleculeReference419,abstraction:ConsumptionControlledBy,reactome:ProteinReference959
reactome:SmallMoleculeReference16,abstraction:ConsumptionControlledBy,reactome:ProteinReference616
reactome:SmallMoleculeReference96,abstraction:ConsumptionControlledBy,reactome:ProteinReference10552
reactome:SmallMoleculeReference1539,abstraction:ConsumptionControlledBy,reactome:ProteinReference2609
reactome:SmallMoleculeReference307,abstraction:ConsumptionControlledBy,reactome:ProteinReference1420
reactome:SmallMoleculeReference120,abstraction:ConsumptionControlledBy,reactome:ProteinReference3385
reactome:SmallMoleculeReference46,abstraction:ConsumptionControlledBy,reactome:ProteinReference5339
reactome:SmallMoleculeReference499,abstraction:ConsumptionControlledBy,reactome:ProteinReference187
reactome:SmallMoleculeReference2808,abstraction:ConsumptionControlledBy,reactome:ProteinReference10640
reactome:SmallMoleculeReference230,abstraction:ConsumptionControlledBy,reactome:ProteinReference1390
reactome:SmallMoleculeReference466,abstraction:ConsumptionControlledBy,reactome:ProteinReference5779
reactome:SmallMoleculeReference102,abstraction:ConsumptionControlledBy,reactome:ProteinReference1137
reactome:SmallMoleculeReference1930,abstraction:ConsumptionControlledBy,reactome:ProteinReference4815
reactome:SmallMoleculeReference96,abstraction:ConsumptionControlledBy,reactome:ProteinReference10125
reactome:SmallMoleculeReference309,abstraction:ConsumptionControlledBy,reactome:ProteinReference1424
reactome:SmallMoleculeReference96,abstraction:ConsumptionControlledBy,reactome:ProteinReference10072
reactome:SmallMoleculeReference135,abstraction:ConsumptionControlledBy,reactome:ProteinReference2679
reactome:SmallMoleculeReference395,abstraction:ConsumptionControlledBy,reactome:ProteinReference8421
reactome:SmallMoleculeReference96,abstraction:ConsumptionControlledBy,reactome:ProteinReference2798
reactome:SmallMoleculeReference2601,abstraction:ConsumptionControlledBy,reactome:ProteinReference5287
reactome:SmallMoleculeReference2589,abstraction:ConsumptionControlledBy,reactome:ProteinReference8515
reactome:SmallMoleculeReference144,abstraction:ConsumptionControlledBy,reactome:ProteinReference251
reactome:SmallMoleculeReference784,abstraction:ConsumptionControlledBy,reactome:ProteinReference1410
reactome:SmallMoleculeReference799,abstraction:ConsumptionControlledBy,reactome:ProteinReference1469
reactome:SmallMoleculeReference158,abstraction:ConsumptionControlledBy,reactome:ProteinReference252
reactome:SmallMoleculeReference466,abstraction:ConsumptionControlledBy,reactome:ProteinReference1024
reactome:SmallMoleculeReference467,abstraction:ConsumptionControlledBy,reactome:ProteinReference1019
reactome:SmallMoleculeReference45,abstraction:ConsumptionControlledBy,reactome:ProteinReference108
reactome:SmallMoleculeReference45,abstraction:ConsumptionControlledBy,reactome:ProteinReference175
reactome:SmallMoleculeReference492,abstraction:ConsumptionControlledBy,reactome:ProteinReference1049
reactome:SmallMoleculeReference158,abstraction:ConsumptionControlledBy,reactome:ProteinReference253
reactome:SmallMoleculeReference43,abstraction:ConsumptionControlledBy,reactome:ProteinReference367
reactome:SmallMoleculeReference466,abstraction:ConsumptionControlledBy,reactome:ProteinReference7730
reactome:SmallMoleculeReference301,abstraction:ConsumptionControlledBy,reactome:ProteinReference1738
reactome:SmallMoleculeReference358,abstraction:ConsumptionControlledBy,reactome:ProteinReference754
reactome:SmallMoleculeReference96,abstraction:ConsumptionControlledBy,reactome:ProteinReference1123
reactome:SmallMoleculeReference600,abstraction:ConsumptionControlledBy,reactome:ProteinReference1233
reactome:SmallMoleculeReference120,abstraction:ConsumptionControlledBy,reactome:ProteinReference5239
reactome:SmallMoleculeReference174,abstraction:ConsumptionControlledBy,reactome:ProteinReference289
reactome:SmallMoleculeReference216,abstraction:ConsumptionControlledBy,reactome:ProteinReference837
reactome:SmallMoleculeReference208,abstraction:ConsumptionControlledBy,reactome:ProteinReference1003
reactome:SmallMoleculeReference963,abstraction:ConsumptionControlledBy,reactome:ProteinReference2701
reactome:SmallMoleculeReference764,abstraction:ConsumptionControlledBy,reactome:ProteinReference4069
reactome:SmallMoleculeReference49,abstraction:ConsumptionControlledBy,reactome:ProteinReference424
reactome:SmallMoleculeReference1160,abstraction:ConsumptionControlledBy,reactome:ProteinReference2080
reactome:SmallMoleculeReference150,abstraction:ConsumptionControlledBy,reactome:ProteinReference2389
reactome:SmallMoleculeReference16,abstraction:ConsumptionControlledBy,reactome:ProteinReference227
reactome:SmallMoleculeReference96,abstraction:ConsumptionControlledBy,reactome:ProteinReference3157
reactome:SmallMoleculeReference1930,abstraction:ConsumptionControlledBy,reactome:ProteinReference4819
reactome:SmallMoleculeReference2601,abstraction:ConsumptionControlledBy,reactome:ProteinReference8568
reactome:SmallMoleculeReference43,abstraction:ConsumptionControlledBy,reactome:ProteinReference12086
reactome:SmallMoleculeReference1442,abstraction:ConsumptionControlledBy,reactome:ProteinReference2405
reactome:SmallMoleculeReference207,abstraction:ConsumptionControlledBy,reactome:ProteinReference3400
reactome:SmallMoleculeReference1916,abstraction:ConsumptionControlledBy,reactome:ProteinReference996
reactome:SmallMoleculeReference1738,abstraction:ConsumptionControlledBy,reactome:ProteinReference1239
reactome:SmallMoleculeReference759,abstraction:ConsumptionControlledBy,reactome:ProteinReference1401
reactome:SmallMoleculeReference1320,abstraction:ConsumptionControlledBy,reactome:ProteinReference2250
reactome:SmallMoleculeReference810,abstraction:ConsumptionControlledBy,reactome:ProteinReference1480
reactome:SmallMoleculeReference45,abstraction:ConsumptionControlledBy,reactome:ProteinReference168
reactome:SmallMoleculeReference96,abstraction:ConsumptionControlledBy,reactome:ProteinReference4460
reactome:SmallMoleculeReference1194,abstraction:ConsumptionControlledBy,reactome:ProteinReference2079
reactome:SmallMoleculeReference211,abstraction:ConsumptionControlledBy,reactome:ProteinReference896
reactome:SmallMoleculeReference1206,abstraction:ConsumptionControlledBy,reactome:ProteinReference2083
reactome:SmallMoleculeReference135,abstraction:ConsumptionControlledBy,reactome:ProteinReference2671
reactome:SmallMoleculeReference1577,abstraction:ConsumptionControlledBy,reactome:ProteinReference1752
reactome:SmallMoleculeReference2601,abstraction:ConsumptionControlledBy,reactome:ProteinReference10624
reactome:SmallMoleculeReference11,abstraction:ConsumptionControlledBy,reactome:ProteinReference13
reactome:SmallMoleculeReference218,abstraction:ConsumptionControlledBy,reactome:ProteinReference327
reactome:SmallMoleculeReference203,abstraction:ConsumptionControlledBy,reactome:ProteinReference9101
reactome:SmallMoleculeReference46,abstraction:ConsumptionControlledBy,reactome:ProteinReference452
reactome:SmallMoleculeReference796,abstraction:ConsumptionControlledBy,reactome:ProteinReference1451
reactome:SmallMoleculeReference1930,abstraction:ConsumptionControlledBy,reactome:ProteinReference4167
reactome:SmallMoleculeReference1984,abstraction:ConsumptionControlledBy,reactome:ProteinReference5184
reactome:SmallMoleculeReference211,abstraction:ConsumptionControlledBy,reactome:ProteinReference970
reactome:SmallMoleculeReference215,abstraction:ConsumptionControlledBy,reactome:ProteinReference2682
reactome:SmallMoleculeReference203,abstraction:ConsumptionControlledBy,reactome:ProteinReference8990
reactome:SmallMoleculeReference309,abstraction:ConsumptionControlledBy,reactome:ProteinReference1404
reactome:SmallMoleculeReference159,abstraction:ConsumptionControlledBy,reactome:ProteinReference3670
reactome:SmallMoleculeReference1541,abstraction:ConsumptionControlledBy,reactome:ProteinReference2610
reactome:SmallMoleculeReference102,abstraction:ConsumptionControlledBy,reactome:ProteinReference1691
reactome:SmallMoleculeReference1172,abstraction:ConsumptionControlledBy,reactome:ProteinReference2065
reactome:SmallMoleculeReference342,abstraction:ConsumptionControlledBy,reactome:ProteinReference7587
reactome:SmallMoleculeReference219,abstraction:ConsumptionControlledBy,reactome:ProteinReference1230
reactome:SmallMoleculeReference876,abstraction:ConsumptionControlledBy,reactome:ProteinReference1140
reactome:SmallMoleculeReference1226,abstraction:ConsumptionControlledBy,reactome:ProteinReference8907
reactome:SmallMoleculeReference174,abstraction:ConsumptionControlledBy,reactome:ProteinReference834
reactome:SmallMoleculeReference1573,abstraction:ConsumptionControlledBy,reactome:ProteinReference2734
reactome:SmallMoleculeReference43,abstraction:ConsumptionControlledBy,reactome:ProteinReference7367
reactome:SmallMoleculeReference129,abstraction:ConsumptionControlledBy,reactome:ProteinReference4082
reactome:SmallMoleculeReference1226,abstraction:ConsumptionControlledBy,reactome:ProteinReference3338
reactome:SmallMoleculeReference203,abstraction:ConsumptionControlledBy,reactome:ProteinReference9949
reactome:SmallMoleculeReference45,abstraction:ConsumptionControlledBy,reactome:ProteinReference142
reactome:SmallMoleculeReference813,abstraction:ConsumptionControlledBy,reactome:ProteinReference1532
reactome:SmallMoleculeReference1378,abstraction:ConsumptionControlledBy,reactome:ProteinReference2318
reactome:SmallMoleculeReference466,abstraction:ConsumptionControlledBy,reactome:ProteinReference7843
reactome:SmallMoleculeReference345,abstraction:ConsumptionControlledBy,reactome:ProteinReference759
reactome:SmallMoleculeReference355,abstraction:ConsumptionControlledBy,reactome:ProteinReference749
reactome:SmallMoleculeReference307,abstraction:ConsumptionControlledBy,reactome:ProteinReference1423
reactome:SmallMoleculeReference143,abstraction:ConsumptionControlledBy,reactome:ProteinReference611
reactome:SmallMoleculeReference2531,abstraction:ConsumptionControlledBy,reactome:ProteinReference8342
reactome:SmallMoleculeReference220,abstraction:ConsumptionControlledBy,reactome:ProteinReference327
reactome:SmallMoleculeReference158,abstraction:ConsumptionControlledBy,reactome:ProteinReference2593
reactome:SmallMoleculeReference146,abstraction:ConsumptionControlledBy,reactome:ProteinReference2435
reactome:SmallMoleculeReference1530,abstraction:ConsumptionControlledBy,reactome:ProteinReference1350
reactome:SmallMoleculeReference1666,abstraction:ConsumptionControlledBy,reactome:ProteinReference2689
reactome:SmallMoleculeReference45,abstraction:ConsumptionControlledBy,reactome:ProteinReference2168
reactome:SmallMoleculeReference6,abstraction:ConsumptionControlledBy,reactome:ProteinReference1678
reactome:SmallMoleculeReference860,abstraction:ConsumptionControlledBy,reactome:ProteinReference1747
reactome:SmallMoleculeReference1336,abstraction:ConsumptionControlledBy,reactome:ProteinReference2274
reactome:SmallMoleculeReference475,abstraction:ConsumptionControlledBy,reactome:ProteinReference1032
reactome:SmallMoleculeReference786,abstraction:ConsumptionControlledBy,reactome:ProteinReference1445
reactome:SmallMoleculeReference45,abstraction:ConsumptionControlledBy,reactome:ProteinReference11461
reactome:SmallMoleculeReference12,abstraction:ConsumptionControlledBy,reactome:ProteinReference11631
reactome:SmallMoleculeReference203,abstraction:ConsumptionControlledBy,reactome:ProteinReference8999
reactome:SmallMoleculeReference1210,abstraction:ConsumptionControlledBy,reactome:ProteinReference2091
reactome:SmallMoleculeReference120,abstraction:ConsumptionControlledBy,reactome:ProteinReference3308
reactome:SmallMoleculeReference1923,abstraction:ConsumptionControlledBy,reactome:ProteinReference4330
reactome:SmallMoleculeReference1716,abstraction:ConsumptionControlledBy,reactome:ProteinReference2733
reactome:SmallMoleculeReference230,abstraction:ConsumptionControlledBy,reactome:ProteinReference343
reactome:SmallMoleculeReference154,abstraction:ConsumptionControlledBy,reactome:ProteinReference2435
reactome:SmallMoleculeReference391,abstraction:ConsumptionControlledBy,reactome:ProteinReference55
reactome:SmallMoleculeReference1143,abstraction:ConsumptionControlledBy,reactome:ProteinReference2551
reactome:SmallMoleculeReference337,abstraction:ConsumptionControlledBy,reactome:ProteinReference1590
reactome:SmallMoleculeReference1780,abstraction:ConsumptionControlledBy,reactome:ProteinReference2739
reactome:SmallMoleculeReference96,abstraction:ConsumptionControlledBy,reactome:ProteinReference3176
reactome:SmallMoleculeReference1073,abstraction:ConsumptionControlledBy,reactome:ProteinReference1753
reactome:SmallMoleculeReference764,abstraction:ConsumptionControlledBy,reactome:ProteinReference2166
reactome:SmallMoleculeReference1577,abstraction:ConsumptionControlledBy,reactome:ProteinReference1255
reactome:SmallMoleculeReference1555,abstraction:ConsumptionControlledBy,reactome:ProteinReference2731
reactome:SmallMoleculeReference2101,abstraction:ConsumptionControlledBy,reactome:ProteinReference64
reactome:SmallMoleculeReference203,abstraction:ConsumptionControlledBy,reactome:ProteinReference10561
reactome:SmallMoleculeReference357,abstraction:ConsumptionControlledBy,reactome:ProteinReference755
reactome:SmallMoleculeReference394,abstraction:ConsumptionControlledBy,reactome:ProteinReference2594
reactome:SmallMoleculeReference96,abstraction:ConsumptionControlledBy,reactome:ProteinReference9094
reactome:SmallMoleculeReference1226,abstraction:ConsumptionControlledBy,reactome:ProteinReference8771
reactome:SmallMoleculeReference49,abstraction:ConsumptionControlledBy,reactome:ProteinReference130
reactome:SmallMoleculeReference189,abstraction:ConsumptionControlledBy,reactome:ProteinReference2111
reactome:SmallMoleculeReference203,abstraction:ConsumptionControlledBy,reactome:ProteinReference8511
reactome:SmallMoleculeReference203,abstraction:ConsumptionControlledBy,reactome:ProteinReference2795
reactome:SmallMoleculeReference466,abstraction:ConsumptionControlledBy,reactome:ProteinReference1013
reactome:SmallMoleculeReference1837,abstraction:ConsumptionControlledBy,reactome:ProteinReference3945
reactome:SmallMoleculeReference135,abstraction:ConsumptionControlledBy,reactome:ProteinReference2681
reactome:SmallMoleculeReference144,abstraction:ConsumptionControlledBy,reactome:ProteinReference233
reactome:SmallMoleculeReference2809,abstraction:ConsumptionControlledBy,reactome:ProteinReference2798
reactome:SmallMoleculeReference96,abstraction:ConsumptionControlledBy,reactome:ProteinReference3164
reactome:SmallMoleculeReference1774,abstraction:ConsumptionControlledBy,reactome:ProteinReference25
reactome:SmallMoleculeReference96,abstraction:ConsumptionControlledBy,reactome:ProteinReference9072
reactome:SmallMoleculeReference592,abstraction:ConsumptionControlledBy,reactome:ProteinReference1243
reactome:SmallMoleculeReference90,abstraction:ConsumptionControlledBy,reactome:ProteinReference175
reactome:SmallMoleculeReference1848,abstraction:ConsumptionControlledBy,reactome:ProteinReference3974
reactome:SmallMoleculeReference653,abstraction:ConsumptionControlledBy,reactome:ProteinReference712
reactome:SmallMoleculeReference144,abstraction:ConsumptionControlledBy,reactome:ProteinReference2436
reactome:SmallMoleculeReference7,abstraction:ConsumptionControlledBy,reactome:ProteinReference5510
reactome:SmallMoleculeReference466,abstraction:ConsumptionControlledBy,reactome:ProteinReference6874
reactome:SmallMoleculeReference1778,abstraction:ConsumptionControlledBy,reactome:ProteinReference26
reactome:SmallMoleculeReference190,abstraction:ConsumptionControlledBy,reactome:ProteinReference308
reactome:SmallMoleculeReference159,abstraction:ConsumptionControlledBy,reactome:ProteinReference2334
reactome:SmallMoleculeReference790,abstraction:ConsumptionControlledBy,reactome:ProteinReference1381
reactome:SmallMoleculeReference1216,abstraction:ConsumptionControlledBy,reactome:ProteinReference2159
reactome:SmallMoleculeReference45,abstraction:ConsumptionControlledBy,reactome:ProteinReference11447
reactome:SmallMoleculeReference139,abstraction:ConsumptionControlledBy,reactome:ProteinReference229
reactome:SmallMoleculeReference96,abstraction:ConsumptionControlledBy,reactome:ProteinReference2428
reactome:SmallMoleculeReference519,abstraction:ConsumptionControlledBy,reactome:ProteinReference1184
reactome:SmallMoleculeReference207,abstraction:ConsumptionControlledBy,reactome:ProteinReference3405
reactome:SmallMoleculeReference104,abstraction:ConsumptionControlledBy,reactome:ProteinReference190
reactome:SmallMoleculeReference1571,abstraction:ConsumptionControlledBy,reactome:ProteinReference2682
reactome:SmallMoleculeReference1216,abstraction:ConsumptionControlledBy,reactome:ProteinReference2096
reactome:SmallMoleculeReference224,abstraction:ConsumptionControlledBy,reactome:ProteinReference327
reactome:SmallMoleculeReference200,abstraction:ConsumptionControlledBy,reactome:ProteinReference308
reactome:SmallMoleculeReference261,abstraction:ConsumptionControlledBy,reactome:ProteinReference1419
reactome:SmallMoleculeReference302,abstraction:ConsumptionControlledBy,reactome:ProteinReference1168
reactome:SmallMoleculeReference1585,abstraction:ConsumptionControlledBy,reactome:ProteinReference2675
reactome:SmallMoleculeReference836,abstraction:ConsumptionControlledBy,reactome:ProteinReference892
reactome:SmallMoleculeReference1716,abstraction:ConsumptionControlledBy,reactome:ProteinReference2741
reactome:SmallMoleculeReference79,abstraction:ConsumptionControlledBy,reactome:ProteinReference202
reactome:SmallMoleculeReference46,abstraction:ConsumptionControlledBy,reactome:ProteinReference5555
reactome:SmallMoleculeReference7,abstraction:ConsumptionControlledBy,reactome:ProteinReference3891
reactome:SmallMoleculeReference1672,abstraction:ConsumptionControlledBy,reactome:ProteinReference2696
reactome:SmallMoleculeReference157,abstraction:ConsumptionControlledBy,reactome:ProteinReference248
reactome:SmallMoleculeReference209,abstraction:ConsumptionControlledBy,reactome:ProteinReference4259
reactome:SmallMoleculeReference1226,abstraction:ConsumptionControlledBy,reactome:ProteinReference2797
reactome:SmallMoleculeReference46,abstraction:ConsumptionControlledBy,reactome:ProteinReference1702
reactome:SmallMoleculeReference342,abstraction:ConsumptionControlledBy,reactome:ProteinReference6420
reactome:SmallMoleculeReference348,abstraction:ConsumptionControlledBy,reactome:ProteinReference2162
reactome:SmallMoleculeReference200,abstraction:ConsumptionControlledBy,reactome:ProteinReference2127
reactome:SmallMoleculeReference100,abstraction:ConsumptionControlledBy,reactome:ProteinReference1694
reactome:SmallMoleculeReference69,abstraction:ConsumptionControlledBy,reactome:ProteinReference180
reactome:SmallMoleculeReference1611,abstraction:ConsumptionControlledBy,reactome:ProteinReference2641
reactome:SmallMoleculeReference1780,abstraction:ConsumptionControlledBy,reactome:ProteinReference2740
reactome:SmallMoleculeReference203,abstraction:ConsumptionControlledBy,reactome:ProteinReference11323
reactome:SmallMoleculeReference466,abstraction:ConsumptionControlledBy,reactome:ProteinReference6736
reactome:SmallMoleculeReference222,abstraction:ConsumptionControlledBy,reactome:ProteinReference329
reactome:SmallMoleculeReference45,abstraction:ConsumptionControlledBy,reactome:ProteinReference220
reactome:SmallMoleculeReference183,abstraction:ConsumptionControlledBy,reactome:ProteinReference802
reactome:SmallMoleculeReference147,abstraction:ConsumptionControlledBy,reactome:ProteinReference2431
reactome:SmallMoleculeReference96,abstraction:ConsumptionControlledBy,reactome:ProteinReference8907
reactome:SmallMoleculeReference1559,abstraction:ConsumptionControlledBy,reactome:ProteinReference2686
reactome:SmallMoleculeReference1437,abstraction:ConsumptionControlledBy,reactome:ProteinReference2402
reactome:SmallMoleculeReference484,abstraction:ConsumptionControlledBy,reactome:ProteinReference1027
reactome:SmallMoleculeReference1385,abstraction:ConsumptionControlledBy,reactome:ProteinReference2337
reactome:SmallMoleculeReference16,abstraction:ConsumptionControlledBy,reactome:ProteinReference150
reactome:SmallMoleculeReference1930,abstraction:ConsumptionControlledBy,reactome:ProteinReference4839
reactome:SmallMoleculeReference1241,abstraction:ConsumptionControlledBy,reactome:ProteinReference2143
reactome:SmallMoleculeReference100,abstraction:ConsumptionControlledBy,reactome:ProteinReference1052
reactome:SmallMoleculeReference468,abstraction:ConsumptionControlledBy,reactome:ProteinReference1444
reactome:SmallMoleculeReference151,abstraction:ConsumptionControlledBy,reactome:ProteinReference249
reactome:SmallMoleculeReference342,abstraction:ConsumptionControlledBy,reactome:ProteinReference6474
reactome:SmallMoleculeReference496,abstraction:ConsumptionControlledBy,reactome:ProteinReference1230
reactome:SmallMoleculeReference203,abstraction:ConsumptionControlledBy,reactome:ProteinReference5289
reactome:SmallMoleculeReference1577,abstraction:ConsumptionControlledBy,reactome:ProteinReference2626
reactome:SmallMoleculeReference1005,abstraction:ConsumptionControlledBy,reactome:ProteinReference1740
reactome:SmallMoleculeReference342,abstraction:ConsumptionControlledBy,reactome:ProteinReference4706
reactome:SmallMoleculeReference592,abstraction:ConsumptionControlledBy,reactome:ProteinReference1226
reactome:SmallMoleculeReference16,abstraction:ConsumptionControlledBy,reactome:ProteinReference531
reactome:SmallMoleculeReference1930,abstraction:ConsumptionControlledBy,reactome:ProteinReference4802
reactome:SmallMoleculeReference174,abstraction:ConsumptionControlledBy,reactome:ProteinReference295
reactome:SmallMoleculeReference1576,abstraction:ConsumptionControlledBy,reactome:ProteinReference1752
reactome:SmallMoleculeReference392,abstraction:ConsumptionControlledBy,reactome:ProteinReference2088
reactome:SmallMoleculeReference894,abstraction:ConsumptionControlledBy,reactome:ProteinReference1655
reactome:SmallMoleculeReference2687,abstraction:ConsumptionControlledBy,reactome:ProteinReference8833
reactome:SmallMoleculeReference260,abstraction:ConsumptionControlledBy,reactome:ProteinReference1419
reactome:SmallMoleculeReference134,abstraction:ConsumptionControlledBy,reactome:ProteinReference204
reactome:SmallMoleculeReference80,abstraction:ConsumptionControlledBy,reactome:ProteinReference172
reactome:SmallMoleculeReference1063,abstraction:ConsumptionControlledBy,reactome:ProteinReference1130
reactome:SmallMoleculeReference345,abstraction:ConsumptionControlledBy,reactome:ProteinReference8427
reactome:SmallMoleculeReference261,abstraction:ConsumptionControlledBy,reactome:ProteinReference480
reactome:SmallMoleculeReference896,abstraction:ConsumptionControlledBy,reactome:ProteinReference1657
reactome:SmallMoleculeReference1672,abstraction:ConsumptionControlledBy,reactome:ProteinReference2690
reactome:SmallMoleculeReference71,abstraction:ConsumptionControlledBy,reactome:ProteinReference181
reactome:SmallMoleculeReference466,abstraction:ConsumptionControlledBy,reactome:ProteinReference5844
reactome:SmallMoleculeReference574,abstraction:ConsumptionControlledBy,reactome:ProteinReference8411
reactome:SmallMoleculeReference147,abstraction:ConsumptionControlledBy,reactome:ProteinReference2436
reactome:SmallMoleculeReference45,abstraction:ConsumptionControlledBy,reactome:ProteinReference178
reactome:SmallMoleculeReference43,abstraction:ConsumptionControlledBy,reactome:ProteinReference12103
reactome:SmallMoleculeReference337,abstraction:ConsumptionControlledBy,reactome:ProteinReference1592
reactome:SmallMoleculeReference232,abstraction:ConsumptionControlledBy,reactome:ProteinReference5545
reactome:SmallMoleculeReference42,abstraction:ConsumptionControlledBy,reactome:ProteinReference2284
reactome:SmallMoleculeReference120,abstraction:ConsumptionControlledBy,reactome:ProteinReference9039
reactome:SmallMoleculeReference2010,abstraction:ConsumptionControlledBy,reactome:ProteinReference5621
reactome:SmallMoleculeReference299,abstraction:ConsumptionControlledBy,reactome:ProteinReference1347
reactome:SmallMoleculeReference2601,abstraction:ConsumptionControlledBy,reactome:ProteinReference2789
reactome:SmallMoleculeReference446,abstraction:ConsumptionControlledBy,reactome:ProteinReference998
reactome:SmallMoleculeReference43,abstraction:ConsumptionControlledBy,reactome:ProteinReference11550
reactome:SmallMoleculeReference767,abstraction:ConsumptionControlledBy,reactome:ProteinReference1423
reactome:SmallMoleculeReference1419,abstraction:ConsumptionControlledBy,reactome:ProteinReference2373
reactome:SmallMoleculeReference146,abstraction:ConsumptionControlledBy,reactome:ProteinReference611
reactome:SmallMoleculeReference466,abstraction:ConsumptionControlledBy,reactome:ProteinReference3457
reactome:SmallMoleculeReference188,abstraction:ConsumptionControlledBy,reactome:ProteinReference303
reactome:SmallMoleculeReference207,abstraction:ConsumptionControlledBy,reactome:ProteinReference3398
reactome:SmallMoleculeReference301,abstraction:ConsumptionControlledBy,reactome:ProteinReference1739
reactome:SmallMoleculeReference467,abstraction:ConsumptionControlledBy,reactome:ProteinReference1028
reactome:SmallMoleculeReference660,abstraction:ConsumptionControlledBy,reactome:ProteinReference1275
reactome:SmallMoleculeReference941,abstraction:ConsumptionControlledBy,reactome:ProteinReference1675
reactome:SmallMoleculeReference653,abstraction:ConsumptionControlledBy,reactome:ProteinReference1381
reactome:SmallMoleculeReference1464,abstraction:ConsumptionControlledBy,reactome:ProteinReference2246
reactome:SmallMoleculeReference1580,abstraction:ConsumptionControlledBy,reactome:ProteinReference2646
reactome:SmallMoleculeReference203,abstraction:ConsumptionControlledBy,reactome:ProteinReference9020
reactome:SmallMoleculeReference142,abstraction:ConsumptionControlledBy,reactome:ProteinReference252
reactome:SmallMoleculeReference163,abstraction:ConsumptionControlledBy,reactome:ProteinReference2544
reactome:SmallMoleculeReference96,abstraction:ConsumptionControlledBy,reactome:ProteinReference9065
reactome:SmallMoleculeReference2687,abstraction:ConsumptionControlledBy,reactome:ProteinReference9236
reactome:SmallMoleculeReference1592,abstraction:ConsumptionControlledBy,reactome:ProteinReference2731
reactome:SmallMoleculeReference201,abstraction:ConsumptionControlledBy,reactome:ProteinReference309
reactome:SmallMoleculeReference99,abstraction:ConsumptionControlledBy,reactome:ProteinReference187
reactome:SmallMoleculeReference2601,abstraction:ConsumptionControlledBy,reactome:ProteinReference4996
reactome:SmallMoleculeReference601,abstraction:ConsumptionControlledBy,reactome:ProteinReference1229
reactome:SmallMoleculeReference139,abstraction:ConsumptionControlledBy,reactome:ProteinReference3657
reactome:SmallMoleculeReference16,abstraction:ConsumptionControlledBy,reactome:ProteinReference135
reactome:SmallMoleculeReference96,abstraction:ConsumptionControlledBy,reactome:ProteinReference3168
reactome:SmallMoleculeReference1329,abstraction:ConsumptionControlledBy,reactome:ProteinReference2258
reactome:SmallMoleculeReference212,abstraction:ConsumptionControlledBy,reactome:ProteinReference926
reactome:SmallMoleculeReference141,abstraction:ConsumptionControlledBy,reactome:ProteinReference3654
reactome:SmallMoleculeReference349,abstraction:ConsumptionControlledBy,reactome:ProteinReference2083
reactome:SmallMoleculeReference102,abstraction:ConsumptionControlledBy,reactome:ProteinReference1052
reactome:SmallMoleculeReference96,abstraction:ConsumptionControlledBy,reactome:ProteinReference2805
reactome:SmallMoleculeReference1923,abstraction:ConsumptionControlledBy,reactome:ProteinReference4329
reactome:SmallMoleculeReference43,abstraction:ConsumptionControlledBy,reactome:ProteinReference106
reactome:SmallMoleculeReference1869,abstraction:ConsumptionControlledBy,reactome:ProteinReference1598
reactome:SmallMoleculeReference466,abstraction:ConsumptionControlledBy,reactome:ProteinReference8954
reactome:SmallMoleculeReference46,abstraction:ConsumptionControlledBy,reactome:ProteinReference11481
reactome:SmallMoleculeReference653,abstraction:ConsumptionControlledBy,reactome:ProteinReference1447
reactome:SmallMoleculeReference1930,abstraction:ConsumptionControlledBy,reactome:ProteinReference4795
reactome:SmallMoleculeReference978,abstraction:ConsumptionControlledBy,reactome:ProteinReference1713
reactome:SmallMoleculeReference1777,abstraction:ConsumptionControlledBy,reactome:ProteinReference2749
reactome:SmallMoleculeReference425,abstraction:ConsumptionControlledBy,reactome:ProteinReference978
reactome:SmallMoleculeReference926,abstraction:ConsumptionControlledBy,reactome:ProteinReference1317
reactome:SmallMoleculeReference2601,abstraction:ConsumptionControlledBy,reactome:ProteinReference10610
reactome:SmallMoleculeReference260,abstraction:ConsumptionControlledBy,reactome:ProteinReference480
reactome:SmallMoleculeReference43,abstraction:ConsumptionControlledBy,reactome:ProteinReference9647
reactome:SmallMoleculeReference120,abstraction:ConsumptionControlledBy,reactome:ProteinReference3369
reactome:SmallMoleculeReference957,abstraction:ConsumptionControlledBy,reactome:ProteinReference1687
reactome:SmallMoleculeReference499,abstraction:ConsumptionControlledBy,reactome:ProteinReference24
reactome:SmallMoleculeReference149,abstraction:ConsumptionControlledBy,reactome:ProteinReference1705
reactome:SmallMoleculeReference1371,abstraction:ConsumptionControlledBy,reactome:ProteinReference2303
reactome:SmallMoleculeReference139,abstraction:ConsumptionControlledBy,reactome:ProteinReference246
reactome:SmallMoleculeReference1716,abstraction:ConsumptionControlledBy,reactome:ProteinReference2618
reactome:SmallMoleculeReference1503,abstraction:ConsumptionControlledBy,reactome:ProteinReference2561
reactome:SmallMoleculeReference330,abstraction:ConsumptionControlledBy,reactome:ProteinReference1624
reactome:SmallMoleculeReference145,abstraction:ConsumptionControlledBy,reactome:ProteinReference2339
reactome:SmallMoleculeReference1574,abstraction:ConsumptionControlledBy,reactome:ProteinReference1256
reactome:SmallMoleculeReference261,abstraction:ConsumptionControlledBy,reactome:ProteinReference472
reactome:SmallMoleculeReference2531,abstraction:ConsumptionControlledBy,reactome:ProteinReference9667
reactome:SmallMoleculeReference483,abstraction:ConsumptionControlledBy,reactome:ProteinReference1036
reactome:SmallMoleculeReference96,abstraction:ConsumptionControlledBy,reactome:ProteinReference3938
reactome:SmallMoleculeReference96,abstraction:ConsumptionControlledBy,reactome:ProteinReference10030
reactome:SmallMoleculeReference1581,abstraction:ConsumptionControlledBy,reactome:ProteinReference2625
reactome:SmallMoleculeReference342,abstraction:ConsumptionControlledBy,reactome:ProteinReference1491
reactome:SmallMoleculeReference204,abstraction:ConsumptionControlledBy,reactome:ProteinReference4078
reactome:SmallMoleculeReference1571,abstraction:ConsumptionControlledBy,reactome:ProteinReference2629
reactome:SmallMoleculeReference342,abstraction:ConsumptionControlledBy,reactome:ProteinReference700
reactome:SmallMoleculeReference391,abstraction:ConsumptionControlledBy,reactome:ProteinReference4468
reactome:SmallMoleculeReference342,abstraction:ConsumptionControlledBy,reactome:ProteinReference6426
reactome:SmallMoleculeReference307,abstraction:ConsumptionControlledBy,reactome:ProteinReference1417
reactome:SmallMoleculeReference147,abstraction:ConsumptionControlledBy,reactome:ProteinReference2710
reactome:SmallMoleculeReference174,abstraction:ConsumptionControlledBy,reactome:ProteinReference172
reactome:SmallMoleculeReference1278,abstraction:ConsumptionControlledBy,reactome:ProteinReference2170
reactome:SmallMoleculeReference394,abstraction:ConsumptionControlledBy,reactome:ProteinReference1243
reactome:SmallMoleculeReference96,abstraction:ConsumptionControlledBy,reactome:ProteinReference4553
reactome:SmallMoleculeReference1175,abstraction:ConsumptionControlledBy,reactome:ProteinReference2067
reactome:SmallMoleculeReference7,abstraction:ConsumptionControlledBy,reactome:ProteinReference1416
reactome:SmallMoleculeReference16,abstraction:ConsumptionControlledBy,reactome:ProteinReference6892
reactome:SmallMoleculeReference209,abstraction:ConsumptionControlledBy,reactome:ProteinReference7519
reactome:SmallMoleculeReference120,abstraction:ConsumptionControlledBy,reactome:ProteinReference212
reactome:SmallMoleculeReference466,abstraction:ConsumptionControlledBy,reactome:ProteinReference7842
reactome:SmallMoleculeReference726,abstraction:ConsumptionControlledBy,reactome:ProteinReference1320
reactome:SmallMoleculeReference574,abstraction:ConsumptionControlledBy,reactome:ProteinReference2739
reactome:SmallMoleculeReference42,abstraction:ConsumptionControlledBy,reactome:ProteinReference7700
reactome:SmallMoleculeReference2908,abstraction:ConsumptionControlledBy,reactome:ProteinReference11626
reactome:SmallMoleculeReference466,abstraction:ConsumptionControlledBy,reactome:ProteinReference8851
reactome:SmallMoleculeReference120,abstraction:ConsumptionControlledBy,reactome:ProteinReference1314
reactome:SmallMoleculeReference1715,abstraction:ConsumptionControlledBy,reactome:ProteinReference2723
reactome:SmallMoleculeReference96,abstraction:ConsumptionControlledBy,reactome:ProteinReference3154
reactome:SmallMoleculeReference8,abstraction:ConsumptionControlledBy,reactome:ProteinReference1381
reactome:SmallMoleculeReference45,abstraction:ConsumptionControlledBy,reactome:ProteinReference167
reactome:SmallMoleculeReference629,abstraction:ConsumptionControlledBy,reactome:ProteinReference1232
reactome:SmallMoleculeReference812,abstraction:ConsumptionControlledBy,reactome:ProteinReference1515
reactome:SmallMoleculeReference1575,abstraction:ConsumptionControlledBy,reactome:ProteinReference2674
reactome:SmallMoleculeReference470,abstraction:ConsumptionControlledBy,reactome:ProteinReference1045
reactome:SmallMoleculeReference54,abstraction:ConsumptionControlledBy,reactome:ProteinReference609
reactome:SmallMoleculeReference1231,abstraction:ConsumptionControlledBy,reactome:ProteinReference2118
reactome:SmallMoleculeReference1573,abstraction:ConsumptionControlledBy,reactome:ProteinReference2739
reactome:SmallMoleculeReference207,abstraction:ConsumptionControlledBy,reactome:ProteinReference3424
reactome:SmallMoleculeReference681,abstraction:ConsumptionControlledBy,reactome:ProteinReference1279
reactome:SmallMoleculeReference120,abstraction:ConsumptionControlledBy,reactome:ProteinReference2554
reactome:SmallMoleculeReference203,abstraction:ConsumptionControlledBy,reactome:ProteinReference9013
reactome:SmallMoleculeReference658,abstraction:ConsumptionControlledBy,reactome:ProteinReference1323
reactome:SmallMoleculeReference302,abstraction:ConsumptionControlledBy,reactome:ProteinReference1262
reactome:SmallMoleculeReference687,abstraction:ConsumptionControlledBy,reactome:ProteinReference1080
reactome:SmallMoleculeReference1711,abstraction:ConsumptionControlledBy,reactome:ProteinReference2721
reactome:SmallMoleculeReference1,abstraction:ConsumptionControlledBy,reactome:ProteinReference142
reactome:SmallMoleculeReference120,abstraction:ConsumptionControlledBy,reactome:ProteinReference3372
reactome:SmallMoleculeReference1726,abstraction:ConsumptionControlledBy,reactome:ProteinReference2746
reactome:SmallMoleculeReference96,abstraction:ConsumptionControlledBy,reactome:ProteinReference3251
reactome:SmallMoleculeReference814,abstraction:ConsumptionControlledBy,reactome:ProteinReference1532
reactome:SmallMoleculeReference54,abstraction:ConsumptionControlledBy,reactome:ProteinReference569
reactome:SmallMoleculeReference6,abstraction:ConsumptionControlledBy,reactome:ProteinReference19
reactome:SmallMoleculeReference207,abstraction:ConsumptionControlledBy,reactome:ProteinReference3379
reactome:SmallMoleculeReference1873,abstraction:ConsumptionControlledBy,reactome:ProteinReference4078
reactome:SmallMoleculeReference203,abstraction:ConsumptionControlledBy,reactome:ProteinReference2798
reactome:SmallMoleculeReference511,abstraction:ConsumptionControlledBy,reactome:ProteinReference1186
reactome:SmallMoleculeReference466,abstraction:ConsumptionControlledBy,reactome:ProteinReference6435
reactome:SmallMoleculeReference150,abstraction:ConsumptionControlledBy,reactome:ProteinReference1555
reactome:SmallMoleculeReference209,abstraction:ConsumptionControlledBy,reactome:ProteinReference320
reactome:SmallMoleculeReference1576,abstraction:ConsumptionControlledBy,reactome:ProteinReference2626
reactome:SmallMoleculeReference1287,abstraction:ConsumptionControlledBy,reactome:ProteinReference2193
reactome:SmallMoleculeReference260,abstraction:ConsumptionControlledBy,reactome:ProteinReference472
reactome:SmallMoleculeReference704,abstraction:ConsumptionControlledBy,reactome:ProteinReference1286
reactome:SmallMoleculeReference342,abstraction:ConsumptionControlledBy,reactome:ProteinReference6325
reactome:SmallMoleculeReference16,abstraction:ConsumptionControlledBy,reactome:ProteinReference151
reactome:SmallMoleculeReference345,abstraction:ConsumptionControlledBy,reactome:ProteinReference822
reactome:SmallMoleculeReference126,abstraction:ConsumptionControlledBy,reactome:ProteinReference1830
reactome:SmallMoleculeReference397,abstraction:ConsumptionControlledBy,reactome:ProteinReference1548
reactome:SmallMoleculeReference342,abstraction:ConsumptionControlledBy,reactome:ProteinReference699
reactome:SmallMoleculeReference230,abstraction:ConsumptionControlledBy,reactome:ProteinReference1464
reactome:SmallMoleculeReference96,abstraction:ConsumptionControlledBy,reactome:ProteinReference3215
reactome:SmallMoleculeReference466,abstraction:ConsumptionControlledBy,reactome:ProteinReference6813
reactome:SmallMoleculeReference46,abstraction:ConsumptionControlledBy,reactome:ProteinReference7759
reactome:SmallMoleculeReference980,abstraction:ConsumptionControlledBy,reactome:ProteinReference2632
reactome:SmallMoleculeReference46,abstraction:ConsumptionControlledBy,reactome:ProteinReference620
reactome:SmallMoleculeReference142,abstraction:ConsumptionControlledBy,reactome:ProteinReference268
reactome:SmallMoleculeReference120,abstraction:ConsumptionControlledBy,reactome:ProteinReference3397
reactome:SmallMoleculeReference124,abstraction:ConsumptionControlledBy,reactome:ProteinReference1283
reactome:SmallMoleculeReference466,abstraction:ConsumptionControlledBy,reactome:ProteinReference5660
reactome:SmallMoleculeReference43,abstraction:ConsumptionControlledBy,reactome:ProteinReference10935
reactome:SmallMoleculeReference678,abstraction:ConsumptionControlledBy,reactome:ProteinReference1275
reactome:SmallMoleculeReference96,abstraction:ConsumptionControlledBy,reactome:ProteinReference10553
reactome:SmallMoleculeReference574,abstraction:ConsumptionControlledBy,reactome:ProteinReference2740
reactome:SmallMoleculeReference1777,abstraction:ConsumptionControlledBy,reactome:ProteinReference2747
reactome:SmallMoleculeReference7,abstraction:ConsumptionControlledBy,reactome:ProteinReference1419
reactome:SmallMoleculeReference1226,abstraction:ConsumptionControlledBy,reactome:ProteinReference8777
reactome:SmallMoleculeReference466,abstraction:ConsumptionControlledBy,reactome:ProteinReference1766
reactome:SmallMoleculeReference1367,abstraction:ConsumptionControlledBy,reactome:ProteinReference2306
reactome:SmallMoleculeReference46,abstraction:ConsumptionControlledBy,reactome:ProteinReference11449
reactome:SmallMoleculeReference144,abstraction:ConsumptionControlledBy,reactome:ProteinReference2338
reactome:SmallMoleculeReference96,abstraction:ConsumptionControlledBy,reactome:ProteinReference9069
reactome:SmallMoleculeReference386,abstraction:ConsumptionControlledBy,reactome:ProteinReference2126
reactome:SmallMoleculeReference1182,abstraction:ConsumptionControlledBy,reactome:ProteinReference2257
reactome:SmallMoleculeReference142,abstraction:ConsumptionControlledBy,reactome:ProteinReference1810
reactome:SmallMoleculeReference979,abstraction:ConsumptionControlledBy,reactome:ProteinReference1713
reactome:SmallMoleculeReference203,abstraction:ConsumptionControlledBy,reactome:ProteinReference9003
reactome:SmallMoleculeReference955,abstraction:ConsumptionControlledBy,reactome:ProteinReference1676
reactome:SmallMoleculeReference46,abstraction:ConsumptionControlledBy,reactome:ProteinReference453
reactome:SmallMoleculeReference1450,abstraction:ConsumptionControlledBy,reactome:ProteinReference2412
reactome:SmallMoleculeReference7,abstraction:ConsumptionControlledBy,reactome:ProteinReference1395
reactome:SmallMoleculeReference112,abstraction:ConsumptionControlledBy,reactome:ProteinReference204
reactome:SmallMoleculeReference204,abstraction:ConsumptionControlledBy,reactome:ProteinReference890
reactome:SmallMoleculeReference537,abstraction:ConsumptionControlledBy,reactome:ProteinReference1407
reactome:SmallMoleculeReference120,abstraction:ConsumptionControlledBy,reactome:ProteinReference3371
reactome:SmallMoleculeReference1925,abstraction:ConsumptionControlledBy,reactome:ProteinReference4364
reactome:SmallMoleculeReference1573,abstraction:ConsumptionControlledBy,reactome:ProteinReference2740
reactome:SmallMoleculeReference46,abstraction:ConsumptionControlledBy,reactome:ProteinReference11424
reactome:SmallMoleculeReference342,abstraction:ConsumptionControlledBy,reactome:ProteinReference394
reactome:SmallMoleculeReference215,abstraction:ConsumptionControlledBy,reactome:ProteinReference4365
reactome:SmallMoleculeReference43,abstraction:ConsumptionControlledBy,reactome:ProteinReference11509
reactome:SmallMoleculeReference348,abstraction:ConsumptionControlledBy,reactome:ProteinReference2083
reactome:SmallMoleculeReference142,abstraction:ConsumptionControlledBy,reactome:ProteinReference2430
reactome:SmallMoleculeReference809,abstraction:ConsumptionControlledBy,reactome:ProteinReference1514
reactome:SmallMoleculeReference979,abstraction:ConsumptionControlledBy,reactome:ProteinReference1718
reactome:SmallMoleculeReference459,abstraction:ConsumptionControlledBy,reactome:ProteinReference996
reactome:SmallMoleculeReference45,abstraction:ConsumptionControlledBy,reactome:ProteinReference449
reactome:SmallMoleculeReference187,abstraction:ConsumptionControlledBy,reactome:ProteinReference304
reactome:SmallMoleculeReference45,abstraction:ConsumptionControlledBy,reactome:ProteinReference527
reactome:SmallMoleculeReference218,abstraction:ConsumptionControlledBy,reactome:ProteinReference2064
reactome:SmallMoleculeReference96,abstraction:ConsumptionControlledBy,reactome:ProteinReference1118
reactome:SmallMoleculeReference328,abstraction:ConsumptionControlledBy,reactome:ProteinReference1624
reactome:SmallMoleculeReference120,abstraction:ConsumptionControlledBy,reactome:ProteinReference5243
reactome:SmallMoleculeReference54,abstraction:ConsumptionControlledBy,reactome:ProteinReference608
reactome:SmallMoleculeReference951,abstraction:ConsumptionControlledBy,reactome:ProteinReference1064
reactome:SmallMoleculeReference204,abstraction:ConsumptionControlledBy,reactome:ProteinReference1589
reactome:SmallMoleculeReference66,abstraction:ConsumptionControlledBy,reactome:ProteinReference2590
reactome:SmallMoleculeReference466,abstraction:ConsumptionControlledBy,reactome:ProteinReference5833
reactome:SmallMoleculeReference193,abstraction:ConsumptionControlledBy,reactome:ProteinReference308
reactome:SmallMoleculeReference747,abstraction:ConsumptionControlledBy,reactome:ProteinReference1345
reactome:SmallMoleculeReference1925,abstraction:ConsumptionControlledBy,reactome:ProteinReference4361
reactome:SmallMoleculeReference141,abstraction:ConsumptionControlledBy,reactome:ProteinReference253
reactome:SmallMoleculeReference407,abstraction:ConsumptionControlledBy,reactome:ProteinReference904
reactome:SmallMoleculeReference466,abstraction:ConsumptionControlledBy,reactome:ProteinReference1546
reactome:SmallMoleculeReference91,abstraction:ConsumptionControlledBy,reactome:ProteinReference174
reactome:SmallMoleculeReference301,abstraction:ConsumptionControlledBy,reactome:ProteinReference7652
reactome:SmallMoleculeReference312,abstraction:ConsumptionControlledBy,reactome:ProteinReference1621
reactome:SmallMoleculeReference169,abstraction:ConsumptionControlledBy,reactome:ProteinReference2429
reactome:SmallMoleculeReference2687,abstraction:ConsumptionControlledBy,reactome:ProteinReference9233
reactome:SmallMoleculeReference75,abstraction:ConsumptionControlledBy,reactome:ProteinReference172
reactome:SmallMoleculeReference46,abstraction:ConsumptionControlledBy,reactome:ProteinReference5527
reactome:SmallMoleculeReference207,abstraction:ConsumptionControlledBy,reactome:ProteinReference3376
reactome:SmallMoleculeReference1177,abstraction:ConsumptionControlledBy,reactome:ProteinReference2134
reactome:SmallMoleculeReference142,abstraction:ConsumptionControlledBy,reactome:ProteinReference6230
reactome:SmallMoleculeReference342,abstraction:ConsumptionControlledBy,reactome:ProteinReference698
reactome:SmallMoleculeReference302,abstraction:ConsumptionControlledBy,reactome:ProteinReference1169
reactome:SmallMoleculeReference1213,abstraction:ConsumptionControlledBy,reactome:ProteinReference2154
reactome:SmallMoleculeReference1239,abstraction:ConsumptionControlledBy,reactome:ProteinReference2141
reactome:SmallMoleculeReference433,abstraction:ConsumptionControlledBy,reactome:ProteinReference868
reactome:SmallMoleculeReference1573,abstraction:ConsumptionControlledBy,reactome:ProteinReference2172
reactome:SmallMoleculeReference814,abstraction:ConsumptionControlledBy,reactome:ProteinReference1544
reactome:SmallMoleculeReference525,abstraction:ConsumptionControlledBy,reactome:ProteinReference1197
reactome:SmallMoleculeReference1374,abstraction:ConsumptionControlledBy,reactome:ProteinReference2312
reactome:SmallMoleculeReference1587,abstraction:ConsumptionControlledBy,reactome:ProteinReference1255
reactome:SmallMoleculeReference120,abstraction:ConsumptionControlledBy,reactome:ProteinReference548
reactome:SmallMoleculeReference1160,abstraction:ConsumptionControlledBy,reactome:ProteinReference1984
reactome:SmallMoleculeReference45,abstraction:ConsumptionControlledBy,reactome:ProteinReference100
reactome:SmallMoleculeReference1220,abstraction:ConsumptionControlledBy,reactome:ProteinReference5256
reactome:SmallMoleculeReference1334,abstraction:ConsumptionControlledBy,reactome:ProteinReference2272
reactome:SmallMoleculeReference469,abstraction:ConsumptionControlledBy,reactome:ProteinReference1024
reactome:SmallMoleculeReference188,abstraction:ConsumptionControlledBy,reactome:ProteinReference2191
reactome:SmallMoleculeReference297,abstraction:ConsumptionControlledBy,reactome:ProteinReference10
reactome:SmallMoleculeReference406,abstraction:ConsumptionControlledBy,reactome:ProteinReference900
reactome:SmallMoleculeReference96,abstraction:ConsumptionControlledBy,reactome:ProteinReference10108
reactome:SmallMoleculeReference301,abstraction:ConsumptionControlledBy,reactome:ProteinReference1184
reactome:SmallMoleculeReference466,abstraction:ConsumptionControlledBy,reactome:ProteinReference6437
reactome:SmallMoleculeReference139,abstraction:ConsumptionControlledBy,reactome:ProteinReference2246
reactome:SmallMoleculeReference46,abstraction:ConsumptionControlledBy,reactome:ProteinReference2970
reactome:SmallMoleculeReference1371,abstraction:ConsumptionControlledBy,reactome:ProteinReference2301
reactome:SmallMoleculeReference1358,abstraction:ConsumptionControlledBy,reactome:ProteinReference12043
reactome:SmallMoleculeReference1627,abstraction:ConsumptionControlledBy,reactome:ProteinReference1132
reactome:SmallMoleculeReference1930,abstraction:ConsumptionControlledBy,reactome:ProteinReference4816
reactome:SmallMoleculeReference96,abstraction:ConsumptionControlledBy,reactome:ProteinReference10173
reactome:SmallMoleculeReference349,abstraction:ConsumptionControlledBy,reactome:ProteinReference2136
reactome:SmallMoleculeReference393,abstraction:ConsumptionControlledBy,reactome:ProteinReference2112
reactome:SmallMoleculeReference126,abstraction:ConsumptionControlledBy,reactome:ProteinReference1827
reactome:SmallMoleculeReference225,abstraction:ConsumptionControlledBy,reactome:ProteinReference1082
reactome:SmallMoleculeReference150,abstraction:ConsumptionControlledBy,reactome:ProteinReference246
reactome:SmallMoleculeReference96,abstraction:ConsumptionControlledBy,reactome:ProteinReference2714
reactome:SmallMoleculeReference70,abstraction:ConsumptionControlledBy,reactome:ProteinReference170
reactome:SmallMoleculeReference211,abstraction:ConsumptionControlledBy,reactome:ProteinReference2696
reactome:SmallMoleculeReference46,abstraction:ConsumptionControlledBy,reactome:ProteinReference11452
reactome:SmallMoleculeReference2529,abstraction:ConsumptionControlledBy,reactome:ProteinReference281
reactome:SmallMoleculeReference1717,abstraction:ConsumptionControlledBy,reactome:ProteinReference1217
reactome:SmallMoleculeReference876,abstraction:ConsumptionControlledBy,reactome:ProteinReference4046
reactome:SmallMoleculeReference357,abstraction:ConsumptionControlledBy,reactome:ProteinReference1367
reactome:SmallMoleculeReference45,abstraction:ConsumptionControlledBy,reactome:ProteinReference9645
reactome:SmallMoleculeReference46,abstraction:ConsumptionControlledBy,reactome:ProteinReference12093
reactome:SmallMoleculeReference423,abstraction:ConsumptionControlledBy,reactome:ProteinReference978
reactome:SmallMoleculeReference1871,abstraction:ConsumptionControlledBy,reactome:ProteinReference4074
reactome:SmallMoleculeReference710,abstraction:ConsumptionControlledBy,reactome:ProteinReference1873
reactome:SmallMoleculeReference46,abstraction:ConsumptionControlledBy,reactome:ProteinReference577
reactome:SmallMoleculeReference394,abstraction:ConsumptionControlledBy,reactome:ProteinReference1864
reactome:SmallMoleculeReference432,abstraction:ConsumptionControlledBy,reactome:ProteinReference867
reactome:SmallMoleculeReference2593,abstraction:ConsumptionControlledBy,reactome:ProteinReference8515
reactome:SmallMoleculeReference408,abstraction:ConsumptionControlledBy,reactome:ProteinReference905
reactome:SmallMoleculeReference2562,abstraction:ConsumptionControlledBy,reactome:ProteinReference8449
reactome:SmallMoleculeReference1,abstraction:ConsumptionControlledBy,reactome:ProteinReference135
reactome:SmallMoleculeReference46,abstraction:ConsumptionControlledBy,reactome:ProteinReference109
reactome:SmallMoleculeReference7,abstraction:ConsumptionControlledBy,reactome:ProteinReference1024
reactome:SmallMoleculeReference43,abstraction:ConsumptionControlledBy,reactome:ProteinReference11549
reactome:SmallMoleculeReference1872,abstraction:ConsumptionControlledBy,reactome:ProteinReference901
reactome:SmallMoleculeReference1397,abstraction:ConsumptionControlledBy,reactome:ProteinReference2350
reactome:SmallMoleculeReference96,abstraction:ConsumptionControlledBy,reactome:ProteinReference5185
reactome:SmallMoleculeReference2601,abstraction:ConsumptionControlledBy,reactome:ProteinReference9765
reactome:SmallMoleculeReference193,abstraction:ConsumptionControlledBy,reactome:ProteinReference2129
reactome:SmallMoleculeReference80,abstraction:ConsumptionControlledBy,reactome:ProteinReference2642
reactome:SmallMoleculeReference2601,abstraction:ConsumptionControlledBy,reactome:ProteinReference8571
reactome:SmallMoleculeReference1160,abstraction:ConsumptionControlledBy,reactome:ProteinReference1899
reactome:SmallMoleculeReference105,abstraction:ConsumptionControlledBy,reactome:ProteinReference190
reactome:SmallMoleculeReference1218,abstraction:ConsumptionControlledBy,reactome:ProteinReference5257
reactome:SmallMoleculeReference203,abstraction:ConsumptionControlledBy,reactome:ProteinReference1147
reactome:SmallMoleculeReference96,abstraction:ConsumptionControlledBy,reactome:ProteinReference8777
reactome:SmallMoleculeReference1859,abstraction:ConsumptionControlledBy,reactome:ProteinReference4052
reactome:SmallMoleculeReference96,abstraction:ConsumptionControlledBy,reactome:ProteinReference1064
reactome:SmallMoleculeReference144,abstraction:ConsumptionControlledBy,reactome:ProteinReference252
reactome:SmallMoleculeReference45,abstraction:ConsumptionControlledBy,reactome:ProteinReference296
reactome:SmallMoleculeReference466,abstraction:ConsumptionControlledBy,reactome:ProteinReference3367
reactome:SmallMoleculeReference1160,abstraction:ConsumptionControlledBy,reactome:ProteinReference1934
reactome:SmallMoleculeReference1663,abstraction:ConsumptionControlledBy,reactome:ProteinReference2672
reactome:SmallMoleculeReference236,abstraction:ConsumptionControlledBy,reactome:ProteinReference422
reactome:SmallMoleculeReference45,abstraction:ConsumptionControlledBy,reactome:ProteinReference11455
reactome:SmallMoleculeReference466,abstraction:ConsumptionControlledBy,reactome:ProteinReference1486
reactome:SmallMoleculeReference1803,abstraction:ConsumptionControlledBy,reactome:ProteinReference2101
reactome:SmallMoleculeReference2592,abstraction:ConsumptionControlledBy,reactome:ProteinReference8515
reactome:SmallMoleculeReference466,abstraction:ConsumptionControlledBy,reactome:ProteinReference5659
reactome:SmallMoleculeReference398,abstraction:ConsumptionControlledBy,reactome:ProteinReference1864
reactome:SmallMoleculeReference574,abstraction:ConsumptionControlledBy,reactome:ProteinReference2095
reactome:SmallMoleculeReference1385,abstraction:ConsumptionControlledBy,reactome:ProteinReference2339
reactome:SmallMoleculeReference207,abstraction:ConsumptionControlledBy,reactome:ProteinReference1583
reactome:SmallMoleculeReference347,abstraction:ConsumptionControlledBy,reactome:ProteinReference2094
reactome:SmallMoleculeReference211,abstraction:ConsumptionControlledBy,reactome:ProteinReference2690
reactome:SmallMoleculeReference1,abstraction:ConsumptionControlledBy,reactome:ProteinReference124
reactome:SmallMoleculeReference169,abstraction:ConsumptionControlledBy,reactome:ProteinReference2078
reactome:SmallMoleculeReference199,abstraction:ConsumptionControlledBy,reactome:ProteinReference2141
reactome:SmallMoleculeReference96,abstraction:ConsumptionControlledBy,reactome:ProteinReference10551
reactome:SmallMoleculeReference469,abstraction:ConsumptionControlledBy,reactome:ProteinReference1029
reactome:SmallMoleculeReference132,abstraction:ConsumptionControlledBy,reactome:ProteinReference213
reactome:SmallMoleculeReference46,abstraction:ConsumptionControlledBy,reactome:ProteinReference12089
reactome:SmallMoleculeReference2562,abstraction:ConsumptionControlledBy,reactome:ProteinReference8450
reactome:SmallMoleculeReference746,abstraction:ConsumptionControlledBy,reactome:ProteinReference1466
reactome:SmallMoleculeReference536,abstraction:ConsumptionControlledBy,reactome:ProteinReference1207
reactome:SmallMoleculeReference219,abstraction:ConsumptionControlledBy,reactome:ProteinReference1231
reactome:SmallMoleculeReference203,abstraction:ConsumptionControlledBy,reactome:ProteinReference9033
reactome:SmallMoleculeReference1716,abstraction:ConsumptionControlledBy,reactome:ProteinReference2738
reactome:SmallMoleculeReference1893,abstraction:ConsumptionControlledBy,reactome:ProteinReference4101
reactome:SmallMoleculeReference1056,abstraction:ConsumptionControlledBy,reactome:ProteinReference1227
reactome:SmallMoleculeReference496,abstraction:ConsumptionControlledBy,reactome:ProteinReference1250
reactome:SmallMoleculeReference96,abstraction:ConsumptionControlledBy,reactome:ProteinReference4552
reactome:SmallMoleculeReference96,abstraction:ConsumptionControlledBy,reactome:ProteinReference5285
reactome:SmallMoleculeReference207,abstraction:ConsumptionControlledBy,reactome:ProteinReference3407
reactome:SmallMoleculeReference209,abstraction:ConsumptionControlledBy,reactome:ProteinReference4344
reactome:SmallMoleculeReference301,abstraction:ConsumptionControlledBy,reactome:ProteinReference1127
reactome:SmallMoleculeReference804,abstraction:ConsumptionControlledBy,reactome:ProteinReference1379
reactome:SmallMoleculeReference1221,abstraction:ConsumptionControlledBy,reactome:ProteinReference2109
reactome:SmallMoleculeReference2601,abstraction:ConsumptionControlledBy,reactome:ProteinReference10667
reactome:SmallMoleculeReference118,abstraction:ConsumptionControlledBy,reactome:ProteinReference204
reactome:SmallMoleculeReference174,abstraction:ConsumptionControlledBy,reactome:ProteinReference283
reactome:SmallMoleculeReference203,abstraction:ConsumptionControlledBy,reactome:ProteinReference4569
reactome:SmallMoleculeReference119,abstraction:ConsumptionControlledBy,reactome:ProteinReference5543
reactome:SmallMoleculeReference463,abstraction:ConsumptionControlledBy,reactome:ProteinReference1002
reactome:SmallMoleculeReference1254,abstraction:ConsumptionControlledBy,reactome:ProteinReference2142
reactome:SmallMoleculeReference45,abstraction:ConsumptionControlledBy,reactome:ProteinReference10937
reactome:SmallMoleculeReference213,abstraction:ConsumptionControlledBy,reactome:ProteinReference996
reactome:SmallMoleculeReference359,abstraction:ConsumptionControlledBy,reactome:ProteinReference820
reactome:SmallMoleculeReference466,abstraction:ConsumptionControlledBy,reactome:ProteinReference5864
reactome:SmallMoleculeReference1420,abstraction:ConsumptionControlledBy,reactome:ProteinReference2374
reactome:SmallMoleculeReference159,abstraction:ConsumptionControlledBy,reactome:ProteinReference236
reactome:SmallMoleculeReference99,abstraction:ConsumptionControlledBy,reactome:ProteinReference1681
reactome:SmallMoleculeReference207,abstraction:ConsumptionControlledBy,reactome:ProteinReference3382
reactome:SmallMoleculeReference2687,abstraction:ConsumptionControlledBy,reactome:ProteinReference9231
reactome:SmallMoleculeReference1037,abstraction:ConsumptionControlledBy,reactome:ProteinReference1258
reactome:SmallMoleculeReference1852,abstraction:ConsumptionControlledBy,reactome:ProteinReference4048
reactome:SmallMoleculeReference342,abstraction:ConsumptionControlledBy,reactome:ProteinReference4148
reactome:SmallMoleculeReference391,abstraction:ConsumptionControlledBy,reactome:ProteinReference4444
reactome:SmallMoleculeReference2601,abstraction:ConsumptionControlledBy,reactome:ProteinReference9952
reactome:SmallMoleculeReference1729,abstraction:ConsumptionControlledBy,reactome:ProteinReference2749
reactome:SmallMoleculeReference812,abstraction:ConsumptionControlledBy,reactome:ProteinReference1526
reactome:SmallMoleculeReference1820,abstraction:ConsumptionControlledBy,reactome:ProteinReference2684
reactome:SmallMoleculeReference2101,abstraction:ConsumptionControlledBy,reactome:ProteinReference62
reactome:SmallMoleculeReference912,abstraction:ConsumptionControlledBy,reactome:ProteinReference1673
reactome:SmallMoleculeReference81,abstraction:ConsumptionControlledBy,reactome:ProteinReference2603
reactome:SmallMoleculeReference1019,abstraction:ConsumptionControlledBy,reactome:ProteinReference1751
reactome:SmallMoleculeReference190,abstraction:ConsumptionControlledBy,reactome:ProteinReference309
reactome:SmallMoleculeReference118,abstraction:ConsumptionControlledBy,reactome:ProteinReference284
reactome:SmallMoleculeReference43,abstraction:ConsumptionControlledBy,reactome:ProteinReference12095
reactome:SmallMoleculeReference347,abstraction:ConsumptionControlledBy,reactome:ProteinReference2093
reactome:SmallMoleculeReference126,abstraction:ConsumptionControlledBy,reactome:ProteinReference215
reactome:SmallMoleculeReference301,abstraction:ConsumptionControlledBy,reactome:ProteinReference1265
reactome:SmallMoleculeReference131,abstraction:ConsumptionControlledBy,reactome:ProteinReference745
reactome:SmallMoleculeReference66,abstraction:ConsumptionControlledBy,reactome:ProteinReference612
reactome:SmallMoleculeReference966,abstraction:ConsumptionControlledBy,reactome:ProteinReference1707
reactome:SmallMoleculeReference1252,abstraction:ConsumptionControlledBy,reactome:ProteinReference2144
reactome:SmallMoleculeReference46,abstraction:ConsumptionControlledBy,reactome:ProteinReference12106
reactome:SmallMoleculeReference76,abstraction:ConsumptionControlledBy,reactome:ProteinReference172
reactome:SmallMoleculeReference220,abstraction:ConsumptionControlledBy,reactome:ProteinReference328
reactome:SmallMoleculeReference96,abstraction:ConsumptionControlledBy,reactome:ProteinReference1169
reactome:SmallMoleculeReference426,abstraction:ConsumptionControlledBy,reactome:ProteinReference961
reactome:SmallMoleculeReference1254,abstraction:ConsumptionControlledBy,reactome:ProteinReference2145
reactome:SmallMoleculeReference1546,abstraction:ConsumptionControlledBy,reactome:ProteinReference393
reactome:SmallMoleculeReference7,abstraction:ConsumptionControlledBy,reactome:ProteinReference1013
reactome:SmallMoleculeReference120,abstraction:ConsumptionControlledBy,reactome:ProteinReference4472
reactome:SmallMoleculeReference1206,abstraction:ConsumptionControlledBy,reactome:ProteinReference2103
reactome:SmallMoleculeReference1889,abstraction:ConsumptionControlledBy,reactome:ProteinReference4098
reactome:SmallMoleculeReference120,abstraction:ConsumptionControlledBy,reactome:ProteinReference2399
reactome:SmallMoleculeReference1368,abstraction:ConsumptionControlledBy,reactome:ProteinReference2301
reactome:SmallMoleculeReference232,abstraction:ConsumptionControlledBy,reactome:ProteinReference7411
reactome:SmallMoleculeReference103,abstraction:ConsumptionControlledBy,reactome:ProteinReference1681
reactome:SmallMoleculeReference77,abstraction:ConsumptionControlledBy,reactome:ProteinReference171
reactome:SmallMoleculeReference16,abstraction:ConsumptionControlledBy,reactome:ProteinReference136
reactome:SmallMoleculeReference96,abstraction:ConsumptionControlledBy,reactome:ProteinReference9059
reactome:SmallMoleculeReference130,abstraction:ConsumptionControlledBy,reactome:ProteinReference1864
reactome:SmallMoleculeReference391,abstraction:ConsumptionControlledBy,reactome:ProteinReference2101
reactome:SmallMoleculeReference54,abstraction:ConsumptionControlledBy,reactome:ProteinReference8264
reactome:SmallMoleculeReference53,abstraction:ConsumptionControlledBy,reactome:ProteinReference438
reactome:SmallMoleculeReference98,abstraction:ConsumptionControlledBy,reactome:ProteinReference187
reactome:SmallMoleculeReference45,abstraction:ConsumptionControlledBy,reactome:ProteinReference498
reactome:SmallMoleculeReference46,abstraction:ConsumptionControlledBy,reactome:ProteinReference1758
reactome:SmallMoleculeReference676,abstraction:ConsumptionControlledBy,reactome:ProteinReference1812
reactome:SmallMoleculeReference99,abstraction:ConsumptionControlledBy,reactome:ProteinReference1065
reactome:SmallMoleculeReference46,abstraction:ConsumptionControlledBy,reactome:ProteinReference102
reactome:SmallMoleculeReference466,abstraction:ConsumptionControlledBy,reactome:ProteinReference6728
reactome:SmallMoleculeReference941,abstraction:ConsumptionControlledBy,reactome:ProteinReference1676
reactome:SmallMoleculeReference48,abstraction:ConsumptionControlledBy,reactome:ProteinReference121
reactome:SmallMoleculeReference215,abstraction:ConsumptionControlledBy,reactome:ProteinReference967
reactome:SmallMoleculeReference99,abstraction:ConsumptionControlledBy,reactome:ProteinReference1064
reactome:SmallMoleculeReference131,abstraction:ConsumptionControlledBy,reactome:ProteinReference744
reactome:SmallMoleculeReference203,abstraction:ConsumptionControlledBy,reactome:ProteinReference6102
reactome:SmallMoleculeReference142,abstraction:ConsumptionControlledBy,reactome:ProteinReference2557
reactome:SmallMoleculeReference1930,abstraction:ConsumptionControlledBy,reactome:ProteinReference4823
reactome:SmallMoleculeReference345,abstraction:ConsumptionControlledBy,reactome:ProteinReference765
reactome:SmallMoleculeReference1033,abstraction:ConsumptionControlledBy,reactome:ProteinReference1751
reactome:SmallMoleculeReference813,abstraction:ConsumptionControlledBy,reactome:ProteinReference1493
reactome:SmallMoleculeReference96,abstraction:ConsumptionControlledBy,reactome:ProteinReference2218
reactome:SmallMoleculeReference940,abstraction:ConsumptionControlledBy,reactome:ProteinReference1675
reactome:SmallMoleculeReference466,abstraction:ConsumptionControlledBy,reactome:ProteinReference355
reactome:SmallMoleculeReference466,abstraction:ConsumptionControlledBy,reactome:ProteinReference6724
reactome:SmallMoleculeReference1930,abstraction:ConsumptionControlledBy,reactome:ProteinReference4829
reactome:SmallMoleculeReference1160,abstraction:ConsumptionControlledBy,reactome:ProteinReference1957
reactome:SmallMoleculeReference1864,abstraction:ConsumptionControlledBy,reactome:ProteinReference4062
reactome:SmallMoleculeReference491,abstraction:ConsumptionControlledBy,reactome:ProteinReference1044
reactome:SmallMoleculeReference751,abstraction:ConsumptionControlledBy,reactome:ProteinReference2280
reactome:SmallMoleculeReference1821,abstraction:ConsumptionControlledBy,reactome:ProteinReference2684
reactome:SmallMoleculeReference466,abstraction:ConsumptionControlledBy,reactome:ProteinReference5793
reactome:SmallMoleculeReference96,abstraction:ConsumptionControlledBy,reactome:ProteinReference6783
reactome:SmallMoleculeReference391,abstraction:ConsumptionControlledBy,reactome:ProteinReference56
reactome:SmallMoleculeReference2687,abstraction:ConsumptionControlledBy,reactome:ProteinReference8836
reactome:SmallMoleculeReference985,abstraction:ConsumptionControlledBy,reactome:ProteinReference1134
reactome:SmallMoleculeReference986,abstraction:ConsumptionControlledBy,reactome:ProteinReference1156
reactome:SmallMoleculeReference46,abstraction:ConsumptionControlledBy,reactome:ProteinReference1763
reactome:SmallMoleculeReference409,abstraction:ConsumptionControlledBy,reactome:ProteinReference870
reactome:SmallMoleculeReference349,abstraction:ConsumptionControlledBy,reactome:ProteinReference1312
reactome:SmallMoleculeReference79,abstraction:ConsumptionControlledBy,reactome:ProteinReference171
reactome:SmallMoleculeReference1772,abstraction:ConsumptionControlledBy,reactome:ProteinReference2102
reactome:SmallMoleculeReference1715,abstraction:ConsumptionControlledBy,reactome:ProteinReference1237
reactome:SmallMoleculeReference120,abstraction:ConsumptionControlledBy,reactome:ProteinReference3409
reactome:SmallMoleculeReference45,abstraction:ConsumptionControlledBy,reactome:ProteinReference92
reactome:SmallMoleculeReference2101,abstraction:ConsumptionControlledBy,reactome:ProteinReference59
reactome:SmallMoleculeReference764,abstraction:ConsumptionControlledBy,reactome:ProteinReference2160
reactome:SmallMoleculeReference466,abstraction:ConsumptionControlledBy,reactome:ProteinReference5797
reactome:SmallMoleculeReference749,abstraction:ConsumptionControlledBy,reactome:ProteinReference1339
reactome:SmallMoleculeReference746,abstraction:ConsumptionControlledBy,reactome:ProteinReference1337
reactome:SmallMoleculeReference1865,abstraction:ConsumptionControlledBy,reactome:ProteinReference4119
reactome:SmallMoleculeReference2601,abstraction:ConsumptionControlledBy,reactome:ProteinReference2775
reactome:SmallMoleculeReference144,abstraction:ConsumptionControlledBy,reactome:ProteinReference2430
reactome:SmallMoleculeReference16,abstraction:ConsumptionControlledBy,reactome:ProteinReference152
reactome:SmallMoleculeReference1849,abstraction:ConsumptionControlledBy,reactome:ProteinReference3975
reactome:SmallMoleculeReference43,abstraction:ConsumptionControlledBy,reactome:ProteinReference11439
reactome:SmallMoleculeReference209,abstraction:ConsumptionControlledBy,reactome:ProteinReference4357
reactome:SmallMoleculeReference1729,abstraction:ConsumptionControlledBy,reactome:ProteinReference2747
reactome:SmallMoleculeReference496,abstraction:ConsumptionControlledBy,reactome:ProteinReference1231
reactome:SmallMoleculeReference104,abstraction:ConsumptionControlledBy,reactome:ProteinReference2691
reactome:SmallMoleculeReference349,abstraction:ConsumptionControlledBy,reactome:ProteinReference2115
reactome:SmallMoleculeReference16,abstraction:ConsumptionControlledBy,reactome:ProteinReference155
reactome:SmallMoleculeReference69,abstraction:ConsumptionControlledBy,reactome:ProteinReference171
reactome:SmallMoleculeReference209,abstraction:ConsumptionControlledBy,reactome:ProteinReference323
reactome:SmallMoleculeReference1585,abstraction:ConsumptionControlledBy,reactome:ProteinReference1254
reactome:SmallMoleculeReference149,abstraction:ConsumptionControlledBy,reactome:ProteinReference2719
reactome:SmallMoleculeReference769,abstraction:ConsumptionControlledBy,reactome:ProteinReference1431
reactome:SmallMoleculeReference600,abstraction:ConsumptionControlledBy,reactome:ProteinReference1135
reactome:SmallMoleculeReference466,abstraction:ConsumptionControlledBy,reactome:ProteinReference7868
reactome:SmallMoleculeReference1559,abstraction:ConsumptionControlledBy,reactome:ProteinReference2673
reactome:SmallMoleculeReference467,abstraction:ConsumptionControlledBy,reactome:ProteinReference1041
reactome:SmallMoleculeReference6,abstraction:ConsumptionControlledBy,reactome:ProteinReference1065
reactome:SmallMoleculeReference1160,abstraction:ConsumptionControlledBy,reactome:ProteinReference1973
reactome:SmallMoleculeReference188,abstraction:ConsumptionControlledBy,reactome:ProteinReference2192
reactome:SmallMoleculeReference1226,abstraction:ConsumptionControlledBy,reactome:ProteinReference2788
reactome:SmallMoleculeReference43,abstraction:ConsumptionControlledBy,reactome:ProteinReference11525
reactome:SmallMoleculeReference752,abstraction:ConsumptionControlledBy,reactome:ProteinReference2645
reactome:SmallMoleculeReference1160,abstraction:ConsumptionControlledBy,reactome:ProteinReference1968
reactome:SmallMoleculeReference1923,abstraction:ConsumptionControlledBy,reactome:ProteinReference4323
reactome:SmallMoleculeReference149,abstraction:ConsumptionControlledBy,reactome:ProteinReference3669
reactome:SmallMoleculeReference842,abstraction:ConsumptionControlledBy,reactome:ProteinReference1588
reactome:SmallMoleculeReference152,abstraction:ConsumptionControlledBy,reactome:ProteinReference2602
reactome:SmallMoleculeReference7,abstraction:ConsumptionControlledBy,reactome:ProteinReference1418
reactome:SmallMoleculeReference533,abstraction:ConsumptionControlledBy,reactome:ProteinReference1540
reactome:SmallMoleculeReference1340,abstraction:ConsumptionControlledBy,reactome:ProteinReference2276
reactome:SmallMoleculeReference744,abstraction:ConsumptionControlledBy,reactome:ProteinReference1814
reactome:SmallMoleculeReference1737,abstraction:ConsumptionControlledBy,reactome:ProteinReference1238
reactome:SmallMoleculeReference1414,abstraction:ConsumptionControlledBy,reactome:ProteinReference2367
reactome:SmallMoleculeReference208,abstraction:ConsumptionControlledBy,reactome:ProteinReference1587
reactome:SmallMoleculeReference1587,abstraction:ConsumptionControlledBy,reactome:ProteinReference1254
reactome:SmallMoleculeReference174,abstraction:ConsumptionControlledBy,reactome:ProteinReference298
reactome:SmallMoleculeReference342,abstraction:ConsumptionControlledBy,reactome:ProteinReference640
reactome:SmallMoleculeReference207,abstraction:ConsumptionControlledBy,reactome:ProteinReference3389
reactome:SmallMoleculeReference574,abstraction:ConsumptionControlledBy,reactome:ProteinReference8410
reactome:SmallMoleculeReference1784,abstraction:ConsumptionControlledBy,reactome:ProteinReference28
reactome:SmallMoleculeReference466,abstraction:ConsumptionControlledBy,reactome:ProteinReference7833
reactome:SmallMoleculeReference203,abstraction:ConsumptionControlledBy,reactome:ProteinReference4501
reactome:SmallMoleculeReference96,abstraction:ConsumptionControlledBy,reactome:ProteinReference3940
reactome:SmallMoleculeReference1560,abstraction:ConsumptionControlledBy,reactome:ProteinReference2625
reactome:SmallMoleculeReference1736,abstraction:ConsumptionControlledBy,reactome:ProteinReference2723
reactome:SmallMoleculeReference679,abstraction:ConsumptionControlledBy,reactome:ProteinReference1276
reactome:SmallMoleculeReference974,abstraction:ConsumptionControlledBy,reactome:ProteinReference1707
reactome:SmallMoleculeReference135,abstraction:ConsumptionControlledBy,reactome:ProteinReference2619
reactome:SmallMoleculeReference45,abstraction:ConsumptionControlledBy,reactome:ProteinReference569
reactome:SmallMoleculeReference1705,abstraction:ConsumptionControlledBy,reactome:ProteinReference2173
reactome:SmallMoleculeReference99,abstraction:ConsumptionControlledBy,reactome:ProteinReference1693
reactome:SmallMoleculeReference45,abstraction:ConsumptionControlledBy,reactome:ProteinReference221
reactome:SmallMoleculeReference1010,abstraction:ConsumptionControlledBy,reactome:ProteinReference1746
reactome:SmallMoleculeReference813,abstraction:ConsumptionControlledBy,reactome:ProteinReference1021
reactome:SmallMoleculeReference96,abstraction:ConsumptionControlledBy,reactome:ProteinReference3192
reactome:SmallMoleculeReference1585,abstraction:ConsumptionControlledBy,reactome:ProteinReference1753
reactome:SmallMoleculeReference144,abstraction:ConsumptionControlledBy,reactome:ProteinReference232
reactome:SmallMoleculeReference96,abstraction:ConsumptionControlledBy,reactome:ProteinReference9058
reactome:SmallMoleculeReference466,abstraction:ConsumptionControlledBy,reactome:ProteinReference8251
reactome:SmallMoleculeReference934,abstraction:ConsumptionControlledBy,reactome:ProteinReference1680
reactome:SmallMoleculeReference1863,abstraction:ConsumptionControlledBy,reactome:ProteinReference4060
reactome:SmallMoleculeReference1381,abstraction:ConsumptionControlledBy,reactome:ProteinReference2319
reactome:SmallMoleculeReference315,abstraction:ConsumptionControlledBy,reactome:ProteinReference988
reactome:SmallMoleculeReference2582,abstraction:ConsumptionControlledBy,reactome:ProteinReference8444
reactome:SmallMoleculeReference324,abstraction:ConsumptionControlledBy,reactome:ProteinReference1000
reactome:SmallMoleculeReference1528,abstraction:ConsumptionControlledBy,reactome:ProteinReference2592
reactome:SmallMoleculeReference466,abstraction:ConsumptionControlledBy,reactome:ProteinReference5795
reactome:SmallMoleculeReference96,abstraction:ConsumptionControlledBy,reactome:ProteinReference2303
reactome:SmallMoleculeReference174,abstraction:ConsumptionControlledBy,reactome:ProteinReference292
reactome:SmallMoleculeReference1585,abstraction:ConsumptionControlledBy,reactome:ProteinReference2683
reactome:SmallMoleculeReference96,abstraction:ConsumptionControlledBy,reactome:ProteinReference9063
reactome:SmallMoleculeReference194,abstraction:ConsumptionControlledBy,reactome:ProteinReference310
reactome:SmallMoleculeReference574,abstraction:ConsumptionControlledBy,reactome:ProteinReference2731
reactome:SmallMoleculeReference744,abstraction:ConsumptionControlledBy,reactome:ProteinReference104
reactome:SmallMoleculeReference150,abstraction:ConsumptionControlledBy,reactome:ProteinReference2391
reactome:SmallMoleculeReference96,abstraction:ConsumptionControlledBy,reactome:ProteinReference2553
reactome:SmallMoleculeReference207,abstraction:ConsumptionControlledBy,reactome:ProteinReference3412
reactome:SmallMoleculeReference2601,abstraction:ConsumptionControlledBy,reactome:ProteinReference2810
reactome:SmallMoleculeReference198,abstraction:ConsumptionControlledBy,reactome:ProteinReference309
reactome:SmallMoleculeReference1676,abstraction:ConsumptionControlledBy,reactome:ProteinReference2690
reactome:SmallMoleculeReference659,abstraction:ConsumptionControlledBy,reactome:ProteinReference1240
reactome:SmallMoleculeReference215,abstraction:ConsumptionControlledBy,reactome:ProteinReference855
reactome:SmallMoleculeReference215,abstraction:ConsumptionControlledBy,reactome:ProteinReference4366
reactome:SmallMoleculeReference569,abstraction:ConsumptionControlledBy,reactome:ProteinReference1241
reactome:SmallMoleculeReference466,abstraction:ConsumptionControlledBy,reactome:ProteinReference5791
reactome:SmallMoleculeReference342,abstraction:ConsumptionControlledBy,reactome:ProteinReference6382
reactome:SmallMoleculeReference2552,abstraction:ConsumptionControlledBy,reactome:ProteinReference8434
reactome:SmallMoleculeReference43,abstraction:ConsumptionControlledBy,reactome:ProteinReference8299
reactome:SmallMoleculeReference1266,abstraction:ConsumptionControlledBy,reactome:ProteinReference2156
reactome:SmallMoleculeReference1587,abstraction:ConsumptionControlledBy,reactome:ProteinReference1753
reactome:SmallMoleculeReference96,abstraction:ConsumptionControlledBy,reactome:ProteinReference9062
reactome:SmallMoleculeReference1776,abstraction:ConsumptionControlledBy,reactome:ProteinReference2753
reactome:SmallMoleculeReference230,abstraction:ConsumptionControlledBy,reactome:ProteinReference1017
reactome:SmallMoleculeReference1160,abstraction:ConsumptionControlledBy,reactome:ProteinReference1896
reactome:SmallMoleculeReference767,abstraction:ConsumptionControlledBy,reactome:ProteinReference1376
reactome:SmallMoleculeReference622,abstraction:ConsumptionControlledBy,reactome:ProteinReference1241
reactome:SmallMoleculeReference569,abstraction:ConsumptionControlledBy,reactome:ProteinReference6203
reactome:SmallMoleculeReference16,abstraction:ConsumptionControlledBy,reactome:ProteinReference612
reactome:SmallMoleculeReference158,abstraction:ConsumptionControlledBy,reactome:ProteinReference233
reactome:SmallMoleculeReference301,abstraction:ConsumptionControlledBy,reactome:ProteinReference8811
reactome:SmallMoleculeReference192,abstraction:ConsumptionControlledBy,reactome:ProteinReference2128
reactome:SmallMoleculeReference359,abstraction:ConsumptionControlledBy,reactome:ProteinReference4055
reactome:SmallMoleculeReference1036,abstraction:ConsumptionControlledBy,reactome:ProteinReference1223
reactome:SmallMoleculeReference96,abstraction:ConsumptionControlledBy,reactome:ProteinReference1091
reactome:SmallMoleculeReference754,abstraction:ConsumptionControlledBy,reactome:ProteinReference1382
reactome:SmallMoleculeReference1246,abstraction:ConsumptionControlledBy,reactome:ProteinReference2147
reactome:SmallMoleculeReference159,abstraction:ConsumptionControlledBy,reactome:ProteinReference2322
reactome:SmallMoleculeReference215,abstraction:ConsumptionControlledBy,reactome:ProteinReference2672
reactome:SmallMoleculeReference146,abstraction:ConsumptionControlledBy,reactome:ProteinReference2437
reactome:SmallMoleculeReference342,abstraction:ConsumptionControlledBy,reactome:ProteinReference1497
reactome:SmallMoleculeReference96,abstraction:ConsumptionControlledBy,reactome:ProteinReference3279
reactome:SmallMoleculeReference2564,abstraction:ConsumptionControlledBy,reactome:ProteinReference8487
reactome:SmallMoleculeReference1462,abstraction:ConsumptionControlledBy,reactome:ProteinReference2433
reactome:SmallMoleculeReference216,abstraction:ConsumptionControlledBy,reactome:ProteinReference723
reactome:SmallMoleculeReference2601,abstraction:ConsumptionControlledBy,reactome:ProteinReference9763
reactome:SmallMoleculeReference1213,abstraction:ConsumptionControlledBy,reactome:ProteinReference2137
reactome:SmallMoleculeReference1544,abstraction:ConsumptionControlledBy,reactome:ProteinReference2612
reactome:SmallMoleculeReference298,abstraction:ConsumptionControlledBy,reactome:ProteinReference11160
reactome:SmallMoleculeReference1894,abstraction:ConsumptionControlledBy,reactome:ProteinReference4106
reactome:SmallMoleculeReference805,abstraction:ConsumptionControlledBy,reactome:ProteinReference1276
reactome:SmallMoleculeReference1572,abstraction:ConsumptionControlledBy,reactome:ProteinReference1752
reactome:SmallMoleculeReference209,abstraction:ConsumptionControlledBy,reactome:ProteinReference938
reactome:SmallMoleculeReference96,abstraction:ConsumptionControlledBy,reactome:ProteinReference5083
reactome:SmallMoleculeReference170,abstraction:ConsumptionControlledBy,reactome:ProteinReference270
reactome:SmallMoleculeReference747,abstraction:ConsumptionControlledBy,reactome:ProteinReference1337
reactome:SmallMoleculeReference814,abstraction:ConsumptionControlledBy,reactome:ProteinReference1024
reactome:SmallMoleculeReference43,abstraction:ConsumptionControlledBy,reactome:ProteinReference4231
reactome:SmallMoleculeReference524,abstraction:ConsumptionControlledBy,reactome:ProteinReference1196
reactome:SmallMoleculeReference1282,abstraction:ConsumptionControlledBy,reactome:ProteinReference2176
reactome:SmallMoleculeReference1375,abstraction:ConsumptionControlledBy,reactome:ProteinReference1816
reactome:SmallMoleculeReference1716,abstraction:ConsumptionControlledBy,reactome:ProteinReference2735
reactome:SmallMoleculeReference46,abstraction:ConsumptionControlledBy,reactome:ProteinReference5558
reactome:SmallMoleculeReference466,abstraction:ConsumptionControlledBy,reactome:ProteinReference8250
reactome:SmallMoleculeReference96,abstraction:ConsumptionControlledBy,reactome:ProteinReference2809
reactome:SmallMoleculeReference356,abstraction:ConsumptionControlledBy,reactome:ProteinReference751
reactome:SmallMoleculeReference1160,abstraction:ConsumptionControlledBy,reactome:ProteinReference1928
reactome:SmallMoleculeReference1717,abstraction:ConsumptionControlledBy,reactome:ProteinReference2735
reactome:SmallMoleculeReference10,abstraction:ConsumptionControlledBy,reactome:ProteinReference9
reactome:SmallMoleculeReference120,abstraction:ConsumptionControlledBy,reactome:ProteinReference10639
reactome:SmallMoleculeReference96,abstraction:ConsumptionControlledBy,reactome:ProteinReference2788
reactome:SmallMoleculeReference81,abstraction:ConsumptionControlledBy,reactome:ProteinReference227
reactome:SmallMoleculeReference1887,abstraction:ConsumptionControlledBy,reactome:ProteinReference4095
reactome:SmallMoleculeReference14,abstraction:ConsumptionControlledBy,reactome:ProteinReference23
reactome:SmallMoleculeReference392,abstraction:ConsumptionControlledBy,reactome:ProteinReference2089
reactome:SmallMoleculeReference120,abstraction:ConsumptionControlledBy,reactome:ProteinReference3374
reactome:SmallMoleculeReference203,abstraction:ConsumptionControlledBy,reactome:ProteinReference4541
reactome:SmallMoleculeReference978,abstraction:ConsumptionControlledBy,reactome:ProteinReference1709
reactome:SmallMoleculeReference466,abstraction:ConsumptionControlledBy,reactome:ProteinReference7839
reactome:SmallMoleculeReference260,abstraction:ConsumptionControlledBy,reactome:ProteinReference1427
reactome:SmallMoleculeReference48,abstraction:ConsumptionControlledBy,reactome:ProteinReference112
reactome:SmallMoleculeReference165,abstraction:ConsumptionControlledBy,reactome:ProteinReference252
reactome:SmallMoleculeReference1342,abstraction:ConsumptionControlledBy,reactome:ProteinReference3923
reactome:SmallMoleculeReference96,abstraction:ConsumptionControlledBy,reactome:ProteinReference4557
reactome:SmallMoleculeReference119,abstraction:ConsumptionControlledBy,reactome:ProteinReference5541
reactome:SmallMoleculeReference215,abstraction:ConsumptionControlledBy,reactome:ProteinReference2687
reactome:SmallMoleculeReference45,abstraction:ConsumptionControlledBy,reactome:ProteinReference164
reactome:SmallMoleculeReference1160,abstraction:ConsumptionControlledBy,reactome:ProteinReference1927
reactome:SmallMoleculeReference466,abstraction:ConsumptionControlledBy,reactome:ProteinReference5778
reactome:SmallMoleculeReference43,abstraction:ConsumptionControlledBy,reactome:ProteinReference150
reactome:SmallMoleculeReference768,abstraction:ConsumptionControlledBy,reactome:ProteinReference1424
reactome:SmallMoleculeReference7,abstraction:ConsumptionControlledBy,reactome:ProteinReference6435
reactome:SmallMoleculeReference138,abstraction:ConsumptionControlledBy,reactome:ProteinReference235
reactome:SmallMoleculeReference96,abstraction:ConsumptionControlledBy,reactome:ProteinReference10534
reactome:SmallMoleculeReference1562,abstraction:ConsumptionControlledBy,reactome:ProteinReference2628
reactome:SmallMoleculeReference748,abstraction:ConsumptionControlledBy,reactome:ProteinReference1378
reactome:SmallMoleculeReference96,abstraction:ConsumptionControlledBy,reactome:ProteinReference9084
reactome:SmallMoleculeReference8,abstraction:ConsumptionControlledBy,reactome:ProteinReference5203
reactome:SmallMoleculeReference966,abstraction:ConsumptionControlledBy,reactome:ProteinReference1709
reactome:SmallMoleculeReference169,abstraction:ConsumptionControlledBy,reactome:ProteinReference2077
reactome:SmallMoleculeReference1,abstraction:ConsumptionControlledBy,reactome:ProteinReference136
reactome:SmallMoleculeReference496,abstraction:ConsumptionControlledBy,reactome:ProteinReference2625
reactome:SmallMoleculeReference143,abstraction:ConsumptionControlledBy,reactome:ProteinReference3658
reactome:SmallMoleculeReference6,abstraction:ConsumptionControlledBy,reactome:ProteinReference18
reactome:SmallMoleculeReference96,abstraction:ConsumptionControlledBy,reactome:ProteinReference2802
reactome:SmallMoleculeReference46,abstraction:ConsumptionControlledBy,reactome:ProteinReference446
reactome:SmallMoleculeReference466,abstraction:ConsumptionControlledBy,reactome:ProteinReference7834
reactome:SmallMoleculeReference43,abstraction:ConsumptionControlledBy,reactome:ProteinReference12089
reactome:SmallMoleculeReference158,abstraction:ConsumptionControlledBy,reactome:ProteinReference2590
reactome:SmallMoleculeReference466,abstraction:ConsumptionControlledBy,reactome:ProteinReference5523
reactome:SmallMoleculeReference1328,abstraction:ConsumptionControlledBy,reactome:ProteinReference2267
reactome:SmallMoleculeReference153,abstraction:ConsumptionControlledBy,reactome:ProteinReference243
reactome:SmallMoleculeReference391,abstraction:ConsumptionControlledBy,reactome:ProteinReference58
reactome:SmallMoleculeReference13,abstraction:ConsumptionControlledBy,reactome:ProteinReference8449
reactome:SmallMoleculeReference1724,abstraction:ConsumptionControlledBy,reactome:ProteinReference2749
reactome:SmallMoleculeReference1572,abstraction:ConsumptionControlledBy,reactome:ProteinReference1255
reactome:SmallMoleculeReference16,abstraction:ConsumptionControlledBy,reactome:ProteinReference11505
reactome:SmallMoleculeReference925,abstraction:ConsumptionControlledBy,reactome:ProteinReference1317
reactome:SmallMoleculeReference1581,abstraction:ConsumptionControlledBy,reactome:ProteinReference1256
reactome:SmallMoleculeReference369,abstraction:ConsumptionControlledBy,reactome:ProteinReference829
reactome:SmallMoleculeReference7,abstraction:ConsumptionControlledBy,reactome:ProteinReference10
reactome:SmallMoleculeReference342,abstraction:ConsumptionControlledBy,reactome:ProteinReference695
reactome:SmallMoleculeReference46,abstraction:ConsumptionControlledBy,reactome:ProteinReference1796
reactome:SmallMoleculeReference1825,abstraction:ConsumptionControlledBy,reactome:ProteinReference205
reactome:SmallMoleculeReference1716,abstraction:ConsumptionControlledBy,reactome:ProteinReference1755
reactome:SmallMoleculeReference298,abstraction:ConsumptionControlledBy,reactome:ProteinReference1365
reactome:SmallMoleculeReference154,abstraction:ConsumptionControlledBy,reactome:ProteinReference2314
reactome:SmallMoleculeReference43,abstraction:ConsumptionControlledBy,reactome:ProteinReference11521
reactome:SmallMoleculeReference142,abstraction:ConsumptionControlledBy,reactome:ProteinReference1815
reactome:SmallMoleculeReference2583,abstraction:ConsumptionControlledBy,reactome:ProteinReference8442
reactome:SmallMoleculeReference206,abstraction:ConsumptionControlledBy,reactome:ProteinReference2138
reactome:SmallMoleculeReference466,abstraction:ConsumptionControlledBy,reactome:ProteinReference8832
reactome:SmallMoleculeReference1371,abstraction:ConsumptionControlledBy,reactome:ProteinReference2306
reactome:SmallMoleculeReference203,abstraction:ConsumptionControlledBy,reactome:ProteinReference4570
reactome:SmallMoleculeReference154,abstraction:ConsumptionControlledBy,reactome:ProteinReference2432
reactome:SmallMoleculeReference193,abstraction:ConsumptionControlledBy,reactome:ProteinReference309
reactome:SmallMoleculeReference1868,abstraction:ConsumptionControlledBy,reactome:ProteinReference1585
reactome:SmallMoleculeReference103,abstraction:ConsumptionControlledBy,reactome:ProteinReference1692
reactome:SmallMoleculeReference1229,abstraction:ConsumptionControlledBy,reactome:ProteinReference2117
reactome:SmallMoleculeReference713,abstraction:ConsumptionControlledBy,reactome:ProteinReference1296
reactome:SmallMoleculeReference120,abstraction:ConsumptionControlledBy,reactome:ProteinReference9044
reactome:SmallMoleculeReference212,abstraction:ConsumptionControlledBy,reactome:ProteinReference4365
reactome:SmallMoleculeReference2601,abstraction:ConsumptionControlledBy,reactome:ProteinReference2955
reactome:SmallMoleculeReference1244,abstraction:ConsumptionControlledBy,reactome:ProteinReference2147
reactome:SmallMoleculeReference96,abstraction:ConsumptionControlledBy,reactome:ProteinReference10121
reactome:SmallMoleculeReference216,abstraction:ConsumptionControlledBy,reactome:ProteinReference724
reactome:SmallMoleculeReference121,abstraction:ConsumptionControlledBy,reactome:ProteinReference207
reactome:SmallMoleculeReference605,abstraction:ConsumptionControlledBy,reactome:ProteinReference1238
reactome:SmallMoleculeReference1575,abstraction:ConsumptionControlledBy,reactome:ProteinReference2680
reactome:SmallMoleculeReference1571,abstraction:ConsumptionControlledBy,reactome:ProteinReference2672
reactome:SmallMoleculeReference466,abstraction:ConsumptionControlledBy,reactome:ProteinReference8246
reactome:SmallMoleculeReference120,abstraction:ConsumptionControlledBy,reactome:ProteinReference2036
reactome:SmallMoleculeReference754,abstraction:ConsumptionControlledBy,reactome:ProteinReference1391
reactome:SmallMoleculeReference154,abstraction:ConsumptionControlledBy,reactome:ProteinReference2439
reactome:SmallMoleculeReference1361,abstraction:ConsumptionControlledBy,reactome:ProteinReference2296
reactome:SmallMoleculeReference2555,abstraction:ConsumptionControlledBy,reactome:ProteinReference8458
reactome:SmallMoleculeReference96,abstraction:ConsumptionControlledBy,reactome:ProteinReference7592
reactome:SmallMoleculeReference10,abstraction:ConsumptionControlledBy,reactome:ProteinReference1618
reactome:SmallMoleculeReference194,abstraction:ConsumptionControlledBy,reactome:ProteinReference2121
reactome:SmallMoleculeReference96,abstraction:ConsumptionControlledBy,reactome:ProteinReference9060
reactome:SmallMoleculeReference49,abstraction:ConsumptionControlledBy,reactome:ProteinReference126
reactome:SmallMoleculeReference96,abstraction:ConsumptionControlledBy,reactome:ProteinReference5418
reactome:SmallMoleculeReference43,abstraction:ConsumptionControlledBy,reactome:ProteinReference11543
reactome:SmallMoleculeReference46,abstraction:ConsumptionControlledBy,reactome:ProteinReference10749
reactome:SmallMoleculeReference71,abstraction:ConsumptionControlledBy,reactome:ProteinReference172
reactome:SmallMoleculeReference13,abstraction:ConsumptionControlledBy,reactome:ProteinReference8450
reactome:SmallMoleculeReference466,abstraction:ConsumptionControlledBy,reactome:ProteinReference1498
reactome:SmallMoleculeReference1611,abstraction:ConsumptionControlledBy,reactome:ProteinReference2659
reactome:SmallMoleculeReference43,abstraction:ConsumptionControlledBy,reactome:ProteinReference274
reactome:SmallMoleculeReference663,abstraction:ConsumptionControlledBy,reactome:ProteinReference1187
reactome:SmallMoleculeReference466,abstraction:ConsumptionControlledBy,reactome:ProteinReference6859
reactome:SmallMoleculeReference96,abstraction:ConsumptionControlledBy,reactome:ProteinReference2573
reactome:SmallMoleculeReference960,abstraction:ConsumptionControlledBy,reactome:ProteinReference2307
reactome:SmallMoleculeReference336,abstraction:ConsumptionControlledBy,reactome:ProteinReference712
reactome:SmallMoleculeReference96,abstraction:ConsumptionControlledBy,reactome:ProteinReference7858
reactome:SmallMoleculeReference810,abstraction:ConsumptionControlledBy,reactome:ProteinReference1490
reactome:SmallMoleculeReference43,abstraction:ConsumptionControlledBy,reactome:ProteinReference12106
reactome:SmallMoleculeReference96,abstraction:ConsumptionControlledBy,reactome:ProteinReference8498
reactome:SmallMoleculeReference96,abstraction:ConsumptionControlledBy,reactome:ProteinReference8886
reactome:SmallMoleculeReference46,abstraction:ConsumptionControlledBy,reactome:ProteinReference11482
reactome:SmallMoleculeReference963,abstraction:ConsumptionControlledBy,reactome:ProteinReference2695
reactome:SmallMoleculeReference232,abstraction:ConsumptionControlledBy,reactome:ProteinReference810
reactome:SmallMoleculeReference309,abstraction:ConsumptionControlledBy,reactome:ProteinReference1422
reactome:SmallMoleculeReference1224,abstraction:ConsumptionControlledBy,reactome:ProteinReference2105
reactome:SmallMoleculeReference1,abstraction:ConsumptionControlledBy,reactome:ProteinReference155
reactome:SmallMoleculeReference2600,abstraction:ConsumptionControlledBy,reactome:ProteinReference8524
reactome:SmallMoleculeReference357,abstraction:ConsumptionControlledBy,reactome:ProteinReference1368
reactome:SmallMoleculeReference146,abstraction:ConsumptionControlledBy,reactome:ProteinReference231
reactome:SmallMoleculeReference373,abstraction:ConsumptionControlledBy,reactome:ProteinReference8343
reactome:SmallMoleculeReference751,abstraction:ConsumptionControlledBy,reactome:ProteinReference1364
reactome:SmallMoleculeReference135,abstraction:ConsumptionControlledBy,reactome:ProteinReference217
reactome:SmallMoleculeReference98,abstraction:ConsumptionControlledBy,reactome:ProteinReference1681
reactome:SmallMoleculeReference1571,abstraction:ConsumptionControlledBy,reactome:ProteinReference2687
reactome:SmallMoleculeReference43,abstraction:ConsumptionControlledBy,reactome:ProteinReference458
reactome:SmallMoleculeReference1441,abstraction:ConsumptionControlledBy,reactome:ProteinReference2404
reactome:SmallMoleculeReference1092,abstraction:ConsumptionControlledBy,reactome:ProteinReference1250
reactome:SmallMoleculeReference96,abstraction:ConsumptionControlledBy,reactome:ProteinReference2301
reactome:SmallMoleculeReference342,abstraction:ConsumptionControlledBy,reactome:ProteinReference1487
reactome:SmallMoleculeReference261,abstraction:ConsumptionControlledBy,reactome:ProteinReference1415
reactome:SmallMoleculeReference96,abstraction:ConsumptionControlledBy,reactome:ProteinReference8778
reactome:SmallMoleculeReference302,abstraction:ConsumptionControlledBy,reactome:ProteinReference1129
reactome:SmallMoleculeReference1585,abstraction:ConsumptionControlledBy,reactome:ProteinReference2685
reactome:SmallMoleculeReference1173,abstraction:ConsumptionControlledBy,reactome:ProteinReference2067
reactome:SmallMoleculeReference204,abstraction:ConsumptionControlledBy,reactome:ProteinReference1585
reactome:SmallMoleculeReference1236,abstraction:ConsumptionControlledBy,reactome:ProteinReference2127
reactome:SmallMoleculeReference342,abstraction:ConsumptionControlledBy,reactome:ProteinReference1505
reactome:SmallMoleculeReference1212,abstraction:ConsumptionControlledBy,reactome:ProteinReference2153
reactome:SmallMoleculeReference2809,abstraction:ConsumptionControlledBy,reactome:ProteinReference2788
reactome:SmallMoleculeReference1220,abstraction:ConsumptionControlledBy,reactome:ProteinReference10683
reactome:SmallMoleculeReference466,abstraction:ConsumptionControlledBy,reactome:ProteinReference8252
reactome:SmallMoleculeReference312,abstraction:ConsumptionControlledBy,reactome:ProteinReference1627
reactome:SmallMoleculeReference1571,abstraction:ConsumptionControlledBy,reactome:ProteinReference2677
reactome:SmallMoleculeReference816,abstraction:ConsumptionControlledBy,reactome:ProteinReference1537
reactome:SmallMoleculeReference839,abstraction:ConsumptionControlledBy,reactome:ProteinReference1586
reactome:SmallMoleculeReference2563,abstraction:ConsumptionControlledBy,reactome:ProteinReference8483
reactome:SmallMoleculeReference7,abstraction:ConsumptionControlledBy,reactome:ProteinReference1397
reactome:SmallMoleculeReference139,abstraction:ConsumptionControlledBy,reactome:ProteinReference228
reactome:SmallMoleculeReference46,abstraction:ConsumptionControlledBy,reactome:ProteinReference5338
reactome:SmallMoleculeReference15,abstraction:ConsumptionControlledBy,reactome:ProteinReference30
reactome:SmallMoleculeReference466,abstraction:ConsumptionControlledBy,reactome:ProteinReference6686
reactome:SmallMoleculeReference312,abstraction:ConsumptionControlledBy,reactome:ProteinReference1577
reactome:SmallMoleculeReference1416,abstraction:ConsumptionControlledBy,reactome:ProteinReference2371
reactome:SmallMoleculeReference46,abstraction:ConsumptionControlledBy,reactome:ProteinReference451
reactome:SmallMoleculeReference1903,abstraction:ConsumptionControlledBy,reactome:ProteinReference4258
reactome:SmallMoleculeReference2562,abstraction:ConsumptionControlledBy,reactome:ProteinReference8480
reactome:SmallMoleculeReference810,abstraction:ConsumptionControlledBy,reactome:ProteinReference1050
reactome:SmallMoleculeReference46,abstraction:ConsumptionControlledBy,reactome:ProteinReference103
reactome:SmallMoleculeReference1572,abstraction:ConsumptionControlledBy,reactome:ProteinReference2626
reactome:SmallMoleculeReference154,abstraction:ConsumptionControlledBy,reactome:ProteinReference2068
reactome:SmallMoleculeReference302,abstraction:ConsumptionControlledBy,reactome:ProteinReference1180
reactome:SmallMoleculeReference654,abstraction:ConsumptionControlledBy,reactome:ProteinReference1261
reactome:SmallMoleculeReference901,abstraction:ConsumptionControlledBy,reactome:ProteinReference1651
reactome:SmallMoleculeReference119,abstraction:ConsumptionControlledBy,reactome:ProteinReference7635
reactome:SmallMoleculeReference144,abstraction:ConsumptionControlledBy,reactome:ProteinReference2438
reactome:SmallMoleculeReference653,abstraction:ConsumptionControlledBy,reactome:ProteinReference3965
reactome:SmallMoleculeReference96,abstraction:ConsumptionControlledBy,reactome:ProteinReference1114
reactome:SmallMoleculeReference1724,abstraction:ConsumptionControlledBy,reactome:ProteinReference2747
reactome:SmallMoleculeReference175,abstraction:ConsumptionControlledBy,reactome:ProteinReference293
reactome:SmallMoleculeReference609,abstraction:ConsumptionControlledBy,reactome:ProteinReference1223
reactome:SmallMoleculeReference359,abstraction:ConsumptionControlledBy,reactome:ProteinReference819
reactome:SmallMoleculeReference244,abstraction:ConsumptionControlledBy,reactome:ProteinReference1080
reactome:SmallMoleculeReference96,abstraction:ConsumptionControlledBy,reactome:ProteinReference3316
reactome:SmallMoleculeReference348,abstraction:ConsumptionControlledBy,reactome:ProteinReference2103
reactome:SmallMoleculeReference1577,abstraction:ConsumptionControlledBy,reactome:ProteinReference2629
reactome:SmallMoleculeReference210,abstraction:ConsumptionControlledBy,reactome:ProteinReference321
reactome:SmallMoleculeReference923,abstraction:ConsumptionControlledBy,reactome:ProteinReference1170
reactome:SmallMoleculeReference724,abstraction:ConsumptionControlledBy,reactome:ProteinReference1170
reactome:SmallMoleculeReference432,abstraction:ConsumptionControlledBy,reactome:ProteinReference865
reactome:SmallMoleculeReference1462,abstraction:ConsumptionControlledBy,reactome:ProteinReference2432
reactome:SmallMoleculeReference336,abstraction:ConsumptionControlledBy,reactome:ProteinReference884
reactome:SmallMoleculeReference215,abstraction:ConsumptionControlledBy,reactome:ProteinReference2679
reactome:SmallMoleculeReference951,abstraction:ConsumptionControlledBy,reactome:ProteinReference1672
reactome:SmallMoleculeReference45,abstraction:ConsumptionControlledBy,reactome:ProteinReference12157
reactome:SmallMoleculeReference43,abstraction:ConsumptionControlledBy,reactome:ProteinReference462
reactome:SmallMoleculeReference142,abstraction:ConsumptionControlledBy,reactome:ProteinReference2431
reactome:SmallMoleculeReference98,abstraction:ConsumptionControlledBy,reactome:ProteinReference1065
reactome:SmallMoleculeReference2426,abstraction:ConsumptionControlledBy,reactome:ProteinReference2284
reactome:SmallMoleculeReference473,abstraction:ConsumptionControlledBy,reactome:ProteinReference1033
reactome:SmallMoleculeReference96,abstraction:ConsumptionControlledBy,reactome:ProteinReference2803
reactome:SmallMoleculeReference1530,abstraction:ConsumptionControlledBy,reactome:ProteinReference2592
reactome:SmallMoleculeReference107,abstraction:ConsumptionControlledBy,reactome:ProteinReference191
reactome:SmallMoleculeReference2559,abstraction:ConsumptionControlledBy,reactome:ProteinReference8469
reactome:SmallMoleculeReference949,abstraction:ConsumptionControlledBy,reactome:ProteinReference1679
reactome:SmallMoleculeReference444,abstraction:ConsumptionControlledBy,reactome:ProteinReference985
reactome:SmallMoleculeReference1462,abstraction:ConsumptionControlledBy,reactome:ProteinReference2439
reactome:SmallMoleculeReference1888,abstraction:ConsumptionControlledBy,reactome:ProteinReference4097
reactome:SmallMoleculeReference1923,abstraction:ConsumptionControlledBy,reactome:ProteinReference4328
reactome:SmallMoleculeReference1392,abstraction:ConsumptionControlledBy,reactome:ProteinReference2346
reactome:SmallMoleculeReference163,abstraction:ConsumptionControlledBy,reactome:ProteinReference261
reactome:SmallMoleculeReference204,abstraction:ConsumptionControlledBy,reactome:ProteinReference4077
reactome:SmallMoleculeReference142,abstraction:ConsumptionControlledBy,reactome:ProteinReference2548
reactome:SmallMoleculeReference86,abstraction:ConsumptionControlledBy,reactome:ProteinReference173
reactome:SmallMoleculeReference204,abstraction:ConsumptionControlledBy,reactome:ProteinReference4076
reactome:SmallMoleculeReference120,abstraction:ConsumptionControlledBy,reactome:ProteinReference3373
reactome:SmallMoleculeReference42,abstraction:ConsumptionControlledBy,reactome:ProteinReference7698
reactome:SmallMoleculeReference244,abstraction:ConsumptionControlledBy,reactome:ProteinReference2349
reactome:SmallMoleculeReference227,abstraction:ConsumptionControlledBy,reactome:ProteinReference347
reactome:SmallMoleculeReference1018,abstraction:ConsumptionControlledBy,reactome:ProteinReference1751
reactome:SmallMoleculeReference43,abstraction:ConsumptionControlledBy,reactome:ProteinReference151
reactome:SmallMoleculeReference1160,abstraction:ConsumptionControlledBy,reactome:ProteinReference1956
reactome:SmallMoleculeReference43,abstraction:ConsumptionControlledBy,reactome:ProteinReference11556
reactome:SmallMoleculeReference466,abstraction:ConsumptionControlledBy,reactome:ProteinReference5863
reactome:SmallMoleculeReference1769,abstraction:ConsumptionControlledBy,reactome:ProteinReference2102
reactome:SmallMoleculeReference1369,abstraction:ConsumptionControlledBy,reactome:ProteinReference2303
reactome:SmallMoleculeReference43,abstraction:ConsumptionControlledBy,reactome:ProteinReference12152
reactome:SmallMoleculeReference814,abstraction:ConsumptionControlledBy,reactome:ProteinReference1021
reactome:SmallMoleculeReference217,abstraction:ConsumptionControlledBy,reactome:ProteinReference4092
reactome:SmallMoleculeReference352,abstraction:ConsumptionControlledBy,reactome:ProteinReference742
reactome:SmallMoleculeReference391,abstraction:ConsumptionControlledBy,reactome:ProteinReference5298
reactome:SmallMoleculeReference215,abstraction:ConsumptionControlledBy,reactome:ProteinReference2671
reactome:SmallMoleculeReference379,abstraction:ConsumptionControlledBy,reactome:ProteinReference841
reactome:SmallMoleculeReference466,abstraction:ConsumptionControlledBy,reactome:ProteinReference5362
reactome:SmallMoleculeReference302,abstraction:ConsumptionControlledBy,reactome:ProteinReference2753
reactome:SmallMoleculeReference222,abstraction:ConsumptionControlledBy,reactome:ProteinReference328
reactome:SmallMoleculeReference814,abstraction:ConsumptionControlledBy,reactome:ProteinReference1499
reactome:SmallMoleculeReference600,abstraction:ConsumptionControlledBy,reactome:ProteinReference1232
reactome:SmallMoleculeReference2601,abstraction:ConsumptionControlledBy,reactome:ProteinReference9769
reactome:SmallMoleculeReference1930,abstraction:ConsumptionControlledBy,reactome:ProteinReference4786
reactome:SmallMoleculeReference219,abstraction:ConsumptionControlledBy,reactome:ProteinReference328
reactome:SmallMoleculeReference496,abstraction:ConsumptionControlledBy,reactome:ProteinReference1257
reactome:SmallMoleculeReference142,abstraction:ConsumptionControlledBy,reactome:ProteinReference2436
reactome:SmallMoleculeReference1589,abstraction:ConsumptionControlledBy,reactome:ProteinReference1754
reactome:SmallMoleculeReference169,abstraction:ConsumptionControlledBy,reactome:ProteinReference2437
reactome:SmallMoleculeReference1923,abstraction:ConsumptionControlledBy,reactome:ProteinReference4331
reactome:SmallMoleculeReference96,abstraction:ConsumptionControlledBy,reactome:ProteinReference3280
reactome:SmallMoleculeReference649,abstraction:ConsumptionControlledBy,reactome:ProteinReference1187
reactome:SmallMoleculeReference953,abstraction:ConsumptionControlledBy,reactome:ProteinReference1674
reactome:SmallMoleculeReference358,abstraction:ConsumptionControlledBy,reactome:ProteinReference755
reactome:SmallMoleculeReference790,abstraction:ConsumptionControlledBy,reactome:ProteinReference1425
reactome:SmallMoleculeReference1160,abstraction:ConsumptionControlledBy,reactome:ProteinReference1977
reactome:SmallMoleculeReference154,abstraction:ConsumptionControlledBy,reactome:ProteinReference243
reactome:SmallMoleculeReference232,abstraction:ConsumptionControlledBy,reactome:ProteinReference7408
reactome:SmallMoleculeReference945,abstraction:ConsumptionControlledBy,reactome:ProteinReference1678
reactome:SmallMoleculeReference1356,abstraction:ConsumptionControlledBy,reactome:ProteinReference12044
reactome:SmallMoleculeReference1182,abstraction:ConsumptionControlledBy,reactome:ProteinReference2541
reactome:SmallMoleculeReference43,abstraction:ConsumptionControlledBy,reactome:ProteinReference12072
reactome:SmallMoleculeReference43,abstraction:ConsumptionControlledBy,reactome:ProteinReference11517
reactome:SmallMoleculeReference1672,abstraction:ConsumptionControlledBy,reactome:ProteinReference2691
reactome:SmallMoleculeReference43,abstraction:ConsumptionControlledBy,reactome:ProteinReference6535
reactome:SmallMoleculeReference394,abstraction:ConsumptionControlledBy,reactome:ProteinReference2739
reactome:SmallMoleculeReference1230,abstraction:ConsumptionControlledBy,reactome:ProteinReference2138
reactome:SmallMoleculeReference97,abstraction:ConsumptionControlledBy,reactome:ProteinReference1065
reactome:SmallMoleculeReference1356,abstraction:ConsumptionControlledBy,reactome:ProteinReference12043
reactome:SmallMoleculeReference45,abstraction:ConsumptionControlledBy,reactome:ProteinReference448
reactome:SmallMoleculeReference808,abstraction:ConsumptionControlledBy,reactome:ProteinReference7263
reactome:SmallMoleculeReference356,abstraction:ConsumptionControlledBy,reactome:ProteinReference847
reactome:SmallMoleculeReference43,abstraction:ConsumptionControlledBy,reactome:ProteinReference11495
reactome:SmallMoleculeReference301,abstraction:ConsumptionControlledBy,reactome:ProteinReference8810
reactome:SmallMoleculeReference96,abstraction:ConsumptionControlledBy,reactome:ProteinReference9067
reactome:SmallMoleculeReference165,abstraction:ConsumptionControlledBy,reactome:ProteinReference263
reactome:SmallMoleculeReference466,abstraction:ConsumptionControlledBy,reactome:ProteinReference7841
reactome:SmallMoleculeReference16,abstraction:ConsumptionControlledBy,reactome:ProteinReference512
reactome:SmallMoleculeReference333,abstraction:ConsumptionControlledBy,reactome:ProteinReference1584
reactome:SmallMoleculeReference1208,abstraction:ConsumptionControlledBy,reactome:ProteinReference2163
reactome:SmallMoleculeReference209,abstraction:ConsumptionControlledBy,reactome:ProteinReference936
reactome:SmallMoleculeReference574,abstraction:ConsumptionControlledBy,reactome:ProteinReference6207
reactome:SmallMoleculeReference1873,abstraction:ConsumptionControlledBy,reactome:ProteinReference4077
reactome:SmallMoleculeReference1382,abstraction:ConsumptionControlledBy,reactome:ProteinReference2382
reactome:SmallMoleculeReference1873,abstraction:ConsumptionControlledBy,reactome:ProteinReference4076
reactome:SmallMoleculeReference96,abstraction:ConsumptionControlledBy,reactome:ProteinReference8502
reactome:SmallMoleculeReference1855,abstraction:ConsumptionControlledBy,reactome:ProteinReference4049
reactome:SmallMoleculeReference46,abstraction:ConsumptionControlledBy,reactome:ProteinReference443
reactome:SmallMoleculeReference1734,abstraction:ConsumptionControlledBy,reactome:ProteinReference2729
reactome:SmallMoleculeReference466,abstraction:ConsumptionControlledBy,reactome:ProteinReference6912
reactome:SmallMoleculeReference1930,abstraction:ConsumptionControlledBy,reactome:ProteinReference4826
reactome:SmallMoleculeReference1207,abstraction:ConsumptionControlledBy,reactome:ProteinReference2082
reactome:SmallMoleculeReference1151,abstraction:ConsumptionControlledBy,reactome:ProteinReference2158
reactome:SmallMoleculeReference2861,abstraction:ConsumptionControlledBy,reactome:ProteinReference11445
reactome:SmallMoleculeReference159,abstraction:ConsumptionControlledBy,reactome:ProteinReference2384
reactome:SmallMoleculeReference1571,abstraction:ConsumptionControlledBy,reactome:ProteinReference2679
reactome:SmallMoleculeReference1559,abstraction:ConsumptionControlledBy,reactome:ProteinReference2674
reactome:SmallMoleculeReference2101,abstraction:ConsumptionControlledBy,reactome:ProteinReference3454
reactome:SmallMoleculeReference466,abstraction:ConsumptionControlledBy,reactome:ProteinReference5849
reactome:SmallMoleculeReference203,abstraction:ConsumptionControlledBy,reactome:ProteinReference8991
reactome:SmallMoleculeReference1037,abstraction:ConsumptionControlledBy,reactome:ProteinReference1755
reactome:SmallMoleculeReference141,abstraction:ConsumptionControlledBy,reactome:ProteinReference251
reactome:SmallMoleculeReference1716,abstraction:ConsumptionControlledBy,reactome:ProteinReference2743
reactome:SmallMoleculeReference16,abstraction:ConsumptionControlledBy,reactome:ProteinReference11485
reactome:SmallMoleculeReference46,abstraction:ConsumptionControlledBy,reactome:ProteinReference5561
reactome:SmallMoleculeReference96,abstraction:ConsumptionControlledBy,reactome:ProteinReference4521
reactome:SmallMoleculeReference2551,abstraction:ConsumptionControlledBy,reactome:ProteinReference8434
reactome:SmallMoleculeReference2687,abstraction:ConsumptionControlledBy,reactome:ProteinReference9229
reactome:SmallMoleculeReference45,abstraction:ConsumptionControlledBy,reactome:ProteinReference6280
reactome:SmallMoleculeReference466,abstraction:ConsumptionControlledBy,reactome:ProteinReference8849
reactome:SmallMoleculeReference142,abstraction:ConsumptionControlledBy,reactome:ProteinReference6232
reactome:SmallMoleculeReference2562,abstraction:ConsumptionControlledBy,reactome:ProteinReference8482
reactome:SmallMoleculeReference468,abstraction:ConsumptionControlledBy,reactome:ProteinReference1404
reactome:SmallMoleculeReference46,abstraction:ConsumptionControlledBy,reactome:ProteinReference547
reactome:SmallMoleculeReference215,abstraction:ConsumptionControlledBy,reactome:ProteinReference2681
reactome:SmallMoleculeReference2601,abstraction:ConsumptionControlledBy,reactome:ProteinReference4468
reactome:SmallMoleculeReference150,abstraction:ConsumptionControlledBy,reactome:ProteinReference1556
reactome:SmallMoleculeReference1409,abstraction:ConsumptionControlledBy,reactome:ProteinReference2363
reactome:SmallMoleculeReference96,abstraction:ConsumptionControlledBy,reactome:ProteinReference2796
reactome:SmallMoleculeReference203,abstraction:ConsumptionControlledBy,reactome:ProteinReference2553
reactome:SmallMoleculeReference1357,abstraction:ConsumptionControlledBy,reactome:ProteinReference12043
reactome:SmallMoleculeReference2601,abstraction:ConsumptionControlledBy,reactome:ProteinReference2793
reactome:SmallMoleculeReference2809,abstraction:ConsumptionControlledBy,reactome:ProteinReference2803
reactome:SmallMoleculeReference466,abstraction:ConsumptionControlledBy,reactome:ProteinReference9275
reactome:SmallMoleculeReference43,abstraction:ConsumptionControlledBy,reactome:ProteinReference11545
reactome:SmallMoleculeReference374,abstraction:ConsumptionControlledBy,reactome:ProteinReference835
reactome:SmallMoleculeReference15,abstraction:ConsumptionControlledBy,reactome:ProteinReference26
reactome:SmallMoleculeReference1569,abstraction:ConsumptionControlledBy,reactome:ProteinReference1254
reactome:SmallMoleculeReference2601,abstraction:ConsumptionControlledBy,reactome:ProteinReference2790
reactome:SmallMoleculeReference1575,abstraction:ConsumptionControlledBy,reactome:ProteinReference2673
reactome:SmallMoleculeReference917,abstraction:ConsumptionControlledBy,reactome:ProteinReference1678
reactome:SmallMoleculeReference1571,abstraction:ConsumptionControlledBy,reactome:ProteinReference2671
reactome:SmallMoleculeReference145,abstraction:ConsumptionControlledBy,reactome:ProteinReference2337
reactome:SmallMoleculeReference466,abstraction:ConsumptionControlledBy,reactome:ProteinReference351
reactome:SmallMoleculeReference1467,abstraction:ConsumptionControlledBy,reactome:ProteinReference2413
reactome:SmallMoleculeReference101,abstraction:ConsumptionControlledBy,reactome:ProteinReference1137
reactome:SmallMoleculeReference302,abstraction:ConsumptionControlledBy,reactome:ProteinReference2199
reactome:SmallMoleculeReference653,abstraction:ConsumptionControlledBy,reactome:ProteinReference4627
reactome:SmallMoleculeReference1589,abstraction:ConsumptionControlledBy,reactome:ProteinReference2633
reactome:SmallMoleculeReference2601,abstraction:ConsumptionControlledBy,reactome:ProteinReference8569
reactome:SmallMoleculeReference15,abstraction:ConsumptionControlledBy,reactome:ProteinReference1
reactome:SmallMoleculeReference382,abstraction:ConsumptionControlledBy,reactome:ProteinReference846
reactome:SmallMoleculeReference43,abstraction:ConsumptionControlledBy,reactome:ProteinReference11490
reactome:SmallMoleculeReference950,abstraction:ConsumptionControlledBy,reactome:ProteinReference1317
reactome:SmallMoleculeReference204,abstraction:ConsumptionControlledBy,reactome:ProteinReference893
reactome:SmallMoleculeReference211,abstraction:ConsumptionControlledBy,reactome:ProteinReference898
reactome:SmallMoleculeReference96,abstraction:ConsumptionControlledBy,reactome:ProteinReference4548
reactome:SmallMoleculeReference135,abstraction:ConsumptionControlledBy,reactome:ProteinReference2752
reactome:SmallMoleculeReference1250,abstraction:ConsumptionControlledBy,reactome:ProteinReference2144
reactome:SmallMoleculeReference148,abstraction:ConsumptionControlledBy,reactome:ProteinReference247
reactome:SmallMoleculeReference298,abstraction:ConsumptionControlledBy,reactome:ProteinReference1363
reactome:SmallMoleculeReference46,abstraction:ConsumptionControlledBy,reactome:ProteinReference622
reactome:SmallMoleculeReference166,abstraction:ConsumptionControlledBy,reactome:ProteinReference267
reactome:SmallMoleculeReference166,abstraction:ConsumptionControlledBy,reactome:ProteinReference278
reactome:SmallMoleculeReference363,abstraction:ConsumptionControlledBy,reactome:ProteinReference845
reactome:SmallMoleculeReference43,abstraction:ConsumptionControlledBy,reactome:ProteinReference11544
reactome:SmallMoleculeReference2601,abstraction:ConsumptionControlledBy,reactome:ProteinReference10627
reactome:SmallMoleculeReference261,abstraction:ConsumptionControlledBy,reactome:ProteinReference1455
reactome:SmallMoleculeReference43,abstraction:ConsumptionControlledBy,reactome:ProteinReference362
reactome:SmallMoleculeReference1401,abstraction:ConsumptionControlledBy,reactome:ProteinReference2356
reactome:SmallMoleculeReference820,abstraction:ConsumptionControlledBy,reactome:ProteinReference1560
reactome:SmallMoleculeReference203,abstraction:ConsumptionControlledBy,reactome:ProteinReference9008
reactome:SmallMoleculeReference1643,abstraction:ConsumptionControlledBy,reactome:ProteinReference2664
reactome:SmallMoleculeReference126,abstraction:ConsumptionControlledBy,reactome:ProteinReference2333
reactome:SmallMoleculeReference15,abstraction:ConsumptionControlledBy,reactome:ProteinReference28
reactome:SmallMoleculeReference803,abstraction:ConsumptionControlledBy,reactome:ProteinReference1379
reactome:SmallMoleculeReference147,abstraction:ConsumptionControlledBy,reactome:ProteinReference247
reactome:SmallMoleculeReference466,abstraction:ConsumptionControlledBy,reactome:ProteinReference5830
reactome:SmallMoleculeReference43,abstraction:ConsumptionControlledBy,reactome:ProteinReference12153
reactome:SmallMoleculeReference743,abstraction:ConsumptionControlledBy,reactome:ProteinReference2586
reactome:SmallMoleculeReference957,abstraction:ConsumptionControlledBy,reactome:ProteinReference1689
reactome:SmallMoleculeReference1367,abstraction:ConsumptionControlledBy,reactome:ProteinReference2301
reactome:SmallMoleculeReference1564,abstraction:ConsumptionControlledBy,reactome:ProteinReference1255
reactome:SmallMoleculeReference653,abstraction:ConsumptionControlledBy,reactome:ProteinReference1425
reactome:SmallMoleculeReference43,abstraction:ConsumptionControlledBy,reactome:ProteinReference357
reactome:SmallMoleculeReference1063,abstraction:ConsumptionControlledBy,reactome:ProteinReference1251
reactome:SmallMoleculeReference140,abstraction:ConsumptionControlledBy,reactome:ProteinReference256
reactome:SmallMoleculeReference209,abstraction:ConsumptionControlledBy,reactome:ProteinReference4346
reactome:SmallMoleculeReference598,abstraction:ConsumptionControlledBy,reactome:ProteinReference1230
reactome:SmallMoleculeReference1037,abstraction:ConsumptionControlledBy,reactome:ProteinReference1226
reactome:SmallMoleculeReference261,abstraction:ConsumptionControlledBy,reactome:ProteinReference481
reactome:SmallMoleculeReference162,abstraction:ConsumptionControlledBy,reactome:ProteinReference250
reactome:SmallMoleculeReference296,abstraction:ConsumptionControlledBy,reactome:ProteinReference2329
reactome:SmallMoleculeReference45,abstraction:ConsumptionControlledBy,reactome:ProteinReference144
reactome:SmallMoleculeReference96,abstraction:ConsumptionControlledBy,reactome:ProteinReference10802
reactome:SmallMoleculeReference736,abstraction:ConsumptionControlledBy,reactome:ProteinReference1325
reactome:SmallMoleculeReference43,abstraction:ConsumptionControlledBy,reactome:ProteinReference4232
reactome:SmallMoleculeReference244,abstraction:ConsumptionControlledBy,reactome:ProteinReference1281
reactome:SmallMoleculeReference1571,abstraction:ConsumptionControlledBy,reactome:ProteinReference2627
reactome:SmallMoleculeReference6,abstraction:ConsumptionControlledBy,reactome:ProteinReference1702
reactome:SmallMoleculeReference120,abstraction:ConsumptionControlledBy,reactome:ProteinReference10558
reactome:SmallMoleculeReference1930,abstraction:ConsumptionControlledBy,reactome:ProteinReference4797
reactome:SmallMoleculeReference785,abstraction:ConsumptionControlledBy,reactome:ProteinReference1444
reactome:SmallMoleculeReference969,abstraction:ConsumptionControlledBy,reactome:ProteinReference1712
reactome:SmallMoleculeReference1717,abstraction:ConsumptionControlledBy,reactome:ProteinReference1840
reactome:SmallMoleculeReference467,abstraction:ConsumptionControlledBy,reactome:ProteinReference1020
reactome:SmallMoleculeReference96,abstraction:ConsumptionControlledBy,reactome:ProteinReference10582
reactome:SmallMoleculeReference46,abstraction:ConsumptionControlledBy,reactome:ProteinReference575
reactome:SmallMoleculeReference101,abstraction:ConsumptionControlledBy,reactome:ProteinReference1691
reactome:SmallMoleculeReference407,abstraction:ConsumptionControlledBy,reactome:ProteinReference901
reactome:SmallMoleculeReference203,abstraction:ConsumptionControlledBy,reactome:ProteinReference2788
reactome:SmallMoleculeReference1241,abstraction:ConsumptionControlledBy,reactome:ProteinReference2142
reactome:SmallMoleculeReference1723,abstraction:ConsumptionControlledBy,reactome:ProteinReference2745
reactome:SmallMoleculeReference424,abstraction:ConsumptionControlledBy,reactome:ProteinReference867
reactome:SmallMoleculeReference46,abstraction:ConsumptionControlledBy,reactome:ProteinReference634
reactome:SmallMoleculeReference1572,abstraction:ConsumptionControlledBy,reactome:ProteinReference1753
reactome:SmallMoleculeReference6,abstraction:ConsumptionControlledBy,reactome:ProteinReference674
reactome:SmallMoleculeReference752,abstraction:ConsumptionControlledBy,reactome:ProteinReference2643
reactome:SmallMoleculeReference1211,abstraction:ConsumptionControlledBy,reactome:ProteinReference2102
reactome:SmallMoleculeReference45,abstraction:ConsumptionControlledBy,reactome:ProteinReference496
reactome:SmallMoleculeReference131,abstraction:ConsumptionControlledBy,reactome:ProteinReference823
reactome:SmallMoleculeReference298,abstraction:ConsumptionControlledBy,reactome:ProteinReference2279
reactome:SmallMoleculeReference96,abstraction:ConsumptionControlledBy,reactome:ProteinReference9085
reactome:SmallMoleculeReference466,abstraction:ConsumptionControlledBy,reactome:ProteinReference6730
reactome:SmallMoleculeReference1865,abstraction:ConsumptionControlledBy,reactome:ProteinReference4118
reactome:SmallMoleculeReference96,abstraction:ConsumptionControlledBy,reactome:ProteinReference5291
reactome:SmallMoleculeReference96,abstraction:ConsumptionControlledBy,reactome:ProteinReference2794
reactome:SmallMoleculeReference1571,abstraction:ConsumptionControlledBy,reactome:ProteinReference2681
reactome:SmallMoleculeReference1591,abstraction:ConsumptionControlledBy,reactome:ProteinReference1754
reactome:SmallMoleculeReference98,abstraction:ConsumptionControlledBy,reactome:ProteinReference1692
reactome:SmallMoleculeReference46,abstraction:ConsumptionControlledBy,reactome:ProteinReference235
reactome:SmallMoleculeReference1360,abstraction:ConsumptionControlledBy,reactome:ProteinReference2638
reactome:SmallMoleculeReference1734,abstraction:ConsumptionControlledBy,reactome:ProteinReference2731
reactome:SmallMoleculeReference431,abstraction:ConsumptionControlledBy,reactome:ProteinReference867
reactome:SmallMoleculeReference473,abstraction:ConsumptionControlledBy,reactome:ProteinReference1040
reactome:SmallMoleculeReference871,abstraction:ConsumptionControlledBy,reactome:ProteinReference1641
reactome:SmallMoleculeReference203,abstraction:ConsumptionControlledBy,reactome:ProteinReference9032
reactome:SmallMoleculeReference211,abstraction:ConsumptionControlledBy,reactome:ProteinReference897
reactome:SmallMoleculeReference154,abstraction:ConsumptionControlledBy,reactome:ProteinReference2079
reactome:SmallMoleculeReference45,abstraction:ConsumptionControlledBy,reactome:ProteinReference300
reactome:SmallMoleculeReference45,abstraction:ConsumptionControlledBy,reactome:ProteinReference255
reactome:SmallMoleculeReference342,abstraction:ConsumptionControlledBy,reactome:ProteinReference1456
reactome:SmallMoleculeReference342,abstraction:ConsumptionControlledBy,reactome:ProteinReference6450
reactome:SmallMoleculeReference43,abstraction:ConsumptionControlledBy,reactome:ProteinReference11528
reactome:SmallMoleculeReference1663,abstraction:ConsumptionControlledBy,reactome:ProteinReference2620
reactome:SmallMoleculeReference16,abstraction:ConsumptionControlledBy,reactome:ProteinReference144
reactome:SmallMoleculeReference574,abstraction:ConsumptionControlledBy,reactome:ProteinReference2734
reactome:SmallMoleculeReference261,abstraction:ConsumptionControlledBy,reactome:ProteinReference483
reactome:SmallMoleculeReference1219,abstraction:ConsumptionControlledBy,reactome:ProteinReference2101
reactome:SmallMoleculeReference1297,abstraction:ConsumptionControlledBy,reactome:ProteinReference2212
reactome:SmallMoleculeReference696,abstraction:ConsumptionControlledBy,reactome:ProteinReference1278
reactome:SmallMoleculeReference480,abstraction:ConsumptionControlledBy,reactome:ProteinReference1037
reactome:SmallMoleculeReference7,abstraction:ConsumptionControlledBy,reactome:ProteinReference674
reactome:SmallMoleculeReference43,abstraction:ConsumptionControlledBy,reactome:ProteinReference11516
reactome:SmallMoleculeReference1843,abstraction:ConsumptionControlledBy,reactome:ProteinReference3971
reactome:SmallMoleculeReference574,abstraction:ConsumptionControlledBy,reactome:ProteinReference1861
reactome:SmallMoleculeReference345,abstraction:ConsumptionControlledBy,reactome:ProteinReference761
reactome:SmallMoleculeReference45,abstraction:ConsumptionControlledBy,reactome:ProteinReference10751
reactome:SmallMoleculeReference1710,abstraction:ConsumptionControlledBy,reactome:ProteinReference2717
reactome:SmallMoleculeReference232,abstraction:ConsumptionControlledBy,reactome:ProteinReference813
reactome:SmallMoleculeReference567,abstraction:ConsumptionControlledBy,reactome:ProteinReference1211
reactome:SmallMoleculeReference169,abstraction:ConsumptionControlledBy,reactome:ProteinReference2038
reactome:SmallMoleculeReference1923,abstraction:ConsumptionControlledBy,reactome:ProteinReference4335
reactome:SmallMoleculeReference754,abstraction:ConsumptionControlledBy,reactome:ProteinReference1204
reactome:SmallMoleculeReference979,abstraction:ConsumptionControlledBy,reactome:ProteinReference1722
reactome:SmallMoleculeReference260,abstraction:ConsumptionControlledBy,reactome:ProteinReference481
reactome:SmallMoleculeReference244,abstraction:ConsumptionControlledBy,reactome:ProteinReference1287
reactome:SmallMoleculeReference45,abstraction:ConsumptionControlledBy,reactome:ProteinReference10942
reactome:SmallMoleculeReference204,abstraction:ConsumptionControlledBy,reactome:ProteinReference4074
reactome:SmallMoleculeReference96,abstraction:ConsumptionControlledBy,reactome:ProteinReference9054
reactome:SmallMoleculeReference46,abstraction:ConsumptionControlledBy,reactome:ProteinReference564
reactome:SmallMoleculeReference466,abstraction:ConsumptionControlledBy,reactome:ProteinReference9468
reactome:SmallMoleculeReference395,abstraction:ConsumptionControlledBy,reactome:ProteinReference6193
reactome:SmallMoleculeReference96,abstraction:ConsumptionControlledBy,reactome:ProteinReference9079
reactome:SmallMoleculeReference597,abstraction:ConsumptionControlledBy,reactome:ProteinReference1250
reactome:SmallMoleculeReference96,abstraction:ConsumptionControlledBy,reactome:ProteinReference5186
reactome:SmallMoleculeReference1923,abstraction:ConsumptionControlledBy,reactome:ProteinReference4337
reactome:SmallMoleculeReference466,abstraction:ConsumptionControlledBy,reactome:ProteinReference8952
reactome:SmallMoleculeReference120,abstraction:ConsumptionControlledBy,reactome:ProteinReference3402
reactome:SmallMoleculeReference417,abstraction:ConsumptionControlledBy,reactome:ProteinReference961
reactome:SmallMoleculeReference109,abstraction:ConsumptionControlledBy,reactome:ProteinReference1218
reactome:SmallMoleculeReference928,abstraction:ConsumptionControlledBy,reactome:ProteinReference1261
reactome:SmallMoleculeReference120,abstraction:ConsumptionControlledBy,reactome:ProteinReference9037
reactome:SmallMoleculeReference45,abstraction:ConsumptionControlledBy,reactome:ProteinReference299
reactome:SmallMoleculeReference212,abstraction:ConsumptionControlledBy,reactome:ProteinReference4366
reactome:SmallMoleculeReference261,abstraction:ConsumptionControlledBy,reactome:ProteinReference1416
reactome:SmallMoleculeReference834,abstraction:ConsumptionControlledBy,reactome:ProteinReference393
reactome:SmallMoleculeReference354,abstraction:ConsumptionControlledBy,reactome:ProteinReference748
reactome:SmallMoleculeReference309,abstraction:ConsumptionControlledBy,reactome:ProteinReference1377
reactome:SmallMoleculeReference120,abstraction:ConsumptionControlledBy,reactome:ProteinReference3953
reactome:SmallMoleculeReference1702,abstraction:ConsumptionControlledBy,reactome:ProteinReference2713
reactome:SmallMoleculeReference45,abstraction:ConsumptionControlledBy,reactome:ProteinReference93
reactome:SmallMoleculeReference64,abstraction:ConsumptionControlledBy,reactome:ProteinReference155
reactome:SmallMoleculeReference120,abstraction:ConsumptionControlledBy,reactome:ProteinReference2067
reactome:SmallMoleculeReference342,abstraction:ConsumptionControlledBy,reactome:ProteinReference6430
reactome:SmallMoleculeReference96,abstraction:ConsumptionControlledBy,reactome:ProteinReference3184
reactome:SmallMoleculeReference790,abstraction:ConsumptionControlledBy,reactome:ProteinReference1379
reactome:SmallMoleculeReference97,abstraction:ConsumptionControlledBy,reactome:ProteinReference1692
reactome:SmallMoleculeReference96,abstraction:ConsumptionControlledBy,reactome:ProteinReference3293
reactome:SmallMoleculeReference137,abstraction:ConsumptionControlledBy,reactome:ProteinReference1878
reactome:SmallMoleculeReference207,abstraction:ConsumptionControlledBy,reactome:ProteinReference1003
reactome:SmallMoleculeReference144,abstraction:ConsumptionControlledBy,reactome:ProteinReference2431
reactome:SmallMoleculeReference517,abstraction:ConsumptionControlledBy,reactome:ProteinReference1263
reactome:SmallMoleculeReference146,abstraction:ConsumptionControlledBy,reactome:ProteinReference245
reactome:SmallMoleculeReference1495,abstraction:ConsumptionControlledBy,reactome:ProteinReference2547
reactome:SmallMoleculeReference714,abstraction:ConsumptionControlledBy,reactome:ProteinReference1297
reactome:SmallMoleculeReference979,abstraction:ConsumptionControlledBy,reactome:ProteinReference1717
reactome:SmallMoleculeReference207,abstraction:ConsumptionControlledBy,reactome:ProteinReference3395
reactome:SmallMoleculeReference211,abstraction:ConsumptionControlledBy,reactome:ProteinReference944
reactome:SmallMoleculeReference1717,abstraction:ConsumptionControlledBy,reactome:ProteinReference2733
reactome:SmallMoleculeReference215,abstraction:ConsumptionControlledBy,reactome:ProteinReference965
reactome:SmallMoleculeReference6,abstraction:ConsumptionControlledBy,reactome:ProteinReference1672
reactome:SmallMoleculeReference46,abstraction:ConsumptionControlledBy,reactome:ProteinReference11509
reactome:SmallMoleculeReference825,abstraction:ConsumptionControlledBy,reactome:ProteinReference1578
reactome:SmallMoleculeReference1071,abstraction:ConsumptionControlledBy,reactome:ProteinReference1753
reactome:SmallMoleculeReference1349,abstraction:ConsumptionControlledBy,reactome:ProteinReference2282
reactome:SmallMoleculeReference1591,abstraction:ConsumptionControlledBy,reactome:ProteinReference2633
reactome:SmallMoleculeReference466,abstraction:ConsumptionControlledBy,reactome:ProteinReference5831
reactome:SmallMoleculeReference2601,abstraction:ConsumptionControlledBy,reactome:ProteinReference9764
reactome:SmallMoleculeReference154,abstraction:ConsumptionControlledBy,reactome:ProteinReference2333
reactome:SmallMoleculeReference260,abstraction:ConsumptionControlledBy,reactome:ProteinReference483
reactome:SmallMoleculeReference49,abstraction:ConsumptionControlledBy,reactome:ProteinReference10640
reactome:SmallMoleculeReference142,abstraction:ConsumptionControlledBy,reactome:ProteinReference261
reactome:SmallMoleculeReference1449,abstraction:ConsumptionControlledBy,reactome:ProteinReference2565
reactome:SmallMoleculeReference359,abstraction:ConsumptionControlledBy,reactome:ProteinReference846
reactome:SmallMoleculeReference466,abstraction:ConsumptionControlledBy,reactome:ProteinReference5570
reactome:SmallMoleculeReference1527,abstraction:ConsumptionControlledBy,reactome:ProteinReference2590
reactome:SmallMoleculeReference1874,abstraction:ConsumptionControlledBy,reactome:ProteinReference1623
reactome:SmallMoleculeReference970,abstraction:ConsumptionControlledBy,reactome:ProteinReference1715
reactome:SmallMoleculeReference392,abstraction:ConsumptionControlledBy,reactome:ProteinReference2087
reactome:SmallMoleculeReference2601,abstraction:ConsumptionControlledBy,reactome:ProteinReference2797
reactome:SmallMoleculeReference764,abstraction:ConsumptionControlledBy,reactome:ProteinReference1458
reactome:SmallMoleculeReference1560,abstraction:ConsumptionControlledBy,reactome:ProteinReference1256
reactome:SmallMoleculeReference485,abstraction:ConsumptionControlledBy,reactome:ProteinReference1034
reactome:SmallMoleculeReference154,abstraction:ConsumptionControlledBy,reactome:ProteinReference4054
reactome:SmallMoleculeReference798,abstraction:ConsumptionControlledBy,reactome:ProteinReference1422
reactome:SmallMoleculeReference1930,abstraction:ConsumptionControlledBy,reactome:ProteinReference4830
reactome:SmallMoleculeReference337,abstraction:ConsumptionControlledBy,reactome:ProteinReference1585
reactome:SmallMoleculeReference73,abstraction:ConsumptionControlledBy,reactome:ProteinReference2576
reactome:SmallMoleculeReference2601,abstraction:ConsumptionControlledBy,reactome:ProteinReference4665
reactome:SmallMoleculeReference1528,abstraction:ConsumptionControlledBy,reactome:ProteinReference1718
reactome:SmallMoleculeReference260,abstraction:ConsumptionControlledBy,reactome:ProteinReference1416
reactome:SmallMoleculeReference1160,abstraction:ConsumptionControlledBy,reactome:ProteinReference1941
reactome:SmallMoleculeReference120,abstraction:ConsumptionControlledBy,reactome:ProteinReference1823
reactome:SmallMoleculeReference349,abstraction:ConsumptionControlledBy,reactome:ProteinReference2085
reactome:SmallMoleculeReference1843,abstraction:ConsumptionControlledBy,reactome:ProteinReference3974
reactome:SmallMoleculeReference1381,abstraction:ConsumptionControlledBy,reactome:ProteinReference2321
reactome:SmallMoleculeReference55,abstraction:ConsumptionControlledBy,reactome:ProteinReference155
reactome:SmallMoleculeReference16,abstraction:ConsumptionControlledBy,reactome:ProteinReference7477
reactome:SmallMoleculeReference342,abstraction:ConsumptionControlledBy,reactome:ProteinReference5103
reactome:SmallMoleculeReference7,abstraction:ConsumptionControlledBy,reactome:ProteinReference33
reactome:SmallMoleculeReference979,abstraction:ConsumptionControlledBy,reactome:ProteinReference1189
reactome:SmallMoleculeReference203,abstraction:ConsumptionControlledBy,reactome:ProteinReference10772
reactome:SmallMoleculeReference1252,abstraction:ConsumptionControlledBy,reactome:ProteinReference2143
reactome:SmallMoleculeReference566,abstraction:ConsumptionControlledBy,reactome:ProteinReference1217
reactome:SmallMoleculeReference15,abstraction:ConsumptionControlledBy,reactome:ProteinReference29
reactome:SmallMoleculeReference1904,abstraction:ConsumptionControlledBy,reactome:ProteinReference4257
reactome:SmallMoleculeReference1031,abstraction:ConsumptionControlledBy,reactome:ProteinReference1227
reactome:SmallMoleculeReference482,abstraction:ConsumptionControlledBy,reactome:ProteinReference1034
reactome:SmallMoleculeReference211,abstraction:ConsumptionControlledBy,reactome:ProteinReference949
reactome:SmallMoleculeReference1226,abstraction:ConsumptionControlledBy,reactome:ProteinReference2805
reactome:SmallMoleculeReference96,abstraction:ConsumptionControlledBy,reactome:ProteinReference9071
reactome:SmallMoleculeReference96,abstraction:ConsumptionControlledBy,reactome:ProteinReference10026
reactome:SmallMoleculeReference1894,abstraction:ConsumptionControlledBy,reactome:ProteinReference3719
reactome:SmallMoleculeReference46,abstraction:ConsumptionControlledBy,reactome:ProteinReference11431
reactome:SmallMoleculeReference1445,abstraction:ConsumptionControlledBy,reactome:ProteinReference2408
reactome:SmallMoleculeReference466,abstraction:ConsumptionControlledBy,reactome:ProteinReference5843
reactome:SmallMoleculeReference105,abstraction:ConsumptionControlledBy,reactome:ProteinReference2599
reactome:SmallMoleculeReference203,abstraction:ConsumptionControlledBy,reactome:ProteinReference8995
reactome:SmallMoleculeReference261,abstraction:ConsumptionControlledBy,reactome:ProteinReference1395
reactome:SmallMoleculeReference749,abstraction:ConsumptionControlledBy,reactome:ProteinReference1340
reactome:SmallMoleculeReference1717,abstraction:ConsumptionControlledBy,reactome:ProteinReference2741
reactome:SmallMoleculeReference120,abstraction:ConsumptionControlledBy,reactome:ProteinReference6028
reactome:SmallMoleculeReference1778,abstraction:ConsumptionControlledBy,reactome:ProteinReference25
reactome:SmallMoleculeReference808,abstraction:ConsumptionControlledBy,reactome:ProteinReference7262
reactome:SmallMoleculeReference494,abstraction:ConsumptionControlledBy,reactome:ProteinReference1043
reactome:SmallMoleculeReference1186,abstraction:ConsumptionControlledBy,reactome:ProteinReference2072
reactome:SmallMoleculeReference466,abstraction:ConsumptionControlledBy,reactome:ProteinReference6688
reactome:SmallMoleculeReference391,abstraction:ConsumptionControlledBy,reactome:ProteinReference5257
reactome:SmallMoleculeReference1474,abstraction:ConsumptionControlledBy,reactome:ProteinReference2428
reactome:SmallMoleculeReference159,abstraction:ConsumptionControlledBy,reactome:ProteinReference2430
reactome:SmallMoleculeReference473,abstraction:ConsumptionControlledBy,reactome:ProteinReference1031
reactome:SmallMoleculeReference336,abstraction:ConsumptionControlledBy,reactome:ProteinReference1619
reactome:SmallMoleculeReference96,abstraction:ConsumptionControlledBy,reactome:ProteinReference2306
reactome:SmallMoleculeReference147,abstraction:ConsumptionControlledBy,reactome:ProteinReference2429
reactome:SmallMoleculeReference472,abstraction:ConsumptionControlledBy,reactome:ProteinReference1027
reactome:SmallMoleculeReference158,abstraction:ConsumptionControlledBy,reactome:ProteinReference241
reactome:SmallMoleculeReference221,abstraction:ConsumptionControlledBy,reactome:ProteinReference1082
reactome:SmallMoleculeReference1575,abstraction:ConsumptionControlledBy,reactome:ProteinReference2675
reactome:SmallMoleculeReference795,abstraction:ConsumptionControlledBy,reactome:ProteinReference1542
reactome:SmallMoleculeReference1924,abstraction:ConsumptionControlledBy,reactome:ProteinReference4360
reactome:SmallMoleculeReference96,abstraction:ConsumptionControlledBy,reactome:ProteinReference4527
reactome:SmallMoleculeReference42,abstraction:ConsumptionControlledBy,reactome:ProteinReference7697
reactome:SmallMoleculeReference219,abstraction:ConsumptionControlledBy,reactome:ProteinReference329
reactome:SmallMoleculeReference49,abstraction:ConsumptionControlledBy,reactome:ProteinReference129
reactome:SmallMoleculeReference192,abstraction:ConsumptionControlledBy,reactome:ProteinReference308
reactome:SmallMoleculeReference1282,abstraction:ConsumptionControlledBy,reactome:ProteinReference2175
reactome:SmallMoleculeReference48,abstraction:ConsumptionControlledBy,reactome:ProteinReference115
reactome:SmallMoleculeReference211,abstraction:ConsumptionControlledBy,reactome:ProteinReference899
reactome:SmallMoleculeReference145,abstraction:ConsumptionControlledBy,reactome:ProteinReference248
reactome:SmallMoleculeReference714,abstraction:ConsumptionControlledBy,reactome:ProteinReference1298
reactome:SmallMoleculeReference16,abstraction:ConsumptionControlledBy,reactome:ProteinReference530
reactome:SmallMoleculeReference120,abstraction:ConsumptionControlledBy,reactome:ProteinReference3393
reactome:SmallMoleculeReference2101,abstraction:ConsumptionControlledBy,reactome:ProteinReference4777
reactome:SmallMoleculeReference46,abstraction:ConsumptionControlledBy,reactome:ProteinReference11433
reactome:SmallMoleculeReference139,abstraction:ConsumptionControlledBy,reactome:ProteinReference256
reactome:SmallMoleculeReference744,abstraction:ConsumptionControlledBy,reactome:ProteinReference2254
reactome:SmallMoleculeReference2601,abstraction:ConsumptionControlledBy,reactome:ProteinReference2792
reactome:SmallMoleculeReference342,abstraction:ConsumptionControlledBy,reactome:ProteinReference288
reactome:SmallMoleculeReference1751,abstraction:ConsumptionControlledBy,reactome:ProteinReference3285
reactome:SmallMoleculeReference466,abstraction:ConsumptionControlledBy,reactome:ProteinReference4148
reactome:SmallMoleculeReference309,abstraction:ConsumptionControlledBy,reactome:ProteinReference1423
reactome:SmallMoleculeReference949,abstraction:ConsumptionControlledBy,reactome:ProteinReference1170
reactome:SmallMoleculeReference215,abstraction:ConsumptionControlledBy,reactome:ProteinReference906
reactome:SmallMoleculeReference307,abstraction:ConsumptionControlledBy,reactome:ProteinReference1204
reactome:SmallMoleculeReference101,abstraction:ConsumptionControlledBy,reactome:ProteinReference1694
reactome:SmallMoleculeReference45,abstraction:ConsumptionControlledBy,reactome:ProteinReference148
reactome:SmallMoleculeReference142,abstraction:ConsumptionControlledBy,reactome:ProteinReference6240
reactome:SmallMoleculeReference157,abstraction:ConsumptionControlledBy,reactome:ProteinReference3675
reactome:SmallMoleculeReference203,abstraction:ConsumptionControlledBy,reactome:ProteinReference4496
reactome:SmallMoleculeReference211,abstraction:ConsumptionControlledBy,reactome:ProteinReference2691
reactome:SmallMoleculeReference302,abstraction:ConsumptionControlledBy,reactome:ProteinReference1838
reactome:SmallMoleculeReference2645,abstraction:ConsumptionControlledBy,reactome:ProteinReference4113
reactome:SmallMoleculeReference1668,abstraction:ConsumptionControlledBy,reactome:ProteinReference25
reactome:SmallMoleculeReference1881,abstraction:ConsumptionControlledBy,reactome:ProteinReference4087
reactome:SmallMoleculeReference203,abstraction:ConsumptionControlledBy,reactome:ProteinReference1268
reactome:SmallMoleculeReference1160,abstraction:ConsumptionControlledBy,reactome:ProteinReference1931
reactome:SmallMoleculeReference48,abstraction:ConsumptionControlledBy,reactome:ProteinReference8477
reactome:SmallMoleculeReference346,abstraction:ConsumptionControlledBy,reactome:ProteinReference719
reactome:SmallMoleculeReference665,abstraction:ConsumptionControlledBy,reactome:ProteinReference12
reactome:SmallMoleculeReference96,abstraction:ConsumptionControlledBy,reactome:ProteinReference3337
reactome:SmallMoleculeReference1005,abstraction:ConsumptionControlledBy,reactome:ProteinReference1369
reactome:SmallMoleculeReference45,abstraction:ConsumptionControlledBy,reactome:ProteinReference177
reactome:SmallMoleculeReference2913,abstraction:ConsumptionControlledBy,reactome:ProteinReference11630
reactome:SmallMoleculeReference46,abstraction:ConsumptionControlledBy,reactome:ProteinReference11469
reactome:SmallMoleculeReference904,abstraction:ConsumptionControlledBy,reactome:ProteinReference1655
reactome:SmallMoleculeReference159,abstraction:ConsumptionControlledBy,reactome:ProteinReference2329
reactome:SmallMoleculeReference101,abstraction:ConsumptionControlledBy,reactome:ProteinReference1052
reactome:SmallMoleculeReference45,abstraction:ConsumptionControlledBy,reactome:ProteinReference1137
reactome:SmallMoleculeReference96,abstraction:ConsumptionControlledBy,reactome:ProteinReference3313
reactome:SmallMoleculeReference1660,abstraction:ConsumptionControlledBy,reactome:ProteinReference25
reactome:SmallMoleculeReference1216,abstraction:ConsumptionControlledBy,reactome:ProteinReference2102
reactome:SmallMoleculeReference1580,abstraction:ConsumptionControlledBy,reactome:ProteinReference1256
reactome:SmallMoleculeReference1451,abstraction:ConsumptionControlledBy,reactome:ProteinReference2414
reactome:SmallMoleculeReference7,abstraction:ConsumptionControlledBy,reactome:ProteinReference6859
reactome:SmallMoleculeReference836,abstraction:ConsumptionControlledBy,reactome:ProteinReference1585
reactome:SmallMoleculeReference260,abstraction:ConsumptionControlledBy,reactome:ProteinReference1395
reactome:SmallMoleculeReference96,abstraction:ConsumptionControlledBy,reactome:ProteinReference7571
reactome:SmallMoleculeReference324,abstraction:ConsumptionControlledBy,reactome:ProteinReference1589
reactome:SmallMoleculeReference1155,abstraction:ConsumptionControlledBy,reactome:ProteinReference1862
reactome:SmallMoleculeReference96,abstraction:ConsumptionControlledBy,reactome:ProteinReference5405
reactome:SmallMoleculeReference1220,abstraction:ConsumptionControlledBy,reactome:ProteinReference2102
reactome:SmallMoleculeReference261,abstraction:ConsumptionControlledBy,reactome:ProteinReference1457
reactome:SmallMoleculeReference392,abstraction:ConsumptionControlledBy,reactome:ProteinReference2090
reactome:SmallMoleculeReference1160,abstraction:ConsumptionControlledBy,reactome:ProteinReference1913
reactome:SmallMoleculeReference46,abstraction:ConsumptionControlledBy,reactome:ProteinReference566
reactome:SmallMoleculeReference466,abstraction:ConsumptionControlledBy,reactome:ProteinReference5657
reactome:SmallMoleculeReference149,abstraction:ConsumptionControlledBy,reactome:ProteinReference2038
reactome:SmallMoleculeReference96,abstraction:ConsumptionControlledBy,reactome:ProteinReference3307
reactome:SmallMoleculeReference45,abstraction:ConsumptionControlledBy,reactome:ProteinReference222
reactome:SmallMoleculeReference7,abstraction:ConsumptionControlledBy,reactome:ProteinReference1383
reactome:SmallMoleculeReference466,abstraction:ConsumptionControlledBy,reactome:ProteinReference5817
reactome:SmallMoleculeReference120,abstraction:ConsumptionControlledBy,reactome:ProteinReference5400
reactome:SmallMoleculeReference764,abstraction:ConsumptionControlledBy,reactome:ProteinReference5256
reactome:SmallMoleculeReference301,abstraction:ConsumptionControlledBy,reactome:ProteinReference1052
reactome:SmallMoleculeReference1668,abstraction:ConsumptionControlledBy,reactome:ProteinReference27
reactome:SmallMoleculeReference16,abstraction:ConsumptionControlledBy,reactome:ProteinReference148
reactome:SmallMoleculeReference496,abstraction:ConsumptionControlledBy,reactome:ProteinReference1256
reactome:SmallMoleculeReference159,abstraction:ConsumptionControlledBy,reactome:ProteinReference2035
reactome:SmallMoleculeReference120,abstraction:ConsumptionControlledBy,reactome:ProteinReference4526
reactome:SmallMoleculeReference108,abstraction:ConsumptionControlledBy,reactome:ProteinReference1215
reactome:SmallMoleculeReference1157,abstraction:ConsumptionControlledBy,reactome:ProteinReference1867
reactome:SmallMoleculeReference347,abstraction:ConsumptionControlledBy,reactome:ProteinReference5256
reactome:SmallMoleculeReference2101,abstraction:ConsumptionControlledBy,reactome:ProteinReference84
reactome:SmallMoleculeReference140,abstraction:ConsumptionControlledBy,reactome:ProteinReference2437
reactome:SmallMoleculeReference175,abstraction:ConsumptionControlledBy,reactome:ProteinReference281
reactome:SmallMoleculeReference1564,abstraction:ConsumptionControlledBy,reactome:ProteinReference1254
reactome:SmallMoleculeReference118,abstraction:ConsumptionControlledBy,reactome:ProteinReference203
reactome:SmallMoleculeReference1160,abstraction:ConsumptionControlledBy,reactome:ProteinReference1940
reactome:SmallMoleculeReference204,abstraction:ConsumptionControlledBy,reactome:ProteinReference318
reactome:SmallMoleculeReference1528,abstraction:ConsumptionControlledBy,reactome:ProteinReference2595
reactome:SmallMoleculeReference45,abstraction:ConsumptionControlledBy,reactome:ProteinReference223
reactome:SmallMoleculeReference2687,abstraction:ConsumptionControlledBy,reactome:ProteinReference4752
reactome:SmallMoleculeReference1007,abstraction:ConsumptionControlledBy,reactome:ProteinReference1740
reactome:SmallMoleculeReference790,abstraction:ConsumptionControlledBy,reactome:ProteinReference1380
reactome:SmallMoleculeReference604,abstraction:ConsumptionControlledBy,reactome:ProteinReference24
reactome:SmallMoleculeReference159,abstraction:ConsumptionControlledBy,reactome:ProteinReference11439
reactome:SmallMoleculeReference120,abstraction:ConsumptionControlledBy,reactome:ProteinReference5284
reactome:SmallMoleculeReference96,abstraction:ConsumptionControlledBy,reactome:ProteinReference4525
reactome:SmallMoleculeReference84,abstraction:ConsumptionControlledBy,reactome:ProteinReference180
reactome:SmallMoleculeReference150,abstraction:ConsumptionControlledBy,reactome:ProteinReference2413
reactome:SmallMoleculeReference489,abstraction:ConsumptionControlledBy,reactome:ProteinReference1042
reactome:SmallMoleculeReference394,abstraction:ConsumptionControlledBy,reactome:ProteinReference2593
reactome:SmallMoleculeReference215,abstraction:ConsumptionControlledBy,reactome:ProteinReference325
reactome:SmallMoleculeReference1,abstraction:ConsumptionControlledBy,reactome:ProteinReference144
reactome:SmallMoleculeReference1400,abstraction:ConsumptionControlledBy,reactome:ProteinReference2355
reactome:SmallMoleculeReference46,abstraction:ConsumptionControlledBy,reactome:ProteinReference12095
reactome:SmallMoleculeReference96,abstraction:ConsumptionControlledBy,reactome:ProteinReference3245
reactome:SmallMoleculeReference301,abstraction:ConsumptionControlledBy,reactome:ProteinReference8809
reactome:SmallMoleculeReference1841,abstraction:ConsumptionControlledBy,reactome:ProteinReference3960
reactome:SmallMoleculeReference119,abstraction:ConsumptionControlledBy,reactome:ProteinReference5542
reactome:SmallMoleculeReference466,abstraction:ConsumptionControlledBy,reactome:ProteinReference5281
reactome:SmallMoleculeReference650,abstraction:ConsumptionControlledBy,reactome:ProteinReference1187
reactome:SmallMoleculeReference7,abstraction:ConsumptionControlledBy,reactome:ProteinReference1392
reactome:SmallMoleculeReference120,abstraction:ConsumptionControlledBy,reactome:ProteinReference3378
reactome:SmallMoleculeReference1226,abstraction:ConsumptionControlledBy,reactome:ProteinReference2161
reactome:SmallMoleculeReference2601,abstraction:ConsumptionControlledBy,reactome:ProteinReference2952
reactome:SmallMoleculeReference96,abstraction:ConsumptionControlledBy,reactome:ProteinReference10054
reactome:SmallMoleculeReference2601,abstraction:ConsumptionControlledBy,reactome:ProteinReference56
reactome:SmallMoleculeReference132,abstraction:ConsumptionControlledBy,reactome:ProteinReference216
reactome:SmallMoleculeReference214,abstraction:ConsumptionControlledBy,reactome:ProteinReference2135
reactome:SmallMoleculeReference1036,abstraction:ConsumptionControlledBy,reactome:ProteinReference1250
reactome:SmallMoleculeReference126,abstraction:ConsumptionControlledBy,reactome:ProteinReference1829
reactome:SmallMoleculeReference16,abstraction:ConsumptionControlledBy,reactome:ProteinReference222
reactome:SmallMoleculeReference963,abstraction:ConsumptionControlledBy,reactome:ProteinReference2702
reactome:SmallMoleculeReference149,abstraction:ConsumptionControlledBy,reactome:ProteinReference2414
reactome:SmallMoleculeReference1717,abstraction:ConsumptionControlledBy,reactome:ProteinReference2618
reactome:SmallMoleculeReference121,abstraction:ConsumptionControlledBy,reactome:ProteinReference217
reactome:SmallMoleculeReference79,abstraction:ConsumptionControlledBy,reactome:ProteinReference199
reactome:SmallMoleculeReference203,abstraction:ConsumptionControlledBy,reactome:ProteinReference11256
reactome:SmallMoleculeReference108,abstraction:ConsumptionControlledBy,reactome:ProteinReference191
reactome:SmallMoleculeReference1776,abstraction:ConsumptionControlledBy,reactome:ProteinReference25
reactome:SmallMoleculeReference96,abstraction:ConsumptionControlledBy,reactome:ProteinReference3247
reactome:SmallMoleculeReference174,abstraction:ConsumptionControlledBy,reactome:ProteinReference827
reactome:SmallMoleculeReference142,abstraction:ConsumptionControlledBy,reactome:ProteinReference6233
reactome:SmallMoleculeReference1389,abstraction:ConsumptionControlledBy,reactome:ProteinReference2349
reactome:SmallMoleculeReference1564,abstraction:ConsumptionControlledBy,reactome:ProteinReference1753
reactome:SmallMoleculeReference203,abstraction:ConsumptionControlledBy,reactome:ProteinReference9018
reactome:SmallMoleculeReference184,abstraction:ConsumptionControlledBy,reactome:ProteinReference1459
reactome:SmallMoleculeReference16,abstraction:ConsumptionControlledBy,reactome:ProteinReference223
reactome:SmallMoleculeReference1391,abstraction:ConsumptionControlledBy,reactome:ProteinReference2221
reactome:SmallMoleculeReference1161,abstraction:ConsumptionControlledBy,reactome:ProteinReference1984
reactome:SmallMoleculeReference2601,abstraction:ConsumptionControlledBy,reactome:ProteinReference5012
reactome:SmallMoleculeReference496,abstraction:ConsumptionControlledBy,reactome:ProteinReference1225
reactome:SmallMoleculeReference169,abstraction:ConsumptionControlledBy,reactome:ProteinReference2435
reactome:SmallMoleculeReference1820,abstraction:ConsumptionControlledBy,reactome:ProteinReference2672
reactome:SmallMoleculeReference754,abstraction:ConsumptionControlledBy,reactome:ProteinReference1461
reactome:SmallMoleculeReference1844,abstraction:ConsumptionControlledBy,reactome:ProteinReference3968
reactome:SmallMoleculeReference2600,abstraction:ConsumptionControlledBy,reactome:ProteinReference8527
reactome:SmallMoleculeReference1930,abstraction:ConsumptionControlledBy,reactome:ProteinReference4801
reactome:SmallMoleculeReference2101,abstraction:ConsumptionControlledBy,reactome:ProteinReference74
reactome:SmallMoleculeReference1930,abstraction:ConsumptionControlledBy,reactome:ProteinReference4806
reactome:SmallMoleculeReference96,abstraction:ConsumptionControlledBy,reactome:ProteinReference8982
reactome:SmallMoleculeReference719,abstraction:ConsumptionControlledBy,reactome:ProteinReference1314
reactome:SmallMoleculeReference43,abstraction:ConsumptionControlledBy,reactome:ProteinReference5549
reactome:SmallMoleculeReference106,abstraction:ConsumptionControlledBy,reactome:ProteinReference1218
reactome:SmallMoleculeReference53,abstraction:ConsumptionControlledBy,reactome:ProteinReference437
reactome:SmallMoleculeReference715,abstraction:ConsumptionControlledBy,reactome:ProteinReference1305
reactome:SmallMoleculeReference1841,abstraction:ConsumptionControlledBy,reactome:ProteinReference3959
reactome:SmallMoleculeReference715,abstraction:ConsumptionControlledBy,reactome:ProteinReference1303
reactome:SmallMoleculeReference812,abstraction:ConsumptionControlledBy,reactome:ProteinReference1490
reactome:SmallMoleculeReference1178,abstraction:ConsumptionControlledBy,reactome:ProteinReference2069
reactome:SmallMoleculeReference2599,abstraction:ConsumptionControlledBy,reactome:ProteinReference8524
reactome:SmallMoleculeReference46,abstraction:ConsumptionControlledBy,reactome:ProteinReference8275
reactome:SmallMoleculeReference145,abstraction:ConsumptionControlledBy,reactome:ProteinReference2437
reactome:SmallMoleculeReference132,abstraction:ConsumptionControlledBy,reactome:ProteinReference1750
reactome:SmallMoleculeReference668,abstraction:ConsumptionControlledBy,reactome:ProteinReference2629
reactome:SmallMoleculeReference312,abstraction:ConsumptionControlledBy,reactome:ProteinReference1576
reactome:SmallMoleculeReference342,abstraction:ConsumptionControlledBy,reactome:ProteinReference6469
reactome:SmallMoleculeReference82,abstraction:ConsumptionControlledBy,reactome:ProteinReference171
reactome:SmallMoleculeReference1034,abstraction:ConsumptionControlledBy,reactome:ProteinReference1240
reactome:SmallMoleculeReference1762,abstraction:ConsumptionControlledBy,reactome:ProteinReference2075
reactome:SmallMoleculeReference2601,abstraction:ConsumptionControlledBy,reactome:ProteinReference4448
reactome:SmallMoleculeReference466,abstraction:ConsumptionControlledBy,reactome:ProteinReference5816
reactome:SmallMoleculeReference323,abstraction:ConsumptionControlledBy,reactome:ProteinReference891
reactome:SmallMoleculeReference466,abstraction:ConsumptionControlledBy,reactome:ProteinReference1026
reactome:SmallMoleculeReference574,abstraction:ConsumptionControlledBy,reactome:ProteinReference2732
reactome:SmallMoleculeReference120,abstraction:ConsumptionControlledBy,reactome:ProteinReference4488
reactome:SmallMoleculeReference302,abstraction:ConsumptionControlledBy,reactome:ProteinReference1179
reactome:SmallMoleculeReference13,abstraction:ConsumptionControlledBy,reactome:ProteinReference2613
reactome:SmallMoleculeReference43,abstraction:ConsumptionControlledBy,reactome:ProteinReference467
reactome:SmallMoleculeReference1160,abstraction:ConsumptionControlledBy,reactome:ProteinReference1982
reactome:SmallMoleculeReference1206,abstraction:ConsumptionControlledBy,reactome:ProteinReference2088
reactome:SmallMoleculeReference1208,abstraction:ConsumptionControlledBy,reactome:ProteinReference2082
reactome:SmallMoleculeReference45,abstraction:ConsumptionControlledBy,reactome:ProteinReference96
reactome:SmallMoleculeReference147,abstraction:ConsumptionControlledBy,reactome:ProteinReference2409
reactome:SmallMoleculeReference1715,abstraction:ConsumptionControlledBy,reactome:ProteinReference2724
reactome:SmallMoleculeReference136,abstraction:ConsumptionControlledBy,reactome:ProteinReference1743
reactome:SmallMoleculeReference1573,abstraction:ConsumptionControlledBy,reactome:ProteinReference2732
reactome:SmallMoleculeReference1585,abstraction:ConsumptionControlledBy,reactome:ProteinReference1752
reactome:SmallMoleculeReference394,abstraction:ConsumptionControlledBy,reactome:ProteinReference589
reactome:SmallMoleculeReference126,abstraction:ConsumptionControlledBy,reactome:ProteinReference216
reactome:SmallMoleculeReference1180,abstraction:ConsumptionControlledBy,reactome:ProteinReference3738
reactome:SmallMoleculeReference203,abstraction:ConsumptionControlledBy,reactome:ProteinReference5291
reactome:SmallMoleculeReference812,abstraction:ConsumptionControlledBy,reactome:ProteinReference1050
reactome:SmallMoleculeReference96,abstraction:ConsumptionControlledBy,reactome:ProteinReference9049
reactome:SmallMoleculeReference1289,abstraction:ConsumptionControlledBy,reactome:ProteinReference2196
reactome:SmallMoleculeReference148,abstraction:ConsumptionControlledBy,reactome:ProteinReference2337
reactome:SmallMoleculeReference1160,abstraction:ConsumptionControlledBy,reactome:ProteinReference1916
reactome:SmallMoleculeReference514,abstraction:ConsumptionControlledBy,reactome:ProteinReference1373
reactome:SmallMoleculeReference515,abstraction:ConsumptionControlledBy,reactome:ProteinReference1189
reactome:SmallMoleculeReference2601,abstraction:ConsumptionControlledBy,reactome:ProteinReference9759
reactome:SmallMoleculeReference43,abstraction:ConsumptionControlledBy,reactome:ProteinReference11558
reactome:SmallMoleculeReference1177,abstraction:ConsumptionControlledBy,reactome:ProteinReference2138
reactome:SmallMoleculeReference372,abstraction:ConsumptionControlledBy,reactome:ProteinReference832
reactome:SmallMoleculeReference1530,abstraction:ConsumptionControlledBy,reactome:ProteinReference1718
reactome:SmallMoleculeReference54,abstraction:ConsumptionControlledBy,reactome:ProteinReference610
reactome:SmallMoleculeReference466,abstraction:ConsumptionControlledBy,reactome:ProteinReference8953
reactome:SmallMoleculeReference1821,abstraction:ConsumptionControlledBy,reactome:ProteinReference2672
reactome:SmallMoleculeReference798,abstraction:ConsumptionControlledBy,reactome:ProteinReference1424
reactome:SmallMoleculeReference134,abstraction:ConsumptionControlledBy,reactome:ProteinReference3368
reactome:SmallMoleculeReference2809,abstraction:ConsumptionControlledBy,reactome:ProteinReference2805
reactome:SmallMoleculeReference342,abstraction:ConsumptionControlledBy,reactome:ProteinReference6361
reactome:SmallMoleculeReference466,abstraction:ConsumptionControlledBy,reactome:ProteinReference5786
reactome:SmallMoleculeReference342,abstraction:ConsumptionControlledBy,reactome:ProteinReference6457
reactome:SmallMoleculeReference121,abstraction:ConsumptionControlledBy,reactome:ProteinReference1825
reactome:SmallMoleculeReference43,abstraction:ConsumptionControlledBy,reactome:ProteinReference11538
reactome:SmallMoleculeReference509,abstraction:ConsumptionControlledBy,reactome:ProteinReference1156
reactome:SmallMoleculeReference487,abstraction:ConsumptionControlledBy,reactome:ProteinReference1036
reactome:SmallMoleculeReference45,abstraction:ConsumptionControlledBy,reactome:ProteinReference7756
reactome:SmallMoleculeReference1571,abstraction:ConsumptionControlledBy,reactome:ProteinReference2628
reactome:SmallMoleculeReference196,abstraction:ConsumptionControlledBy,reactome:ProteinReference310
reactome:SmallMoleculeReference391,abstraction:ConsumptionControlledBy,reactome:ProteinReference57
reactome:SmallMoleculeReference209,abstraction:ConsumptionControlledBy,reactome:ProteinReference885
reactome:SmallMoleculeReference138,abstraction:ConsumptionControlledBy,reactome:ProteinReference224
reactome:SmallMoleculeReference463,abstraction:ConsumptionControlledBy,reactome:ProteinReference998
reactome:SmallMoleculeReference120,abstraction:ConsumptionControlledBy,reactome:ProteinReference2367
reactome:SmallMoleculeReference302,abstraction:ConsumptionControlledBy,reactome:ProteinReference1839
reactome:SmallMoleculeReference467,abstraction:ConsumptionControlledBy,reactome:ProteinReference1022
reactome:SmallMoleculeReference686,abstraction:ConsumptionControlledBy,reactome:ProteinReference1275
reactome:SmallMoleculeReference120,abstraction:ConsumptionControlledBy,reactome:ProteinReference2361
reactome:SmallMoleculeReference96,abstraction:ConsumptionControlledBy,reactome:ProteinReference3937
reactome:SmallMoleculeReference646,abstraction:ConsumptionControlledBy,reactome:ProteinReference1259
reactome:SmallMoleculeReference46,abstraction:ConsumptionControlledBy,reactome:ProteinReference10899
reactome:SmallMoleculeReference211,abstraction:ConsumptionControlledBy,reactome:ProteinReference940
reactome:SmallMoleculeReference142,abstraction:ConsumptionControlledBy,reactome:ProteinReference1814
reactome:SmallMoleculeReference43,abstraction:ConsumptionControlledBy,reactome:ProteinReference11491
reactome:SmallMoleculeReference152,abstraction:ConsumptionControlledBy,reactome:ProteinReference2397
reactome:SmallMoleculeReference46,abstraction:ConsumptionControlledBy,reactome:ProteinReference108
reactome:SmallMoleculeReference574,abstraction:ConsumptionControlledBy,reactome:ProteinReference2736
reactome:SmallMoleculeReference96,abstraction:ConsumptionControlledBy,reactome:ProteinReference5288
reactome:SmallMoleculeReference1856,abstraction:ConsumptionControlledBy,reactome:ProteinReference4050
reactome:SmallMoleculeReference1845,abstraction:ConsumptionControlledBy,reactome:ProteinReference3969
reactome:SmallMoleculeReference2554,abstraction:ConsumptionControlledBy,reactome:ProteinReference8445
reactome:SmallMoleculeReference96,abstraction:ConsumptionControlledBy,reactome:ProteinReference10396
reactome:SmallMoleculeReference569,abstraction:ConsumptionControlledBy,reactome:ProteinReference2729
reactome:SmallMoleculeReference1103,abstraction:ConsumptionControlledBy,reactome:ProteinReference1223
reactome:SmallMoleculeReference43,abstraction:ConsumptionControlledBy,reactome:ProteinReference273
reactome:SmallMoleculeReference1297,abstraction:ConsumptionControlledBy,reactome:ProteinReference2211
reactome:SmallMoleculeReference145,abstraction:ConsumptionControlledBy,reactome:ProteinReference265
reactome:SmallMoleculeReference46,abstraction:ConsumptionControlledBy,reactome:ProteinReference10448
reactome:SmallMoleculeReference211,abstraction:ConsumptionControlledBy,reactome:ProteinReference946
reactome:SmallMoleculeReference1432,abstraction:ConsumptionControlledBy,reactome:ProteinReference2333
reactome:SmallMoleculeReference899,abstraction:ConsumptionControlledBy,reactome:ProteinReference1650
reactome:SmallMoleculeReference43,abstraction:ConsumptionControlledBy,reactome:ProteinReference11460
reactome:SmallMoleculeReference307,abstraction:ConsumptionControlledBy,reactome:ProteinReference1470
reactome:SmallMoleculeReference1302,abstraction:ConsumptionControlledBy,reactome:ProteinReference2215
reactome:SmallMoleculeReference230,abstraction:ConsumptionControlledBy,reactome:ProteinReference344
reactome:SmallMoleculeReference873,abstraction:ConsumptionControlledBy,reactome:ProteinReference1644
reactome:SmallMoleculeReference1585,abstraction:ConsumptionControlledBy,reactome:ProteinReference1255
reactome:SmallMoleculeReference951,abstraction:ConsumptionControlledBy,reactome:ProteinReference1065
reactome:SmallMoleculeReference68,abstraction:ConsumptionControlledBy,reactome:ProteinReference2713
reactome:SmallMoleculeReference96,abstraction:ConsumptionControlledBy,reactome:ProteinReference8500
reactome:SmallMoleculeReference1573,abstraction:ConsumptionControlledBy,reactome:ProteinReference2736
reactome:SmallMoleculeReference141,abstraction:ConsumptionControlledBy,reactome:ProteinReference252
reactome:SmallMoleculeReference45,abstraction:ConsumptionControlledBy,reactome:ProteinReference491
reactome:SmallMoleculeReference43,abstraction:ConsumptionControlledBy,reactome:ProteinReference454
reactome:SmallMoleculeReference574,abstraction:ConsumptionControlledBy,reactome:ProteinReference2172
reactome:SmallMoleculeReference232,abstraction:ConsumptionControlledBy,reactome:ProteinReference3147
reactome:SmallMoleculeReference813,abstraction:ConsumptionControlledBy,reactome:ProteinReference1492
reactome:SmallMoleculeReference625,abstraction:ConsumptionControlledBy,reactome:ProteinReference1242
reactome:SmallMoleculeReference203,abstraction:ConsumptionControlledBy,reactome:ProteinReference9016
reactome:SmallMoleculeReference203,abstraction:ConsumptionControlledBy,reactome:ProteinReference9026
reactome:SmallMoleculeReference1841,abstraction:ConsumptionControlledBy,reactome:ProteinReference3961
reactome:SmallMoleculeReference174,abstraction:ConsumptionControlledBy,reactome:ProteinReference803
reactome:SmallMoleculeReference159,abstraction:ConsumptionControlledBy,reactome:ProteinReference270
reactome:SmallMoleculeReference1369,abstraction:ConsumptionControlledBy,reactome:ProteinReference2306
reactome:SmallMoleculeReference710,abstraction:ConsumptionControlledBy,reactome:ProteinReference1875
reactome:SmallMoleculeReference45,abstraction:ConsumptionControlledBy,reactome:ProteinReference11507
reactome:SmallMoleculeReference260,abstraction:ConsumptionControlledBy,reactome:ProteinReference477
reactome:SmallMoleculeReference1482,abstraction:ConsumptionControlledBy,reactome:ProteinReference871
reactome:SmallMoleculeReference206,abstraction:ConsumptionControlledBy,reactome:ProteinReference319
reactome:SmallMoleculeReference142,abstraction:ConsumptionControlledBy,reactome:ProteinReference104
reactome:SmallMoleculeReference100,abstraction:ConsumptionControlledBy,reactome:ProteinReference26
reactome:SmallMoleculeReference42,abstraction:ConsumptionControlledBy,reactome:ProteinReference6649
reactome:SmallMoleculeReference1562,abstraction:ConsumptionControlledBy,reactome:ProteinReference2627
reactome:SmallMoleculeReference8,abstraction:ConsumptionControlledBy,reactome:ProteinReference1380
reactome:SmallMoleculeReference1216,abstraction:ConsumptionControlledBy,reactome:ProteinReference2107
reactome:SmallMoleculeReference1212,abstraction:ConsumptionControlledBy,reactome:ProteinReference2092
reactome:SmallMoleculeReference203,abstraction:ConsumptionControlledBy,reactome:ProteinReference9019
reactome:SmallMoleculeReference75,abstraction:ConsumptionControlledBy,reactome:ProteinReference173
reactome:SmallMoleculeReference154,abstraction:ConsumptionControlledBy,reactome:ProteinReference2330
reactome:SmallMoleculeReference46,abstraction:ConsumptionControlledBy,reactome:ProteinReference10444
reactome:SmallMoleculeReference1636,abstraction:ConsumptionControlledBy,reactome:ProteinReference2661
reactome:SmallMoleculeReference96,abstraction:ConsumptionControlledBy,reactome:ProteinReference10577
reactome:SmallMoleculeReference694,abstraction:ConsumptionControlledBy,reactome:ProteinReference1276
reactome:SmallMoleculeReference120,abstraction:ConsumptionControlledBy,reactome:ProteinReference10806
reactome:SmallMoleculeReference45,abstraction:ConsumptionControlledBy,reactome:ProteinReference1694
reactome:SmallMoleculeReference466,abstraction:ConsumptionControlledBy,reactome:ProteinReference8956
reactome:SmallMoleculeReference483,abstraction:ConsumptionControlledBy,reactome:ProteinReference1035
reactome:SmallMoleculeReference814,abstraction:ConsumptionControlledBy,reactome:ProteinReference1545
reactome:SmallMoleculeReference216,abstraction:ConsumptionControlledBy,reactome:ProteinReference721
reactome:SmallMoleculeReference1585,abstraction:ConsumptionControlledBy,reactome:ProteinReference2678
reactome:SmallMoleculeReference225,abstraction:ConsumptionControlledBy,reactome:ProteinReference329
reactome:SmallMoleculeReference1559,abstraction:ConsumptionControlledBy,reactome:ProteinReference2680
reactome:SmallMoleculeReference1305,abstraction:ConsumptionControlledBy,reactome:ProteinReference2412
reactome:SmallMoleculeReference812,abstraction:ConsumptionControlledBy,reactome:ProteinReference1489
reactome:SmallMoleculeReference598,abstraction:ConsumptionControlledBy,reactome:ProteinReference1231
reactome:SmallMoleculeReference1874,abstraction:ConsumptionControlledBy,reactome:ProteinReference4081
reactome:SmallMoleculeReference54,abstraction:ConsumptionControlledBy,reactome:ProteinReference132
reactome:SmallMoleculeReference662,abstraction:ConsumptionControlledBy,reactome:ProteinReference1138
reactome:SmallMoleculeReference810,abstraction:ConsumptionControlledBy,reactome:ProteinReference1498
reactome:SmallMoleculeReference1208,abstraction:ConsumptionControlledBy,reactome:ProteinReference2164
reactome:SmallMoleculeReference159,abstraction:ConsumptionControlledBy,reactome:ProteinReference274
reactome:SmallMoleculeReference228,abstraction:ConsumptionControlledBy,reactome:ProteinReference347
reactome:SmallMoleculeReference597,abstraction:ConsumptionControlledBy,reactome:ProteinReference1226
reactome:SmallMoleculeReference916,abstraction:ConsumptionControlledBy,reactome:ProteinReference1675
reactome:SmallMoleculeReference443,abstraction:ConsumptionControlledBy,reactome:ProteinReference984
reactome:SmallMoleculeReference436,abstraction:ConsumptionControlledBy,reactome:ProteinReference979
reactome:SmallMoleculeReference1207,abstraction:ConsumptionControlledBy,reactome:ProteinReference2085
reactome:SmallMoleculeReference469,abstraction:ConsumptionControlledBy,reactome:ProteinReference1028
reactome:SmallMoleculeReference2601,abstraction:ConsumptionControlledBy,reactome:ProteinReference2791
reactome:SmallMoleculeReference96,abstraction:ConsumptionControlledBy,reactome:ProteinReference3183
reactome:SmallMoleculeReference424,abstraction:ConsumptionControlledBy,reactome:ProteinReference865
reactome:SmallMoleculeReference399,abstraction:ConsumptionControlledBy,reactome:ProteinReference8404
reactome:SmallMoleculeReference46,abstraction:ConsumptionControlledBy,reactome:ProteinReference4231
reactome:SmallMoleculeReference159,abstraction:ConsumptionControlledBy,reactome:ProteinReference2034
reactome:SmallMoleculeReference222,abstraction:ConsumptionControlledBy,reactome:ProteinReference327
reactome:SmallMoleculeReference938,abstraction:ConsumptionControlledBy,reactome:ProteinReference1674
reactome:SmallMoleculeReference1530,abstraction:ConsumptionControlledBy,reactome:ProteinReference2595
reactome:SmallMoleculeReference72,abstraction:ConsumptionControlledBy,reactome:ProteinReference2576
reactome:SmallMoleculeReference135,abstraction:ConsumptionControlledBy,reactome:ProteinReference2620
reactome:SmallMoleculeReference466,abstraction:ConsumptionControlledBy,reactome:ProteinReference6869
reactome:SmallMoleculeReference309,abstraction:ConsumptionControlledBy,reactome:ProteinReference1378
reactome:SmallMoleculeReference466,abstraction:ConsumptionControlledBy,reactome:ProteinReference6812
reactome:SmallMoleculeReference219,abstraction:ConsumptionControlledBy,reactome:ProteinReference327
reactome:SmallMoleculeReference1527,abstraction:ConsumptionControlledBy,reactome:ProteinReference2593
reactome:SmallMoleculeReference790,abstraction:ConsumptionControlledBy,reactome:ProteinReference1448
reactome:SmallMoleculeReference120,abstraction:ConsumptionControlledBy,reactome:ProteinReference3958
reactome:SmallMoleculeReference132,abstraction:ConsumptionControlledBy,reactome:ProteinReference215
reactome:SmallMoleculeReference203,abstraction:ConsumptionControlledBy,reactome:ProteinReference4566
reactome:SmallMoleculeReference1214,abstraction:ConsumptionControlledBy,reactome:ProteinReference2092
reactome:SmallMoleculeReference1751,abstraction:ConsumptionControlledBy,reactome:ProteinReference3289
reactome:SmallMoleculeReference203,abstraction:ConsumptionControlledBy,reactome:ProteinReference4515
reactome:SmallMoleculeReference1349,abstraction:ConsumptionControlledBy,reactome:ProteinReference2283
reactome:SmallMoleculeReference1227,abstraction:ConsumptionControlledBy,reactome:ProteinReference2253
reactome:SmallMoleculeReference120,abstraction:ConsumptionControlledBy,reactome:ProteinReference3394
reactome:SmallMoleculeReference96,abstraction:ConsumptionControlledBy,reactome:ProteinReference1065
reactome:SmallMoleculeReference431,abstraction:ConsumptionControlledBy,reactome:ProteinReference865
reactome:SmallMoleculeReference1027,abstraction:ConsumptionControlledBy,reactome:ProteinReference1223
reactome:SmallMoleculeReference1011,abstraction:ConsumptionControlledBy,reactome:ProteinReference1748
reactome:SmallMoleculeReference302,abstraction:ConsumptionControlledBy,reactome:ProteinReference1331
reactome:SmallMoleculeReference201,abstraction:ConsumptionControlledBy,reactome:ProteinReference2125
reactome:SmallMoleculeReference1571,abstraction:ConsumptionControlledBy,reactome:ProteinReference2624
reactome:SmallMoleculeReference746,abstraction:ConsumptionControlledBy,reactome:ProteinReference1338
reactome:SmallMoleculeReference466,abstraction:ConsumptionControlledBy,reactome:ProteinReference5845
reactome:SmallMoleculeReference466,abstraction:ConsumptionControlledBy,reactome:ProteinReference6033
reactome:SmallMoleculeReference342,abstraction:ConsumptionControlledBy,reactome:ProteinReference1479
reactome:SmallMoleculeReference81,abstraction:ConsumptionControlledBy,reactome:ProteinReference2642
reactome:SmallMoleculeReference1152,abstraction:ConsumptionControlledBy,reactome:ProteinReference2246
reactome:SmallMoleculeReference96,abstraction:ConsumptionControlledBy,reactome:ProteinReference9053
reactome:SmallMoleculeReference87,abstraction:ConsumptionControlledBy,reactome:ProteinReference173
reactome:SmallMoleculeReference466,abstraction:ConsumptionControlledBy,reactome:ProteinReference1016
reactome:SmallMoleculeReference152,abstraction:ConsumptionControlledBy,reactome:ProteinReference2395
reactome:SmallMoleculeReference96,abstraction:ConsumptionControlledBy,reactome:ProteinReference10397
reactome:SmallMoleculeReference466,abstraction:ConsumptionControlledBy,reactome:ProteinReference1008
reactome:SmallMoleculeReference96,abstraction:ConsumptionControlledBy,reactome:ProteinReference2776
reactome:SmallMoleculeReference566,abstraction:ConsumptionControlledBy,reactome:ProteinReference1211
reactome:SmallMoleculeReference647,abstraction:ConsumptionControlledBy,reactome:ProteinReference1182
reactome:SmallMoleculeReference466,abstraction:ConsumptionControlledBy,reactome:ProteinReference5866
reactome:SmallMoleculeReference46,abstraction:ConsumptionControlledBy,reactome:ProteinReference11447
reactome:SmallMoleculeReference466,abstraction:ConsumptionControlledBy,reactome:ProteinReference6703
reactome:SmallMoleculeReference45,abstraction:ConsumptionControlledBy,reactome:ProteinReference166
reactome:SmallMoleculeReference120,abstraction:ConsumptionControlledBy,reactome:ProteinReference6030
reactome:SmallMoleculeReference1879,abstraction:ConsumptionControlledBy,reactome:ProteinReference4085
reactome:SmallMoleculeReference260,abstraction:ConsumptionControlledBy,reactome:ProteinReference1418
reactome:SmallMoleculeReference2601,abstraction:ConsumptionControlledBy,reactome:ProteinReference8317
reactome:SmallMoleculeReference677,abstraction:ConsumptionControlledBy,reactome:ProteinReference1275
reactome:SmallMoleculeReference622,abstraction:ConsumptionControlledBy,reactome:ProteinReference1243
reactome:SmallMoleculeReference574,abstraction:ConsumptionControlledBy,reactome:ProteinReference2737
reactome:SmallMoleculeReference96,abstraction:ConsumptionControlledBy,reactome:ProteinReference2787
reactome:SmallMoleculeReference117,abstraction:ConsumptionControlledBy,reactome:ProteinReference204
reactome:SmallMoleculeReference152,abstraction:ConsumptionControlledBy,reactome:ProteinReference2601
reactome:SmallMoleculeReference1412,abstraction:ConsumptionControlledBy,reactome:ProteinReference2365
reactome:SmallMoleculeReference85,abstraction:ConsumptionControlledBy,reactome:ProteinReference170
reactome:SmallMoleculeReference1373,abstraction:ConsumptionControlledBy,reactome:ProteinReference2304
reactome:SmallMoleculeReference392,abstraction:ConsumptionControlledBy,reactome:ProteinReference2086
reactome:SmallMoleculeReference215,abstraction:ConsumptionControlledBy,reactome:ProteinReference2619
reactome:SmallMoleculeReference1559,abstraction:ConsumptionControlledBy,reactome:ProteinReference2685
reactome:SmallMoleculeReference1764,abstraction:ConsumptionControlledBy,reactome:ProteinReference2076
reactome:SmallMoleculeReference1587,abstraction:ConsumptionControlledBy,reactome:ProteinReference2626
reactome:SmallMoleculeReference1567,abstraction:ConsumptionControlledBy,reactome:ProteinReference2630
reactome:SmallMoleculeReference45,abstraction:ConsumptionControlledBy,reactome:ProteinReference172
reactome:SmallMoleculeReference1697,abstraction:ConsumptionControlledBy,reactome:ProteinReference2712
reactome:SmallMoleculeReference1717,abstraction:ConsumptionControlledBy,reactome:ProteinReference2738
reactome:SmallMoleculeReference399,abstraction:ConsumptionControlledBy,reactome:ProteinReference8402
reactome:SmallMoleculeReference1161,abstraction:ConsumptionControlledBy,reactome:ProteinReference1973
reactome:SmallMoleculeReference466,abstraction:ConsumptionControlledBy,reactome:ProteinReference6735
reactome:SmallMoleculeReference743,abstraction:ConsumptionControlledBy,reactome:ProteinReference2602
reactome:SmallMoleculeReference1471,abstraction:ConsumptionControlledBy,reactome:ProteinReference2414
reactome:SmallMoleculeReference96,abstraction:ConsumptionControlledBy,reactome:ProteinReference4382
reactome:SmallMoleculeReference1573,abstraction:ConsumptionControlledBy,reactome:ProteinReference2737
reactome:SmallMoleculeReference2562,abstraction:ConsumptionControlledBy,reactome:ProteinReference8448
reactome:SmallMoleculeReference496,abstraction:ConsumptionControlledBy,reactome:ProteinReference1209
reactome:SmallMoleculeReference466,abstraction:ConsumptionControlledBy,reactome:ProteinReference1505
reactome:SmallMoleculeReference1160,abstraction:ConsumptionControlledBy,reactome:ProteinReference1878
reactome:SmallMoleculeReference16,abstraction:ConsumptionControlledBy,reactome:ProteinReference522
reactome:SmallMoleculeReference120,abstraction:ConsumptionControlledBy,reactome:ProteinReference5293
reactome:SmallMoleculeReference46,abstraction:ConsumptionControlledBy,reactome:ProteinReference11478
reactome:SmallMoleculeReference96,abstraction:ConsumptionControlledBy,reactome:ProteinReference10284
reactome:SmallMoleculeReference1986,abstraction:ConsumptionControlledBy,reactome:ProteinReference5185
reactome:SmallMoleculeReference876,abstraction:ConsumptionControlledBy,reactome:ProteinReference4047
reactome:SmallMoleculeReference302,abstraction:ConsumptionControlledBy,reactome:ProteinReference1834
reactome:SmallMoleculeReference2601,abstraction:ConsumptionControlledBy,reactome:ProteinReference2804
reactome:SmallMoleculeReference1572,abstraction:ConsumptionControlledBy,reactome:ProteinReference2629
reactome:SmallMoleculeReference43,abstraction:ConsumptionControlledBy,reactome:ProteinReference11513
reactome:SmallMoleculeReference120,abstraction:ConsumptionControlledBy,reactome:ProteinReference3408
reactome:SmallMoleculeReference96,abstraction:ConsumptionControlledBy,reactome:ProteinReference9093
reactome:SmallMoleculeReference153,abstraction:ConsumptionControlledBy,reactome:ProteinReference253
reactome:SmallMoleculeReference466,abstraction:ConsumptionControlledBy,reactome:ProteinReference6866
reactome:SmallMoleculeReference2101,abstraction:ConsumptionControlledBy,reactome:ProteinReference79
reactome:SmallMoleculeReference139,abstraction:ConsumptionControlledBy,reactome:ProteinReference231
reactome:SmallMoleculeReference457,abstraction:ConsumptionControlledBy,reactome:ProteinReference988
reactome:SmallMoleculeReference74,abstraction:ConsumptionControlledBy,reactome:ProteinReference172
reactome:SmallMoleculeReference232,abstraction:ConsumptionControlledBy,reactome:ProteinReference5730
reactome:SmallMoleculeReference1372,abstraction:ConsumptionControlledBy,reactome:ProteinReference2303
reactome:SmallMoleculeReference349,abstraction:ConsumptionControlledBy,reactome:ProteinReference2088
reactome:SmallMoleculeReference96,abstraction:ConsumptionControlledBy,reactome:ProteinReference2448
reactome:SmallMoleculeReference1490,abstraction:ConsumptionControlledBy,reactome:ProteinReference2532
reactome:SmallMoleculeReference342,abstraction:ConsumptionControlledBy,reactome:ProteinReference1022
reactome:SmallMoleculeReference768,abstraction:ConsumptionControlledBy,reactome:ProteinReference1422
reactome:SmallMoleculeReference767,abstraction:ConsumptionControlledBy,reactome:ProteinReference1470
reactome:SmallMoleculeReference537,abstraction:ConsumptionControlledBy,reactome:ProteinReference1406
reactome:SmallMoleculeReference874,abstraction:ConsumptionControlledBy,reactome:ProteinReference1645
reactome:SmallMoleculeReference219,abstraction:ConsumptionControlledBy,reactome:ProteinReference1229
reactome:SmallMoleculeReference154,abstraction:ConsumptionControlledBy,reactome:ProteinReference2434
reactome:SmallMoleculeReference1892,abstraction:ConsumptionControlledBy,reactome:ProteinReference4100
reactome:SmallMoleculeReference309,abstraction:ConsumptionControlledBy,reactome:ProteinReference1554
reactome:SmallMoleculeReference200,abstraction:ConsumptionControlledBy,reactome:ProteinReference309
reactome:SmallMoleculeReference1865,abstraction:ConsumptionControlledBy,reactome:ProteinReference4099
reactome:SmallMoleculeReference516,abstraction:ConsumptionControlledBy,reactome:ProteinReference1186
reactome:SmallMoleculeReference1367,abstraction:ConsumptionControlledBy,reactome:ProteinReference2308
reactome:SmallMoleculeReference190,abstraction:ConsumptionControlledBy,reactome:ProteinReference2120
reactome:SmallMoleculeReference1457,abstraction:ConsumptionControlledBy,reactome:ProteinReference2421
reactome:SmallMoleculeReference342,abstraction:ConsumptionControlledBy,reactome:ProteinReference4578
reactome:SmallMoleculeReference195,abstraction:ConsumptionControlledBy,reactome:ProteinReference310
reactome:SmallMoleculeReference174,abstraction:ConsumptionControlledBy,reactome:ProteinReference282
reactome:SmallMoleculeReference261,abstraction:ConsumptionControlledBy,reactome:ProteinReference1394
reactome:SmallMoleculeReference49,abstraction:ConsumptionControlledBy,reactome:ProteinReference8472
reactome:SmallMoleculeReference1248,abstraction:ConsumptionControlledBy,reactome:ProteinReference2142
reactome:SmallMoleculeReference2101,abstraction:ConsumptionControlledBy,reactome:ProteinReference81
reactome:SmallMoleculeReference96,abstraction:ConsumptionControlledBy,reactome:ProteinReference3172
reactome:SmallMoleculeReference43,abstraction:ConsumptionControlledBy,reactome:ProteinReference12081
reactome:SmallMoleculeReference1354,abstraction:ConsumptionControlledBy,reactome:ProteinReference2286
reactome:SmallMoleculeReference7,abstraction:ConsumptionControlledBy,reactome:ProteinReference5570
reactome:SmallMoleculeReference468,abstraction:ConsumptionControlledBy,reactome:ProteinReference1347
reactome:SmallMoleculeReference203,abstraction:ConsumptionControlledBy,reactome:ProteinReference4504
reactome:SmallMoleculeReference1735,abstraction:ConsumptionControlledBy,reactome:ProteinReference2722
reactome:SmallMoleculeReference45,abstraction:ConsumptionControlledBy,reactome:ProteinReference143
reactome:SmallMoleculeReference148,abstraction:ConsumptionControlledBy,reactome:ProteinReference248
reactome:SmallMoleculeReference466,abstraction:ConsumptionControlledBy,reactome:ProteinReference7840
reactome:SmallMoleculeReference1183,abstraction:ConsumptionControlledBy,reactome:ProteinReference2069
reactome:SmallMoleculeReference653,abstraction:ConsumptionControlledBy,reactome:ProteinReference1419
reactome:SmallMoleculeReference96,abstraction:ConsumptionControlledBy,reactome:ProteinReference3303
reactome:SmallMoleculeReference302,abstraction:ConsumptionControlledBy,reactome:ProteinReference1744
reactome:SmallMoleculeReference1235,abstraction:ConsumptionControlledBy,reactome:ProteinReference2124
reactome:SmallMoleculeReference490,abstraction:ConsumptionControlledBy,reactome:ProteinReference1044
reactome:SmallMoleculeReference1820,abstraction:ConsumptionControlledBy,reactome:ProteinReference2681
reactome:SmallMoleculeReference96,abstraction:ConsumptionControlledBy,reactome:ProteinReference2918
reactome:SmallMoleculeReference1930,abstraction:ConsumptionControlledBy,reactome:ProteinReference4834
reactome:SmallMoleculeReference43,abstraction:ConsumptionControlledBy,reactome:ProteinReference1786
reactome:SmallMoleculeReference147,abstraction:ConsumptionControlledBy,reactome:ProteinReference248
reactome:SmallMoleculeReference214,abstraction:ConsumptionControlledBy,reactome:ProteinReference2123
reactome:SmallMoleculeReference309,abstraction:ConsumptionControlledBy,reactome:ProteinReference1343
reactome:SmallMoleculeReference1160,abstraction:ConsumptionControlledBy,reactome:ProteinReference1897
reactome:SmallMoleculeReference1207,abstraction:ConsumptionControlledBy,reactome:ProteinReference2083
reactome:SmallMoleculeReference96,abstraction:ConsumptionControlledBy,reactome:ProteinReference3309
reactome:SmallMoleculeReference96,abstraction:ConsumptionControlledBy,reactome:ProteinReference9055
reactome:SmallMoleculeReference46,abstraction:ConsumptionControlledBy,reactome:ProteinReference7758
reactome:SmallMoleculeReference1923,abstraction:ConsumptionControlledBy,reactome:ProteinReference4325
reactome:SmallMoleculeReference1505,abstraction:ConsumptionControlledBy,reactome:ProteinReference2366
reactome:SmallMoleculeReference1785,abstraction:ConsumptionControlledBy,reactome:ProteinReference24
reactome:SmallMoleculeReference124,abstraction:ConsumptionControlledBy,reactome:ProteinReference169
reactome:SmallMoleculeReference1765,abstraction:ConsumptionControlledBy,reactome:ProteinReference28
reactome:SmallMoleculeReference120,abstraction:ConsumptionControlledBy,reactome:ProteinReference6027
reactome:SmallMoleculeReference1738,abstraction:ConsumptionControlledBy,reactome:ProteinReference1238
reactome:SmallMoleculeReference399,abstraction:ConsumptionControlledBy,reactome:ProteinReference1864
reactome:SmallMoleculeReference811,abstraction:ConsumptionControlledBy,reactome:ProteinReference1525
reactome:SmallMoleculeReference1571,abstraction:ConsumptionControlledBy,reactome:ProteinReference2619
reactome:SmallMoleculeReference1160,abstraction:ConsumptionControlledBy,reactome:ProteinReference1929
reactome:SmallMoleculeReference120,abstraction:ConsumptionControlledBy,reactome:ProteinReference9040
reactome:SmallMoleculeReference352,abstraction:ConsumptionControlledBy,reactome:ProteinReference2037
reactome:SmallMoleculeReference96,abstraction:ConsumptionControlledBy,reactome:ProteinReference1088
reactome:SmallMoleculeReference1216,abstraction:ConsumptionControlledBy,reactome:ProteinReference2097
reactome:SmallMoleculeReference2809,abstraction:ConsumptionControlledBy,reactome:ProteinReference2776
reactome:SmallMoleculeReference43,abstraction:ConsumptionControlledBy,reactome:ProteinReference8275
reactome:SmallMoleculeReference2442,abstraction:ConsumptionControlledBy,reactome:ProteinReference7741
reactome:SmallMoleculeReference1248,abstraction:ConsumptionControlledBy,reactome:ProteinReference2145
reactome:SmallMoleculeReference155,abstraction:ConsumptionControlledBy,reactome:ProteinReference2392
reactome:SmallMoleculeReference342,abstraction:ConsumptionControlledBy,reactome:ProteinReference6431
reactome:SmallMoleculeReference496,abstraction:ConsumptionControlledBy,reactome:ProteinReference327
reactome:SmallMoleculeReference480,abstraction:ConsumptionControlledBy,reactome:ProteinReference1036
reactome:SmallMoleculeReference1469,abstraction:ConsumptionControlledBy,reactome:ProteinReference2427
reactome:SmallMoleculeReference141,abstraction:ConsumptionControlledBy,reactome:ProteinReference232
reactome:SmallMoleculeReference45,abstraction:ConsumptionControlledBy,reactome:ProteinReference492
reactome:SmallMoleculeReference714,abstraction:ConsumptionControlledBy,reactome:ProteinReference1302
reactome:SmallMoleculeReference470,abstraction:ConsumptionControlledBy,reactome:ProteinReference1027
reactome:SmallMoleculeReference96,abstraction:ConsumptionControlledBy,reactome:ProteinReference2712
reactome:SmallMoleculeReference96,abstraction:ConsumptionControlledBy,reactome:ProteinReference2800
reactome:SmallMoleculeReference203,abstraction:ConsumptionControlledBy,reactome:ProteinReference9001
reactome:SmallMoleculeReference199,abstraction:ConsumptionControlledBy,reactome:ProteinReference2116
reactome:SmallMoleculeReference141,abstraction:ConsumptionControlledBy,reactome:ProteinReference263
reactome:SmallMoleculeReference405,abstraction:ConsumptionControlledBy,reactome:ProteinReference872
reactome:SmallMoleculeReference158,abstraction:ConsumptionControlledBy,reactome:ProteinReference3663
reactome:SmallMoleculeReference126,abstraction:ConsumptionControlledBy,reactome:ProteinReference169
reactome:SmallMoleculeReference45,abstraction:ConsumptionControlledBy,reactome:ProteinReference463
reactome:SmallMoleculeReference260,abstraction:ConsumptionControlledBy,reactome:ProteinReference1394
reactome:SmallMoleculeReference209,abstraction:ConsumptionControlledBy,reactome:ProteinReference4355
reactome:SmallMoleculeReference166,abstraction:ConsumptionControlledBy,reactome:ProteinReference252
reactome:SmallMoleculeReference857,abstraction:ConsumptionControlledBy,reactome:ProteinReference1637
reactome:SmallMoleculeReference96,abstraction:ConsumptionControlledBy,reactome:ProteinReference10586
reactome:SmallMoleculeReference120,abstraction:ConsumptionControlledBy,reactome:ProteinReference3417
reactome:SmallMoleculeReference466,abstraction:ConsumptionControlledBy,reactome:ProteinReference4473
reactome:SmallMoleculeReference301,abstraction:ConsumptionControlledBy,reactome:ProteinReference1405
reactome:SmallMoleculeReference1250,abstraction:ConsumptionControlledBy,reactome:ProteinReference2143
reactome:SmallMoleculeReference1577,abstraction:ConsumptionControlledBy,reactome:ProteinReference2627
reactome:SmallMoleculeReference466,abstraction:ConsumptionControlledBy,reactome:ProteinReference5832
reactome:SmallMoleculeReference96,abstraction:ConsumptionControlledBy,reactome:ProteinReference4551
reactome:SmallMoleculeReference96,abstraction:ConsumptionControlledBy,reactome:ProteinReference3243
reactome:SmallMoleculeReference1547,abstraction:ConsumptionControlledBy,reactome:ProteinReference2621
reactome:SmallMoleculeReference215,abstraction:ConsumptionControlledBy,reactome:ProteinReference937
reactome:SmallMoleculeReference336,abstraction:ConsumptionControlledBy,reactome:ProteinReference1620
reactome:SmallMoleculeReference141,abstraction:ConsumptionControlledBy,reactome:ProteinReference244
reactome:SmallMoleculeReference468,abstraction:ConsumptionControlledBy,reactome:ProteinReference1345
reactome:SmallMoleculeReference955,abstraction:ConsumptionControlledBy,reactome:ProteinReference1677
reactome:SmallMoleculeReference1862,abstraction:ConsumptionControlledBy,reactome:ProteinReference4058
reactome:SmallMoleculeReference43,abstraction:ConsumptionControlledBy,reactome:ProteinReference365
reactome:SmallMoleculeReference203,abstraction:ConsumptionControlledBy,reactome:ProteinReference9012
reactome:SmallMoleculeReference120,abstraction:ConsumptionControlledBy,reactome:ProteinReference203
reactome:SmallMoleculeReference1546,abstraction:ConsumptionControlledBy,reactome:ProteinReference25
reactome:SmallMoleculeReference96,abstraction:ConsumptionControlledBy,reactome:ProteinReference8984
reactome:SmallMoleculeReference2601,abstraction:ConsumptionControlledBy,reactome:ProteinReference9760
reactome:SmallMoleculeReference1821,abstraction:ConsumptionControlledBy,reactome:ProteinReference2681
reactome:SmallMoleculeReference153,abstraction:ConsumptionControlledBy,reactome:ProteinReference3667
reactome:SmallMoleculeReference154,abstraction:ConsumptionControlledBy,reactome:ProteinReference2433
reactome:SmallMoleculeReference993,abstraction:ConsumptionControlledBy,reactome:ProteinReference1609
reactome:SmallMoleculeReference1377,abstraction:ConsumptionControlledBy,reactome:ProteinReference2334
reactome:SmallMoleculeReference203,abstraction:ConsumptionControlledBy,reactome:ProteinReference4056
reactome:SmallMoleculeReference99,abstraction:ConsumptionControlledBy,reactome:ProteinReference185
reactome:SmallMoleculeReference1226,abstraction:ConsumptionControlledBy,reactome:ProteinReference2809
reactome:SmallMoleculeReference1462,abstraction:ConsumptionControlledBy,reactome:ProteinReference2434
reactome:SmallMoleculeReference140,abstraction:ConsumptionControlledBy,reactome:ProteinReference2435
reactome:SmallMoleculeReference985,abstraction:ConsumptionControlledBy,reactome:ProteinReference1132
reactome:SmallMoleculeReference342,abstraction:ConsumptionControlledBy,reactome:ProteinReference4149
reactome:SmallMoleculeReference49,abstraction:ConsumptionControlledBy,reactome:ProteinReference128
reactome:SmallMoleculeReference261,abstraction:ConsumptionControlledBy,reactome:ProteinReference1397
reactome:SmallMoleculeReference150,abstraction:ConsumptionControlledBy,reactome:ProteinReference1453
reactome:SmallMoleculeReference142,abstraction:ConsumptionControlledBy,reactome:ProteinReference2438
reactome:SmallMoleculeReference96,abstraction:ConsumptionControlledBy,reactome:ProteinReference10103
reactome:SmallMoleculeReference754,abstraction:ConsumptionControlledBy,reactome:ProteinReference1385
reactome:SmallMoleculeReference232,abstraction:ConsumptionControlledBy,reactome:ProteinReference7414
reactome:SmallMoleculeReference46,abstraction:ConsumptionControlledBy,reactome:ProteinReference562
reactome:SmallMoleculeReference345,abstraction:ConsumptionControlledBy,reactome:ProteinReference762
reactome:SmallMoleculeReference194,abstraction:ConsumptionControlledBy,reactome:ProteinReference307
reactome:SmallMoleculeReference1614,abstraction:ConsumptionControlledBy,reactome:ProteinReference2641
reactome:SmallMoleculeReference165,abstraction:ConsumptionControlledBy,reactome:ProteinReference2393
reactome:SmallMoleculeReference96,abstraction:ConsumptionControlledBy,reactome:ProteinReference9080
reactome:SmallMoleculeReference207,abstraction:ConsumptionControlledBy,reactome:ProteinReference4341
reactome:SmallMoleculeReference690,abstraction:ConsumptionControlledBy,reactome:ProteinReference1276
reactome:SmallMoleculeReference148,abstraction:ConsumptionControlledBy,reactome:ProteinReference2339
reactome:SmallMoleculeReference91,abstraction:ConsumptionControlledBy,reactome:ProteinReference1323
reactome:SmallMoleculeReference43,abstraction:ConsumptionControlledBy,reactome:ProteinReference108
reactome:SmallMoleculeReference207,abstraction:ConsumptionControlledBy,reactome:ProteinReference995
reactome:SmallMoleculeReference13,abstraction:ConsumptionControlledBy,reactome:ProteinReference390
reactome:SmallMoleculeReference496,abstraction:ConsumptionControlledBy,reactome:ProteinReference1229
reactome:SmallMoleculeReference1160,abstraction:ConsumptionControlledBy,reactome:ProteinReference1902
reactome:SmallMoleculeReference1373,abstraction:ConsumptionControlledBy,reactome:ProteinReference2305
reactome:SmallMoleculeReference764,abstraction:ConsumptionControlledBy,reactome:ProteinReference10683
reactome:SmallMoleculeReference45,abstraction:ConsumptionControlledBy,reactome:ProteinReference107
reactome:SmallMoleculeReference935,abstraction:ConsumptionControlledBy,reactome:ProteinReference1680
reactome:SmallMoleculeReference309,abstraction:ConsumptionControlledBy,reactome:ProteinReference1376
reactome:SmallMoleculeReference1160,abstraction:ConsumptionControlledBy,reactome:ProteinReference1939
reactome:SmallMoleculeReference347,abstraction:ConsumptionControlledBy,reactome:ProteinReference10683
reactome:SmallMoleculeReference105,abstraction:ConsumptionControlledBy,reactome:ProteinReference187
reactome:SmallMoleculeReference46,abstraction:ConsumptionControlledBy,reactome:ProteinReference12072
reactome:SmallMoleculeReference2687,abstraction:ConsumptionControlledBy,reactome:ProteinReference8835
reactome:SmallMoleculeReference597,abstraction:ConsumptionControlledBy,reactome:ProteinReference1227
reactome:SmallMoleculeReference46,abstraction:ConsumptionControlledBy,reactome:ProteinReference9608
reactome:SmallMoleculeReference45,abstraction:ConsumptionControlledBy,reactome:ProteinReference229
reactome:SmallMoleculeReference46,abstraction:ConsumptionControlledBy,reactome:ProteinReference6535
reactome:SmallMoleculeReference647,abstraction:ConsumptionControlledBy,reactome:ProteinReference1185
reactome:SmallMoleculeReference903,abstraction:ConsumptionControlledBy,reactome:ProteinReference1654
reactome:SmallMoleculeReference466,abstraction:ConsumptionControlledBy,reactome:ProteinReference47
reactome:SmallMoleculeReference1678,abstraction:ConsumptionControlledBy,reactome:ProteinReference2700
reactome:SmallMoleculeReference159,abstraction:ConsumptionControlledBy,reactome:ProteinReference2431
reactome:SmallMoleculeReference43,abstraction:ConsumptionControlledBy,reactome:ProteinReference10934
reactome:SmallMoleculeReference1098,abstraction:ConsumptionControlledBy,reactome:ProteinReference1223
reactome:SmallMoleculeReference697,abstraction:ConsumptionControlledBy,reactome:ProteinReference1279
reactome:SmallMoleculeReference298,abstraction:ConsumptionControlledBy,reactome:ProteinReference11162
reactome:SmallMoleculeReference1585,abstraction:ConsumptionControlledBy,reactome:ProteinReference1161
reactome:SmallMoleculeReference466,abstraction:ConsumptionControlledBy,reactome:ProteinReference7461
reactome:SmallMoleculeReference381,abstraction:ConsumptionControlledBy,reactome:ProteinReference842
reactome:SmallMoleculeReference45,abstraction:ConsumptionControlledBy,reactome:ProteinReference456
reactome:SmallMoleculeReference358,abstraction:ConsumptionControlledBy,reactome:ProteinReference758
reactome:SmallMoleculeReference203,abstraction:ConsumptionControlledBy,reactome:ProteinReference5288
reactome:SmallMoleculeReference716,abstraction:ConsumptionControlledBy,reactome:ProteinReference1311
reactome:SmallMoleculeReference466,abstraction:ConsumptionControlledBy,reactome:ProteinReference8274
reactome:SmallMoleculeReference512,abstraction:ConsumptionControlledBy,reactome:ProteinReference1175
reactome:SmallMoleculeReference154,abstraction:ConsumptionControlledBy,reactome:ProteinReference253
reactome:SmallMoleculeReference683,abstraction:ConsumptionControlledBy,reactome:ProteinReference1080
reactome:SmallMoleculeReference569,abstraction:ConsumptionControlledBy,reactome:ProteinReference2723
reactome:SmallMoleculeReference1219,abstraction:ConsumptionControlledBy,reactome:ProteinReference5257
reactome:SmallMoleculeReference120,abstraction:ConsumptionControlledBy,reactome:ProteinReference10559
reactome:SmallMoleculeReference349,abstraction:ConsumptionControlledBy,reactome:ProteinReference2114
reactome:SmallMoleculeReference16,abstraction:ConsumptionControlledBy,reactome:ProteinReference511
reactome:SmallMoleculeReference45,abstraction:ConsumptionControlledBy,reactome:ProteinReference11448
reactome:SmallMoleculeReference559,abstraction:ConsumptionControlledBy,reactome:ProteinReference1209
reactome:SmallMoleculeReference45,abstraction:ConsumptionControlledBy,reactome:ProteinReference305
reactome:SmallMoleculeReference150,abstraction:ConsumptionControlledBy,reactome:ProteinReference231
reactome:SmallMoleculeReference260,abstraction:ConsumptionControlledBy,reactome:ProteinReference1397
reactome:SmallMoleculeReference1736,abstraction:ConsumptionControlledBy,reactome:ProteinReference2724
reactome:SmallMoleculeReference147,abstraction:ConsumptionControlledBy,reactome:ProteinReference2437
reactome:SmallMoleculeReference46,abstraction:ConsumptionControlledBy,reactome:ProteinReference6296
reactome:SmallMoleculeReference2601,abstraction:ConsumptionControlledBy,reactome:ProteinReference2795
reactome:SmallMoleculeReference145,abstraction:ConsumptionControlledBy,reactome:ProteinReference2435
reactome:SmallMoleculeReference203,abstraction:ConsumptionControlledBy,reactome:ProteinReference6303
reactome:SmallMoleculeReference1639,abstraction:ConsumptionControlledBy,reactome:ProteinReference2662
reactome:SmallMoleculeReference6,abstraction:ConsumptionControlledBy,reactome:ProteinReference1136
reactome:SmallMoleculeReference1902,abstraction:ConsumptionControlledBy,reactome:ProteinReference4257
reactome:SmallMoleculeReference1837,abstraction:ConsumptionControlledBy,reactome:ProteinReference3944
reactome:SmallMoleculeReference209,abstraction:ConsumptionControlledBy,reactome:ProteinReference4351
reactome:SmallMoleculeReference664,abstraction:ConsumptionControlledBy,reactome:ProteinReference1259
reactome:SmallMoleculeReference1575,abstraction:ConsumptionControlledBy,reactome:ProteinReference2683
reactome:SmallMoleculeReference1308,abstraction:ConsumptionControlledBy,reactome:ProteinReference2223
reactome:SmallMoleculeReference84,abstraction:ConsumptionControlledBy,reactome:ProteinReference171
reactome:SmallMoleculeReference96,abstraction:ConsumptionControlledBy,reactome:ProteinReference9052
reactome:SmallMoleculeReference466,abstraction:ConsumptionControlledBy,reactome:ProteinReference7750
reactome:SmallMoleculeReference43,abstraction:ConsumptionControlledBy,reactome:ProteinReference43
reactome:SmallMoleculeReference195,abstraction:ConsumptionControlledBy,reactome:ProteinReference306
reactome:SmallMoleculeReference207,abstraction:ConsumptionControlledBy,reactome:ProteinReference3369
reactome:SmallMoleculeReference469,abstraction:ConsumptionControlledBy,reactome:ProteinReference1026
reactome:SmallMoleculeReference159,abstraction:ConsumptionControlledBy,reactome:ProteinReference2436
reactome:SmallMoleculeReference1569,abstraction:ConsumptionControlledBy,reactome:ProteinReference1752
reactome:SmallMoleculeReference16,abstraction:ConsumptionControlledBy,reactome:ProteinReference229
reactome:SmallMoleculeReference166,abstraction:ConsumptionControlledBy,reactome:ProteinReference268
reactome:SmallMoleculeReference155,abstraction:ConsumptionControlledBy,reactome:ProteinReference254
reactome:SmallMoleculeReference48,abstraction:ConsumptionControlledBy,reactome:ProteinReference125
reactome:SmallMoleculeReference232,abstraction:ConsumptionControlledBy,reactome:ProteinReference7409
reactome:SmallMoleculeReference43,abstraction:ConsumptionControlledBy,reactome:ProteinReference11552
reactome:SmallMoleculeReference43,abstraction:ConsumptionControlledBy,reactome:ProteinReference11519
reactome:SmallMoleculeReference152,abstraction:ConsumptionControlledBy,reactome:ProteinReference3662
reactome:SmallMoleculeReference1930,abstraction:ConsumptionControlledBy,reactome:ProteinReference4803
reactome:SmallMoleculeReference225,abstraction:ConsumptionControlledBy,reactome:ProteinReference327
reactome:SmallMoleculeReference820,abstraction:ConsumptionControlledBy,reactome:ProteinReference1559
reactome:SmallMoleculeReference43,abstraction:ConsumptionControlledBy,reactome:ProteinReference12160
reactome:SmallMoleculeReference203,abstraction:ConsumptionControlledBy,reactome:ProteinReference6301
reactome:SmallMoleculeReference454,abstraction:ConsumptionControlledBy,reactome:ProteinReference995
reactome:SmallMoleculeReference96,abstraction:ConsumptionControlledBy,reactome:ProteinReference3155
reactome:SmallMoleculeReference203,abstraction:ConsumptionControlledBy,reactome:ProteinReference9024
reactome:SmallMoleculeReference1509,abstraction:ConsumptionControlledBy,reactome:ProteinReference2577
reactome:SmallMoleculeReference1157,abstraction:ConsumptionControlledBy,reactome:ProteinReference2309
reactome:SmallMoleculeReference666,abstraction:ConsumptionControlledBy,reactome:ProteinReference1240
reactome:SmallMoleculeReference1629,abstraction:ConsumptionControlledBy,reactome:ProteinReference2656
reactome:SmallMoleculeReference342,abstraction:ConsumptionControlledBy,reactome:ProteinReference6400
reactome:SmallMoleculeReference355,abstraction:ConsumptionControlledBy,reactome:ProteinReference752
reactome:SmallMoleculeReference1226,abstraction:ConsumptionControlledBy,reactome:ProteinReference8778
reactome:SmallMoleculeReference1305,abstraction:ConsumptionControlledBy,reactome:ProteinReference2411
reactome:SmallMoleculeReference46,abstraction:ConsumptionControlledBy,reactome:ProteinReference449
reactome:SmallMoleculeReference323,abstraction:ConsumptionControlledBy,reactome:ProteinReference987
reactome:SmallMoleculeReference761,abstraction:ConsumptionControlledBy,reactome:ProteinReference1475
reactome:SmallMoleculeReference309,abstraction:ConsumptionControlledBy,reactome:ProteinReference1345
reactome:SmallMoleculeReference2560,abstraction:ConsumptionControlledBy,reactome:ProteinReference8470
reactome:SmallMoleculeReference207,abstraction:ConsumptionControlledBy,reactome:ProteinReference3380
reactome:SmallMoleculeReference2590,abstraction:ConsumptionControlledBy,reactome:ProteinReference8515
reactome:SmallMoleculeReference96,abstraction:ConsumptionControlledBy,reactome:ProteinReference5240
reactome:SmallMoleculeReference45,abstraction:ConsumptionControlledBy,reactome:ProteinReference457
reactome:SmallMoleculeReference73,abstraction:ConsumptionControlledBy,reactome:ProteinReference171
reactome:SmallMoleculeReference45,abstraction:ConsumptionControlledBy,reactome:ProteinReference176
reactome:SmallMoleculeReference42,abstraction:ConsumptionControlledBy,reactome:ProteinReference7701
reactome:SmallMoleculeReference466,abstraction:ConsumptionControlledBy,reactome:ProteinReference5118
reactome:SmallMoleculeReference812,abstraction:ConsumptionControlledBy,reactome:ProteinReference1534
reactome:SmallMoleculeReference466,abstraction:ConsumptionControlledBy,reactome:ProteinReference5842
reactome:SmallMoleculeReference46,abstraction:ConsumptionControlledBy,reactome:ProteinReference11432
reactome:SmallMoleculeReference1930,abstraction:ConsumptionControlledBy,reactome:ProteinReference4788
reactome:SmallMoleculeReference1930,abstraction:ConsumptionControlledBy,reactome:ProteinReference1531
reactome:SmallMoleculeReference1208,abstraction:ConsumptionControlledBy,reactome:ProteinReference2162
reactome:SmallMoleculeReference601,abstraction:ConsumptionControlledBy,reactome:ProteinReference1235
reactome:SmallMoleculeReference1580,abstraction:ConsumptionControlledBy,reactome:ProteinReference2625
reactome:SmallMoleculeReference244,abstraction:ConsumptionControlledBy,reactome:ProteinReference1274
reactome:SmallMoleculeReference99,abstraction:ConsumptionControlledBy,reactome:ProteinReference1692
reactome:SmallMoleculeReference392,abstraction:ConsumptionControlledBy,reactome:ProteinReference2137
reactome:SmallMoleculeReference10,abstraction:ConsumptionControlledBy,reactome:ProteinReference1614
reactome:SmallMoleculeReference16,abstraction:ConsumptionControlledBy,reactome:ProteinReference516
reactome:SmallMoleculeReference96,abstraction:ConsumptionControlledBy,reactome:ProteinReference10154
reactome:SmallMoleculeReference957,abstraction:ConsumptionControlledBy,reactome:ProteinReference1690
reactome:SmallMoleculeReference466,abstraction:ConsumptionControlledBy,reactome:ProteinReference5763
reactome:SmallMoleculeReference2601,abstraction:ConsumptionControlledBy,reactome:ProteinReference10622
reactome:SmallMoleculeReference129,abstraction:ConsumptionControlledBy,reactome:ProteinReference4069
reactome:SmallMoleculeReference244,abstraction:ConsumptionControlledBy,reactome:ProteinReference2370
reactome:SmallMoleculeReference1576,abstraction:ConsumptionControlledBy,reactome:ProteinReference2627
reactome:SmallMoleculeReference7,abstraction:ConsumptionControlledBy,reactome:ProteinReference1394
reactome:SmallMoleculeReference1569,abstraction:ConsumptionControlledBy,reactome:ProteinReference1255
reactome:SmallMoleculeReference2543,abstraction:ConsumptionControlledBy,reactome:ProteinReference8405
reactome:SmallMoleculeReference46,abstraction:ConsumptionControlledBy,reactome:ProteinReference548
reactome:SmallMoleculeReference386,abstraction:ConsumptionControlledBy,reactome:ProteinReference848
reactome:SmallMoleculeReference46,abstraction:ConsumptionControlledBy,reactome:ProteinReference100
reactome:SmallMoleculeReference130,abstraction:ConsumptionControlledBy,reactome:ProteinReference211
reactome:SmallMoleculeReference1906,abstraction:ConsumptionControlledBy,reactome:ProteinReference4259
reactome:SmallMoleculeReference466,abstraction:ConsumptionControlledBy,reactome:ProteinReference6803
reactome:SmallMoleculeReference46,abstraction:ConsumptionControlledBy,reactome:ProteinReference4232
reactome:SmallMoleculeReference322,abstraction:ConsumptionControlledBy,reactome:ProteinReference1587
reactome:SmallMoleculeReference207,abstraction:ConsumptionControlledBy,reactome:ProteinReference3372
reactome:SmallMoleculeReference440,abstraction:ConsumptionControlledBy,reactome:ProteinReference828
reactome:SmallMoleculeReference96,abstraction:ConsumptionControlledBy,reactome:ProteinReference9047
reactome:SmallMoleculeReference43,abstraction:ConsumptionControlledBy,reactome:ProteinReference358
reactome:SmallMoleculeReference2601,abstraction:ConsumptionControlledBy,reactome:ProteinReference5289
reactome:SmallMoleculeReference146,abstraction:ConsumptionControlledBy,reactome:ProteinReference2432
reactome:SmallMoleculeReference120,abstraction:ConsumptionControlledBy,reactome:ProteinReference9036
reactome:SmallMoleculeReference91,abstraction:ConsumptionControlledBy,reactome:ProteinReference1267
reactome:SmallMoleculeReference121,abstraction:ConsumptionControlledBy,reactome:ProteinReference1824
reactome:SmallMoleculeReference120,abstraction:ConsumptionControlledBy,reactome:ProteinReference2376
reactome:SmallMoleculeReference170,abstraction:ConsumptionControlledBy,reactome:ProteinReference274
reactome:SmallMoleculeReference261,abstraction:ConsumptionControlledBy,reactome:ProteinReference473
reactome:SmallMoleculeReference296,abstraction:ConsumptionControlledBy,reactome:ProteinReference2543
reactome:SmallMoleculeReference143,abstraction:ConsumptionControlledBy,reactome:ProteinReference2357
reactome:SmallMoleculeReference43,abstraction:ConsumptionControlledBy,reactome:ProteinReference11569
reactome:SmallMoleculeReference174,abstraction:ConsumptionControlledBy,reactome:ProteinReference297
reactome:SmallMoleculeReference209,abstraction:ConsumptionControlledBy,reactome:ProteinReference3967
reactome:SmallMoleculeReference655,abstraction:ConsumptionControlledBy,reactome:ProteinReference1261
reactome:SmallMoleculeReference203,abstraction:ConsumptionControlledBy,reactome:ProteinReference3241
reactome:SmallMoleculeReference260,abstraction:ConsumptionControlledBy,reactome:ProteinReference482
reactome:SmallMoleculeReference466,abstraction:ConsumptionControlledBy,reactome:ProteinReference6729
reactome:SmallMoleculeReference1057,abstraction:ConsumptionControlledBy,reactome:ProteinReference1227
reactome:SmallMoleculeReference466,abstraction:ConsumptionControlledBy,reactome:ProteinReference6430
reactome:SmallMoleculeReference1226,abstraction:ConsumptionControlledBy,reactome:ProteinReference2803
reactome:SmallMoleculeReference1226,abstraction:ConsumptionControlledBy,reactome:ProteinReference2806
reactome:SmallMoleculeReference6,abstraction:ConsumptionControlledBy,reactome:ProteinReference1703
reactome:SmallMoleculeReference653,abstraction:ConsumptionControlledBy,reactome:ProteinReference1490
reactome:SmallMoleculeReference191,abstraction:ConsumptionControlledBy,reactome:ProteinReference2130
reactome:SmallMoleculeReference146,abstraction:ConsumptionControlledBy,reactome:ProteinReference2439
reactome:SmallMoleculeReference466,abstraction:ConsumptionControlledBy,reactome:ProteinReference6702
reactome:SmallMoleculeReference1717,abstraction:ConsumptionControlledBy,reactome:ProteinReference1755
reactome:SmallMoleculeReference46,abstraction:ConsumptionControlledBy,reactome:ProteinReference9645
reactome:SmallMoleculeReference301,abstraction:ConsumptionControlledBy,reactome:ProteinReference1266
reactome:SmallMoleculeReference120,abstraction:ConsumptionControlledBy,reactome:ProteinReference3387
reactome:SmallMoleculeReference1221,abstraction:ConsumptionControlledBy,reactome:ProteinReference2102
reactome:SmallMoleculeReference207,abstraction:ConsumptionControlledBy,reactome:ProteinReference3397
reactome:SmallMoleculeReference96,abstraction:ConsumptionControlledBy,reactome:ProteinReference11446
reactome:SmallMoleculeReference96,abstraction:ConsumptionControlledBy,reactome:ProteinReference3294
reactome:SmallMoleculeReference1,abstraction:ConsumptionControlledBy,reactome:ProteinReference143
reactome:SmallMoleculeReference1923,abstraction:ConsumptionControlledBy,reactome:ProteinReference4340
reactome:SmallMoleculeReference126,abstraction:ConsumptionControlledBy,reactome:ProteinReference218
reactome:SmallMoleculeReference1835,abstraction:ConsumptionControlledBy,reactome:ProteinReference3944
reactome:SmallMoleculeReference169,abstraction:ConsumptionControlledBy,reactome:ProteinReference271
reactome:SmallMoleculeReference715,abstraction:ConsumptionControlledBy,reactome:ProteinReference1264
reactome:SmallMoleculeReference45,abstraction:ConsumptionControlledBy,reactome:ProteinReference246
reactome:SmallMoleculeReference2599,abstraction:ConsumptionControlledBy,reactome:ProteinReference8527
reactome:SmallMoleculeReference1182,abstraction:ConsumptionControlledBy,reactome:ProteinReference2256
reactome:SmallMoleculeReference2601,abstraction:ConsumptionControlledBy,reactome:ProteinReference55
reactome:SmallMoleculeReference211,abstraction:ConsumptionControlledBy,reactome:ProteinReference2699
reactome:SmallMoleculeReference1161,abstraction:ConsumptionControlledBy,reactome:ProteinReference1977
reactome:SmallMoleculeReference43,abstraction:ConsumptionControlledBy,reactome:ProteinReference148
reactome:SmallMoleculeReference466,abstraction:ConsumptionControlledBy,reactome:ProteinReference3039
reactome:SmallMoleculeReference43,abstraction:ConsumptionControlledBy,reactome:ProteinReference11515
reactome:SmallMoleculeReference96,abstraction:ConsumptionControlledBy,reactome:ProteinReference5294
reactome:SmallMoleculeReference46,abstraction:ConsumptionControlledBy,reactome:ProteinReference633
reactome:SmallMoleculeReference120,abstraction:ConsumptionControlledBy,reactome:ProteinReference6026
reactome:SmallMoleculeReference468,abstraction:ConsumptionControlledBy,reactome:ProteinReference5619
reactome:SmallMoleculeReference496,abstraction:ConsumptionControlledBy,reactome:ProteinReference1130
reactome:SmallMoleculeReference215,abstraction:ConsumptionControlledBy,reactome:ProteinReference930
reactome:SmallMoleculeReference651,abstraction:ConsumptionControlledBy,reactome:ProteinReference1259
reactome:SmallMoleculeReference1560,abstraction:ConsumptionControlledBy,reactome:ProteinReference1257
reactome:SmallMoleculeReference1284,abstraction:ConsumptionControlledBy,reactome:ProteinReference2180
reactome:SmallMoleculeReference1970,abstraction:ConsumptionControlledBy,reactome:ProteinReference11445
reactome:SmallMoleculeReference466,abstraction:ConsumptionControlledBy,reactome:ProteinReference5812
reactome:SmallMoleculeReference13,abstraction:ConsumptionControlledBy,reactome:ProteinReference8448
reactome:SmallMoleculeReference1466,abstraction:ConsumptionControlledBy,reactome:ProteinReference2566
reactome:SmallMoleculeReference1503,abstraction:ConsumptionControlledBy,reactome:ProteinReference249
reactome:SmallMoleculeReference466,abstraction:ConsumptionControlledBy,reactome:ProteinReference1023
reactome:SmallMoleculeReference260,abstraction:ConsumptionControlledBy,reactome:ProteinReference473
reactome:SmallMoleculeReference1559,abstraction:ConsumptionControlledBy,reactome:ProteinReference2675
reactome:SmallMoleculeReference1277,abstraction:ConsumptionControlledBy,reactome:ProteinReference279
reactome:SmallMoleculeReference813,abstraction:ConsumptionControlledBy,reactome:ProteinReference1497
reactome:SmallMoleculeReference133,abstraction:ConsumptionControlledBy,reactome:ProteinReference217
reactome:SmallMoleculeReference43,abstraction:ConsumptionControlledBy,reactome:ProteinReference11496
reactome:SmallMoleculeReference49,abstraction:ConsumptionControlledBy,reactome:ProteinReference425
reactome:SmallMoleculeReference1585,abstraction:ConsumptionControlledBy,reactome:ProteinReference2676
reactome:SmallMoleculeReference764,abstraction:ConsumptionControlledBy,reactome:ProteinReference10528
reactome:SmallMoleculeReference2809,abstraction:ConsumptionControlledBy,reactome:ProteinReference2809
reactome:SmallMoleculeReference46,abstraction:ConsumptionControlledBy,reactome:ProteinReference1764
reactome:SmallMoleculeReference135,abstraction:ConsumptionControlledBy,reactome:ProteinReference2686
reactome:SmallMoleculeReference67,abstraction:ConsumptionControlledBy,reactome:ProteinReference172
reactome:SmallMoleculeReference1569,abstraction:ConsumptionControlledBy,reactome:ProteinReference2626
reactome:SmallMoleculeReference1751,abstraction:ConsumptionControlledBy,reactome:ProteinReference3287
reactome:SmallMoleculeReference6,abstraction:ConsumptionControlledBy,reactome:ProteinReference8
reactome:SmallMoleculeReference347,abstraction:ConsumptionControlledBy,reactome:ProteinReference10528
reactome:SmallMoleculeReference211,abstraction:ConsumptionControlledBy,reactome:ProteinReference4266
reactome:SmallMoleculeReference54,abstraction:ConsumptionControlledBy,reactome:ProteinReference4881
reactome:SmallMoleculeReference43,abstraction:ConsumptionControlledBy,reactome:ProteinReference12066
reactome:SmallMoleculeReference46,abstraction:ConsumptionControlledBy,reactome:ProteinReference10447
reactome:SmallMoleculeReference616,abstraction:ConsumptionControlledBy,reactome:ProteinReference1245
reactome:SmallMoleculeReference96,abstraction:ConsumptionControlledBy,reactome:ProteinReference5004
reactome:SmallMoleculeReference217,abstraction:ConsumptionControlledBy,reactome:ProteinReference4083
reactome:SmallMoleculeReference163,abstraction:ConsumptionControlledBy,reactome:ProteinReference2569
reactome:SmallMoleculeReference309,abstraction:ConsumptionControlledBy,reactome:ProteinReference1344
reactome:SmallMoleculeReference140,abstraction:ConsumptionControlledBy,reactome:ProteinReference234
reactome:SmallMoleculeReference141,abstraction:ConsumptionControlledBy,reactome:ProteinReference2158
reactome:SmallMoleculeReference298,abstraction:ConsumptionControlledBy,reactome:ProteinReference1402
reactome:SmallMoleculeReference96,abstraction:ConsumptionControlledBy,reactome:ProteinReference10109
reactome:SmallMoleculeReference296,abstraction:ConsumptionControlledBy,reactome:ProteinReference585
reactome:SmallMoleculeReference1575,abstraction:ConsumptionControlledBy,reactome:ProteinReference2676
reactome:SmallMoleculeReference487,abstraction:ConsumptionControlledBy,reactome:ProteinReference1037
reactome:SmallMoleculeReference1575,abstraction:ConsumptionControlledBy,reactome:ProteinReference2685
reactome:SmallMoleculeReference142,abstraction:ConsumptionControlledBy,reactome:ProteinReference2549
reactome:SmallMoleculeReference1161,abstraction:ConsumptionControlledBy,reactome:ProteinReference1434
reactome:SmallMoleculeReference1214,abstraction:ConsumptionControlledBy,reactome:ProteinReference2102
reactome:SmallMoleculeReference209,abstraction:ConsumptionControlledBy,reactome:ProteinReference4343
reactome:SmallMoleculeReference45,abstraction:ConsumptionControlledBy,reactome:ProteinReference298
reactome:SmallMoleculeReference96,abstraction:ConsumptionControlledBy,reactome:ProteinReference4456
reactome:SmallMoleculeReference163,abstraction:ConsumptionControlledBy,reactome:ProteinReference2551
reactome:SmallMoleculeReference810,abstraction:ConsumptionControlledBy,reactome:ProteinReference1488
reactome:SmallMoleculeReference478,abstraction:ConsumptionControlledBy,reactome:ProteinReference1034
reactome:SmallMoleculeReference43,abstraction:ConsumptionControlledBy,reactome:ProteinReference11547
reactome:SmallMoleculeReference43,abstraction:ConsumptionControlledBy,reactome:ProteinReference11560
reactome:SmallMoleculeReference496,abstraction:ConsumptionControlledBy,reactome:ProteinReference1226
reactome:SmallMoleculeReference131,abstraction:ConsumptionControlledBy,reactome:ProteinReference826
reactome:SmallMoleculeReference96,abstraction:ConsumptionControlledBy,reactome:ProteinReference9056
reactome:SmallMoleculeReference96,abstraction:ConsumptionControlledBy,reactome:ProteinReference7859
reactome:SmallMoleculeReference1181,abstraction:ConsumptionControlledBy,reactome:ProteinReference2070
reactome:SmallMoleculeReference1226,abstraction:ConsumptionControlledBy,reactome:ProteinReference2796
reactome:SmallMoleculeReference7,abstraction:ConsumptionControlledBy,reactome:ProteinReference1420
reactome:SmallMoleculeReference466,abstraction:ConsumptionControlledBy,reactome:ProteinReference6734
reactome:SmallMoleculeReference466,abstraction:ConsumptionControlledBy,reactome:ProteinReference6678
reactome:SmallMoleculeReference203,abstraction:ConsumptionControlledBy,reactome:ProteinReference1088
reactome:SmallMoleculeReference1456,abstraction:ConsumptionControlledBy,reactome:ProteinReference2419
reactome:SmallMoleculeReference1888,abstraction:ConsumptionControlledBy,reactome:ProteinReference4096
reactome:SmallMoleculeReference1585,abstraction:ConsumptionControlledBy,reactome:ProteinReference2684
reactome:SmallMoleculeReference203,abstraction:ConsumptionControlledBy,reactome:ProteinReference2542
reactome:SmallMoleculeReference142,abstraction:ConsumptionControlledBy,reactome:ProteinReference2429
reactome:SmallMoleculeReference120,abstraction:ConsumptionControlledBy,reactome:ProteinReference3840
reactome:SmallMoleculeReference1603,abstraction:ConsumptionControlledBy,reactome:ProteinReference1232
reactome:SmallMoleculeReference1872,abstraction:ConsumptionControlledBy,reactome:ProteinReference1598
reactome:SmallMoleculeReference211,abstraction:ConsumptionControlledBy,reactome:ProteinReference968
reactome:SmallMoleculeReference45,abstraction:ConsumptionControlledBy,reactome:ProteinReference292
reactome:SmallMoleculeReference96,abstraction:ConsumptionControlledBy,reactome:ProteinReference2786
reactome:SmallMoleculeReference597,abstraction:ConsumptionControlledBy,reactome:ProteinReference1225
reactome:SmallMoleculeReference96,abstraction:ConsumptionControlledBy,reactome:ProteinReference2806
reactome:SmallMoleculeReference1930,abstraction:ConsumptionControlledBy,reactome:ProteinReference4837
reactome:SmallMoleculeReference45,abstraction:ConsumptionControlledBy,reactome:ProteinReference91
reactome:SmallMoleculeReference96,abstraction:ConsumptionControlledBy,reactome:ProteinReference4491
reactome:SmallMoleculeReference752,abstraction:ConsumptionControlledBy,reactome:ProteinReference7695
reactome:SmallMoleculeReference885,abstraction:ConsumptionControlledBy,reactome:ProteinReference1648
reactome:SmallMoleculeReference2601,abstraction:ConsumptionControlledBy,reactome:ProteinReference8580
reactome:SmallMoleculeReference353,abstraction:ConsumptionControlledBy,reactome:ProteinReference747
reactome:SmallMoleculeReference298,abstraction:ConsumptionControlledBy,reactome:ProteinReference1347
reactome:SmallMoleculeReference754,abstraction:ConsumptionControlledBy,reactome:ProteinReference1465
reactome:SmallMoleculeReference203,abstraction:ConsumptionControlledBy,reactome:ProteinReference9002
reactome:SmallMoleculeReference980,abstraction:ConsumptionControlledBy,reactome:ProteinReference1713
reactome:SmallMoleculeReference1395,abstraction:ConsumptionControlledBy,reactome:ProteinReference1745
reactome:SmallMoleculeReference16,abstraction:ConsumptionControlledBy,reactome:ProteinReference533
reactome:SmallMoleculeReference96,abstraction:ConsumptionControlledBy,reactome:ProteinReference5242
reactome:SmallMoleculeReference1868,abstraction:ConsumptionControlledBy,reactome:ProteinReference894
reactome:SmallMoleculeReference784,abstraction:ConsumptionControlledBy,reactome:ProteinReference1443
reactome:SmallMoleculeReference342,abstraction:ConsumptionControlledBy,reactome:ProteinReference1503
reactome:SmallMoleculeReference309,abstraction:ConsumptionControlledBy,reactome:ProteinReference1552
reactome:SmallMoleculeReference1382,abstraction:ConsumptionControlledBy,reactome:ProteinReference2322
reactome:SmallMoleculeReference951,abstraction:ConsumptionControlledBy,reactome:ProteinReference2701
reactome:SmallMoleculeReference120,abstraction:ConsumptionControlledBy,reactome:ProteinReference2339
reactome:SmallMoleculeReference214,abstraction:ConsumptionControlledBy,reactome:ProteinReference2137
reactome:SmallMoleculeReference1379,abstraction:ConsumptionControlledBy,reactome:ProteinReference2318
reactome:SmallMoleculeReference1741,abstraction:ConsumptionControlledBy,reactome:ProteinReference2755
reactome:SmallMoleculeReference2601,abstraction:ConsumptionControlledBy,reactome:ProteinReference2798
reactome:SmallMoleculeReference42,abstraction:ConsumptionControlledBy,reactome:ProteinReference1723
reactome:SmallMoleculeReference1832,abstraction:ConsumptionControlledBy,reactome:ProteinReference3934
reactome:SmallMoleculeReference45,abstraction:ConsumptionControlledBy,reactome:ProteinReference146
reactome:SmallMoleculeReference54,abstraction:ConsumptionControlledBy,reactome:ProteinReference601
reactome:SmallMoleculeReference466,abstraction:ConsumptionControlledBy,reactome:ProteinReference7835
reactome:SmallMoleculeReference140,abstraction:ConsumptionControlledBy,reactome:ProteinReference258
reactome:SmallMoleculeReference653,abstraction:ConsumptionControlledBy,reactome:ProteinReference1489
reactome:SmallMoleculeReference466,abstraction:ConsumptionControlledBy,reactome:ProteinReference6796
reactome:SmallMoleculeReference96,abstraction:ConsumptionControlledBy,reactome:ProteinReference7857
reactome:SmallMoleculeReference721,abstraction:ConsumptionControlledBy,reactome:ProteinReference1316
reactome:SmallMoleculeReference1515,abstraction:ConsumptionControlledBy,reactome:ProteinReference2584
reactome:SmallMoleculeReference135,abstraction:ConsumptionControlledBy,reactome:ProteinReference1256
reactome:SmallMoleculeReference150,abstraction:ConsumptionControlledBy,reactome:ProteinReference1553
reactome:SmallMoleculeReference768,abstraction:ConsumptionControlledBy,reactome:ProteinReference1423
reactome:SmallMoleculeReference1160,abstraction:ConsumptionControlledBy,reactome:ProteinReference1294
reactome:SmallMoleculeReference940,abstraction:ConsumptionControlledBy,reactome:ProteinReference1676
reactome:SmallMoleculeReference45,abstraction:ConsumptionControlledBy,reactome:ProteinReference10948
reactome:SmallMoleculeReference8,abstraction:ConsumptionControlledBy,reactome:ProteinReference5206
reactome:SmallMoleculeReference149,abstraction:ConsumptionControlledBy,reactome:ProteinReference1892
reactome:SmallMoleculeReference16,abstraction:ConsumptionControlledBy,reactome:ProteinReference532
reactome:SmallMoleculeReference171,abstraction:ConsumptionControlledBy,reactome:ProteinReference277
reactome:SmallMoleculeReference309,abstraction:ConsumptionControlledBy,reactome:ProteinReference1369
reactome:SmallMoleculeReference1194,abstraction:ConsumptionControlledBy,reactome:ProteinReference2544
reactome:SmallMoleculeReference108,abstraction:ConsumptionControlledBy,reactome:ProteinReference194
reactome:SmallMoleculeReference2563,abstraction:ConsumptionControlledBy,reactome:ProteinReference8449
reactome:SmallMoleculeReference1483,abstraction:ConsumptionControlledBy,reactome:ProteinReference872
reactome:SmallMoleculeReference1177,abstraction:ConsumptionControlledBy,reactome:ProteinReference2078
reactome:SmallMoleculeReference203,abstraction:ConsumptionControlledBy,reactome:ProteinReference8984
reactome:SmallMoleculeReference96,abstraction:ConsumptionControlledBy,reactome:ProteinReference10097
reactome:SmallMoleculeReference7,abstraction:ConsumptionControlledBy,reactome:ProteinReference1505
reactome:SmallMoleculeReference466,abstraction:ConsumptionControlledBy,reactome:ProteinReference1494
reactome:SmallMoleculeReference43,abstraction:ConsumptionControlledBy,reactome:ProteinReference364
reactome:SmallMoleculeReference449,abstraction:ConsumptionControlledBy,reactome:ProteinReference989
reactome:SmallMoleculeReference46,abstraction:ConsumptionControlledBy,reactome:ProteinReference12091
reactome:SmallMoleculeReference574,abstraction:ConsumptionControlledBy,reactome:ProteinReference2173
reactome:SmallMoleculeReference205,abstraction:ConsumptionControlledBy,reactome:ProteinReference2134
reactome:SmallMoleculeReference1208,abstraction:ConsumptionControlledBy,reactome:ProteinReference2102
reactome:SmallMoleculeReference394,abstraction:ConsumptionControlledBy,reactome:ProteinReference2590
reactome:SmallMoleculeReference1923,abstraction:ConsumptionControlledBy,reactome:ProteinReference4326
reactome:SmallMoleculeReference467,abstraction:ConsumptionControlledBy,reactome:ProteinReference104
reactome:SmallMoleculeReference2552,abstraction:ConsumptionControlledBy,reactome:ProteinReference8437
reactome:SmallMoleculeReference174,abstraction:ConsumptionControlledBy,reactome:ProteinReference804
reactome:SmallMoleculeReference302,abstraction:ConsumptionControlledBy,reactome:ProteinReference1745
reactome:SmallMoleculeReference1182,abstraction:ConsumptionControlledBy,reactome:ProteinReference2259
reactome:SmallMoleculeReference98,abstraction:ConsumptionControlledBy,reactome:ProteinReference185
reactome:SmallMoleculeReference108,abstraction:ConsumptionControlledBy,reactome:ProteinReference3458
reactome:SmallMoleculeReference144,abstraction:ConsumptionControlledBy,reactome:ProteinReference247
reactome:SmallMoleculeReference74,abstraction:ConsumptionControlledBy,reactome:ProteinReference181
reactome:SmallMoleculeReference1573,abstraction:ConsumptionControlledBy,reactome:ProteinReference2173
reactome:SmallMoleculeReference2564,abstraction:ConsumptionControlledBy,reactome:ProteinReference8483
reactome:SmallMoleculeReference1516,abstraction:ConsumptionControlledBy,reactome:ProteinReference2581
reactome:SmallMoleculeReference42,abstraction:ConsumptionControlledBy,reactome:ProteinReference12048
reactome:SmallMoleculeReference812,abstraction:ConsumptionControlledBy,reactome:ProteinReference1498
reactome:SmallMoleculeReference1226,abstraction:ConsumptionControlledBy,reactome:ProteinReference2794
reactome:SmallMoleculeReference96,abstraction:ConsumptionControlledBy,reactome:ProteinReference1061
reactome:SmallMoleculeReference204,abstraction:ConsumptionControlledBy,reactome:ProteinReference894
reactome:SmallMoleculeReference45,abstraction:ConsumptionControlledBy,reactome:ProteinReference459
reactome:SmallMoleculeReference1208,abstraction:ConsumptionControlledBy,reactome:ProteinReference2083
reactome:SmallMoleculeReference45,abstraction:ConsumptionControlledBy,reactome:ProteinReference306
reactome:SmallMoleculeReference466,abstraction:ConsumptionControlledBy,reactome:ProteinReference6737
reactome:SmallMoleculeReference9,abstraction:ConsumptionControlledBy,reactome:ProteinReference7
reactome:SmallMoleculeReference466,abstraction:ConsumptionControlledBy,reactome:ProteinReference6711
reactome:SmallMoleculeReference1577,abstraction:ConsumptionControlledBy,reactome:ProteinReference2628
reactome:SmallMoleculeReference1736,abstraction:ConsumptionControlledBy,reactome:ProteinReference1237
reactome:SmallMoleculeReference46,abstraction:ConsumptionControlledBy,reactome:ProteinReference11430
reactome:SmallMoleculeReference828,abstraction:ConsumptionControlledBy,reactome:ProteinReference1580
reactome:SmallMoleculeReference169,abstraction:ConsumptionControlledBy,reactome:ProteinReference2545
reactome:SmallMoleculeReference2563,abstraction:ConsumptionControlledBy,reactome:ProteinReference8450
reactome:SmallMoleculeReference232,abstraction:ConsumptionControlledBy,reactome:ProteinReference7448
reactome:SmallMoleculeReference169,abstraction:ConsumptionControlledBy,reactome:ProteinReference2314
reactome:SmallMoleculeReference1558,abstraction:ConsumptionControlledBy,reactome:ProteinReference1251
reactome:SmallMoleculeReference16,abstraction:ConsumptionControlledBy,reactome:ProteinReference519
reactome:SmallMoleculeReference342,abstraction:ConsumptionControlledBy,reactome:ProteinReference4650
reactome:SmallMoleculeReference1580,abstraction:ConsumptionControlledBy,reactome:ProteinReference2645
reactome:SmallMoleculeReference810,abstraction:ConsumptionControlledBy,reactome:ProteinReference1026
reactome:SmallMoleculeReference68,abstraction:ConsumptionControlledBy,reactome:ProteinReference172
reactome:SmallMoleculeReference2601,abstraction:ConsumptionControlledBy,reactome:ProteinReference2965
reactome:SmallMoleculeReference1717,abstraction:ConsumptionControlledBy,reactome:ProteinReference2743
reactome:SmallMoleculeReference481,abstraction:ConsumptionControlledBy,reactome:ProteinReference1037
reactome:SmallMoleculeReference466,abstraction:ConsumptionControlledBy,reactome:ProteinReference5835
reactome:SmallMoleculeReference1564,abstraction:ConsumptionControlledBy,reactome:ProteinReference1752
reactome:SmallMoleculeReference658,abstraction:ConsumptionControlledBy,reactome:ProteinReference1288
reactome:SmallMoleculeReference209,abstraction:ConsumptionControlledBy,reactome:ProteinReference3966
reactome:SmallMoleculeReference956,abstraction:ConsumptionControlledBy,reactome:ProteinReference1675
reactome:SmallMoleculeReference1386,abstraction:ConsumptionControlledBy,reactome:ProteinReference2337
reactome:SmallMoleculeReference1485,abstraction:ConsumptionControlledBy,reactome:ProteinReference1160
reactome:SmallMoleculeReference960,abstraction:ConsumptionControlledBy,reactome:ProteinReference2306
reactome:SmallMoleculeReference574,abstraction:ConsumptionControlledBy,reactome:ProteinReference8413
reactome:SmallMoleculeReference798,abstraction:ConsumptionControlledBy,reactome:ProteinReference1376
reactome:SmallMoleculeReference159,abstraction:ConsumptionControlledBy,reactome:ProteinReference239
reactome:SmallMoleculeReference2809,abstraction:ConsumptionControlledBy,reactome:ProteinReference2806
reactome:SmallMoleculeReference141,abstraction:ConsumptionControlledBy,reactome:ProteinReference242
reactome:SmallMoleculeReference46,abstraction:ConsumptionControlledBy,reactome:ProteinReference573
reactome:SmallMoleculeReference96,abstraction:ConsumptionControlledBy,reactome:ProteinReference2447
reactome:SmallMoleculeReference126,abstraction:ConsumptionControlledBy,reactome:ProteinReference209
reactome:SmallMoleculeReference1271,abstraction:ConsumptionControlledBy,reactome:ProteinReference2158
reactome:SmallMoleculeReference1443,abstraction:ConsumptionControlledBy,reactome:ProteinReference2406
reactome:SmallMoleculeReference1603,abstraction:ConsumptionControlledBy,reactome:ProteinReference1234
reactome:SmallMoleculeReference1406,abstraction:ConsumptionControlledBy,reactome:ProteinReference2361
reactome:SmallMoleculeReference466,abstraction:ConsumptionControlledBy,reactome:ProteinReference9910
reactome:SmallMoleculeReference466,abstraction:ConsumptionControlledBy,reactome:ProteinReference6066
reactome:SmallMoleculeReference97,abstraction:ConsumptionControlledBy,reactome:ProteinReference185
reactome:SmallMoleculeReference927,abstraction:ConsumptionControlledBy,reactome:ProteinReference1318
reactome:SmallMoleculeReference874,abstraction:ConsumptionControlledBy,reactome:ProteinReference3311
reactome:SmallMoleculeReference1676,abstraction:ConsumptionControlledBy,reactome:ProteinReference2699
reactome:SmallMoleculeReference244,abstraction:ConsumptionControlledBy,reactome:ProteinReference2380
reactome:SmallMoleculeReference466,abstraction:ConsumptionControlledBy,reactome:ProteinReference6926
reactome:SmallMoleculeReference1700,abstraction:ConsumptionControlledBy,reactome:ProteinReference2246
reactome:SmallMoleculeReference16,abstraction:ConsumptionControlledBy,reactome:ProteinReference542
reactome:SmallMoleculeReference810,abstraction:ConsumptionControlledBy,reactome:ProteinReference1533
reactome:SmallMoleculeReference203,abstraction:ConsumptionControlledBy,reactome:ProteinReference9052
reactome:SmallMoleculeReference2101,abstraction:ConsumptionControlledBy,reactome:ProteinReference3456
reactome:SmallMoleculeReference1523,abstraction:ConsumptionControlledBy,reactome:ProteinReference2585
reactome:SmallMoleculeReference209,abstraction:ConsumptionControlledBy,reactome:ProteinReference935
reactome:SmallMoleculeReference193,abstraction:ConsumptionControlledBy,reactome:ProteinReference2125
reactome:SmallMoleculeReference1843,abstraction:ConsumptionControlledBy,reactome:ProteinReference4097
reactome:SmallMoleculeReference15,abstraction:ConsumptionControlledBy,reactome:ProteinReference25
reactome:SmallMoleculeReference964,abstraction:ConsumptionControlledBy,reactome:ProteinReference827
reactome:SmallMoleculeReference45,abstraction:ConsumptionControlledBy,reactome:ProteinReference265
reactome:SmallMoleculeReference96,abstraction:ConsumptionControlledBy,reactome:ProteinReference11331
reactome:SmallMoleculeReference466,abstraction:ConsumptionControlledBy,reactome:ProteinReference1009
reactome:SmallMoleculeReference96,abstraction:ConsumptionControlledBy,reactome:ProteinReference10584
reactome:SmallMoleculeReference120,abstraction:ConsumptionControlledBy,reactome:ProteinReference205
reactome:SmallMoleculeReference43,abstraction:ConsumptionControlledBy,reactome:ProteinReference11507
reactome:SmallMoleculeReference1585,abstraction:ConsumptionControlledBy,reactome:ProteinReference2682
reactome:SmallMoleculeReference134,abstraction:ConsumptionControlledBy,reactome:ProteinReference2656
reactome:SmallMoleculeReference466,abstraction:ConsumptionControlledBy,reactome:ProteinReference5806
reactome:SmallMoleculeReference1528,abstraction:ConsumptionControlledBy,reactome:ProteinReference2591
reactome:SmallMoleculeReference1213,abstraction:ConsumptionControlledBy,reactome:ProteinReference2153
reactome:SmallMoleculeReference1160,abstraction:ConsumptionControlledBy,reactome:ProteinReference1938
reactome:SmallMoleculeReference466,abstraction:ConsumptionControlledBy,reactome:ProteinReference6293
reactome:SmallMoleculeReference1603,abstraction:ConsumptionControlledBy,reactome:ProteinReference1233
reactome:SmallMoleculeReference466,abstraction:ConsumptionControlledBy,reactome:ProteinReference6690
reactome:SmallMoleculeReference158,abstraction:ConsumptionControlledBy,reactome:ProteinReference2376
reactome:SmallMoleculeReference96,abstraction:ConsumptionControlledBy,reactome:ProteinReference4559
reactome:SmallMoleculeReference120,abstraction:ConsumptionControlledBy,reactome:ProteinReference9038
reactome:SmallMoleculeReference1411,abstraction:ConsumptionControlledBy,reactome:ProteinReference2364
reactome:SmallMoleculeReference700,abstraction:ConsumptionControlledBy,reactome:ProteinReference1277
reactome:SmallMoleculeReference96,abstraction:ConsumptionControlledBy,reactome:ProteinReference9057
reactome:SmallMoleculeReference261,abstraction:ConsumptionControlledBy,reactome:ProteinReference470
reactome:SmallMoleculeReference96,abstraction:ConsumptionControlledBy,reactome:ProteinReference10223
reactome:SmallMoleculeReference184,abstraction:ConsumptionControlledBy,reactome:ProteinReference302
reactome:SmallMoleculeReference1569,abstraction:ConsumptionControlledBy,reactome:ProteinReference1753
reactome:SmallMoleculeReference746,abstraction:ConsumptionControlledBy,reactome:ProteinReference1366
reactome:SmallMoleculeReference96,abstraction:ConsumptionControlledBy,reactome:ProteinReference5389
reactome:SmallMoleculeReference159,abstraction:ConsumptionControlledBy,reactome:ProteinReference273
reactome:SmallMoleculeReference261,abstraction:ConsumptionControlledBy,reactome:ProteinReference1383
reactome:SmallMoleculeReference2101,abstraction:ConsumptionControlledBy,reactome:ProteinReference82
reactome:SmallMoleculeReference16,abstraction:ConsumptionControlledBy,reactome:ProteinReference537
reactome:SmallMoleculeReference1372,abstraction:ConsumptionControlledBy,reactome:ProteinReference2306
reactome:SmallMoleculeReference653,abstraction:ConsumptionControlledBy,reactome:ProteinReference1397
reactome:SmallMoleculeReference1277,abstraction:ConsumptionControlledBy,reactome:ProteinReference2172
reactome:SmallMoleculeReference613,abstraction:ConsumptionControlledBy,reactome:ProteinReference6195
reactome:SmallMoleculeReference43,abstraction:ConsumptionControlledBy,reactome:ProteinReference352
reactome:SmallMoleculeReference1930,abstraction:ConsumptionControlledBy,reactome:ProteinReference4814
reactome:SmallMoleculeReference159,abstraction:ConsumptionControlledBy,reactome:ProteinReference252
reactome:SmallMoleculeReference1220,abstraction:ConsumptionControlledBy,reactome:ProteinReference2162
reactome:SmallMoleculeReference2645,abstraction:ConsumptionControlledBy,reactome:ProteinReference4106
reactome:SmallMoleculeReference159,abstraction:ConsumptionControlledBy,reactome:ProteinReference2036
reactome:SmallMoleculeReference1160,abstraction:ConsumptionControlledBy,reactome:ProteinReference1980
reactome:SmallMoleculeReference203,abstraction:ConsumptionControlledBy,reactome:ProteinReference8997
reactome:SmallMoleculeReference319,abstraction:ConsumptionControlledBy,reactome:ProteinReference891
reactome:SmallMoleculeReference232,abstraction:ConsumptionControlledBy,reactome:ProteinReference5544
reactome:SmallMoleculeReference209,abstraction:ConsumptionControlledBy,reactome:ProteinReference4348
reactome:SmallMoleculeReference491,abstraction:ConsumptionControlledBy,reactome:ProteinReference1043
reactome:SmallMoleculeReference120,abstraction:ConsumptionControlledBy,reactome:ProteinReference3390
reactome:SmallMoleculeReference72,abstraction:ConsumptionControlledBy,reactome:ProteinReference171
reactome:SmallMoleculeReference127,abstraction:ConsumptionControlledBy,reactome:ProteinReference2227
reactome:SmallMoleculeReference764,abstraction:ConsumptionControlledBy,reactome:ProteinReference2102
reactome:SmallMoleculeReference309,abstraction:ConsumptionControlledBy,reactome:ProteinReference1337
reactome:SmallMoleculeReference43,abstraction:ConsumptionControlledBy,reactome:ProteinReference11532
reactome:SmallMoleculeReference2601,abstraction:ConsumptionControlledBy,reactome:ProteinReference57
reactome:SmallMoleculeReference1777,abstraction:ConsumptionControlledBy,reactome:ProteinReference2750
reactome:SmallMoleculeReference647,abstraction:ConsumptionControlledBy,reactome:ProteinReference1187
reactome:SmallMoleculeReference96,abstraction:ConsumptionControlledBy,reactome:ProteinReference10566
reactome:SmallMoleculeReference347,abstraction:ConsumptionControlledBy,reactome:ProteinReference2102
reactome:SmallMoleculeReference49,abstraction:ConsumptionControlledBy,reactome:ProteinReference2759
reactome:SmallMoleculeReference349,abstraction:ConsumptionControlledBy,reactome:ProteinReference2089
reactome:SmallMoleculeReference475,abstraction:ConsumptionControlledBy,reactome:ProteinReference1040
reactome:SmallMoleculeReference141,abstraction:ConsumptionControlledBy,reactome:ProteinReference233
reactome:SmallMoleculeReference120,abstraction:ConsumptionControlledBy,reactome:ProteinReference4556
reactome:SmallMoleculeReference1369,abstraction:ConsumptionControlledBy,reactome:ProteinReference2301
reactome:SmallMoleculeReference146,abstraction:ConsumptionControlledBy,reactome:ProteinReference267
reactome:SmallMoleculeReference1894,abstraction:ConsumptionControlledBy,reactome:ProteinReference4107
reactome:SmallMoleculeReference8,abstraction:ConsumptionControlledBy,reactome:ProteinReference1426
reactome:SmallMoleculeReference1640,abstraction:ConsumptionControlledBy,reactome:ProteinReference2663
reactome:SmallMoleculeReference1577,abstraction:ConsumptionControlledBy,reactome:ProteinReference2624
reactome:SmallMoleculeReference1870,abstraction:ConsumptionControlledBy,reactome:ProteinReference1597
reactome:SmallMoleculeReference1234,abstraction:ConsumptionControlledBy,reactome:ProteinReference2126
reactome:SmallMoleculeReference96,abstraction:ConsumptionControlledBy,reactome:ProteinReference2558
reactome:SmallMoleculeReference261,abstraction:ConsumptionControlledBy,reactome:ProteinReference1392
reactome:SmallMoleculeReference120,abstraction:ConsumptionControlledBy,reactome:ProteinReference4555
reactome:SmallMoleculeReference45,abstraction:ConsumptionControlledBy,reactome:ProteinReference141
reactome:SmallMoleculeReference1741,abstraction:ConsumptionControlledBy,reactome:ProteinReference2754
reactome:SmallMoleculeReference752,abstraction:ConsumptionControlledBy,reactome:ProteinReference7693
reactome:SmallMoleculeReference1160,abstraction:ConsumptionControlledBy,reactome:ProteinReference1922
reactome:SmallMoleculeReference621,abstraction:ConsumptionControlledBy,reactome:ProteinReference1223
reactome:SmallMoleculeReference216,abstraction:ConsumptionControlledBy,reactome:ProteinReference726
reactome:SmallMoleculeReference668,abstraction:ConsumptionControlledBy,reactome:ProteinReference2636
reactome:SmallMoleculeReference653,abstraction:ConsumptionControlledBy,reactome:ProteinReference1462
reactome:SmallMoleculeReference147,abstraction:ConsumptionControlledBy,reactome:ProteinReference2435
reactome:SmallMoleculeReference48,abstraction:ConsumptionControlledBy,reactome:ProteinReference119
reactome:SmallMoleculeReference1241,abstraction:ConsumptionControlledBy,reactome:ProteinReference2145
reactome:SmallMoleculeReference761,abstraction:ConsumptionControlledBy,reactome:ProteinReference11616
reactome:SmallMoleculeReference2809,abstraction:ConsumptionControlledBy,reactome:ProteinReference2796
reactome:SmallMoleculeReference143,abstraction:ConsumptionControlledBy,reactome:ProteinReference251
reactome:SmallMoleculeReference498,abstraction:ConsumptionControlledBy,reactome:ProteinReference1223
reactome:SmallMoleculeReference45,abstraction:ConsumptionControlledBy,reactome:ProteinReference105
reactome:SmallMoleculeReference1574,abstraction:ConsumptionControlledBy,reactome:ProteinReference1255
reactome:SmallMoleculeReference2554,abstraction:ConsumptionControlledBy,reactome:ProteinReference8443
reactome:SmallMoleculeReference466,abstraction:ConsumptionControlledBy,reactome:ProteinReference1543
reactome:SmallMoleculeReference128,abstraction:ConsumptionControlledBy,reactome:ProteinReference1882
reactome:SmallMoleculeReference229,abstraction:ConsumptionControlledBy,reactome:ProteinReference347
reactome:SmallMoleculeReference260,abstraction:ConsumptionControlledBy,reactome:ProteinReference470
reactome:SmallMoleculeReference1525,abstraction:ConsumptionControlledBy,reactome:ProteinReference2581
reactome:SmallMoleculeReference46,abstraction:ConsumptionControlledBy,reactome:ProteinReference1802
reactome:SmallMoleculeReference96,abstraction:ConsumptionControlledBy,reactome:ProteinReference5239
reactome:SmallMoleculeReference814,abstraction:ConsumptionControlledBy,reactome:ProteinReference1546
reactome:SmallMoleculeReference260,abstraction:ConsumptionControlledBy,reactome:ProteinReference1383
reactome:SmallMoleculeReference1211,abstraction:ConsumptionControlledBy,reactome:ProteinReference2091
reactome:SmallMoleculeReference1576,abstraction:ConsumptionControlledBy,reactome:ProteinReference2628
reactome:SmallMoleculeReference46,abstraction:ConsumptionControlledBy,reactome:ProteinReference1795
reactome:SmallMoleculeReference46,abstraction:ConsumptionControlledBy,reactome:ProteinReference1761
reactome:SmallMoleculeReference511,abstraction:ConsumptionControlledBy,reactome:ProteinReference1182
reactome:SmallMoleculeReference120,abstraction:ConsumptionControlledBy,reactome:ProteinReference2038
reactome:SmallMoleculeReference1930,abstraction:ConsumptionControlledBy,reactome:ProteinReference385
reactome:SmallMoleculeReference96,abstraction:ConsumptionControlledBy,reactome:ProteinReference3318
reactome:SmallMoleculeReference342,abstraction:ConsumptionControlledBy,reactome:ProteinReference6438
reactome:SmallMoleculeReference96,abstraction:ConsumptionControlledBy,reactome:ProteinReference3322
reactome:SmallMoleculeReference152,abstraction:ConsumptionControlledBy,reactome:ProteinReference231
reactome:SmallMoleculeReference653,abstraction:ConsumptionControlledBy,reactome:ProteinReference1482
reactome:SmallMoleculeReference1559,abstraction:ConsumptionControlledBy,reactome:ProteinReference2678
reactome:SmallMoleculeReference1559,abstraction:ConsumptionControlledBy,reactome:ProteinReference2709
reactome:SmallMoleculeReference153,abstraction:ConsumptionControlledBy,reactome:ProteinReference242
reactome:SmallMoleculeReference1564,abstraction:ConsumptionControlledBy,reactome:ProteinReference2626
reactome:SmallMoleculeReference144,abstraction:ConsumptionControlledBy,reactome:ProteinReference2429
reactome:SmallMoleculeReference715,abstraction:ConsumptionControlledBy,reactome:ProteinReference1299
reactome:SmallMoleculeReference151,abstraction:ConsumptionControlledBy,reactome:ProteinReference2158
reactome:SmallMoleculeReference979,abstraction:ConsumptionControlledBy,reactome:ProteinReference1190
reactome:SmallMoleculeReference466,abstraction:ConsumptionControlledBy,reactome:ProteinReference5792
reactome:SmallMoleculeReference2863,abstraction:ConsumptionControlledBy,reactome:ProteinReference11445
reactome:SmallMoleculeReference1503,abstraction:ConsumptionControlledBy,reactome:ProteinReference230
reactome:SmallMoleculeReference978,abstraction:ConsumptionControlledBy,reactome:ProteinReference1156
reactome:SmallMoleculeReference96,abstraction:ConsumptionControlledBy,reactome:ProteinReference4499
reactome:SmallMoleculeReference206,abstraction:ConsumptionControlledBy,reactome:ProteinReference320
reactome:SmallMoleculeReference1762,abstraction:ConsumptionControlledBy,reactome:ProteinReference28
reactome:SmallMoleculeReference1,abstraction:ConsumptionControlledBy,reactome:ProteinReference2222
reactome:SmallMoleculeReference1396,abstraction:ConsumptionControlledBy,reactome:ProteinReference1278
reactome:SmallMoleculeReference46,abstraction:ConsumptionControlledBy,reactome:ProteinReference4788
reactome:SmallMoleculeReference45,abstraction:ConsumptionControlledBy,reactome:ProteinReference526
reactome:SmallMoleculeReference146,abstraction:ConsumptionControlledBy,reactome:ProteinReference260
reactome:SmallMoleculeReference2600,abstraction:ConsumptionControlledBy,reactome:ProteinReference8526
reactome:SmallMoleculeReference466,abstraction:ConsumptionControlledBy,reactome:ProteinReference1485
reactome:SmallMoleculeReference16,abstraction:ConsumptionControlledBy,reactome:ProteinReference540
reactome:SmallMoleculeReference45,abstraction:ConsumptionControlledBy,reactome:ProteinReference250
reactome:SmallMoleculeReference16,abstraction:ConsumptionControlledBy,reactome:ProteinReference11503
reactome:SmallMoleculeReference211,abstraction:ConsumptionControlledBy,reactome:ProteinReference973
reactome:SmallMoleculeReference682,abstraction:ConsumptionControlledBy,reactome:ProteinReference1275
reactome:SmallMoleculeReference96,abstraction:ConsumptionControlledBy,reactome:ProteinReference4490
reactome:SmallMoleculeReference260,abstraction:ConsumptionControlledBy,reactome:ProteinReference1392
reactome:SmallMoleculeReference857,abstraction:ConsumptionControlledBy,reactome:ProteinReference1636
reactome:SmallMoleculeReference96,abstraction:ConsumptionControlledBy,reactome:ProteinReference9074
reactome:SmallMoleculeReference104,abstraction:ConsumptionControlledBy,reactome:ProteinReference2693
reactome:SmallMoleculeReference46,abstraction:ConsumptionControlledBy,reactome:ProteinReference11460
reactome:SmallMoleculeReference46,abstraction:ConsumptionControlledBy,reactome:ProteinReference567
reactome:SmallMoleculeReference1144,abstraction:ConsumptionControlledBy,reactome:ProteinReference1817
reactome:SmallMoleculeReference466,abstraction:ConsumptionControlledBy,reactome:ProteinReference5809
reactome:SmallMoleculeReference209,abstraction:ConsumptionControlledBy,reactome:ProteinReference887
reactome:SmallMoleculeReference2601,abstraction:ConsumptionControlledBy,reactome:ProteinReference2805
reactome:SmallMoleculeReference16,abstraction:ConsumptionControlledBy,reactome:ProteinReference11484
reactome:SmallMoleculeReference323,abstraction:ConsumptionControlledBy,reactome:ProteinReference892
reactome:SmallMoleculeReference213,abstraction:ConsumptionControlledBy,reactome:ProteinReference997
reactome:SmallMoleculeReference143,abstraction:ConsumptionControlledBy,reactome:ProteinReference277
reactome:SmallMoleculeReference298,abstraction:ConsumptionControlledBy,reactome:ProteinReference2280
reactome:SmallMoleculeReference448,abstraction:ConsumptionControlledBy,reactome:ProteinReference892
reactome:SmallMoleculeReference207,abstraction:ConsumptionControlledBy,reactome:ProteinReference928
reactome:SmallMoleculeReference80,abstraction:ConsumptionControlledBy,reactome:ProteinReference170
reactome:SmallMoleculeReference854,abstraction:ConsumptionControlledBy,reactome:ProteinReference1628
reactome:SmallMoleculeReference1270,abstraction:ConsumptionControlledBy,reactome:ProteinReference2157
reactome:SmallMoleculeReference6,abstraction:ConsumptionControlledBy,reactome:ProteinReference2701
reactome:SmallMoleculeReference43,abstraction:ConsumptionControlledBy,reactome:ProteinReference361
reactome:SmallMoleculeReference7,abstraction:ConsumptionControlledBy,reactome:ProteinReference1417
reactome:SmallMoleculeReference46,abstraction:ConsumptionControlledBy,reactome:ProteinReference1787
reactome:SmallMoleculeReference159,abstraction:ConsumptionControlledBy,reactome:ProteinReference2324
reactome:SmallMoleculeReference203,abstraction:ConsumptionControlledBy,reactome:ProteinReference5004
reactome:SmallMoleculeReference1528,abstraction:ConsumptionControlledBy,reactome:ProteinReference2594
reactome:SmallMoleculeReference915,abstraction:ConsumptionControlledBy,reactome:ProteinReference1677
reactome:SmallMoleculeReference8,abstraction:ConsumptionControlledBy,reactome:ProteinReference5204
reactome:SmallMoleculeReference424,abstraction:ConsumptionControlledBy,reactome:ProteinReference978
reactome:SmallMoleculeReference208,abstraction:ConsumptionControlledBy,reactome:ProteinReference989
reactome:SmallMoleculeReference6,abstraction:ConsumptionControlledBy,reactome:ProteinReference1661
reactome:SmallMoleculeReference356,abstraction:ConsumptionControlledBy,reactome:ProteinReference846
reactome:SmallMoleculeReference466,abstraction:ConsumptionControlledBy,reactome:ProteinReference8249
reactome:SmallMoleculeReference203,abstraction:ConsumptionControlledBy,reactome:ProteinReference9446
reactome:SmallMoleculeReference46,abstraction:ConsumptionControlledBy,reactome:ProteinReference11462
reactome:SmallMoleculeReference96,abstraction:ConsumptionControlledBy,reactome:ProteinReference3239
reactome:SmallMoleculeReference208,abstraction:ConsumptionControlledBy,reactome:ProteinReference965
reactome:SmallMoleculeReference2809,abstraction:ConsumptionControlledBy,reactome:ProteinReference2794
reactome:SmallMoleculeReference302,abstraction:ConsumptionControlledBy,reactome:ProteinReference1263
reactome:SmallMoleculeReference678,abstraction:ConsumptionControlledBy,reactome:ProteinReference1276
reactome:SmallMoleculeReference748,abstraction:ConsumptionControlledBy,reactome:ProteinReference1375
reactome:SmallMoleculeReference96,abstraction:ConsumptionControlledBy,reactome:ProteinReference3221
reactome:SmallMoleculeReference43,abstraction:ConsumptionControlledBy,reactome:ProteinReference11553
reactome:SmallMoleculeReference46,abstraction:ConsumptionControlledBy,reactome:ProteinReference5050
reactome:SmallMoleculeReference466,abstraction:ConsumptionControlledBy,reactome:ProteinReference6791
reactome:SmallMoleculeReference131,abstraction:ConsumptionControlledBy,reactome:ProteinReference824
reactome:SmallMoleculeReference564,abstraction:ConsumptionControlledBy,reactome:ProteinReference1209
reactome:SmallMoleculeReference466,abstraction:ConsumptionControlledBy,reactome:ProteinReference5789
reactome:SmallMoleculeReference1185,abstraction:ConsumptionControlledBy,reactome:ProteinReference2071
reactome:SmallMoleculeReference16,abstraction:ConsumptionControlledBy,reactome:ProteinReference250
reactome:SmallMoleculeReference966,abstraction:ConsumptionControlledBy,reactome:ProteinReference1708
reactome:SmallMoleculeReference2584,abstraction:ConsumptionControlledBy,reactome:ProteinReference8443
reactome:SmallMoleculeReference333,abstraction:ConsumptionControlledBy,reactome:ProteinReference1585
reactome:SmallMoleculeReference2687,abstraction:ConsumptionControlledBy,reactome:ProteinReference9235
reactome:SmallMoleculeReference96,abstraction:ConsumptionControlledBy,reactome:ProteinReference8805
reactome:SmallMoleculeReference96,abstraction:ConsumptionControlledBy,reactome:ProteinReference1105
reactome:SmallMoleculeReference212,abstraction:ConsumptionControlledBy,reactome:ProteinReference927
reactome:SmallMoleculeReference16,abstraction:ConsumptionControlledBy,reactome:ProteinReference137
reactome:SmallMoleculeReference7,abstraction:ConsumptionControlledBy,reactome:ProteinReference5763
reactome:SmallMoleculeReference1735,abstraction:ConsumptionControlledBy,reactome:ProteinReference1236
reactome:SmallMoleculeReference120,abstraction:ConsumptionControlledBy,reactome:ProteinReference3388
reactome:SmallMoleculeReference1560,abstraction:ConsumptionControlledBy,reactome:ProteinReference1254
reactome:SmallMoleculeReference203,abstraction:ConsumptionControlledBy,reactome:ProteinReference9009
reactome:SmallMoleculeReference215,abstraction:ConsumptionControlledBy,reactome:ProteinReference856
reactome:SmallMoleculeReference225,abstraction:ConsumptionControlledBy,reactome:ProteinReference328
reactome:SmallMoleculeReference188,abstraction:ConsumptionControlledBy,reactome:ProteinReference304
reactome:SmallMoleculeReference1764,abstraction:ConsumptionControlledBy,reactome:ProteinReference28
reactome:SmallMoleculeReference6,abstraction:ConsumptionControlledBy,reactome:ProteinReference1706
reactome:SmallMoleculeReference1587,abstraction:ConsumptionControlledBy,reactome:ProteinReference2629
reactome:SmallMoleculeReference46,abstraction:ConsumptionControlledBy,reactome:ProteinReference1759
reactome:SmallMoleculeReference43,abstraction:ConsumptionControlledBy,reactome:ProteinReference152
reactome:SmallMoleculeReference1310,abstraction:ConsumptionControlledBy,reactome:ProteinReference2224
reactome:SmallMoleculeReference684,abstraction:ConsumptionControlledBy,reactome:ProteinReference1278
reactome:SmallMoleculeReference1218,abstraction:ConsumptionControlledBy,reactome:ProteinReference10683
reactome:SmallMoleculeReference1585,abstraction:ConsumptionControlledBy,reactome:ProteinReference2631
reactome:SmallMoleculeReference221,abstraction:ConsumptionControlledBy,reactome:ProteinReference329
reactome:SmallMoleculeReference174,abstraction:ConsumptionControlledBy,reactome:ProteinReference806
reactome:SmallMoleculeReference10,abstraction:ConsumptionControlledBy,reactome:ProteinReference10
reactome:SmallMoleculeReference649,abstraction:ConsumptionControlledBy,reactome:ProteinReference1188
reactome:SmallMoleculeReference130,abstraction:ConsumptionControlledBy,reactome:ProteinReference221
reactome:SmallMoleculeReference149,abstraction:ConsumptionControlledBy,reactome:ProteinReference231
reactome:SmallMoleculeReference754,abstraction:ConsumptionControlledBy,reactome:ProteinReference1381
reactome:SmallMoleculeReference43,abstraction:ConsumptionControlledBy,reactome:ProteinReference8797
reactome:SmallMoleculeReference1177,abstraction:ConsumptionControlledBy,reactome:ProteinReference2077
reactome:SmallMoleculeReference1825,abstraction:ConsumptionControlledBy,reactome:ProteinReference170
reactome:SmallMoleculeReference466,abstraction:ConsumptionControlledBy,reactome:ProteinReference5401
reactome:SmallMoleculeReference957,abstraction:ConsumptionControlledBy,reactome:ProteinReference1685
reactome:SmallMoleculeReference209,abstraction:ConsumptionControlledBy,reactome:ProteinReference4345
reactome:SmallMoleculeReference96,abstraction:ConsumptionControlledBy,reactome:ProteinReference1063
reactome:SmallMoleculeReference16,abstraction:ConsumptionControlledBy,reactome:ProteinReference11486
reactome:SmallMoleculeReference809,abstraction:ConsumptionControlledBy,reactome:ProteinReference1480
reactome:SmallMoleculeReference43,abstraction:ConsumptionControlledBy,reactome:ProteinReference12091
reactome:SmallMoleculeReference1784,abstraction:ConsumptionControlledBy,reactome:ProteinReference2709
reactome:SmallMoleculeReference207,abstraction:ConsumptionControlledBy,reactome:ProteinReference989
reactome:SmallMoleculeReference157,abstraction:ConsumptionControlledBy,reactome:ProteinReference2372
reactome:SmallMoleculeReference661,abstraction:ConsumptionControlledBy,reactome:ProteinReference1187
reactome:SmallMoleculeReference466,abstraction:ConsumptionControlledBy,reactome:ProteinReference6865
reactome:SmallMoleculeReference342,abstraction:ConsumptionControlledBy,reactome:ProteinReference1509
reactome:SmallMoleculeReference1930,abstraction:ConsumptionControlledBy,reactome:ProteinReference4787
reactome:SmallMoleculeReference1576,abstraction:ConsumptionControlledBy,reactome:ProteinReference2624
reactome:SmallMoleculeReference469,abstraction:ConsumptionControlledBy,reactome:ProteinReference1023
reactome:SmallMoleculeReference442,abstraction:ConsumptionControlledBy,reactome:ProteinReference983
reactome:SmallMoleculeReference96,abstraction:ConsumptionControlledBy,reactome:ProteinReference7594
reactome:SmallMoleculeReference96,abstraction:ConsumptionControlledBy,reactome:ProteinReference1086
reactome:SmallMoleculeReference1392,abstraction:ConsumptionControlledBy,reactome:ProteinReference2221
reactome:SmallMoleculeReference96,abstraction:ConsumptionControlledBy,reactome:ProteinReference9081
reactome:SmallMoleculeReference873,abstraction:ConsumptionControlledBy,reactome:ProteinReference4046
reactome:SmallMoleculeReference43,abstraction:ConsumptionControlledBy,reactome:ProteinReference463
reactome:SmallMoleculeReference874,abstraction:ConsumptionControlledBy,reactome:ProteinReference1646
reactome:SmallMoleculeReference2601,abstraction:ConsumptionControlledBy,reactome:ProteinReference4444
reactome:SmallMoleculeReference466,abstraction:ConsumptionControlledBy,reactome:ProteinReference1022
reactome:SmallMoleculeReference353,abstraction:ConsumptionControlledBy,reactome:ProteinReference743
reactome:SmallMoleculeReference391,abstraction:ConsumptionControlledBy,reactome:ProteinReference5297
reactome:SmallMoleculeReference1560,abstraction:ConsumptionControlledBy,reactome:ProteinReference1753
reactome:SmallMoleculeReference192,abstraction:ConsumptionControlledBy,reactome:ProteinReference2127
reactome:SmallMoleculeReference2551,abstraction:ConsumptionControlledBy,reactome:ProteinReference8437
reactome:SmallMoleculeReference2687,abstraction:ConsumptionControlledBy,reactome:ProteinReference6520
reactome:SmallMoleculeReference66,abstraction:ConsumptionControlledBy,reactome:ProteinReference2592
reactome:SmallMoleculeReference49,abstraction:ConsumptionControlledBy,reactome:ProteinReference423
reactome:SmallMoleculeReference1901,abstraction:ConsumptionControlledBy,reactome:ProteinReference4257
reactome:SmallMoleculeReference2687,abstraction:ConsumptionControlledBy,reactome:ProteinReference8832
reactome:SmallMoleculeReference754,abstraction:ConsumptionControlledBy,reactome:ProteinReference5268
reactome:SmallMoleculeReference1161,abstraction:ConsumptionControlledBy,reactome:ProteinReference1982
reactome:SmallMoleculeReference212,abstraction:ConsumptionControlledBy,reactome:ProteinReference4364
reactome:SmallMoleculeReference6,abstraction:ConsumptionControlledBy,reactome:ProteinReference4
reactome:SmallMoleculeReference96,abstraction:ConsumptionControlledBy,reactome:ProteinReference9097
reactome:SmallMoleculeReference120,abstraction:ConsumptionControlledBy,reactome:ProteinReference3956
reactome:SmallMoleculeReference1362,abstraction:ConsumptionControlledBy,reactome:ProteinReference2300
reactome:SmallMoleculeReference68,abstraction:ConsumptionControlledBy,reactome:ProteinReference2642
reactome:SmallMoleculeReference150,abstraction:ConsumptionControlledBy,reactome:ProteinReference254
reactome:SmallMoleculeReference120,abstraction:ConsumptionControlledBy,reactome:ProteinReference4561
reactome:SmallMoleculeReference393,abstraction:ConsumptionControlledBy,reactome:ProteinReference2081
reactome:SmallMoleculeReference120,abstraction:ConsumptionControlledBy,reactome:ProteinReference4458
reactome:SmallMoleculeReference7,abstraction:ConsumptionControlledBy,reactome:ProteinReference3039
reactome:SmallMoleculeReference1687,abstraction:ConsumptionControlledBy,reactome:ProteinReference2708
reactome:SmallMoleculeReference736,abstraction:ConsumptionControlledBy,reactome:ProteinReference1261
reactome:SmallMoleculeReference1228,abstraction:ConsumptionControlledBy,reactome:ProteinReference2111
reactome:SmallMoleculeReference1530,abstraction:ConsumptionControlledBy,reactome:ProteinReference2591
reactome:SmallMoleculeReference96,abstraction:ConsumptionControlledBy,reactome:ProteinReference2358
reactome:SmallMoleculeReference466,abstraction:ConsumptionControlledBy,reactome:ProteinReference357
reactome:SmallMoleculeReference126,abstraction:ConsumptionControlledBy,reactome:ProteinReference1826
reactome:SmallMoleculeReference389,abstraction:ConsumptionControlledBy,reactome:ProteinReference2650
reactome:SmallMoleculeReference261,abstraction:ConsumptionControlledBy,reactome:ProteinReference8916
reactome:SmallMoleculeReference96,abstraction:ConsumptionControlledBy,reactome:ProteinReference8855
reactome:SmallMoleculeReference81,abstraction:ConsumptionControlledBy,reactome:ProteinReference172
reactome:SmallMoleculeReference2601,abstraction:ConsumptionControlledBy,reactome:ProteinReference10384
reactome:SmallMoleculeReference342,abstraction:ConsumptionControlledBy,reactome:ProteinReference6470
reactome:SmallMoleculeReference209,abstraction:ConsumptionControlledBy,reactome:ProteinReference3963
reactome:SmallMoleculeReference574,abstraction:ConsumptionControlledBy,reactome:ProteinReference1242
reactome:SmallMoleculeReference653,abstraction:ConsumptionControlledBy,reactome:ProteinReference3966
reactome:SmallMoleculeReference7,abstraction:ConsumptionControlledBy,reactome:ProteinReference1023
reactome:SmallMoleculeReference203,abstraction:ConsumptionControlledBy,reactome:ProteinReference1061
reactome:SmallMoleculeReference117,abstraction:ConsumptionControlledBy,reactome:ProteinReference203
reactome:SmallMoleculeReference43,abstraction:ConsumptionControlledBy,reactome:ProteinReference11512
reactome:SmallMoleculeReference395,abstraction:ConsumptionControlledBy,reactome:ProteinReference6178
reactome:SmallMoleculeReference120,abstraction:ConsumptionControlledBy,reactome:ProteinReference3406
reactome:SmallMoleculeReference342,abstraction:ConsumptionControlledBy,reactome:ProteinReference680
reactome:SmallMoleculeReference342,abstraction:ConsumptionControlledBy,reactome:ProteinReference1495
reactome:SmallMoleculeReference96,abstraction:ConsumptionControlledBy,reactome:ProteinReference3162
reactome:SmallMoleculeReference309,abstraction:ConsumptionControlledBy,reactome:ProteinReference1275
reactome:SmallMoleculeReference123,abstraction:ConsumptionControlledBy,reactome:ProteinReference2652
reactome:SmallMoleculeReference50,abstraction:ConsumptionControlledBy,reactome:ProteinReference134
reactome:SmallMoleculeReference342,abstraction:ConsumptionControlledBy,reactome:ProteinReference1502
reactome:SmallMoleculeReference466,abstraction:ConsumptionControlledBy,reactome:ProteinReference3511
reactome:SmallMoleculeReference670,abstraction:ConsumptionControlledBy,reactome:ProteinReference1129
reactome:SmallMoleculeReference1160,abstraction:ConsumptionControlledBy,reactome:ProteinReference1917
reactome:SmallMoleculeReference466,abstraction:ConsumptionControlledBy,reactome:ProteinReference367
reactome:SmallMoleculeReference149,abstraction:ConsumptionControlledBy,reactome:ProteinReference1884
reactome:SmallMoleculeReference2601,abstraction:ConsumptionControlledBy,reactome:ProteinReference4442
reactome:SmallMoleculeReference46,abstraction:ConsumptionControlledBy,reactome:ProteinReference6297
reactome:SmallMoleculeReference16,abstraction:ConsumptionControlledBy,reactome:ProteinReference520
reactome:SmallMoleculeReference1210,abstraction:ConsumptionControlledBy,reactome:ProteinReference2135
reactome:SmallMoleculeReference2601,abstraction:ConsumptionControlledBy,reactome:ProteinReference10611
reactome:SmallMoleculeReference466,abstraction:ConsumptionControlledBy,reactome:ProteinReference5854
reactome:SmallMoleculeReference1206,abstraction:ConsumptionControlledBy,reactome:ProteinReference2087
reactome:SmallMoleculeReference319,abstraction:ConsumptionControlledBy,reactome:ProteinReference1624
reactome:SmallMoleculeReference1381,abstraction:ConsumptionControlledBy,reactome:ProteinReference2320
reactome:SmallMoleculeReference96,abstraction:ConsumptionControlledBy,reactome:ProteinReference10585
reactome:SmallMoleculeReference159,abstraction:ConsumptionControlledBy,reactome:ProteinReference2323
reactome:SmallMoleculeReference139,abstraction:ConsumptionControlledBy,reactome:ProteinReference2750
reactome:SmallMoleculeReference2101,abstraction:ConsumptionControlledBy,reactome:ProteinReference89
reactome:SmallMoleculeReference120,abstraction:ConsumptionControlledBy,reactome:ProteinReference3416
reactome:SmallMoleculeReference45,abstraction:ConsumptionControlledBy,reactome:ProteinReference1691
reactome:SmallMoleculeReference1180,abstraction:ConsumptionControlledBy,reactome:ProteinReference2069
reactome:SmallMoleculeReference155,abstraction:ConsumptionControlledBy,reactome:ProteinReference243
reactome:SmallMoleculeReference604,abstraction:ConsumptionControlledBy,reactome:ProteinReference1237
reactome:SmallMoleculeReference1007,abstraction:ConsumptionControlledBy,reactome:ProteinReference1369
reactome:SmallMoleculeReference496,abstraction:ConsumptionControlledBy,reactome:ProteinReference1254
reactome:SmallMoleculeReference342,abstraction:ConsumptionControlledBy,reactome:ProteinReference1730
reactome:SmallMoleculeReference384,abstraction:ConsumptionControlledBy,reactome:ProteinReference2178
reactome:SmallMoleculeReference409,abstraction:ConsumptionControlledBy,reactome:ProteinReference869
reactome:SmallMoleculeReference203,abstraction:ConsumptionControlledBy,reactome:ProteinReference8983
reactome:SmallMoleculeReference48,abstraction:ConsumptionControlledBy,reactome:ProteinReference111
reactome:SmallMoleculeReference1386,abstraction:ConsumptionControlledBy,reactome:ProteinReference2339
reactome:SmallMoleculeReference120,abstraction:ConsumptionControlledBy,reactome:ProteinReference3392
reactome:SmallMoleculeReference169,abstraction:ConsumptionControlledBy,reactome:ProteinReference2071
reactome:SmallMoleculeReference511,abstraction:ConsumptionControlledBy,reactome:ProteinReference1185
reactome:SmallMoleculeReference46,abstraction:ConsumptionControlledBy,reactome:ProteinReference552
reactome:SmallMoleculeReference120,abstraction:ConsumptionControlledBy,reactome:ProteinReference11350
reactome:SmallMoleculeReference120,abstraction:ConsumptionControlledBy,reactome:ProteinReference2328
reactome:SmallMoleculeReference100,abstraction:ConsumptionControlledBy,reactome:ProteinReference1064
reactome:SmallMoleculeReference466,abstraction:ConsumptionControlledBy,reactome:ProteinReference5846
reactome:SmallMoleculeReference43,abstraction:ConsumptionControlledBy,reactome:ProteinReference456
reactome:SmallMoleculeReference96,abstraction:ConsumptionControlledBy,reactome:ProteinReference4847
reactome:SmallMoleculeReference69,abstraction:ConsumptionControlledBy,reactome:ProteinReference181
reactome:SmallMoleculeReference1744,abstraction:ConsumptionControlledBy,reactome:ProteinReference2757
reactome:SmallMoleculeReference46,abstraction:ConsumptionControlledBy,reactome:ProteinReference12081
reactome:SmallMoleculeReference1209,abstraction:ConsumptionControlledBy,reactome:ProteinReference2082
reactome:SmallMoleculeReference652,abstraction:ConsumptionControlledBy,reactome:ProteinReference1260
reactome:SmallMoleculeReference715,abstraction:ConsumptionControlledBy,reactome:ProteinReference1307
reactome:SmallMoleculeReference957,abstraction:ConsumptionControlledBy,reactome:ProteinReference1137
reactome:SmallMoleculeReference96,abstraction:ConsumptionControlledBy,reactome:ProteinReference8497
reactome:SmallMoleculeReference1775,abstraction:ConsumptionControlledBy,reactome:ProteinReference26
reactome:SmallMoleculeReference710,abstraction:ConsumptionControlledBy,reactome:ProteinReference1874
reactome:SmallMoleculeReference1221,abstraction:ConsumptionControlledBy,reactome:ProteinReference2103
reactome:SmallMoleculeReference203,abstraction:ConsumptionControlledBy,reactome:ProteinReference9022
reactome:SmallMoleculeReference16,abstraction:ConsumptionControlledBy,reactome:ProteinReference6891
reactome:SmallMoleculeReference454,abstraction:ConsumptionControlledBy,reactome:ProteinReference992
reactome:SmallMoleculeReference144,abstraction:ConsumptionControlledBy,reactome:ProteinReference2337
reactome:SmallMoleculeReference1930,abstraction:ConsumptionControlledBy,reactome:ProteinReference1529
reactome:SmallMoleculeReference138,abstraction:ConsumptionControlledBy,reactome:ProteinReference223
reactome:SmallMoleculeReference46,abstraction:ConsumptionControlledBy,reactome:ProteinReference104
reactome:SmallMoleculeReference1930,abstraction:ConsumptionControlledBy,reactome:ProteinReference4824
reactome:SmallMoleculeReference7,abstraction:ConsumptionControlledBy,reactome:ProteinReference1430
reactome:SmallMoleculeReference1431,abstraction:ConsumptionControlledBy,reactome:ProteinReference2398
reactome:SmallMoleculeReference2864,abstraction:ConsumptionControlledBy,reactome:ProteinReference11445
reactome:SmallMoleculeReference159,abstraction:ConsumptionControlledBy,reactome:ProteinReference10448
reactome:SmallMoleculeReference425,abstraction:ConsumptionControlledBy,reactome:ProteinReference866
reactome:SmallMoleculeReference1306,abstraction:ConsumptionControlledBy,reactome:ProteinReference2217
reactome:SmallMoleculeReference140,abstraction:ConsumptionControlledBy,reactome:ProteinReference2432
reactome:SmallMoleculeReference307,abstraction:ConsumptionControlledBy,reactome:ProteinReference1381
reactome:SmallMoleculeReference46,abstraction:ConsumptionControlledBy,reactome:ProteinReference6280
reactome:SmallMoleculeReference215,abstraction:ConsumptionControlledBy,reactome:ProteinReference2620
reactome:SmallMoleculeReference752,abstraction:ConsumptionControlledBy,reactome:ProteinReference12047
reactome:SmallMoleculeReference1258,abstraction:ConsumptionControlledBy,reactome:ProteinReference2164
reactome:SmallMoleculeReference515,abstraction:ConsumptionControlledBy,reactome:ProteinReference1190
reactome:SmallMoleculeReference466,abstraction:ConsumptionControlledBy,reactome:ProteinReference4149
reactome:SmallMoleculeReference2101,abstraction:ConsumptionControlledBy,reactome:ProteinReference90
reactome:SmallMoleculeReference43,abstraction:ConsumptionControlledBy,reactome:ProteinReference354
reactome:SmallMoleculeReference1930,abstraction:ConsumptionControlledBy,reactome:ProteinReference4840
reactome:SmallMoleculeReference347,abstraction:ConsumptionControlledBy,reactome:ProteinReference720
reactome:SmallMoleculeReference1574,abstraction:ConsumptionControlledBy,reactome:ProteinReference1254
reactome:SmallMoleculeReference1,abstraction:ConsumptionControlledBy,reactome:ProteinReference141
reactome:SmallMoleculeReference298,abstraction:ConsumptionControlledBy,reactome:ProteinReference11618
reactome:SmallMoleculeReference48,abstraction:ConsumptionControlledBy,reactome:ProteinReference8478
reactome:SmallMoleculeReference207,abstraction:ConsumptionControlledBy,reactome:ProteinReference884
reactome:SmallMoleculeReference140,abstraction:ConsumptionControlledBy,reactome:ProteinReference2439
reactome:SmallMoleculeReference647,abstraction:ConsumptionControlledBy,reactome:ProteinReference1188
reactome:SmallMoleculeReference356,abstraction:ConsumptionControlledBy,reactome:ProteinReference752
reactome:SmallMoleculeReference46,abstraction:ConsumptionControlledBy,reactome:ProteinReference12159
reactome:SmallMoleculeReference478,abstraction:ConsumptionControlledBy,reactome:ProteinReference1039
reactome:SmallMoleculeReference43,abstraction:ConsumptionControlledBy,reactome:ProteinReference12076
reactome:SmallMoleculeReference512,abstraction:ConsumptionControlledBy,reactome:ProteinReference1170
reactome:SmallMoleculeReference835,abstraction:ConsumptionControlledBy,reactome:ProteinReference1587
reactome:SmallMoleculeReference43,abstraction:ConsumptionControlledBy,reactome:ProteinReference353
reactome:SmallMoleculeReference16,abstraction:ConsumptionControlledBy,reactome:ProteinReference513
reactome:SmallMoleculeReference466,abstraction:ConsumptionControlledBy,reactome:ProteinReference6687
reactome:SmallMoleculeReference96,abstraction:ConsumptionControlledBy,reactome:ProteinReference2466
reactome:SmallMoleculeReference1160,abstraction:ConsumptionControlledBy,reactome:ProteinReference1942
reactome:SmallMoleculeReference1292,abstraction:ConsumptionControlledBy,reactome:ProteinReference2202
reactome:SmallMoleculeReference309,abstraction:ConsumptionControlledBy,reactome:ProteinReference1564
reactome:SmallMoleculeReference203,abstraction:ConsumptionControlledBy,reactome:ProteinReference9017
reactome:SmallMoleculeReference75,abstraction:ConsumptionControlledBy,reactome:ProteinReference170
reactome:SmallMoleculeReference808,abstraction:ConsumptionControlledBy,reactome:ProteinReference7261
reactome:SmallMoleculeReference207,abstraction:ConsumptionControlledBy,reactome:ProteinReference3373
reactome:SmallMoleculeReference470,abstraction:ConsumptionControlledBy,reactome:ProteinReference1042
reactome:SmallMoleculeReference2101,abstraction:ConsumptionControlledBy,reactome:ProteinReference73
reactome:SmallMoleculeReference184,abstraction:ConsumptionControlledBy,reactome:ProteinReference1048
reactome:SmallMoleculeReference42,abstraction:ConsumptionControlledBy,reactome:ProteinReference8979
reactome:SmallMoleculeReference1383,abstraction:ConsumptionControlledBy,reactome:ProteinReference2326
reactome:SmallMoleculeReference142,abstraction:ConsumptionControlledBy,reactome:ProteinReference6234
reactome:SmallMoleculeReference120,abstraction:ConsumptionControlledBy,reactome:ProteinReference4549
reactome:SmallMoleculeReference122,abstraction:ConsumptionControlledBy,reactome:ProteinReference217
reactome:SmallMoleculeReference566,abstraction:ConsumptionControlledBy,reactome:ProteinReference1229
reactome:SmallMoleculeReference163,abstraction:ConsumptionControlledBy,reactome:ProteinReference262
reactome:SmallMoleculeReference1874,abstraction:ConsumptionControlledBy,reactome:ProteinReference901
reactome:SmallMoleculeReference819,abstraction:ConsumptionControlledBy,reactome:ProteinReference1558
reactome:SmallMoleculeReference207,abstraction:ConsumptionControlledBy,reactome:ProteinReference3403
reactome:SmallMoleculeReference1571,abstraction:ConsumptionControlledBy,reactome:ProteinReference2625
reactome:SmallMoleculeReference659,abstraction:ConsumptionControlledBy,reactome:ProteinReference1223
reactome:SmallMoleculeReference466,abstraction:ConsumptionControlledBy,reactome:ProteinReference9467
reactome:SmallMoleculeReference102,abstraction:ConsumptionControlledBy,reactome:ProteinReference1064
reactome:SmallMoleculeReference190,abstraction:ConsumptionControlledBy,reactome:ProteinReference305
reactome:SmallMoleculeReference1732,abstraction:ConsumptionControlledBy,reactome:ProteinReference2626
reactome:SmallMoleculeReference1274,abstraction:ConsumptionControlledBy,reactome:ProteinReference2167
reactome:SmallMoleculeReference1559,abstraction:ConsumptionControlledBy,reactome:ProteinReference2683
reactome:SmallMoleculeReference158,abstraction:ConsumptionControlledBy,reactome:ProteinReference2586
reactome:SmallMoleculeReference16,abstraction:ConsumptionControlledBy,reactome:ProteinReference529
reactome:SmallMoleculeReference170,abstraction:ConsumptionControlledBy,reactome:ProteinReference273
reactome:SmallMoleculeReference1613,abstraction:ConsumptionControlledBy,reactome:ProteinReference2649
reactome:SmallMoleculeReference1530,abstraction:ConsumptionControlledBy,reactome:ProteinReference2594
reactome:SmallMoleculeReference104,abstraction:ConsumptionControlledBy,reactome:ProteinReference187
reactome:SmallMoleculeReference1574,abstraction:ConsumptionControlledBy,reactome:ProteinReference1753
reactome:SmallMoleculeReference209,abstraction:ConsumptionControlledBy,reactome:ProteinReference889
reactome:SmallMoleculeReference43,abstraction:ConsumptionControlledBy,reactome:ProteinReference12151
reactome:SmallMoleculeReference2687,abstraction:ConsumptionControlledBy,reactome:ProteinReference8831
reactome:SmallMoleculeReference261,abstraction:ConsumptionControlledBy,reactome:ProteinReference477
reactome:SmallMoleculeReference299,abstraction:ConsumptionControlledBy,reactome:ProteinReference689
reactome:SmallMoleculeReference96,abstraction:ConsumptionControlledBy,reactome:ProteinReference9064
reactome:SmallMoleculeReference46,abstraction:ConsumptionControlledBy,reactome:ProteinReference581
reactome:SmallMoleculeReference2426,abstraction:ConsumptionControlledBy,reactome:ProteinReference7702
reactome:SmallMoleculeReference566,abstraction:ConsumptionControlledBy,reactome:ProteinReference1212
reactome:SmallMoleculeReference1214,abstraction:ConsumptionControlledBy,reactome:ProteinReference2103
reactome:SmallMoleculeReference45,abstraction:ConsumptionControlledBy,reactome:ProteinReference228
reactome:SmallMoleculeReference119,abstraction:ConsumptionControlledBy,reactome:ProteinReference204
reactome:SmallMoleculeReference100,abstraction:ConsumptionControlledBy,reactome:ProteinReference1693
reactome:SmallMoleculeReference812,abstraction:ConsumptionControlledBy,reactome:ProteinReference1488
reactome:SmallMoleculeReference1,abstraction:ConsumptionControlledBy,reactome:ProteinReference137
reactome:SmallMoleculeReference126,abstraction:ConsumptionControlledBy,reactome:ProteinReference740
reactome:SmallMoleculeReference743,abstraction:ConsumptionControlledBy,reactome:ProteinReference2601
reactome:SmallMoleculeReference2601,abstraction:ConsumptionControlledBy,reactome:ProteinReference4729
reactome:SmallMoleculeReference209,abstraction:ConsumptionControlledBy,reactome:ProteinReference4352
reactome:SmallMoleculeReference43,abstraction:ConsumptionControlledBy,reactome:ProteinReference11557
reactome:SmallMoleculeReference601,abstraction:ConsumptionControlledBy,reactome:ProteinReference1135
reactome:SmallMoleculeReference145,abstraction:ConsumptionControlledBy,reactome:ProteinReference2432
reactome:SmallMoleculeReference1696,abstraction:ConsumptionControlledBy,reactome:ProteinReference1251
reactome:SmallMoleculeReference45,abstraction:ConsumptionControlledBy,reactome:ProteinReference10938
reactome:SmallMoleculeReference169,abstraction:ConsumptionControlledBy,reactome:ProteinReference272
reactome:SmallMoleculeReference342,abstraction:ConsumptionControlledBy,reactome:ProteinReference5514
reactome:SmallMoleculeReference476,abstraction:ConsumptionControlledBy,reactome:ProteinReference1032
reactome:SmallMoleculeReference54,abstraction:ConsumptionControlledBy,reactome:ProteinReference568
reactome:SmallMoleculeReference1762,abstraction:ConsumptionControlledBy,reactome:ProteinReference2074
reactome:SmallMoleculeReference49,abstraction:ConsumptionControlledBy,reactome:ProteinReference127
reactome:SmallMoleculeReference2601,abstraction:ConsumptionControlledBy,reactome:ProteinReference9758
reactome:SmallMoleculeReference768,abstraction:ConsumptionControlledBy,reactome:ProteinReference1376
reactome:SmallMoleculeReference522,abstraction:ConsumptionControlledBy,reactome:ProteinReference1192
reactome:SmallMoleculeReference437,abstraction:ConsumptionControlledBy,reactome:ProteinReference980
reactome:SmallMoleculeReference1226,abstraction:ConsumptionControlledBy,reactome:ProteinReference2776
reactome:SmallMoleculeReference1580,abstraction:ConsumptionControlledBy,reactome:ProteinReference2643
reactome:SmallMoleculeReference211,abstraction:ConsumptionControlledBy,reactome:ProteinReference895
reactome:SmallMoleculeReference466,abstraction:ConsumptionControlledBy,reactome:ProteinReference8253
reactome:SmallMoleculeReference1571,abstraction:ConsumptionControlledBy,reactome:ProteinReference2620
reactome:SmallMoleculeReference128,abstraction:ConsumptionControlledBy,reactome:ProteinReference1832
reactome:SmallMoleculeReference203,abstraction:ConsumptionControlledBy,reactome:ProteinReference1146
reactome:SmallMoleculeReference145,abstraction:ConsumptionControlledBy,reactome:ProteinReference2439
reactome:SmallMoleculeReference920,abstraction:ConsumptionControlledBy,reactome:ProteinReference1678
reactome:SmallMoleculeReference261,abstraction:ConsumptionControlledBy,reactome:ProteinReference479
reactome:SmallMoleculeReference359,abstraction:ConsumptionControlledBy,reactome:ProteinReference4054
reactome:SmallMoleculeReference1825,abstraction:ConsumptionControlledBy,reactome:ProteinReference393
reactome:SmallMoleculeReference1627,abstraction:ConsumptionControlledBy,reactome:ProteinReference2654
reactome:SmallMoleculeReference154,abstraction:ConsumptionControlledBy,reactome:ProteinReference2094
reactome:SmallMoleculeReference135,abstraction:ConsumptionControlledBy,reactome:ProteinReference213
reactome:SmallMoleculeReference468,abstraction:ConsumptionControlledBy,reactome:ProteinReference5625
reactome:SmallMoleculeReference96,abstraction:ConsumptionControlledBy,reactome:ProteinReference3296
reactome:SmallMoleculeReference1535,abstraction:ConsumptionControlledBy,reactome:ProteinReference2606
reactome:SmallMoleculeReference1311,abstraction:ConsumptionControlledBy,reactome:ProteinReference2225
reactome:SmallMoleculeReference1226,abstraction:ConsumptionControlledBy,reactome:ProteinReference2787
reactome:SmallMoleculeReference96,abstraction:ConsumptionControlledBy,reactome:ProteinReference3290
reactome:SmallMoleculeReference2601,abstraction:ConsumptionControlledBy,reactome:ProteinReference10383
reactome:SmallMoleculeReference120,abstraction:ConsumptionControlledBy,reactome:ProteinReference8267
reactome:SmallMoleculeReference790,abstraction:ConsumptionControlledBy,reactome:ProteinReference1416
reactome:SmallMoleculeReference659,abstraction:ConsumptionControlledBy,reactome:ProteinReference2623
reactome:SmallMoleculeReference159,abstraction:ConsumptionControlledBy,reactome:ProteinReference1823
reactome:SmallMoleculeReference43,abstraction:ConsumptionControlledBy,reactome:ProteinReference12074
reactome:SmallMoleculeReference7,abstraction:ConsumptionControlledBy,reactome:ProteinReference1757
reactome:SmallMoleculeReference203,abstraction:ConsumptionControlledBy,reactome:ProteinReference1441
reactome:SmallMoleculeReference1869,abstraction:ConsumptionControlledBy,reactome:ProteinReference1597
reactome:SmallMoleculeReference7,abstraction:ConsumptionControlledBy,reactome:ProteinReference1756
reactome:SmallMoleculeReference45,abstraction:ConsumptionControlledBy,reactome:ProteinReference10750
reactome:SmallMoleculeReference96,abstraction:ConsumptionControlledBy,reactome:ProteinReference5112
reactome:SmallMoleculeReference1930,abstraction:ConsumptionControlledBy,reactome:ProteinReference4822
reactome:SmallMoleculeReference16,abstraction:ConsumptionControlledBy,reactome:ProteinReference228
reactome:SmallMoleculeReference159,abstraction:ConsumptionControlledBy,reactome:ProteinReference240
reactome:SmallMoleculeReference205,abstraction:ConsumptionControlledBy,reactome:ProteinReference2082
reactome:SmallMoleculeReference7,abstraction:ConsumptionControlledBy,reactome:ProteinReference9910
reactome:SmallMoleculeReference317,abstraction:ConsumptionControlledBy,reactome:ProteinReference1624
reactome:SmallMoleculeReference674,abstraction:ConsumptionControlledBy,reactome:ProteinReference1275
reactome:SmallMoleculeReference174,abstraction:ConsumptionControlledBy,reactome:ProteinReference291
reactome:SmallMoleculeReference673,abstraction:ConsumptionControlledBy,reactome:ProteinReference1275
reactome:SmallMoleculeReference342,abstraction:ConsumptionControlledBy,reactome:ProteinReference6421
reactome:SmallMoleculeReference206,abstraction:ConsumptionControlledBy,reactome:ProteinReference2154
reactome:SmallMoleculeReference1784,abstraction:ConsumptionControlledBy,reactome:ProteinReference24
reactome:SmallMoleculeReference378,abstraction:ConsumptionControlledBy,reactome:ProteinReference840
reactome:SmallMoleculeReference1716,abstraction:ConsumptionControlledBy,reactome:ProteinReference2739
reactome:SmallMoleculeReference203,abstraction:ConsumptionControlledBy,reactome:ProteinReference4499
reactome:SmallMoleculeReference46,abstraction:ConsumptionControlledBy,reactome:ProteinReference10751
reactome:SmallMoleculeReference1241,abstraction:ConsumptionControlledBy,reactome:ProteinReference2146
reactome:SmallMoleculeReference1193,abstraction:ConsumptionControlledBy,reactome:ProteinReference2072
reactome:SmallMoleculeReference394,abstraction:ConsumptionControlledBy,reactome:ProteinReference6202
reactome:SmallMoleculeReference714,abstraction:ConsumptionControlledBy,reactome:ProteinReference1264
reactome:SmallMoleculeReference2530,abstraction:ConsumptionControlledBy,reactome:ProteinReference8342
reactome:SmallMoleculeReference207,abstraction:ConsumptionControlledBy,reactome:ProteinReference994
reactome:SmallMoleculeReference309,abstraction:ConsumptionControlledBy,reactome:ProteinReference1563
reactome:SmallMoleculeReference15,abstraction:ConsumptionControlledBy,reactome:ProteinReference32
reactome:SmallMoleculeReference1148,abstraction:ConsumptionControlledBy,reactome:ProteinReference1881
reactome:SmallMoleculeReference96,abstraction:ConsumptionControlledBy,reactome:ProteinReference3163
reactome:SmallMoleculeReference159,abstraction:ConsumptionControlledBy,reactome:ProteinReference2255
reactome:SmallMoleculeReference43,abstraction:ConsumptionControlledBy,reactome:ProteinReference11524
reactome:SmallMoleculeReference43,abstraction:ConsumptionControlledBy,reactome:ProteinReference12084
reactome:SmallMoleculeReference466,abstraction:ConsumptionControlledBy,reactome:ProteinReference5869
reactome:SmallMoleculeReference45,abstraction:ConsumptionControlledBy,reactome:ProteinReference11508
reactome:SmallMoleculeReference97,abstraction:ConsumptionControlledBy,reactome:ProteinReference1679
reactome:SmallMoleculeReference45,abstraction:ConsumptionControlledBy,reactome:ProteinReference6885
reactome:SmallMoleculeReference159,abstraction:ConsumptionControlledBy,reactome:ProteinReference2438
reactome:SmallMoleculeReference66,abstraction:ConsumptionControlledBy,reactome:ProteinReference1350
reactome:SmallMoleculeReference1206,abstraction:ConsumptionControlledBy,reactome:ProteinReference2101
reactome:SmallMoleculeReference145,abstraction:ConsumptionControlledBy,reactome:ProteinReference231
reactome:SmallMoleculeReference1341,abstraction:ConsumptionControlledBy,reactome:ProteinReference2276
reactome:SmallMoleculeReference45,abstraction:ConsumptionControlledBy,reactome:ProteinReference7753
reactome:SmallMoleculeReference120,abstraction:ConsumptionControlledBy,reactome:ProteinReference4554
reactome:SmallMoleculeReference7,abstraction:ConsumptionControlledBy,reactome:ProteinReference1393
reactome:SmallMoleculeReference1730,abstraction:ConsumptionControlledBy,reactome:ProteinReference26
reactome:SmallMoleculeReference1601,abstraction:ConsumptionControlledBy,reactome:ProteinReference2631
reactome:SmallMoleculeReference157,abstraction:ConsumptionControlledBy,reactome:ProteinReference2064
reactome:SmallMoleculeReference2687,abstraction:ConsumptionControlledBy,reactome:ProteinReference9230
reactome:SmallMoleculeReference154,abstraction:ConsumptionControlledBy,reactome:ProteinReference2093
reactome:SmallMoleculeReference1208,abstraction:ConsumptionControlledBy,reactome:ProteinReference2103
reactome:SmallMoleculeReference7,abstraction:ConsumptionControlledBy,reactome:ProteinReference6293
reactome:SmallMoleculeReference132,abstraction:ConsumptionControlledBy,reactome:ProteinReference214
reactome:SmallMoleculeReference975,abstraction:ConsumptionControlledBy,reactome:ProteinReference1718
reactome:SmallMoleculeReference466,abstraction:ConsumptionControlledBy,reactome:ProteinReference6857
reactome:SmallMoleculeReference48,abstraction:ConsumptionControlledBy,reactome:ProteinReference116
reactome:SmallMoleculeReference213,abstraction:ConsumptionControlledBy,reactome:ProteinReference1001
reactome:SmallMoleculeReference261,abstraction:ConsumptionControlledBy,reactome:ProteinReference474
reactome:SmallMoleculeReference700,abstraction:ConsumptionControlledBy,reactome:ProteinReference1276
reactome:SmallMoleculeReference159,abstraction:ConsumptionControlledBy,reactome:ProteinReference2718
reactome:SmallMoleculeReference1925,abstraction:ConsumptionControlledBy,reactome:ProteinReference4363
reactome:SmallMoleculeReference101,abstraction:ConsumptionControlledBy,reactome:ProteinReference26
reactome:SmallMoleculeReference260,abstraction:ConsumptionControlledBy,reactome:ProteinReference479
reactome:SmallMoleculeReference213,abstraction:ConsumptionControlledBy,reactome:ProteinReference987
reactome:SmallMoleculeReference473,abstraction:ConsumptionControlledBy,reactome:ProteinReference1027
reactome:SmallMoleculeReference46,abstraction:ConsumptionControlledBy,reactome:ProteinReference11461
reactome:SmallMoleculeReference140,abstraction:ConsumptionControlledBy,reactome:ProteinReference243
reactome:SmallMoleculeReference514,abstraction:ConsumptionControlledBy,reactome:ProteinReference1182
reactome:SmallMoleculeReference174,abstraction:ConsumptionControlledBy,reactome:ProteinReference833
reactome:SmallMoleculeReference1160,abstraction:ConsumptionControlledBy,reactome:ProteinReference1912
reactome:SmallMoleculeReference299,abstraction:ConsumptionControlledBy,reactome:ProteinReference11616
reactome:SmallMoleculeReference1269,abstraction:ConsumptionControlledBy,reactome:ProteinReference2156
reactome:SmallMoleculeReference2582,abstraction:ConsumptionControlledBy,reactome:ProteinReference8442
reactome:SmallMoleculeReference692,abstraction:ConsumptionControlledBy,reactome:ProteinReference1278
reactome:SmallMoleculeReference887,abstraction:ConsumptionControlledBy,reactome:ProteinReference1659
reactome:SmallMoleculeReference96,abstraction:ConsumptionControlledBy,reactome:ProteinReference10239
reactome:SmallMoleculeReference1143,abstraction:ConsumptionControlledBy,reactome:ProteinReference2545
reactome:SmallMoleculeReference466,abstraction:ConsumptionControlledBy,reactome:ProteinReference5782
reactome:SmallMoleculeReference45,abstraction:ConsumptionControlledBy,reactome:ProteinReference1052
reactome:SmallMoleculeReference2601,abstraction:ConsumptionControlledBy,reactome:ProteinReference58
reactome:SmallMoleculeReference43,abstraction:ConsumptionControlledBy,reactome:ProteinReference11539
reactome:SmallMoleculeReference470,abstraction:ConsumptionControlledBy,reactome:ProteinReference1046
reactome:SmallMoleculeReference46,abstraction:ConsumptionControlledBy,reactome:ProteinReference1794
reactome:SmallMoleculeReference146,abstraction:ConsumptionControlledBy,reactome:ProteinReference259
reactome:SmallMoleculeReference1387,abstraction:ConsumptionControlledBy,reactome:ProteinReference2337
reactome:SmallMoleculeReference118,abstraction:ConsumptionControlledBy,reactome:ProteinReference207
reactome:SmallMoleculeReference221,abstraction:ConsumptionControlledBy,reactome:ProteinReference327
reactome:SmallMoleculeReference1575,abstraction:ConsumptionControlledBy,reactome:ProteinReference2678
reactome:SmallMoleculeReference215,abstraction:ConsumptionControlledBy,reactome:ProteinReference966
reactome:SmallMoleculeReference391,abstraction:ConsumptionControlledBy,reactome:ProteinReference8335
reactome:SmallMoleculeReference207,abstraction:ConsumptionControlledBy,reactome:ProteinReference3385
reactome:SmallMoleculeReference1215,abstraction:ConsumptionControlledBy,reactome:ProteinReference2092
reactome:SmallMoleculeReference951,abstraction:ConsumptionControlledBy,reactome:ProteinReference1136
reactome:SmallMoleculeReference76,abstraction:ConsumptionControlledBy,reactome:ProteinReference170
reactome:SmallMoleculeReference230,abstraction:ConsumptionControlledBy,reactome:ProteinReference341
reactome:SmallMoleculeReference194,abstraction:ConsumptionControlledBy,reactome:ProteinReference308
reactome:SmallMoleculeReference812,abstraction:ConsumptionControlledBy,reactome:ProteinReference1026
reactome:SmallMoleculeReference1460,abstraction:ConsumptionControlledBy,reactome:ProteinReference2425
reactome:SmallMoleculeReference1716,abstraction:ConsumptionControlledBy,reactome:ProteinReference2740
reactome:SmallMoleculeReference12,abstraction:ConsumptionControlledBy,reactome:ProteinReference16
reactome:SmallMoleculeReference120,abstraction:ConsumptionControlledBy,reactome:ProteinReference3391
reactome:SmallMoleculeReference119,abstraction:ConsumptionControlledBy,reactome:ProteinReference7636
reactome:SmallMoleculeReference96,abstraction:ConsumptionControlledBy,reactome:ProteinReference3292
reactome:SmallMoleculeReference302,abstraction:ConsumptionControlledBy,reactome:ProteinReference2200
reactome:SmallMoleculeReference598,abstraction:ConsumptionControlledBy,reactome:ProteinReference1229
reactome:SmallMoleculeReference96,abstraction:ConsumptionControlledBy,reactome:ProteinReference5404
reactome:SmallMoleculeReference89,abstraction:ConsumptionControlledBy,reactome:ProteinReference173
reactome:SmallMoleculeReference960,abstraction:ConsumptionControlledBy,reactome:ProteinReference2303
reactome:SmallMoleculeReference55,abstraction:ConsumptionControlledBy,reactome:ProteinReference146
reactome:SmallMoleculeReference96,abstraction:ConsumptionControlledBy,reactome:ProteinReference7597
reactome:SmallMoleculeReference209,abstraction:ConsumptionControlledBy,reactome:ProteinReference4349
reactome:SmallMoleculeReference150,abstraction:ConsumptionControlledBy,reactome:ProteinReference1452
reactome:SmallMoleculeReference454,abstraction:ConsumptionControlledBy,reactome:ProteinReference994
reactome:SmallMoleculeReference2645,abstraction:ConsumptionControlledBy,reactome:ProteinReference3719
reactome:SmallMoleculeReference43,abstraction:ConsumptionControlledBy,reactome:ProteinReference12092
reactome:SmallMoleculeReference164,abstraction:ConsumptionControlledBy,reactome:ProteinReference252
reactome:SmallMoleculeReference481,abstraction:ConsumptionControlledBy,reactome:ProteinReference1036
reactome:SmallMoleculeReference342,abstraction:ConsumptionControlledBy,reactome:ProteinReference1496
reactome:SmallMoleculeReference130,abstraction:ConsumptionControlledBy,reactome:ProteinReference219
reactome:SmallMoleculeReference1226,abstraction:ConsumptionControlledBy,reactome:ProteinReference2800
reactome:SmallMoleculeReference393,abstraction:ConsumptionControlledBy,reactome:ProteinReference2116
reactome:SmallMoleculeReference203,abstraction:ConsumptionControlledBy,reactome:ProteinReference2709
reactome:SmallMoleculeReference569,abstraction:ConsumptionControlledBy,reactome:ProteinReference2731
reactome:SmallMoleculeReference821,abstraction:ConsumptionControlledBy,reactome:ProteinReference1566
reactome:SmallMoleculeReference104,abstraction:ConsumptionControlledBy,reactome:ProteinReference2694
reactome:SmallMoleculeReference653,abstraction:ConsumptionControlledBy,reactome:ProteinReference1416
reactome:SmallMoleculeReference144,abstraction:ConsumptionControlledBy,reactome:ProteinReference248
reactome:SmallMoleculeReference96,abstraction:ConsumptionControlledBy,reactome:ProteinReference5283
reactome:SmallMoleculeReference466,abstraction:ConsumptionControlledBy,reactome:ProteinReference5839
reactome:SmallMoleculeReference120,abstraction:ConsumptionControlledBy,reactome:ProteinReference642
reactome:SmallMoleculeReference260,abstraction:ConsumptionControlledBy,reactome:ProteinReference474
reactome:SmallMoleculeReference16,abstraction:ConsumptionControlledBy,reactome:ProteinReference11483
reactome:SmallMoleculeReference142,abstraction:ConsumptionControlledBy,reactome:ProteinReference6229
reactome:SmallMoleculeReference1559,abstraction:ConsumptionControlledBy,reactome:ProteinReference2676
reactome:SmallMoleculeReference1580,abstraction:ConsumptionControlledBy,reactome:ProteinReference2647
reactome:SmallMoleculeReference466,abstraction:ConsumptionControlledBy,reactome:ProteinReference5788
reactome:SmallMoleculeReference812,abstraction:ConsumptionControlledBy,reactome:ProteinReference1533
reactome:SmallMoleculeReference126,abstraction:ConsumptionControlledBy,reactome:ProteinReference214
reactome:SmallMoleculeReference1373,abstraction:ConsumptionControlledBy,reactome:ProteinReference2302
reactome:SmallMoleculeReference1160,abstraction:ConsumptionControlledBy,reactome:ProteinReference1904
reactome:SmallMoleculeReference2101,abstraction:ConsumptionControlledBy,reactome:ProteinReference4773
reactome:SmallMoleculeReference1569,abstraction:ConsumptionControlledBy,reactome:ProteinReference2629
reactome:SmallMoleculeReference1715,abstraction:ConsumptionControlledBy,reactome:ProteinReference2722
reactome:SmallMoleculeReference46,abstraction:ConsumptionControlledBy,reactome:ProteinReference134
reactome:SmallMoleculeReference145,abstraction:ConsumptionControlledBy,reactome:ProteinReference243
reactome:SmallMoleculeReference761,abstraction:ConsumptionControlledBy,reactome:ProteinReference1405
reactome:SmallMoleculeReference1930,abstraction:ConsumptionControlledBy,reactome:ProteinReference4821
reactome:SmallMoleculeReference468,abstraction:ConsumptionControlledBy,reactome:ProteinReference1402
reactome:SmallMoleculeReference143,abstraction:ConsumptionControlledBy,reactome:ProteinReference252
reactome:SmallMoleculeReference209,abstraction:ConsumptionControlledBy,reactome:ProteinReference854
reactome:SmallMoleculeReference107,abstraction:ConsumptionControlledBy,reactome:ProteinReference194
reactome:SmallMoleculeReference978,abstraction:ConsumptionControlledBy,reactome:ProteinReference2701
reactome:SmallMoleculeReference957,abstraction:ConsumptionControlledBy,reactome:ProteinReference1052
reactome:SmallMoleculeReference143,abstraction:ConsumptionControlledBy,reactome:ProteinReference253
reactome:SmallMoleculeReference400,abstraction:ConsumptionControlledBy,reactome:ProteinReference1864
reactome:SmallMoleculeReference487,abstraction:ConsumptionControlledBy,reactome:ProteinReference1035
reactome:SmallMoleculeReference153,abstraction:ConsumptionControlledBy,reactome:ProteinReference252
reactome:SmallMoleculeReference146,abstraction:ConsumptionControlledBy,reactome:ProteinReference2434
reactome:SmallMoleculeReference207,abstraction:ConsumptionControlledBy,reactome:ProteinReference3402
reactome:SmallMoleculeReference309,abstraction:ConsumptionControlledBy,reactome:ProteinReference1293
reactome:SmallMoleculeReference434,abstraction:ConsumptionControlledBy,reactome:ProteinReference904
reactome:SmallMoleculeReference203,abstraction:ConsumptionControlledBy,reactome:ProteinReference7571
reactome:SmallMoleculeReference312,abstraction:ConsumptionControlledBy,reactome:ProteinReference1573
reactome:SmallMoleculeReference1626,abstraction:ConsumptionControlledBy,reactome:ProteinReference2728
reactome:SmallMoleculeReference45,abstraction:ConsumptionControlledBy,reactome:ProteinReference234
reactome:SmallMoleculeReference46,abstraction:ConsumptionControlledBy,reactome:ProteinReference630
reactome:SmallMoleculeReference120,abstraction:ConsumptionControlledBy,reactome:ProteinReference10637
reactome:SmallMoleculeReference1871,abstraction:ConsumptionControlledBy,reactome:ProteinReference4075
reactome:SmallMoleculeReference1843,abstraction:ConsumptionControlledBy,reactome:ProteinReference3970
reactome:SmallMoleculeReference480,abstraction:ConsumptionControlledBy,reactome:ProteinReference1033
reactome:SmallMoleculeReference45,abstraction:ConsumptionControlledBy,reactome:ProteinReference465
reactome:SmallMoleculeReference347,abstraction:ConsumptionControlledBy,reactome:ProteinReference3124
reactome:SmallMoleculeReference467,abstraction:ConsumptionControlledBy,reactome:ProteinReference1025
reactome:SmallMoleculeReference1930,abstraction:ConsumptionControlledBy,reactome:ProteinReference4812
reactome:SmallMoleculeReference203,abstraction:ConsumptionControlledBy,reactome:ProteinReference9958
reactome:SmallMoleculeReference74,abstraction:ConsumptionControlledBy,reactome:ProteinReference173
reactome:SmallMoleculeReference843,abstraction:ConsumptionControlledBy,reactome:ProteinReference1588
reactome:SmallMoleculeReference208,abstraction:ConsumptionControlledBy,reactome:ProteinReference962
reactome:SmallMoleculeReference618,abstraction:ConsumptionControlledBy,reactome:ProteinReference1242
reactome:SmallMoleculeReference96,abstraction:ConsumptionControlledBy,reactome:ProteinReference4843
reactome:SmallMoleculeReference54,abstraction:ConsumptionControlledBy,reactome:ProteinReference605
reactome:SmallMoleculeReference1211,abstraction:ConsumptionControlledBy,reactome:ProteinReference2103
reactome:SmallMoleculeReference349,abstraction:ConsumptionControlledBy,reactome:ProteinReference2090
reactome:SmallMoleculeReference159,abstraction:ConsumptionControlledBy,reactome:ProteinReference264
reactome:SmallMoleculeReference342,abstraction:ConsumptionControlledBy,reactome:ProteinReference6463
reactome:SmallMoleculeReference309,abstraction:ConsumptionControlledBy,reactome:ProteinReference1468
reactome:SmallMoleculeReference46,abstraction:ConsumptionControlledBy,reactome:ProteinReference5342
reactome:SmallMoleculeReference715,abstraction:ConsumptionControlledBy,reactome:ProteinReference1306
reactome:SmallMoleculeReference1499,abstraction:ConsumptionControlledBy,reactome:ProteinReference2261
reactome:SmallMoleculeReference347,abstraction:ConsumptionControlledBy,reactome:ProteinReference2103
reactome:SmallMoleculeReference16,abstraction:ConsumptionControlledBy,reactome:ProteinReference9590
reactome:SmallMoleculeReference120,abstraction:ConsumptionControlledBy,reactome:ProteinReference3404
reactome:SmallMoleculeReference203,abstraction:ConsumptionControlledBy,reactome:ProteinReference3232
reactome:SmallMoleculeReference915,abstraction:ConsumptionControlledBy,reactome:ProteinReference1210
reactome:SmallMoleculeReference104,abstraction:ConsumptionControlledBy,reactome:ProteinReference189
reactome:SmallMoleculeReference46,abstraction:ConsumptionControlledBy,reactome:ProteinReference12108
reactome:SmallMoleculeReference216,abstraction:ConsumptionControlledBy,reactome:ProteinReference1586
reactome:SmallMoleculeReference653,abstraction:ConsumptionControlledBy,reactome:ProteinReference1395
reactome:SmallMoleculeReference1581,abstraction:ConsumptionControlledBy,reactome:ProteinReference1255
reactome:SmallMoleculeReference1184,abstraction:ConsumptionControlledBy,reactome:ProteinReference2071
reactome:SmallMoleculeReference342,abstraction:ConsumptionControlledBy,reactome:ProteinReference1506
reactome:SmallMoleculeReference310,abstraction:ConsumptionControlledBy,reactome:ProteinReference1178
reactome:SmallMoleculeReference466,abstraction:ConsumptionControlledBy,reactome:ProteinReference1503
reactome:SmallMoleculeReference192,abstraction:ConsumptionControlledBy,reactome:ProteinReference309
reactome:SmallMoleculeReference45,abstraction:ConsumptionControlledBy,reactome:ProteinReference254
reactome:SmallMoleculeReference142,abstraction:ConsumptionControlledBy,reactome:ProteinReference262
reactome:SmallMoleculeReference46,abstraction:ConsumptionControlledBy,reactome:ProteinReference12066
reactome:SmallMoleculeReference797,abstraction:ConsumptionControlledBy,reactome:ProteinReference1422
reactome:SmallMoleculeReference394,abstraction:ConsumptionControlledBy,reactome:ProteinReference6207
reactome:SmallMoleculeReference45,abstraction:ConsumptionControlledBy,reactome:ProteinReference499
reactome:SmallMoleculeReference675,abstraction:ConsumptionControlledBy,reactome:ProteinReference1275
reactome:SmallMoleculeReference930,abstraction:ConsumptionControlledBy,reactome:ProteinReference1261
reactome:SmallMoleculeReference466,abstraction:ConsumptionControlledBy,reactome:ProteinReference5850
reactome:SmallMoleculeReference2563,abstraction:ConsumptionControlledBy,reactome:ProteinReference8486
reactome:SmallMoleculeReference46,abstraction:ConsumptionControlledBy,reactome:ProteinReference5340
reactome:SmallMoleculeReference1226,abstraction:ConsumptionControlledBy,reactome:ProteinReference6850
reactome:SmallMoleculeReference466,abstraction:ConsumptionControlledBy,reactome:ProteinReference5825
reactome:SmallMoleculeReference469,abstraction:ConsumptionControlledBy,reactome:ProteinReference1022
reactome:SmallMoleculeReference120,abstraction:ConsumptionControlledBy,reactome:ProteinReference2336
reactome:SmallMoleculeReference6,abstraction:ConsumptionControlledBy,reactome:ProteinReference1704
reactome:SmallMoleculeReference144,abstraction:ConsumptionControlledBy,reactome:ProteinReference2339
reactome:SmallMoleculeReference908,abstraction:ConsumptionControlledBy,reactome:ProteinReference1656
reactome:SmallMoleculeReference96,abstraction:ConsumptionControlledBy,reactome:ProteinReference3187
reactome:SmallMoleculeReference1603,abstraction:ConsumptionControlledBy,reactome:ProteinReference1135
reactome:SmallMoleculeReference342,abstraction:ConsumptionControlledBy,reactome:ProteinReference6445
reactome:SmallMoleculeReference403,abstraction:ConsumptionControlledBy,reactome:ProteinReference868
reactome:SmallMoleculeReference537,abstraction:ConsumptionControlledBy,reactome:ProteinReference1408
reactome:SmallMoleculeReference120,abstraction:ConsumptionControlledBy,reactome:ProteinReference11443
reactome:SmallMoleculeReference370,abstraction:ConsumptionControlledBy,reactome:ProteinReference755
reactome:SmallMoleculeReference2809,abstraction:ConsumptionControlledBy,reactome:ProteinReference2787
reactome:SmallMoleculeReference747,abstraction:ConsumptionControlledBy,reactome:ProteinReference1338
reactome:SmallMoleculeReference2601,abstraction:ConsumptionControlledBy,reactome:ProteinReference5298
reactome:SmallMoleculeReference749,abstraction:ConsumptionControlledBy,reactome:ProteinReference1341
reactome:SmallMoleculeReference1930,abstraction:ConsumptionControlledBy,reactome:ProteinReference4807
reactome:SmallMoleculeReference16,abstraction:ConsumptionControlledBy,reactome:ProteinReference143
reactome:SmallMoleculeReference511,abstraction:ConsumptionControlledBy,reactome:ProteinReference1183
reactome:SmallMoleculeReference1601,abstraction:ConsumptionControlledBy,reactome:ProteinReference1752
reactome:SmallMoleculeReference441,abstraction:ConsumptionControlledBy,reactome:ProteinReference982
reactome:SmallMoleculeReference980,abstraction:ConsumptionControlledBy,reactome:ProteinReference1722
reactome:SmallMoleculeReference2601,abstraction:ConsumptionControlledBy,reactome:ProteinReference2788
reactome:SmallMoleculeReference895,abstraction:ConsumptionControlledBy,reactome:ProteinReference1656
reactome:SmallMoleculeReference135,abstraction:ConsumptionControlledBy,reactome:ProteinReference2674
reactome:SmallMoleculeReference1213,abstraction:ConsumptionControlledBy,reactome:ProteinReference2092
reactome:SmallMoleculeReference1572,abstraction:ConsumptionControlledBy,reactome:ProteinReference2628
reactome:SmallMoleculeReference2601,abstraction:ConsumptionControlledBy,reactome:ProteinReference10664
reactome:SmallMoleculeReference241,abstraction:ConsumptionControlledBy,reactome:ProteinReference2616
reactome:SmallMoleculeReference1868,abstraction:ConsumptionControlledBy,reactome:ProteinReference4070
reactome:SmallMoleculeReference215,abstraction:ConsumptionControlledBy,reactome:ProteinReference932
reactome:SmallMoleculeReference45,abstraction:ConsumptionControlledBy,reactome:ProteinReference140
reactome:SmallMoleculeReference764,abstraction:ConsumptionControlledBy,reactome:ProteinReference1442
reactome:SmallMoleculeReference120,abstraction:ConsumptionControlledBy,reactome:ProteinReference2337
reactome:SmallMoleculeReference1890,abstraction:ConsumptionControlledBy,reactome:ProteinReference4096
reactome:SmallMoleculeReference146,abstraction:ConsumptionControlledBy,reactome:ProteinReference2433
reactome:SmallMoleculeReference120,abstraction:ConsumptionControlledBy,reactome:ProteinReference5280
reactome:SmallMoleculeReference395,abstraction:ConsumptionControlledBy,reactome:ProteinReference1864
reactome:SmallMoleculeReference2599,abstraction:ConsumptionControlledBy,reactome:ProteinReference8526
reactome:SmallMoleculeReference208,abstraction:ConsumptionControlledBy,reactome:ProteinReference967
reactome:SmallMoleculeReference96,abstraction:ConsumptionControlledBy,reactome:ProteinReference7590
reactome:SmallMoleculeReference155,abstraction:ConsumptionControlledBy,reactome:ProteinReference3678
reactome:SmallMoleculeReference139,abstraction:ConsumptionControlledBy,reactome:ProteinReference243
reactome:SmallMoleculeReference1894,abstraction:ConsumptionControlledBy,reactome:ProteinReference4108
reactome:SmallMoleculeReference45,abstraction:ConsumptionControlledBy,reactome:ProteinReference11457
reactome:SmallMoleculeReference660,abstraction:ConsumptionControlledBy,reactome:ProteinReference1277
reactome:SmallMoleculeReference748,abstraction:ConsumptionControlledBy,reactome:ProteinReference1374
reactome:SmallMoleculeReference46,abstraction:ConsumptionControlledBy,reactome:ProteinReference914
reactome:SmallMoleculeReference356,abstraction:ConsumptionControlledBy,reactome:ProteinReference756
reactome:SmallMoleculeReference144,abstraction:ConsumptionControlledBy,reactome:ProteinReference2437
reactome:SmallMoleculeReference159,abstraction:ConsumptionControlledBy,reactome:ProteinReference2367
reactome:SmallMoleculeReference1009,abstraction:ConsumptionControlledBy,reactome:ProteinReference1742
reactome:SmallMoleculeReference1147,abstraction:ConsumptionControlledBy,reactome:ProteinReference2168
reactome:SmallMoleculeReference1206,abstraction:ConsumptionControlledBy,reactome:ProteinReference2086
reactome:SmallMoleculeReference309,abstraction:ConsumptionControlledBy,reactome:ProteinReference1469
reactome:SmallMoleculeReference512,abstraction:ConsumptionControlledBy,reactome:ProteinReference1176
reactome:SmallMoleculeReference207,abstraction:ConsumptionControlledBy,reactome:ProteinReference3393
reactome:SmallMoleculeReference42,abstraction:ConsumptionControlledBy,reactome:ProteinReference7699
reactome:SmallMoleculeReference1537,abstraction:ConsumptionControlledBy,reactome:ProteinReference2608
reactome:SmallMoleculeReference514,abstraction:ConsumptionControlledBy,reactome:ProteinReference1185
reactome:SmallMoleculeReference1890,abstraction:ConsumptionControlledBy,reactome:ProteinReference4097
reactome:SmallMoleculeReference46,abstraction:ConsumptionControlledBy,reactome:ProteinReference1789
reactome:SmallMoleculeReference43,abstraction:ConsumptionControlledBy,reactome:ProteinReference469
reactome:SmallMoleculeReference96,abstraction:ConsumptionControlledBy,reactome:ProteinReference10412
reactome:SmallMoleculeReference661,abstraction:ConsumptionControlledBy,reactome:ProteinReference1182
reactome:SmallMoleculeReference574,abstraction:ConsumptionControlledBy,reactome:ProteinReference2726
reactome:SmallMoleculeReference914,abstraction:ConsumptionControlledBy,reactome:ProteinReference1674
reactome:SmallMoleculeReference79,abstraction:ConsumptionControlledBy,reactome:ProteinReference1407
reactome:SmallMoleculeReference8,abstraction:ConsumptionControlledBy,reactome:ProteinReference1395
reactome:SmallMoleculeReference96,abstraction:ConsumptionControlledBy,reactome:ProteinReference3161
reactome:SmallMoleculeReference43,abstraction:ConsumptionControlledBy,reactome:ProteinReference366
reactome:SmallMoleculeReference960,abstraction:ConsumptionControlledBy,reactome:ProteinReference2301
reactome:SmallMoleculeReference120,abstraction:ConsumptionControlledBy,reactome:ProteinReference11351
reactome:SmallMoleculeReference230,abstraction:ConsumptionControlledBy,reactome:ProteinReference1336
reactome:SmallMoleculeReference302,abstraction:ConsumptionControlledBy,reactome:ProteinReference1321
reactome:SmallMoleculeReference159,abstraction:ConsumptionControlledBy,reactome:ProteinReference238
reactome:SmallMoleculeReference43,abstraction:ConsumptionControlledBy,reactome:ProteinReference11497
reactome:SmallMoleculeReference1861,abstraction:ConsumptionControlledBy,reactome:ProteinReference4057
reactome:SmallMoleculeReference342,abstraction:ConsumptionControlledBy,reactome:ProteinReference694
reactome:SmallMoleculeReference120,abstraction:ConsumptionControlledBy,reactome:ProteinReference3377
reactome:SmallMoleculeReference118,abstraction:ConsumptionControlledBy,reactome:ProteinReference205
reactome:SmallMoleculeReference466,abstraction:ConsumptionControlledBy,reactome:ProteinReference6731
reactome:SmallMoleculeReference46,abstraction:ConsumptionControlledBy,reactome:ProteinReference439
reactome:SmallMoleculeReference96,abstraction:ConsumptionControlledBy,reactome:ProteinReference2604
reactome:SmallMoleculeReference152,abstraction:ConsumptionControlledBy,reactome:ProteinReference258
reactome:SmallMoleculeReference2555,abstraction:ConsumptionControlledBy,reactome:ProteinReference8449
reactome:SmallMoleculeReference2586,abstraction:ConsumptionControlledBy,reactome:ProteinReference8514
reactome:SmallMoleculeReference43,abstraction:ConsumptionControlledBy,reactome:ProteinReference5551
reactome:SmallMoleculeReference1282,abstraction:ConsumptionControlledBy,reactome:ProteinReference2174
reactome:SmallMoleculeReference120,abstraction:ConsumptionControlledBy,reactome:ProteinReference3375
reactome:SmallMoleculeReference1585,abstraction:ConsumptionControlledBy,reactome:ProteinReference2672
reactome:SmallMoleculeReference1160,abstraction:ConsumptionControlledBy,reactome:ProteinReference1979
reactome:SmallMoleculeReference7,abstraction:ConsumptionControlledBy,reactome:ProteinReference5611
reactome:SmallMoleculeReference601,abstraction:ConsumptionControlledBy,reactome:ProteinReference1232
reactome:SmallMoleculeReference16,abstraction:ConsumptionControlledBy,reactome:ProteinReference536
reactome:SmallMoleculeReference1235,abstraction:ConsumptionControlledBy,reactome:ProteinReference2111
reactome:SmallMoleculeReference1500,abstraction:ConsumptionControlledBy,reactome:ProteinReference2555
reactome:SmallMoleculeReference466,abstraction:ConsumptionControlledBy,reactome:ProteinReference5805
reactome:SmallMoleculeReference801,abstraction:ConsumptionControlledBy,reactome:ProteinReference1463
reactome:SmallMoleculeReference203,abstraction:ConsumptionControlledBy,reactome:ProteinReference9031
reactome:SmallMoleculeReference65,abstraction:ConsumptionControlledBy,reactome:ProteinReference154
reactome:SmallMoleculeReference134,abstraction:ConsumptionControlledBy,reactome:ProteinReference217
reactome:SmallMoleculeReference968,abstraction:ConsumptionControlledBy,reactome:ProteinReference1707
reactome:SmallMoleculeReference1215,abstraction:ConsumptionControlledBy,reactome:ProteinReference2162
reactome:SmallMoleculeReference1854,abstraction:ConsumptionControlledBy,reactome:ProteinReference4048
reactome:SmallMoleculeReference302,abstraction:ConsumptionControlledBy,reactome:ProteinReference1275
reactome:SmallMoleculeReference511,abstraction:ConsumptionControlledBy,reactome:ProteinReference1187
reactome:SmallMoleculeReference342,abstraction:ConsumptionControlledBy,reactome:ProteinReference6452
reactome:SmallMoleculeReference195,abstraction:ConsumptionControlledBy,reactome:ProteinReference2121
reactome:SmallMoleculeReference980,abstraction:ConsumptionControlledBy,reactome:ProteinReference1754
reactome:SmallMoleculeReference159,abstraction:ConsumptionControlledBy,reactome:ProteinReference2429
reactome:SmallMoleculeReference141,abstraction:ConsumptionControlledBy,reactome:ProteinReference255
reactome:SmallMoleculeReference1160,abstraction:ConsumptionControlledBy,reactome:ProteinReference1925
reactome:SmallMoleculeReference387,abstraction:ConsumptionControlledBy,reactome:ProteinReference848
reactome:SmallMoleculeReference120,abstraction:ConsumptionControlledBy,reactome:ProteinReference10641
reactome:SmallMoleculeReference216,abstraction:ConsumptionControlledBy,reactome:ProteinReference4064
reactome:SmallMoleculeReference96,abstraction:ConsumptionControlledBy,reactome:ProteinReference1068
reactome:SmallMoleculeReference7,abstraction:ConsumptionControlledBy,reactome:ProteinReference1382
reactome:SmallMoleculeReference886,abstraction:ConsumptionControlledBy,reactome:ProteinReference1649
reactome:SmallMoleculeReference215,abstraction:ConsumptionControlledBy,reactome:ProteinReference2686
reactome:SmallMoleculeReference16,abstraction:ConsumptionControlledBy,reactome:ProteinReference534
reactome:SmallMoleculeReference171,abstraction:ConsumptionControlledBy,reactome:ProteinReference276
reactome:SmallMoleculeReference468,abstraction:ConsumptionControlledBy,reactome:ProteinReference5629
reactome:SmallMoleculeReference120,abstraction:ConsumptionControlledBy,reactome:ProteinReference3399
reactome:SmallMoleculeReference154,abstraction:ConsumptionControlledBy,reactome:ProteinReference252
reactome:SmallMoleculeReference43,abstraction:ConsumptionControlledBy,reactome:ProteinReference12090
reactome:SmallMoleculeReference574,abstraction:ConsumptionControlledBy,reactome:ProteinReference8412
reactome:SmallMoleculeReference1371,abstraction:ConsumptionControlledBy,reactome:ProteinReference2304
reactome:SmallMoleculeReference164,abstraction:ConsumptionControlledBy,reactome:ProteinReference263
reactome:SmallMoleculeReference466,abstraction:ConsumptionControlledBy,reactome:ProteinReference5829
reactome:SmallMoleculeReference1372,abstraction:ConsumptionControlledBy,reactome:ProteinReference2301
reactome:SmallMoleculeReference193,abstraction:ConsumptionControlledBy,reactome:ProteinReference2130
reactome:SmallMoleculeReference1585,abstraction:ConsumptionControlledBy,reactome:ProteinReference2687
reactome:SmallMoleculeReference96,abstraction:ConsumptionControlledBy,reactome:ProteinReference1113
reactome:SmallMoleculeReference2555,abstraction:ConsumptionControlledBy,reactome:ProteinReference8450
reactome:SmallMoleculeReference1771,abstraction:ConsumptionControlledBy,reactome:ProteinReference2091
reactome:SmallMoleculeReference574,abstraction:ConsumptionControlledBy,reactome:ProteinReference2742
reactome:SmallMoleculeReference359,abstraction:ConsumptionControlledBy,reactome:ProteinReference759
reactome:SmallMoleculeReference1212,abstraction:ConsumptionControlledBy,reactome:ProteinReference2138
reactome:SmallMoleculeReference1234,abstraction:ConsumptionControlledBy,reactome:ProteinReference2121
reactome:SmallMoleculeReference1925,abstraction:ConsumptionControlledBy,reactome:ProteinReference4362
reactome:SmallMoleculeReference157,abstraction:ConsumptionControlledBy,reactome:ProteinReference2333
reactome:SmallMoleculeReference812,abstraction:ConsumptionControlledBy,reactome:ProteinReference1511
reactome:SmallMoleculeReference191,abstraction:ConsumptionControlledBy,reactome:ProteinReference305
reactome:SmallMoleculeReference118,abstraction:ConsumptionControlledBy,reactome:ProteinReference2227
reactome:SmallMoleculeReference478,abstraction:ConsumptionControlledBy,reactome:ProteinReference1032
reactome:SmallMoleculeReference2560,abstraction:ConsumptionControlledBy,reactome:ProteinReference8449
reactome:SmallMoleculeReference214,abstraction:ConsumptionControlledBy,reactome:ProteinReference326
reactome:SmallMoleculeReference1585,abstraction:ConsumptionControlledBy,reactome:ProteinReference2677
reactome:SmallMoleculeReference1575,abstraction:ConsumptionControlledBy,reactome:ProteinReference1161
reactome:SmallMoleculeReference754,abstraction:ConsumptionControlledBy,reactome:ProteinReference10361
reactome:SmallMoleculeReference213,abstraction:ConsumptionControlledBy,reactome:ProteinReference999
reactome:SmallMoleculeReference96,abstraction:ConsumptionControlledBy,reactome:ProteinReference1054
reactome:SmallMoleculeReference7,abstraction:ConsumptionControlledBy,reactome:ProteinReference1577
reactome:SmallMoleculeReference1528,abstraction:ConsumptionControlledBy,reactome:ProteinReference2596
reactome:SmallMoleculeReference1573,abstraction:ConsumptionControlledBy,reactome:ProteinReference2742
reactome:SmallMoleculeReference46,abstraction:ConsumptionControlledBy,reactome:ProteinReference7756
reactome:SmallMoleculeReference592,abstraction:ConsumptionControlledBy,reactome:ProteinReference1242
reactome:SmallMoleculeReference466,abstraction:ConsumptionControlledBy,reactome:ProteinReference5813
reactome:SmallMoleculeReference342,abstraction:ConsumptionControlledBy,reactome:ProteinReference6451
reactome:SmallMoleculeReference466,abstraction:ConsumptionControlledBy,reactome:ProteinReference5790
reactome:SmallMoleculeReference211,abstraction:ConsumptionControlledBy,reactome:ProteinReference2693
reactome:SmallMoleculeReference207,abstraction:ConsumptionControlledBy,reactome:ProteinReference3378
reactome:SmallMoleculeReference96,abstraction:ConsumptionControlledBy,reactome:ProteinReference8501
reactome:SmallMoleculeReference153,abstraction:ConsumptionControlledBy,reactome:ProteinReference232
reactome:SmallMoleculeReference105,abstraction:ConsumptionControlledBy,reactome:ProteinReference2598
reactome:SmallMoleculeReference1572,abstraction:ConsumptionControlledBy,reactome:ProteinReference2624
reactome:SmallMoleculeReference537,abstraction:ConsumptionControlledBy,reactome:ProteinReference1409
reactome:SmallMoleculeReference1880,abstraction:ConsumptionControlledBy,reactome:ProteinReference4086
reactome:SmallMoleculeReference159,abstraction:ConsumptionControlledBy,reactome:ProteinReference2335
reactome:SmallMoleculeReference149,abstraction:ConsumptionControlledBy,reactome:ProteinReference254
reactome:SmallMoleculeReference121,abstraction:ConsumptionControlledBy,reactome:ProteinReference1827
reactome:SmallMoleculeReference96,abstraction:ConsumptionControlledBy,reactome:ProteinReference2807
reactome:SmallMoleculeReference731,abstraction:ConsumptionControlledBy,reactome:ProteinReference1322
reactome:SmallMoleculeReference569,abstraction:ConsumptionControlledBy,reactome:ProteinReference2724
reactome:SmallMoleculeReference688,abstraction:ConsumptionControlledBy,reactome:ProteinReference1278
reactome:SmallMoleculeReference1817,abstraction:ConsumptionControlledBy,reactome:ProteinReference2684
reactome:SmallMoleculeReference261,abstraction:ConsumptionControlledBy,reactome:ProteinReference482
reactome:SmallMoleculeReference260,abstraction:ConsumptionControlledBy,reactome:ProteinReference1420
reactome:SmallMoleculeReference207,abstraction:ConsumptionControlledBy,reactome:ProteinReference993
reactome:SmallMoleculeReference298,abstraction:ConsumptionControlledBy,reactome:ProteinReference670
reactome:SmallMoleculeReference1930,abstraction:ConsumptionControlledBy,reactome:ProteinReference4833
reactome:SmallMoleculeReference1575,abstraction:ConsumptionControlledBy,reactome:ProteinReference2677
reactome:SmallMoleculeReference302,abstraction:ConsumptionControlledBy,reactome:ProteinReference1178
reactome:SmallMoleculeReference16,abstraction:ConsumptionControlledBy,reactome:ProteinReference1
reactome:SmallMoleculeReference132,abstraction:ConsumptionControlledBy,reactome:ProteinReference218
reactome:SmallMoleculeReference873,abstraction:ConsumptionControlledBy,reactome:ProteinReference2297
reactome:SmallMoleculeReference71,abstraction:ConsumptionControlledBy,reactome:ProteinReference170
reactome:SmallMoleculeReference466,abstraction:ConsumptionControlledBy,reactome:ProteinReference1814
reactome:SmallMoleculeReference309,abstraction:ConsumptionControlledBy,reactome:ProteinReference1551
reactome:SmallMoleculeReference2554,abstraction:ConsumptionControlledBy,reactome:ProteinReference8444
reactome:SmallMoleculeReference143,abstraction:ConsumptionControlledBy,reactome:ProteinReference244
reactome:SmallMoleculeReference1562,abstraction:ConsumptionControlledBy,reactome:ProteinReference2625
reactome:SmallMoleculeReference1220,abstraction:ConsumptionControlledBy,reactome:ProteinReference2103
reactome:SmallMoleculeReference2566,abstraction:ConsumptionControlledBy,reactome:ProteinReference8488
reactome:SmallMoleculeReference480,abstraction:ConsumptionControlledBy,reactome:ProteinReference1035
reactome:SmallMoleculeReference2560,abstraction:ConsumptionControlledBy,reactome:ProteinReference8450
reactome:SmallMoleculeReference230,abstraction:ConsumptionControlledBy,reactome:ProteinReference1335
reactome:SmallMoleculeReference342,abstraction:ConsumptionControlledBy,reactome:ProteinReference679
reactome:SmallMoleculeReference96,abstraction:ConsumptionControlledBy,reactome:ProteinReference8887
reactome:SmallMoleculeReference980,abstraction:ConsumptionControlledBy,reactome:ProteinReference2633
reactome:SmallMoleculeReference799,abstraction:ConsumptionControlledBy,reactome:ProteinReference1459
reactome:SmallMoleculeReference46,abstraction:ConsumptionControlledBy,reactome:ProteinReference12073
reactome:SmallMoleculeReference153,abstraction:ConsumptionControlledBy,reactome:ProteinReference244
reactome:SmallMoleculeReference348,abstraction:ConsumptionControlledBy,reactome:ProteinReference2101
reactome:SmallMoleculeReference1426,abstraction:ConsumptionControlledBy,reactome:ProteinReference2038
reactome:SmallMoleculeReference2601,abstraction:ConsumptionControlledBy,reactome:ProteinReference10662
reactome:SmallMoleculeReference209,abstraction:ConsumptionControlledBy,reactome:ProteinReference326
reactome:SmallMoleculeReference88,abstraction:ConsumptionControlledBy,reactome:ProteinReference173
reactome:SmallMoleculeReference46,abstraction:ConsumptionControlledBy,reactome:ProteinReference11435
reactome:SmallMoleculeReference728,abstraction:ConsumptionControlledBy,reactome:ProteinReference1261
reactome:SmallMoleculeReference46,abstraction:ConsumptionControlledBy,reactome:ProteinReference11507
reactome:SmallMoleculeReference1160,abstraction:ConsumptionControlledBy,reactome:ProteinReference1919
reactome:SmallMoleculeReference810,abstraction:ConsumptionControlledBy,reactome:ProteinReference1516
reactome:SmallMoleculeReference1904,abstraction:ConsumptionControlledBy,reactome:ProteinReference4256
reactome:SmallMoleculeReference2601,abstraction:ConsumptionControlledBy,reactome:ProteinReference2803
reactome:SmallMoleculeReference96,abstraction:ConsumptionControlledBy,reactome:ProteinReference9086
reactome:SmallMoleculeReference1930,abstraction:ConsumptionControlledBy,reactome:ProteinReference4785
reactome:SmallMoleculeReference159,abstraction:ConsumptionControlledBy,reactome:ProteinReference10447
reactome:SmallMoleculeReference310,abstraction:ConsumptionControlledBy,reactome:ProteinReference1181
reactome:SmallMoleculeReference1571,abstraction:ConsumptionControlledBy,reactome:ProteinReference2686
reactome:SmallMoleculeReference446,abstraction:ConsumptionControlledBy,reactome:ProteinReference997
reactome:SmallMoleculeReference45,abstraction:ConsumptionControlledBy,reactome:ProteinReference460
reactome:SmallMoleculeReference1387,abstraction:ConsumptionControlledBy,reactome:ProteinReference2339
reactome:SmallMoleculeReference45,abstraction:ConsumptionControlledBy,reactome:ProteinReference493
reactome:SmallMoleculeReference7,abstraction:ConsumptionControlledBy,reactome:ProteinReference1391
reactome:SmallMoleculeReference45,abstraction:ConsumptionControlledBy,reactome:ProteinReference110
reactome:SmallMoleculeReference1874,abstraction:ConsumptionControlledBy,reactome:ProteinReference1624
reactome:SmallMoleculeReference2601,abstraction:ConsumptionControlledBy,reactome:ProteinReference10612
reactome:SmallMoleculeReference209,abstraction:ConsumptionControlledBy,reactome:ProteinReference888
reactome:SmallMoleculeReference1012,abstraction:ConsumptionControlledBy,reactome:ProteinReference1218
reactome:SmallMoleculeReference141,abstraction:ConsumptionControlledBy,reactome:ProteinReference1823
reactome:SmallMoleculeReference726,abstraction:ConsumptionControlledBy,reactome:ProteinReference1319
reactome:SmallMoleculeReference221,abstraction:ConsumptionControlledBy,reactome:ProteinReference1180
reactome:SmallMoleculeReference363,abstraction:ConsumptionControlledBy,reactome:ProteinReference846
reactome:SmallMoleculeReference342,abstraction:ConsumptionControlledBy,reactome:ProteinReference6433
reactome:SmallMoleculeReference96,abstraction:ConsumptionControlledBy,reactome:ProteinReference1115
reactome:SmallMoleculeReference1218,abstraction:ConsumptionControlledBy,reactome:ProteinReference5256
reactome:SmallMoleculeReference986,abstraction:ConsumptionControlledBy,reactome:ProteinReference2695
reactome:SmallMoleculeReference158,abstraction:ConsumptionControlledBy,reactome:ProteinReference2583
reactome:SmallMoleculeReference203,abstraction:ConsumptionControlledBy,reactome:ProteinReference10563
reactome:SmallMoleculeReference15,abstraction:ConsumptionControlledBy,reactome:ProteinReference24
reactome:SmallMoleculeReference601,abstraction:ConsumptionControlledBy,reactome:ProteinReference1234
reactome:SmallMoleculeReference104,abstraction:ConsumptionControlledBy,reactome:ProteinReference1156
reactome:SmallMoleculeReference16,abstraction:ConsumptionControlledBy,reactome:ProteinReference6888
reactome:SmallMoleculeReference466,abstraction:ConsumptionControlledBy,reactome:ProteinReference6438
reactome:SmallMoleculeReference209,abstraction:ConsumptionControlledBy,reactome:ProteinReference3964
reactome:SmallMoleculeReference1207,abstraction:ConsumptionControlledBy,reactome:ProteinReference2108
reactome:SmallMoleculeReference1523,abstraction:ConsumptionControlledBy,reactome:ProteinReference2581
reactome:SmallMoleculeReference1564,abstraction:ConsumptionControlledBy,reactome:ProteinReference2629
reactome:SmallMoleculeReference150,abstraction:ConsumptionControlledBy,reactome:ProteinReference243
reactome:SmallMoleculeReference1591,abstraction:ConsumptionControlledBy,reactome:ProteinReference2626
reactome:SmallMoleculeReference46,abstraction:ConsumptionControlledBy,reactome:ProteinReference11454
reactome:SmallMoleculeReference96,abstraction:ConsumptionControlledBy,reactome:ProteinReference4418
reactome:SmallMoleculeReference526,abstraction:ConsumptionControlledBy,reactome:ProteinReference1198
reactome:SmallMoleculeReference48,abstraction:ConsumptionControlledBy,reactome:ProteinReference122
reactome:SmallMoleculeReference1209,abstraction:ConsumptionControlledBy,reactome:ProteinReference2085
reactome:SmallMoleculeReference43,abstraction:ConsumptionControlledBy,reactome:ProteinReference12068
reactome:SmallMoleculeReference916,abstraction:ConsumptionControlledBy,reactome:ProteinReference1676
reactome:SmallMoleculeReference1208,abstraction:ConsumptionControlledBy,reactome:ProteinReference318
reactome:SmallMoleculeReference203,abstraction:ConsumptionControlledBy,reactome:ProteinReference9439
reactome:SmallMoleculeReference1189,abstraction:ConsumptionControlledBy,reactome:ProteinReference2076
reactome:SmallMoleculeReference148,abstraction:ConsumptionControlledBy,reactome:ProteinReference231
reactome:SmallMoleculeReference388,abstraction:ConsumptionControlledBy,reactome:ProteinReference849
reactome:SmallMoleculeReference96,abstraction:ConsumptionControlledBy,reactome:ProteinReference7862
reactome:SmallMoleculeReference158,abstraction:ConsumptionControlledBy,reactome:ProteinReference1350
reactome:SmallMoleculeReference184,abstraction:ConsumptionControlledBy,reactome:ProteinReference301
reactome:SmallMoleculeReference459,abstraction:ConsumptionControlledBy,reactome:ProteinReference1000
reactome:SmallMoleculeReference454,abstraction:ConsumptionControlledBy,reactome:ProteinReference993
reactome:SmallMoleculeReference748,abstraction:ConsumptionControlledBy,reactome:ProteinReference1372
reactome:SmallMoleculeReference1547,abstraction:ConsumptionControlledBy,reactome:ProteinReference393
reactome:SmallMoleculeReference46,abstraction:ConsumptionControlledBy,reactome:ProteinReference10998
reactome:SmallMoleculeReference898,abstraction:ConsumptionControlledBy,reactome:ProteinReference1659
reactome:SmallMoleculeReference1884,abstraction:ConsumptionControlledBy,reactome:ProteinReference4092
reactome:SmallMoleculeReference203,abstraction:ConsumptionControlledBy,reactome:ProteinReference2787
reactome:SmallMoleculeReference45,abstraction:ConsumptionControlledBy,reactome:ProteinReference11510
reactome:SmallMoleculeReference601,abstraction:ConsumptionControlledBy,reactome:ProteinReference1233
reactome:SmallMoleculeReference876,abstraction:ConsumptionControlledBy,reactome:ProteinReference2298
reactome:SmallMoleculeReference1901,abstraction:ConsumptionControlledBy,reactome:ProteinReference4256
reactome:SmallMoleculeReference1581,abstraction:ConsumptionControlledBy,reactome:ProteinReference1254
reactome:SmallMoleculeReference841,abstraction:ConsumptionControlledBy,reactome:ProteinReference994
reactome:SmallMoleculeReference797,abstraction:ConsumptionControlledBy,reactome:ProteinReference1424
reactome:SmallMoleculeReference609,abstraction:ConsumptionControlledBy,reactome:ProteinReference1226
reactome:SmallMoleculeReference309,abstraction:ConsumptionControlledBy,reactome:ProteinReference1342
reactome:SmallMoleculeReference216,abstraction:ConsumptionControlledBy,reactome:ProteinReference2670
reactome:SmallMoleculeReference147,abstraction:ConsumptionControlledBy,reactome:ProteinReference231
reactome:SmallMoleculeReference1253,abstraction:ConsumptionControlledBy,reactome:ProteinReference2144
reactome:SmallMoleculeReference77,abstraction:ConsumptionControlledBy,reactome:ProteinReference172
reactome:SmallMoleculeReference1368,abstraction:ConsumptionControlledBy,reactome:ProteinReference2304
reactome:SmallMoleculeReference661,abstraction:ConsumptionControlledBy,reactome:ProteinReference1185
reactome:SmallMoleculeReference1865,abstraction:ConsumptionControlledBy,reactome:ProteinReference4102
reactome:SmallMoleculeReference230,abstraction:ConsumptionControlledBy,reactome:ProteinReference338
reactome:SmallMoleculeReference45,abstraction:ConsumptionControlledBy,reactome:ProteinReference271
reactome:SmallMoleculeReference1311,abstraction:ConsumptionControlledBy,reactome:ProteinReference2233
reactome:SmallMoleculeReference1645,abstraction:ConsumptionControlledBy,reactome:ProteinReference2666
reactome:SmallMoleculeReference1368,abstraction:ConsumptionControlledBy,reactome:ProteinReference2302
reactome:SmallMoleculeReference169,abstraction:ConsumptionControlledBy,reactome:ProteinReference2433
reactome:SmallMoleculeReference207,abstraction:ConsumptionControlledBy,reactome:ProteinReference3371
reactome:SmallMoleculeReference43,abstraction:ConsumptionControlledBy,reactome:ProteinReference12070
reactome:SmallMoleculeReference2584,abstraction:ConsumptionControlledBy,reactome:ProteinReference8444
reactome:SmallMoleculeReference1930,abstraction:ConsumptionControlledBy,reactome:ProteinReference4790
reactome:SmallMoleculeReference154,abstraction:ConsumptionControlledBy,reactome:ProteinReference2430
reactome:SmallMoleculeReference1585,abstraction:ConsumptionControlledBy,reactome:ProteinReference2679
reactome:SmallMoleculeReference121,abstraction:ConsumptionControlledBy,reactome:ProteinReference215
reactome:SmallMoleculeReference2809,abstraction:ConsumptionControlledBy,reactome:ProteinReference2807
reactome:SmallMoleculeReference96,abstraction:ConsumptionControlledBy,reactome:ProteinReference10589
reactome:SmallMoleculeReference152,abstraction:ConsumptionControlledBy,reactome:ProteinReference2396
reactome:SmallMoleculeReference349,abstraction:ConsumptionControlledBy,reactome:ProteinReference2086
reactome:SmallMoleculeReference957,abstraction:ConsumptionControlledBy,reactome:ProteinReference1575
reactome:SmallMoleculeReference96,abstraction:ConsumptionControlledBy,reactome:ProteinReference5403
reactome:SmallMoleculeReference941,abstraction:ConsumptionControlledBy,reactome:ProteinReference1677
reactome:SmallMoleculeReference810,abstraction:ConsumptionControlledBy,reactome:ProteinReference1513
reactome:SmallMoleculeReference466,abstraction:ConsumptionControlledBy,reactome:ProteinReference365
reactome:SmallMoleculeReference342,abstraction:ConsumptionControlledBy,reactome:ProteinReference6458
reactome:SmallMoleculeReference1930,abstraction:ConsumptionControlledBy,reactome:ProteinReference4838
reactome:SmallMoleculeReference342,abstraction:ConsumptionControlledBy,reactome:ProteinReference1508
reactome:SmallMoleculeReference750,abstraction:ConsumptionControlledBy,reactome:ProteinReference1343
reactome:SmallMoleculeReference302,abstraction:ConsumptionControlledBy,reactome:ProteinReference1679
reactome:SmallMoleculeReference1571,abstraction:ConsumptionControlledBy,reactome:ProteinReference1256
reactome:SmallMoleculeReference2560,abstraction:ConsumptionControlledBy,reactome:ProteinReference8468
reactome:SmallMoleculeReference480,abstraction:ConsumptionControlledBy,reactome:ProteinReference1031
reactome:SmallMoleculeReference638,abstraction:ConsumptionControlledBy,reactome:ProteinReference1258
reactome:SmallMoleculeReference653,abstraction:ConsumptionControlledBy,reactome:ProteinReference1488
reactome:SmallMoleculeReference342,abstraction:ConsumptionControlledBy,reactome:ProteinReference6440
reactome:SmallMoleculeReference1207,abstraction:ConsumptionControlledBy,reactome:ProteinReference2088
reactome:SmallMoleculeReference493,abstraction:ConsumptionControlledBy,reactome:ProteinReference1045
reactome:SmallMoleculeReference301,abstraction:ConsumptionControlledBy,reactome:ProteinReference8812
reactome:SmallMoleculeReference1208,abstraction:ConsumptionControlledBy,reactome:ProteinReference2085
reactome:SmallMoleculeReference96,abstraction:ConsumptionControlledBy,reactome:ProteinReference4453
reactome:SmallMoleculeReference1843,abstraction:ConsumptionControlledBy,reactome:ProteinReference3973
reactome:SmallMoleculeReference203,abstraction:ConsumptionControlledBy,reactome:ProteinReference8986
reactome:SmallMoleculeReference1371,abstraction:ConsumptionControlledBy,reactome:ProteinReference2305
reactome:SmallMoleculeReference46,abstraction:ConsumptionControlledBy,reactome:ProteinReference4212
reactome:SmallMoleculeReference1581,abstraction:ConsumptionControlledBy,reactome:ProteinReference1753
reactome:SmallMoleculeReference2601,abstraction:ConsumptionControlledBy,reactome:ProteinReference2796
reactome:SmallMoleculeReference342,abstraction:ConsumptionControlledBy,reactome:ProteinReference6464
reactome:SmallMoleculeReference203,abstraction:ConsumptionControlledBy,reactome:ProteinReference5036
reactome:SmallMoleculeReference96,abstraction:ConsumptionControlledBy,reactome:ProteinReference3191
reactome:SmallMoleculeReference1585,abstraction:ConsumptionControlledBy,reactome:ProteinReference2671
reactome:SmallMoleculeReference79,abstraction:ConsumptionControlledBy,reactome:ProteinReference172
reactome:SmallMoleculeReference1,abstraction:ConsumptionControlledBy,reactome:ProteinReference140
reactome:SmallMoleculeReference411,abstraction:ConsumptionControlledBy,reactome:ProteinReference1744
reactome:SmallMoleculeReference194,abstraction:ConsumptionControlledBy,reactome:ProteinReference309
reactome:SmallMoleculeReference205,abstraction:ConsumptionControlledBy,reactome:ProteinReference318
reactome:SmallMoleculeReference1785,abstraction:ConsumptionControlledBy,reactome:ProteinReference27
reactome:SmallMoleculeReference1215,abstraction:ConsumptionControlledBy,reactome:ProteinReference2102
reactome:SmallMoleculeReference96,abstraction:ConsumptionControlledBy,reactome:ProteinReference3182
reactome:SmallMoleculeReference1736,abstraction:ConsumptionControlledBy,reactome:ProteinReference2722
reactome:SmallMoleculeReference764,abstraction:ConsumptionControlledBy,reactome:ProteinReference2162
reactome:SmallMoleculeReference309,abstraction:ConsumptionControlledBy,reactome:ProteinReference1557
reactome:SmallMoleculeReference309,abstraction:ConsumptionControlledBy,reactome:ProteinReference1375
reactome:SmallMoleculeReference96,abstraction:ConsumptionControlledBy,reactome:ProteinReference4523
reactome:SmallMoleculeReference347,abstraction:ConsumptionControlledBy,reactome:ProteinReference2162
reactome:SmallMoleculeReference154,abstraction:ConsumptionControlledBy,reactome:ProteinReference232
reactome:SmallMoleculeReference43,abstraction:ConsumptionControlledBy,reactome:ProteinReference360
reactome:SmallMoleculeReference69,abstraction:ConsumptionControlledBy,reactome:ProteinReference172
reactome:SmallMoleculeReference148,abstraction:ConsumptionControlledBy,reactome:ProteinReference3664
reactome:SmallMoleculeReference805,abstraction:ConsumptionControlledBy,reactome:ProteinReference1377
reactome:SmallMoleculeReference790,abstraction:ConsumptionControlledBy,reactome:ProteinReference1424
reactome:SmallMoleculeReference2739,abstraction:ConsumptionControlledBy,reactome:ProteinReference37
reactome:SmallMoleculeReference209,abstraction:ConsumptionControlledBy,reactome:ProteinReference4350
reactome:SmallMoleculeReference371,abstraction:ConsumptionControlledBy,reactome:ProteinReference830
reactome:SmallMoleculeReference175,abstraction:ConsumptionControlledBy,reactome:ProteinReference290
reactome:SmallMoleculeReference1228,abstraction:ConsumptionControlledBy,reactome:ProteinReference2121
reactome:SmallMoleculeReference105,abstraction:ConsumptionControlledBy,reactome:ProteinReference189
reactome:SmallMoleculeReference1209,abstraction:ConsumptionControlledBy,reactome:ProteinReference2102
reactome:SmallMoleculeReference16,abstraction:ConsumptionControlledBy,reactome:ProteinReference514
reactome:SmallMoleculeReference466,abstraction:ConsumptionControlledBy,reactome:ProteinReference5827
reactome:SmallMoleculeReference120,abstraction:ConsumptionControlledBy,reactome:ProteinReference3841
reactome:SmallMoleculeReference96,abstraction:ConsumptionControlledBy,reactome:ProteinReference3185
reactome:SmallMoleculeReference1841,abstraction:ConsumptionControlledBy,reactome:ProteinReference4088
reactome:SmallMoleculeReference1210,abstraction:ConsumptionControlledBy,reactome:ProteinReference2137
reactome:SmallMoleculeReference69,abstraction:ConsumptionControlledBy,reactome:ProteinReference173
reactome:SmallMoleculeReference198,abstraction:ConsumptionControlledBy,reactome:ProteinReference2116
reactome:SmallMoleculeReference391,abstraction:ConsumptionControlledBy,reactome:ProteinReference10683
reactome:SmallMoleculeReference475,abstraction:ConsumptionControlledBy,reactome:ProteinReference1033
reactome:SmallMoleculeReference1366,abstraction:ConsumptionControlledBy,reactome:ProteinReference2300
reactome:SmallMoleculeReference175,abstraction:ConsumptionControlledBy,reactome:ProteinReference284
reactome:SmallMoleculeReference120,abstraction:ConsumptionControlledBy,reactome:ProteinReference3396
reactome:SmallMoleculeReference46,abstraction:ConsumptionControlledBy,reactome:ProteinReference4214
reactome:SmallMoleculeReference466,abstraction:ConsumptionControlledBy,reactome:ProteinReference4413
reactome:SmallMoleculeReference169,abstraction:ConsumptionControlledBy,reactome:ProteinReference2546
reactome:SmallMoleculeReference131,abstraction:ConsumptionControlledBy,reactome:ProteinReference746
reactome:SmallMoleculeReference574,abstraction:ConsumptionControlledBy,reactome:ProteinReference1223
reactome:SmallMoleculeReference96,abstraction:ConsumptionControlledBy,reactome:ProteinReference8804
reactome:SmallMoleculeReference143,abstraction:ConsumptionControlledBy,reactome:ProteinReference276
reactome:SmallMoleculeReference466,abstraction:ConsumptionControlledBy,reactome:ProteinReference5851
reactome:SmallMoleculeReference6,abstraction:ConsumptionControlledBy,reactome:ProteinReference1701
reactome:SmallMoleculeReference975,abstraction:ConsumptionControlledBy,reactome:ProteinReference1709
reactome:SmallMoleculeReference1923,abstraction:ConsumptionControlledBy,reactome:ProteinReference4334
reactome:SmallMoleculeReference762,abstraction:ConsumptionControlledBy,reactome:ProteinReference1412
reactome:SmallMoleculeReference1545,abstraction:ConsumptionControlledBy,reactome:ProteinReference2009
reactome:SmallMoleculeReference1865,abstraction:ConsumptionControlledBy,reactome:ProteinReference4100
reactome:SmallMoleculeReference1209,abstraction:ConsumptionControlledBy,reactome:ProteinReference2083
reactome:SmallMoleculeReference43,abstraction:ConsumptionControlledBy,reactome:ProteinReference1785
reactome:SmallMoleculeReference810,abstraction:ConsumptionControlledBy,reactome:ProteinReference1524
reactome:SmallMoleculeReference566,abstraction:ConsumptionControlledBy,reactome:ProteinReference1222
reactome:SmallMoleculeReference154,abstraction:ConsumptionControlledBy,reactome:ProteinReference244
reactome:SmallMoleculeReference466,abstraction:ConsumptionControlledBy,reactome:ProteinReference6723
reactome:SmallMoleculeReference810,abstraction:ConsumptionControlledBy,reactome:ProteinReference1049
reactome:SmallMoleculeReference122,abstraction:ConsumptionControlledBy,reactome:ProteinReference213
reactome:SmallMoleculeReference342,abstraction:ConsumptionControlledBy,reactome:ProteinReference6379
reactome:SmallMoleculeReference1151,abstraction:ConsumptionControlledBy,reactome:ProteinReference2538
reactome:SmallMoleculeReference207,abstraction:ConsumptionControlledBy,reactome:ProteinReference1590
reactome:SmallMoleculeReference466,abstraction:ConsumptionControlledBy,reactome:ProteinReference5815
reactome:SmallMoleculeReference1575,abstraction:ConsumptionControlledBy,reactome:ProteinReference2684
reactome:SmallMoleculeReference80,abstraction:ConsumptionControlledBy,reactome:ProteinReference311
reactome:SmallMoleculeReference466,abstraction:ConsumptionControlledBy,reactome:ProteinReference5819
reactome:SmallMoleculeReference860,abstraction:ConsumptionControlledBy,reactome:ProteinReference1071
reactome:SmallMoleculeReference205,abstraction:ConsumptionControlledBy,reactome:ProteinReference2085
reactome:SmallMoleculeReference1983,abstraction:ConsumptionControlledBy,reactome:ProteinReference5181
reactome:SmallMoleculeReference1329,abstraction:ConsumptionControlledBy,reactome:ProteinReference2265
reactome:SmallMoleculeReference1462,abstraction:ConsumptionControlledBy,reactome:ProteinReference2430
reactome:SmallMoleculeReference1160,abstraction:ConsumptionControlledBy,reactome:ProteinReference1958
reactome:SmallMoleculeReference1585,abstraction:ConsumptionControlledBy,reactome:ProteinReference2681
reactome:SmallMoleculeReference936,abstraction:ConsumptionControlledBy,reactome:ProteinReference1683
reactome:SmallMoleculeReference1923,abstraction:ConsumptionControlledBy,reactome:ProteinReference4336
reactome:SmallMoleculeReference221,abstraction:ConsumptionControlledBy,reactome:ProteinReference328
reactome:SmallMoleculeReference1530,abstraction:ConsumptionControlledBy,reactome:ProteinReference2596
reactome:SmallMoleculeReference1587,abstraction:ConsumptionControlledBy,reactome:ProteinReference2627
reactome:SmallMoleculeReference747,abstraction:ConsumptionControlledBy,reactome:ProteinReference3969
reactome:SmallMoleculeReference302,abstraction:ConsumptionControlledBy,reactome:ProteinReference2651
reactome:SmallMoleculeReference1355,abstraction:ConsumptionControlledBy,reactome:ProteinReference2286
reactome:SmallMoleculeReference467,abstraction:ConsumptionControlledBy,reactome:ProteinReference1018
reactome:SmallMoleculeReference1161,abstraction:ConsumptionControlledBy,reactome:ProteinReference1980
reactome:SmallMoleculeReference309,abstraction:ConsumptionControlledBy,reactome:ProteinReference1338
reactome:SmallMoleculeReference1,abstraction:ConsumptionControlledBy,reactome:ProteinReference1
reactome:SmallMoleculeReference511,abstraction:ConsumptionControlledBy,reactome:ProteinReference1188
reactome:SmallMoleculeReference1226,abstraction:ConsumptionControlledBy,reactome:ProteinReference2159
reactome:SmallMoleculeReference2565,abstraction:ConsumptionControlledBy,reactome:ProteinReference8488
reactome:SmallMoleculeReference10,abstraction:ConsumptionControlledBy,reactome:ProteinReference1622
reactome:SmallMoleculeReference43,abstraction:ConsumptionControlledBy,reactome:ProteinReference11493
reactome:SmallMoleculeReference1213,abstraction:ConsumptionControlledBy,reactome:ProteinReference2134
reactome:SmallMoleculeReference466,abstraction:ConsumptionControlledBy,reactome:ProteinReference1502
reactome:SmallMoleculeReference834,abstraction:ConsumptionControlledBy,reactome:ProteinReference24
reactome:SmallMoleculeReference233,abstraction:ConsumptionControlledBy,reactome:ProteinReference598
reactome:SmallMoleculeReference261,abstraction:ConsumptionControlledBy,reactome:ProteinReference1417
reactome:SmallMoleculeReference96,abstraction:ConsumptionControlledBy,reactome:ProteinReference3248
reactome:SmallMoleculeReference6,abstraction:ConsumptionControlledBy,reactome:ProteinReference11631
reactome:SmallMoleculeReference714,abstraction:ConsumptionControlledBy,reactome:ProteinReference1305
reactome:SmallMoleculeReference207,abstraction:ConsumptionControlledBy,reactome:ProteinReference882
reactome:SmallMoleculeReference714,abstraction:ConsumptionControlledBy,reactome:ProteinReference1303
reactome:SmallMoleculeReference2554,abstraction:ConsumptionControlledBy,reactome:ProteinReference8447
reactome:SmallMoleculeReference96,abstraction:ConsumptionControlledBy,reactome:ProteinReference4697
reactome:SmallMoleculeReference1560,abstraction:ConsumptionControlledBy,reactome:ProteinReference1255
reactome:SmallMoleculeReference1306,abstraction:ConsumptionControlledBy,reactome:ProteinReference2218
reactome:SmallMoleculeReference203,abstraction:ConsumptionControlledBy,reactome:ProteinReference9030
reactome:SmallMoleculeReference204,abstraction:ConsumptionControlledBy,reactome:ProteinReference4080
reactome:SmallMoleculeReference16,abstraction:ConsumptionControlledBy,reactome:ProteinReference6886
reactome:SmallMoleculeReference96,abstraction:ConsumptionControlledBy,reactome:ProteinReference3295
reactome:SmallMoleculeReference316,abstraction:ConsumptionControlledBy,reactome:ProteinReference994
reactome:SmallMoleculeReference342,abstraction:ConsumptionControlledBy,reactome:ProteinReference6434
reactome:SmallMoleculeReference653,abstraction:ConsumptionControlledBy,reactome:ProteinReference1394
reactome:SmallMoleculeReference2101,abstraction:ConsumptionControlledBy,reactome:ProteinReference66
reactome:SmallMoleculeReference1923,abstraction:ConsumptionControlledBy,reactome:ProteinReference4338
reactome:SmallMoleculeReference1303,abstraction:ConsumptionControlledBy,reactome:ProteinReference2421
reactome:SmallMoleculeReference261,abstraction:ConsumptionControlledBy,reactome:ProteinReference1456
